ts,mber,aer,moer,cmer
2013-01-01 00:00:00,2.259359646429736e-09,4.500402876626065e-08,0.010231111702801157,0.005115556981080402
2013-01-01 01:00:00,4.7390562512701756e-09,4.660778928452204e-08,0.011035917739531737,0.005517961239293994
2013-01-01 02:00:00,5.362758478062471e-09,4.866167950130615e-08,0.01005990511004509,0.0050299552364017844
2013-01-01 03:00:00,5.141940622792775e-09,4.798785323534935e-08,0.010656059957683593,0.005328032549812108
2013-01-01 04:00:00,5.452850239002482e-09,4.999123338787312e-08,0.019993486726509517,0.009996746089679877
2013-01-01 05:00:00,5.848837288652686e-09,5.2104302958837086e-08,-0.029412885342679856,-0.014706439746921283
2013-01-01 06:00:00,5.92409835474815e-09,5.468931476139478e-08,-0.08217301935471566,-0.041086506715308654
2013-01-01 07:00:00,5.626853304364117e-09,5.548204268265767e-08,-0.08172635735196189,-0.04086317586255429
2013-01-01 08:00:00,1.2630097354520732e-09,4.109481659076022e-08,-0.09571778128998573,-0.047858890013488
2013-01-01 09:00:00,9.133149620069317e-10,3.585921420004966e-08,-0.12234868996085276,-0.061174344523768895
2013-01-01 10:00:00,7.645117830047267e-10,3.4491664908032145e-08,-0.12536711710256082,-0.06268355816902452
2013-01-01 11:00:00,7.44081226716359e-10,3.416103954646412e-08,-0.1239706770857447,-0.06198533817083174
2013-01-01 12:00:00,8.379596702663891e-10,3.702236166180543e-08,-0.1279626721075136,-0.06398133563477697
2013-01-01 13:00:00,1.0392330416089445e-09,5.6631445752657826e-08,-0.11555577670785329,-0.05777788783431012
2013-01-01 14:00:00,1.9695106564507576e-09,1.700363208061591e-07,-0.08473449102686936,-0.042367244528679356
2013-01-01 15:00:00,3.4374719351900693e-09,0.17151198763096387,-0.07271662607972276,-0.036358311321125415
2013-01-01 16:00:00,4.130777453796695e-09,0.1762282014419952,-0.0956090114830783,-0.04780450367615042
2013-01-01 17:00:00,4.134229684307134e-09,0.17721554970375145,-0.0996078117977069,-0.04980390383173861
2013-01-01 18:00:00,4.135727014285629e-09,0.17516649804988424,-0.09406391908314493,-0.04703195747370896
2013-01-01 19:00:00,4.134704761427184e-09,0.17140922061845465,-0.06965659980664929,-0.034828297835972265
2013-01-01 20:00:00,4.126360597000833e-09,0.16686224980584008,-0.044439786059091595,-0.022219890966365497
2013-01-01 21:00:00,4.123253783725654e-09,0.1641492153806027,-0.01900300073728811,-0.009501498307017164
2013-01-01 22:00:00,4.122384807773618e-09,0.1592493952639364,0.010320943556943725,0.0051604738396642666
2013-01-01 23:00:00,4.122275867421054e-09,0.16024081355442807,0.016745863826148264,0.008372933974212066
2013-01-02 00:00:00,4.122245452724246e-09,0.1591381858747393,0.010231111702801157,0.005115557912523305
2013-01-02 01:00:00,4.122241717120117e-09,0.15639451996201734,0.011035917739531737,0.005517960930886727
2013-01-02 02:00:00,4.122241717120117e-09,0.1563252025679522,0.01005990511004509,0.005029954616143403
2013-01-02 03:00:00,4.122241680302218e-09,0.1536001309396268,0.010656059957683593,0.005328032039962636
2013-01-02 04:00:00,4.122241442401961e-09,0.15453166552486355,0.019993486726509517,0.00999674542437548
2013-01-02 05:00:00,4.122240306711828e-09,0.15256666481733613,-0.029412885342679856,-0.014706440610219775
2013-01-02 06:00:00,4.122239913043823e-09,0.1520392589471407,-0.08217301935471566,-0.041086507616237875
2013-01-02 07:00:00,4.80939045854034e-09,0.1546694598419516,-0.08172635735196189,-0.04086317627128572
2013-01-02 08:00:00,1.6938215952610473e-09,0.10156175974148825,-0.09571778128998573,-0.04785888979808207
2013-01-02 09:00:00,8.792517184241102e-10,0.03502706996689232,-0.12234868996085276,-0.06117434454080052
2013-01-02 10:00:00,8.24604783266924e-10,1.2313472500022758e-06,-0.12536711710256082,-0.06268355813897802
2013-01-02 11:00:00,8.314352099835719e-10,0.00016955106731616194,-0.1239706770857447,-0.061985338127154746
2013-01-02 12:00:00,9.918480961122104e-10,0.05143169772305823,-0.1279626721075136,-0.06398133555783275
2013-01-02 13:00:00,1.2880324347113755e-09,0.09703509076145339,-0.11555577670785329,-0.05777788770991043
2013-01-02 14:00:00,2.7956436580768496e-09,0.13108405640250764,-0.08473449102686936,-0.04236724411561285
2013-01-02 15:00:00,4.809280291747101e-09,0.17412798626856665,-0.07271662607972276,-0.036358310635221235
2013-01-02 16:00:00,5.496319982239412e-09,0.17047177523143897,-0.0956090114830783,-0.047804502993379155
2013-01-02 17:00:00,4.8092802388804115e-09,0.16709673856746576,-0.0996078117977069,-0.049803903494213334
2013-01-02 18:00:00,4.809280152972044e-09,0.16365583783042387,-0.09406391908314493,-0.04703195713693239
2013-01-02 19:00:00,4.809280328092951e-09,0.1620676764243133,-0.06965659980664929,-0.034828297498684484
2013-01-02 20:00:00,4.809280879889101e-09,0.16120054034332254,-0.044439786059091595,-0.022219890624905356
2013-01-02 21:00:00,4.122241297962533e-09,0.15808176346894154,-0.01900300073728811,-0.009501498307523407
2013-01-02 22:00:00,3.4352011595194487e-09,0.1490003947426111,0.010320943556943725,0.005160473496072442
2013-01-02 23:00:00,3.4352014616150145e-09,0.14518017366596497,0.016745863826148264,0.008372933630674862
2013-01-03 00:00:00,3.435201301126738e-09,0.1385477946111965,0.010231111702801157,0.005115557569001229
2013-01-03 01:00:00,3.4352011831206627e-09,0.12976556840088088,0.011035917739531737,0.00551796058736646
2013-01-03 02:00:00,3.435201079275323e-09,0.12436978881245477,0.01005990511004509,0.005029954272623084
2013-01-03 03:00:00,3.435200965989505e-09,0.11018891713838654,0.010656059957683593,0.005328031696442279
2013-01-03 04:00:00,3.435200888105509e-09,0.11656632164416937,0.019993486726509517,0.009996745080855202
2013-01-03 05:00:00,3.4352008550638146e-09,0.1185940259873072,-0.029412885342679856,-0.0147064409537395
2013-01-03 06:00:00,3.435200246152709e-09,0.11710065028316362,-0.08217301935471566,-0.041086507959757705
2013-01-03 07:00:00,3.4351997174858775e-09,0.11565311142526659,-0.08172635735196189,-0.040863176958381084
2013-01-03 08:00:00,2.1121939215986266e-09,0.09791167199499981,-0.09571778128998573,-0.047858889588895906
2013-01-03 09:00:00,1.9350025604282834e-09,0.09468157521960889,-0.12234868996085276,-0.0611743440129251
2013-01-03 10:00:00,2.1148222381134475e-09,0.10456450402752998,-0.12536711710256082,-0.0626835574938693
2013-01-03 11:00:00,1.9868911565653845e-09,0.09973596353198655,-0.1239706770857447,-0.061985337549426776
2013-01-03 12:00:00,2.0029066927005764e-09,0.09986007778646808,-0.1279626721075136,-0.06398133505230345
2013-01-03 13:00:00,2.110044587339515e-09,0.10174921958329926,-0.11555577670785329,-0.05777788729890435
2013-01-03 14:00:00,3.132717406909708e-09,0.1110270936520847,-0.08473449102686936,-0.04236724394707598
2013-01-03 15:00:00,4.809278950255213e-09,0.12118089492113218,-0.07271662607972276,-0.03635831063522191
2013-01-03 16:00:00,4.809279036163539e-09,0.12122240186214335,-0.0956090114830783,-0.04780450333689963
2013-01-03 17:00:00,4.8092791154635335e-09,0.12233491702826677,-0.0996078117977069,-0.049803903494213896
2013-01-03 18:00:00,4.809279204676031e-09,0.12466554348478308,-0.09406391908314493,-0.04703195713693286
2013-01-03 19:00:00,4.879953353167261e-09,0.1272797218680017,-0.06965659980664929,-0.034828297463347965
2013-01-03 20:00:00,5.423208160363918e-09,0.13227118966132173,-0.044439786059091595,-0.022219890317941717
2013-01-03 21:00:00,1.3605857048869148e-08,0.1351285115757561,-0.01900300073728811,-0.009501493565715531
2013-01-03 22:00:00,4.536339901071696e-09,0.13936555165507028,0.010320943556943725,0.005160474046641813
2013-01-03 23:00:00,4.191861697113368e-09,0.135043203127823,0.016745863826148264,0.008372934009004981
2013-01-04 00:00:00,3.4352012893261303e-09,0.1331611206222205,0.010231111702801157,0.0051155575690012235
2013-01-04 01:00:00,3.4352012751654013e-09,0.1329278010427652,0.011035917739531737,0.005517960587366506
2013-01-04 02:00:00,3.435201348329171e-09,0.1366547714892849,0.01005990511004509,0.00502995427262322
2013-01-04 03:00:00,3.4352014049720916e-09,0.1391122323343198,0.010656059957683593,0.005328031696442499
2013-01-04 04:00:00,3.435201454534649e-09,0.1412543214020771,0.019993486726509517,0.009996745080855485
2013-01-04 05:00:00,4.122241125201662e-09,0.14280427974393858,-0.029412885342679856,-0.014706440610219366
2013-01-04 06:00:00,4.1222403831797225e-09,0.14346715239674349,-0.08217301935471566,-0.04108650761623764
2013-01-04 07:00:00,4.809279393013537e-09,0.14353992705236587,-0.08172635735196189,-0.04086317627134125
2013-01-04 08:00:00,2.8008317245324786e-09,0.12432807418543015,-0.09571778128998573,-0.047858889244577006
2013-01-04 09:00:00,2.396802948647973e-09,0.1156492487251572,-0.12234868996085276,-0.0611743437820249
2013-01-04 10:00:00,2.4392742800118407e-09,0.12445982027146867,-0.12536711710256082,-0.06268355733164327
2013-01-04 11:00:00,2.42323677804228e-09,0.116425305035262,-0.1239706770857447,-0.06198533733125396
2013-01-04 12:00:00,2.477064214274893e-09,0.11086511990315631,-0.1279626721075136,-0.0639813348152247
2013-01-04 13:00:00,2.7092693651091e-09,0.10974451597400699,-0.11555577670785329,-0.05777788699929196
2013-01-04 14:00:00,3.748474503412459e-09,0.11397878627542231,-0.08473449102686936,-0.04236724363919743
2013-01-04 15:00:00,4.809279138592699e-09,0.12053789676458687,-0.07271662607972276,-0.03635831063522181
2013-01-04 16:00:00,4.809279105551034e-09,0.11820307380690569,-0.0956090114830783,-0.0478045033368996
2013-01-04 17:00:00,4.809279122071867e-09,0.11733045089857826,-0.0996078117977069,-0.04980390349421389
2013-01-04 18:00:00,4.809279082421869e-09,0.1169766920397531,-0.09406391908314493,-0.04703195713693292
2013-01-04 19:00:00,4.809279584655225e-09,0.11783131721043492,-0.06965659980664929,-0.03482829749868485
2013-01-04 20:00:00,4.809280466868019e-09,0.11899446474343245,-0.044439786059091595,-0.022219890624905564
2013-01-04 21:00:00,4.129337595317181e-09,0.12062975683185762,-0.01900300073728811,-0.009501498303975259
2013-01-04 22:00:00,4.868627650100444e-09,0.13156073053909273,0.010320943556943725,0.0051604742127856875
2013-01-04 23:00:00,4.1883873789309896e-09,0.12925951191662685,0.016745863826148264,0.008372934007267822
2013-01-05 00:00:00,4.176499047432102e-09,0.12946037051156695,0.010231111702801157,0.005115557939650102
2013-01-05 01:00:00,4.171540964541658e-09,0.1319620853151039,0.011035917739531737,0.005517960955536351
2013-01-05 02:00:00,4.199832642968927e-09,0.1381179169979203,0.01005990511004509,0.005029954654938867
2013-01-05 03:00:00,4.276924692240768e-09,0.14613586272829204,0.010656059957683593,0.005328032117304143
2013-01-05 04:00:00,4.503953416048202e-09,0.15726315204777475,0.019993486726509517,0.009996745615231466
2013-01-05 05:00:00,5.627195560882276e-09,0.16942745386374866,-0.029412885342679856,-0.014706439857742148
2013-01-05 06:00:00,8.550420936367655e-09,0.18753543374370327,-0.08217301935471566,-0.04108650540214736
2013-01-05 07:00:00,3.763420268011423e-05,0.2283900568686272,-0.08172635735196189,-0.040844361574640886
2013-01-05 08:00:00,5.027855099712358e-09,0.17369755035786136,-0.09571778128998573,-0.047858888131065314
2013-01-05 09:00:00,4.424170317740412e-09,0.16907386188670784,-0.12234868996085276,-0.06117434276834122
2013-01-05 10:00:00,5.311248908578922e-09,0.19177341526221645,-0.12536711710256082,-0.06268355589565595
2013-01-05 11:00:00,4.706972637319581e-09,0.18728319744939892,-0.1239706770857447,-0.06198533618938604
2013-01-05 12:00:00,4.871255173568316e-09,0.19091922677768178,-0.1279626721075136,-0.06398133361812922
2013-01-05 13:00:00,6.24115680956552e-09,0.21543235169332045,-0.11555577670785329,-0.05777788523334824
2013-01-05 14:00:00,9.97180909737318e-09,0.294501573048923,-0.08473449102686936,-0.04236724052753013
2013-01-05 15:00:00,0.11862178775265905,0.3566244580123999,-0.07271662607972276,0.022952580836468145
2013-01-05 16:00:00,0.12311895067733007,0.3632440782293932,-0.0956090114830783,0.01375496959712589
2013-01-05 17:00:00,0.13330905210746485,0.37313430743229375,-0.0996078117977069,0.016850620154878974
2013-01-05 18:00:00,0.14098093163957448,0.381811979903636,-0.09406391908314493,0.023458506278214775
2013-01-05 19:00:00,0.12452893533228099,0.3744635426449813,-0.06965659980664929,0.02743616776281585
2013-01-05 20:00:00,0.09237378353877254,0.3537261205906594,-0.044439786059091595,0.023966998739840473
2013-01-05 21:00:00,8.331897947899642e-09,0.32958545883953766,-0.01900300073728811,-0.009501496202695081
2013-01-05 22:00:00,9.19196457453621e-09,0.32312866959804865,0.010320943556943725,0.00516047637445415
2013-01-05 23:00:00,8.604718786097214e-09,0.2995666952920441,0.016745863826148264,0.008372936215433524
2013-01-06 00:00:00,8.02520859978215e-09,0.28015005811992766,0.010231111702801157,0.0051155598640048785
2013-01-06 01:00:00,6.75288805152677e-09,0.2511851735158749,0.011035917739531737,0.005517962246209894
2013-01-06 02:00:00,6.232530178955076e-09,0.23531254268313104,0.01005990511004509,0.005029955671287635
2013-01-06 03:00:00,6.2291188817835735e-09,0.22361002859911722,0.010656059957683593,0.0053280330934012375
2013-01-06 04:00:00,5.532270153641793e-09,0.2163210841507349,0.019993486726509517,0.009996746129389835
2013-01-06 05:00:00,5.513457314843105e-09,0.20823408512688096,-0.029412885342679856,-0.01470643991461127
2013-01-06 06:00:00,4.824241683238902e-09,0.20322732517265346,-0.08217301935471566,-0.041086507265236986
2013-01-06 07:00:00,5.513858467428816e-09,0.19535813847606578,-0.08172635735196189,-0.04086317591905171
2013-01-06 08:00:00,3.140417522322957e-09,0.151240718996893,-0.09571778128998573,-0.047858889074784104
2013-01-06 09:00:00,2.7997104472262427e-09,0.13674914676148175,-0.12234868996085276,-0.06117434358057115
2013-01-06 10:00:00,2.906628932477679e-09,0.14236100665682033,-0.12536711710256082,-0.06268355709796594
2013-01-06 11:00:00,2.9164949896195145e-09,0.13485908100460045,-0.1239706770857447,-0.06198533708462486
2013-01-06 12:00:00,3.086370652848534e-09,0.13156080297537734,-0.1279626721075136,-0.06398133451057147
2013-01-06 13:00:00,3.341851507540891e-09,0.13626844094285354,-0.11555577670785329,-0.05777788668300089
2013-01-06 14:00:00,4.701883334785413e-09,0.14914313568180662,-0.08473449102686936,-0.04236724316249301
2013-01-06 15:00:00,7.020152581191113e-09,0.18136867216177455,-0.07271662607972276,-0.03635830952978509
2013-01-06 16:00:00,7.415357628984154e-09,0.2055941857626783,-0.0956090114830783,-0.04780450203386033
2013-01-06 17:00:00,7.990132591083398e-09,0.23066955063376357,-0.0996078117977069,-0.049803901903787154
2013-01-06 18:00:00,0.04589579668508353,0.2509881951143283,-0.09406391908314493,-0.024084061199030702
2013-01-06 19:00:00,0.09490918582462561,0.28134332716429233,-0.06965659980664929,0.012626293008988161
2013-01-06 20:00:00,0.0821367225851436,0.3136136978813477,-0.044439786059091595,0.018848468263026
2013-01-06 21:00:00,0.10827212788606848,0.3398638337752613,-0.01900300073728811,0.04463456357439018
2013-01-06 22:00:00,0.11231939375266681,0.36514720700298475,0.010320943556943725,0.06132016865480527
2013-01-06 23:00:00,0.19303191880281118,0.38699853996854233,0.016745863826148264,0.10488889131447972
2013-01-07 00:00:00,0.20302764085398523,0.3968510742328441,0.010231111702801157,0.1066293762783932
2013-01-07 01:00:00,0.22269294160789158,0.4150085244166089,0.011035917739531737,0.11686442967371166
2013-01-07 02:00:00,0.23518911941880155,0.42921348822066174,0.01005990511004509,0.12262451226442332
2013-01-07 03:00:00,0.24994247344445766,0.4295118730450229,0.010656059957683593,0.13029926670107062
2013-01-07 04:00:00,0.14503109385294316,0.42023054838856416,0.019993486726509517,0.08251229028972634
2013-01-07 05:00:00,0.16819232709411858,0.4131574291364167,-0.029412885342679856,0.06938972087571936
2013-01-07 06:00:00,0.16900341617565945,0.41749078398608863,-0.08217301935471566,0.043415198410471895
2013-01-07 07:00:00,0.17247017765564965,0.4229944367257027,-0.08172635735196189,0.04537191015184388
2013-01-07 08:00:00,7.375373477942056e-09,0.313157310761506,-0.09571778128998573,-0.047858886957306127
2013-01-07 09:00:00,4.301723894772384e-09,0.26520190318338893,-0.12234868996085276,-0.06117434282956443
2013-01-07 10:00:00,3.820808529104275e-09,0.2502809362105047,-0.12536711710256082,-0.06268355664087615
2013-01-07 11:00:00,3.1914465408642673e-09,0.22945161577112788,-0.1239706770857447,-0.06198533694714908
2013-01-07 12:00:00,2.9833126942623214e-09,0.22338719362987142,-0.1279626721075136,-0.06398133456210045
2013-01-07 13:00:00,3.3896310832641315e-09,0.23985150741075056,-0.11555577670785329,-0.0577778866591111
2013-01-07 14:00:00,5.217229179177918e-09,0.28475175088925825,-0.08473449102686936,-0.04236724290482009
2013-01-07 15:00:00,1.3001310623119981e-08,0.3623789218451742,-0.07271662607972276,-0.03635830653920607
2013-01-07 16:00:00,0.09006584604212697,0.3681653780927885,-0.0956090114830783,-0.00277158272047566
2013-01-07 17:00:00,0.08266841748869339,0.3536238213450171,-0.0996078117977069,-0.00846969715450676
2013-01-07 18:00:00,1.146700119543311e-08,0.3385106441025276,-0.09406391908314493,-0.04703195380807187
2013-01-07 19:00:00,7.712280315155363e-09,0.32329311775889163,-0.06965659980664929,-0.03482829604718449
2013-01-07 20:00:00,6.6332193851146104e-09,0.31272838300852357,-0.044439786059091595,-0.022219889712936106
2013-01-07 21:00:00,6.642681366278897e-09,0.3071883395749844,-0.01900300073728811,-0.009501497047303372
2013-01-07 22:00:00,6.7844491566347e-09,0.3061128034390898,0.010320943556943725,0.005160475170696441
2013-01-07 23:00:00,6.510689452497895e-09,0.2941032478632312,0.016745863826148264,0.008372935168418858
2013-01-08 00:00:00,6.3869891048036035e-09,0.2817893994977944,0.010231111702801157,0.005115559044895131
2013-01-08 01:00:00,6.440657478746265e-09,0.28203081608985475,0.011035917739531737,0.005517962090094608
2013-01-08 02:00:00,6.582375222116494e-09,0.27766920004492157,0.01005990511004509,0.005029955846210156
2013-01-08 03:00:00,7.0182648447653525e-09,0.2769421408311051,0.010656059957683593,0.005328033487974219
2013-01-08 04:00:00,7.704348845457913e-09,0.2863230024389541,0.019993486726509517,0.009996747215429182
2013-01-08 05:00:00,8.242459930222064e-09,0.29901940468027544,-0.029412885342679856,-0.014706438550109963
2013-01-08 06:00:00,0.07719906120116693,0.30790296287169877,-0.08217301935471566,-0.002486979076774365
2013-01-08 07:00:00,0.08147513672854415,0.310295040015407,-0.08172635735196189,-0.0001256103117088722
2013-01-08 08:00:00,5.007450747318126e-09,0.24852210027265062,-0.09571778128998573,-0.04785888814126749
2013-01-08 09:00:00,3.810524875134752e-09,0.2076061768272354,-0.12234868996085276,-0.06117434307516394
2013-01-08 10:00:00,4.580216074533051e-09,0.2476520772592345,-0.12536711710256082,-0.06268355626117238
2013-01-08 11:00:00,4.846772233519776e-09,0.24848663677996013,-0.1239706770857447,-0.061985336119486235
2013-01-08 12:00:00,5.598405815874771e-09,0.25923809458728425,-0.1279626721075136,-0.0639813332545539
2013-01-08 13:00:00,6.1053658088739406e-09,0.26619584442133176,-0.11555577670785329,-0.05777788530124374
2013-01-08 14:00:00,0.07461943325554175,0.3005199358725276,-0.08473449102686936,-0.005057528885663805
2013-01-08 15:00:00,0.14287105652332246,0.3726825528054949,-0.07271662607972276,0.03507721522179985
2013-01-08 16:00:00,0.13961209388253767,0.3744820490765499,-0.0956090114830783,0.02200154119972969
2013-01-08 17:00:00,0.13028095631932687,0.3714800910464963,-0.0996078117977069,0.015336572260809984
2013-01-08 18:00:00,0.1448765523894501,0.3848478874350851,-0.09406391908314493,0.025406316653152586
2013-01-08 19:00:00,0.14630790195658264,0.3889196724465496,-0.06965659980664929,0.038325651074966674
2013-01-08 20:00:00,0.13243065541481994,0.38035997053662507,-0.044439786059091595,0.04399543467786417
2013-01-08 21:00:00,0.12721903463982234,0.3797804654587992,-0.01900300073728811,0.054108016951267116
2013-01-08 22:00:00,0.13611655022299957,0.3929840520422775,0.010320943556943725,0.07321874688997164
2013-01-08 23:00:00,0.13740925152093936,0.3933978964531576,0.016745863826148264,0.07707755767354381
2013-01-09 00:00:00,0.13772398778450265,0.3930072126421105,0.010231111702801157,0.07397754974365191
2013-01-09 01:00:00,0.13610217417991577,0.3927494263985079,0.011035917739531737,0.07356904595972376
2013-01-09 02:00:00,0.12706180056604444,0.3835442907579832,0.01005990511004509,0.06856085283804476
2013-01-09 03:00:00,0.12450727808284674,0.3778136828141859,0.010656059957683593,0.06758166902026516
2013-01-09 04:00:00,0.12129763605036312,0.37208842598896863,0.019993486726509517,0.07064556138843632
2013-01-09 05:00:00,0.11152537417632727,0.3585750234885415,-0.029412885342679856,0.041056244416823706
2013-01-09 06:00:00,0.10226580572922589,0.34480082972930487,-0.08217301935471566,0.010046393187255115
2013-01-09 07:00:00,0.09896833178770331,0.32980445785289425,-0.08172635735196189,0.008620987217870711
2013-01-09 08:00:00,6.528642038705607e-09,0.27390104452844216,-0.09571778128998573,-0.047858887380671844
2013-01-09 09:00:00,4.041030524404949e-09,0.2167809140322519,-0.12234868996085276,-0.061174342959911115
2013-01-09 10:00:00,3.3329841020246853e-09,0.19082490497017945,-0.12536711710256082,-0.06268355688478836
2013-01-09 11:00:00,3.1706774386378877e-09,0.16615010994050672,-0.1239706770857447,-0.06198533695753363
2013-01-09 12:00:00,3.211453374129349e-09,0.16101331395380153,-0.1279626721075136,-0.06398133444803011
2013-01-09 13:00:00,3.5876256562996092e-09,0.1691523166521475,-0.11555577670785329,-0.05777788656011382
2013-01-09 14:00:00,4.894938893160116e-09,0.2124151840551518,-0.08473449102686936,-0.04236724306596523
2013-01-09 15:00:00,0.06803093073245924,0.2673214748865536,-0.07271662607972276,-0.0023428476736317635
2013-01-09 16:00:00,0.06908757608414104,0.26709667966264816,-0.0956090114830783,-0.013260717699468627
2013-01-09 17:00:00,0.06662460038042826,0.2627283100096935,-0.0996078117977069,-0.01649160570863932
2013-01-09 18:00:00,0.06099767908992123,0.25393239725768524,-0.09406391908314493,-0.01653311999661185
2013-01-09 19:00:00,6.797144783809732e-09,0.23241396794775496,-0.06965659980664929,-0.034828296504752256
2013-01-09 20:00:00,6.5647546950884885e-09,0.2021690784097936,-0.044439786059091595,-0.022219889747168448
2013-01-09 21:00:00,6.453496639572518e-09,0.1883510252416263,-0.01900300073728811,-0.009501497141895736
2013-01-09 22:00:00,6.295489092570952e-09,0.17997276766265316,0.010320943556943725,0.005160474926216408
2013-01-09 23:00:00,6.63364192062614e-09,0.18207357207163516,0.016745863826148264,0.008372935229895092
2013-01-10 00:00:00,5.805781344811131e-09,0.17807943783401314,0.010231111702801157,0.005115558754291251
2013-01-10 01:00:00,5.6943332910586035e-09,0.1741709599967683,0.011035917739531737,0.005517961716932514
2013-01-10 02:00:00,5.888300739731472e-09,0.17140565894125767,0.01005990511004509,0.005029955499172915
2013-01-10 03:00:00,7.1163606004627445e-09,0.17856874553017565,0.010656059957683593,0.005328033537022096
2013-01-10 04:00:00,3.00682758542262e-07,0.18254743948434657,0.019993486726509517,0.00999689370463403
2013-01-10 05:00:00,3.2952432150840245e-05,0.20938229773748926,-0.029412885342679856,-0.014689966455264509
2013-01-10 06:00:00,5.287040235398633e-05,0.22492663801823762,-0.08217301935471566,-0.04106007447618084
2013-01-10 07:00:00,0.004179567040771,0.22641535406818572,-0.08172635735196189,-0.03877339515559544
2013-01-10 08:00:00,4.408604980893636e-09,0.14134173735520425,-0.09571778128998573,-0.047858888440690375
2013-01-10 09:00:00,2.3468303229731126e-09,0.11366763305819776,-0.12234868996085276,-0.061174343807011214
2013-01-10 10:00:00,2.001213908339804e-09,0.10446243223703701,-0.12536711710256082,-0.06268355755067345
2013-01-10 11:00:00,1.8553983963109402e-09,0.09812054419073321,-0.1239706770857447,-0.06198533761517316
2013-01-10 12:00:00,1.943727206405659e-09,0.10216418793423918,-0.1279626721075136,-0.0639813350818932
2013-01-10 13:00:00,2.709572477700183e-09,0.11714411751550273,-0.11555577670785329,-0.0577778869991404
2013-01-10 14:00:00,4.342504329020853e-09,0.17473335447325988,-0.08473449102686936,-0.04236724334218252
2013-01-10 15:00:00,6.484534312174077e-09,0.2540680841598585,-0.07271662607972276,-0.036358309797594225
2013-01-10 16:00:00,6.484916468345792e-09,0.257296476305594,-0.0956090114830783,-0.047804502499080914
2013-01-10 17:00:00,6.360250036099896e-09,0.2593175012860169,-0.0996078117977069,-0.049803902718728435
2013-01-10 18:00:00,6.296930938829725e-09,0.2616917506449535,-0.09406391908314493,-0.047031956393107
2013-01-10 19:00:00,6.33502059122071e-09,0.25263381553672876,-0.06965659980664929,-0.03482829673581435
2013-01-10 20:00:00,6.5767307409384615e-09,0.2532621851551738,-0.044439786059091595,-0.022219889741180426
2013-01-10 21:00:00,6.977531451725015e-09,0.24381488423529757,-0.01900300073728811,-0.00950149687987833
2013-01-10 22:00:00,8.477880585016488e-09,0.26830697277541016,0.010320943556943725,0.005160476017412155
2013-01-10 23:00:00,9.42058598004278e-09,0.2740408308484311,0.016745863826148264,0.008372936623367123
2013-01-11 00:00:00,1.05510172758031e-08,0.2823778901451455,0.010231111702801157,0.005115561126909216
2013-01-11 01:00:00,1.2044982791232712e-08,0.2858245054956746,0.011035917739531737,0.005517964892257264
2013-01-11 02:00:00,4.261625190579152e-05,0.2846584556864478,0.01005990511004509,0.005051260680975441
2013-01-11 03:00:00,4.704281936571462e-05,0.28883985005232576,0.010656059957683593,0.005351551388524654
2013-01-11 04:00:00,4.6005084208166906e-05,0.293129630563115,0.019993486726509517,0.010019745905358842
2013-01-11 05:00:00,0.0750119412896557,0.3124771069035232,-0.029412885342679856,0.022799527973487922
2013-01-11 06:00:00,0.10044036959385551,0.3245822468588635,-0.08217301935471566,0.009133675119569924
2013-01-11 07:00:00,0.10369505311359943,0.3324091122867783,-0.08172635735196189,0.01098434788081877
2013-01-11 08:00:00,3.7024259964923145e-09,0.190294448051828,-0.09571778128998573,-0.04785888879377987
2013-01-11 09:00:00,1.8499871478849108e-09,0.10398046925999592,-0.12234868996085276,-0.0611743440554328
2013-01-11 10:00:00,1.8493539273617084e-09,0.10676777162640189,-0.12536711710256082,-0.06268355762660345
2013-01-11 11:00:00,1.9170077998820377e-09,0.11069687061364727,-0.1239706770857447,-0.06198533758436845
2013-01-11 12:00:00,2.5464132565676576e-09,0.12694920591899672,-0.1279626721075136,-0.06398133478055018
2013-01-11 13:00:00,3.2252188733778027e-09,0.17223615432914552,-0.11555577670785329,-0.05777788674131721
2013-01-11 14:00:00,5.816781563980215e-09,0.26240982623418324,-0.08473449102686936,-0.042367242605043896
2013-01-11 15:00:00,0.14575279581873923,0.38008901336087647,-0.07271662607972276,0.036518084869508236
2013-01-11 16:00:00,0.14386279608629882,0.3790291676249286,-0.0956090114830783,0.02412689230161026
2013-01-11 17:00:00,0.14393933639697862,0.38218553538819844,-0.0996078117977069,0.022165762299635856
2013-01-11 18:00:00,0.142393341453327,0.383498050284529,-0.09406391908314493,0.02416471118509103
2013-01-11 19:00:00,0.14697831519870877,0.39112462966513134,-0.06965659980664929,0.03866085769602974
2013-01-11 20:00:00,0.15224845917369392,0.3974000774231921,-0.044439786059091595,0.05390433655730116
2013-01-11 21:00:00,0.16007090243644959,0.40420095499190123,-0.01900300073728811,0.07053395084958074
2013-01-11 22:00:00,0.14041937879382457,0.3870303653964606,0.010320943556943725,0.07537016117538414
2013-01-11 23:00:00,0.12120757280015351,0.4002042900791896,0.016745863826148264,0.06897671831315089
2013-01-12 00:00:00,0.12462446774165872,0.4133540551036773,0.010231111702801157,0.06742778972222994
2013-01-12 01:00:00,0.10866998867684409,0.4234996368268557,0.011035917739531737,0.05985295320818791
2013-01-12 02:00:00,0.05002988632199534,0.4227151375771431,0.01005990511004509,0.030044895716020217
2013-01-12 03:00:00,0.00016902604127103075,0.4215405382153976,0.010656059957683593,0.005412542999477312
2013-01-12 04:00:00,0.032324569260471094,0.4109864932484479,0.019993486726509517,0.026159027993490305
2013-01-12 05:00:00,0.11751338994154804,0.40492570488459223,-0.029412885342679856,0.044050252299434094
2013-01-12 06:00:00,0.14181585427833354,0.39623677140381636,-0.08217301935471566,0.02982141746180894
2013-01-12 07:00:00,0.13772457200833316,0.4007484573606722,-0.08172635735196189,0.027999107328185634
2013-01-12 08:00:00,3.7110231287178555e-09,0.18141460316569472,-0.09571778128998573,-0.0478588887894813
2013-01-12 09:00:00,1.0731827639707148e-09,0.09167861725593157,-0.12234868996085276,-0.061174344443834995
2013-01-12 10:00:00,9.672962071078064e-10,0.08349930712564532,-0.12536711710256082,-0.0626835580676323
2013-01-12 11:00:00,9.614302231384544e-10,0.08312286295313884,-0.1239706770857447,-0.06198533806215724
2013-01-12 12:00:00,1.0825112487167296e-09,0.09231967220978655,-0.1279626721075136,-0.06398133551250118
2013-01-12 13:00:00,1.6150447330718006e-09,0.11413886395520383,-0.11555577670785329,-0.057777887546404276
2013-01-12 14:00:00,3.5592077308469128e-09,0.19553056041892977,-0.08473449102686936,-0.042367243733830814
2013-01-12 15:00:00,0.11725614995681502,0.3804915104197918,-0.07271662607972276,0.02226976193854613
2013-01-12 16:00:00,0.14673305190077188,0.3991587656810069,-0.0956090114830783,0.025562020208846792
2013-01-12 17:00:00,0.12916069413102305,0.38310022905414337,-0.0996078117977069,0.01477644116665807
2013-01-12 18:00:00,0.11963716591252385,0.374295624527598,-0.09406391908314493,0.01278662341468946
2013-01-12 19:00:00,0.11730543498097212,0.3731420311073412,-0.06965659980664929,0.023824417587161417
2013-01-12 20:00:00,0.11868952898598013,0.3760705482287502,-0.044439786059091595,0.03712487146344427
2013-01-12 21:00:00,0.12079855544955811,0.3794031960262875,-0.01900300073728811,0.050897777356135
2013-01-12 22:00:00,0.11129907295776403,0.36534550272788796,0.010320943556943725,0.06081000825735388
2013-01-12 23:00:00,0.11159546104421106,0.36987993200642616,0.016745863826148264,0.06417066243517966
2013-01-13 00:00:00,0.11059618363034288,0.37064051054670605,0.010231111702801157,0.060413647666572014
2013-01-13 01:00:00,0.11230190419663265,0.3825887582648585,0.011035917739531737,0.06166891096808219
2013-01-13 02:00:00,0.0008090527395849534,0.39241021761864586,0.01005990511004509,0.005434478924815022
2013-01-13 03:00:00,0.0002289406171464177,0.39209039497936266,0.010656059957683593,0.005442500287415005
2013-01-13 04:00:00,0.0002264766181256346,0.39601444431567534,0.019993486726509517,0.010109981672317575
2013-01-13 05:00:00,0.00017824968201996503,0.38970906265206146,-0.029412885342679856,-0.014617317830329945
2013-01-13 06:00:00,0.0968310878635897,0.3773174444602318,-0.08217301935471566,0.007329034254437018
2013-01-13 07:00:00,0.033635931907147164,0.37370086726972546,-0.08172635735196189,-0.024045212722407363
2013-01-13 08:00:00,3.6009946163189957e-09,0.17705964434775887,-0.09571778128998573,-0.04785888884449556
2013-01-13 09:00:00,1.624823702972374e-09,0.11506708090246846,-0.12234868996085276,-0.061174344168014524
2013-01-13 10:00:00,1.4651448114020441e-09,0.1052013872216694,-0.12536711710256082,-0.062683557818708
2013-01-13 11:00:00,1.4131041237747169e-09,0.10220719109949232,-0.1239706770857447,-0.06198533783632029
2013-01-13 12:00:00,1.5888714957421285e-09,0.11319720114298132,-0.1279626721075136,-0.06398133525932105
2013-01-13 13:00:00,2.0361604017888536e-09,0.13921125732250358,-0.11555577670785329,-0.05777788733584644
2013-01-13 14:00:00,4.5256001683873244e-09,0.2343306390833098,-0.08473449102686936,-0.042367243250634595
2013-01-13 15:00:00,0.11483474299812564,0.3741237497602979,-0.07271662607972276,0.02105905845920144
2013-01-13 16:00:00,0.10943100270003106,0.36007739625773894,-0.0956090114830783,0.0069109956084763835
2013-01-13 17:00:00,0.102214286131696,0.3484796773883865,-0.0996078117977069,0.0013032371669945489
2013-01-13 18:00:00,0.09482742837225094,0.33794862059309994,-0.09406391908314493,0.00038175464455300623
2013-01-13 19:00:00,0.09282571208957224,0.33612908439829253,-0.06965659980664929,0.011584556141461477
2013-01-13 20:00:00,0.09345823890232956,0.33839581503164673,-0.044439786059091595,0.02450922642161898
2013-01-13 21:00:00,0.09307895081098175,0.3396170612989677,-0.01900300073728811,0.03703797503684682
2013-01-13 22:00:00,0.09295875750746017,0.3438060132569769,0.010320943556943725,0.05163985053220195
2013-01-13 23:00:00,0.09741098862747061,0.3539975625166406,0.016745863826148264,0.057078426226809434
2013-01-14 00:00:00,0.00022429161306613334,0.37530428005309946,0.010231111702801157,0.0052277016579336455
2013-01-14 01:00:00,0.00038496726197032825,0.3903957130057133,0.011035917739531737,0.005710442500751033
2013-01-14 02:00:00,0.014258133923810064,0.3947526486691698,0.01005990511004509,0.012159019516927577
2013-01-14 03:00:00,0.09978333168632547,0.39445648807658923,0.010656059957683593,0.05521969582200453
2013-01-14 04:00:00,0.13626964337651734,0.3783350060157231,0.019993486726509517,0.07813156505151343
2013-01-14 05:00:00,0.1329664572721167,0.3738452556098512,-0.029412885342679856,0.05177678596471842
2013-01-14 06:00:00,0.12987081286252072,0.3795899230539728,-0.08217301935471566,0.023848896753902532
2013-01-14 07:00:00,0.13062595146602532,0.4282461649658607,-0.08172635735196189,0.024449797057031715
2013-01-14 08:00:00,5.5413581895077704e-09,0.2510676516848923,-0.09571778128998573,-0.04785888787431377
2013-01-14 09:00:00,3.3110329987739285e-09,0.20151636468216738,-0.12234868996085276,-0.061174343324909876
2013-01-14 10:00:00,3.1093077158603797e-09,0.19702035820648375,-0.12536711710256082,-0.06268355699662655
2013-01-14 11:00:00,3.0813712876270416e-09,0.20046707708272332,-0.1239706770857447,-0.06198533700218671
2013-01-14 12:00:00,3.4133957351024334e-09,0.2158491349603519,-0.1279626721075136,-0.06398133434705894
2013-01-14 13:00:00,4.152899154196057e-09,0.25110060007787,-0.11555577670785329,-0.05777788627747707
2013-01-14 14:00:00,7.176681684332398e-09,0.30485204065614263,-0.08473449102686936,-0.04236724192509384
2013-01-14 15:00:00,0.1384065223680019,0.48786649679978683,-0.07271662607972276,0.032844948144139574
2013-01-14 16:00:00,0.1492352347483498,0.514743746038409,-0.0956090114830783,0.02681311163263575
2013-01-14 17:00:00,0.15542373372747062,0.5159995371674432,-0.0996078117977069,0.027907960964881857
2013-01-14 18:00:00,0.2711102676053317,0.5188324780584618,-0.09406391908314493,0.08852317426109338
2013-01-14 19:00:00,0.1593546247177828,0.4194365931920799,-0.06965659980664929,0.04484901245556676
2013-01-14 20:00:00,0.162620814816122,0.4199468585268223,-0.044439786059091595,0.0590905143785152
2013-01-14 21:00:00,0.17764116994127105,0.42655856106458895,-0.01900300073728811,0.07931908460199147
2013-01-14 22:00:00,0.17083752274448996,0.41493081116614455,0.010320943556943725,0.09057923315071684
2013-01-14 23:00:00,0.1748627334074233,0.41576471424673467,0.016745863826148264,0.09580429861678579
2013-01-15 00:00:00,0.17380220984862482,0.41441764960340627,0.010231111702801157,0.092016660775713
2013-01-15 01:00:00,0.2748960897349433,0.4114214342670877,0.011035917739531737,0.1429660037372375
2013-01-15 02:00:00,0.2825098456512231,0.41406519804827746,0.01005990511004509,0.1462848753806341
2013-01-15 03:00:00,0.2765430407894439,0.4087924994449937,0.010656059957683593,0.14359955037356376
2013-01-15 04:00:00,0.2815212276304365,0.4113598766912614,0.019993486726509517,0.15075735717847302
2013-01-15 05:00:00,0.28265228960638134,0.41183820232776885,-0.029412885342679856,0.12661970213185075
2013-01-15 06:00:00,0.28209021145751334,0.41176194307831293,-0.08217301935471566,0.09995859605139884
2013-01-15 07:00:00,0.2824767264554845,0.46272789816019566,-0.08172635735196189,0.10037518455176131
2013-01-15 08:00:00,4.260820460434854e-09,0.24518858529915144,-0.09571778128998573,-0.047858888514582636
2013-01-15 09:00:00,2.377753746096603e-09,0.14878524852634387,-0.12234868996085276,-0.061174343791549506
2013-01-15 10:00:00,2.0547256567459402e-09,0.13483382000700825,-0.12536711710256082,-0.06268355752391758
2013-01-15 11:00:00,1.9908122572096892e-09,0.12867691639180392,-0.1239706770857447,-0.06198533754746623
2013-01-15 12:00:00,2.2251215721130676e-09,0.14595995390371416,-0.1279626721075136,-0.06398133494119602
2013-01-15 13:00:00,2.972146888040648e-09,0.2044993985902637,-0.11555577670785329,-0.0577778868678532
2013-01-15 14:00:00,6.646451633066339e-09,0.29253408550240095,-0.08473449102686936,-0.04236724219020886
2013-01-15 15:00:00,0.5732612272623439,0.6812322544924809,-0.07271662607972276,0.25027230059131056
2013-01-15 16:00:00,0.5449746141566755,0.6678671406347464,-0.0956090114830783,0.22468280133679858
2013-01-15 17:00:00,0.5204475830240369,0.6551462936133158,-0.0996078117977069,0.21041988561316502
2013-01-15 18:00:00,0.5145710740871329,0.6516367719860514,-0.09406391908314493,0.21025357750199397
2013-01-15 19:00:00,0.5158153497009365,0.6518513940030816,-0.06965659980664929,0.22307937494714358
2013-01-15 20:00:00,0.5158113129776876,0.6466998063023632,-0.044439786059091595,0.23568576345929798
2013-01-15 21:00:00,0.29061381291965355,0.5731784729778451,-0.01900300073728811,0.13580540609118272
2013-01-15 22:00:00,0.3343389210476523,0.4524079716226315,0.010320943556943725,0.172329932302298
2013-01-15 23:00:00,0.3335196229537599,0.4464430309611921,0.016745863826148264,0.1751327433899541
2013-01-16 00:00:00,0.3405319293248273,0.4500019441949119,0.010231111702801157,0.17538152051381423
2013-01-16 01:00:00,0.3515727419868418,0.4553962678939634,0.011035917739531737,0.18130432986318676
2013-01-16 02:00:00,0.35173925842602194,0.45571692917622597,0.01005990511004509,0.1808995817680335
2013-01-16 03:00:00,0.3466944898582542,0.4542536040466238,0.010656059957683593,0.1786752749079689
2013-01-16 04:00:00,0.3377109612177741,0.45024621402564124,0.019993486726509517,0.17885222397214182
2013-01-16 05:00:00,0.32871438071160386,0.5833128206011448,-0.029412885342679856,0.14965074768446202
2013-01-16 06:00:00,0.5533471681727773,0.6747047782568939,-0.08217301935471566,0.23558707440903082
2013-01-16 07:00:00,0.5425916946681097,0.6710425084638436,-0.08172635735196189,0.23043266865807394
2013-01-16 08:00:00,9.013992650648413e-09,0.4146495705845441,-0.09571778128998573,-0.04785888613799654
2013-01-16 09:00:00,4.931055444165204e-09,0.2584343584879067,-0.12234868996085276,-0.06117434251489866
2013-01-16 10:00:00,4.697658123173494e-09,0.2536715409865391,-0.12536711710256082,-0.06268355620245135
2013-01-16 11:00:00,4.624811782563353e-09,0.25018901703429963,-0.1239706770857447,-0.06198533623046646
2013-01-16 12:00:00,5.043943914661667e-09,0.2587932146347493,-0.1279626721075136,-0.06398133353178485
2013-01-16 13:00:00,6.151891638504696e-09,0.2796117206983453,-0.11555577670785329,-0.05777788527798083
2013-01-16 14:00:00,0.07025271889407546,0.46513820422795416,-0.08473449102686936,-0.007240886066396952
2013-01-16 15:00:00,0.5002576178302715,0.6524796788165249,-0.07271662607972276,0.21377049587527436
2013-01-16 16:00:00,0.48230032504948944,0.6416842008881342,-0.0956090114830783,0.1933456567832056
2013-01-16 17:00:00,0.45534047178552844,0.6268929473657632,-0.0996078117977069,0.17786632999391078
2013-01-16 18:00:00,0.43072143026121135,0.61243796376635,-0.09406391908314493,0.1683287555890332
2013-01-16 19:00:00,0.40867444812211157,0.5990415019323826,-0.06965659980664929,0.16950892415773114
2013-01-16 20:00:00,0.12488265793628384,0.5282573313959799,-0.044439786059091595,0.04022143593859612
2013-01-16 21:00:00,0.1230040324096078,0.38133564302308803,-0.01900300073728811,0.05200051583615985
2013-01-16 22:00:00,0.12671283540919018,0.3672621834988071,0.010320943556943725,0.06851688948306695
2013-01-16 23:00:00,0.11636706071614318,0.35404184974136477,0.016745863826148264,0.06655646227114573
2013-01-17 00:00:00,0.11690271121391448,0.3533969453479254,0.010231111702801157,0.06356691145835781
2013-01-17 01:00:00,0.12159355226161943,0.35602742231580004,0.011035917739531737,0.06631473500057558
2013-01-17 02:00:00,0.12362834789136296,0.3565854486356046,0.01005990511004509,0.06684412650070402
2013-01-17 03:00:00,0.13067938878486182,0.3618014500297291,0.010656059957683593,0.07066772437127271
2013-01-17 04:00:00,0.1328061302200522,0.3609912477926359,0.019993486726509517,0.07639980847328086
2013-01-17 05:00:00,0.13362154046218053,0.3607290825763607,-0.029412885342679856,0.052104327559750335
2013-01-17 06:00:00,0.13073482536769104,0.46704340967026736,-0.08217301935471566,0.024280903006487692
2013-01-17 07:00:00,0.2329926827147173,0.5103236278971606,-0.08172635735196189,0.07563316268137771
2013-01-17 08:00:00,7.405311545163064e-09,0.2643181035164438,-0.09571778128998573,-0.047858886942337094
2013-01-17 09:00:00,4.506674174892667e-09,0.2351228020861957,-0.12234868996085276,-0.06117434272708929
2013-01-17 10:00:00,3.992995384565847e-09,0.22510835976445198,-0.12536711710256082,-0.06268355655478272
2013-01-17 11:00:00,3.807308742276721e-09,0.22293921246719697,-0.1239706770857447,-0.06198533663921798
2013-01-17 12:00:00,4.290907286786286e-09,0.2346133358866875,-0.1279626721075136,-0.06398133390830316
2013-01-17 13:00:00,5.489803799298139e-09,0.2559139908761869,-0.11555577670785329,-0.05777788560902474
2013-01-17 14:00:00,0.07438054125873195,0.30025241055763924,-0.08473449102686936,-0.005176974884068708
2013-01-17 15:00:00,0.2365924203900143,0.5257256857675031,-0.07271662607972276,0.08193789715514577
2013-01-17 16:00:00,0.39390075108352063,0.5626418502267007,-0.0956090114830783,0.14914586980022115
2013-01-17 17:00:00,0.3390222238031617,0.5409406165147003,-0.0996078117977069,0.11970720600272741
2013-01-17 18:00:00,0.1088549798705029,0.4973709621857534,-0.09406391908314493,0.007395530393678983
2013-01-17 19:00:00,0.09944760512797485,0.4096716498762307,-0.06965659980664929,0.01489550266066278
2013-01-17 20:00:00,0.0940612827032829,0.32837004668941355,-0.044439786059091595,0.024810748322095653
2013-01-17 21:00:00,0.09752013428640252,0.32596377136155985,-0.01900300073728811,0.039258566774557205
2013-01-17 22:00:00,0.10684041252381124,0.35119249637410693,0.010320943556943725,0.05858067804037748
2013-01-17 23:00:00,0.10062666689572788,0.3390553478884234,0.016745863826148264,0.05868626536093807
2013-01-18 00:00:00,0.08456688025339425,0.3174264882035694,0.010231111702801157,0.0473989959780977
2013-01-18 01:00:00,8.936506674143625e-09,0.297815152533582,0.011035917739531737,0.005517963338019205
2013-01-18 02:00:00,7.854810194210759e-09,0.281643581769802,0.01005990511004509,0.0050299564824276425
2013-01-18 03:00:00,7.158335623337925e-09,0.2722748352388573,0.010656059957683593,0.005328033558009608
2013-01-18 04:00:00,6.536442027879865e-09,0.2622367679800486,0.019993486726509517,0.009996746631475772
2013-01-18 05:00:00,6.222779832462855e-09,0.2683910665872849,-0.029412885342679856,-0.014706439559950012
2013-01-18 06:00:00,6.870616846611936e-09,0.2770293312170775,-0.08217301935471566,-0.0410865062420494
2013-01-18 07:00:00,6.870561579002467e-09,0.279230515912371,-0.08172635735196189,-0.040863175240700156
2013-01-18 08:00:00,3.2899726790323607e-09,0.198178868455702,-0.09571778128998573,-0.047858889000006524
2013-01-18 09:00:00,2.9381532712223427e-09,0.18062020974622134,-0.12234868996085276,-0.06117434351134974
2013-01-18 10:00:00,2.9635340689061977e-09,0.18022980856911078,-0.12536711710256082,-0.06268355706951338
2013-01-18 11:00:00,2.9329468001441897e-09,0.17548174613811454,-0.1239706770857447,-0.06198533707639895
2013-01-18 12:00:00,3.1580204016763906e-09,0.18746443723905973,-0.1279626721075136,-0.0639813344747466
2013-01-18 13:00:00,3.3823499351958667e-09,0.19934404256364985,-0.11555577670785329,-0.057777886662751674
2013-01-18 14:00:00,3.911253717469022e-09,0.22702486330879595,-0.08473449102686936,-0.04236724355780782
2013-01-18 15:00:00,6.183393005824014e-09,0.27789795281481244,-0.07271662607972276,-0.03635830994816488
2013-01-18 16:00:00,6.870421308628177e-09,0.2743430698733927,-0.0956090114830783,-0.04780450230632849
2013-01-18 17:00:00,6.870413539074362e-09,0.26729514419616424,-0.0996078117977069,-0.04980390246364668
2013-01-18 18:00:00,6.18337899509096e-09,0.2590018876682102,-0.09406391908314493,-0.04703195644988297
2013-01-18 19:00:00,6.183410525702049e-09,0.23530225670033897,-0.06965659980664929,-0.034828296811619384
2013-01-18 20:00:00,6.1834362704168275e-09,0.22053217859664656,-0.044439786059091595,-0.022219889937827662
2013-01-18 21:00:00,6.183411315883174e-09,0.20558215380923037,-0.01900300073728811,-0.009501497276938399
2013-01-18 22:00:00,6.1835174483898294e-09,0.20261298990740842,0.010320943556943725,0.005160474870230586
2013-01-18 23:00:00,6.1836081282522985e-09,0.1956074400265793,0.016745863826148264,0.008372935004878197
2013-01-19 00:00:00,5.4966617677187704e-09,0.1924075496120495,0.010231111702801157,0.0051155585997314625
2013-01-19 01:00:00,4.80980471380005e-09,0.1904185869233913,0.011035917739531737,0.005517961274668226
2013-01-19 02:00:00,4.809840489487077e-09,0.18667963285749944,0.01005990511004509,0.00502995495994279
2013-01-19 03:00:00,4.809963317336984e-09,0.18498420927213524,0.010656059957683593,0.005328032383823455
2013-01-19 04:00:00,4.810235280200221e-09,0.18628077301574164,0.019993486726509517,0.009996745768372398
2013-01-19 05:00:00,4.811515347441721e-09,0.18868246748061024,-0.029412885342679856,-0.014706440265582255
2013-01-19 06:00:00,4.812513692804584e-09,0.1906426479170714,-0.08217301935471566,-0.04108650727110098
2013-01-19 07:00:00,5.497297691312396e-09,0.19279637814163228,-0.08172635735196189,-0.0408631759273321
2013-01-19 08:00:00,2.4481562322152045e-09,0.13237117284164965,-0.09571778128998573,-0.04785888942091475
2013-01-19 09:00:00,1.981203195993785e-09,0.11680890602303222,-0.12234868996085276,-0.06117434398982478
2013-01-19 10:00:00,1.9026672188141704e-09,0.11631938813353002,-0.12536711710256082,-0.0626835575999468
2013-01-19 11:00:00,1.893642648967088e-09,0.11740293082800274,-0.1239706770857447,-0.06198533759605103
2013-01-19 12:00:00,2.0385694349125103e-09,0.12482348599682302,-0.1279626721075136,-0.06398133503447209
2013-01-19 13:00:00,2.2280962854379674e-09,0.13318060040704519,-0.11555577670785329,-0.0577778872398785
2013-01-19 14:00:00,3.684962919458746e-09,0.15720707685230337,-0.08473449102686936,-0.04236724367095322
2013-01-19 15:00:00,5.424603631520793e-09,0.2178370128071426,-0.07271662607972276,-0.03635831032755957
2013-01-19 16:00:00,6.201271032354859e-09,0.23788680018519587,-0.0956090114830783,-0.04780450264090363
2013-01-19 17:00:00,6.196738251529246e-09,0.23120704127023517,-0.0996078117977069,-0.04980390280048433
2013-01-19 18:00:00,6.1927559018553235e-09,0.23101011735351995,-0.09406391908314493,-0.04703195644519451
2013-01-19 19:00:00,6.190916221475073e-09,0.22870455284035884,-0.06965659980664929,-0.03482829680786653
2013-01-19 20:00:00,6.196049665989241e-09,0.23429640918949027,-0.044439786059091595,-0.022219889931520964
2013-01-19 21:00:00,6.198445531239786e-09,0.2414009930199599,-0.01900300073728811,-0.00950149726942129
2013-01-19 22:00:00,6.204569850867105e-09,0.24529730023378318,0.010320943556943725,0.005160474880756788
2013-01-19 23:00:00,6.214872448999692e-09,0.2384444898333642,0.016745863826148264,0.008372935020510357
2013-01-20 00:00:00,6.219711318926994e-09,0.23062887859058295,0.010231111702801157,0.005115558961256238
2013-01-20 01:00:00,6.2185820737119736e-09,0.22810294895348915,0.011035917739531737,0.005517961979056905
2013-01-20 02:00:00,6.2168345819756945e-09,0.22535174794359128,0.01005990511004509,0.005029955663439836
2013-01-20 03:00:00,5.525498230393923e-09,0.22334775339778673,0.010656059957683593,0.005328032741590912
2013-01-20 04:00:00,5.520204263290324e-09,0.21708425007159407,0.019993486726509517,0.00999674612335689
2013-01-20 05:00:00,5.515968468777096e-09,0.21425087101950488,-0.029412885342679856,-0.014706439913355693
2013-01-20 06:00:00,5.513461198217366e-09,0.20643742915279548,-0.08217301935471566,-0.04108650692062723
2013-01-20 07:00:00,5.516716868893613e-09,0.2002619484572475,-0.08172635735196189,-0.04086317591762251
2013-01-20 08:00:00,2.63706060425511e-09,0.14005687145318577,-0.09571778128998573,-0.04785888932646257
2013-01-20 09:00:00,1.985151388077334e-09,0.11887986682317445,-0.12234868996085276,-0.06117434398785068
2013-01-20 10:00:00,1.6694963954821547e-09,0.10617430435225456,-0.12536711710256082,-0.06268355771653221
2013-01-20 11:00:00,1.5296313441594113e-09,0.09922610448272685,-0.1239706770857447,-0.06198533777805668
2013-01-20 12:00:00,1.6308360857870325e-09,0.10267184541472263,-0.1279626721075136,-0.06398133523833877
2013-01-20 13:00:00,1.89220330150594e-09,0.11347964829398209,-0.11555577670785329,-0.057777887407824996
2013-01-20 14:00:00,2.551623777917106e-09,0.1364134059048763,-0.08473449102686936,-0.042367244237622795
2013-01-20 15:00:00,5.496731742590573e-09,0.185030658610819,-0.07271662607972276,-0.03635831029149551
2013-01-20 16:00:00,5.496505539233656e-09,0.17269941033621905,-0.0956090114830783,-0.047804502993286375
2013-01-20 17:00:00,5.496321707959546e-09,0.16518056441961707,-0.0996078117977069,-0.0498039031506926
2013-01-20 18:00:00,5.4963210169161246e-09,0.1600303745539672,-0.09406391908314493,-0.047031956793411954
2013-01-20 19:00:00,5.496321609778503e-09,0.15779790178701572,-0.06965659980664929,-0.03482829715516384
2013-01-20 20:00:00,5.496321689078577e-09,0.1582393148956821,-0.044439786059091595,-0.022219890281384953
2013-01-20 21:00:00,5.496321239711526e-09,0.16035100093002194,-0.01900300073728811,-0.009501497620483437
2013-01-20 22:00:00,5.4963211377543056e-09,0.1732658816623215,0.010320943556943725,0.005160474526632431
2013-01-20 23:00:00,4.809282551799166e-09,0.16921806610351506,0.016745863826148264,0.008372934317715408
2013-01-21 00:00:00,4.809282498932426e-09,0.16712425054344668,0.010231111702801157,0.005115558256041828
2013-01-21 01:00:00,4.8092825055407686e-09,0.16766185934230296,0.011035917739531737,0.005517961274407121
2013-01-21 02:00:00,4.809282581536708e-09,0.17123661106381133,0.01005990511004509,0.005029954959663836
2013-01-21 03:00:00,4.80928263770762e-09,0.1726341093327322,0.010656059957683593,0.005328032383483115
2013-01-21 04:00:00,5.496322840817991e-09,0.17323255066487558,0.019993486726509517,0.00999674611141618
2013-01-21 05:00:00,6.183361012335909e-09,0.184827484124205,-0.029412885342679856,-0.014706439579659423
2013-01-21 06:00:00,6.183361415916554e-09,0.20828397637014837,-0.08217301935471566,-0.04108650658567712
2013-01-21 07:00:00,6.183361598589916e-09,0.20827320897887244,-0.08172635735196189,-0.040863175584300145
2013-01-21 08:00:00,4.079051922930409e-09,0.15777757996933145,-0.09571778128998573,-0.0478588886054669
2013-01-21 09:00:00,3.0942941384897187e-09,0.12220571210610091,-0.12234868996085276,-0.06117434343327931
2013-01-21 10:00:00,2.28516606262358e-09,0.11139408455170798,-0.12536711710256082,-0.06268355740869738
2013-01-21 11:00:00,2.2282562261941046e-09,0.11022529298034206,-0.1239706770857447,-0.061985337428744236
2013-01-21 12:00:00,2.274606843042606e-09,0.11202083256892208,-0.1279626721075136,-0.06398133491645339
2013-01-21 13:00:00,2.846521486033146e-09,0.12096384078807117,-0.11555577670785329,-0.0577778869306659
2013-01-21 14:00:00,3.5739728685312477e-09,0.13879640101284185,-0.08473449102686936,-0.04236724372644825
2013-01-21 15:00:00,5.4619141593505955e-09,0.20931644505313496,-0.07271662607972276,-0.0363583103089043
2013-01-21 16:00:00,6.183362720119631e-09,0.23556864092188934,-0.0956090114830783,-0.047804502649857784
2013-01-21 17:00:00,6.183362779594705e-09,0.2349399913209795,-0.0996078117977069,-0.04980390280717206
2013-01-21 18:00:00,6.183362851814436e-09,0.23325268604704164,-0.09406391908314493,-0.04703195644989104
2013-01-21 19:00:00,6.183362941027048e-09,0.22811055204340458,-0.06965659980664929,-0.03482829681164317
2013-01-21 20:00:00,6.183363008998564e-09,0.22272268616014046,-0.044439786059091595,-0.022219889937864293
2013-01-21 21:00:00,6.183363064225422e-09,0.22033294224502814,-0.01900300073728811,-0.009501497276962523
2013-01-21 22:00:00,6.183363280884643e-09,0.22399354290925724,0.010320943556943725,0.005160474870153503
2013-01-21 23:00:00,6.183363327615066e-09,0.21092887459129672,0.016745863826148264,0.008372935004755796
2013-01-22 00:00:00,6.183363395586589e-09,0.20782431499271434,0.010231111702801157,0.005115558943082276
2013-01-22 01:00:00,6.183363467806336e-09,0.20611833272972985,0.011035917739531737,0.005517961961447602
2013-01-22 02:00:00,6.183363527281422e-09,0.20896254378700066,0.01005990511004509,0.005029955646704309
2013-01-22 03:00:00,6.183363574011848e-09,0.2112100411850071,0.010656059957683593,0.005328033070523584
2013-01-22 04:00:00,6.183363612245833e-09,0.22216522063849886,0.019993486726509517,0.009996746454936565
2013-01-22 05:00:00,6.183363650479819e-09,0.2551090985250791,-0.029412885342679856,-0.014706439579658103
2013-01-22 06:00:00,6.1833637014584675e-09,0.2677863287616339,-0.08217301935471566,-0.04108650658567598
2013-01-22 07:00:00,6.183362609665929e-09,0.26840812849942447,-0.08172635735196189,-0.04086317558429964
2013-01-22 08:00:00,3.340810035258816e-09,0.18637761474432726,-0.09571778128998573,-0.04785888897458785
2013-01-22 09:00:00,3.172218673214464e-09,0.17658955137928117,-0.12234868996085276,-0.06117434339431704
2013-01-22 10:00:00,2.9726010623736663e-09,0.17833650905015758,-0.12536711710256082,-0.06268355706497988
2013-01-22 11:00:00,2.9809821733771664e-09,0.1822150847336897,-0.1239706770857447,-0.06198533705238127
2013-01-22 12:00:00,3.112902169411302e-09,0.18795961654343263,-0.1279626721075136,-0.06398133449730573
2013-01-22 13:00:00,3.2703100498110377e-09,0.19726792902775941,-0.11555577670785329,-0.05777788671877162
2013-01-22 14:00:00,3.917236706434176e-09,0.23442142058048265,-0.08473449102686936,-0.04236724355481633
2013-01-22 15:00:00,6.0152549029831415e-09,0.27600634224010184,-0.07271662607972276,-0.03635831003223393
2013-01-22 16:00:00,7.573621715329987e-09,0.28978753110141076,-0.0956090114830783,-0.04780450195472829
2013-01-22 17:00:00,7.572174273742355e-09,0.2883867263851281,-0.0996078117977069,-0.049803902112766314
2013-01-22 18:00:00,7.576805502227665e-09,0.28930708561213175,-0.09406391908314493,-0.047031955753169714
2013-01-22 19:00:00,6.9112928349247695e-09,0.2917003298104191,-0.06965659980664929,-0.03482829644767823
2013-01-22 20:00:00,6.2554804611847124e-09,0.2969109104633561,-0.044439786059091595,-0.022219889901805567
2013-01-22 21:00:00,6.3208243673639465e-09,0.3039578486617076,-0.01900300073728811,-0.009501497208231872
2013-01-22 22:00:00,6.314613785654787e-09,0.30520661177091457,0.010320943556943725,0.005160474935778755
2013-01-22 23:00:00,6.384069294492686e-09,0.3100510819697131,0.016745863826148264,0.008372935105108779
2013-01-23 00:00:00,6.395274005067079e-09,0.3136927451630854,0.010231111702801157,0.005115559049037581
2013-01-23 01:00:00,6.481699035841941e-09,0.3191008271739316,0.011035917739531737,0.005517962110615386
2013-01-23 02:00:00,6.814192578193594e-09,0.32475208438216224,0.01005990511004509,0.005029955962118834
2013-01-23 03:00:00,7.532483010687527e-09,0.3334427652769845,0.010656059957683593,0.005328033745083302
2013-01-23 04:00:00,8.121866725949796e-09,0.33799507980583426,0.019993486726509517,0.00999674742418812
2013-01-23 05:00:00,9.526820498110857e-09,0.34006860129042865,-0.029412885342679856,-0.014706437907929679
2013-01-23 06:00:00,0.08009289712479835,0.3419516423132186,-0.08217301935471566,-0.0010400611149586556
2013-01-23 07:00:00,0.08345069186243335,0.44329419503473977,-0.08172635735196189,0.0008621672552357323
2013-01-23 08:00:00,4.3171008075054164e-09,0.25151071694717786,-0.09571778128998573,-0.047858888486442465
2013-01-23 09:00:00,3.587835403879391e-09,0.2427533362773178,-0.12234868996085276,-0.061174343186508676
2013-01-23 10:00:00,3.3412516492919333e-09,0.23445804735790407,-0.12536711710256082,-0.06268355688065459
2013-01-23 11:00:00,3.5424721105962907e-09,0.24004927240691143,-0.1239706770857447,-0.0619853367716363
2013-01-23 12:00:00,3.898267503758512e-09,0.24893456256914318,-0.1279626721075136,-0.06398133410462305
2013-01-23 13:00:00,4.976028752767997e-09,0.2631402595457555,-0.11555577670785329,-0.05777788586591227
2013-01-23 14:00:00,9.490550888923636e-09,0.2968841543686582,-0.08473449102686936,-0.04236724076815924
2013-01-23 15:00:00,0.1040323835676393,0.5848234775562207,-0.07271662607972276,0.01565787874395827
2013-01-23 16:00:00,0.43436879804780865,0.6220669575767591,-0.0956090114830783,0.1693798932823652
2013-01-23 17:00:00,0.4165413969726234,0.6109528201553844,-0.0996078117977069,0.15846679258745824
2013-01-23 18:00:00,0.42568385043066465,0.6153180325113132,-0.09406391908314493,0.16580996567375986
2013-01-23 19:00:00,0.35279703004924967,0.5781525901259487,-0.06965659980664929,0.1415702151213002
2013-01-23 20:00:00,0.15213437145395797,0.47176755526710257,-0.044439786059091595,0.053847292697433186
2013-01-23 21:00:00,0.16090085420457895,0.44765422801256327,-0.01900300073728811,0.07094892673364542
2013-01-23 22:00:00,0.16983466858832572,0.4166885235396765,0.010320943556943725,0.09007780607263471
2013-01-23 23:00:00,0.28445212324319913,0.42511702983915617,0.016745863826148264,0.1505989935346737
2013-01-24 00:00:00,0.2854047841577089,0.4256885377855047,0.010231111702801157,0.14781794793025504
2013-01-24 01:00:00,0.28430905033559134,0.42483387099374026,0.011035917739531737,0.14767248403756153
2013-01-24 02:00:00,0.17582139188417883,0.41908901529589676,0.01005990511004509,0.09294064849711196
2013-01-24 03:00:00,0.1662939515467139,0.4128912113103499,0.010656059957683593,0.08847500575219874
2013-01-24 04:00:00,0.15551764945368932,0.40575480010351334,0.019993486726509517,0.08775556809009942
2013-01-24 05:00:00,0.15097389562004634,0.46938317004168123,-0.029412885342679856,0.060780505138683244
2013-01-24 06:00:00,0.45179452052540303,0.6271735110937469,-0.08217301935471566,0.18481075058534369
2013-01-24 07:00:00,0.45737713116500395,0.6292891050500313,-0.08172635735196189,0.18782538690652104
2013-01-24 08:00:00,0.057813081086247345,0.4205661553923454,-0.09571778128998573,-0.018952350101869193
2013-01-24 09:00:00,9.334867332082014e-09,0.33589522532280375,-0.12234868996085276,-0.06117434031299271
2013-01-24 10:00:00,7.933638064371384e-09,0.30774133124385183,-0.12536711710256082,-0.06268355458446138
2013-01-24 11:00:00,7.971995945310756e-09,0.2808762715843762,-0.1239706770857447,-0.06198533455687438
2013-01-24 12:00:00,8.621287629593524e-09,0.3137932494533582,-0.1279626721075136,-0.06398133174311299
2013-01-24 13:00:00,9.656767398754917e-09,0.34203263524825517,-0.11555577670785329,-0.057777883525542945
2013-01-24 14:00:00,0.07970246741158604,0.5300608128850551,-0.08473449102686936,-0.0025160118076416604
2013-01-24 15:00:00,0.5553057584095499,0.669960706529176,-0.07271662607972276,0.24129456616491357
2013-01-24 16:00:00,0.542828224136858,0.6633999326913477,-0.0956090114830783,0.22360960632688986
2013-01-24 17:00:00,0.5275721727688534,0.6544639264209311,-0.0996078117977069,0.21398218048557324
2013-01-24 18:00:00,0.5357690879326983,0.6569210632233148,-0.09406391908314493,0.22085258442477668
2013-01-24 19:00:00,0.5485922097209869,0.6621783383515201,-0.06965659980664929,0.2394678049571688
2013-01-24 20:00:00,0.5610827365297396,0.6685999005318263,-0.044439786059091595,0.258321475235324
2013-01-24 21:00:00,0.5739493487191093,0.6708929670540823,-0.01900300073728811,0.2774731739909106
2013-01-24 22:00:00,0.3609564909384819,0.5638912067234577,0.010320943556943725,0.18563871724771283
2013-01-24 23:00:00,0.36044183329583707,0.45624561438068884,0.016745863826148264,0.18859384856099268
2013-01-25 00:00:00,0.35652774613258065,0.455752159091484,0.010231111702801157,0.1833794289176909
2013-01-25 01:00:00,0.35357791056905946,0.45528165162909373,0.011035917739531737,0.1823069141542956
2013-01-25 02:00:00,0.3451277125445917,0.4529692153170021,0.01005990511004509,0.17759380882731837
2013-01-25 03:00:00,0.3269308593932095,0.44648404508812745,0.010656059957683593,0.16879345967544654
2013-01-25 04:00:00,0.18238709643520987,0.43680850520424264,0.019993486726509517,0.1011902915808597
2013-01-25 05:00:00,0.5021727720571858,0.6432425235702383,-0.029412885342679856,0.236379943357253
2013-01-25 06:00:00,0.47933143212816076,0.6439451585266301,-0.08217301935471566,0.19857920638672255
2013-01-25 07:00:00,0.4486282257939325,0.6295926337415304,-0.08172635735196189,0.18345093422098532
2013-01-25 08:00:00,5.9154230037357134e-09,0.2662171045871416,-0.09571778128998573,-0.047858887687281366
2013-01-25 09:00:00,3.1652758335627826e-09,0.23675715957380528,-0.12234868996085276,-0.06117434339778846
2013-01-25 10:00:00,2.4778649331435496e-09,0.21055516101547345,-0.12536711710256082,-0.06268355731234794
2013-01-25 11:00:00,2.3515329647969937e-09,0.20447166137420295,-0.1239706770857447,-0.06198533736710587
2013-01-25 12:00:00,2.458645077577424e-09,0.20939846608786689,-0.1279626721075136,-0.06398133482443427
2013-01-25 13:00:00,2.653098083181325e-09,0.2185237692194989,-0.11555577670785329,-0.0577778870273776
2013-01-25 14:00:00,3.4814009061623916e-09,0.2533554695379907,-0.08473449102686936,-0.04236724377273423
2013-01-25 15:00:00,7.31531646966147e-09,0.3204624852562712,-0.07271662607972276,-0.03635830938220315
2013-01-25 16:00:00,9.399581507638457e-09,0.3253532820402226,-0.0956090114830783,-0.047804501041748396
2013-01-25 17:00:00,8.332992230397903e-09,0.3110494492740798,-0.0996078117977069,-0.04980390173235734
2013-01-25 18:00:00,7.634445212337766e-09,0.2977721898531786,-0.09406391908314493,-0.04703195572434986
2013-01-25 19:00:00,6.242841593662948e-09,0.28486296049456505,-0.06965659980664929,-0.03482829678190385
2013-01-25 20:00:00,6.236395696892791e-09,0.2628497557999299,-0.044439786059091595,-0.022219889911347948
2013-01-25 21:00:00,6.227495479030297e-09,0.24548590654964417,-0.01900300073728811,-0.009501497254896317
2013-01-25 22:00:00,6.2184053576437395e-09,0.2393342153415576,0.010320943556943725,0.0051604748876745415
2013-01-25 23:00:00,6.209963035753927e-09,0.21440450562705368,0.016745863826148264,0.00837293501805565
2013-01-26 00:00:00,5.513342146024821e-09,0.19941444844204753,0.010231111702801157,0.005115558608071651
2013-01-26 01:00:00,4.823471213787708e-09,0.19683653200012022,0.011035917739531737,0.005517961281501476
2013-01-26 02:00:00,4.8142759225986905e-09,0.19171894887062568,0.01005990511004509,0.005029954962160506
2013-01-26 03:00:00,4.809294978819301e-09,0.1923419524427474,0.010656059957683593,0.005328032383489286
2013-01-26 04:00:00,4.809286728275237e-09,0.19209097601947248,0.019993486726509517,0.009996745767898123
2013-01-26 05:00:00,4.809292731972298e-09,0.19055235475014656,-0.029412885342679856,-0.014706440266693563
2013-01-26 06:00:00,4.809316945163538e-09,0.18697927649874985,-0.08217301935471566,-0.04108650727269936
2013-01-26 07:00:00,5.496331745101633e-09,0.18249746582949078,-0.08172635735196189,-0.04086317592781507
2013-01-26 08:00:00,1.979214578778474e-09,0.12191860024483028,-0.09571778128998573,-0.047858889655385574
2013-01-26 09:00:00,1.285823014724722e-09,0.1050875686480408,-0.12234868996085276,-0.06117434433751487
2013-01-26 10:00:00,1.1363768805779123e-09,0.10170198804972048,-0.12536711710256082,-0.06268355798309197
2013-01-26 11:00:00,1.1040001699630342e-09,0.10014914185529712,-0.1239706770857447,-0.06198533799087227
2013-01-26 12:00:00,1.0917334822842095e-09,0.09897737502831862,-0.1279626721075136,-0.06398133550789006
2013-01-26 13:00:00,1.1486543644148554e-09,0.10254714735960413,-0.11555577670785329,-0.05777788777959946
2013-01-26 14:00:00,1.4570817449197109e-09,0.12044146986738981,-0.08473449102686936,-0.04236724478489381
2013-01-26 15:00:00,3.591432649727559e-09,0.1608464182372395,-0.07271662607972276,-0.036358311244145056
2013-01-26 16:00:00,4.8092806155556e-09,0.17465107406474312,-0.0956090114830783,-0.04780450333689884
2013-01-26 17:00:00,4.8092806023389255e-09,0.166802561212425,-0.0996078117977069,-0.04980390349421315
2013-01-26 18:00:00,4.809803993334405e-09,0.1618971260168633,-0.09406391908314493,-0.047031957136670466
2013-01-26 19:00:00,4.8211735838623396e-09,0.15873725973998842,-0.06965659980664929,-0.03482829749273785
2013-01-26 20:00:00,4.809333988382944e-09,0.15684802578357931,-0.044439786059091595,-0.022219890624878804
2013-01-26 21:00:00,4.817672503417534e-09,0.15814821993344438,-0.01900300073728811,-0.009501497959807804
2013-01-26 22:00:00,4.811755044986139e-09,0.16203458452000488,0.010320943556943725,0.005160474184349385
2013-01-26 23:00:00,4.131106503519723e-09,0.1634343358417595,0.016745863826148264,0.008372933978627383
2013-01-27 00:00:00,4.1374545081532614e-09,0.16774418483327388,0.010231111702801157,0.005115557920127832
2013-01-27 01:00:00,4.122242187256428e-09,0.1689294477323899,0.011035917739531737,0.005517960930886962
2013-01-27 02:00:00,4.1230142135953655e-09,0.1714760848704027,0.01005990511004509,0.005029954616529652
2013-01-27 03:00:00,4.127165988042152e-09,0.17346185914367115,0.010656059957683593,0.00532803204242479
2013-01-27 04:00:00,4.1294044465267406e-09,0.176132088079495,0.019993486726509517,0.009996745427956982
2013-01-27 05:00:00,4.129456248253098e-09,0.17368472143848765,-0.029412885342679856,-0.014706440606611804
2013-01-27 06:00:00,3.4415401390457242e-09,0.16722043534071362,-0.08217301935471566,-0.04108650795658776
2013-01-27 07:00:00,3.444389130233982e-09,0.15845560037563305,-0.08172635735196189,-0.04086317695378638
2013-01-27 08:00:00,1.652120355467771e-09,2.0358363293656964e-07,-0.09571778128998573,-0.04785888981893269
2013-01-27 09:00:00,1.4276779596605989e-09,1.812225098975747e-07,-0.12234868996085276,-0.0611743442665874
2013-01-27 10:00:00,1.317952347940938e-09,1.776017860471378e-07,-0.12536711710256082,-0.06268355789230423
2013-01-27 11:00:00,1.346712125989404e-09,1.7386547740734157e-07,-0.1239706770857447,-0.06198533786951629
2013-01-27 12:00:00,1.476947834749686e-09,1.7987159647894528e-07,-0.1279626721075136,-0.06398133531528288
2013-01-27 13:00:00,1.6545179638495828e-09,1.844215870231493e-07,-0.11555577670785329,-0.05777788752666766
2013-01-27 14:00:00,1.929833359666151e-09,1.9377344522778862e-07,-0.08473449102686936,-0.042367244548518
2013-01-27 15:00:00,3.4352009117067193e-09,0.09735836675164436,-0.07271662607972276,-0.036358311322260924
2013-01-27 16:00:00,4.122240250068945e-09,0.13198596662835266,-0.0956090114830783,-0.047804503680419025
2013-01-27 17:00:00,4.809279809338603e-09,0.13382248960706505,-0.0996078117977069,-0.04980390349421355
2013-01-27 18:00:00,4.809280219055404e-09,0.1391582836438073,-0.09406391908314493,-0.047031957136932354
2013-01-27 19:00:00,4.809280569297241e-09,0.14688333937412423,-0.06965659980664929,-0.03482829749868436
2013-01-27 20:00:00,4.1222409864265455e-09,0.15346502557076142,-0.044439786059091595,-0.022219890968425304
2013-01-27 21:00:00,4.809280932755805e-09,0.15877504981498997,-0.01900300073728811,-0.00950149796400359
2013-01-27 22:00:00,4.122241507541314e-09,0.1636075612237166,0.010320943556943725,0.005160473839592616
2013-01-27 23:00:00,4.122241799252357e-09,0.16850488417126563,0.016745863826148264,0.008372933974195031
2013-01-28 00:00:00,4.1222422750529804e-09,0.1732759531298128,0.010231111702801157,0.005115557912521716
2013-01-28 01:00:00,4.122275570040804e-09,0.17388869676208857,0.011035917739531737,0.005517960930903653
2013-01-28 02:00:00,4.122345755801723e-09,0.17427050773471975,0.01005990511004509,0.005029954616195423
2013-01-28 03:00:00,4.122320616557081e-09,0.17347580663072662,0.010656059957683593,0.005328032040002105
2013-01-28 04:00:00,4.809326306032761e-09,0.17132421059307898,0.019993486726509517,0.009996745767917911
2013-01-28 05:00:00,4.8092834307088755e-09,0.16744019968914714,-0.029412885342679856,-0.014706440266698213
2013-01-28 06:00:00,4.809279911767796e-09,0.16742069984897456,-0.08217301935471566,-0.04108650727271788
2013-01-28 07:00:00,4.80927986550945e-09,0.17001542172296874,-0.08172635735196189,-0.04086317627134101
2013-01-28 08:00:00,1.730831295383814e-09,0.10739196605838663,-0.09571778128998573,-0.04785888977957722
2013-01-28 09:00:00,1.1179768064245535e-09,0.09149840935254089,-0.12234868996085276,-0.06117434442143797
2013-01-28 10:00:00,1.0083019925933906e-09,0.08717513126352973,-0.12536711710256082,-0.06268355804712941
2013-01-28 11:00:00,9.329986725065368e-10,0.0008558164224817754,-0.1239706770857447,-0.06198533807637301
2013-01-28 12:00:00,1.0542504495382954e-09,0.05174977900680316,-0.1279626721075136,-0.06398133552663159
2013-01-28 13:00:00,1.3001646292636636e-09,0.10033770240172221,-0.11555577670785329,-0.05777788770384433
2013-01-28 14:00:00,2.013638667342732e-09,0.12132518020863894,-0.08473449102686936,-0.042367244506615345
2013-01-28 15:00:00,3.50816271758578e-09,0.14922468013524393,-0.07271662607972276,-0.03635831128578002
2013-01-28 16:00:00,4.809279928288634e-09,0.16542940917180923,-0.0956090114830783,-0.04780450333689918
2013-01-28 17:00:00,4.8092797630802576e-09,0.15554773842335262,-0.0996078117977069,-0.04980390349421357
2013-01-28 18:00:00,4.809279713517748e-09,0.14778683633607512,-0.09406391908314493,-0.04703195713693261
2013-01-28 19:00:00,4.809279548309386e-09,0.14221125956740593,-0.06965659980664929,-0.03482829749868487
2013-01-28 20:00:00,4.809280255401252e-09,0.13604087466114567,-0.044439786059091595,-0.022219890624905668
2013-01-28 21:00:00,4.122252204583914e-09,0.13095562902883504,-0.01900300073728811,-0.009501498307517953
2013-01-28 22:00:00,3.435207192000344e-09,0.10980793729960615,0.010320943556943725,0.005160473496075458
2013-01-28 23:00:00,3.4352007819000658e-09,5.0779071323088944e-05,0.016745863826148264,0.008372933630674524
2013-01-29 00:00:00,3.435200628492215e-09,5.004946972250851e-05,0.010231111702801157,0.005115557569000893
2013-01-29 01:00:00,3.4352004609236558e-09,4.7416466787182605e-05,0.011035917739531737,0.005517960587366099
2013-01-29 02:00:00,3.435200326396796e-09,4.6008527384480525e-05,0.01005990511004509,0.005029954272622708
2013-01-29 03:00:00,3.435200224911628e-09,4.326451105232698e-05,0.010656059957683593,0.005328031696441909
2013-01-29 04:00:00,7.0516862075269326e-09,4.360702484453141e-05,0.019993486726509517,0.009996746889097862
2013-01-29 05:00:00,7.028661548222265e-09,4.332962943840472e-05,-0.029412885342679856,-0.014706439157009154
2013-01-29 06:00:00,7.044432235034494e-09,0.10275756376639852,-0.08217301935471566,-0.041086506155141714
2013-01-29 07:00:00,8.018004687989621e-09,0.10372018074151504,-0.08172635735196189,-0.0408631746669786
2013-01-29 08:00:00,1.975207969380443e-09,0.06082710622282617,-0.09571778128998573,-0.04785888965738888
2013-01-29 09:00:00,1.7665087658203199e-09,3.479419278837611e-05,-0.12234868996085276,-0.06117434409717199
2013-01-29 10:00:00,1.5620019678756834e-09,3.44661680222855e-05,-0.12536711710256082,-0.06268355777027942
2013-01-29 11:00:00,1.5064044862051235e-09,3.445300593524882e-05,-0.1239706770857447,-0.06198533778967011
2013-01-29 12:00:00,1.4646385178137536e-09,3.403476060384528e-05,-0.1279626721075136,-0.06398133532143754
2013-01-29 13:00:00,1.5331038946258446e-09,3.521636351624379e-05,-0.11555577670785329,-0.0577778875873747
2013-01-29 14:00:00,1.8259172828883084e-09,0.0969720308612133,-0.08473449102686936,-0.04236724460047604
2013-01-29 15:00:00,3.5437687015527173e-09,0.11994156596384499,-0.07271662607972276,-0.036358311267977034
2013-01-29 16:00:00,4.122239134204466e-09,0.1290776177931321,-0.0956090114830783,-0.04780450368041958
2013-01-29 17:00:00,4.122239168190177e-09,0.12970975836759807,-0.0996078117977069,-0.049803903837733865
2013-01-29 18:00:00,4.1222392588187435e-09,0.12935385718004622,-0.09406391908314493,-0.047031957480452836
2013-01-29 19:00:00,4.122239162525892e-09,0.12637239324242014,-0.06965659980664929,-0.034828297842205064
2013-01-29 20:00:00,4.122239227665173e-09,0.1215736727510687,-0.044439786059091595,-0.022219890968426182
2013-01-29 21:00:00,3.4352003358372766e-09,0.11668446931805869,-0.01900300073728811,-0.009501498651043888
2013-01-29 22:00:00,2.74819272731523e-09,9.502052051530536e-08,0.010320943556943725,0.005160473152568226
2013-01-29 23:00:00,2.061120389839981e-09,4.7086278465094606e-08,0.016745863826148264,0.008372932943634327
2013-01-30 00:00:00,2.0611204323221545e-09,4.446252123566948e-08,0.010231111702801157,0.005115556881960795
2013-01-30 01:00:00,2.0611203105399284e-09,4.3099164409084124e-08,0.011035917739531737,0.005517959900326024
2013-01-30 02:00:00,3.752160310989253e-09,4.260252246500256e-08,0.01005990511004509,0.005029954431102701
2013-01-30 03:00:00,3.736342506370219e-09,4.217355559426995e-08,0.010656059957683593,0.0053280318470130495
2013-01-30 04:00:00,3.7241687298456695e-09,4.184683042398038e-08,0.019993486726509517,0.009996745225339124
2013-01-30 05:00:00,3.7208074632179348e-09,4.282443113240377e-08,-0.029412885342679856,-0.014706440810936196
2013-01-30 06:00:00,3.7178258808028748e-09,4.2743027271838614e-08,-0.08217301935471566,-0.04108650781844489
2013-01-30 07:00:00,3.7078976054046406e-09,4.234094778171835e-08,-0.08172635735196189,-0.040863176822032145
2013-01-30 08:00:00,1.2573367116406089e-09,3.63311669969939e-08,-0.09571778128998573,-0.04785889001632451
2013-01-30 09:00:00,1.0491784000408083e-09,2.9917356816285926e-08,-0.12234868996085276,-0.06117434445583718
2013-01-30 10:00:00,8.966860729837818e-10,2.8722846804387494e-08,-0.12536711710256082,-0.06268355810293737
2013-01-30 11:00:00,8.251010786982331e-10,2.7732125205898936e-08,-0.1239706770857447,-0.06198533813032181
2013-01-30 12:00:00,7.994084426554733e-10,2.748312553257028e-08,-0.1279626721075136,-0.06398133565405258
2013-01-30 13:00:00,7.95235986772121e-10,2.7138233103468283e-08,-0.11555577670785329,-0.05777788795630865
2013-01-30 14:00:00,1.0185247544048914e-09,3.038955409911672e-08,-0.08473449102686936,-0.042367245004172306
2013-01-30 15:00:00,1.5855788785012225e-09,4.459422959291471e-08,-0.07271662607972276,-0.03635831224707194
2013-01-30 16:00:00,2.7481588186126935e-09,9.770841469856455e-08,-0.0956090114830783,-0.047804504367459734
2013-01-30 17:00:00,6.088913547427497e-09,1.181629817198945e-07,-0.0996078117977069,-0.049803902854396676
2013-01-30 18:00:00,5.58510020557567e-09,8.418718825995324e-08,-0.09406391908314493,-0.047031956749022365
2013-01-30 19:00:00,5.577335743637227e-09,8.398103657885281e-08,-0.06965659980664929,-0.03482829711465677
2013-01-30 20:00:00,5.731213656189181e-09,8.37319711766762e-08,-0.044439786059091595,-0.02221989016393897
2013-01-30 21:00:00,5.4566615190208496e-09,6.133954192375851e-08,-0.01900300073728811,-0.009501497640313297
2013-01-30 22:00:00,5.96206574656939e-09,6.744212767840685e-08,0.010320943556943725,0.005160474759504736
2013-01-30 23:00:00,5.796529054632367e-09,5.909625330049555e-08,0.016745863826148264,0.00837293481133866
2013-01-31 00:00:00,6.126220127730824e-09,6.057361294007292e-08,0.010231111702801157,0.005115558914510643
2013-01-31 01:00:00,6.075288959746073e-09,6.040326801100969e-08,0.011035917739531737,0.005517961907410348
2013-01-31 02:00:00,6.496657300580929e-09,5.684536487752615e-08,0.01005990511004509,0.0050299558033511955
2013-01-31 03:00:00,5.406887710977976e-09,5.440321827523379e-08,0.010656059957683593,0.0053280326822856515
2013-01-31 04:00:00,4.920668592223357e-09,5.328401223791165e-08,0.019993486726509517,0.009996745823589054
2013-01-31 05:00:00,4.662664014866033e-09,5.3952448643799544e-08,-0.029412885342679856,-0.01470644034000792
2013-01-31 06:00:00,5.2018424536305464e-09,6.229341681244822e-08,-0.08217301935471566,-0.0410865070764366
2013-01-31 07:00:00,2.7784634852005285e-09,6.367420143258336e-08,-0.08172635735196189,-0.0408631772867492
2013-01-31 08:00:00,8.552566138499914e-10,2.7788448239734055e-08,-0.09571778128998573,-0.04785889021736456
2013-01-31 09:00:00,6.441520309810571e-10,2.7166772418339495e-08,-0.12234868996085276,-0.06117434465835036
2013-01-31 10:00:00,5.155907295462104e-10,2.52318554297509e-08,-0.12536711710256082,-0.06268355829348504
2013-01-31 11:00:00,4.80064737152262e-10,2.5329557082415227e-08,-0.1239706770857447,-0.06198533830283998
2013-01-31 12:00:00,5.853527883558701e-10,2.5649879261271722e-08,-0.1279626721075136,-0.06398133576108041
2013-01-31 13:00:00,8.520743914658519e-10,2.643132236297831e-08,-0.11555577670785329,-0.057777887927889446
2013-01-31 14:00:00,1.0515567554840094e-09,3.0028096221018484e-08,-0.08473449102686936,-0.0423672449876563
2013-01-31 15:00:00,1.4469305924208146e-09,3.692342990417032e-08,-0.07271662607972276,-0.03635831231639609
2013-01-31 16:00:00,6.923924800277485e-09,0.09902604470918454,-0.0956090114830783,-0.04780450227957675
2013-01-31 17:00:00,6.9123848292080026e-09,0.09867975916030838,-0.0996078117977069,-0.04980390244266104
2013-01-31 18:00:00,6.909150759085938e-09,0.0985819816870292,-0.09406391908314493,-0.04703195608699708
2013-01-31 19:00:00,6.913104996719841e-09,0.09863461265482341,-0.06965659980664929,-0.03482829644677215
2013-01-31 20:00:00,6.944991233893164e-09,0.07470448492774054,-0.044439786059091595,-0.02221988955705018
2013-01-31 21:00:00,6.930412294288608e-09,0.0014718300748546567,-0.01900300073728811,-0.00950149690343791
2013-01-31 22:00:00,6.031124644016638e-09,1.0940816100232316e-07,0.010320943556943725,0.005160474794034185
2013-01-31 23:00:00,5.587898984910699e-09,1.0715208009045706e-07,0.016745863826148264,0.008372934707023624
2013-02-01 00:00:00,5.6137840077824896e-09,1.0834279346266153e-07,0.045295958921317145,0.022647982267550576
2013-02-01 01:00:00,2.7536254990567597e-09,1.1114375749696905e-07,0.035143303852314636,0.01757165330297007
2013-02-01 02:00:00,2.75587360633534e-09,1.152749254645284e-07,0.038206179655199436,0.01910309120553652
2013-02-01 03:00:00,2.7562401630434575e-09,2.423377604678727e-07,0.03090925674132524,0.015454629748782702
2013-02-01 04:00:00,3.4479899143205612e-09,0.07548630228320916,0.02697724735887865,0.013488625403434281
2013-02-01 05:00:00,4.129526079048416e-09,0.12154876340580768,-0.01951135978837922,-0.00975567782942657
2013-02-01 06:00:00,4.8153522399723635e-09,0.12922321228124412,-0.07506682259281941,-0.037533408888733584
2013-02-01 07:00:00,5.5102004907249566e-09,0.13817774365391736,-0.08653546446270474,-0.043267729476252126
2013-02-01 08:00:00,1.982012686513051e-09,0.10537372605526503,-0.1150618734927789,-0.0575309357553831
2013-02-01 09:00:00,1.6656738297505775e-09,0.09880554796115348,-0.1162562994129521,-0.05812814887363913
2013-02-01 10:00:00,1.5385200681043449e-09,0.09799074826189766,-0.11669509103103101,-0.058347544746255475
2013-02-01 11:00:00,1.4717240101630607e-09,0.09692372074940307,-0.12172723860570388,-0.060863618566989935
2013-02-01 12:00:00,1.595393978885645e-09,0.10411482511499535,-0.11345285174872143,-0.05672642507666372
2013-02-01 13:00:00,2.6719602483228876e-09,0.12798053612750496,-0.11264330295513995,-0.05632165014158985
2013-02-01 14:00:00,4.41366008513559e-09,0.19853403721177595,-0.10623219364888499,-0.05311609461761245
2013-02-01 15:00:00,0.0713552293936805,0.29117004799613605,-0.09385442476739914,-0.01124959768685932
2013-02-01 16:00:00,0.09935337390179112,0.3315849434408044,-0.08149387619361835,0.008929748854086386
2013-02-01 17:00:00,0.10883823939480967,0.34394970261928476,-0.09952192767970833,0.0046581558575506735
2013-02-01 18:00:00,0.1108617881607064,0.34750146501577195,-0.09537603501057278,0.007742876575066809
2013-02-01 19:00:00,0.10887616197068709,0.3457775132345445,-0.08063077961822009,0.0141226911762335
2013-02-01 20:00:00,0.10548629754058308,0.3420942878162226,-0.035013118365337936,0.035236589587622574
2013-02-01 21:00:00,0.10272265917392354,0.3376010805596015,-0.014839993647424004,0.04394133276324977
2013-02-01 22:00:00,8.611569705903182e-09,0.30225283402708536,0.03384161821429043,0.01692081341293007
2013-02-01 23:00:00,7.864822032548097e-09,0.28239278832270565,0.04626630918266243,0.02313315852374223
2013-02-02 00:00:00,7.638262564914126e-09,0.2645428232283863,0.045295958921317145,0.022647983279789854
2013-02-02 01:00:00,5.984804875173575e-09,0.23835914518191417,0.035143303852314636,0.017571654918559755
2013-02-02 02:00:00,4.879057286729031e-09,0.2220563098469415,0.038206179655199436,0.019103092267128363
2013-02-02 03:00:00,4.859658697491713e-09,0.21116042607651622,0.03090925674132524,0.015454630800491968
2013-02-02 04:00:00,4.856460978900424e-09,0.1949736523751425,0.02697724735887865,0.013488626107669814
2013-02-02 05:00:00,4.854547166637062e-09,0.18773790678295596,-0.01951135978837922,-0.009755677466916026
2013-02-02 06:00:00,4.851162875198163e-09,0.17996395320841516,-0.07506682259281941,-0.03753340887082827
2013-02-02 07:00:00,4.841743163384298e-09,0.17211612787555566,-0.08653546446270474,-0.04326772981048079
2013-02-02 08:00:00,1.3906529715851789e-09,0.0873210171804291,-0.1150618734927789,-0.057530936051062964
2013-02-02 09:00:00,6.161864506602389e-10,2.9068562545114313e-08,-0.1162562994129521,-0.058128149398382824
2013-02-02 10:00:00,5.19820903518868e-10,2.8223622828039355e-08,-0.11669509103103101,-0.05834754525560505
2013-02-02 11:00:00,5.126375996063464e-10,2.7574063919004628e-08,-0.12172723860570388,-0.06086361904653314
2013-02-02 12:00:00,5.465728713124673e-10,2.8435742097932988e-08,-0.11345285174872143,-0.05672642560107428
2013-02-02 13:00:00,5.551661261544896e-10,2.9385210385589934e-08,-0.11264330295513995,-0.056321651199986916
2013-02-02 14:00:00,7.204795874102748e-10,4.943569938974045e-08,-0.10623219364888499,-0.0531160964642027
2013-02-02 15:00:00,2.5152049251978224e-09,0.13908205986407698,-0.09385442476739914,-0.04692721112609711
2013-02-02 16:00:00,5.53000038307004e-09,0.18181596301063274,-0.08149387619361835,-0.04074693533180898
2013-02-02 17:00:00,5.5250997744445025e-09,0.1844495605941654,-0.09952192767970833,-0.049760961077304273
2013-02-02 18:00:00,5.52009917653065e-09,0.18477837684626194,-0.09537603501057278,-0.0476880147452368
2013-02-02 19:00:00,5.517621124827692e-09,0.18781054239320163,-0.08063077961822009,-0.04031538705029948
2013-02-02 20:00:00,5.522846085401311e-09,0.19206972299525024,-0.035013118365337936,-0.017506556421245927
2013-02-02 21:00:00,5.531189199828731e-09,0.19759160415877988,-0.014839993647424004,-0.0074199940581174025
2013-02-02 22:00:00,5.533071029985986e-09,0.2077080659433875,0.03384161821429043,0.01692081187368073
2013-02-02 23:00:00,5.535761069444327e-09,0.21355723912159727,0.04626630918266243,0.023133157359211752
2013-02-03 00:00:00,5.531548462367989e-09,0.2105853531829739,0.045295958921317145,0.022647982226432804
2013-02-03 01:00:00,4.898775259646723e-09,0.20589144342134327,0.035143303852314636,0.01757165437554495
2013-02-03 02:00:00,4.8439238601046555e-09,0.1972992639544598,0.038206179655199436,0.019103092249561648
2013-02-03 03:00:00,4.8306041718274906e-09,0.1928053197198882,0.03090925674132524,0.015454630785964705
2013-02-03 04:00:00,4.8184731615295486e-09,0.1908238800640083,0.02697724735887865,0.013488626088675905
2013-02-03 05:00:00,4.8209971937650274e-09,0.19057315517247458,-0.01951135978837922,-0.009755677483691012
2013-02-03 06:00:00,4.833050477097926e-09,0.19230151434018233,-0.07506682259281941,-0.03753340887988447
2013-02-03 07:00:00,4.8385767336215206e-09,0.19739074807499288,-0.08653546446270474,-0.043267729812064004
2013-02-03 08:00:00,1.44197248805549e-09,0.008400273310773965,-0.1150618734927789,-0.057530936025403205
2013-02-03 09:00:00,7.099972737832347e-10,4.031222201500851e-08,-0.1162562994129521,-0.058128149351477414
2013-02-03 10:00:00,6.505676909728679e-10,3.6900678508174674e-08,-0.11669509103103101,-0.05834754519023166
2013-02-03 11:00:00,6.43805407751038e-10,3.281889399636411e-08,-0.12172723860570388,-0.06086361898094923
2013-02-03 12:00:00,6.790645758889493e-10,3.343110409411679e-08,-0.11345285174872143,-0.05672642553482842
2013-02-03 13:00:00,7.852068458275605e-10,3.7686515366245856e-08,-0.11264330295513995,-0.056321651084966555
2013-02-03 14:00:00,9.83389041393772e-10,4.241508216090751e-08,-0.10623219364888499,-0.05311609633274798
2013-02-03 15:00:00,1.9334162372871044e-09,7.065920478448021e-08,-0.09385442476739914,-0.04692721141699145
2013-02-03 16:00:00,3.435285866365231e-09,0.12713541542392787,-0.08149387619361835,-0.040746936379166245
2013-02-03 17:00:00,3.4352025378309004e-09,0.12024383726189403,-0.09952192767970833,-0.049760962122252894
2013-02-03 18:00:00,7.892520149934443e-09,0.1146943541297254,-0.09537603501057278,-0.04768801355902631
2013-02-03 19:00:00,7.3060886766791145e-09,0.11140239204629343,-0.08063077961822009,-0.040315386156065704
2013-02-03 20:00:00,3.4352002508729493e-09,0.04284552251219035,-0.035013118365337936,-0.017506557465068844
2013-02-03 21:00:00,3.4354547945306405e-09,0.06039442371130476,-0.014839993647424004,-0.007419995105984605
2013-02-03 22:00:00,3.446542933151399e-09,0.07297225876701852,0.03384161821429043,0.01692081083041668
2013-02-03 23:00:00,3.4636240161316214e-09,0.045573018632958213,0.04626630918266243,0.023133156323143226
2013-02-04 00:00:00,3.4479559797363714e-09,0.04592019164459429,0.045295958921317145,0.02264798118463656
2013-02-04 01:00:00,3.4478365672673842e-09,0.04973666184194737,0.035143303852314636,0.0175716536500756
2013-02-04 02:00:00,3.4524616575356667e-09,0.06080552501532528,0.038206179655199436,0.019103091553830547
2013-02-04 03:00:00,3.4842820531395133e-09,0.1366770135361496,0.03090925674132524,0.015454630112803647
2013-02-04 04:00:00,3.4452460414191892e-09,0.14767393056804792,0.02697724735887865,0.013488625402062344
2013-02-04 05:00:00,3.4388908821999577e-09,0.1497692765528848,-0.01951135978837922,-0.009755678174744167
2013-02-04 06:00:00,4.122305121350714e-09,0.14805657837324562,-0.07506682259281941,-0.037533409235257144
2013-02-04 07:00:00,4.12223947972589e-09,0.13962277540285772,-0.08653546446270474,-0.04326773017023263
2013-02-04 08:00:00,1.983627867933486e-09,0.10535894449667133,-0.1150618734927789,-0.05753093575457551
2013-02-04 09:00:00,1.4645395711022274e-09,6.192034962941815e-08,-0.1162562994129521,-0.05812814897420626
2013-02-04 10:00:00,9.366630511701854e-10,4.091848514909713e-08,-0.11669509103103101,-0.05834754504718398
2013-02-04 11:00:00,8.399510872291316e-10,3.274126150231301e-08,-0.12172723860570388,-0.0608636188828764
2013-02-04 12:00:00,7.948207498188733e-10,3.020106313105081e-08,-0.11345285174872143,-0.05672642547695034
2013-02-04 13:00:00,8.268103052975003e-10,2.8467638602228227e-08,-0.11264330295513995,-0.05632165106416483
2013-02-04 14:00:00,1.0267480151543955e-09,3.399442336973329e-08,-0.10623219364888499,-0.053116096311068485
2013-02-04 15:00:00,1.9067203580751426e-09,6.086316145220554e-08,-0.09385442476739914,-0.046927211430339386
2013-02-04 16:00:00,3.4351987710782514e-09,0.02041797182656814,-0.08149387619361835,-0.04074693637920979
2013-02-04 17:00:00,7.2789243565844065e-09,0.0774867455155331,-0.09952192767970833,-0.04976096020039199
2013-02-04 18:00:00,3.4351989008847523e-09,0.024156550820429435,-0.09537603501057278,-0.04768801578768694
2013-02-04 19:00:00,3.4351989056049894e-09,0.0209067342121415,-0.08063077961822009,-0.04031538809151059
2013-02-04 20:00:00,3.4351989079651078e-09,0.020977704992417162,-0.035013118365337936,-0.017506557465069513
2013-02-04 21:00:00,3.435198879643688e-09,0.01611936426159686,-0.014839993647424004,-0.007419995106112563
2013-02-04 22:00:00,2.7481604348222986e-09,8.365548484000661e-08,0.03384161821429043,0.016920810481225432
2013-02-04 23:00:00,2.748160544331897e-09,7.994922385503632e-08,0.04626630918266243,0.02313315596541149
2013-02-05 00:00:00,2.748160474472325e-09,7.98477360386887e-08,0.045295958921317145,0.02264798083473881
2013-02-05 01:00:00,2.748160400836563e-09,7.889025215477423e-08,0.035143303852314636,0.01757165330023752
2013-02-05 02:00:00,2.748160359298443e-09,7.841282471527202e-08,0.038206179655199436,0.019103091201679898
2013-02-05 03:00:00,2.7481603460817685e-09,7.843106111695257e-08,0.03090925674132524,0.015454629744742793
2013-02-05 04:00:00,2.748160370627021e-09,7.928751998189079e-08,0.02697724735887865,0.013488625053519509
2013-02-05 05:00:00,2.7481592472101484e-09,1.0129710483423595e-07,-0.01951135978837922,-0.009755678520109985
2013-02-05 06:00:00,3.4352280769149464e-09,0.029316333482948407,-0.07506682259281941,-0.03753340957879567
2013-02-05 07:00:00,3.4351983297362192e-09,0.12091545642182348,-0.08653546446270474,-0.043267730513753204
2013-02-05 08:00:00,7.26289158850806e-10,2.8365257899292463e-08,-0.1150618734927789,-0.05753093638324487
2013-02-05 09:00:00,6.265776687887601e-10,2.589819111272238e-08,-0.1162562994129521,-0.058128149393187216
2013-02-05 10:00:00,5.244077005906231e-10,2.5125644772362548e-08,-0.11669509103103101,-0.05834754525331166
2013-02-05 11:00:00,5.737364924765759e-10,2.4961559223224807e-08,-0.12172723860570388,-0.060863619015983694
2013-02-05 12:00:00,6.036048983071084e-10,2.496956425379986e-08,-0.11345285174872143,-0.05672642557255826
2013-02-05 13:00:00,5.933168238800241e-10,2.550537173154207e-08,-0.11264330295513995,-0.056321651180911564
2013-02-05 14:00:00,7.53327633097325e-10,2.8763012328560492e-08,-0.10623219364888499,-0.05311609644777868
2013-02-05 15:00:00,2.085364156528151e-09,0.10205557185673225,-0.09385442476739914,-0.04692721134101749
2013-02-05 16:00:00,5.543333486849026e-09,0.14192874888154755,-0.08149387619361835,-0.04074693532514243
2013-02-05 17:00:00,6.354981752139462e-09,0.1660905772715473,-0.09952192767970833,-0.04976096066236329
2013-02-05 18:00:00,6.70037566601669e-09,0.1802217494821709,-0.09537603501057278,-0.04768801415509855
2013-02-05 19:00:00,7.897566110525914e-09,0.19246650040229812,-0.08063077961822009,-0.040315385860326985
2013-02-05 20:00:00,3.3757402917049906e-05,0.198275174501691,-0.035013118365337936,-0.017489680481210444
2013-02-05 21:00:00,3.963161984347161e-05,0.21458646123036287,-0.014839993647424004,-0.007400181013790266
2013-02-05 22:00:00,1.2408680634092615e-06,0.214398388085559,0.03384161821429043,0.01692142954117692
2013-02-05 23:00:00,1.7886323724557004e-07,0.2126383130580807,0.04626630918266243,0.02313324402294984
2013-02-06 00:00:00,1.0037930069569625e-07,0.2112833105393899,0.045295958921317145,0.02264802965030892
2013-02-06 01:00:00,1.0179263373510598e-07,0.21563968462076638,0.035143303852314636,0.017571702822474184
2013-02-06 02:00:00,2.0614724339912302e-07,0.2227667042615269,0.038206179655199436,0.01910319290122142
2013-02-06 03:00:00,2.565104728329584e-07,0.22531335746086412,0.03090925674132524,0.015454756625899036
2013-02-06 04:00:00,6.8147932279269e-07,0.22632336274584255,0.02697724735887865,0.01348896441910072
2013-02-06 05:00:00,1.0464005999363442e-08,0.2344163557177501,-0.01951135978837922,-0.00975567466218661
2013-02-06 06:00:00,8.392478955775095e-09,0.2298866580335476,-0.07506682259281941,-0.037533407100170224
2013-02-06 07:00:00,5.7886640379893054e-09,0.204977517602977,-0.08653546446270474,-0.043267729337020354
2013-02-06 08:00:00,1.1839809777195924e-09,0.09011401758375133,-0.1150618734927789,-0.05753093615439896
2013-02-06 09:00:00,7.044722827450094e-10,0.0051300691696257675,-0.1162562994129521,-0.058128149354239905
2013-02-06 10:00:00,3.608159259416768e-10,2.205231991157289e-08,-0.11669509103103101,-0.05834754533510754
2013-02-06 11:00:00,3.6835349537268264e-10,2.2870556272128565e-08,-0.12172723860570388,-0.06086361911867519
2013-02-06 12:00:00,3.7788682240317007e-10,2.3303691720818264e-08,-0.11345285174872143,-0.0567264256854173
2013-02-06 13:00:00,5.938667853369679e-10,1.6115313026968103e-07,-0.11264330295513995,-0.05632165118063658
2013-02-06 14:00:00,1.2418169666389417e-09,0.1017994087623567,-0.10623219364888499,-0.05311609620353401
2013-02-06 15:00:00,3.336475623604181e-09,0.18922670085708404,-0.09385442476739914,-0.046927210715461756
2013-02-06 16:00:00,6.184905863001098e-09,0.29040242089203844,-0.08149387619361835,-0.04074693500435624
2013-02-06 17:00:00,6.1839179655184745e-09,0.2880680251479154,-0.09952192767970833,-0.04976096074789518
2013-02-06 18:00:00,6.198298323585921e-09,0.28479117350258315,-0.09537603501057278,-0.04768801440613723
2013-02-06 19:00:00,6.2669053209125515e-09,0.2839027044892938,-0.08063077961822009,-0.040315386675657386
2013-02-06 20:00:00,6.330696892103473e-09,0.2768471390314456,-0.035013118365337936,-0.017506556017320523
2013-02-06 21:00:00,6.490139904347497e-09,0.2768784369196458,-0.014839993647424004,-0.00741999357864205
2013-02-06 22:00:00,6.6949934766624375e-09,0.28537227879067795,0.03384161821429043,0.016920812454641953
2013-02-06 23:00:00,6.4906098223827825e-09,0.2753075563789801,0.04626630918266243,0.023133157836636126
2013-02-07 00:00:00,6.420483664536766e-09,0.2657444398303587,0.045295958921317145,0.022647982670900405
2013-02-07 01:00:00,6.406910679516961e-09,0.25156336578311506,0.035143303852314636,0.01757165512961266
2013-02-07 02:00:00,6.347431199953433e-09,0.24659192848441175,0.038206179655199436,0.019103093001315317
2013-02-07 03:00:00,6.5726085055123254e-09,0.2460533706393146,0.03090925674132524,0.015454631656966873
2013-02-07 04:00:00,7.22763260982651e-09,0.27412783410650327,0.02697724735887865,0.01348862729325563
2013-02-07 05:00:00,0.07205714889842693,0.29924518671953826,-0.01951135978837922,0.026272894555023858
2013-02-07 06:00:00,0.0818742273082962,0.31503790503281676,-0.07506682259281941,0.003403702357738396
2013-02-07 07:00:00,0.07175745047401388,0.30343428611262646,-0.08653546446270474,-0.007389006994345429
2013-02-07 08:00:00,2.7014464295185747e-09,0.1485642734475038,-0.1150618734927789,-0.057530935395666234
2013-02-07 09:00:00,2.4262393195196243e-09,0.12177985765732739,-0.1162562994129521,-0.05812814849335639
2013-02-07 10:00:00,2.347115677698666e-09,0.12233599058419284,-0.11669509103103101,-0.058347544341957665
2013-02-07 11:00:00,2.2552794971025624e-09,0.11887263005355074,-0.12172723860570388,-0.06086361817521219
2013-02-07 12:00:00,2.40194533680932e-09,0.12782762608276613,-0.11345285174872143,-0.056726424673388044
2013-02-07 13:00:00,2.5775700385650708e-09,0.14834719692916834,-0.11264330295513995,-0.05632165018878496
2013-02-07 14:00:00,3.399967573904809e-09,0.19351974905898273,-0.10623219364888499,-0.05311609512445871
2013-02-07 15:00:00,6.758144642217944e-09,0.2864962802789029,-0.09385442476739914,-0.04692720900462725
2013-02-07 16:00:00,0.26453414031749883,0.400452212097141,-0.08149387619361835,0.09152013206194023
2013-02-07 17:00:00,0.2590261439630861,0.3977907083777743,-0.09952192767970833,0.07975210814168888
2013-02-07 18:00:00,0.1642416547416536,0.3962799170295694,-0.09537603501057278,0.034432809865540405
2013-02-07 19:00:00,0.15300114542450885,0.3945681947120279,-0.08063077961822009,0.03618518290314438
2013-02-07 20:00:00,0.13952769526861525,0.3898437691767618,-0.035013118365337936,0.052257288451638656
2013-02-07 21:00:00,0.1304173611554826,0.38752172767391213,-0.014839993647424004,0.057788683754029305
2013-02-07 22:00:00,0.13550182746502873,0.3877937908010605,0.03384161821429043,0.08467172283965958
2013-02-07 23:00:00,0.12542085202369674,0.38261065388495163,0.04626630918266243,0.08584358060317959
2013-02-08 00:00:00,0.11397301558071861,0.37220077139171476,0.045295958921317145,0.07963448725101788
2013-02-08 01:00:00,0.10871661075576,0.368341444553515,0.035143303852314636,0.07192995730403731
2013-02-08 02:00:00,0.09896870689974195,0.3599612263189087,0.038206179655199436,0.0685874432774707
2013-02-08 03:00:00,0.0859468765900971,0.3493327684974218,0.03090925674132524,0.05842806666571117
2013-02-08 04:00:00,8.824260268144564e-09,0.3407572332658682,0.02697724735887865,0.013488628091569458
2013-02-08 05:00:00,8.471086622207852e-09,0.3380487447024782,-0.01951135978837922,-0.009755675658646297
2013-02-08 06:00:00,0.07865706908487409,0.3419420505617051,-0.07506682259281941,0.00179512324602734
2013-02-08 07:00:00,6.301380771787615e-09,0.3075229759449358,-0.08653546446270474,-0.04326772908066198
2013-02-08 08:00:00,2.7375523017009574e-09,0.17844237170758737,-0.1150618734927789,-0.0575309353776133
2013-02-08 09:00:00,2.4847097004260746e-09,0.14392677841869891,-0.1162562994129521,-0.0581281484641212
2013-02-08 10:00:00,2.398856566786132e-09,0.13615261176234708,-0.11669509103103101,-0.05834754431608722
2013-02-08 11:00:00,2.3172297938006116e-09,0.129055014684354,-0.12172723860570388,-0.06086361814423704
2013-02-08 12:00:00,2.3780427179772348e-09,0.13085794216503702,-0.11345285174872143,-0.05672642468533935
2013-02-08 13:00:00,2.4183657498714215e-09,0.1331090472404467,-0.11264330295513995,-0.056321650268387105
2013-02-08 14:00:00,3.0071657612590646e-09,0.17871233976535728,-0.10623219364888499,-0.05311609532085961
2013-02-08 15:00:00,4.818016109136434e-09,0.2634447024551916,-0.09385442476739914,-0.04692720997469151
2013-02-08 16:00:00,0.09326704859200209,0.34898573585185416,-0.08149387619361835,0.0058865861991918705
2013-02-08 17:00:00,0.09761953315436854,0.3495226997576643,-0.09952192767970833,-0.0009511972626698936
2013-02-08 18:00:00,0.1031959743920794,0.3519440116260177,-0.09537603501057278,0.003909969690753315
2013-02-08 19:00:00,0.11135517805699467,0.35861886604879867,-0.08063077961822009,0.015362199219387293
2013-02-08 20:00:00,0.11575567174621582,0.3660226942519874,-0.035013118365337936,0.04037127669043894
2013-02-08 21:00:00,0.1278427546102269,0.3780808751969272,-0.014839993647424004,0.05650138048140145
2013-02-08 22:00:00,0.16179677010860574,0.4020150502252903,0.03384161821429043,0.09781919416144809
2013-02-08 23:00:00,0.16498880212944814,0.4059743575668698,0.04626630918266243,0.10562755565605528
2013-02-09 00:00:00,0.1691920751499987,0.40852452511265375,0.045295958921317145,0.10724401703565792
2013-02-09 01:00:00,0.2665728451727555,0.4201508680412535,0.035143303852314636,0.15085807451253505
2013-02-09 02:00:00,0.2674937366435029,0.42221662883641775,0.038206179655199436,0.15284995814935118
2013-02-09 03:00:00,0.2699581240533662,0.42458467145732237,0.03090925674132524,0.15043369039734572
2013-02-09 04:00:00,0.277347064324418,0.42981085113986545,0.02697724735887865,0.15216215584164833
2013-02-09 05:00:00,0.2975967510757546,0.427140716556493,-0.01951135978837922,0.1390426956436877
2013-02-09 06:00:00,0.30952220794562546,0.4338657558032441,-0.07506682259281941,0.11722769267640303
2013-02-09 07:00:00,0.12317396251937629,0.3799385772144004,-0.08653546446270474,0.018319249028335774
2013-02-09 08:00:00,3.1192972995937933e-09,0.15747787105635472,-0.1150618734927789,-0.0575309351867408
2013-02-09 09:00:00,2.226450043051974e-09,0.1336560354045247,-0.1162562994129521,-0.05812814859325103
2013-02-09 10:00:00,2.129395021216464e-09,0.13054668534977024,-0.11669509103103101,-0.058347544450817995
2013-02-09 11:00:00,2.2407415170280038e-09,0.13615908350275763,-0.12172723860570388,-0.06086361818248118
2013-02-09 12:00:00,2.9858989974311636e-09,0.15628392293483434,-0.11345285174872143,-0.05672642438141121
2013-02-09 13:00:00,3.0762819093079167e-09,0.16080436114931557,-0.11264330295513995,-0.05632164993942902
2013-02-09 14:00:00,4.043256840815563e-09,0.2243777761420644,-0.10623219364888499,-0.053116094802814075
2013-02-09 15:00:00,7.866276405660856e-09,0.33082744635321254,-0.09385442476739914,-0.046927208450561364
2013-02-09 16:00:00,0.4051712764930138,0.4807074031749061,-0.08149387619361835,0.16183870014969773
2013-02-09 17:00:00,0.4210134071867185,0.4886979515381649,-0.09952192767970833,0.1607457397535051
2013-02-09 18:00:00,0.41759864838991795,0.48766175951295193,-0.09537603501057278,0.16111130668967258
2013-02-09 19:00:00,0.4136520596093699,0.4864445914556261,-0.08063077961822009,0.16651063999557492
2013-02-09 20:00:00,0.40561262110898166,0.4838896693357903,-0.035013118365337936,0.18529975137182186
2013-02-09 21:00:00,0.3986160873553495,0.481605313023514,-0.014839993647424004,0.19188804685396274
2013-02-09 22:00:00,0.36739375866791013,0.4664412691469474,0.03384161821429043,0.20061768844110028
2013-02-09 23:00:00,0.3677268168833031,0.4666740587609555,0.04626630918266243,0.20699656303298278
2013-02-10 00:00:00,0.3564655355876305,0.4623331960236473,0.045295958921317145,0.20088074725447383
2013-02-10 01:00:00,0.32670541027999656,0.45436214455285806,0.035143303852314636,0.1809243570661556
2013-02-10 02:00:00,0.1455723019297981,0.44521053144543565,0.038206179655199436,0.09188924079249876
2013-02-10 03:00:00,0.13318231539135758,0.423429427582952,0.03090925674132524,0.08204578606634141
2013-02-10 04:00:00,0.11469471293428564,0.40300551875028284,0.02697724735887865,0.07083598014658214
2013-02-10 05:00:00,0.09789399209128237,0.38376955194347295,-0.01951135978837922,0.03919131615145158
2013-02-10 06:00:00,9.307502678939717e-09,0.3617537826049579,-0.07506682259281941,-0.03753340664265836
2013-02-10 07:00:00,5.1412616007940894e-09,0.2734214604952334,-0.08653546446270474,-0.04326772966072157
2013-02-10 08:00:00,8.627287760227535e-10,0.018884414568734565,-0.1150618734927789,-0.05753093631502506
2013-02-10 09:00:00,4.0767010035174985e-10,2.6636225054633863e-08,-0.1162562994129521,-0.058128149502640995
2013-02-10 10:00:00,4.2151514195250573e-10,2.6125161391031763e-08,-0.11669509103103101,-0.058347545304757935
2013-02-10 11:00:00,4.787900144389598e-10,2.7322756023950747e-08,-0.12172723860570388,-0.060863619063456935
2013-02-10 12:00:00,4.998696747282094e-10,2.7945629727488585e-08,-0.11345285174872143,-0.056726425624425876
2013-02-10 13:00:00,5.084563989549238e-10,2.8535989208517543e-08,-0.11264330295513995,-0.056321651223341776
2013-02-10 14:00:00,4.613054618272983e-10,2.8789666399676048e-08,-0.10623219364888499,-0.05311609659378976
2013-02-10 15:00:00,1.298893825804785e-09,0.12347747658024263,-0.09385442476739914,-0.046927211734252655
2013-02-10 16:00:00,5.55596761543708e-09,0.24192454245604014,-0.08149387619361835,-0.04074693531882537
2013-02-10 17:00:00,6.248617593161822e-09,0.2171399499208973,-0.09952192767970833,-0.049760960715545366
2013-02-10 18:00:00,5.554196925702987e-09,0.19935669936501318,-0.09537603501057278,-0.04768801472818793
2013-02-10 19:00:00,5.5547552310508296e-09,0.18952281928008788,-0.08063077961822009,-0.04031538703173243
2013-02-10 20:00:00,5.5549562220704965e-09,0.18020036404869838,-0.035013118365337936,-0.017506556405190856
2013-02-10 21:00:00,4.859397549177424e-09,0.1736203010004252,-0.014839993647424004,-0.0074199943940132275
2013-02-10 22:00:00,4.857283076199418e-09,0.16273896288890438,0.03384161821429043,0.016920811535786753
2013-02-10 23:00:00,4.857487031115078e-09,0.1636542321037159,0.04626630918266243,0.02313315702007473
2013-02-11 00:00:00,4.8569889542294744e-09,0.16242605269668733,0.045295958921317145,0.02264798188915305
2013-02-11 01:00:00,4.858043931096947e-09,0.16067788367598754,0.035143303852314636,0.017571654355179284
2013-02-11 02:00:00,4.856696016924936e-09,0.15958975502998143,0.038206179655199436,0.019103092255947727
2013-02-11 03:00:00,4.855300614394249e-09,0.1588624935464967,0.03090925674132524,0.015454630798312927
2013-02-11 04:00:00,4.852916728679143e-09,0.15794688070370247,0.02697724735887865,0.013488626105897688
2013-02-11 05:00:00,4.849093172471271e-09,0.1568230925851308,-0.01951135978837922,-0.009755677469643023
2013-02-11 06:00:00,5.5374417836286055e-09,0.1554858298168226,-0.07506682259281941,-0.037533408527688814
2013-02-11 07:00:00,3.2552467592930327e-09,0.13181035455621248,-0.08653546446270474,-0.043267730603728995
2013-02-11 08:00:00,4.994219280246692e-10,3.235344942610891e-08,-0.1150618734927789,-0.05753093649667848
2013-02-11 09:00:00,4.4234079899855734e-10,2.2921081094229583e-08,-0.1162562994129521,-0.05812814948530565
2013-02-11 10:00:00,4.6413225794994836e-10,2.2299087368600096e-08,-0.11669509103103101,-0.058347545283449376
2013-02-11 11:00:00,4.6491325217333915e-10,2.2292334742436918e-08,-0.12172723860570388,-0.060863619070395315
2013-02-11 12:00:00,4.4125990835941583e-10,2.231895135008502e-08,-0.11345285174872143,-0.05672642565373076
2013-02-11 13:00:00,4.267090816555864e-10,2.3000220264433235e-08,-0.11264330295513995,-0.056321651264215435
2013-02-11 14:00:00,9.58731322039527e-10,0.04859304126175886,-0.10623219364888499,-0.05311609634507684
2013-02-11 15:00:00,2.2985538423570894e-09,0.11317325749718252,-0.09385442476739914,-0.046927211234422644
2013-02-11 16:00:00,6.183360613003533e-09,0.20505245301057493,-0.08149387619361835,-0.04074693500512887
2013-02-11 17:00:00,6.1833614583987305e-09,0.1997462232493523,-0.09952192767970833,-0.04976096074817343
2013-02-11 18:00:00,6.183361738781108e-09,0.19366373524749594,-0.09537603501057278,-0.04768801441360552
2013-02-11 19:00:00,6.1833619979224195e-09,0.1869627037713538,-0.08063077961822009,-0.04031538671742904
2013-02-11 20:00:00,6.183362274056628e-09,0.19356729406205433,-0.035013118365337936,-0.01750655609098783
2013-02-11 21:00:00,6.18340669375128e-09,0.20858891637999416,-0.014839993647424004,-0.007419993732008656
2013-02-11 22:00:00,6.183524793937489e-09,0.20644949371147342,0.03384161821429043,0.016920812198907613
2013-02-11 23:00:00,6.184463514996626e-09,0.21037001250792292,0.04626630918266243,0.023133157683562975
2013-02-12 00:00:00,6.190208556317972e-09,0.21936271747703376,0.045295958921317145,0.02264798255576285
2013-02-12 01:00:00,6.1917081166381405e-09,0.22624328096345675,0.035143303852314636,0.017571655022011377
2013-02-12 02:00:00,6.1875127002565376e-09,0.22878227883106286,0.038206179655199436,0.01910309292135607
2013-02-12 03:00:00,6.186010239005793e-09,0.2269625666494676,0.03090925674132524,0.01545463146366774
2013-02-12 04:00:00,6.185489302708616e-09,0.2399831863012511,0.02697724735887865,0.013488626772183975
2013-02-12 05:00:00,6.185782181998486e-09,0.25695270688432376,-0.01951135978837922,-0.009755676801298518
2013-02-12 06:00:00,6.197930761865944e-09,0.26356173317500753,-0.07506682259281941,-0.03753340819744432
2013-02-12 07:00:00,4.490489300827972e-09,0.2249000699402229,-0.08653546446270474,-0.04326772998610772
2013-02-12 08:00:00,2.0374838029492863e-09,0.11602500088650593,-0.1150618734927789,-0.057530935727647545
2013-02-12 09:00:00,1.794225204586647e-09,0.10667748333890237,-0.1162562994129521,-0.05812814880936345
2013-02-12 10:00:00,1.6080275633628746e-09,0.09687005995161302,-0.11669509103103101,-0.05834754471150173
2013-02-12 11:00:00,1.572489200792821e-09,0.09635253345625883,-0.12172723860570388,-0.06086361851660734
2013-02-12 12:00:00,1.8421475291120564e-09,0.11026791655534691,-0.11345285174872143,-0.05672642495328695
2013-02-12 13:00:00,2.4837491823442504e-09,0.14256927757638047,-0.11264330295513995,-0.05632165023569539
2013-02-12 14:00:00,3.3400287859638693e-09,0.20515937450467822,-0.10623219364888499,-0.053116095154428104
2013-02-12 15:00:00,5.223329460828449e-09,0.2704958243239973,-0.09385442476739914,-0.046927209772034836
2013-02-12 16:00:00,0.0940555752286447,0.4040351056481627,-0.08149387619361835,0.006280849517513176
2013-02-12 17:00:00,0.09835592188902682,0.4239418467516581,-0.09952192767970833,-0.0005830028953407521
2013-02-12 18:00:00,0.11193025985514922,0.44436530812767905,-0.09537603501057278,0.008277112422288221
2013-02-12 19:00:00,0.13456482426300626,0.4616368478127858,-0.08063077961822009,0.026967022322393085
2013-02-12 20:00:00,0.148407079428478,0.41757789645562676,-0.035013118365337936,0.05669698053157003
2013-02-12 21:00:00,0.16063514009520657,0.4147418743543237,-0.014839993647424004,0.07289757322389129
2013-02-12 22:00:00,0.30787428863752964,0.4339104729386308,0.03384161821429043,0.17085795342591004
2013-02-12 23:00:00,0.32478587668062037,0.44105415739645826,0.04626630918266243,0.1855260929316414
2013-02-13 00:00:00,0.3349419158249358,0.4456198996336473,0.045295958921317145,0.1901189373731265
2013-02-13 01:00:00,0.3394184194995599,0.4485496704128246,0.035143303852314636,0.18728086167593727
2013-02-13 02:00:00,0.34955596955340934,0.45393388472348273,0.038206179655199436,0.1938810746043044
2013-02-13 03:00:00,0.3503604784572908,0.45459522116853346,0.03090925674132524,0.190634867599308
2013-02-13 04:00:00,0.3583697635625879,0.4579592603056926,0.02697724735887865,0.19267350546073325
2013-02-13 05:00:00,0.37233517961856544,0.46436375564715365,-0.01951135978837922,0.17641190991509312
2013-02-13 06:00:00,0.3893598293747225,0.559521052221447,-0.07506682259281941,0.15714650339095154
2013-02-13 07:00:00,0.0900443881744442,0.36629305698431375,-0.08653546446270474,0.001754461855869728
2013-02-13 08:00:00,2.5527166283073675e-09,0.1794061400787106,-0.1150618734927789,-0.05753093547003114
2013-02-13 09:00:00,1.917085535531291e-09,0.12992941449823092,-0.1162562994129521,-0.05812814874793328
2013-02-13 10:00:00,1.7073711453835549e-09,0.10054178403241767,-0.11669509103103101,-0.05834754466182993
2013-02-13 11:00:00,1.8481302055091198e-09,0.11945390080242914,-0.12172723860570388,-0.060863618378786837
2013-02-13 12:00:00,2.3867592873713305e-09,0.1653276335191807,-0.11345285174872143,-0.05672642468098107
2013-02-13 13:00:00,2.6763892107321257e-09,0.1833367529250608,-0.11264330295513995,-0.05632165013937537
2013-02-13 14:00:00,3.415188922957676e-09,0.2352103656406528,-0.10623219364888499,-0.05311609511684803
2013-02-13 15:00:00,6.0428975544151265e-09,0.29982811546450205,-0.09385442476739914,-0.04692720936225079
2013-02-13 16:00:00,0.1611982316074676,0.5170859394176428,-0.08149387619361835,0.039852177706924626
2013-02-13 17:00:00,0.13661100285270802,0.5120139278550686,-0.09952192767970833,0.01854453758649985
2013-02-13 18:00:00,0.09775719791310483,0.4632322403100789,-0.09537603501057278,0.0011905814512660276
2013-02-13 19:00:00,1.285906583071447e-08,0.37737849631742026,-0.08063077961822009,-0.04031538337957713
2013-02-13 20:00:00,7.559485999764648e-09,0.3444834925921909,-0.035013118365337936,-0.017506555402925967
2013-02-13 21:00:00,6.473687402281352e-09,0.33525879858635904,-0.014839993647424004,-0.007419993586868301
2013-02-13 22:00:00,6.271592526884628e-09,0.32605560908740067,0.03384161821429043,0.01692081224294148
2013-02-13 23:00:00,6.2518636110773115e-09,0.3186270672479291,0.04626630918266243,0.02313315771726302
2013-02-14 00:00:00,6.253377370950834e-09,0.31029801329415546,0.045295958921317145,0.022647982587347258
2013-02-14 01:00:00,6.24969702857627e-09,0.2981565334768838,0.035143303852314636,0.017571655051005833
2013-02-14 02:00:00,6.24969094410269e-09,0.289254739326784,0.038206179655199436,0.01910309295244519
2013-02-14 03:00:00,6.250815353750238e-09,0.2873804879939523,0.03090925674132524,0.015454631496070298
2013-02-14 04:00:00,6.2517062338995e-09,0.2868111672418325,0.02697724735887865,0.01348862680529244
2013-02-14 05:00:00,6.2520153892608575e-09,0.2868206059599971,-0.01951135978837922,-0.009755676768181915
2013-02-14 06:00:00,6.252103481140584e-09,0.28832788235260937,-0.07506682259281941,-0.03753340817035796
2013-02-14 07:00:00,4.071540390178078e-09,0.2348489153032201,-0.08653546446270474,-0.04326773019558217
2013-02-14 08:00:00,1.0243303651719229e-09,0.08513769792586431,-0.1150618734927789,-0.05753093623422426
2013-02-14 09:00:00,6.618998704886735e-10,1.8817083500343457e-07,-0.1162562994129521,-0.058128149375526114
2013-02-14 10:00:00,3.6007354069980543e-10,2.2362502734188005e-08,-0.11669509103103101,-0.058347545335478736
2013-02-14 11:00:00,3.7554227666328307e-10,2.236723216234748e-08,-0.12172723860570388,-0.0608636191150808
2013-02-14 12:00:00,3.665810399464133e-10,2.2434694056073608e-08,-0.11345285174872143,-0.05672642569107019
2013-02-14 13:00:00,4.182854473239908e-10,3.5485242053106326e-08,-0.11264330295513995,-0.05632165126842725
2013-02-14 14:00:00,1.1153860765260759e-09,0.08753180450088739,-0.10623219364888499,-0.05311609626674946
2013-02-14 15:00:00,2.392204962094955e-09,0.12593471271770568,-0.09385442476739914,-0.04692721118759709
2013-02-14 16:00:00,6.2418888258526705e-09,0.2524348257917457,-0.08149387619361835,-0.04074693497586476
2013-02-14 17:00:00,6.235450416506818e-09,0.24935828882457364,-0.09952192767970833,-0.049760960722128954
2013-02-14 18:00:00,6.228659216401742e-09,0.23998935145892122,-0.09537603501057278,-0.04768801439095678
2013-02-14 19:00:00,6.222433212180302e-09,0.22700826644531516,-0.08063077961822009,-0.04031538669789344
2013-02-14 20:00:00,6.215140640028167e-09,0.22185124659602112,-0.035013118365337936,-0.01750655607509865
2013-02-14 21:00:00,6.217475749652917e-09,0.23325545406204667,-0.014839993647424004,-0.007419993714974127
2013-02-14 22:00:00,6.313651852822794e-09,0.2528200604897296,0.03384161821429043,0.01692081226397114
2013-02-14 23:00:00,6.564182137998453e-09,0.2573741309379322,0.04626630918266243,0.023133157873422284
2013-02-15 00:00:00,7.0178504617381866e-09,0.2619332675876078,0.045295958921317145,0.022647982969583803
2013-02-15 01:00:00,8.00148865384864e-09,0.27627954080225425,0.035143303852314636,0.017571655926901644
2013-02-15 02:00:00,1.0273321056052612e-08,0.30371563466312496,0.038206179655199436,0.019103094964260246
2013-02-15 03:00:00,0.0018310293230224648,0.32068333542641536,0.03090925674132524,0.016370143032173854
2013-02-15 04:00:00,0.1102284739793879,0.3372612599672966,0.02697724735887865,0.06860286066913328
2013-02-15 05:00:00,0.11130067016683831,0.35276190531501084,-0.01951135978837922,0.04589465518922955
2013-02-15 06:00:00,0.1219087603689585,0.3636771451764984,-0.07506682259281941,0.023420968888069542
2013-02-15 07:00:00,0.07553957209904229,0.3103587960755679,-0.08653546446270474,-0.005497946181831227
2013-02-15 08:00:00,3.297284757772872e-09,0.19619851956872628,-0.1150618734927789,-0.057530935097747066
2013-02-15 09:00:00,2.7656802799420844e-09,0.16214092093585447,-0.1162562994129521,-0.05812814832363591
2013-02-15 10:00:00,2.418651410356781e-09,0.1488599527580195,-0.11669509103103101,-0.058347544306189804
2013-02-15 11:00:00,2.2966416436612266e-09,0.14431384606963044,-0.12172723860570388,-0.06086361815453112
2013-02-15 12:00:00,2.595650320690189e-09,0.15878284425099787,-0.11345285174872143,-0.05672642457653555
2013-02-15 13:00:00,3.1116694072971567e-09,0.19979281831691445,-0.11264330295513995,-0.05632164992173527
2013-02-15 14:00:00,4.729240948120769e-09,0.26878575605420496,-0.10623219364888499,-0.05311609445982202
2013-02-15 15:00:00,0.07329962919590029,0.3339819066137532,-0.09385442476739914,-0.010277397785749424
2013-02-15 16:00:00,0.35112348072376737,0.5013788701871562,-0.08149387619361835,0.1348148022650745
2013-02-15 17:00:00,0.34401129668842073,0.5935736083155603,-0.09952192767970833,0.1222446845043562
2013-02-15 18:00:00,0.3453012499720356,0.5548500956586427,-0.09537603501057278,0.1249626074807314
2013-02-15 19:00:00,0.35058083995794653,0.49816852510063603,-0.08063077961822009,0.13497503016986323
2013-02-15 20:00:00,0.3588909366884848,0.4599445540504454,-0.035013118365337936,0.16193890916157344
2013-02-15 21:00:00,0.367089285132959,0.46133882176609187,-0.014839993647424004,0.1761246457427675
2013-02-15 22:00:00,0.3780032982491583,0.4669530601154376,0.03384161821429043,0.20592245823172436
2013-02-15 23:00:00,0.3901489267999806,0.4714065843922101,0.04626630918266243,0.21820761799132152
2013-02-16 00:00:00,0.3914568082994087,0.47154134349520177,0.045295958921317145,0.21837638361036293
2013-02-16 01:00:00,0.39107534347816125,0.4711055872640322,0.035143303852314636,0.21310932366523794
2013-02-16 02:00:00,0.3941164591541242,0.47263244148789296,0.038206179655199436,0.21616131940466182
2013-02-16 03:00:00,0.39605029902005995,0.4735545160192511,0.03090925674132524,0.21347977788069258
2013-02-16 04:00:00,0.4008974609567994,0.47606044503493256,0.02697724735887865,0.21393735415783902
2013-02-16 05:00:00,0.40281561944868377,0.4771410170984052,-0.01951135978837922,0.19165212983015228
2013-02-16 06:00:00,0.40460696665904494,0.47786588884202247,-0.07506682259281941,0.16477007203311278
2013-02-16 07:00:00,0.09758336114443716,0.3783252387837929,-0.08653546446270474,0.005523948340866211
2013-02-16 08:00:00,4.266325993646748e-09,0.2443712365063699,-0.1150618734927789,-0.057530934613226455
2013-02-16 09:00:00,4.589555011662123e-09,0.26283295035794785,-0.1162562994129521,-0.05812814741169854
2013-02-16 10:00:00,3.9724353978919606e-09,0.2383446232205204,-0.11669509103103101,-0.05834754352929781
2013-02-16 11:00:00,3.8051584608689415e-09,0.23067540196631822,-0.12172723860570388,-0.060863617400272706
2013-02-16 12:00:00,4.415877743162818e-09,0.2537817416110468,-0.11345285174872143,-0.05672642366642184
2013-02-16 13:00:00,4.57022899281155e-09,0.2589647748664719,-0.11264330295513995,-0.056321649192455484
2013-02-16 14:00:00,6.497442035400937e-09,0.3140413569200979,-0.10623219364888499,-0.05311609357572148
2013-02-16 15:00:00,0.07784886333898766,0.3577492750220373,-0.09385442476739914,-0.008002780714205737
2013-02-16 16:00:00,0.41411523284912605,0.4865524501552781,-0.08149387619361835,0.16631067832775384
2013-02-16 17:00:00,0.3952128802349169,0.47727113589902187,-0.09952192767970833,0.1478454762776043
2013-02-16 18:00:00,0.3868717429510316,0.47381611691823383,-0.09537603501057278,0.1457478539702294
2013-02-16 19:00:00,0.3800656360189546,0.47131831972575455,-0.08063077961822009,0.14971742820036726
2013-02-16 20:00:00,0.3766219862957473,0.47045454266606773,-0.035013118365337936,0.17080443396520467
2013-02-16 21:00:00,0.37535111429465645,0.4701604065675263,-0.014839993647424004,0.18025556032361623
2013-02-16 22:00:00,0.3772272573246995,0.4704355174718855,0.03384161821429043,0.20553443776949498
2013-02-16 23:00:00,0.37906624888762736,0.4713831283908506,0.04626630918266243,0.2126662790351449
2013-02-17 00:00:00,0.38826152600404323,0.4826693885241687,0.045295958921317145,0.2167787424626802
2013-02-17 01:00:00,0.40683676708318445,0.49236348393794144,0.035143303852314636,0.22099003546774953
2013-02-17 02:00:00,0.4095061297253476,0.4932466764030507,0.038206179655199436,0.22385615469027353
2013-02-17 03:00:00,0.41339449732167893,0.4943286754249706,0.03090925674132524,0.22215187703150208
2013-02-17 04:00:00,0.417953885709075,0.49715796922108685,0.02697724735887865,0.2224655665339768
2013-02-17 05:00:00,0.4221272761621902,0.506741651981034,-0.01951135978837922,0.2013079581869055
2013-02-17 06:00:00,0.41941801803892537,0.5010410222373605,-0.07506682259281941,0.17217559772305296
2013-02-17 07:00:00,1.0274208557680093e-08,0.3824070859225897,-0.08653546446270474,-0.043267727094248094
2013-02-17 08:00:00,3.1625868318111e-09,0.1904413089936689,-0.1150618734927789,-0.05753093516509603
2013-02-17 09:00:00,2.9624125116082324e-09,0.18031003954020344,-0.1162562994129521,-0.05812814822526979
2013-02-17 10:00:00,2.7170995843907155e-09,0.16744525536987934,-0.11669509103103101,-0.05834754415696571
2013-02-17 11:00:00,2.6863389073654574e-09,0.16582782990828662,-0.12172723860570388,-0.06086361795968249
2013-02-17 12:00:00,3.3896454209079813e-09,0.20095525591720964,-0.11345285174872143,-0.056726424179538
2013-02-17 13:00:00,3.5553119029202247e-09,0.20897051883408796,-0.11264330295513995,-0.056321649699914024
2013-02-17 14:00:00,5.365918404667814e-09,0.2632867135992686,-0.10623219364888499,-0.05311609414148329
2013-02-17 15:00:00,8.156066639642719e-09,0.3475866501720066,-0.09385442476739914,-0.04692720830566625
2013-02-17 16:00:00,0.4204438780950255,0.4845544309303102,-0.08149387619361835,0.16947500095070356
2013-02-17 17:00:00,0.39973825527432993,0.4743601612864123,-0.09952192767970833,0.1501081637973108
2013-02-17 18:00:00,0.38253780856127584,0.46562139186774903,-0.09537603501057278,0.14358088677535152
2013-02-17 19:00:00,0.37516289657883156,0.4619603048727931,-0.08063077961822009,0.14726605848030574
2013-02-17 20:00:00,0.37271924358149805,0.46084617173364417,-0.035013118365337936,0.16885306260808006
2013-02-17 21:00:00,0.3745458736857617,0.4619379020670915,-0.014839993647424004,0.17985294001916885
2013-02-17 22:00:00,0.37979847526805194,0.4673507899499451,0.03384161821429043,0.2068200467411712
2013-02-17 23:00:00,0.38398336050675785,0.4686732615966609,0.04626630918266243,0.21512483484471015
2013-02-18 00:00:00,0.3804322972172,0.4676689401981971,0.045295958921317145,0.21286412806925858
2013-02-18 01:00:00,0.38195653179781147,0.46866432219280113,0.035143303852314636,0.20854991782506305
2013-02-18 02:00:00,0.384371054897797,0.4697868961146442,0.038206179655199436,0.21128861727649823
2013-02-18 03:00:00,0.39368769573380286,0.4737749236024593,0.03090925674132524,0.21229847623756404
2013-02-18 04:00:00,0.3954007749681081,0.4749487432729306,0.02697724735887865,0.21118901116349337
2013-02-18 05:00:00,0.3873609521089282,0.4726205310546926,-0.01951135978837922,0.1839247961602745
2013-02-18 06:00:00,0.39081580732978854,0.473906085492039,-0.07506682259281941,0.15787449236848455
2013-02-18 07:00:00,0.08842341438208788,0.36297131250834935,-0.08653546446270474,0.0009439749596915695
2013-02-18 08:00:00,2.8273483348881903e-09,0.17476161729975515,-0.1150618734927789,-0.05753093533271528
2013-02-18 09:00:00,1.967018608537459e-09,0.12408137950023249,-0.1162562994129521,-0.058128148722966747
2013-02-18 10:00:00,1.4862368603526925e-09,0.10738431653977104,-0.11669509103103101,-0.05834754477239708
2013-02-18 11:00:00,1.1907723520986622e-09,0.1004666592271413,-0.12172723860570388,-0.06086361870746576
2013-02-18 12:00:00,1.6054634663023686e-09,0.11289868187629927,-0.11345285174872143,-0.05672642507162898
2013-02-18 13:00:00,1.7384323386630698e-09,0.11920806621201492,-0.11264330295513995,-0.056321650608353806
2013-02-18 14:00:00,2.6376233467207476e-09,0.14748362496846973,-0.10623219364888499,-0.053116095505630824
2013-02-18 15:00:00,4.783710208941682e-09,0.24236825334789838,-0.09385442476739914,-0.046927209991844465
2013-02-18 16:00:00,0.1263722786474932,0.378275542363341,-0.08149387619361835,0.022439201226937426
2013-02-18 17:00:00,0.11244945130585451,0.3617540099615155,-0.09952192767970833,0.006463761813073093
2013-02-18 18:00:00,0.10126304940535356,0.3470434750567084,-0.09537603501057278,0.0029435071973903937
2013-02-18 19:00:00,0.10163059180994513,0.3331880110559581,-0.08063077961822009,0.010499906095862523
2013-02-18 20:00:00,0.08701079146123504,0.31677886522788784,-0.035013118365337936,0.025998836547948552
2013-02-18 21:00:00,0.07541295671455037,0.2984864867897498,-0.014839993647424004,0.03028648153356318
2013-02-18 22:00:00,7.413995233387596e-09,0.2628114221286504,0.03384161821429043,0.01692081281414283
2013-02-18 23:00:00,6.885167250455027e-09,0.22907938679807266,0.04626630918266243,0.02313315803391484
2013-02-19 00:00:00,6.369314506510598e-09,0.20504836860178408,0.045295958921317145,0.022647982645315826
2013-02-19 01:00:00,6.2772499868313765e-09,0.19468024723776994,0.035143303852314636,0.01757165506478231
2013-02-19 02:00:00,6.338238397669221e-09,0.18755666533155754,0.038206179655199436,0.019103092996718918
2013-02-19 03:00:00,6.385803549273889e-09,0.18184857930056456,0.03090925674132524,0.015454631563564395
2013-02-19 04:00:00,6.536142045164467e-09,0.18176832163350742,0.02697724735887865,0.013488626947510346
2013-02-19 05:00:00,6.8663548686963794e-09,0.20835208588626566,-0.01951135978837922,-0.009755676461012174
2013-02-19 06:00:00,7.444781343318395e-09,0.2263661124431523,-0.07506682259281941,-0.03753340757401903
2013-02-19 07:00:00,5.076540613216968e-09,0.17558494182808687,-0.08653546446270474,-0.04326772969308206
2013-02-19 08:00:00,2.5245002918999226e-09,0.11438341544118029,-0.1150618734927789,-0.0575309354841393
2013-02-19 09:00:00,1.5221484996995067e-09,0.10091678651891405,-0.1162562994129521,-0.058128148945401796
2013-02-19 10:00:00,1.3703759476059175e-09,0.09610457077287317,-0.11669509103103101,-0.05834754483032753
2013-02-19 11:00:00,1.380458803089535e-09,0.09503128585772154,-0.12172723860570388,-0.06086361861262254
2013-02-19 12:00:00,1.531633403251879e-09,0.10285923349990196,-0.11345285174872143,-0.05672642510854401
2013-02-19 13:00:00,1.6854431650618984e-09,0.10955329199706057,-0.11264330295513995,-0.0563216506348484
2013-02-19 14:00:00,2.7842876860128488e-09,0.12694544275119973,-0.10623219364888499,-0.05311609543229865
2013-02-19 15:00:00,3.786721769067146e-09,0.15473752386936027,-0.09385442476739914,-0.04692721049033868
2013-02-19 16:00:00,6.239329282417832e-09,0.2262093955733569,-0.08149387619361835,-0.04074693497714453
2013-02-19 17:00:00,6.19308930257652e-09,0.23030104609632943,-0.09952192767970833,-0.04976096074330951
2013-02-19 18:00:00,6.183621303054414e-09,0.2280107732285655,-0.09537603501057278,-0.047688014413475734
2013-02-19 19:00:00,6.183369878377595e-09,0.2265091028735096,-0.08063077961822009,-0.04031538671742511
2013-02-19 20:00:00,6.1834980161229104e-09,0.2226453274423379,-0.035013118365337936,-0.01750655609091996
2013-02-19 21:00:00,6.185983554459622e-09,0.21896289645858955,-0.014839993647424004,-0.0074199937307202245
2013-02-19 22:00:00,6.4390610499648144e-09,0.21854959139315044,0.03384161821429043,0.01692081232667574
2013-02-19 23:00:00,6.906480782573339e-09,0.20197895588345122,0.04626630918266243,0.023133158044571608
2013-02-20 00:00:00,7.716850032370728e-09,0.20658959414479858,0.045295958921317145,0.02264798331908359
2013-02-20 01:00:00,8.400243693309608e-09,0.21243568161626988,0.035143303852314636,0.017571656126279166
2013-02-20 02:00:00,8.549877384070966e-09,0.21243296702069756,0.038206179655199436,0.01910309410253841
2013-02-20 03:00:00,8.800649741409629e-09,0.2148703068210533,0.03090925674132524,0.01545463277098749
2013-02-20 04:00:00,8.185996790856414e-09,0.21339206217004017,0.02697724735887865,0.01348862777243772
2013-02-20 05:00:00,8.209597137454319e-09,0.24500927920259472,-0.01951135978837922,-0.00975567578939104
2013-02-20 06:00:00,0.06502984351197555,0.2478897555172045,-0.07506682259281941,-0.00501848954042193
2013-02-20 07:00:00,3.883968235587221e-09,0.15641192933820777,-0.08653546446270474,-0.043267730289368256
2013-02-20 08:00:00,1.149432288103589e-09,0.08435482265286054,-0.1150618734927789,-0.057530936171673305
2013-02-20 09:00:00,8.686578495797417e-10,0.07580751001156968,-0.1162562994129521,-0.05812814927214712
2013-02-20 10:00:00,8.790813383127683e-10,0.07990638745319495,-0.11669509103103101,-0.05834754507597484
2013-02-20 11:00:00,9.991880747582725e-10,0.08687522095436889,-0.12172723860570388,-0.0608636188032579
2013-02-20 12:00:00,1.5980461886720387e-09,0.10605516289213168,-0.11345285174872143,-0.056726425075337615
2013-02-20 13:00:00,1.6465360885484342e-09,0.1083505011139708,-0.11264330295513995,-0.05632165065430193
2013-02-20 14:00:00,2.3791312668319006e-09,0.1255442208174561,-0.10623219364888499,-0.05311609563487686
2013-02-20 15:00:00,3.800078599559061e-09,0.14573892622510393,-0.09385442476739914,-0.04692721048366027
2013-02-20 16:00:00,0.06937817028265118,0.2707998845529012,-0.08149387619361835,-0.006057852955483584
2013-02-20 17:00:00,0.07055352422200704,0.2739829202051615,-0.09952192767970833,-0.014484201728850642
2013-02-20 18:00:00,0.07157647885133553,0.2726209805432941,-0.09537603501057278,-0.011899778079618624
2013-02-20 19:00:00,0.07145050060054273,0.268564353706563,-0.08063077961822009,-0.0045901395088386795
2013-02-20 20:00:00,0.06876540941228074,0.26139512913203145,-0.035013118365337936,0.0168761455234714
2013-02-20 21:00:00,7.795631485067816e-09,0.25506689774731195,-0.014839993647424004,-0.007419992925896259
2013-02-20 22:00:00,7.765724533453131e-09,0.2584456651484032,0.03384161821429043,0.016920812990007483
2013-02-20 23:00:00,7.294940954476382e-09,0.25017266362384943,0.04626630918266243,0.023133158238801695
2013-02-21 00:00:00,7.507457821012385e-09,0.2459033615058593,0.045295958921317145,0.022647983214387483
2013-02-21 01:00:00,8.029869014260616e-09,0.25238347700567476,0.035143303852314636,0.017571655941091825
2013-02-21 02:00:00,8.860172976389139e-09,0.2633583764562045,0.038206179655199436,0.019103094257686207
2013-02-21 03:00:00,0.00014627041204545794,0.2786198945772847,0.03090925674132524,0.015527763576685349
2013-02-21 04:00:00,0.07454413705641735,0.28725991341617196,0.02697724735887865,0.050760692207648
2013-02-21 05:00:00,0.09650577328822396,0.30280741664732996,-0.01951135978837922,0.03849720674992237
2013-02-21 06:00:00,0.09276131313887198,0.3033261376173733,-0.07506682259281941,0.008847245273026286
2013-02-21 07:00:00,4.105712461135669e-09,0.20184442544310174,-0.08653546446270474,-0.04326773017849614
2013-02-21 08:00:00,1.201542651959744e-09,0.09007770048145991,-0.1150618734927789,-0.05753093614561812
2013-02-21 09:00:00,1.0999311443286972e-09,0.08450930585471043,-0.1162562994129521,-0.058128149156510475
2013-02-21 10:00:00,1.1247797818269719e-09,0.0859514783352207,-0.11669509103103101,-0.058347544953125614
2013-02-21 11:00:00,1.1720452269788892e-09,0.08799516094053625,-0.12172723860570388,-0.060863618716829326
2013-02-21 12:00:00,1.6918719162632763e-09,0.10419363398827985,-0.11345285174872143,-0.05672642502842475
2013-02-21 13:00:00,1.646560213715198e-09,0.10255086435526936,-0.11264330295513995,-0.05632165065428987
2013-02-21 14:00:00,2.315204017625856e-09,0.11889193223583877,-0.10623219364888499,-0.05311609566684049
2013-02-21 15:00:00,3.5847821195417416e-09,0.17332497424344734,-0.09385442476739914,-0.046927210591308506
2013-02-21 16:00:00,0.07525640830456524,0.2970696776648718,-0.08149387619361835,-0.0031187339445265527
2013-02-21 17:00:00,0.08774139370320509,0.3116659577941485,-0.09952192767970833,-0.005890266988251618
2013-02-21 18:00:00,0.08702810689263818,0.30682449100955744,-0.09537603501057278,-0.0041739640589672986
2013-02-21 19:00:00,0.08850971692532524,0.30290242484152186,-0.08063077961822009,0.003939468653552575
2013-02-21 20:00:00,0.09216529220122291,0.3036908315061419,-0.035013118365337936,0.028576086917942486
2013-02-21 21:00:00,0.08582637483345745,0.30731796556104674,-0.014839993647424004,0.03549319059301673
2013-02-21 22:00:00,0.09593852956068892,0.3230883638805735,0.03384161821429043,0.06489007388748967
2013-02-21 23:00:00,0.07897246509542209,0.3241105677140188,0.04626630918266243,0.06261938713904226
2013-02-22 00:00:00,0.08014333280095794,0.32320749973505386,0.045295958921317145,0.06271964586113754
2013-02-22 01:00:00,0.08435546394735816,0.32950446091014696,0.035143303852314636,0.059749383899836396
2013-02-22 02:00:00,0.08518170283257792,0.330971446698086,0.038206179655199436,0.061693941243888675
2013-02-22 03:00:00,0.08570109446380059,0.33048115165140873,0.03090925674132524,0.05830517560256292
2013-02-22 04:00:00,0.09433642345216474,0.3251116651917983,0.02697724735887865,0.06065683540552169
2013-02-22 05:00:00,0.09543219080285976,0.3159303093281214,-0.01951135978837922,0.037960415507240275
2013-02-22 06:00:00,0.0910341711150599,0.31169340133715945,-0.07506682259281941,0.007983674261120247
2013-02-22 07:00:00,4.352115734061264e-09,0.2143002873501537,-0.08653546446270474,-0.0432677300552945
2013-02-22 08:00:00,1.4207541657288987e-09,0.08879458750905796,-0.1150618734927789,-0.057530936036012364
2013-02-22 09:00:00,1.1308704387759625e-09,0.08341453993787935,-0.1162562994129521,-0.05812814914104083
2013-02-22 10:00:00,1.2089996244278937e-09,0.08856169735562971,-0.11669509103103101,-0.058347544911015695
2013-02-22 11:00:00,1.55145108586446e-09,0.09409845748993714,-0.12172723860570388,-0.06086361852712639
2013-02-22 12:00:00,1.871499939027735e-09,0.10524866237967691,-0.11345285174872143,-0.05672642493861074
2013-02-22 13:00:00,1.7219154979612099e-09,0.09753624495085776,-0.11264330295513995,-0.05632165061661223
2013-02-22 14:00:00,2.3046217807616265e-09,0.10706125067896566,-0.10623219364888499,-0.0531160956721316
2013-02-22 15:00:00,3.5603745198308325e-09,0.13836981166205972,-0.09385442476739914,-0.04692721060351231
2013-02-22 16:00:00,0.06633066286282649,0.25132128179330265,-0.08149387619361835,-0.0075816066653959305
2013-02-22 17:00:00,0.07473240108090326,0.27134740549769376,-0.09952192767970833,-0.012394763299402534
2013-02-22 18:00:00,0.07203413837066057,0.26280771734509445,-0.09537603501057278,-0.011670948319956104
2013-02-22 19:00:00,0.07079365862961881,0.2565006822114896,-0.08063077961822009,-0.0049185604943006375
2013-02-22 20:00:00,0.07064347897862894,0.25532260877362484,-0.035013118365337936,0.0178151803066455
2013-02-22 21:00:00,0.07023751434285805,0.25795180715620486,-0.014839993647424004,0.02769876034771702
2013-02-22 22:00:00,0.07225320606185974,0.2739987388178548,0.03384161821429043,0.05304741213807508
2013-02-22 23:00:00,9.492316839120425e-09,0.25854988559371356,0.04626630918266243,0.023133159337489637
2013-02-23 00:00:00,4.7903119987612916e-05,0.26229573967857917,0.045295958921317145,0.02267193102065238
2013-02-23 01:00:00,3.564253931780248e-05,0.25366870560480725,0.035143303852314636,0.01758947319581622
2013-02-23 02:00:00,3.5411224908589294e-05,0.2437779962156302,0.038206179655199436,0.019120795440054014
2013-02-23 03:00:00,3.723194053587355e-05,0.23767885811254758,0.03090925674132524,0.015473244340930557
2013-02-23 04:00:00,3.3672385749805686e-05,0.21478654231055364,0.02697724735887865,0.013505459872314227
2013-02-23 05:00:00,1.043891759406291e-08,0.20055228055373925,-0.01951135978837922,-0.009755674674730812
2013-02-23 06:00:00,9.115301296505667e-09,0.18924331318077672,-0.07506682259281941,-0.03753340673875906
2013-02-23 07:00:00,3.2337867622705726e-09,0.13572954243086227,-0.08653546446270474,-0.04326773061445899
2013-02-23 08:00:00,1.2835430668161447e-09,0.09504695365318318,-0.1150618734927789,-0.057530936104617916
2013-02-23 09:00:00,1.0889668836252052e-09,0.08377150810375046,-0.1162562994129521,-0.058128149161992604
2013-02-23 10:00:00,1.0683326513827716e-09,0.05851708639513803,-0.11669509103103101,-0.058347544981349184
2013-02-23 11:00:00,1.1139248704816162e-09,0.08585149215547436,-0.12172723860570388,-0.060863618745889504
2013-02-23 12:00:00,1.2596482677188789e-09,0.09257440201021848,-0.11345285174872143,-0.056726425244536575
2013-02-23 13:00:00,1.2427323631967334e-09,0.09263843719508137,-0.11264330295513995,-0.056321650856203796
2013-02-23 14:00:00,1.4329288579635355e-09,0.10226425465380347,-0.10623219364888499,-0.053116096107978066
2013-02-23 15:00:00,2.228152967947807e-09,0.11821243963102812,-0.09385442476739914,-0.046927211269623084
2013-02-23 16:00:00,4.809294453453417e-09,0.15989489785979766,-0.08149387619361835,-0.04074693569216195
2013-02-23 17:00:00,4.809280618859768e-09,0.15934650533465658,-0.09952192767970833,-0.04976096143521386
2013-02-23 18:00:00,4.809280787372372e-09,0.1581044467731762,-0.09537603501057278,-0.04768801510064599
2013-02-23 19:00:00,4.809280922843297e-09,0.1592776360631501,-0.08063077961822009,-0.040315387404469584
2013-02-23 20:00:00,4.816445638588716e-09,0.16350074920090552,-0.035013118365337936,-0.01750655677444615
2013-02-23 21:00:00,4.814034437672627e-09,0.16852875866566513,-0.014839993647424004,-0.007419994416694783
2013-02-23 22:00:00,4.809281249956051e-09,0.17930170199395393,0.03384161821429043,0.01692081151178584
2013-02-23 23:00:00,4.809299759984544e-09,0.18069681443313518,0.04626630918266243,0.023133156995981095
2013-02-24 00:00:00,4.809281633239737e-09,0.1795819888216095,0.045295958921317145,0.02264798186529939
2013-02-24 01:00:00,4.809281831489944e-09,0.17961359643848282,0.035143303852314636,0.017571654330798235
2013-02-24 02:00:00,4.8092823535489e-09,0.1805571183783736,0.038206179655199436,0.019103092232240895
2013-02-24 03:00:00,4.8092823304197036e-09,0.18310637312131947,0.03090925674132524,0.015454630775303785
2013-02-24 04:00:00,4.809282333723874e-09,0.18508206107205347,0.02697724735887865,0.013488626084080491
2013-02-24 05:00:00,4.122241804916649e-09,0.1857616909730775,-0.01951135978837922,-0.009755677833068707
2013-02-24 06:00:00,4.809281193785171e-09,0.18701532849337107,-0.07506682259281941,-0.03753340889176911
2013-02-24 07:00:00,2.5718066317796556e-09,0.1474809360454815,-0.08653546446270474,-0.04326773094544906
2013-02-24 08:00:00,1.3903472140402992e-09,0.11242645381075919,-0.1150618734927789,-0.05753093605121584
2013-02-24 09:00:00,1.2199218526161496e-09,0.10296986730816644,-0.1162562994129521,-0.05812814909651512
2013-02-24 10:00:00,1.199257520097425e-09,0.10136224812605629,-0.11669509103103101,-0.05834754491588674
2013-02-24 11:00:00,1.2517422095430884e-09,0.10517555487959766,-0.12172723860570388,-0.060863618676980834
2013-02-24 12:00:00,1.433382894830779e-09,0.11664979195131997,-0.11345285174872143,-0.056726425157669264
2013-02-24 13:00:00,1.4148499513892504e-09,0.11513808177638216,-0.11264330295513995,-0.056321650770145004
2013-02-24 14:00:00,1.6547549282087502e-09,0.12903332896182404,-0.10623219364888499,-0.05311609599706503
2013-02-24 15:00:00,2.3264048542999434e-09,0.1418033215679978,-0.09385442476739914,-0.04692721122049714
2013-02-24 16:00:00,5.362031165621738e-09,0.18765235703409172,-0.08149387619361835,-0.04074693541579359
2013-02-24 17:00:00,6.1833620149152934e-09,0.2223133825557548,-0.09952192767970833,-0.049760960748173155
2013-02-24 18:00:00,6.183362426992508e-09,0.22514021368499382,-0.09537603501057278,-0.04768801441360517
2013-02-24 19:00:00,6.183362707374974e-09,0.22816699389605624,-0.08063077961822009,-0.04031538671742869
2013-02-24 20:00:00,6.183369534271047e-09,0.2276911860733587,-0.035013118365337936,-0.017506556090984202
2013-02-24 21:00:00,6.183385643596456e-09,0.23684800198149167,-0.014839993647424004,-0.00741999373201918
2013-02-24 22:00:00,6.1834795738505e-09,0.23901115504473547,0.03384161821429043,0.016920812198885003
2013-02-24 23:00:00,6.1833978828314984e-09,0.22782531820530202,0.04626630918266243,0.023133157683030158
2013-02-25 00:00:00,6.183385324977655e-09,0.22010937372958547,0.045295958921317145,0.022647982552351235
2013-02-25 01:00:00,6.1833701884983435e-09,0.2178273560056834,0.035143303852314636,0.017571655017842414
2013-02-25 02:00:00,6.183380452238225e-09,0.21481523953232803,0.038206179655199436,0.019103092919289945
2013-02-25 03:00:00,6.183378893133159e-09,0.21006301618488657,0.03090925674132524,0.015454631462352066
2013-02-25 04:00:00,6.183364958932062e-09,0.20439941092398942,0.02697724735887865,0.013488626771121804
2013-02-25 05:00:00,6.1833626436516846e-09,0.2217759960642498,-0.01951135978837922,-0.009755676802508287
2013-02-25 06:00:00,6.183362571431957e-09,0.23612139830633658,-0.07506682259281941,-0.03753340820472842
2013-02-25 07:00:00,3.6551489190560284e-09,0.1572788901190774,-0.08653546446270474,-0.04326773040377791
2013-02-25 08:00:00,2.296613193681024e-09,0.11909393351151623,-0.1150618734927789,-0.05753093559808285
2013-02-25 09:00:00,2.178096439325019e-09,0.11395182975073279,-0.1162562994129521,-0.05812814861742783
2013-02-25 10:00:00,2.0521694993533112e-09,0.10999374678343296,-0.11669509103103101,-0.058347544489430754
2013-02-25 11:00:00,2.0466368583797992e-09,0.10979711572288145,-0.12172723860570388,-0.06086361827953351
2013-02-25 12:00:00,2.598806176993022e-09,0.11931512497025532,-0.11345285174872143,-0.05672642457495763
2013-02-25 13:00:00,2.157719460946463e-09,0.11254971364695344,-0.11264330295513995,-0.056321650398710246
2013-02-25 14:00:00,2.4677031416133442e-09,0.12299624157158759,-0.10623219364888499,-0.053116095590590925
2013-02-25 15:00:00,3.2989063268910348e-09,0.14617248584294462,-0.09385442476739914,-0.046927210734246404
2013-02-25 16:00:00,5.325298986115794e-09,0.23460861881477255,-0.08149387619361835,-0.040746935434159685
2013-02-25 17:00:00,6.183363008998564e-09,0.24926748493838785,-0.09952192767970833,-0.04976096074817266
2013-02-25 18:00:00,6.183363578260069e-09,0.25148020769954477,-0.09537603501057278,-0.047688014413604596
2013-02-25 19:00:00,6.18340673623408e-09,0.2558832062023699,-0.08063077961822009,-0.04031538671740668
2013-02-25 20:00:00,6.183494778839766e-09,0.26150414898173524,-0.035013118365337936,-0.01750655609092158
2013-02-25 21:00:00,6.1861312109855404e-09,0.2657075067316927,-0.014839993647424004,-0.007419993730646396
2013-02-25 22:00:00,6.1864516048590665e-09,0.2617954982461328,0.03384161821429043,0.01692081220037102
2013-02-25 23:00:00,6.192298813689096e-09,0.25990855937797985,0.04626630918266243,0.023133157687480622
2013-02-26 00:00:00,6.234312681258443e-09,0.26132412054022713,0.045295958921317145,0.022647982577814915
2013-02-26 01:00:00,6.3631900282771476e-09,0.2655727078459841,0.035143303852314636,0.017571655107752333
2013-02-26 02:00:00,6.567565498961938e-09,0.278538000566849,0.038206179655199436,0.019103093111382467
2013-02-26 03:00:00,6.741589551864738e-09,0.2929161403238592,0.03090925674132524,0.015454631741457395
2013-02-26 04:00:00,6.986090535392649e-09,0.30436263630549204,0.02697724735887865,0.013488627172484592
2013-02-26 05:00:00,7.612376908468037e-09,0.3152109738161509,-0.01951135978837922,-0.009755676088001155
2013-02-26 06:00:00,0.07674460931094718,0.3272812767109612,-0.07506682259281941,0.0008388933590638831
2013-02-26 07:00:00,4.586207693567849e-09,0.2610474099010782,-0.08653546446270474,-0.043267729938248525
2013-02-26 08:00:00,2.9595651999114264e-09,0.18504511506063315,-0.1150618734927789,-0.057530935266606846
2013-02-26 09:00:00,3.0275516779851795e-09,0.17855371327728575,-0.1162562994129521,-0.05812814819270021
2013-02-26 10:00:00,3.010632897067382e-09,0.17615812576694825,-0.11669509103103101,-0.05834754401019906
2013-02-26 11:00:00,3.0337794872482475e-09,0.171374243062643,-0.12172723860570388,-0.06086361778596219
2013-02-26 12:00:00,3.770549303606127e-09,0.20825280827348744,-0.11345285174872143,-0.05672642398908606
2013-02-26 13:00:00,3.757135498512689e-09,0.19860988222859405,-0.11264330295513995,-0.05632164959900223
2013-02-26 14:00:00,4.719722469578797e-09,0.24001365978312078,-0.10623219364888499,-0.05311609446458126
2013-02-26 15:00:00,6.118715726358037e-09,0.2785192115641922,-0.09385442476739914,-0.046927209324341704
2013-02-26 16:00:00,0.10732466842498295,0.34477196158004153,-0.08149387619361835,0.0129153961156823
2013-02-26 17:00:00,0.11949569052411915,0.3551281889692428,-0.09952192767970833,0.009986881422205413
2013-02-26 18:00:00,0.11521082740486367,0.34937764300886137,-0.09537603501057278,0.009917396197145448
2013-02-26 19:00:00,0.11484470085260616,0.35019085299218455,-0.08063077961822009,0.017106960617193037
2013-02-26 20:00:00,0.12188849371769152,0.35963377200509933,-0.035013118365337936,0.04343768767617679
2013-02-26 21:00:00,0.1387029452035532,0.3769587217630387,-0.014839993647424004,0.0619314757780646
2013-02-26 22:00:00,0.1714701240121762,0.4079185285479893,0.03384161821429043,0.10265587111323332
2013-02-26 23:00:00,0.16834441194280422,0.4067398602440084,0.04626630918266243,0.10730536056273332
2013-02-27 00:00:00,0.1618405533066674,0.40438700129143224,0.045295958921317145,0.10356825611399229
2013-02-27 01:00:00,0.1733057140501227,0.4125399481231115,0.035143303852314636,0.10422450895121868
2013-02-27 02:00:00,0.2908409655698684,0.4212040026610205,0.038206179655199436,0.16452357261253392
2013-02-27 03:00:00,0.2978164305065708,0.4258012213227585,0.03090925674132524,0.164362843623948
2013-02-27 04:00:00,0.3010847203983674,0.42789306195669913,0.02697724735887865,0.16403098387862303
2013-02-27 05:00:00,0.30648014423667364,0.43084269270452646,-0.01951135978837922,0.14348439222414722
2013-02-27 06:00:00,0.3072909688142665,0.43135660276473886,-0.07506682259281941,0.11611207311072354
2013-02-27 07:00:00,7.448644377225544e-09,0.30793000786309915,-0.08653546446270474,-0.04326772850703018
2013-02-27 08:00:00,3.6772163676713393e-09,0.23096667629889076,-0.1150618734927789,-0.057530934907781266
2013-02-27 09:00:00,3.316980066319346e-09,0.21754385682911637,-0.1162562994129521,-0.058128148047986015
2013-02-27 10:00:00,2.8330255846495622e-09,0.19088289192982374,-0.11669509103103101,-0.05834754409900272
2013-02-27 11:00:00,2.5561216829560032e-09,0.17371549811993486,-0.12172723860570388,-0.060863618024791094
2013-02-27 12:00:00,2.915198589122658e-09,0.19697157418689365,-0.11345285174872143,-0.05672642441676142
2013-02-27 13:00:00,2.7808128599261704e-09,0.18228807724038118,-0.11264330295513995,-0.05632165008716355
2013-02-27 14:00:00,3.6558273824702704e-09,0.23181999455515326,-0.10623219364888499,-0.053116094996528807
2013-02-27 15:00:00,5.014732135196742e-09,0.28935264655543524,-0.09385442476739914,-0.0469272098763335
2013-02-27 16:00:00,0.10128089807577852,0.38920169724584674,-0.08149387619361835,0.009893510941080083
2013-02-27 17:00:00,0.11120337465842599,0.39789794504181863,-0.09952192767970833,0.00584072348935883
2013-02-27 18:00:00,0.10067073012063309,0.38387900566521943,-0.09537603501057278,0.002647347555030155
2013-02-27 19:00:00,0.09835460043414047,0.3794982179451781,-0.08063077961822009,0.008861910407960194
2013-02-27 20:00:00,0.09864323981996362,0.37824628751140976,-0.035013118365337936,0.03181506072731284
2013-02-27 21:00:00,0.10264034481701324,0.3807935886352097,-0.014839993647424004,0.04390017558479462
2013-02-27 22:00:00,0.10339701046200767,0.3818739253806421,0.03384161821429043,0.06861931433814905
2013-02-27 23:00:00,0.11073182403485923,0.386846691154119,0.04626630918266243,0.07849906660876083
2013-02-28 00:00:00,0.12053620869979607,0.3929347263192038,0.045295958921317145,0.08291608381055661
2013-02-28 01:00:00,0.13311400729823727,0.3961890438953545,0.035143303852314636,0.08412865557527596
2013-02-28 02:00:00,0.13574071808140625,0.3962990724675202,0.038206179655199436,0.08697344886830284
2013-02-28 03:00:00,0.12551662604532146,0.3861613061365884,0.03090925674132524,0.07821294139332335
2013-02-28 04:00:00,0.10676790228381686,0.3674451212237361,0.02697724735887865,0.06687257482134776
2013-02-28 05:00:00,0.09982763028857847,0.35596852505804494,-0.01951135978837922,0.040158135250099626
2013-02-28 06:00:00,0.0966783061118777,0.34843577784209767,-0.07506682259281941,0.010805741759529142
2013-02-28 07:00:00,3.94694972066312e-09,0.23094319103185973,-0.08653546446270474,-0.04326773025787751
2013-02-28 08:00:00,2.08622470277631e-09,0.1247844447189674,-0.1150618734927789,-0.057530935703277095
2013-02-28 09:00:00,2.0568445130215834e-09,0.12409037681313749,-0.1162562994129521,-0.05812814867805379
2013-02-28 10:00:00,1.7165857060966163e-09,0.12078143623564604,-0.11669509103103101,-0.05834754465722265
2013-02-28 11:00:00,1.7314069253014546e-09,0.12078136603473212,-0.12172723860570388,-0.06086361843714848
2013-02-28 12:00:00,2.5258083003477346e-09,0.14607642275923416,-0.11345285174872143,-0.05672642461145656
2013-02-28 13:00:00,2.2902909938383385e-09,0.13498862517868881,-0.11264330295513995,-0.05632165033242448
2013-02-28 14:00:00,3.0514294831492034e-09,0.1541466897961418,-0.10623219364888499,-0.05311609529872775
2013-02-28 15:00:00,3.5194761716781104e-09,0.19070400957414288,-0.09385442476739914,-0.046927210623961484
2013-02-28 16:00:00,6.46052849738905e-09,0.28729560179700336,-0.08149387619361835,-0.040746934866544925
2013-02-28 17:00:00,7.690694493545377e-09,0.29423964519313,-0.09952192767970833,-0.049760959994506915
2013-02-28 18:00:00,0.06609134146443069,0.28429813967695683,-0.09537603501057278,-0.014642346773071045
2013-02-28 19:00:00,7.131252941681458e-09,0.27299438915370927,-0.08063077961822009,-0.040315386243483575
2013-02-28 20:00:00,6.6123961987606e-09,0.255324567930276,-0.035013118365337936,-0.017506555876470868
2013-02-28 21:00:00,6.406528121177572e-09,0.2386267097260381,-0.014839993647424004,-0.007419993620447942
2013-02-28 22:00:00,6.315376815883452e-09,0.23282480011431406,0.03384161821429043,0.016920812264833624
2013-02-28 23:00:00,6.334851022629265e-09,0.21326683908498953,0.04626630918266243,0.02313315775875673
2013-03-01 00:00:00,5.532093684999715e-09,0.21134053985313758,0.033162363903608924,0.016581184717851305
2013-03-01 01:00:00,5.503366136993336e-09,0.20913534416870186,0.037686755005790835,0.018843380254578487
2013-03-01 02:00:00,6.186779836013339e-09,0.21109368807186024,0.037686755005790835,0.018843380596285337
2013-03-01 03:00:00,6.184796724694934e-09,0.21770318349877127,0.04402449797676492,0.022012252080780823
2013-03-01 04:00:00,6.183432459675727e-09,0.2213180260920383,0.04362103532090651,0.021810520752169486
2013-03-01 05:00:00,6.184010361020773e-09,0.2590320252997281,-0.007379331626927882,-0.0036896627214587606
2013-03-01 06:00:00,6.183363459309894e-09,0.27462288802131,-0.067968866443335,-0.03398443012998577
2013-03-01 07:00:00,3.492997247850004e-09,0.18964619357634815,-0.11604086426603973,-0.058020430386521236
2013-03-01 08:00:00,2.2395391463803164e-09,0.13098557140332967,-0.12691370276417602,-0.06345685026231844
2013-03-01 09:00:00,2.146173820909333e-09,0.12708076186390163,-0.12137691716660064,-0.06068845751021341
2013-03-01 10:00:00,1.6696193710330882e-09,0.11737902546359315,-0.12200935844790646,-0.06100467838914354
2013-03-01 11:00:00,1.5271727330001903e-09,0.11046905036455666,-0.12438857770125897,-0.062194288087043116
2013-03-01 12:00:00,1.5887421329373481e-09,0.11481363012999048,-0.12510360196708017,-0.06255180018916902
2013-03-01 13:00:00,1.469576943450605e-09,0.10644704743246083,-0.12623493489520496,-0.06311746671281401
2013-03-01 14:00:00,1.970552371291673e-09,0.11965926590542905,-0.11902582891925308,-0.05951291347435035
2013-03-01 15:00:00,2.9014673497013538e-09,0.15258220420554439,-0.1093537350174187,-0.05467686605797568
2013-03-01 16:00:00,5.619550146219322e-09,0.2721362093594357,-0.08438098542666797,-0.04219048990355891
2013-03-01 17:00:00,0.06946262246713507,0.3014233778918151,-0.08706961383831636,-0.008803495685590648
2013-03-01 18:00:00,0.07886816070067354,0.3069576318667221,-0.09847847998592872,-0.00980515964262759
2013-03-01 19:00:00,0.0884988152196935,0.31567626290916057,-0.07203335178627886,0.008232731716707319
2013-03-01 20:00:00,0.0971155800764308,0.32278394539104127,-0.020391302400731393,0.0383621388378497
2013-03-01 21:00:00,0.10282131669368692,0.34199755587662145,-0.0073039736874140355,0.047758671503136445
2013-03-01 22:00:00,0.11844865197318213,0.3606322327510829,0.026612508138195375,0.07253058005568876
2013-03-01 23:00:00,0.09918280996019302,0.3752258863584877,0.03666573705561116,0.06792427350790209
2013-03-02 00:00:00,0.13563906996436373,0.3977119904282588,0.033162363903608924,0.08440071693398632
2013-03-02 01:00:00,0.1467141417939885,0.4187626231705819,0.037686755005790835,0.09220044839988967
2013-03-02 02:00:00,0.1235162750370317,0.43970524971057523,0.037686755005790835,0.08060151502141127
2013-03-02 03:00:00,0.22806911689353482,0.44537400596160837,0.04402449797676492,0.13604680743514988
2013-03-02 04:00:00,0.00017604904655296952,0.44780979205458316,0.04362103532090651,0.02189854218372974
2013-03-02 05:00:00,0.0001291650124400227,0.4393203994020465,-0.007379331626927882,-0.00362508330724393
2013-03-02 06:00:00,0.00013780474905533368,0.40003986199417807,-0.067968866443335,-0.03391553084713983
2013-03-02 07:00:00,2.6663329606222654e-09,0.15763743055165075,-0.11604086426603973,-0.05802043079985338
2013-03-02 08:00:00,5.430840559287099e-10,3.565240530302322e-08,-0.12691370276417602,-0.06345685111054598
2013-03-02 09:00:00,5.228833438707197e-10,2.939701252868547e-08,-0.12137691716660064,-0.060688458321858645
2013-03-02 10:00:00,5.732733745386005e-10,2.986692377905962e-08,-0.12200935844790646,-0.061004678937316544
2013-03-02 11:00:00,5.764757365185494e-10,3.000877020512684e-08,-0.12438857770125897,-0.06219428856239161
2013-03-02 12:00:00,6.094114287012751e-10,2.9240304843813762e-08,-0.12510360196708017,-0.06255180067883437
2013-03-02 13:00:00,6.200971325191834e-10,2.9576275151961074e-08,-0.12623493489520496,-0.06311746713755391
2013-03-02 14:00:00,5.105205064969174e-10,2.7690403621623988e-08,-0.11902582891925308,-0.05951291420436629
2013-03-02 15:00:00,9.78086524430261e-10,0.015246158756653461,-0.1093537350174187,-0.054676867019666085
2013-03-02 16:00:00,3.6041289313710556e-09,0.15971016322525894,-0.08438098542666797,-0.04219049091126952
2013-03-02 17:00:00,5.50173827386377e-09,0.19454917523226456,-0.08706961383831636,-0.043534804168289046
2013-03-02 18:00:00,5.49632104712567e-09,0.18699132563292317,-0.09847847998592872,-0.049239237244803835
2013-03-02 19:00:00,5.496321379430684e-09,0.18050405543496584,-0.07203335178627886,-0.036016673144978736
2013-03-02 20:00:00,5.4963212925782335e-09,0.17513118049818543,-0.020391302400731393,-0.01019564845220505
2013-03-02 21:00:00,5.4963662787392275e-09,0.17152502059939814,-0.0073039736874140355,-0.0036519840955238784
2013-03-02 22:00:00,4.837478165826339e-09,0.1686269643686047,0.026612508138195375,0.01330625648783677
2013-03-02 23:00:00,4.875013783753259e-09,0.16798906141391537,0.03666573705561116,0.01833287096531247
2013-03-03 00:00:00,4.911963319984078e-09,0.1695266085242434,0.033162363903608924,0.016581184407786123
2013-03-03 01:00:00,4.951450584921046e-09,0.17180022391966332,0.037686755005790835,0.01884337997862071
2013-03-03 02:00:00,4.9344664507487005e-09,0.1724820320489003,0.037686755005790835,0.018843379970128644
2013-03-03 03:00:00,4.9228910416356965e-09,0.17421046292782325,0.04402449797676492,0.02201225144982798
2013-03-03 04:00:00,4.929545787249783e-09,0.17679633819980145,0.04362103532090651,0.02181052012522615
2013-03-03 05:00:00,5.021762979223845e-09,0.18057959831797024,-0.007379331626927882,-0.0036896633025824514
2013-03-03 06:00:00,5.442806501374827e-09,0.19102798421511535,-0.067968866443335,-0.03398443050026425
2013-03-03 07:00:00,1.5233029436995837e-09,1.0252251478895275e-06,-0.11604086426603973,-0.05802043137136839
2013-03-03 08:00:00,7.261619457746163e-10,3.8414766128204526e-08,-0.12691370276417602,-0.06345685101900704
2013-03-03 09:00:00,7.488539711062605e-10,3.799545540765883e-08,-0.12137691716660064,-0.060688458208873336
2013-03-03 10:00:00,6.802321235344855e-10,3.894775400221237e-08,-0.12200935844790646,-0.06100467888383717
2013-03-03 11:00:00,6.71967612945802e-10,3.786136706170362e-08,-0.12438857770125897,-0.06219428851464568
2013-03-03 12:00:00,6.879849994686118e-10,3.675725434356589e-08,-0.12510360196708017,-0.06255180063954759
2013-03-03 13:00:00,6.961013493493075e-10,3.707719556404379e-08,-0.12623493489520496,-0.06311746709955181
2013-03-03 14:00:00,5.863700681769547e-10,3.507571727567546e-08,-0.11902582891925308,-0.059512914166441507
2013-03-03 15:00:00,1.4043028994051313e-09,0.1287555170750802,-0.1093537350174187,-0.0546768668065579
2013-03-03 16:00:00,8.160321276853666e-09,0.2998841897435034,-0.08438098542666797,-0.042190488633173345
2013-03-03 17:00:00,0.11287566878144138,0.3916540556556314,-0.08706961383831636,0.012903027471562509
2013-03-03 18:00:00,0.11763402333912608,0.39205750447972015,-0.09847847998592872,0.009577771676598679
2013-03-03 19:00:00,0.13290544056552858,0.40456220537981635,-0.07203335178627886,0.030436044389624863
2013-03-03 20:00:00,0.15145196939672978,0.4194407100573116,-0.020391302400731393,0.0655303334979992
2013-03-03 21:00:00,0.28744856557031256,0.4368643363369193,-0.0073039736874140355,0.14007229594144927
2013-03-03 22:00:00,0.31208012867441937,0.4541847434390092,0.026612508138195375,0.16934631840630737
2013-03-03 23:00:00,0.3388215902046343,0.4780586983844036,0.03666573705561116,0.18774366363012274
2013-03-04 00:00:00,0.36093244074724606,0.49378284214331825,0.033162363903608924,0.1970474023254275
2013-03-04 01:00:00,0.3712509025125235,0.5014251208894739,0.037686755005790835,0.20446882875915717
2013-03-04 02:00:00,0.37036778239283796,0.5026116175420632,0.037686755005790835,0.2040272686993144
2013-03-04 03:00:00,0.3506420516481255,0.48607925535491203,0.04402449797676492,0.19733327481244523
2013-03-04 04:00:00,0.3356105504394238,0.46658287185978425,0.04362103532090651,0.18961579288016514
2013-03-04 05:00:00,0.3189456487830928,0.45366533140046467,-0.007379331626927882,0.15578315857808245
2013-03-04 06:00:00,0.3044132140112619,0.4394355864612779,-0.067968866443335,0.11822217378396346
2013-03-04 07:00:00,1.8570218975960591e-09,0.12474868202844994,-0.11604086426603973,-0.058020431204508914
2013-03-04 08:00:00,4.809746331445346e-10,2.8675531512525883e-08,-0.12691370276417602,-0.0634568511416007
2013-03-04 09:00:00,5.64627782187846e-10,2.9441277799568365e-08,-0.12137691716660064,-0.060688458300986424
2013-03-04 10:00:00,5.471492726791226e-10,2.9265768556747653e-08,-0.12200935844790646,-0.061004678950378595
2013-03-04 11:00:00,5.526232927682895e-10,2.9633307862503385e-08,-0.12438857770125897,-0.06219428857431784
2013-03-04 12:00:00,5.597104765170031e-10,2.92723498788949e-08,-0.12510360196708017,-0.06255180070368485
2013-03-04 13:00:00,5.799253236694537e-10,2.8333467271649372e-08,-0.12623493489520496,-0.06311746715763981
2013-03-04 14:00:00,4.364530098145883e-10,2.4996476682118965e-08,-0.11902582891925308,-0.05951291424140003
2013-03-04 15:00:00,8.321160947712318e-10,0.08612105081699514,-0.1093537350174187,-0.0546768670926513
2013-03-04 16:00:00,4.2525962266523735e-09,0.21685624726828362,-0.08438098542666797,-0.04219049058703587
2013-03-04 17:00:00,8.83155838929779e-09,0.2738852131644604,-0.08706961383831636,-0.04353480250337899
2013-03-04 18:00:00,7.68918927916194e-09,0.23304343288253096,-0.09847847998592872,-0.04923923614836972
2013-03-04 19:00:00,7.053162053039898e-09,0.21756790036625084,-0.07203335178627886,-0.0360166723665584
2013-03-04 20:00:00,6.846451579198073e-09,0.21244345736198456,-0.020391302400731393,-0.010195647777139907
2013-03-04 21:00:00,6.722340774270428e-09,0.20913551857268817,-0.0073039736874140355,-0.0036519834825366306
2013-03-04 22:00:00,6.57293111364213e-09,0.1932765091511305,0.026612508138195375,0.013306257355563244
2013-03-04 23:00:00,6.737815639084438e-09,0.18615668882929176,0.03666573705561116,0.0183328718967134
2013-03-05 00:00:00,6.225238583416488e-09,0.1932917564793206,0.033162363903608924,0.016581185064423753
2013-03-05 01:00:00,6.3083032856691216e-09,0.19941916621372263,0.037686755005790835,0.01884338065704706
2013-03-05 02:00:00,6.53387939261165e-09,0.20599149334659847,0.037686755005790835,0.018843380769835116
2013-03-05 03:00:00,8.020636377323945e-09,0.2157748973385858,0.04402449797676492,0.02201225299870065
2013-03-05 04:00:00,8.99918581666161e-09,0.25252124266460885,0.04362103532090651,0.021810522160046163
2013-03-05 05:00:00,9.519632379637137e-09,0.2628127009792679,-0.007379331626927882,-0.0036896610536477515
2013-03-05 06:00:00,9.637346975956002e-09,0.2733336902872384,-0.067968866443335,-0.03398442840299401
2013-03-05 07:00:00,1.0132106795603318e-09,0.09418807430690562,-0.11604086426603973,-0.05802043162641452
2013-03-05 08:00:00,4.84768204335031e-10,2.7542621562164275e-08,-0.12691370276417602,-0.06345685113970391
2013-03-05 09:00:00,5.272478592567743e-10,2.650979483059767e-08,-0.12137691716660064,-0.06068845831967639
2013-03-05 10:00:00,5.137263166427136e-10,2.4653885859911302e-08,-0.12200935844790646,-0.061004678967090074
2013-03-05 11:00:00,5.503358746713391e-10,2.5107829135120013e-08,-0.12438857770125897,-0.06219428857546155
2013-03-05 12:00:00,5.128308301001806e-10,2.500144747926563e-08,-0.12510360196708017,-0.06255180072712467
2013-03-05 13:00:00,4.892478947466574e-10,2.5614431223493884e-08,-0.12623493489520496,-0.06311746720297853
2013-03-05 14:00:00,4.161408837571297e-10,2.4840971556614087e-08,-0.11902582891925308,-0.059512914251556095
2013-03-05 15:00:00,1.0849518818949055e-09,0.0935091199657888,-0.1093537350174187,-0.05467686696623341
2013-03-05 16:00:00,5.2455780148896255e-09,0.2666899500217021,-0.08438098542666797,-0.04219049009054498
2013-03-05 17:00:00,0.08975180994490504,0.35381980884484726,-0.08706961383831636,0.00134109805329434
2013-03-05 18:00:00,0.08312358520707504,0.33862218684784545,-0.09847847998592872,-0.007677447389426842
2013-03-05 19:00:00,0.10329399145569802,0.32646729071121927,-0.07203335178627886,0.015630319834709583
2013-03-05 20:00:00,0.06404028581771212,0.3215448564756113,-0.020391302400731393,0.021824491708490365
2013-03-05 21:00:00,0.06581927575616317,0.3310155691902439,-0.0073039736874140355,0.02925765103437457
2013-03-05 22:00:00,0.1188885422900694,0.379356736154276,0.026612508138195375,0.07275052521413239
2013-03-05 23:00:00,0.009542156374728356,0.406670926843962,0.03666573705561116,0.023103946715169757
2013-03-06 00:00:00,0.21999897123332124,0.43516520773812234,0.033162363903608924,0.1265806675684651
2013-03-06 01:00:00,0.25997464420922733,0.46315021468877693,0.037686755005790835,0.14883069960750908
2013-03-06 02:00:00,0.3182382811197951,0.46835573140748554,0.037686755005790835,0.17796251806279295
2013-03-06 03:00:00,0.33368933940147616,0.47040697480749727,0.04402449797676492,0.18885691868912055
2013-03-06 04:00:00,0.3387500015861939,0.4689075032587907,0.04362103532090651,0.1911855184535502
2013-03-06 05:00:00,0.3382545108547092,0.4580688875011856,-0.007379331626927882,0.16543758961389066
2013-03-06 06:00:00,0.33707064528772357,0.44966489468659776,-0.067968866443335,0.1345508894221943
2013-03-06 07:00:00,2.2092632510358804e-09,0.1337474939365796,-0.11604086426603973,-0.05802043102838824
2013-03-06 08:00:00,6.790078128324243e-10,0.014465870228401533,-0.12691370276417602,-0.0634568510425841
2013-03-06 09:00:00,3.353975579511958e-10,2.1568552382906328e-08,-0.12137691716660064,-0.06068845841560154
2013-03-06 10:00:00,3.755730711752373e-10,2.167877259101891e-08,-0.12200935844790646,-0.061004679036166694
2013-03-06 11:00:00,3.990613430200711e-10,2.199699778007277e-08,-0.12438857770125897,-0.062194288651098814
2013-03-06 12:00:00,3.7545764358527446e-10,2.1874325900757255e-08,-0.12510360196708017,-0.06255180079581127
2013-03-06 13:00:00,3.454351247589576e-10,2.1704895484149522e-08,-0.12623493489520496,-0.06311746727488492
2013-03-06 14:00:00,6.532125016371122e-10,0.03251371463954497,-0.11902582891925308,-0.05951291413302029
2013-03-06 15:00:00,1.7542466565690726e-09,0.11246588494935396,-0.1093537350174187,-0.054676866631586024
2013-03-06 16:00:00,5.818887909077964e-09,0.2637999529161762,-0.08438098542666797,-0.04219048980389003
2013-03-06 17:00:00,0.04945635632219312,0.30357622533208617,-0.08706961383831636,-0.018806628758061623
2013-03-06 18:00:00,7.49903874821646e-09,0.23082833155640095,-0.09847847998592872,-0.049239236243444985
2013-03-06 19:00:00,6.383674426203566e-09,0.2023271504319906,-0.07203335178627886,-0.03601667270130222
2013-03-06 20:00:00,6.198900278172759e-09,0.19134635220135968,-0.020391302400731393,-0.010195648100915557
2013-03-06 21:00:00,6.183473146058304e-09,0.1931463416052497,-0.0073039736874140355,-0.003651983751970445
2013-03-06 22:00:00,5.496321609778503e-09,0.18224269086482184,0.026612508138195375,0.013306256817258492
2013-03-06 23:00:00,4.809282720311905e-09,0.1825705905888539,0.03666573705561116,0.01833287093244694
2013-03-07 00:00:00,4.809282674053505e-09,0.18354069958268626,0.033162363903608924,0.0165811843564458
2013-03-07 01:00:00,4.809282601361735e-09,0.18264445171382734,0.037686755005790835,0.01884337990753672
2013-03-07 02:00:00,4.809282555103337e-09,0.18287065480988524,0.037686755005790835,0.018843379907536695
2013-03-07 03:00:00,4.809282518757454e-09,0.18274360298188988,0.04402449797676492,0.02201225139302372
2013-03-07 04:00:00,4.809282393198952e-09,0.17998597622949644,0.04362103532090651,0.021810520065094454
2013-03-07 05:00:00,5.4963202088109215e-09,0.17806094242447545,-0.007379331626927882,-0.0036896630653038367
2013-03-07 06:00:00,6.1833590751495424e-09,0.17400317119449313,-0.067968866443335,-0.03398443012998796
2013-03-07 07:00:00,2.19467801129257e-09,0.11419778884601392,-0.11604086426603973,-0.05802043103568086
2013-03-07 08:00:00,9.79425409251218e-10,0.08387669040341823,-0.12691370276417602,-0.06345685089237531
2013-03-07 09:00:00,4.542279450824969e-10,2.519117188077789e-08,-0.12137691716660064,-0.060688458356186345
2013-03-07 10:00:00,4.133723240053762e-10,2.3652123062947768e-08,-0.12200935844790646,-0.06100467901726707
2013-03-07 11:00:00,4.3147460986025866e-10,2.3802635070393584e-08,-0.12438857770125897,-0.06219428863489218
2013-03-07 12:00:00,4.136678142512312e-10,2.366050052464714e-08,-0.12510360196708017,-0.06255180077670618
2013-03-07 13:00:00,4.597309557290598e-10,2.5348369705877267e-08,-0.12623493489520496,-0.063117467217737
2013-03-07 14:00:00,1.0556620754012964e-09,0.08815483296275979,-0.11902582891925308,-0.0595129139317955
2013-03-07 15:00:00,1.8530022597090786e-09,0.11284313588006512,-0.1093537350174187,-0.05467686658220822
2013-03-07 16:00:00,3.678493228215834e-09,0.1456014617664939,-0.08438098542666797,-0.04219049087408737
2013-03-07 17:00:00,5.49631953287264e-09,0.15745221643503995,-0.08706961383831636,-0.04353480417099841
2013-03-07 18:00:00,4.8092800075886585e-09,0.15377822696210258,-0.09847847998592872,-0.04923923758832436
2013-03-07 19:00:00,4.809280093497021e-09,0.15264414104096669,-0.07203335178627886,-0.03601667348849938
2013-03-07 20:00:00,4.809280050542839e-09,0.15322341266836553,-0.020391302400731393,-0.010195648795725671
2013-03-07 21:00:00,4.8092801166261965e-09,0.15423538026795727,-0.0073039736874140355,-0.0036519844390669595
2013-03-07 22:00:00,4.122241445234107e-09,0.15850499874176308,0.026612508138195375,0.01330625613021841
2013-03-07 23:00:00,4.1222419861740175e-09,0.15991347125225525,0.03666573705561116,0.018332870588926572
2013-03-08 00:00:00,4.122241895545331e-09,0.15918330326048297,0.033162363903608924,0.01658118401292541
2013-03-08 01:00:00,4.122241813413088e-09,0.1579628117342479,0.037686755005790835,0.018843379564016324
2013-03-08 02:00:00,4.122241779427333e-09,0.15874340652405844,0.037686755005790835,0.018843379564016306
2013-03-08 03:00:00,4.122241742609433e-09,0.15874691354057727,0.04402449797676492,0.022012251049503332
2013-03-08 04:00:00,4.122241680302218e-09,0.15739916683706948,0.04362103532090651,0.021810519721574096
2013-03-08 05:00:00,4.122240046154579e-09,0.15720580280339247,-0.007379331626927882,-0.003689663752343918
2013-03-08 06:00:00,4.809278857738559e-09,0.15630069695344379,-0.067968866443335,-0.033984430817028066
2013-03-08 07:00:00,1.8144936026063372e-09,0.10481464485178257,-0.11604086426603973,-0.058020431225773064
2013-03-08 08:00:00,9.492935357222367e-10,0.002939976211075212,-0.12691370276417602,-0.06345685090744124
2013-03-08 09:00:00,4.681364354448117e-10,2.5150830521904807e-08,-0.12137691716660064,-0.0606884583492321
2013-03-08 10:00:00,4.574924614838252e-10,2.4664284687070295e-08,-0.12200935844790646,-0.061004678995207
2013-03-08 11:00:00,4.6473650720390614e-10,2.4486255227557453e-08,-0.12438857770125897,-0.06219428861826123
2013-03-08 12:00:00,4.755288264381009e-10,2.5182479855305485e-08,-0.12510360196708017,-0.06255180074577567
2013-03-08 13:00:00,4.840655967771826e-10,2.610066691897454e-08,-0.12623493489520496,-0.06311746720556968
2013-03-08 14:00:00,9.667043195356801e-10,0.0029842934782806723,-0.11902582891925308,-0.05951291397627438
2013-03-08 15:00:00,1.6463159745785204e-09,0.10245715800288727,-0.1093537350174187,-0.05467686668555136
2013-03-08 16:00:00,3.4196330576914494e-09,0.14298776827367712,-0.08438098542666797,-0.042190491003517454
2013-03-08 17:00:00,4.809280278530428e-09,0.1605279721607271,-0.08706961383831636,-0.04353480451451804
2013-03-08 18:00:00,4.809280562688903e-09,0.15847432404375633,-0.09847847998592872,-0.04923923758832408
2013-03-08 19:00:00,4.809280645293118e-09,0.1593733516459546,-0.07203335178627886,-0.03601667348849911
2013-03-08 20:00:00,4.809280694855647e-09,0.1620799017748527,-0.020391302400731393,-0.010195648795725348
2013-03-08 21:00:00,4.809280684943142e-09,0.16501138973180804,-0.0073039736874140355,-0.0036519844390666754
2013-03-08 22:00:00,4.809280622163938e-09,0.16918792534322638,0.026612508138195375,0.013306256473738
2013-03-08 23:00:00,4.809281226826864e-09,0.16924521289401345,0.03666573705561116,0.018332870932446194
2013-03-09 00:00:00,4.809282128865285e-09,0.17011476919776894,0.033162363903608924,0.016581184356445528
2013-03-09 01:00:00,4.809282036348508e-09,0.1702426231157194,0.037686755005790835,0.018843379907536435
2013-03-09 02:00:00,4.122241946523966e-09,0.17108709516147633,0.037686755005790835,0.01884337956401639
2013-03-09 03:00:00,4.12224194369182e-09,0.16878661100436845,0.04402449797676492,0.022012251049503433
2013-03-09 04:00:00,4.122241802084503e-09,0.1671372794840062,0.04362103532090651,0.02181051972157416
2013-03-09 05:00:00,4.1222412045017315e-09,0.1665264690070275,-0.007379331626927882,-0.003689663752343339
2013-03-09 06:00:00,4.1222397771009324e-09,0.1662017096453414,-0.067968866443335,-0.03398443116054761
2013-03-09 07:00:00,1.7726286831647316e-09,0.11953276893599075,-0.11604086426603973,-0.05802043124670552
2013-03-09 08:00:00,1.2088808306461576e-09,1.5823231441026982e-05,-0.12691370276417602,-0.0634568507776476
2013-03-09 09:00:00,8.191399584093401e-10,5.414237951591951e-08,-0.12137691716660064,-0.060688458173730336
2013-03-09 10:00:00,7.49225133759875e-10,5.273596729438323e-08,-0.12200935844790646,-0.06100467884934066
2013-03-09 11:00:00,7.836902387467017e-10,5.428618723014787e-08,-0.12438857770125897,-0.062194288458784365
2013-03-09 12:00:00,9.739835762521057e-10,7.52025274695897e-08,-0.12510360196708017,-0.0625518004965483
2013-03-09 13:00:00,1.0718931855396435e-09,1.3707376419481685e-07,-0.12623493489520496,-0.06311746691165589
2013-03-09 14:00:00,1.5661790289324662e-09,0.11566738384632884,-0.11902582891925308,-0.05951291367653702
2013-03-09 15:00:00,1.8408899826802626e-09,0.12700648760054353,-0.1093537350174187,-0.05467686658826436
2013-03-09 16:00:00,3.65382568499421e-09,0.15563628260701304,-0.08438098542666797,-0.04219049088642114
2013-03-09 17:00:00,4.80928052634305e-09,0.17460562233429214,-0.08706961383831636,-0.04353480451451792
2013-03-09 18:00:00,4.809280599034757e-09,0.1732871558253478,-0.09847847998592872,-0.04923923758832406
2013-03-09 19:00:00,4.809280608947262e-09,0.17158100879079782,-0.07203335178627886,-0.03601667348849912
2013-03-09 20:00:00,4.809280585818083e-09,0.17131431335374497,-0.020391302400731393,-0.010195648795725404
2013-03-09 21:00:00,4.809280529647218e-09,0.17231970456477036,-0.0073039736874140355,-0.003651984439066753
2013-03-09 22:00:00,4.809280516430544e-09,0.1801678783274939,0.026612508138195375,0.013306256473737945
2013-03-09 23:00:00,4.809281973569269e-09,0.17423416995656685,0.03666573705561116,0.018332870932446566
2013-03-10 00:00:00,4.122241719952264e-09,0.17164216185809308,0.033162363903608924,0.016581184012925323
2013-03-10 01:00:00,4.122241626491443e-09,0.17105098940519256,0.037686755005790835,0.01884337956401623
2013-03-10 02:00:00,3.4352015206180607e-09,0.16958221037810622,0.037686755005790835,0.018843379220496177
2013-03-10 03:00:00,3.4352015654603774e-09,0.16836178954493136,0.04402449797676492,0.022012250705983245
2013-03-10 04:00:00,3.4352014852162326e-09,0.1683040678800158,0.04362103532090651,0.021810519378053998
2013-03-10 05:00:00,3.435201308207103e-09,0.16759730158816716,-0.007379331626927882,-0.003689664095863287
2013-03-10 06:00:00,3.4351997434471916e-09,0.16664993750368548,-0.067968866443335,-0.03398443150406762
2013-03-10 07:00:00,1.2797563716533429e-09,7.150200211756638e-08,-0.11604086426603973,-0.05802043149314168
2013-03-10 08:00:00,7.055360992308717e-10,3.672260920072163e-08,-0.12691370276417602,-0.06345685102931996
2013-03-10 09:00:00,6.501972247142909e-10,3.43795429732989e-08,-0.12137691716660064,-0.060688458258201704
2013-03-10 10:00:00,6.264024931275248e-10,3.397088452086113e-08,-0.12200935844790646,-0.06100467891075198
2013-03-10 11:00:00,6.458785853003919e-10,3.489573416235128e-08,-0.12438857770125897,-0.06219428852769019
2013-03-10 12:00:00,7.171419928337655e-10,3.757802853925288e-08,-0.12510360196708017,-0.0625518006249691
2013-03-10 13:00:00,7.25603797903736e-10,3.772829042068314e-08,-0.12623493489520496,-0.06311746708480058
2013-03-10 14:00:00,8.354007192179213e-10,4.1502755403681155e-08,-0.11902582891925308,-0.05951291404192618
2013-03-10 15:00:00,1.0111212532339949e-09,4.996093778398504e-08,-0.1093537350174187,-0.05467686700314872
2013-03-10 16:00:00,2.517783450707572e-09,0.1453044648703793,-0.08438098542666797,-0.04219049145444226
2013-03-10 17:00:00,4.80928048338886e-09,0.16792744383188055,-0.08706961383831636,-0.04353480451451794
2013-03-10 18:00:00,4.809280572601409e-09,0.16599196934939434,-0.09847847998592872,-0.049239237588324075
2013-03-10 19:00:00,4.809280979014171e-09,0.166090934046521,-0.07203335178627886,-0.03601667348849894
2013-03-10 20:00:00,4.809281078139246e-09,0.1687923041834721,-0.020391302400731393,-0.010195648795725158
2013-03-10 21:00:00,4.809281107876768e-09,0.1714330035099666,-0.0073039736874140355,-0.003651984439066464
2013-03-10 22:00:00,4.809281183872663e-09,0.1798788474412999,0.026612508138195375,0.01330625647373828
2013-03-10 23:00:00,4.1222421844242824e-09,0.18386958880594853,0.03666573705561116,0.018332870588926672
2013-03-11 00:00:00,4.122242139109934e-09,0.1829001902689571,0.033162363903608924,0.01658118401292553
2013-03-11 01:00:00,4.122242184424282e-09,0.18798879994161702,0.037686755005790835,0.01884337956401651
2013-03-11 02:00:00,4.122242161767107e-09,0.1876447396001083,0.037686755005790835,0.018843379564016497
2013-03-11 03:00:00,4.122242190088575e-09,0.19050323125807905,0.04402449797676492,0.022012251049503558
2013-03-11 04:00:00,4.809281434989547e-09,0.1897756016192974,0.04362103532090651,0.021810520065093975
2013-03-11 05:00:00,4.809280430522167e-09,0.19230860540149353,-0.007379331626927882,-0.003689663408823726
2013-03-11 06:00:00,4.8092793533635355e-09,0.1935270968220627,-0.067968866443335,-0.03398443081702782
2013-03-11 07:00:00,2.4927345379251013e-09,0.13319958111767033,-0.11604086426603973,-0.058020430886652596
2013-03-11 08:00:00,1.4328876661417773e-09,0.11454428455064666,-0.12691370276417602,-0.06345685066564417
2013-03-11 09:00:00,1.434421455412624e-09,0.11377320941189342,-0.12137691716660064,-0.06068845786608959
2013-03-11 10:00:00,1.3965866003438344e-09,0.11405822475853233,-0.12200935844790646,-0.06100467852565993
2013-03-11 11:00:00,1.4126292879219927e-09,0.11480863528591657,-0.12438857770125897,-0.06219428814431484
2013-03-11 12:00:00,1.5734215754474375e-09,0.1228398397634677,-0.12510360196708017,-0.0625518001968293
2013-03-11 13:00:00,1.4416993247197718e-09,0.11387493016109035,-0.12623493489520496,-0.06311746672675282
2013-03-11 14:00:00,1.581150536255047e-09,0.12086043948904569,-0.11902582891925308,-0.05951291366905127
2013-03-11 15:00:00,2.4549895835546e-09,0.1309526725105341,-0.1093537350174187,-0.054676866281214556
2013-03-11 16:00:00,4.502782167788879e-09,0.17766083453254863,-0.08438098542666797,-0.042190490461942905
2013-03-11 17:00:00,6.184561375126338e-09,0.24960540188325828,-0.08706961383831636,-0.043534803826877494
2013-03-11 18:00:00,6.186065403104384e-09,0.2491417502238267,-0.09847847998592872,-0.049239236899931656
2013-03-11 19:00:00,6.1907302665626794e-09,0.24967965445553808,-0.07203335178627886,-0.0360166727977743
2013-03-11 20:00:00,6.309346041863028e-09,0.25390768020570215,-0.020391302400731393,-0.010195648045692675
2013-03-11 21:00:00,6.70218742597434e-09,0.2538920140731558,-0.0073039736874140355,-0.003651983492613305
2013-03-11 22:00:00,6.647908062587035e-09,0.2670386732425509,0.026612508138195375,0.01330625739305172
2013-03-11 23:00:00,7.210774910965339e-09,0.24566975826266182,0.03666573705561116,0.018332872133193033
2013-03-12 00:00:00,8.744669892938133e-09,0.2707669396010678,0.033162363903608924,0.016581186324139408
2013-03-12 01:00:00,1.134311040383205e-08,0.2951629616425391,0.037686755005790835,0.01884338317445062
2013-03-12 02:00:00,0.00010436483449131224,0.3163506702677339,0.037686755005790835,0.018895559920141074
2013-03-12 03:00:00,0.00011373145358948256,0.3271949484622612,0.04402449797676492,0.022069114715177203
2013-03-12 04:00:00,0.06962495473606362,0.33449451721436435,0.04362103532090651,0.056622995028485064
2013-03-12 05:00:00,0.09330545743281023,0.3380899417845716,-0.007379331626927882,0.04296306290294117
2013-03-12 06:00:00,0.0974060577751363,0.3403915350506466,-0.067968866443335,0.014718595665900655
2013-03-12 07:00:00,5.42801193408735e-09,0.2245646227632125,-0.11604086426603973,-0.0580204294190139
2013-03-12 08:00:00,3.5225210532257482e-09,0.14756957930205614,-0.12691370276417602,-0.06345684962082748
2013-03-12 09:00:00,1.9261474985199485e-09,0.13041993137918362,-0.12137691716660064,-0.060688457620226566
2013-03-12 10:00:00,1.6201025932883382e-09,0.11848535429103613,-0.12200935844790646,-0.06100467841390193
2013-03-12 11:00:00,1.497707072626652e-09,0.11207334768435297,-0.12438857770125897,-0.06219428810177595
2013-03-12 12:00:00,1.5611459827194737e-09,0.11665301968483585,-0.12510360196708017,-0.06255180020296709
2013-03-12 13:00:00,1.5747196142439174e-09,0.11835165635876911,-0.12623493489520496,-0.06311746666024268
2013-03-12 14:00:00,2.1719939761770128e-09,0.13616982276854303,-0.11902582891925308,-0.05951291337362955
2013-03-12 15:00:00,3.981261735125619e-09,0.19684974457524604,-0.1093537350174187,-0.05467686551807848
2013-03-12 16:00:00,0.07394370862617913,0.32048275745621807,-0.08438098542666797,-0.005218638400244419
2013-03-12 17:00:00,0.15499841620959284,0.39351286858485013,-0.08706961383831636,0.03396440118563824
2013-03-12 18:00:00,0.14694576664292655,0.38814189864135823,-0.09847847998592872,0.024233643328498915
2013-03-12 19:00:00,0.14350631556470855,0.38816541540506366,-0.07203335178627886,0.03573648188921485
2013-03-12 20:00:00,0.1416395304790631,0.3903687217965977,-0.020391302400731393,0.06062411403916586
2013-03-12 21:00:00,0.13898706509989225,0.39172138098997317,-0.0073039736874140355,0.06584154570623911
2013-03-12 22:00:00,0.13738588895236128,0.3953751643577354,0.026612508138195375,0.08199919854527833
2013-03-12 23:00:00,0.12781480400263118,0.3976417184998811,0.03666573705561116,0.08224027052912117
2013-03-13 00:00:00,0.12814129938529478,0.39989565781113856,0.033162363903608924,0.08065183164445186
2013-03-13 01:00:00,0.1307202728565958,0.40063064026719486,0.037686755005790835,0.08420351393119331
2013-03-13 02:00:00,0.12770656560010343,0.39589318766057485,0.037686755005790835,0.08269666030294713
2013-03-13 03:00:00,0.11940867786907498,0.38939638558412537,0.04402449797676492,0.08171658792291996
2013-03-13 04:00:00,0.11298909186216885,0.38109907523116265,0.04362103532090651,0.07830506359153769
2013-03-13 05:00:00,0.10481590285195361,0.3716044368819061,-0.007379331626927882,0.04871828561251286
2013-03-13 06:00:00,0.07933418932219227,0.34372137930223473,-0.067968866443335,0.005682661439428638
2013-03-13 07:00:00,2.758894948759409e-09,0.18518900877606356,-0.11604086426603973,-0.05802043075357239
2013-03-13 08:00:00,1.769941769254293e-09,0.11468148520658834,-0.12691370276417602,-0.06345685049711712
2013-03-13 09:00:00,1.66211045313387e-09,0.10977816545820024,-0.12137691716660064,-0.060688457752245094
2013-03-13 10:00:00,1.253959897875213e-09,0.09709040218323398,-0.12200935844790646,-0.06100467859697328
2013-03-13 11:00:00,1.1482618373521742e-09,0.09013584327811947,-0.12438857770125897,-0.06219428827649857
2013-03-13 12:00:00,1.2141864933071266e-09,0.09514813503524804,-0.12510360196708017,-0.06255180037644684
2013-03-13 13:00:00,1.2008904490825578e-09,0.09390999042957583,-0.12623493489520496,-0.06311746684715726
2013-03-13 14:00:00,1.643076278752144e-09,0.11024051384052508,-0.11902582891925308,-0.0595129136380884
2013-03-13 15:00:00,2.455090223219496e-09,0.151505149266415,-0.1093537350174187,-0.054676866281164235
2013-03-13 16:00:00,4.9692427861934525e-09,0.29054632846495604,-0.08438098542666797,-0.042190490228712595
2013-03-13 17:00:00,0.12281927352078781,0.41158291423806215,-0.08706961383831636,0.017874829841235722
2013-03-13 18:00:00,0.1238679346405332,0.4093872975428316,-0.09847847998592872,0.012694727327302237
2013-03-13 19:00:00,0.11239212286334076,0.3992923935244611,-0.07203335178627886,0.02017938553853095
2013-03-13 20:00:00,0.10033006845001795,0.38701939090660686,-0.020391302400731393,0.03996938302464328
2013-03-13 21:00:00,0.09129467630107,0.3744920884981614,-0.0073039736874140355,0.04199535130682798
2013-03-13 22:00:00,0.0905740960988285,0.3748301999214815,0.026612508138195375,0.058593302118511936
2013-03-13 23:00:00,8.89124950026362e-09,0.36232843902152345,0.03666573705561116,0.01833287297343033
2013-03-14 00:00:00,8.163977256774017e-09,0.353059056274492,0.033162363903608924,0.01658118603379309
2013-03-14 01:00:00,8.116323296997267e-09,0.3499251704384645,0.037686755005790835,0.018843381561057065
2013-03-14 02:00:00,8.541327761016657e-09,0.3493335375726814,0.037686755005790835,0.0188433817735593
2013-03-14 03:00:00,9.388946272331856e-09,0.3555836072555619,0.04402449797676492,0.022012253682855597
2013-03-14 04:00:00,0.091270916757547,0.3624427977291773,0.04362103532090651,0.06744597603922675
2013-03-14 05:00:00,0.09974497446129277,0.3713866517206068,-0.007379331626927882,0.04618282141718244
2013-03-14 06:00:00,0.07959256027461116,0.3460389198052384,-0.067968866443335,0.005811846915638082
2013-03-14 07:00:00,2.572697703787432e-09,0.14828626973613468,-0.11604086426603973,-0.05802043084667101
2013-03-14 08:00:00,1.3618299429084078e-09,0.10081490383891809,-0.12691370276417602,-0.06345685070117303
2013-03-14 09:00:00,9.836798297524597e-10,0.08633419339566753,-0.12137691716660064,-0.0606884580914604
2013-03-14 10:00:00,9.492796767720419e-10,0.08388527175226512,-0.12200935844790646,-0.06100467874931339
2013-03-14 11:00:00,1.0128380896018988e-09,0.08837305573909772,-0.12438857770125897,-0.06219428834421044
2013-03-14 12:00:00,1.1799112132662158e-09,0.10008823945762141,-0.12510360196708017,-0.06255180039358448
2013-03-14 13:00:00,1.1813310748771854e-09,0.09881974430392157,-0.12623493489520496,-0.06311746685693694
2013-03-14 14:00:00,1.6199619772059342e-09,0.11160132286881612,-0.11902582891925308,-0.059512913649645546
2013-03-14 15:00:00,2.7533006258921687e-09,0.14177602787428795,-0.1093537350174187,-0.054676866132059035
2013-03-14 16:00:00,6.471147730303929e-09,0.29060324023821105,-0.08438098542666797,-0.04219048947776012
2013-03-14 17:00:00,0.2991781631411235,0.4239621559296071,-0.08706961383831636,0.10605427465140357
2013-03-14 18:00:00,0.3042549236446701,0.426063314941155,-0.09847847998592872,0.10288822182937069
2013-03-14 19:00:00,0.3112434328184811,0.4301108248980127,-0.07203335178627886,0.11960504051610113
2013-03-14 20:00:00,0.31526065577704715,0.43321832426018003,-0.020391302400731393,0.14743467668815788
2013-03-14 21:00:00,0.3137100829618469,0.43469098635731723,-0.0073039736874140355,0.15320305463721642
2013-03-14 22:00:00,0.17064843693727483,0.42260544087921054,0.026612508138195375,0.0986304725377351
2013-03-14 23:00:00,0.12771871044480665,0.4098172694053524,0.03666573705561116,0.0821922237502089
2013-03-15 00:00:00,0.10219284193485725,0.4001964771311755,0.033162363903608924,0.06767760291923308
2013-03-15 01:00:00,9.966760951893047e-09,0.3927979284318057,0.037686755005790835,0.018843382486275893
2013-03-15 02:00:00,8.76375079361241e-09,0.38116066275174154,0.037686755005790835,0.018843381884770815
2013-03-15 03:00:00,7.909005228680266e-09,0.37038960859516545,0.04402449797676492,0.022012252942885075
2013-03-15 04:00:00,7.249881428793389e-09,0.35837333201487875,0.04362103532090651,0.02181052128539397
2013-03-15 05:00:00,6.9662070796172415e-09,0.3501015323585011,-0.007379331626927882,-0.003689662330360401
2013-03-15 06:00:00,5.296576233624381e-09,0.31354169655308967,-0.067968866443335,-0.03398443057337938
2013-03-15 07:00:00,1.1258205032600597e-09,0.10340087010268431,-0.11604086426603973,-0.05802043157010961
2013-03-15 08:00:00,3.88875761328959e-10,3.656868482303317e-08,-0.12691370276417602,-0.06345685118765013
2013-03-15 09:00:00,3.5216903215371476e-10,2.3689004509736234e-08,-0.12137691716660064,-0.0606884584072158
2013-03-15 10:00:00,3.7111097142879e-10,2.3498549029155737e-08,-0.12200935844790646,-0.06100467903839774
2013-03-15 11:00:00,3.779819955926755e-10,2.341107675314632e-08,-0.12438857770125897,-0.06219428866163849
2013-03-15 12:00:00,3.818751308772791e-10,2.376300172142542e-08,-0.12510360196708017,-0.06255180079260252
2013-03-15 13:00:00,3.8738791155464154e-10,2.387215617147849e-08,-0.12623493489520496,-0.06311746725390853
2013-03-15 14:00:00,3.651691847931495e-10,2.403409561513459e-08,-0.11902582891925308,-0.059512914277041945
2013-03-15 15:00:00,8.052144619229324e-10,0.03605967575337876,-0.1093537350174187,-0.05467686710610212
2013-03-15 16:00:00,2.737598284341072e-09,0.154962643715772,-0.08438098542666797,-0.04219049134453484
2013-03-15 17:00:00,6.252041360971485e-09,0.3062274841061027,-0.08706961383831636,-0.043534803793137504
2013-03-15 18:00:00,6.252048127549585e-09,0.29285814602563903,-0.09847847998592872,-0.049239236866940296
2013-03-15 19:00:00,6.252066073384777e-09,0.2703465256133786,-0.07203335178627886,-0.03601667276710639
2013-03-15 20:00:00,6.25209693160219e-09,0.2527599821133122,-0.020391302400731393,-0.010195648074317231
2013-03-15 21:00:00,6.252102742796709e-09,0.24370847107628968,-0.0073039736874140355,-0.0036519837176556464
2013-03-15 22:00:00,6.252102725423915e-09,0.22957580962312005,0.026612508138195375,0.01330625719514905
2013-03-15 23:00:00,6.251286163057512e-09,0.2235438673002454,0.03666573705561116,0.01833287165344866
2013-03-16 00:00:00,6.250230047529688e-09,0.2194533864915528,0.033162363903608924,0.016581185076919486
2013-03-16 01:00:00,4.8596575369203854e-09,0.21188351879312264,0.037686755005790835,0.018843379932724186
2013-03-16 02:00:00,4.857321563752669e-09,0.20322405802965154,0.037686755005790835,0.0188433799315562
2013-03-16 03:00:00,4.855474589599629e-09,0.19798872906333856,0.04402449797676492,0.022012251416119757
2013-03-16 04:00:00,4.853554494150829e-09,0.19147086401276267,0.04362103532090651,0.021810520087230504
2013-03-16 05:00:00,4.850735572991632e-09,0.18469680845472128,-0.007379331626927882,-0.0036896633880961547
2013-03-16 06:00:00,3.1306041482931178e-09,0.15564657347636146,-0.067968866443335,-0.03398443165636542
2013-03-16 07:00:00,7.113489030565872e-10,3.362722805051287e-08,-0.11604086426603973,-0.058020431777345415
2013-03-16 08:00:00,5.875282665185738e-10,3.237048116980432e-08,-0.12691370276417602,-0.06345685108832387
2013-03-16 09:00:00,5.963599753148079e-10,3.0928064279143617e-08,-0.12137691716660064,-0.06068845828512033
2013-03-16 10:00:00,6.761800107807212e-10,3.127924673923551e-08,-0.12200935844790646,-0.06100467888586322
2013-03-16 11:00:00,6.878919800252073e-10,3.154281521951471e-08,-0.12438857770125897,-0.062194288506683494
2013-03-16 12:00:00,7.164755558039242e-10,3.150855557685195e-08,-0.12510360196708017,-0.06255180062530231
2013-03-16 13:00:00,6.208505695351591e-10,3.1403300853276615e-08,-0.12623493489520496,-0.0631174671371772
2013-03-16 14:00:00,6.213198977809724e-10,3.342758586944489e-08,-0.11902582891925308,-0.05951291414896659
2013-03-16 15:00:00,6.807425057741119e-10,3.2214525185593507e-08,-0.1093537350174187,-0.0546768671683381
2013-03-16 16:00:00,1.737201383524971e-09,0.02033270443832967,-0.08438098542666797,-0.042190491844733294
2013-03-16 17:00:00,3.4353102147509157e-09,0.1423631803196003,-0.08706961383831636,-0.043534805201503074
2013-03-16 18:00:00,3.4352076498655648e-09,0.10129095600801717,-0.09847847998592872,-0.04923923827536054
2013-03-16 19:00:00,3.4352001446675458e-09,0.041453794758785925,-0.07203335178627886,-0.03601667417553936
2013-03-16 20:00:00,3.4352001635485057e-09,0.04070490722891241,-0.020391302400731393,-0.010195649482765615
2013-03-16 21:00:00,3.4352002131110273e-09,0.04090388148235834,-0.0073039736874140355,-0.0036519851261069113
2013-03-16 22:00:00,3.4352003476378782e-09,0.042678482339521345,0.026612508138195375,0.01330625578669786
2013-03-16 23:00:00,3.4352004326022105e-09,0.04400850530663946,0.03666573705561116,0.018332870245405794
2013-03-17 00:00:00,3.4352004585635354e-09,0.044643141305894876,0.033162363903608924,0.01658118366940469
2013-03-17 01:00:00,3.4352004137212476e-09,0.03157735143832342,0.037686755005790835,0.018843379220495626
2013-03-17 02:00:00,3.435200349997999e-09,0.026677884077127734,0.037686755005790835,0.018843379220495594
2013-03-17 03:00:00,3.4352002083907873e-09,0.016470561647840765,0.04402449797676492,0.022012250705982565
2013-03-17 04:00:00,3.435200010140711e-09,0.0014047700831644945,0.04362103532090651,0.021810519378053263
2013-03-17 05:00:00,3.4351997953698204e-09,0.002429452512509574,-0.007379331626927882,-0.0036896640958640433
2013-03-17 06:00:00,2.1126516834789585e-09,2.6498370384008015e-07,-0.067968866443335,-0.03398443216534166
2013-03-17 07:00:00,1.0383736618171003e-09,4.4107803218817363e-08,-0.11604086426603973,-0.05802043161383303
2013-03-17 08:00:00,7.606663422350341e-10,4.188456316311287e-08,-0.12691370276417602,-0.06345685100175484
2013-03-17 09:00:00,6.983354145117597e-10,3.852712761099636e-08,-0.12137691716660064,-0.06068845823413261
2013-03-17 10:00:00,6.649578841986315e-10,3.64756683142466e-08,-0.12200935844790646,-0.06100467889147429
2013-03-17 11:00:00,6.834821839705288e-10,3.709538668193785e-08,-0.12438857770125897,-0.06219428850888839
2013-03-17 12:00:00,7.266655281997838e-10,3.830832942605074e-08,-0.12510360196708017,-0.06255180062020732
2013-03-17 13:00:00,7.658547172728258e-10,3.7895266450279705e-08,-0.12623493489520496,-0.06311746706467512
2013-03-17 14:00:00,8.968536690791222e-10,3.716693547652751e-08,-0.11902582891925308,-0.0595129140111997
2013-03-17 15:00:00,8.815736401907104e-10,3.536306070202272e-08,-0.1093537350174187,-0.05467686706792253
2013-03-17 16:00:00,2.3338442406216847e-09,0.1152164003943475,-0.08438098542666797,-0.042190491546411864
2013-03-17 17:00:00,4.122239457068745e-09,0.12899641345420937,-0.08706961383831636,-0.043534804858038456
2013-03-17 18:00:00,4.122239576018756e-09,0.12674186952655525,-0.09847847998592872,-0.04923923793184457
2013-03-17 19:00:00,3.435200031381789e-09,0.1251427536720087,-0.07203335178627886,-0.036016674175539415
2013-03-17 20:00:00,3.4352004113611268e-09,0.1259274395100822,-0.020391302400731393,-0.01019564948276549
2013-03-17 21:00:00,3.435200335837277e-09,0.12675116072627007,-0.0073039736874140355,-0.0036519851261068497
2013-03-17 22:00:00,3.435200758298857e-09,0.1278224275814169,0.026612508138195375,0.013306255786698067
2013-03-17 23:00:00,3.4352008550638146e-09,0.13132715195676048,0.03666573705561116,0.018332870245406006
2013-03-18 00:00:00,3.4352009235073246e-09,0.13363607164268754,0.033162363903608924,0.016581183669404923
2013-03-18 01:00:00,3.4352009966710797e-09,0.13604417121629592,0.037686755005790835,0.018843379220495917
2013-03-18 02:00:00,3.4352010556741097e-09,0.13830680795469477,0.037686755005790835,0.018843379220495945
2013-03-18 03:00:00,4.12224031520826e-09,0.1407864995209878,0.04402449797676492,0.022012251049502617
2013-03-18 04:00:00,4.122240405836876e-09,0.14479945294075883,0.04362103532090651,0.021810519721573458
2013-03-18 05:00:00,4.12223965815091e-09,0.15017524078926733,-0.007379331626927882,-0.003689663752344112
2013-03-18 06:00:00,3.495204765181824e-09,0.1459241301530544,-0.067968866443335,-0.033984431474065116
2013-03-18 07:00:00,1.8898683693073725e-09,0.1101680550136904,-0.11604086426603973,-0.058020431188085676
2013-03-18 08:00:00,1.093684467486215e-09,2.1622777624333952e-07,-0.12691370276417602,-0.06345685083524577
2013-03-18 09:00:00,8.739105187401334e-10,1.8284249434911798e-07,-0.12137691716660064,-0.06068845814634506
2013-03-18 10:00:00,6.172079405069292e-10,4.893360669255486e-08,-0.12200935844790646,-0.06100467891534926
2013-03-18 11:00:00,6.263360406378299e-10,1.3915588267162468e-07,-0.12438857770125897,-0.062194288537461465
2013-03-18 12:00:00,8.540497607412903e-10,1.830404184653957e-07,-0.12510360196708017,-0.06255180055651521
2013-03-18 13:00:00,1.0197366136373001e-09,0.09230408271930869,-0.12623493489520496,-0.06311746693773418
2013-03-18 14:00:00,1.5620663663088315e-09,0.11030584707324816,-0.11902582891925308,-0.059512913678593356
2013-03-18 15:00:00,2.7121999013105045e-09,0.13209893468088435,-0.1093537350174187,-0.0546768661526094
2013-03-18 16:00:00,4.3168273211686514e-09,0.16321174409818773,-0.08438098542666797,-0.04219049055492032
2013-03-18 17:00:00,6.184166286019781e-09,0.19141706143261017,-0.08706961383831636,-0.04353480382707504
2013-03-18 18:00:00,6.183361675057839e-09,0.19502722073977502,-0.09847847998592872,-0.049239236901283526
2013-03-18 19:00:00,6.183361789759725e-09,0.18723565251990223,-0.07203335178627886,-0.03601667280145853
2013-03-18 20:00:00,6.18336187047587e-09,0.19012803902177322,-0.020391302400731393,-0.01019564810868476
2013-03-18 21:00:00,6.1833618662276535e-09,0.19270601756323685,-0.0073039736874140355,-0.0036519837520260848
2013-03-18 22:00:00,6.183362528949765e-09,0.19752960759081745,0.026612508138195375,0.013306257160778953
2013-03-18 23:00:00,5.4963230258515825e-09,0.19646273066494702,0.03666573705561116,0.018332871275967094
2013-03-19 00:00:00,5.496323078718325e-09,0.19640717355871576,0.033162363903608924,0.016581184699966
2013-03-19 01:00:00,5.496323059837345e-09,0.19767889079096812,0.037686755005790835,0.018843380251056946
2013-03-19 02:00:00,5.496323059837345e-09,0.20022803912868084,0.037686755005790835,0.018843380251056946
2013-03-19 03:00:00,5.496322912565709e-09,0.20168537054933436,0.04402449797676492,0.022012251736543916
2013-03-19 04:00:00,6.1833632214095616e-09,0.2008466120379563,0.04362103532090651,0.021810520752134868
2013-03-19 05:00:00,6.1833616962989286e-09,0.2004992980659158,-0.007379331626927882,-0.003689662721783093
2013-03-19 06:00:00,4.938045779773081e-09,0.1769348629417321,-0.067968866443335,-0.03398443075264461
2013-03-19 07:00:00,2.415436393854357e-09,0.12033251342950928,-0.11604086426603973,-0.058020430925301666
2013-03-19 08:00:00,1.1584298469757752e-09,0.0975634636629758,-0.12691370276417602,-0.06345685080287308
2013-03-19 09:00:00,1.0484344110465126e-09,0.09009379909657678,-0.12137691716660064,-0.060688458059083114
2013-03-19 10:00:00,9.5658264160298e-10,0.0853862326959141,-0.12200935844790646,-0.06100467874566191
2013-03-19 11:00:00,9.566369983163454e-10,0.08485498766022638,-0.12438857770125897,-0.06219428837231099
2013-03-19 12:00:00,9.619125199051277e-10,0.08547662112588718,-0.12510360196708017,-0.06255180050258383
2013-03-19 13:00:00,9.711531551130102e-10,0.08640669005265386,-0.12623493489520496,-0.0631174669620259
2013-03-19 14:00:00,1.0757148409644784e-09,0.09403226113826611,-0.11902582891925308,-0.05951291392176912
2013-03-19 15:00:00,1.7596809339290763e-09,0.10716661638383258,-0.1093537350174187,-0.054676866628868885
2013-03-19 16:00:00,3.4340821715301705e-09,0.1578419059818407,-0.08438098542666797,-0.0421904909962929
2013-03-19 17:00:00,6.197586063503644e-09,0.23019509884131778,-0.08706961383831636,-0.04353480382036515
2013-03-19 18:00:00,6.185403617877627e-09,0.22965371808750798,-0.09847847998592872,-0.04923923690026255
2013-03-19 19:00:00,6.183480049669093e-09,0.22921069990193407,-0.07203335178627886,-0.036016672801399405
2013-03-19 20:00:00,6.183600761263915e-09,0.23161709331214075,-0.020391302400731393,-0.010195648108565316
2013-03-19 21:00:00,6.183683103439834e-09,0.2367328195169953,-0.0073039736874140355,-0.003651983751865466
2013-03-19 22:00:00,6.183657441642127e-09,0.2328720119403652,0.026612508138195375,0.013306257160926408
2013-03-19 23:00:00,6.184474266837551e-09,0.23474099902014983,0.03666573705561116,0.018332871620042712
2013-03-20 00:00:00,6.4106639805471736e-09,0.2403551422225106,0.033162363903608924,0.01658118515713645
2013-03-20 01:00:00,6.80920078669481e-09,0.2550872768467534,0.037686755005790835,0.01884338090749581
2013-03-20 02:00:00,6.807925111673991e-09,0.25587417679651536,0.037686755005790835,0.018843380906857974
2013-03-20 03:00:00,6.685909908943339e-09,0.26365866569270835,0.04402449797676492,0.022012252331337415
2013-03-20 04:00:00,6.6722555752874594e-09,0.2654966289750917,0.04362103532090651,0.021810520996581043
2013-03-20 05:00:00,6.486970000685046e-09,0.2654734705759516,-0.007379331626927882,-0.0036896625699789406
2013-03-20 06:00:00,4.799067388915929e-09,0.22774839594174448,-0.067968866443335,-0.0339844308221338
2013-03-20 07:00:00,2.011645445370554e-09,0.13229618198093437,-0.11604086426603973,-0.05802043112719714
2013-03-20 08:00:00,1.2641812728978744e-09,0.10333740711356967,-0.12691370276417602,-0.06345685074999738
2013-03-20 09:00:00,9.251714564842534e-10,0.09311717284340394,-0.12137691716660064,-0.06068845812071459
2013-03-20 10:00:00,8.344283812341635e-10,0.08595271469526544,-0.12200935844790646,-0.061004678806739036
2013-03-20 11:00:00,8.379254626112909e-10,0.08480514934653872,-0.12438857770125897,-0.06219428843166675
2013-03-20 12:00:00,9.235048348673432e-10,0.09016940615333387,-0.12510360196708017,-0.06255180052178767
2013-03-20 13:00:00,1.2524559798091288e-09,0.09813024325044253,-0.12623493489520496,-0.0631174668213745
2013-03-20 14:00:00,1.7908640775521308e-09,0.1128425921219145,-0.11902582891925308,-0.0595129135641945
2013-03-20 15:00:00,3.041162323643744e-09,0.13512884685906326,-0.1093537350174187,-0.05467686598812819
2013-03-20 16:00:00,4.606173527350678e-09,0.20753040167882925,-0.08438098542666797,-0.04219049041024722
2013-03-20 17:00:00,7.825394034891676e-09,0.2675043258529512,-0.08706961383831636,-0.04353480300646116
2013-03-20 18:00:00,0.06836689315797752,0.26584016657898274,-0.09847847998592872,-0.015055793413975602
2013-03-20 19:00:00,0.07164858052842998,0.26887149993325754,-0.07203335178627886,-0.00019238562892443661
2013-03-20 20:00:00,0.07894594129207747,0.2796883244192143,-0.020391302400731393,0.029277319445673036
2013-03-20 21:00:00,0.08584638404148813,0.2904113180654386,-0.0073039736874140355,0.03927120517703705
2013-03-20 22:00:00,0.0002266113659625564,0.29492553221832696,0.026612508138195375,0.013419559752078966
2013-03-20 23:00:00,9.635763700720218e-05,0.30770704214520195,0.03666573705561116,0.01838104734630918
2013-03-21 00:00:00,9.736497401061673e-05,0.32018711480030504,0.033162363903608924,0.01662986443880977
2013-03-21 01:00:00,0.0001082778835780375,0.3317711071532132,0.037686755005790835,0.018897516444684438
2013-03-21 02:00:00,0.00011249092623803534,0.3362881039791735,0.037686755005790835,0.018899622966014436
2013-03-21 03:00:00,0.00015361065488662907,0.336703148626413,0.04402449797676492,0.022089054315825776
2013-03-21 04:00:00,0.00042934969390556407,0.33252914697708325,0.04362103532090651,0.02202519250740604
2013-03-21 05:00:00,0.10672047559488251,0.33144791221604347,-0.007379331626927882,0.04967057198397731
2013-03-21 06:00:00,7.794543941874847e-09,0.28657140933484343,-0.067968866443335,-0.03398442932439553
2013-03-21 07:00:00,3.3230354581382296e-09,0.17929944460257263,-0.11604086426603973,-0.058020430471502134
2013-03-21 08:00:00,1.7912190734220918e-09,0.12241265493433803,-0.12691370276417602,-0.06345685048647848
2013-03-21 09:00:00,1.45851315873817e-09,0.11903363665800568,-0.12137691716660064,-0.06068845785404374
2013-03-21 10:00:00,1.5003280951235798e-09,0.12136507296051577,-0.12200935844790646,-0.06100467847378918
2013-03-21 11:00:00,1.6450655188003398e-09,0.12906574480055658,-0.12438857770125897,-0.06219428802809673
2013-03-21 12:00:00,1.7801966889950883e-09,0.13582627769931743,-0.12510360196708017,-0.06255180009344175
2013-03-21 13:00:00,1.787754058824299e-09,0.13465265506531965,-0.12623493489520496,-0.06311746655372545
2013-03-21 14:00:00,2.3354664386114382e-09,0.14560914776382589,-0.11902582891925308,-0.059512913291893316
2013-03-21 15:00:00,3.229928130485166e-09,0.1544908581091844,-0.1093537350174187,-0.054676865893745284
2013-03-21 16:00:00,5.207248050025333e-09,0.24909082471960275,-0.08438098542666797,-0.04219049010970996
2013-03-21 17:00:00,0.11059062334399987,0.3640474066278778,-0.08706961383831636,0.011760504752841752
2013-03-21 18:00:00,0.09040653691268417,0.3391296641820549,-0.09847847998592872,-0.004035971536622274
2013-03-21 19:00:00,0.08883992593620989,0.33028910321774657,-0.07203335178627886,0.008403287074965515
2013-03-21 20:00:00,9.563839434242707e-09,0.316073232445729,-0.020391302400731393,-0.010195646418445978
2013-03-21 21:00:00,6.906895379512848e-09,0.2820478001614139,-0.0073039736874140355,-0.003651983390259328
2013-03-21 22:00:00,6.2209412017090695e-09,0.24882838849645092,0.026612508138195375,0.01330625717956829
2013-03-21 23:00:00,6.208816052167058e-09,0.23967275725987,0.03666573705561116,0.018332871632213605
2013-03-22 00:00:00,6.199657429800278e-09,0.2367236111348915,0.033162363903608924,0.01658118505163318
2013-03-22 01:00:00,6.2374274124842636e-09,0.23839333763450204,0.037686755005790835,0.018843380621609125
2013-03-22 02:00:00,6.195803405841669e-09,0.23618513145074993,0.037686755005790835,0.01884338060079712
2013-03-22 03:00:00,6.1905607931693175e-09,0.23383414908537561,0.04402449797676492,0.022012252083662857
2013-03-22 04:00:00,6.188491304253134e-09,0.22892761670648457,0.04362103532090651,0.021810520754698907
2013-03-22 05:00:00,6.183423941815443e-09,0.2419452677393194,-0.007379331626927882,-0.00368966272175197
2013-03-22 06:00:00,4.16446363648308e-09,0.17475781710131388,-0.067968866443335,-0.03398443113943568
2013-03-22 07:00:00,7.968278284150796e-10,1.2434284258492583e-07,-0.11604086426603973,-0.05802043173460595
2013-03-22 08:00:00,5.158670351726378e-10,2.9214697322859436e-08,-0.12691370276417602,-0.06345685112415449
2013-03-22 09:00:00,4.691532452778878e-10,2.711638053189801e-08,-0.12137691716660064,-0.060688458348723696
2013-03-22 10:00:00,4.6144770726902575e-10,2.66739075890356e-08,-0.12200935844790646,-0.06100467899322937
2013-03-22 11:00:00,4.673629720018183e-10,2.6756328607967106e-08,-0.12438857770125897,-0.062194288616948
2013-03-22 12:00:00,4.798404990987376e-10,2.688223585040692e-08,-0.12510360196708017,-0.06255180074361984
2013-03-22 13:00:00,4.915868978507538e-10,2.698068757026539e-08,-0.12623493489520496,-0.06311746720180902
2013-03-22 14:00:00,5.461039110619423e-10,2.852589055325917e-08,-0.11902582891925308,-0.05951291418657458
2013-03-22 15:00:00,6.223309173416818e-10,3.112279292849625e-08,-0.1093537350174187,-0.05467686719754389
2013-03-22 16:00:00,1.5537978401182652e-09,0.03579813843712841,-0.08438098542666797,-0.042190491936435065
2013-03-22 17:00:00,4.122238947283064e-09,0.1528769304299282,-0.08706961383831636,-0.043534804858038706
2013-03-22 18:00:00,4.1222393013008844e-09,0.14279875635484307,-0.09847847998592872,-0.04923923793184471
2013-03-22 19:00:00,3.4352006568136634e-09,0.1319909912894988,-0.07203335178627886,-0.0360166741755391
2013-03-22 20:00:00,3.4352005553284763e-09,0.12649296146671055,-0.020391302400731393,-0.010195649482765419
2013-03-22 21:00:00,3.435200503405824e-09,0.1239637475472915,-0.0073039736874140355,-0.003651985126106766
2013-03-22 22:00:00,3.435200663894026e-09,0.13141701805699776,0.026612508138195375,0.01330625578669802
2013-03-22 23:00:00,3.4352005836499233e-09,0.09057105860281074,0.03666573705561116,0.01833287024540587
2013-03-23 00:00:00,3.4352005128463064e-09,0.046085958836613185,0.033162363903608924,0.01658118366940472
2013-03-23 01:00:00,3.4352004491230537e-09,0.018582240379886383,0.037686755005790835,0.018843379220495643
2013-03-23 02:00:00,3.435200385399803e-09,0.029029690413416197,0.037686755005790835,0.01884337922049561
2013-03-23 03:00:00,3.4352002697539105e-09,0.036847361587916204,0.04402449797676492,0.022012250705982596
2013-03-23 04:00:00,3.435200066783587e-09,0.030169855778217028,0.04362103532090651,0.02181051937805329
2013-03-23 05:00:00,3.435200005420471e-09,0.007361843919832136,-0.007379331626927882,-0.0036896640958639384
2013-03-23 06:00:00,1.7516822034805617e-09,6.405466866843725e-08,-0.067968866443335,-0.0339844323458264
2013-03-23 07:00:00,8.087661627358204e-10,3.6033876096810734e-08,-0.11604086426603973,-0.05802043172863678
2013-03-23 08:00:00,6.152531783748476e-10,3.683268753404771e-08,-0.12691370276417602,-0.06345685107446142
2013-03-23 09:00:00,5.829524635597246e-10,3.358457247241839e-08,-0.12137691716660064,-0.060688458291824086
2013-03-23 10:00:00,6.054630036791353e-10,3.253416049831691e-08,-0.12200935844790646,-0.06100467892122173
2013-03-23 11:00:00,7.084344558972878e-10,3.3630094993620027e-08,-0.12438857770125897,-0.06219428849641226
2013-03-23 12:00:00,7.106204493989399e-10,3.388116462420293e-08,-0.12510360196708017,-0.06255180062822986
2013-03-23 13:00:00,6.090091065484927e-10,3.3215107892013806e-08,-0.12623493489520496,-0.06311746714309793
2013-03-23 14:00:00,6.281584583322374e-10,3.287458254942546e-08,-0.11902582891925308,-0.05951291414554731
2013-03-23 15:00:00,7.588645116888426e-10,3.192592381097128e-08,-0.1093537350174187,-0.05467686712927709
2013-03-23 16:00:00,9.949799899789794e-10,5.0357254575932046e-08,-0.08438098542666797,-0.04219049221584399
2013-03-23 17:00:00,3.4422793615674145e-09,0.12152258766911386,-0.08706961383831636,-0.0435348051980185
2013-03-23 18:00:00,3.445782603091851e-09,0.11762194549504112,-0.09847847998592872,-0.04923923827007306
2013-03-23 19:00:00,3.448401041404976e-09,0.11548376138960677,-0.07203335178627886,-0.03601667416893891
2013-03-23 20:00:00,3.446018743557582e-09,0.08693030133829825,-0.020391302400731393,-0.010195649477356324
2013-03-23 21:00:00,3.4404362941120273e-09,0.12149120586487619,-0.0073039736874140355,-0.0036519851234888706
2013-03-23 22:00:00,3.4376630163436285e-09,0.13670594898302352,0.026612508138195375,0.013306255787929195
2013-03-23 23:00:00,3.437811947270959e-09,0.13902047596738967,0.03666573705561116,0.01833287024671155
2013-03-24 00:00:00,3.4401760221930217e-09,0.1418024845007628,0.033162363903608924,0.01658118367189247
2013-03-24 01:00:00,3.4462132915304907e-09,0.14225818532321724,0.037686755005790835,0.018843379226002065
2013-03-24 02:00:00,3.4508725889541747e-09,0.14299369982268068,0.037686755005790835,0.01884337922833171
2013-03-24 03:00:00,3.450648427978227e-09,0.1419911075733264,0.04402449797676492,0.022012250713706674
2013-03-24 04:00:00,3.448713277833743e-09,0.13399413008405817,0.04362103532090651,0.021810519384809896
2013-03-24 05:00:00,3.444500570667632e-09,0.10608339345796053,-0.007379331626927882,-0.0036896640912136556
2013-03-24 06:00:00,1.208159028958128e-09,6.638042337304803e-08,-0.067968866443335,-0.03398443261758798
2013-03-24 07:00:00,8.108539114217478e-10,3.287109175121774e-08,-0.11604086426603973,-0.05802043172759291
2013-03-24 08:00:00,6.921740630466261e-10,3.319613903829858e-08,-0.12691370276417602,-0.06345685103600097
2013-03-24 09:00:00,6.438543189480944e-10,3.22210263778782e-08,-0.12137691716660064,-0.06068845826137316
2013-03-24 10:00:00,7.317751467393761e-10,3.135693111049844e-08,-0.12200935844790646,-0.06100467885806566
2013-03-24 11:00:00,8.100348650589421e-10,3.175069030746383e-08,-0.12438857770125897,-0.062194288445612055
2013-03-24 12:00:00,7.653150998684279e-10,3.112992918703184e-08,-0.12510360196708017,-0.06255180060088254
2013-03-24 13:00:00,6.473045275850684e-10,3.052060992423368e-08,-0.12623493489520496,-0.06311746712395022
2013-03-24 14:00:00,6.987465078090704e-10,3.106650415920591e-08,-0.11902582891925308,-0.059512914110253286
2013-03-24 15:00:00,7.564333909137071e-10,3.470332865942893e-08,-0.1093537350174187,-0.054676867130492655
2013-03-24 16:00:00,9.051516220311785e-10,3.356202440227145e-08,-0.08438098542666797,-0.042190492260758175
2013-03-24 17:00:00,3.4351989952894872e-09,0.08779471941936252,-0.08706961383831636,-0.04353480520155868
2013-03-24 18:00:00,3.435199660843012e-09,0.09807426722325915,-0.09847847998592872,-0.04923923827536453
2013-03-24 19:00:00,3.4351997930097004e-09,0.09418610123523212,-0.07203335178627886,-0.03601667417553953
2013-03-24 20:00:00,3.4351999298966386e-09,0.09031723623077753,-0.020391302400731393,-0.010195649482765731
2013-03-24 21:00:00,3.435200073863947e-09,0.09152461871463415,-0.0073039736874140355,-0.0036519851261069807
2013-03-24 22:00:00,3.4352017991124675e-09,0.10476664666850807,0.026612508138195375,0.013306255786698588
2013-03-24 23:00:00,3.435296133430332e-09,0.10562030374945362,0.03666573705561116,0.018332870245453645
2013-03-25 00:00:00,3.4362343537064937e-09,0.10779801581368106,0.033162363903608924,0.01658118366992164
2013-03-25 01:00:00,3.440046106910451e-09,0.10492487447369622,0.037686755005790835,0.018843379222918472
2013-03-25 02:00:00,3.447335806879052e-09,0.10626333678169063,0.037686755005790835,0.01884337922656332
2013-03-25 03:00:00,3.4484602999953008e-09,0.10973765360516412,0.04402449797676492,0.022012250712612612
2013-03-25 04:00:00,3.447235248730537e-09,0.12356273237940069,0.04362103532090651,0.02181051938407088
2013-03-25 05:00:00,3.4432400190565714e-09,0.12835090838082727,-0.007379331626927882,-0.003689664091843932
2013-03-25 06:00:00,2.060002558910459e-09,0.09106862349718482,-0.067968866443335,-0.03398443219166622
2013-03-25 07:00:00,5.972531888654743e-10,2.68173401934833e-08,-0.11604086426603973,-0.05802043183439327
2013-03-25 08:00:00,5.018588485392937e-10,2.751309254764815e-08,-0.12691370276417602,-0.06345685113115858
2013-03-25 09:00:00,4.788706788184266e-10,2.654560581614322e-08,-0.12137691716660064,-0.06068845834386498
2013-03-25 10:00:00,4.659715705376822e-10,2.5349093018301435e-08,-0.12200935844790646,-0.06100467899096745
2013-03-25 11:00:00,4.961219864211016e-10,2.6733216301077608e-08,-0.12438857770125897,-0.06219428860256849
2013-03-25 12:00:00,4.859792347847527e-10,2.6884074633227076e-08,-0.12510360196708017,-0.06255180074055047
2013-03-25 13:00:00,4.942379715025203e-10,2.7324237916526974e-08,-0.12623493489520496,-0.06311746720048349
2013-03-25 14:00:00,5.073052162517425e-10,2.860470394508622e-08,-0.11902582891925308,-0.05951291420597393
2013-03-25 15:00:00,6.279115340822926e-10,2.9756523182362785e-08,-0.1093537350174187,-0.054676867194753585
2013-03-25 16:00:00,1.1325806022193142e-09,1.5085626536076803e-07,-0.08438098542666797,-0.042190492147043686
2013-03-25 17:00:00,4.8092786495761e-09,0.13282857668267606,-0.08706961383831636,-0.043534804514518854
2013-03-25 18:00:00,4.80927987872612e-09,0.13298896567333343,-0.09847847998592872,-0.04923923758832442
2013-03-25 19:00:00,4.809280057151175e-09,0.13280512966608066,-0.07203335178627886,-0.0360166734884994
2013-03-25 20:00:00,4.8092869033966235e-09,0.1353031238525383,-0.020391302400731393,-0.010195648795722245
2013-03-25 21:00:00,4.809660182137832e-09,0.1395478722520435,-0.0073039736874140355,-0.0036519844388769266
2013-03-25 22:00:00,4.809386870052028e-09,0.1414945226725989,0.026612508138195375,0.013306256473791123
2013-03-25 23:00:00,4.809438857395282e-09,0.14642523527094473,0.03666573705561116,0.018332870932525006
2013-03-26 00:00:00,4.809457312462007e-09,0.15333657704919607,0.033162363903608924,0.016581184356533118
2013-03-26 01:00:00,4.8094724764536275e-09,0.15978622041458693,0.037686755005790835,0.018843379907631654
2013-03-26 02:00:00,4.809552805237976e-09,0.16567756251657656,0.037686755005790835,0.01884337990767182
2013-03-26 03:00:00,4.809556684774116e-09,0.16962989335793865,0.04402449797676492,0.022012251393160803
2013-03-26 04:00:00,4.809682710316122e-09,0.17230420147592088,0.04362103532090651,0.02181052006529461
2013-03-26 05:00:00,4.809894274648444e-09,0.17480243744012516,-0.007379331626927882,-0.003689663408516804
2013-03-26 06:00:00,2.6765712405393496e-09,0.13176718437330454,-0.067968866443335,-0.03398443188338188
2013-03-26 07:00:00,4.813979697681526e-10,2.6218778434297287e-08,-0.11604086426603973,-0.05802043189232088
2013-03-26 08:00:00,4.778039524109538e-10,2.5302488868242057e-08,-0.12691370276417602,-0.06345685114318603
2013-03-26 09:00:00,4.663257902964193e-10,2.443513990568574e-08,-0.12137691716660064,-0.06068845835013743
2013-03-26 10:00:00,4.662452573353696e-10,2.518484435334552e-08,-0.12200935844790646,-0.061004678990830605
2013-03-26 11:00:00,4.767095806891988e-10,2.5887516901326417e-08,-0.12438857770125897,-0.0621942886122747
2013-03-26 12:00:00,4.844949049692152e-10,2.641503602328259e-08,-0.12510360196708017,-0.06255180074129263
2013-03-26 13:00:00,4.973638803337472e-10,2.7176158196026938e-08,-0.12623493489520496,-0.06311746719892054
2013-03-26 14:00:00,5.177820458049373e-10,2.690673678922818e-08,-0.11902582891925308,-0.05951291420073552
2013-03-26 15:00:00,5.778508582590739e-10,2.8178468962930404e-08,-0.1093537350174187,-0.05467686721978392
2013-03-26 16:00:00,1.7113706945308971e-09,0.10352362588263339,-0.08438098542666797,-0.042190491857648636
2013-03-26 17:00:00,6.2219888223630015e-09,0.1842975310289444,-0.08706961383831636,-0.04353480380816377
2013-03-26 18:00:00,6.213791546238786e-09,0.18561503873412022,-0.09847847998592872,-0.049239236886068585
2013-03-26 19:00:00,6.26295040271387e-09,0.18689655782619308,-0.07203335178627886,-0.036016672761664224
2013-03-26 20:00:00,6.326556838333532e-09,0.19069664782334528,-0.020391302400731393,-0.010195648037087278
2013-03-26 21:00:00,6.4076383697040575e-09,0.20010246671517992,-0.0073039736874140355,-0.003651983639887833
2013-03-26 22:00:00,6.2733972274472815e-09,0.19366213193369472,0.026612508138195375,0.013306257205796302
2013-03-26 23:00:00,6.353564616634944e-09,0.19935249891739076,0.03666573705561116,0.01833287170458789
2013-03-27 00:00:00,6.449776238127964e-09,0.21314893804570836,0.033162363903608924,0.016581185176692582
2013-03-27 01:00:00,6.5204039265330535e-09,0.22580324717998623,0.037686755005790835,0.01884338076309738
2013-03-27 02:00:00,6.535675212257836e-09,0.22978795720970424,0.037686755005790835,0.018843380770733022
2013-03-27 03:00:00,6.502882293834101e-09,0.23366338829878364,0.04402449797676492,0.02201225223982361
2013-03-27 04:00:00,6.401983028185077e-09,0.2279163040237766,0.04362103532090651,0.02181052086144477
2013-03-27 05:00:00,6.323958452562641e-09,0.22305733245540071,-0.007379331626927882,-0.003689662651484715
2013-03-27 06:00:00,3.4032429568688313e-09,0.14559767817795202,-0.067968866443335,-0.03398443152004602
2013-03-27 07:00:00,7.953634006771863e-10,0.022473702729277602,-0.11604086426603973,-0.05802043173533816
2013-03-27 08:00:00,4.5243121734916165e-10,2.447051252536224e-08,-0.12691370276417602,-0.0634568511558724
2013-03-27 09:00:00,4.641864554502517e-10,2.3801348508140515e-08,-0.12137691716660064,-0.06068845835120709
2013-03-27 10:00:00,4.531072966542522e-10,2.4094634149566855e-08,-0.12200935844790646,-0.06100467899739958
2013-03-27 11:00:00,4.5973865317696854e-10,2.4491845078773775e-08,-0.12438857770125897,-0.06219428862076016
2013-03-27 12:00:00,4.718650529052777e-10,2.5044132904692192e-08,-0.12510360196708017,-0.06255180074760756
2013-03-27 13:00:00,4.956849990486722e-10,2.5000358078972168e-08,-0.12623493489520496,-0.06311746719975998
2013-03-27 14:00:00,5.026256659651224e-10,2.557733866523062e-08,-0.11902582891925308,-0.05951291420831371
2013-03-27 15:00:00,5.053683487312646e-10,2.685336423362634e-08,-0.1093537350174187,-0.05467686725602518
2013-03-27 16:00:00,2.031199383282136e-09,0.10998178267495037,-0.08438098542666797,-0.04219049169773429
2013-03-27 17:00:00,6.216217787444599e-09,0.18799409953558407,-0.08706961383831636,-0.04353480381104929
2013-03-27 18:00:00,6.2062925168145876e-09,0.18462514402961128,-0.09847847998592872,-0.0492392368898181
2013-03-27 19:00:00,6.193289638115147e-09,0.18267768716344407,-0.07203335178627886,-0.036016672796494606
2013-03-27 20:00:00,6.196778375067804e-09,0.18530342324493326,-0.020391302400731393,-0.010195648101976509
2013-03-27 21:00:00,6.222773008619193e-09,0.20108685774160645,-0.0073039736874140355,-0.0036519837323205134
2013-03-27 22:00:00,6.203366194631856e-09,0.19199996384794438,0.026612508138195375,0.013306257170780786
2013-03-27 23:00:00,6.191258755755524e-09,0.20404971202572458,0.03666573705561116,0.018332871623434957
2013-03-28 00:00:00,6.201521684326509e-09,0.217259394544877,0.033162363903608924,0.016581185052565305
2013-03-28 01:00:00,6.2603364327892674e-09,0.22439075546815856,0.037686755005790835,0.018843380633063633
2013-03-28 02:00:00,6.396593223347648e-09,0.23195161457335414,0.037686755005790835,0.018843380701192028
2013-03-28 03:00:00,6.433498771755016e-09,0.2306556139456903,0.04402449797676492,0.022012252205131845
2013-03-28 04:00:00,6.439164120314718e-09,0.22995468746464143,0.04362103532090651,0.021810520880035315
2013-03-28 05:00:00,6.353939323526622e-09,0.22820176670535014,-0.007379331626927882,-0.0036896626364942794
2013-03-28 06:00:00,3.411819366885724e-09,0.15451089679752378,-0.067968866443335,-0.033984431515757814
2013-03-28 07:00:00,1.1540809081069355e-09,0.09317449194890116,-0.11604086426603973,-0.058020431555979406
2013-03-28 08:00:00,4.1305262611343504e-10,2.503584481374761e-08,-0.12691370276417602,-0.0634568511755617
2013-03-28 09:00:00,3.9382971045157777e-10,2.3785445296585027e-08,-0.12137691716660064,-0.060688458386385466
2013-03-28 10:00:00,3.933741557276024e-10,2.3782262088839487e-08,-0.12200935844790646,-0.061004679027266154
2013-03-28 11:00:00,3.810907386671308e-10,2.3805457304103027e-08,-0.12438857770125897,-0.06219428866008411
2013-03-28 12:00:00,4.1170584527444645e-10,2.5355561845171713e-08,-0.12510360196708017,-0.06255180077768717
2013-03-28 13:00:00,8.070765981810617e-10,0.08103279302086956,-0.12623493489520496,-0.06311746704406418
2013-03-28 14:00:00,1.2151446240160284e-09,0.09714503582744435,-0.11902582891925308,-0.059512913852054226
2013-03-28 15:00:00,1.4760367445620419e-09,0.11236089146334803,-0.1093537350174187,-0.054676866770690974
2013-03-28 16:00:00,3.249095284183466e-09,0.1504815767300248,-0.08438098542666797,-0.04219049108878634
2013-03-28 17:00:00,6.308686123321056e-09,0.252690801779529,-0.08706961383831636,-0.04353480376481512
2013-03-28 18:00:00,6.2839000567396375e-09,0.2501710858207181,-0.09847847998592872,-0.049239236851014334
2013-03-28 19:00:00,6.282929439670531e-09,0.25256633479460827,-0.07203335178627886,-0.03601667275167471
2013-03-28 20:00:00,6.266208226416852e-09,0.25943823262030713,-0.020391302400731393,-0.010195648067261583
2013-03-28 21:00:00,6.336746249710267e-09,0.26861125045400736,-0.0073039736874140355,-0.0036519836753338927
2013-03-28 22:00:00,6.598757673448763e-09,0.2754216697076446,0.026612508138195375,0.013306257368476524
2013-03-28 23:00:00,6.790063132807431e-09,0.2844392716097078,0.03666573705561116,0.018332871922837144
2013-03-29 00:00:00,6.900773569816403e-09,0.2914945810070143,0.033162363903608924,0.016581185402191247
2013-03-29 01:00:00,7.0215566039684445e-09,0.2933720853503822,0.037686755005790835,0.01884338101367372
2013-03-29 02:00:00,7.023506030402959e-09,0.2929797387702884,0.037686755005790835,0.018843381014648435
2013-03-29 03:00:00,6.99409027814131e-09,0.2903821063277541,0.04402449797676492,0.0220122524854276
2013-03-29 04:00:00,6.7927659074877024e-09,0.2818538716449006,0.04362103532090651,0.02181052105683621
2013-03-29 05:00:00,6.6890145801469035e-09,0.2747449506348975,-0.007379331626927882,-0.003689662468956651
2013-03-29 06:00:00,3.3717817522244953e-09,0.18141730976605067,-0.067968866443335,-0.03398443153577662
2013-03-29 07:00:00,1.4966018741520234e-09,0.12117416122639223,-0.11604086426603973,-0.05802043138471893
2013-03-29 08:00:00,9.436637780645958e-10,0.09637789917389218,-0.12691370276417602,-0.06345685091025612
2013-03-29 09:00:00,8.604723494296501e-10,0.08804801969296193,-0.12137691716660064,-0.060688458153064145
2013-03-29 10:00:00,8.982433532605747e-10,0.09008357974741114,-0.12200935844790646,-0.06100467877483155
2013-03-29 11:00:00,9.375528952694246e-10,0.0928777208100708,-0.12438857770125897,-0.062194288381853036
2013-03-29 12:00:00,9.781000872827762e-10,0.09620840877635134,-0.12510360196708017,-0.06255180049449004
2013-03-29 13:00:00,1.0547044079498842e-09,0.10347448511213304,-0.12623493489520496,-0.06311746692025028
2013-03-29 14:00:00,1.448059898265939e-09,0.11703514966708997,-0.11902582891925308,-0.05951291373559659
2013-03-29 15:00:00,2.0821132793979698e-09,0.14157221815254545,-0.1093537350174187,-0.05467686646765271
2013-03-29 16:00:00,4.2544451933617855e-09,0.22130332630002553,-0.08438098542666797,-0.042190490586111386
2013-03-29 17:00:00,0.09921082634322365,0.3819958036437705,-0.08706961383831636,0.0060706062524536406
2013-03-29 18:00:00,0.09533325042967788,0.3738026236753416,-0.09847847998592872,-0.0015726147781254182
2013-03-29 19:00:00,0.09746504075210975,0.3734282846660895,-0.07203335178627886,0.012715844482915448
2013-03-29 20:00:00,0.10736138695293727,0.3835690560289058,-0.020391302400731393,0.04348504227610294
2013-03-29 21:00:00,0.11996819679017588,0.3954611677450959,-0.0073039736874140355,0.056332111551380924
2013-03-29 22:00:00,0.12883965984924486,0.4137212791979436,0.026612508138195375,0.07772608399372012
2013-03-29 23:00:00,0.04767303355456543,0.44057550385770783,0.03666573705561116,0.04216938530508829
2013-03-30 00:00:00,0.22921266115592612,0.44912612689614323,0.033162363903608924,0.1311875125297675
2013-03-30 01:00:00,0.22388665372362207,0.44595501109462166,0.037686755005790835,0.13078670436470646
2013-03-30 02:00:00,0.00018133456990032835,0.4468089764816807,0.037686755005790835,0.01893404478784558
2013-03-30 03:00:00,0.0001677736425980116,0.4447177587753964,0.04402449797676492,0.022096135809681467
2013-03-30 04:00:00,0.0001282678952356661,0.4411740045913272,0.04362103532090651,0.02187465160807109
2013-03-30 05:00:00,1.820878332994626e-08,0.4490930693415597,-0.007379331626927882,-0.003689656709072276
2013-03-30 06:00:00,5.2141774063030425e-09,0.2503999581733759,-0.067968866443335,-0.033984430614578794
2013-03-30 07:00:00,1.6246485042498895e-09,0.13533332675052356,-0.11604086426603973,-0.05802043132069561
2013-03-30 08:00:00,9.452866164764707e-10,0.09905356051053532,-0.12691370276417602,-0.0634568509094447
2013-03-30 09:00:00,8.838225299816086e-10,0.07044187738482793,-0.12137691716660064,-0.060688458141389054
2013-03-30 10:00:00,9.181099639914702e-10,0.09593903412823114,-0.12200935844790646,-0.06100467876489825
2013-03-30 11:00:00,9.493633005879392e-10,0.09867497659697505,-0.12438857770125897,-0.062194288375947836
2013-03-30 12:00:00,1.0113083680533329e-09,0.1042851189380386,-0.12510360196708017,-0.0625518004778859
2013-03-30 13:00:00,1.133133740361243e-09,0.1152521108287169,-0.12623493489520496,-0.0631174668810356
2013-03-30 14:00:00,1.3811552676495781e-09,0.13663006965222046,-0.11902582891925308,-0.0595129137690489
2013-03-30 15:00:00,2.230362019041297e-09,0.15397882442058422,-0.1093537350174187,-0.05467686639352834
2013-03-30 16:00:00,4.2255199709609495e-09,0.2199931369868253,-0.08438098542666797,-0.042190490600574
2013-03-30 17:00:00,1.1158311028499826e-08,0.37234556861512735,-0.08706961383831636,-0.04353480134000267
2013-03-30 18:00:00,1.1019721013943485e-08,0.35667268247156897,-0.09847847998592872,-0.049239234483103855
2013-03-30 19:00:00,1.124768183871344e-08,0.34905479618681884,-0.07203335178627886,-0.03601667026929851
2013-03-30 20:00:00,1.2435770007873058e-08,0.36095741734290226,-0.020391302400731393,-0.010195644982480693
2013-03-30 21:00:00,1.477280664298842e-08,0.3833439578170209,-0.0073039736874140355,-0.0036519794573036963
2013-03-30 22:00:00,9.668005354343648e-05,0.38514822540316285,0.026612508138195375,0.013354594095869405
2013-03-30 23:00:00,0.0001056185643783834,0.3981765992131841,0.03666573705561116,0.018385677809994772
2013-03-31 00:00:00,0.00011582968869732588,0.4063601441251184,0.033162363903608924,0.016639096796153125
2013-03-31 01:00:00,0.00012021202225192798,0.40925473224043235,0.037686755005790835,0.018903483514021383
2013-03-31 02:00:00,0.00012631792902887074,0.41727253194282693,0.037686755005790835,0.018906536467409852
2013-03-31 03:00:00,0.00012951833763058597,0.4178624420659015,0.04402449797676492,0.022077008157197753
2013-03-31 04:00:00,0.00012757362561438917,0.4222406373039721,0.04362103532090651,0.021874304473260452
2013-03-31 05:00:00,0.00012904327638348475,0.4195324719256085,-0.007379331626927882,-0.003625144175272199
2013-03-31 06:00:00,5.436582705221023e-09,0.22713439529487195,-0.067968866443335,-0.03398443050337614
2013-03-31 07:00:00,1.3453552506247847e-09,0.12786977044589123,-0.11604086426603973,-0.05802043146034224
2013-03-31 08:00:00,7.518096957318973e-10,5.515767374103011e-08,-0.12691370276417602,-0.06345685100618316
2013-03-31 09:00:00,6.995430348276075e-10,5.034825222645984e-08,-0.12137691716660064,-0.0606884582335288
2013-03-31 10:00:00,7.68980860507008e-10,5.557868666250762e-08,-0.12200935844790646,-0.0610046788394628
2013-03-31 11:00:00,8.67665342838634e-10,6.109998126286009e-08,-0.12438857770125897,-0.06219428841679681
2013-03-31 12:00:00,9.162077934226363e-10,6.413062420683436e-08,-0.12510360196708017,-0.06255180052543619
2013-03-31 13:00:00,9.70778701225867e-10,6.775111576734253e-08,-0.12623493489520496,-0.06311746696221313
2013-03-31 14:00:00,1.1226083346181609e-09,8.939877438692467e-08,-0.11902582891925308,-0.05951291389832237
2013-03-31 15:00:00,1.547490782445434e-09,0.01236809173768489,-0.1093537350174187,-0.054676866734963955
2013-03-31 16:00:00,4.040839602096586e-09,0.19594863628392045,-0.08438098542666797,-0.04219049069291418
2013-03-31 17:00:00,0.25306675253208255,0.43762844577435434,-0.08706961383831636,0.0829985693468831
2013-03-31 18:00:00,0.09447246224578572,0.429233596177838,-0.09847847998592872,-0.0020030088700715015
2013-03-31 19:00:00,0.07298747754020572,0.41956526505409203,-0.07203335178627886,0.00047706287696343275
2013-03-31 20:00:00,0.05822391929182908,0.4108508134529115,-0.020391302400731393,0.018916308445548844
2013-03-31 21:00:00,0.03441007799545643,0.4044014207634062,-0.0073039736874140355,0.013553052154021198
2013-03-31 22:00:00,0.01721683955700677,0.38613026118957916,0.026612508138195375,0.021914673847601075
2013-03-31 23:00:00,0.0001662621249958816,0.4004206793373283,0.03666573705561116,0.01841599959030352
2013-04-01 00:00:00,7.547778248241844e-05,0.40549726114106077,0.0005522173698780981,0.00031384757618025826
2013-04-01 01:00:00,8.225170227370433e-05,0.4170234650096927,0.005437952630641443,0.002760102166457574
2013-04-01 02:00:00,0.00010402090375691503,0.4184990137303464,0.006897860948790537,0.0035009409262737263
2013-04-01 03:00:00,0.0001402233003232365,0.42298190038196076,0.031127946604351576,0.015634084952337406
2013-04-01 04:00:00,9.64075465383865e-05,0.4210856161713849,-0.011431950108507123,-0.005667771280984368
2013-04-01 05:00:00,0.0001027726142973072,0.43048631601098347,-0.06545862318660362,-0.03267792528615315
2013-04-01 06:00:00,2.8984771075198415e-09,0.1887779413574781,-0.0851498136965756,-0.04257490539904924
2013-04-01 07:00:00,4.919521267886256e-10,3.02090591201392e-08,-0.11472645432808556,-0.057363226918066716
2013-04-01 08:00:00,6.524452873067105e-10,3.184248078023952e-08,-0.11821938430827635,-0.05910969182791553
2013-04-01 09:00:00,6.273737563086167e-10,3.000350291643968e-08,-0.1198816632531132,-0.05994083131286972
2013-04-01 10:00:00,6.235495380364656e-10,2.897982751107247e-08,-0.11922388457990377,-0.05961194197817712
2013-04-01 11:00:00,6.63795529441635e-10,2.9885646233287015e-08,-0.11951265520542353,-0.059756327270814
2013-04-01 12:00:00,6.905252181557851e-10,3.0309595894934346e-08,-0.12034931381423872,-0.06017465656185675
2013-04-01 13:00:00,7.104111126257209e-10,3.163463661416927e-08,-0.12099226585357609,-0.060496132571582484
2013-04-01 14:00:00,7.387668083633225e-10,3.505503947898609e-08,-0.12318809660020413,-0.06159404793071866
2013-04-01 15:00:00,5.949399066351444e-10,3.4496043250560575e-08,-0.1145567498711957,-0.0572783746381279
2013-04-01 16:00:00,1.553466854331428e-09,0.14165342665682407,-0.06645070843616624,-0.03322535344134969
2013-04-01 17:00:00,1.250595749076089e-08,0.35227170808367136,-0.011528428989673831,-0.0057642082418581705
2013-04-01 18:00:00,0.12614302096226587,0.36573046133550874,-0.002617721966651491,0.061762649497807194
2013-04-01 19:00:00,0.1266184453446203,0.35571396226997026,0.022583083518337932,0.07460076443147912
2013-04-01 20:00:00,0.129375597834697,0.3550817877380427,0.04092510684252475,0.08515035233861087
2013-04-01 21:00:00,0.1028786962913959,0.36316491136488777,0.04807669360941231,0.0754776949504041
2013-04-01 22:00:00,7.088298222564722e-05,0.37150481002854624,0.022485994959830016,0.011278438971027831
2013-04-01 23:00:00,8.212161807282344e-05,0.3949834518835283,-0.0023064667128143753,-0.001112172547370776
2013-04-02 00:00:00,0.00010902096277245709,0.4047763664143171,0.0005522173698780981,0.0003306191663252776
2013-04-02 01:00:00,0.21672094151978602,0.4227907780579835,0.005437952630641443,0.11107944707521374
2013-04-02 02:00:00,0.22568590834582608,0.41818909278483324,0.006897860948790537,0.1162918846473083
2013-04-02 03:00:00,0.142981394585415,0.4034204530475941,0.031127946604351576,0.0870546705948833
2013-04-02 04:00:00,0.13956777193566144,0.3987645212917573,-0.011431950108507123,0.06406791091357716
2013-04-02 05:00:00,0.13301676012179442,0.3922735356619453,-0.06545862318660362,0.0337790684675954
2013-04-02 06:00:00,4.55320288257325e-09,0.22199787132484644,-0.0851498136965756,-0.042574904571686355
2013-04-02 07:00:00,1.0742510940498996e-09,0.08901058854406468,-0.11472645432808556,-0.05736322662691724
2013-04-02 08:00:00,4.1572845104478913e-10,2.471533617256525e-08,-0.11821938430827635,-0.05910969194627395
2013-04-02 09:00:00,4.3776862154775407e-10,2.4116449950810484e-08,-0.1198816632531132,-0.059940831407672285
2013-04-02 10:00:00,4.462727311313906e-10,2.4354199228864806e-08,-0.11922388457990377,-0.05961194206681552
2013-04-02 11:00:00,4.676674682623735e-10,2.46289979774737e-08,-0.11951265520542353,-0.05975632736887803
2013-04-02 12:00:00,4.665194867249289e-10,2.4665838361012713e-08,-0.12034931381423872,-0.060174656673859614
2013-04-02 13:00:00,4.6373532975564353e-10,2.4848192428857513e-08,-0.12099226585357609,-0.06049613269492038
2013-04-02 14:00:00,4.751896342718614e-10,2.662795428592294e-08,-0.12318809660020413,-0.06159404806250725
2013-04-02 15:00:00,5.64115210774864e-10,3.9921470754441064e-08,-0.1145567498711957,-0.05727837465354024
2013-04-02 16:00:00,2.143245320888707e-09,0.12473618333070992,-0.06645070843616624,-0.03322535314646046
2013-04-02 17:00:00,6.3797551191109e-09,0.24190347532314563,-0.011528428989673831,-0.005764211304959356
2013-04-02 18:00:00,7.469957871230397e-09,0.2512054313295946,-0.002617721966651491,-0.00130885724834681
2013-04-02 19:00:00,7.265755341596033e-09,0.2435985967017107,0.022583083518337932,0.011291545392046637
2013-04-02 20:00:00,7.726136428779792e-09,0.25029614951097157,0.04092510684252475,0.02046255728433059
2013-04-02 21:00:00,8.518905599709785e-09,0.2610136302332686,0.04807669360941231,0.024038351064158955
2013-04-02 22:00:00,8.696209437096337e-09,0.2650496842917267,0.022485994959830016,0.011243001828019726
2013-04-02 23:00:00,7.473121897174404e-05,0.28239424546409064,-0.0023064667128143753,-0.0011158677469213156
2013-04-03 00:00:00,0.021411217996477383,0.3052053343687118,0.0005522173698780981,0.01098171768317774
2013-04-03 01:00:00,0.07384291395413842,0.32268617513727244,0.005437952630641443,0.03964043329238993
2013-04-03 02:00:00,0.06743143078999674,0.3340053523449865,0.006897860948790537,0.03716464586939364
2013-04-03 03:00:00,0.07422723045274673,0.34353324307878863,0.031127946604351576,0.05267758852854915
2013-04-03 04:00:00,0.08900237925758193,0.34437035775397995,-0.011431950108507123,0.0387852145745374
2013-04-03 05:00:00,0.10029324046317428,0.33958592946303345,-0.06545862318660362,0.017417308638285334
2013-04-03 06:00:00,5.326489597514071e-09,0.21730062475865444,-0.0851498136965756,-0.042574904185043
2013-04-03 07:00:00,1.7119153475234142e-09,0.10620372082744871,-0.11472645432808556,-0.05736322630808511
2013-04-03 08:00:00,5.175020198272023e-10,3.1849478300341654e-08,-0.11821938430827635,-0.059109691895387166
2013-04-03 09:00:00,4.787031023803584e-10,2.7557567814513194e-08,-0.1198816632531132,-0.059940831387205046
2013-04-03 10:00:00,4.4551004401235895e-10,2.515030221888058e-08,-0.11922388457990377,-0.05961194206719686
2013-04-03 11:00:00,4.351926069303537e-10,2.4620225640029557e-08,-0.11951265520542353,-0.059756327385115465
2013-04-03 12:00:00,4.5017152045874166e-10,2.4901470989050108e-08,-0.12034931381423872,-0.060174656682033596
2013-04-03 13:00:00,4.832275789803581e-10,2.5819625404503746e-08,-0.12099226585357609,-0.06049613268517425
2013-04-03 14:00:00,5.720657953000263e-10,3.117986936584295e-08,-0.12318809660020413,-0.06159404801406917
2013-04-03 15:00:00,6.875168815902991e-10,4.891928204529519e-08,-0.1145567498711957,-0.05727837459183941
2013-04-03 16:00:00,2.102941315883227e-09,0.12502108262073472,-0.06645070843616624,-0.03322535316661246
2013-04-03 17:00:00,7.113677548919233e-09,0.209539232323783,-0.011528428989673831,-0.0057642109379981415
2013-04-03 18:00:00,6.852518871385848e-09,0.2057448214659646,-0.002617721966651491,-0.0013088575570663098
2013-04-03 19:00:00,6.629466881564912e-09,0.19951964356579682,0.022583083518337932,0.011291545073902407
2013-04-03 20:00:00,6.6205201698560655e-09,0.192031347594765,0.04092510684252475,0.020462556731522457
2013-04-03 21:00:00,6.784875788148134e-09,0.19786275491921632,0.04807669360941231,0.024038350197144048
2013-04-03 22:00:00,6.344409192596353e-09,0.19215034809486164,0.022485994959830016,0.011243000652119604
2013-04-03 23:00:00,6.536995886715184e-09,0.20208095497715578,-0.0023064667128143753,-0.0011532300879092442
2013-04-04 00:00:00,6.751441081595986e-09,0.20939420075589696,0.0005522173698780981,0.00027611206065958983
2013-04-04 01:00:00,7.06690743965807e-09,0.21892801431798037,0.005437952630641443,0.002718979848774441
2013-04-04 02:00:00,7.2484135165789735e-09,0.2220966762595137,0.006897860948790537,0.003448934098602027
2013-04-04 03:00:00,7.338255666182542e-09,0.23564573108732775,0.031127946604351576,0.015563976971303621
2013-04-04 04:00:00,7.461971925574294e-09,0.2428194079798435,-0.011431950108507123,-0.005715971323267599
2013-04-04 05:00:00,7.529508658950854e-09,0.24984529977516526,-0.06545862318660362,-0.03272930782854748
2013-04-04 06:00:00,3.1639199594734758e-09,0.13949139102490343,-0.0851498136965756,-0.04257490526632782
2013-04-04 07:00:00,1.1909381284383254e-09,0.0919562519869393,-0.11472645432808556,-0.05736322656857372
2013-04-04 08:00:00,4.3837290662552976e-10,2.8555754600548906e-08,-0.11821938430827635,-0.05910969193495172
2013-04-04 09:00:00,3.9881151446137237e-10,2.3888536406733198e-08,-0.1198816632531132,-0.05994083142715084
2013-04-04 10:00:00,4.208779944427982e-10,2.4269820193432034e-08,-0.11922388457990377,-0.059611942079512883
2013-04-04 11:00:00,4.3910643310406185e-10,2.4363558617857692e-08,-0.11951265520542353,-0.05975632738315855
2013-04-04 12:00:00,4.4025739630477657e-10,2.4310106729675508e-08,-0.12034931381423872,-0.06017465668699066
2013-04-04 13:00:00,4.190684087732853e-10,2.4068313649315547e-08,-0.12099226585357609,-0.06049613271725384
2013-04-04 14:00:00,4.289565583317981e-10,2.5670410840055913e-08,-0.12318809660020413,-0.061594048085623784
2013-04-04 15:00:00,9.502201703559776e-10,0.040388202774505916,-0.1145567498711957,-0.057278374460487766
2013-04-04 16:00:00,2.176910426035396e-09,0.12378683588888155,-0.06645070843616624,-0.033225353129627905
2013-04-04 17:00:00,5.665078917935786e-09,0.22635928138893413,-0.011528428989673831,-0.0057642116622974564
2013-04-04 18:00:00,6.674559491477119e-09,0.23932071238366984,-0.002617721966651491,-0.0013088576460459998
2013-04-04 19:00:00,6.597273267351508e-09,0.2316454656391827,0.022583083518337932,0.011291545057805599
2013-04-04 20:00:00,6.647814876951832e-09,0.2305927693066304,0.04092510684252475,0.02046255674516981
2013-04-04 21:00:00,7.06656973133662e-09,0.23574170656028748,0.04807669360941231,0.02403835033799102
2013-04-04 22:00:00,6.993011752819189e-09,0.21863421569576613,0.022485994959830016,0.011243000976420885
2013-04-04 23:00:00,7.67794017285717e-09,0.22685717710107384,-0.0023064667128143753,-0.0011532295174371012
2013-04-05 00:00:00,8.576258932824045e-09,0.24754454353816907,0.0005522173698780981,0.0002761129730685155
2013-04-05 01:00:00,9.667627264669484e-09,0.26646748049581204,0.005437952630641443,0.002718981149134354
2013-04-05 02:00:00,1.126042425329931e-08,0.2880649571739918,0.006897860948790537,0.0034489361046073953
2013-04-05 03:00:00,0.06191253105733314,0.30435314852810974,0.031127946604351576,0.04652023883084236
2013-04-05 04:00:00,0.09801827203424344,0.3085010306664473,-0.011431950108507123,0.04329316096286816
2013-04-05 05:00:00,0.09078789989934159,0.29861125355987156,-0.06545862318660362,0.012664638356368989
2013-04-05 06:00:00,5.44071889626109e-09,0.22662313955538063,-0.0851498136965756,-0.042574904127928345
2013-04-05 07:00:00,3.5977232456030396e-09,0.1767492037123009,-0.11472645432808556,-0.05736322536518116
2013-04-05 08:00:00,2.677023531736886e-09,0.13581239807448608,-0.11821938430827635,-0.059109690815626406
2013-04-05 09:00:00,2.3110051366031073e-09,0.13518045192822797,-0.1198816632531132,-0.05994083047105403
2013-04-05 10:00:00,2.2001820231332308e-09,0.13580758730635217,-0.11922388457990377,-0.05961194118986087
2013-04-05 11:00:00,2.289720766962748e-09,0.1399796701516197,-0.11951265520542353,-0.05975632645785139
2013-04-05 12:00:00,2.4987624629026222e-09,0.14628282322063452,-0.12034931381423872,-0.06017465565773813
2013-04-05 13:00:00,2.6889790196583745e-09,0.1506504473375734,-0.12099226585357609,-0.06049613158229853
2013-04-05 14:00:00,3.4879228906330826e-09,0.16077125960157837,-0.12318809660020413,-0.06159404655614062
2013-04-05 15:00:00,3.6011079255070203e-09,0.1644718141275154,-0.1145567498711957,-0.057278373135043886
2013-04-05 16:00:00,4.957184590145555e-09,0.2276957033273849,-0.06645070843616624,-0.03322535173949082
2013-04-05 17:00:00,8.951546122285404e-09,0.30692443612652215,-0.011528428989673831,-0.005764210019063854
2013-04-05 18:00:00,0.08324526083557486,0.3214844920690426,-0.002617721966651491,0.04031376943446169
2013-04-05 19:00:00,0.0917997977346392,0.33609412178753717,0.022583083518337932,0.057191440626488566
2013-04-05 20:00:00,0.10877826420961968,0.358899345260041,0.04092510684252475,0.07485168552607221
2013-04-05 21:00:00,0.13038380758752707,0.38003349267518355,0.04807669360941231,0.08923025059846969
2013-04-05 22:00:00,0.14037776650598927,0.3844663359044451,0.022485994959830016,0.08143188073290963
2013-04-05 23:00:00,0.05280387723923942,0.39599215781990854,-0.0023064667128143753,0.02524870526321252
2013-04-06 00:00:00,0.0004238368556463922,0.39891099095906507,0.0005522173698780981,0.00048802711276224516
2013-04-06 01:00:00,0.19401398010801754,0.4071006409009445,0.005437952630641443,0.0997259663693295
2013-04-06 02:00:00,0.000507787416584578,0.4062425523923112,0.006897860948790537,0.0037028241826875573
2013-04-06 03:00:00,0.20215221026892394,0.41585211405027395,0.031127946604351576,0.11664007843663776
2013-04-06 04:00:00,0.0418793179438532,0.42430970743889806,-0.011431950108507123,0.01522368391767304
2013-04-06 05:00:00,0.13226524896939254,0.4238361107127104,-0.06545862318660362,0.03340331289139446
2013-04-06 06:00:00,6.957409550299571e-09,0.2977807064294662,-0.0851498136965756,-0.04257490336958302
2013-04-06 07:00:00,3.0386232365181023e-09,0.17445915521472408,-0.11472645432808556,-0.05736322564473116
2013-04-06 08:00:00,1.2639680892346912e-09,0.12575928961523533,-0.11821938430827635,-0.05910969152215413
2013-04-06 09:00:00,8.192367439188285e-10,1.621746936289234e-07,-0.1198816632531132,-0.059940831216938224
2013-04-06 10:00:00,7.124788681305919e-10,5.8785365328159914e-08,-0.11922388457990377,-0.05961194193371245
2013-04-06 11:00:00,6.976185300317757e-10,5.6292931739814816e-08,-0.11951265520542353,-0.0597563272539025
2013-04-06 12:00:00,7.301468201312862e-10,5.977108539609962e-08,-0.12034931381423872,-0.06017465654204595
2013-04-06 13:00:00,8.230850611120308e-10,6.732745760063584e-08,-0.12099226585357609,-0.060496132515245514
2013-04-06 14:00:00,1.269520532692786e-09,0.12506915708079322,-0.12318809660020413,-0.0615940476653418
2013-04-06 15:00:00,1.8284030087631888e-09,0.14616595842046792,-0.1145567498711957,-0.05727837402139634
2013-04-06 16:00:00,4.170854876934173e-09,0.21506709815258948,-0.06645070843616624,-0.03322535213265568
2013-04-06 17:00:00,1.0375436028851941e-08,0.3739794680988684,-0.011528428989673831,-0.005764209307118901
2013-04-06 18:00:00,1.4210114671204473e-08,0.4119798347806038,-0.002617721966651491,-0.0013088538782684098
2013-04-06 19:00:00,1.5140402656720775e-08,0.40635260708886045,0.022583083518337932,0.011291549329370295
2013-04-06 20:00:00,1.5333069379654988e-08,0.40112800421401285,0.04092510684252475,0.020462561087797062
2013-04-06 21:00:00,1.4907218120398096e-08,0.39044687323645394,0.04807669360941231,0.024038354258315214
2013-04-06 22:00:00,1.4845108659910963e-08,0.37603460303475167,0.022485994959830016,0.011243004902469338
2013-04-06 23:00:00,1.5416973266012507e-08,0.3764027370533774,-0.0023064667128143753,-0.0011532256479205546
2013-04-07 00:00:00,1.3659581572230043e-08,0.3617303744935393,0.0005522173698780981,0.00027611551472983515
2013-04-07 01:00:00,1.094199784688959e-08,0.33878523812029443,0.005437952630641443,0.002718981786319645
2013-04-07 02:00:00,8.836592676668518e-09,0.315225911497519,0.006897860948790537,0.0034489348926916067
2013-04-07 03:00:00,8.183458109625816e-09,0.30620538801227326,0.031127946604351576,0.015563977393904842
2013-04-07 04:00:00,8.22245673988498e-09,0.30287833965141275,-0.011431950108507123,-0.005715970943025192
2013-04-07 05:00:00,8.543055813816878e-09,0.30925632672445097,-0.06545862318660362,-0.0327293073217739
2013-04-07 06:00:00,2.4434585660046645e-09,0.15287804873136399,-0.0851498136965756,-0.04257490562655852
2013-04-07 07:00:00,5.274958497914507e-10,3.1778145550947305e-08,-0.11472645432808556,-0.057363226900294856
2013-04-07 08:00:00,5.67135971437272e-10,2.9788412836834556e-08,-0.11821938430827635,-0.059109691870570184
2013-04-07 09:00:00,6.188132761984935e-10,2.957637426744602e-08,-0.1198816632531132,-0.05994083131714996
2013-04-07 10:00:00,6.17354628322177e-10,2.9699519203689408e-08,-0.11922388457990377,-0.05961194198127457
2013-04-07 11:00:00,6.463560490379424e-10,3.029024215020123e-08,-0.11951265520542353,-0.05975632727953374
2013-04-07 12:00:00,6.888123368879471e-10,3.207275168412764e-08,-0.12034931381423872,-0.06017465656271319
2013-04-07 13:00:00,6.919355819662288e-10,3.2373051976424345e-08,-0.12099226585357609,-0.060496132580820254
2013-04-07 14:00:00,6.212267234976581e-10,3.196819597993285e-08,-0.12318809660020413,-0.061594047989488705
2013-04-07 15:00:00,4.979741370508868e-10,3.036931959119202e-08,-0.1145567498711957,-0.05727837468661078
2013-04-07 16:00:00,2.004225031200358e-09,0.13011977772426223,-0.06645070843616624,-0.0332253532159706
2013-04-07 17:00:00,9.99436778508325e-09,0.3225060856807283,-0.011528428989673831,-0.005764209497653023
2013-04-07 18:00:00,0.10764037916915027,0.39274678942168,-0.002617721966651491,0.052511328601249393
2013-04-07 19:00:00,0.12091945840340983,0.40350011653627466,0.022583083518337932,0.07175127096087389
2013-04-07 20:00:00,0.1311057251837443,0.4105626181658954,0.04092510684252475,0.08601541601313453
2013-04-07 21:00:00,0.1400779195316764,0.4201263057755466,0.04807669360941231,0.09407730657054435
2013-04-07 22:00:00,0.24739872316371958,0.44903369488820843,0.022485994959830016,0.1349423590617748
2013-04-07 23:00:00,0.1590517880066888,0.4363247059584146,-0.0023064667128143753,0.07837266064693721
2013-04-08 00:00:00,0.16181941591026305,0.43211678687273913,0.0005522173698780981,0.08118581664007057
2013-04-08 01:00:00,0.1560415636504856,0.4278530433887031,0.005437952630641443,0.08073975814056353
2013-04-08 02:00:00,0.15473530608004268,0.4305616594246739,0.006897860948790537,0.0808165835144166
2013-04-08 03:00:00,0.15604573650077547,0.43423100304083373,0.031127946604351576,0.09358684155256353
2013-04-08 04:00:00,0.15766889464477402,0.43425089757971586,-0.011431950108507123,0.07311847226813345
2013-04-08 05:00:00,0.2877188929940323,0.42955030148179063,-0.06545862318660362,0.11113013490371434
2013-04-08 06:00:00,3.845715286699036e-09,0.20830096424749733,-0.0851498136965756,-0.04257490492543015
2013-04-08 07:00:00,1.17804617533207e-09,0.10062729801068272,-0.11472645432808556,-0.057363226575019695
2013-04-08 08:00:00,3.851446185016323e-10,3.3794760519818385e-08,-0.11821938430827635,-0.05910969196156586
2013-04-08 09:00:00,4.202898881921192e-10,2.4153378393582673e-08,-0.1198816632531132,-0.059940831416411655
2013-04-08 10:00:00,4.367348473895528e-10,2.4297572641926552e-08,-0.11922388457990377,-0.05961194207158446
2013-04-08 11:00:00,4.3509598026970266e-10,2.4122205444913573e-08,-0.11951265520542353,-0.059756327385163774
2013-04-08 12:00:00,4.19620653454243e-10,2.343811093265945e-08,-0.12034931381423872,-0.06017465669730903
2013-04-08 13:00:00,3.7379752522758187e-10,2.2726055879689947e-08,-0.12099226585357609,-0.06049613273988928
2013-04-08 14:00:00,4.3692250715192884e-10,3.8544771778574926e-08,-0.12318809660020413,-0.06159404808164081
2013-04-08 15:00:00,1.3328904662584205e-09,0.10454355705354372,-0.1145567498711957,-0.05727837426915262
2013-04-08 16:00:00,3.6860448850439245e-09,0.16631640482931465,-0.06645070843616624,-0.03322535237506068
2013-04-08 17:00:00,8.416032565602364e-09,0.27676694435165217,-0.011528428989673831,-0.005764210286820633
2013-04-08 18:00:00,9.013085395665306e-09,0.26575442433127733,-0.002617721966651491,-0.0013088564767830477
2013-04-08 19:00:00,7.69078876152729e-09,0.2257233032004979,0.022583083518337932,0.011291545604563347
2013-04-08 20:00:00,6.88610675077731e-09,0.20210008811709868,0.04092510684252475,0.020462556864315747
2013-04-08 21:00:00,6.460727860188076e-09,0.1888413541031065,0.04807669360941231,0.024038350035070086
2013-04-08 22:00:00,5.622874502919884e-09,0.17592214587598698,0.022485994959830016,0.01124300029135226
2013-04-08 23:00:00,5.5842508840973794e-09,0.178586348913129,-0.0023064667128143753,-0.0011532305642817456
2013-04-09 00:00:00,5.546744567218154e-09,0.18254780499481338,0.0005522173698780981,0.0002761114583113327
2013-04-09 01:00:00,5.526369970622958e-09,0.1840795347279871,0.005437952630641443,0.002718979078505707
2013-04-09 02:00:00,5.512885032923505e-09,0.18362230856492695,0.006897860948790537,0.003448933230837785
2013-04-09 03:00:00,5.5041812137618004e-09,0.18187927111069277,0.031127946604351576,0.015563976054266395
2013-04-09 04:00:00,6.185414334728236e-09,0.18142809073081254,-0.011431950108507123,-0.005715971961546394
2013-04-09 05:00:00,6.183378532032644e-09,0.1812469544855942,-0.06545862318660362,-0.03272930850161254
2013-04-09 06:00:00,2.114087564120064e-09,0.1159837840300963,-0.0851498136965756,-0.04257490579124402
2013-04-09 07:00:00,8.854445829727021e-10,0.08211939688432038,-0.11472645432808556,-0.05736322672132049
2013-04-09 08:00:00,3.9448841157469556e-10,2.2880523179353114e-08,-0.11821938430827635,-0.059109691956893966
2013-04-09 09:00:00,4.0872791736303546e-10,2.2965185850748964e-08,-0.1198816632531132,-0.05994083142219264
2013-04-09 10:00:00,4.170136372454364e-10,2.3233955865840242e-08,-0.11922388457990377,-0.05961194208144507
2013-04-09 11:00:00,4.091402448953941e-10,2.30609943544543e-08,-0.11951265520542353,-0.05975632739814164
2013-04-09 12:00:00,4.1097895290147826e-10,2.3792481165755702e-08,-0.12034931381423872,-0.06017465670162988
2013-04-09 13:00:00,4.900483789709765e-10,3.754056418369347e-08,-0.12099226585357609,-0.060496132681763855
2013-04-09 14:00:00,1.0503638837889188e-09,0.04786080429579762,-0.12318809660020413,-0.06159404777492013
2013-04-09 15:00:00,1.5488365855390076e-09,0.10604854205937081,-0.1145567498711957,-0.057278374161179556
2013-04-09 16:00:00,2.890169188961694e-09,0.13536505788349273,-0.06645070843616624,-0.033225352772998526
2013-04-09 17:00:00,5.366891483286108e-09,0.17428996177479164,-0.011528428989673831,-0.005764211811391174
2013-04-09 18:00:00,6.185016458827035e-09,0.1808578966927847,-0.002617721966651491,-0.0013088578908175162
2013-04-09 19:00:00,6.183375596499423e-09,0.17646813296606564,0.022583083518337932,0.011291544850856764
2013-04-09 20:00:00,6.183361360689726e-09,0.17466258990004907,0.04092510684252475,0.020462556512943052
2013-04-09 21:00:00,6.1833614796398195e-09,0.17591443723835368,0.04807669360941231,0.024038349896386896
2013-04-09 22:00:00,5.496322655784413e-09,0.18533304256864722,0.022485994959830016,0.011243000228076337
2013-04-09 23:00:00,5.496322871027557e-09,0.18523663818690106,-0.0023064667128143753,-0.001153230608245752
2013-04-10 00:00:00,5.496322859698969e-09,0.18313623438646015,0.0005522173698780981,0.00027611143310047893
2013-04-10 01:00:00,5.49632528024143e-09,0.182181832873316,0.005437952630641443,0.0027189790634833616
2013-04-10 02:00:00,5.496370119193535e-09,0.18107221745512883,0.006897860948790537,0.0034489332225803282
2013-04-10 03:00:00,6.183473898020084e-09,0.18175628107992392,0.031127946604351576,0.015563976393912738
2013-04-10 04:00:00,6.18668161222297e-09,0.18291553246877557,-0.011431950108507123,-0.005715971960912756
2013-04-10 05:00:00,6.1939646300449404e-09,0.18533385985038692,-0.06545862318660362,-0.03272930849631949
2013-04-10 06:00:00,3.3762701726745476e-09,0.13681138669533202,-0.0851498136965756,-0.042574905160152714
2013-04-10 07:00:00,1.5203876095227243e-09,0.10555895850132865,-0.11472645432808556,-0.05736322640384898
2013-04-10 08:00:00,1.0265233790230452e-09,0.0723118594364587,-0.11821938430827635,-0.05910969164087648
2013-04-10 09:00:00,9.546141877215847e-10,0.0665617438799389,-0.1198816632531132,-0.0599408311492495
2013-04-10 10:00:00,8.993146995182503e-10,0.035886991433986014,-0.11922388457990377,-0.05961194184029453
2013-04-10 11:00:00,7.11904975396589e-10,7.985381040850634e-08,-0.11951265520542353,-0.05975632724675928
2013-04-10 12:00:00,7.161707356412212e-10,7.19891340589949e-08,-0.12034931381423872,-0.06017465654903399
2013-04-10 13:00:00,7.743572051354295e-10,8.369177350788568e-08,-0.12099226585357609,-0.06049613253960944
2013-04-10 14:00:00,1.2215300937160431e-09,0.1046270155223929,-0.12318809660020413,-0.06159404768933702
2013-04-10 15:00:00,2.1360458084763995e-09,0.12111257733964734,-0.1145567498711957,-0.05727837386757494
2013-04-10 16:00:00,4.749907029541943e-09,0.18854250469064596,-0.06645070843616624,-0.03322535184312961
2013-04-10 17:00:00,0.09212190845978718,0.31420003846832245,-0.011528428989673831,0.04029673973505667
2013-04-10 18:00:00,0.08332727324840286,0.3442344467382946,-0.002617721966651491,0.04035477564087569
2013-04-10 19:00:00,0.07856126539549355,0.3378599041695357,0.022583083518337932,0.05057217445691574
2013-04-10 20:00:00,0.0768455915891881,0.3370224603340909,0.04092510684252475,0.058885349215856427
2013-04-10 21:00:00,0.04821710723871329,0.34205558141294035,0.04807669360941231,0.0481469004240628
2013-04-10 22:00:00,0.00014212090373768386,0.34861689866601997,0.022485994959830016,0.01131405793178385
2013-04-10 23:00:00,0.0001735065292085623,0.36571999407438927,-0.0023064667128143753,-0.0010664800918029065
2013-04-11 00:00:00,0.17624905348225292,0.377980699189569,0.0005522173698780981,0.08840063542606551
2013-04-11 01:00:00,0.18221766238656475,0.3822792708532458,0.005437952630641443,0.0938278075086031
2013-04-11 02:00:00,0.17748958262828202,0.3705226298526526,0.006897860948790537,0.09219372178853627
2013-04-11 03:00:00,0.060112111730557055,0.3528707483277412,0.031127946604351576,0.045620029167454314
2013-04-11 04:00:00,0.09171314715886174,0.33576414791791387,-0.011431950108507123,0.040140598525177304
2013-04-11 05:00:00,0.08203313950128648,0.31225537445918006,-0.06545862318660362,0.00828725815734143
2013-04-11 06:00:00,5.775666593664997e-05,0.22492733444085328,-0.0851498136965756,-0.042546028515319474
2013-04-11 07:00:00,4.241616772908545e-09,0.14547442764654556,-0.11472645432808556,-0.0573632250432344
2013-04-11 08:00:00,1.7892676530537807e-09,0.11634154239841205,-0.11821938430827635,-0.05910969125950435
2013-04-11 09:00:00,1.427571547262786e-09,0.0999637218879604,-0.1198816632531132,-0.059940830912770825
2013-04-11 10:00:00,1.161673422329664e-09,0.06295003238664577,-0.11922388457990377,-0.05961194170911517
2013-04-11 11:00:00,1.0783023355971438e-09,0.029190512417301286,-0.11951265520542353,-0.0597563270635606
2013-04-11 12:00:00,1.0560443240220206e-09,5.66808540481433e-07,-0.12034931381423872,-0.0601746563790972
2013-04-11 13:00:00,1.1669615365304506e-09,0.06210744278663573,-0.12099226585357609,-0.06049613234330727
2013-04-11 14:00:00,1.4140956421794515e-09,0.10658452399482342,-0.12318809660020413,-0.061594047593054244
2013-04-11 15:00:00,2.7139786016302875e-09,0.1245681639961893,-0.1145567498711957,-0.05727837357860855
2013-04-11 16:00:00,5.257255795013919e-09,0.18040872944500658,-0.06645070843616624,-0.03322535158945522
2013-04-11 17:00:00,7.202397626106481e-05,0.2891252764423167,-0.011528428989673831,-0.005728202506706383
2013-04-11 18:00:00,8.415872390323483e-05,0.31683175280655934,-0.002617721966651491,-0.0012667816213741282
2013-04-11 19:00:00,8.530898488317913e-05,0.3234413888863624,0.022583083518337932,0.011334196251610555
2013-04-11 20:00:00,8.171360089381132e-05,0.33563886530363507,0.04092510684252475,0.02050341022170928
2013-04-11 21:00:00,0.00010677925082836366,0.356839202478474,0.04807669360941231,0.024091736430120338
2013-04-11 22:00:00,0.0001275965159014581,0.3733087469768169,0.022485994959830016,0.011306795737865737
2013-04-11 23:00:00,0.00017611708708584317,0.4022222466489588,-0.0023064667128143753,-0.001065174812864266
2013-04-12 00:00:00,0.21546086220526678,0.4138226267694968,0.0005522173698780981,0.10800653978757244
2013-04-12 01:00:00,0.21234569418450472,0.40410489782467435,0.005437952630641443,0.10889182340757309
2013-04-12 02:00:00,0.19055247547120516,0.378922099530364,0.006897860948790537,0.09872516820999784
2013-04-12 03:00:00,0.1665578561594595,0.3478670298839327,0.031127946604351576,0.09884290138190555
2013-04-12 04:00:00,0.148604921395273,0.32466127677133266,-0.011431950108507123,0.06858648564338295
2013-04-12 05:00:00,0.0001227673273081697,0.3089414099464332,-0.06545862318660362,-0.03266792792964772
2013-04-12 06:00:00,6.518244411480491e-09,0.19573133934169637,-0.0851498136965756,-0.04257490358916559
2013-04-12 07:00:00,2.663186250517853e-09,0.12554828577152244,-0.11472645432808556,-0.057363225832449655
2013-04-12 08:00:00,1.3601205899018833e-09,0.1002885700605148,-0.11821938430827635,-0.05910969147407788
2013-04-12 09:00:00,8.89729033323185e-10,4.9568460331903705e-08,-0.1198816632531132,-0.059940831181692085
2013-04-12 10:00:00,7.370113686323357e-10,4.482746623642835e-08,-0.11922388457990377,-0.0596119419214462
2013-04-12 11:00:00,4.745825541124806e-10,3.734347197219947e-08,-0.11951265520542353,-0.05975632736542049
2013-04-12 12:00:00,4.3987738678250853e-10,3.4994152868515686e-08,-0.12034931381423872,-0.060174656687180667
2013-04-12 13:00:00,4.6157705364085724e-10,3.6517980900953976e-08,-0.12099226585357609,-0.060496132695999516
2013-04-12 14:00:00,5.188673119385422e-10,4.0044488873867184e-08,-0.12318809660020413,-0.06159404804066841
2013-04-12 15:00:00,1.0991004440772243e-09,9.212696152125832e-07,-0.1145567498711957,-0.057278374386047624
2013-04-12 16:00:00,2.917585884922553e-09,0.1447506471545213,-0.06645070843616624,-0.03322535275929018
2013-04-12 17:00:00,1.2268568108241209e-08,0.2683632255056075,-0.011528428989673831,-0.005764208360552862
2013-04-12 18:00:00,6.432409963557769e-05,0.3078502546228334,-0.002617721966651491,-0.0012766989335079566
2013-04-12 19:00:00,1.5774778401741307e-07,0.28600294385074465,0.022583083518337932,0.011291620633060974
2013-04-12 20:00:00,1.6401249979610928e-07,0.272704508478334,0.04092510684252475,0.020462635427512272
2013-04-12 21:00:00,1.313782363805985e-07,0.2601620023071371,0.04807669360941231,0.024038412493824345
2013-04-12 22:00:00,1.0679638824809145e-07,0.23415844778473777,0.022485994959830016,0.011243050878109132
2013-04-12 23:00:00,8.933829618310496e-08,0.2280591575195542,-0.0023064667128143753,-0.001153188687259096
2013-04-13 00:00:00,8.472964829518332e-08,0.22252960981369443,0.0005522173698780981,0.00027615104976319663
2013-04-13 01:00:00,8.637550447277256e-08,0.21950037670940242,0.005437952630641443,0.002719019503072958
2013-04-13 02:00:00,8.449124580343639e-08,0.21689473685218325,0.006897860948790537,0.0034489727200181703
2013-04-13 03:00:00,7.817761898834769e-08,0.20966126734286064,0.031127946604351576,0.015564012390985283
2013-04-13 04:00:00,7.570963005874187e-08,0.2074311592895177,-0.011431950108507123,-0.0057159371994385325
2013-04-13 05:00:00,8.71929533197786e-08,0.20712727386863133,-0.06545862318660362,-0.03272926799682515
2013-04-13 06:00:00,2.3170512927943205e-09,0.12506288042100608,-0.0851498136965756,-0.04257490568976215
2013-04-13 07:00:00,7.306729077148287e-10,3.137651237760624e-08,-0.11472645432808556,-0.05736322679870633
2013-04-13 08:00:00,6.488331036931666e-10,3.0164209406689034e-08,-0.11821938430827635,-0.059109691829721624
2013-04-13 09:00:00,6.404115532608608e-10,3.0105706064471334e-08,-0.1198816632531132,-0.05994083130635082
2013-04-13 10:00:00,5.978798021134481e-10,2.9541870874476744e-08,-0.11922388457990377,-0.05961194199101198
2013-04-13 11:00:00,6.114150650939289e-10,3.0195872760627063e-08,-0.11951265520542353,-0.05975632729700423
2013-04-13 12:00:00,6.439726592984333e-10,3.1013585743273257e-08,-0.12034931381423872,-0.06017465658513303
2013-04-13 13:00:00,6.548591423142387e-10,3.113310765891249e-08,-0.12099226585357609,-0.060496132599358474
2013-04-13 14:00:00,6.52372587158452e-10,3.159914005816866e-08,-0.12318809660020413,-0.06159404797391577
2013-04-13 15:00:00,6.428571078214306e-10,3.306970499912513e-08,-0.1145567498711957,-0.0572783746141693
2013-04-13 16:00:00,1.6066222186468239e-09,9.851914128821413e-07,-0.06645070843616624,-0.03322535341477201
2013-04-13 17:00:00,7.959278014118747e-09,0.28468250615003626,-0.011528428989673831,-0.005764210515197908
2013-04-13 18:00:00,1.0629273236284365e-07,0.4339017235315824,-0.002617721966651491,-0.001308807836959564
2013-04-13 19:00:00,1.4821751457234369e-08,0.4680279169357221,0.022583083518337932,0.011291549170044695
2013-04-13 20:00:00,1.2017918207861664e-08,0.4559557680381885,0.04092510684252475,0.020462559430221478
2013-04-13 21:00:00,7.808046076145474e-09,0.37064604244690663,0.04807669360941231,0.024038350708729193
2013-04-13 22:00:00,4.253765595302535e-09,0.2716273993836267,0.022485994959830016,0.011242999606797806
2013-04-13 23:00:00,4.160016507611105e-09,0.2608951622889835,-0.0023064667128143753,-0.001153231276398934
2013-04-14 00:00:00,4.1592178627410234e-09,0.25347025639634013,0.0005522173698780981,0.0002761107645479804
2013-04-14 01:00:00,3.466529456254104e-09,0.2464296633585649,0.005437952630641443,0.0027189780485854494
2013-04-14 02:00:00,3.4695140279942834e-09,0.2425933544721537,0.006897860948790537,0.0034489322091522823
2013-04-14 03:00:00,3.4723569834322056e-09,0.23265272198988518,0.031127946604351576,0.015563975038354279
2013-04-14 04:00:00,3.472866501662815e-09,0.2275598107313145,-0.011431950108507123,-0.005715973317820311
2013-04-14 05:00:00,3.4730204380862428e-09,0.2231637934111198,-0.06545862318660362,-0.03272930985679159
2013-04-14 06:00:00,9.179578840500538e-10,7.144963379896405e-08,-0.0851498136965756,-0.04257490638930885
2013-04-14 07:00:00,5.984478449630085e-10,3.518564950845593e-08,-0.11472645432808556,-0.05736322686481886
2013-04-14 08:00:00,6.294569869076156e-10,3.419777782425917e-08,-0.11821938430827635,-0.05910969183940968
2013-04-14 09:00:00,6.472563906359724e-10,3.402424681015827e-08,-0.1198816632531132,-0.059940831302928405
2013-04-14 10:00:00,6.1438091181223e-10,3.0760752590471075e-08,-0.11922388457990377,-0.05961194198276143
2013-04-14 11:00:00,6.252458625648262e-10,3.0726044858137755e-08,-0.11951265520542353,-0.05975632729008883
2013-04-14 12:00:00,6.666942928484651e-10,3.181729562260648e-08,-0.12034931381423872,-0.06017465657377221
2013-04-14 13:00:00,7.156808509493411e-10,3.3168100194180075e-08,-0.12099226585357609,-0.06049613256894762
2013-04-14 14:00:00,7.627943083145632e-10,3.7267543261246444e-08,-0.12318809660020413,-0.06159404791870491
2013-04-14 15:00:00,7.743341894570018e-10,4.303936663858659e-08,-0.1145567498711957,-0.05727837454843075
2013-04-14 16:00:00,6.959702603222056e-10,5.023515864419276e-08,-0.06645070843616624,-0.03322535387009799
2013-04-14 17:00:00,2.4730484753568116e-09,0.0392278496180492,-0.011528428989673831,-0.0057642132583126775
2013-04-14 18:00:00,3.43533351550678e-09,0.1213209209596594,-0.002617721966651491,-0.0013088592656589878
2013-04-14 19:00:00,3.435225433539586e-09,0.03631029775895688,0.022583083518337932,0.011291543476781683
2013-04-14 20:00:00,3.435199977099033e-09,0.03197134991557875,0.04092510684252475,0.020462555138862363
2013-04-14 21:00:00,3.4351999062954415e-09,1.1248188600474648e-06,0.04807669360941231,0.02403834852230611
2013-04-14 22:00:00,2.7481612788016685e-09,1.6311592347708369e-07,0.022485994959830016,0.011242998853995647
2013-04-14 23:00:00,2.7481612674730826e-09,1.6431710668984736e-07,-0.0023064667128143753,-0.0011532319823265539
2013-04-15 00:00:00,2.748161276913571e-09,1.6595407018103455e-07,0.0005522173698780981,0.0002761100590196875
2013-04-15 01:00:00,2.748161290130254e-09,1.6690094045721935e-07,0.005437952630641443,0.0027189776894013667
2013-04-15 02:00:00,2.748160978594182e-09,2.16493040732439e-07,0.006897860948790537,0.0034489318484757577
2013-04-15 03:00:00,3.4351998071704183e-09,7.76596925578482e-06,0.031127946604351576,0.015563975019775692
2013-04-15 04:00:00,3.43519985437281e-09,0.1627835389679354,-0.011431950108507123,-0.005715973336653635
2013-04-15 05:00:00,3.4362380093763254e-09,0.16748862232803347,-0.06545862318660362,-0.032729309875182806
2013-04-15 06:00:00,8.57654934233909e-10,1.326774570584213e-07,-0.0851498136965756,-0.04257490641946033
2013-04-15 07:00:00,5.006730747578745e-10,2.9480251149330602e-08,-0.11472645432808556,-0.057363226913706246
2013-04-15 08:00:00,5.825945774351373e-10,2.9437392658367866e-08,-0.11821938430827635,-0.05910969186284088
2013-04-15 09:00:00,5.687526649984379e-10,2.74172009767951e-08,-0.1198816632531132,-0.05994083134218026
2013-04-15 10:00:00,5.751282196508317e-10,2.877900505338436e-08,-0.11922388457990377,-0.05961194200238777
2013-04-15 11:00:00,5.760176413282579e-10,2.86250725015658e-08,-0.11951265520542353,-0.05975632731470295
2013-04-15 12:00:00,5.754571626588321e-10,2.808253945923916e-08,-0.12034931381423872,-0.060174656619390775
2013-04-15 13:00:00,4.831582711069636e-10,2.744130780430825e-08,-0.12099226585357609,-0.060496132685208905
2013-04-15 14:00:00,4.276355581103036e-10,2.6580822526187562e-08,-0.12318809660020413,-0.06159404808628429
2013-04-15 15:00:00,5.173213473793827e-10,4.686434930140183e-08,-0.1145567498711957,-0.05727837467693717
2013-04-15 16:00:00,1.7184288546008111e-09,0.14180694839767022,-0.06645070843616624,-0.03322535335886869
2013-04-15 17:00:00,4.9164982913496835e-09,0.24569188895696406,-0.011528428989673831,-0.00576421203658777
2013-04-15 18:00:00,7.511638894801226e-09,0.2948069212461032,-0.002617721966651491,-0.0013088572275062982
2013-04-15 19:00:00,7.964787459591884e-09,0.2927749231485051,0.022583083518337932,0.011291545741562695
2013-04-15 20:00:00,7.910393326766877e-09,0.2971795054307059,0.04092510684252475,0.020462557376459037
2013-04-15 21:00:00,7.539349592505553e-09,0.3076490729599897,0.04807669360941231,0.02403835057438095
2013-04-15 22:00:00,6.36705961902877e-09,0.32191337527191755,0.022485994959830016,0.011243000663444818
2013-04-15 23:00:00,5.978143053268772e-09,0.3291561433318061,-0.0023064667128143753,-0.0011532303673356611
2013-04-16 00:00:00,5.3954560594405365e-09,0.3240612334708618,0.0005522173698780981,0.0002761113826670788
2013-04-16 01:00:00,5.081103319049638e-09,0.3201068484739395,0.005437952630641443,0.002718978855872381
2013-04-16 02:00:00,4.9827827203723774e-09,0.3205625304329247,0.006897860948790537,0.0034489329657866287
2013-04-16 03:00:00,4.921826257385791e-09,0.3177590308317896,0.031127946604351576,0.015563975763088917
2013-04-16 04:00:00,4.871191076954968e-09,0.309804368940866,-0.011431950108507123,-0.005715972618658023
2013-04-16 05:00:00,5.555908949947474e-09,0.3020453540414124,-0.06545862318660362,-0.03272930881534733
2013-04-16 06:00:00,1.317871867645673e-09,0.136458319675514,-0.0851498136965756,-0.04257490618935186
2013-04-16 07:00:00,4.60634438036214e-10,3.076712277164759e-08,-0.11472645432808556,-0.057363226933725565
2013-04-16 08:00:00,4.680716579738385e-10,2.8458473176021355e-08,-0.11821938430827635,-0.05910969192010234
2013-04-16 09:00:00,4.658679394387481e-10,2.7630249545521084e-08,-0.1198816632531132,-0.05994083139362263
2013-04-16 10:00:00,4.666517250176736e-10,2.7345727837090883e-08,-0.11922388457990377,-0.05961194205662602
2013-04-16 11:00:00,4.614367023932783e-10,2.752896563622448e-08,-0.11951265520542353,-0.05975632737199341
2013-04-16 12:00:00,4.718811308944568e-10,2.8111174512336043e-08,-0.12034931381423872,-0.06017465667117879
2013-04-16 13:00:00,4.890814087571652e-10,2.9104986610418188e-08,-0.12099226585357609,-0.060496132682247336
2013-04-16 14:00:00,4.75479879284604e-10,2.8482383645107333e-08,-0.12318809660020413,-0.06159404806236213
2013-04-16 15:00:00,6.036025173619636e-10,4.888063268825341e-08,-0.1145567498711957,-0.05727837463379659
2013-04-16 16:00:00,1.6512536722436826e-09,0.1445337782965154,-0.06645070843616624,-0.03322535339245628
2013-04-16 17:00:00,3.3764594923419776e-09,0.20822529184960986,-0.011528428989673831,-0.005764212806607169
2013-04-16 18:00:00,4.143574966510626e-09,0.2330786243506714,-0.002617721966651491,-0.0013088589115382622
2013-04-16 19:00:00,4.1327767237088654e-09,0.23208936088058302,0.022583083518337932,0.011291543825557328
2013-04-16 20:00:00,4.123692674474259e-09,0.2301232665783467,0.04092510684252475,0.02046255548310871
2013-04-16 21:00:00,4.122874634676975e-09,0.22952178714292257,0.04807669360941231,0.02403834886614347
2013-04-16 22:00:00,4.122808819102819e-09,0.2231831412696503,0.022485994959830016,0.011242999541319418
2013-04-16 23:00:00,4.124085594596444e-09,0.2232118283446923,-0.0023064667128143753,-0.0011532312943643903
2013-04-17 00:00:00,4.122476294474751e-09,0.22392971138353043,0.0005522173698780981,0.0002761107461771963
2013-04-17 01:00:00,4.228201736034519e-09,0.22778701413132824,0.005437952630641443,0.0027189784294215894
2013-04-17 02:00:00,5.126957721863339e-09,0.2484848102652114,0.006897860948790537,0.0034489330378741296
2013-04-17 03:00:00,6.006714166941381e-09,0.272897403505442,0.031127946604351576,0.015563976305532872
2013-04-17 04:00:00,8.802699329137859e-09,0.3105358159959732,-0.011431950108507123,-0.005715970652903897
2013-04-17 05:00:00,9.66173022822892e-09,0.31135246922051785,-0.06545862318660362,-0.0327293067624367
2013-04-17 06:00:00,1.9289931921856522e-09,0.14546403363559612,-0.0851498136965756,-0.0425749058837912
2013-04-17 07:00:00,4.9931155372353e-10,4.3574186753250866e-08,-0.11472645432808556,-0.05736322691438701
2013-04-17 08:00:00,4.3427798189758936e-10,2.649385123374688e-08,-0.11821938430827635,-0.05910969193699918
2013-04-17 09:00:00,4.444038925563298e-10,2.579432316775101e-08,-0.1198816632531132,-0.059940831404354654
2013-04-17 10:00:00,4.414350829945984e-10,2.5096929838011653e-08,-0.11922388457990377,-0.05961194206923434
2013-04-17 11:00:00,4.4737502831872754e-10,2.5208780406680433e-08,-0.11951265520542353,-0.059756327379024254
2013-04-17 12:00:00,4.659804582520791e-10,2.6314932227431145e-08,-0.12034931381423872,-0.06017465667412913
2013-04-17 13:00:00,4.83073610103109e-10,2.7401797160928505e-08,-0.12099226585357609,-0.06049613268525124
2013-04-17 14:00:00,4.5220399556169494e-10,2.7539182169185452e-08,-0.12318809660020413,-0.06159404807400007
2013-04-17 15:00:00,4.826894491500043e-10,3.136415393729768e-08,-0.1145567498711957,-0.05727837469425313
2013-04-17 16:00:00,1.2602653505784842e-09,0.07773846736817713,-0.06645070843616624,-0.033225353587950444
2013-04-17 17:00:00,3.0013648361435406e-09,0.22453827397398624,-0.011528428989673831,-0.005764212994154498
2013-04-17 18:00:00,4.163697216121646e-09,0.26299898330428845,-0.002617721966651491,-0.0013088589014771375
2013-04-17 19:00:00,4.155501454697348e-09,0.2342423754375826,0.022583083518337932,0.011291543836919693
2013-04-17 20:00:00,4.138846321793375e-09,0.20857460603362632,0.04092510684252475,0.020462555490685534
2013-04-17 21:00:00,3.43550647307617e-09,0.13403181219457383,0.04807669360941231,0.024038348522459393
2013-04-17 22:00:00,3.435207973203449e-09,0.07087635804601546,0.022485994959830016,0.011242999197518994
2013-04-17 23:00:00,2.7481610692228503e-09,2.673993051991778e-07,-0.0023064667128143753,-0.001153231982326653
2013-04-18 00:00:00,2.7481611674039145e-09,1.8194178727844138e-07,0.0005522173698780981,0.00027611005901963275
2013-04-18 01:00:00,2.7481609823703766e-09,1.724750927020921e-07,0.005437952630641443,0.002718977689401213
2013-04-18 02:00:00,2.7481607992249607e-09,1.634753260345067e-07,0.006897860948790537,0.0034489318484756683
2013-04-18 03:00:00,2.748160651953407e-09,1.5762480036798438e-07,0.031127946604351576,0.015563974676256113
2013-04-18 04:00:00,2.7481599911197063e-09,1.7772150668928316e-07,-0.011431950108507123,-0.005715973680173566
2013-04-18 05:00:00,3.435195568400949e-09,0.0025046765280546278,-0.06545862318660362,-0.03272930987570402
2013-04-18 06:00:00,8.896400192060233e-10,3.3786769718398434e-08,-0.0851498136965756,-0.04257490640346779
2013-04-18 07:00:00,5.317843042694442e-10,3.276001497362121e-08,-0.11472645432808556,-0.05736322689815063
2013-04-18 08:00:00,5.034680481865711e-10,2.9174321608072075e-08,-0.11821938430827635,-0.05910969190240415
2013-04-18 09:00:00,5.729176512992544e-10,2.9239225030552204e-08,-0.1198816632531132,-0.05994083134009777
2013-04-18 10:00:00,5.723588225161022e-10,2.9484702811962028e-08,-0.11922388457990377,-0.05961194200377247
2013-04-18 11:00:00,5.457815555344274e-10,2.6980491880646558e-08,-0.11951265520542353,-0.05975632732982099
2013-04-18 12:00:00,4.899359937476093e-10,2.596320044378897e-08,-0.12034931381423872,-0.06017465666215136
2013-04-18 13:00:00,4.885000426016816e-10,2.654431393451573e-08,-0.12099226585357609,-0.06049613268253802
2013-04-18 14:00:00,5.161383963627441e-10,2.997776408203857e-08,-0.12318809660020413,-0.06159404804203287
2013-04-18 15:00:00,6.080110384063536e-10,3.7529666787567216e-08,-0.1145567498711957,-0.05727837463159233
2013-04-18 16:00:00,7.78924666861151e-10,3.4387142847004156e-08,-0.06645070843616624,-0.03322535382862079
2013-04-18 17:00:00,2.4143023837192572e-09,0.007446488135107381,-0.011528428989673831,-0.005764213287685724
2013-04-18 18:00:00,3.4352004373224517e-09,0.015554167161796115,-0.002617721966651491,-0.0013088592657255268
2013-04-18 19:00:00,3.435200699295837e-09,0.016245538305077113,0.022583083518337932,0.011291543476769316
2013-04-18 20:00:00,3.4352008763049036e-09,0.016896564179049972,0.04092510684252475,0.02046255513886281
2013-04-18 21:00:00,3.4352009943109584e-09,0.01750087901789188,0.04807669360941231,0.02403834852230665
2013-04-18 22:00:00,3.4352307556968063e-09,0.017736959925387055,0.022485994959830016,0.011242999197530386
2013-04-18 23:00:00,3.4353013330731483e-09,0.01804082087901814,-0.0023064667128143753,-0.0011532316387565212
2013-04-19 00:00:00,3.4352716082278795e-09,2.8958120251658365e-06,0.0005522173698780981,0.00027611040257485316
2013-04-19 01:00:00,3.435201216162363e-09,2.265474962195e-06,0.005437952630641443,0.0027189780329213297
2013-04-19 02:00:00,3.4352014073322137e-09,1.1937032077242767e-06,0.006897860948790537,0.003448932191995972
2013-04-19 03:00:00,3.435201308207103e-09,1.3420300556720183e-06,0.031127946604351576,0.015563975019776442
2013-04-19 04:00:00,3.4352008645042987e-09,0.11592654536320827,-0.011431950108507123,-0.005715973336653129
2013-04-19 05:00:00,2.9358636746922183e-09,0.16655959008825316,-0.06545862318660362,-0.03272931012536997
2013-04-19 06:00:00,1.27032459842777e-09,0.009701809850786182,-0.0851498136965756,-0.0425749062131255
2013-04-19 07:00:00,4.846616659682011e-10,2.6650087147445852e-08,-0.11472645432808556,-0.057363226921711946
2013-04-19 08:00:00,4.809995778441469e-10,2.6312668359489904e-08,-0.11821938430827635,-0.059109691913638386
2013-04-19 09:00:00,4.725726774553558e-10,2.6270018485860496e-08,-0.1198816632531132,-0.05994083139027026
2013-04-19 10:00:00,4.5959247002097736e-10,2.6883952310974127e-08,-0.11922388457990377,-0.059611942060155645
2013-04-19 11:00:00,4.80979613564606e-10,2.7935726630206533e-08,-0.11951265520542353,-0.05975632736222196
2013-04-19 12:00:00,4.743206193828913e-10,2.794481471991353e-08,-0.12034931381423872,-0.06017465666995905
2013-04-19 13:00:00,4.971537096674338e-10,2.860458548621103e-08,-0.12099226585357609,-0.06049613267821119
2013-04-19 14:00:00,5.772875493046167e-10,4.409564764641382e-08,-0.12318809660020413,-0.06159404801145829
2013-04-19 15:00:00,7.161428630189116e-10,5.796226633388761e-08,-0.1145567498711957,-0.057278374577526416
2013-04-19 16:00:00,1.6698880008522468e-09,0.13724414917335195,-0.06645070843616624,-0.03322535338313912
2013-04-19 17:00:00,3.207623288830207e-09,0.18765226488945702,-0.011528428989673831,-0.005764212891025271
2013-04-19 18:00:00,4.456957319103329e-09,0.21889358286802907,-0.002617721966651491,-0.0013088587548470859
2013-04-19 19:00:00,4.5876108452606764e-09,0.21957290507359098,0.022583083518337932,0.01129154405297439
2013-04-19 20:00:00,4.5334078657824035e-09,0.21848030924814144,0.04092510684252475,0.020462555687966306
2013-04-19 21:00:00,4.659648447588532e-09,0.2206691697461895,0.04807669360941231,0.024038349134530377
2013-04-19 22:00:00,4.697460098043697e-09,0.22747807309753676,0.022485994959830016,0.011242999828645057
2013-04-19 23:00:00,4.531149702411344e-09,0.22111391193783056,-0.0023064667128143753,-0.0011532310908323364
2013-04-20 00:00:00,4.681366539391806e-09,0.21960303841043274,0.0005522173698780981,0.0002761110256223188
2013-04-20 01:00:00,5.752959800256623e-09,0.2321378441885257,0.005437952630641443,0.0027189791918006217
2013-04-20 02:00:00,7.0524095786207725e-09,0.24557877254438878,0.006897860948790537,0.0034489340006000576
2013-04-20 03:00:00,7.427521373701658e-09,0.2531571657430965,0.031127946604351576,0.015563977015936474
2013-04-20 04:00:00,7.215557032470512e-09,0.25885680484171547,-0.011431950108507123,-0.0057159714464750455
2013-04-20 05:00:00,6.250469527457817e-09,0.24868327441350466,-0.06545862318660362,-0.03272930846806704
2013-04-20 06:00:00,1.5824642007139055e-09,0.12787027429045708,-0.0851498136965756,-0.042574906057055696
2013-04-20 07:00:00,5.351089732148852e-10,3.023596271647064e-08,-0.11472645432808556,-0.0573632268964883
2013-04-20 08:00:00,5.539521772930237e-10,2.8345504822156144e-08,-0.11821938430827635,-0.059109691877162085
2013-04-20 09:00:00,5.779907168105639e-10,2.9549405421891182e-08,-0.1198816632531132,-0.05994083133756124
2013-04-20 10:00:00,5.782426656061696e-10,3.032457117069115e-08,-0.11922388457990377,-0.05961194200083055
2013-04-20 11:00:00,5.98126039060069e-10,3.0353365721810496e-08,-0.11951265520542353,-0.05975632730364875
2013-04-20 12:00:00,6.284872780634162e-10,3.097430177018525e-08,-0.12034931381423872,-0.06017465659287572
2013-04-20 13:00:00,6.567624839368457e-10,3.018040506503062e-08,-0.12099226585357609,-0.060496132598406804
2013-04-20 14:00:00,6.569629472766345e-10,3.205118130458363e-08,-0.12318809660020413,-0.061594047971620595
2013-04-20 15:00:00,6.469507488592073e-10,3.553761199025099e-08,-0.1145567498711957,-0.05727837461212248
2013-04-20 16:00:00,1.9103289584861837e-09,4.7508006593003144e-07,-0.06645070843616624,-0.03322535326291864
2013-04-20 17:00:00,8.419163740919067e-09,0.2659387035256144,-0.011528428989673831,-0.005764210285255045
2013-04-20 18:00:00,9.154734247005441e-08,0.3701562213460982,-0.002617721966651491,-0.0013088152096545104
2013-04-20 19:00:00,6.787002187523797e-08,0.3395458482426979,0.022583083518337932,0.011291575694179904
2013-04-20 20:00:00,5.959336501435806e-08,0.33047341749454834,0.04092510684252475,0.02046258321794488
2013-04-20 21:00:00,5.824263049013236e-08,0.3296579344317037,0.04807669360941231,0.0240383759260214
2013-04-20 22:00:00,5.69769210795108e-08,0.3285066537457033,0.022485994959830016,0.011243025968375548
2013-04-20 23:00:00,6.185041272692057e-08,0.34844839891008955,-0.0023064667128143753,-0.0011532024312008243
2013-04-21 00:00:00,6.372420753921517e-08,0.35580106839446685,0.0005522173698780981,0.00027614054704281867
2013-04-21 01:00:00,6.294247006982465e-08,0.35733493341471495,0.005437952630641443,0.0027190077865557566
2013-04-21 02:00:00,5.8508969807767965e-08,0.34660450445461194,0.006897860948790537,0.0034489597288801725
2013-04-21 03:00:00,5.515137672155958e-08,0.33612440114104547,0.031127946604351576,0.01556400087786415
2013-04-21 04:00:00,5.52598705141241e-08,0.3384227338031143,-0.011431950108507123,-0.005715947424318304
2013-04-21 05:00:00,1.097323433762046e-08,0.2926686814013277,-0.06545862318660362,-0.03272930610668464
2013-04-21 06:00:00,1.196529923586557e-09,1.58388510968903e-07,-0.0851498136965756,-0.04257490625002284
2013-04-21 07:00:00,6.924847614602185e-10,3.7304496420557106e-08,-0.11472645432808556,-0.0573632268178004
2013-04-21 08:00:00,7.081391547710911e-10,3.4850454025978994e-08,-0.11821938430827635,-0.059109691800068594
2013-04-21 09:00:00,6.453569976772485e-10,3.1796799910921707e-08,-0.1198816632531132,-0.059940831303878096
2013-04-21 10:00:00,7.121457828447641e-10,3.2423343456677706e-08,-0.11922388457990377,-0.05961194193387899
2013-04-21 11:00:00,7.637324130407993e-10,3.321419489879124e-08,-0.11951265520542353,-0.05975632722084556
2013-04-21 12:00:00,7.233565138610568e-10,3.347145909034252e-08,-0.12034931381423872,-0.0601746565454411
2013-04-21 13:00:00,7.057816317578728e-10,3.3552860870001216e-08,-0.12099226585357609,-0.06049613257389723
2013-04-21 14:00:00,7.120278235372084e-10,3.725187963008799e-08,-0.12318809660020413,-0.061594047944088154
2013-04-21 15:00:00,6.690855207027181e-10,5.611381945967626e-08,-0.1145567498711957,-0.05727837460105509
2013-04-21 16:00:00,2.0359209438183552e-09,0.17121109767164575,-0.06645070843616624,-0.03322535320012265
2013-04-21 17:00:00,1.0294315562844869e-08,0.3166072371390857,-0.011528428989673831,-0.005764209347679134
2013-04-21 18:00:00,1.2462338842562723e-06,0.4172978286698053,-0.002617721966651491,-0.0013082378663836173
2013-04-21 19:00:00,1.2330701787793545e-06,0.3977307024307053,0.022583083518337932,0.011292158294258356
2013-04-21 20:00:00,1.2397723786410643e-06,0.3941556036606498,0.04092510684252475,0.020463173307451694
2013-04-21 21:00:00,1.2305997267816174e-06,0.39641354492660463,0.04807669360941231,0.024038962104569545
2013-04-21 22:00:00,2.1399951232826628e-07,0.4096234256423632,0.022485994959830016,0.011243104479671173
2013-04-21 23:00:00,2.0870883531286705e-07,0.414710490287312,-0.0023064667128143753,-0.0011531290019895313
2013-04-22 00:00:00,2.1108477443708437e-07,0.42711069905761156,0.0005522173698780981,0.0002762142273262676
2013-04-22 01:00:00,1.8914432808274322e-07,0.44599350403027205,0.005437952630641443,0.002719070887484763
2013-04-22 02:00:00,2.0414652208329483e-08,0.4587018309938049,0.006897860948790537,0.0034489406817213727
2013-04-22 03:00:00,2.0082687475591726e-08,0.458441690130262,0.031127946604351576,0.015563983343519525
2013-04-22 04:00:00,1.9993988429714382e-08,0.44237884155546037,-0.011431950108507123,-0.0057159650572593465
2013-04-22 05:00:00,1.0297140274999271e-08,0.3478449568674616,-0.06545862318660362,-0.03272930644473167
2013-04-22 06:00:00,3.431336002557886e-09,0.19309063276728594,-0.0851498136965756,-0.04257490513261979
2013-04-22 07:00:00,1.1760838379078961e-09,0.12192236955844941,-0.11472645432808556,-0.05736322657600086
2013-04-22 08:00:00,4.857699873348737e-10,4.2330739084722674e-08,-0.11821938430827635,-0.059109691911253176
2013-04-22 09:00:00,4.1704836688282327e-10,2.7431525429895768e-08,-0.1198816632531132,-0.059940831418032414
2013-04-22 10:00:00,4.2900190569210235e-10,2.6790024645925542e-08,-0.11922388457990377,-0.05961194207545093
2013-04-22 11:00:00,4.781005176587775e-10,2.8086355182418886e-08,-0.11951265520542353,-0.05975632736366151
2013-04-22 12:00:00,4.908342816157578e-10,2.824659979077158e-08,-0.12034931381423872,-0.06017465666170222
2013-04-22 13:00:00,4.972055755576516e-10,2.889476471984354e-08,-0.12099226585357609,-0.06049613267818525
2013-04-22 14:00:00,4.4961067654001154e-10,2.8276189101118587e-08,-0.12318809660020413,-0.061594048075296726
2013-04-22 15:00:00,4.6124622586428806e-10,3.023815753330234e-08,-0.1145567498711957,-0.05727837470497474
2013-04-22 16:00:00,1.1642690526724717e-09,0.03945931713902106,-0.06645070843616624,-0.03322535363594859
2013-04-22 17:00:00,2.6794474440086997e-09,0.2138479899681018,-0.011528428989673831,-0.005764213155113194
2013-04-22 18:00:00,4.823463725511426e-09,0.29727864225315753,-0.002617721966651491,-0.0013088585715938827
2013-04-22 19:00:00,4.811326121226043e-09,0.2888410589817258,0.022583083518337932,0.011291544164832027
2013-04-22 20:00:00,4.124507854958167e-09,0.2775029348420745,0.04092510684252475,0.0204625554835163
2013-04-22 21:00:00,4.130850036757646e-09,0.26052212098813776,0.04807669360941231,0.024038348870131173
2013-04-22 22:00:00,3.438831630378288e-09,0.22359701415214692,0.022485994959830016,0.011242999199330823
2013-04-22 23:00:00,3.4380122171923213e-09,0.20761254089240253,-0.0023064667128143753,-0.001153231637401079
2013-04-23 00:00:00,3.4357528155470374e-09,0.19338279713373174,0.0005522173698780981,0.0002761104028154568
2013-04-23 01:00:00,3.435352409838395e-09,0.18425301570369906,0.005437952630641443,0.0027189780329969263
2013-04-23 02:00:00,3.435213753173415e-09,0.17792402866680493,0.006897860948790537,0.003448932192002145
2013-04-23 03:00:00,3.43520162682355e-09,0.17152974094880735,0.031127946604351576,0.015563975019776601
2013-04-23 04:00:00,3.435200194230066e-09,0.16736482159478674,-0.011431950108507123,-0.005715973336653465
2013-04-23 05:00:00,2.51516786822423e-09,0.1431013437275469,-0.06545862318660362,-0.032729310335717875
2013-04-23 06:00:00,1.3828583592067125e-09,0.10290377319348257,-0.0851498136965756,-0.04257490615685862
2013-04-23 07:00:00,5.650997052040036e-10,3.0305845453684684e-08,-0.11472645432808556,-0.05736322688149293
2013-04-23 08:00:00,5.088159517594609e-10,3.124361872367401e-08,-0.11821938430827635,-0.0591096918997302
2013-04-23 09:00:00,4.997334217870374e-10,3.03369181618796e-08,-0.1198816632531132,-0.05994083137668989
2013-04-23 10:00:00,5.337035402809123e-10,3.116834045581582e-08,-0.11922388457990377,-0.05961194202310011
2013-04-23 11:00:00,5.178189484945148e-10,2.994910861587672e-08,-0.11951265520542353,-0.05975632734380229
2013-04-23 12:00:00,5.07493640780731e-10,2.910694703190702e-08,-0.12034931381423872,-0.06017465665337254
2013-04-23 13:00:00,5.198996638498781e-10,3.111720975053351e-08,-0.12099226585357609,-0.06049613266683821
2013-04-23 14:00:00,5.703840468968029e-10,2.9530091510569388e-08,-0.12318809660020413,-0.061594048014910044
2013-04-23 15:00:00,5.437235974277807e-10,2.8950011113517775e-08,-0.1145567498711957,-0.05727837466373605
2013-04-23 16:00:00,1.002125410790121e-09,7.676402303787625e-08,-0.06645070843616624,-0.033225353717020414
2013-04-23 17:00:00,2.721577450385276e-09,0.1583311383079928,-0.011528428989673831,-0.00576421313404819
2013-04-23 18:00:00,4.8129840977616515e-09,0.20670407593704657,-0.002617721966651491,-0.0013088585768336967
2013-04-23 19:00:00,4.8151276485627685e-09,0.21166251509378858,0.022583083518337932,0.01129154416673279
2013-04-23 20:00:00,4.823775876391112e-09,0.21517393014013123,0.04092510684252475,0.020462555833150313
2013-04-23 21:00:00,4.8221886579674465e-09,0.2179589209046641,0.04807669360941231,0.024038349215800482
2013-04-23 22:00:00,4.9201584485858715e-09,0.232013200749417,0.022485994959830016,0.011242999939994232
2013-04-23 23:00:00,4.174426110212679e-09,0.2320541940732269,-0.0023064667128143753,-0.0011532312691941325
2013-04-24 00:00:00,4.226719742262745e-09,0.23503868588791565,0.0005522173698780981,0.00027611079829892017
2013-04-24 01:00:00,4.285883115834254e-09,0.24002389545883251,0.005437952630641443,0.002718978458262279
2013-04-24 02:00:00,4.401680284813775e-09,0.25079322364436324,0.006897860948790537,0.003448932675235411
2013-04-24 03:00:00,5.601908426792151e-09,0.2644723910147794,0.031127946604351576,0.015563976103130001
2013-04-24 04:00:00,6.503170820673865e-09,0.2835310276406724,-0.011431950108507123,-0.005715971802668151
2013-04-24 05:00:00,4.895304626956964e-09,0.24013577149460769,-0.06545862318660362,-0.03272930914564949
2013-04-24 06:00:00,1.076958574935743e-09,0.10444673181549065,-0.0851498136965756,-0.04257490630980851
2013-04-24 07:00:00,4.94751245957996e-10,2.990431535690304e-08,-0.11472645432808556,-0.05736322691666716
2013-04-24 08:00:00,5.728701141770029e-10,3.034437085475687e-08,-0.11821938430827635,-0.05910969186770312
2013-04-24 09:00:00,5.577856289823629e-10,2.9260569542395428e-08,-0.1198816632531132,-0.05994083134766379
2013-04-24 10:00:00,5.63284309045113e-10,2.756701132859532e-08,-0.11922388457990377,-0.05961194200830973
2013-04-24 11:00:00,5.704578948349789e-10,2.7647122459311095e-08,-0.11951265520542353,-0.05975632731748282
2013-04-24 12:00:00,5.846284272018965e-10,2.7129120747432553e-08,-0.12034931381423872,-0.060174656614805144
2013-04-24 13:00:00,5.295144320410755e-10,2.564653204436252e-08,-0.12099226585357609,-0.06049613266203083
2013-04-24 14:00:00,4.930751548957632e-10,2.7055252436696578e-08,-0.12318809660020413,-0.06159404805356449
2013-04-24 15:00:00,5.292946957720962e-10,2.8317852042058695e-08,-0.1145567498711957,-0.0572783746709505
2013-04-24 16:00:00,7.760854196756345e-10,7.834722493528735e-08,-0.06645070843616624,-0.03322535383004041
2013-04-24 17:00:00,2.5015651177660745e-09,0.16004596074875038,-0.011528428989673831,-0.005764213244054356
2013-04-24 18:00:00,5.731072443020887e-09,0.21432949376890806,-0.002617721966651491,-0.001308858117789524
2013-04-24 19:00:00,6.3133217141855685e-09,0.21375014105467086,0.022583083518337932,0.011291544915829822
2013-04-24 20:00:00,8.403155458402243e-09,0.22741453443063783,0.04092510684252475,0.0204625576228401
2013-04-24 21:00:00,1.0879813587154459e-07,0.264402012353923,0.04807669360941231,0.02403840120377409
2013-04-24 22:00:00,1.3673403643797994e-07,0.309352342749448,0.022485994959830016,0.011243065846933227
2013-04-24 23:00:00,2.1460524099542246e-07,0.35303943852178055,-0.0023064667128143753,-0.00115312605378669
2013-04-25 00:00:00,2.6583620830945667e-07,0.39958859808254155,0.0005522173698780981,0.0002762416030432038
2013-04-25 01:00:00,4.795611533640129e-07,0.4418915169918162,0.005437952630641443,0.0027192160958974033
2013-04-25 02:00:00,5.713830295167691e-07,0.4855632237492743,0.006897860948790537,0.0034492161659100268
2013-04-25 03:00:00,1.212684433190558e-06,0.5469953580481881,0.031127946604351576,0.015564579644392383
2013-04-25 04:00:00,0.2996502325828995,0.5253835670372935,-0.011431950108507123,0.1441091412371962
2013-04-25 05:00:00,0.00022131840692727613,0.4346173993189691,-0.06545862318660362,-0.03261865238983817
2013-04-25 06:00:00,2.2880891833201754e-09,0.16159931950945763,-0.0851498136965756,-0.04257490570424321
2013-04-25 07:00:00,5.038226107213153e-10,3.558707881434262e-08,-0.11472645432808556,-0.05736322691213148
2013-04-25 08:00:00,4.586870814236513e-10,2.802737085772275e-08,-0.11821938430827635,-0.05910969192479463
2013-04-25 09:00:00,4.661590820677165e-10,2.6755443054852582e-08,-0.1198816632531132,-0.059940831393477056
2013-04-25 10:00:00,4.90878077642698e-10,2.6039261468947003e-08,-0.11922388457990377,-0.059611942044512846
2013-04-25 11:00:00,5.087682301363732e-10,2.569772527418604e-08,-0.11951265520542353,-0.05975632734832765
2013-04-25 12:00:00,5.107350445644927e-10,2.5924142560866836e-08,-0.12034931381423872,-0.06017465665175183
2013-04-25 13:00:00,4.614001626604446e-10,2.5291660139513228e-08,-0.12099226585357609,-0.06049613269608796
2013-04-25 14:00:00,4.355463865001334e-10,2.5967429656424353e-08,-0.12318809660020413,-0.06159404808232887
2013-04-25 15:00:00,3.9940138125703927e-10,3.5158764658866743e-08,-0.1145567498711957,-0.057278374735897156
2013-04-25 16:00:00,1.0608544523143832e-09,0.11564956782000638,-0.06645070843616624,-0.0332253536876559
2013-04-25 17:00:00,3.534778904377994e-09,0.22376024838785405,-0.011528428989673831,-0.005764212727447464
2013-04-25 18:00:00,6.455363307344855e-09,0.31494518169026703,-0.002617721966651491,-0.0013088577556440919
2013-04-25 19:00:00,6.4253102485862376e-09,0.27587059302221784,0.022583083518337932,0.01129154497182409
2013-04-25 20:00:00,6.169436257574683e-09,0.2468120232497592,0.04092510684252475,0.020462556505980504
2013-04-25 21:00:00,8.28916255335712e-09,0.24187987868685973,0.04807669360941231,0.02403835094928743
2013-04-25 22:00:00,8.778462771957104e-09,0.23279236664181582,0.022485994959830016,0.011243001869146394
2013-04-25 23:00:00,4.291180544748635e-08,0.24979675298716306,-0.0023064667128143753,-0.0011532119005044639
2013-04-26 00:00:00,9.21437370478485e-09,0.25372026188426217,0.0005522173698780981,0.00027611329212590146
2013-04-26 01:00:00,7.895779972594808e-09,0.2552025580815719,0.005437952630641443,0.0027189802632107078
2013-04-26 02:00:00,7.921301086105887e-09,0.2694290783343809,0.006897860948790537,0.0034489344350458117
2013-04-26 03:00:00,1.1649083215257986e-08,0.3016042673577848,0.031127946604351576,0.015563979126717396
2013-04-26 04:00:00,1.6493552725218222e-07,0.3433263601871568,-0.011431950108507123,-0.005715892586489936
2013-04-26 05:00:00,1.0443387351432404e-08,0.29963611455193545,-0.06545862318660362,-0.03272930637160813
2013-04-26 06:00:00,1.7004379736751178e-09,0.1279211322622002,-0.0851498136965756,-0.04257490599806881
2013-04-26 07:00:00,5.171429443607385e-10,4.749125136557609e-08,-0.11472645432808556,-0.05736322690547131
2013-04-26 08:00:00,4.475873355433751e-10,2.7335137440298837e-08,-0.11821938430827635,-0.0591096919303445
2013-04-26 09:00:00,4.5070153065632816e-10,2.67780749347129e-08,-0.1198816632531132,-0.05994083140120583
2013-04-26 10:00:00,4.4642067131061715e-10,2.680943757146464e-08,-0.11922388457990377,-0.059611942066741544
2013-04-26 11:00:00,4.547027435961606e-10,2.746108685018186e-08,-0.11951265520542353,-0.059756327375360394
2013-04-26 12:00:00,5.012061158462031e-10,3.0291320897891895e-08,-0.12034931381423872,-0.0601746566565163
2013-04-26 13:00:00,6.599769900078398e-10,5.595092941896086e-08,-0.12099226585357609,-0.06049613259679955
2013-04-26 14:00:00,1.5594606866580806e-09,0.02735803554843106,-0.12318809660020413,-0.061594047520371724
2013-04-26 15:00:00,2.413298477786694e-09,0.1701727813698431,-0.1145567498711957,-0.05727837372894861
2013-04-26 16:00:00,7.653038057129692e-09,0.2255162284109134,-0.06645070843616624,-0.033225350391564094
2013-04-26 17:00:00,1.0245368387280787e-06,0.28211356088384465,-0.011528428989673831,-0.005763702226417551
2013-04-26 18:00:00,1.6689483467456042e-06,0.32147661385302745,-0.002617721966651491,-0.0013080265091523727
2013-04-26 19:00:00,1.881820490624022e-06,0.3391280050858055,0.022583083518337932,0.011292482669414279
2013-04-26 20:00:00,2.100092787546693e-06,0.360761202493825,0.04092510684252475,0.020463603467656147
2013-04-26 21:00:00,2.1618384237458874e-06,0.36675569012472453,0.04807669360941231,0.02403942772391803
2013-04-26 22:00:00,4.225336778323479e-07,0.4061817070198988,0.022485994959830016,0.011243208746753924
2013-04-26 23:00:00,1.5158743702038905e-07,0.4107597048532728,-0.0023064667128143753,-0.0011531575626886775
2013-04-27 00:00:00,1.4085194763325228e-07,0.40280467269203196,0.0005522173698780981,0.0002761791109128657
2013-04-27 01:00:00,1.268733720348995e-07,0.40176486929440985,0.005437952630641443,0.002719039752006739
2013-04-27 02:00:00,1.3563150714666597e-07,0.4140565790515954,0.006897860948790537,0.003448998290148842
2013-04-27 03:00:00,1.6683170437411304e-07,0.4336827229515986,0.031127946604351576,0.015564056718027975
2013-04-27 04:00:00,1.9754596714269157e-07,0.4345753094167695,-0.011431950108507123,-0.00571587628126999
2013-04-27 05:00:00,1.1469807171365318e-08,0.31721576402552065,-0.06545862318660362,-0.03272930585839822
2013-04-27 06:00:00,3.735177782715323e-09,0.2077190758689476,-0.0851498136965756,-0.04257490498069891
2013-04-27 07:00:00,1.9379706937164746e-09,7.750697794697749e-07,-0.11472645432808556,-0.05736322619505743
2013-04-27 08:00:00,8.637797958288821e-10,7.050468619059153e-08,-0.11821938430827635,-0.059109691722248274
2013-04-27 09:00:00,7.333614386608116e-10,5.988785564579383e-08,-0.1198816632531132,-0.05994083125987588
2013-04-27 10:00:00,6.525406914130277e-10,5.439682450419277e-08,-0.11922388457990377,-0.05961194196368154
2013-04-27 11:00:00,6.157638128454076e-10,5.1274164708724225e-08,-0.11951265520542353,-0.05975632729482986
2013-04-27 12:00:00,6.068533341575373e-10,5.033066549700128e-08,-0.12034931381423872,-0.06017465660369269
2013-04-27 13:00:00,6.475530025494467e-10,5.287562098454556e-08,-0.12099226585357609,-0.060496132603011545
2013-04-27 14:00:00,7.850830783771893e-10,6.347044027018368e-08,-0.12318809660020413,-0.061594047907560526
2013-04-27 15:00:00,1.285044493767672e-09,7.885004676940798e-08,-0.1145567498711957,-0.057278374293075605
2013-04-27 16:00:00,2.3023065888330425e-09,0.16254930907191673,-0.06645070843616624,-0.03322535306692982
2013-04-27 17:00:00,4.625969563225089e-09,0.2150906493299141,-0.011528428989673831,-0.0057642121818521335
2013-04-27 18:00:00,8.676269947305466e-09,0.2644793904764878,-0.002617721966651491,-0.0013088566451907719
2013-04-27 19:00:00,8.398659758673028e-09,0.2604242821481895,0.022583083518337932,0.011291545958498845
2013-04-27 20:00:00,8.135567422907753e-09,0.2531768356091247,0.04092510684252475,0.020462557489046084
2013-04-27 21:00:00,9.568750848090348e-09,0.2645610160771052,0.04807669360941231,0.024038351589081578
2013-04-27 22:00:00,4.337725052941826e-08,0.3021763012593326,0.022485994959830016,0.011243019168540274
2013-04-27 23:00:00,5.0717928336277316e-08,0.3193753291435342,-0.0023064667128143753,-0.0011532079974430195
2013-04-28 00:00:00,5.0465308140347246e-08,0.33518416329018824,0.0005522173698780981,0.00027613391759311924
2013-04-28 01:00:00,5.187478759111714e-08,0.35531725447232865,0.005437952630641443,0.002719002252714517
2013-04-28 02:00:00,6.337833726953301e-08,0.39968335267781985,0.006897860948790537,0.003448962163563903
2013-04-28 03:00:00,6.818509401068702e-08,0.44036438309989845,0.031127946604351576,0.015564007394722794
2013-04-28 04:00:00,1.7769637230545884e-08,0.45525460087580605,-0.011431950108507123,-0.005715966169434946
2013-04-28 05:00:00,6.466410947950035e-09,0.3094751472097705,-0.06545862318660362,-0.03272930836009633
2013-04-28 06:00:00,1.6690806652655233e-09,7.367411397531171e-07,-0.0851498136965756,-0.042574906013747464
2013-04-28 07:00:00,6.011707639514189e-10,5.321490394160809e-08,-0.11472645432808556,-0.0573632268634574
2013-04-28 08:00:00,5.498493695991365e-10,3.376659647413194e-08,-0.11821938430827635,-0.059109691879213486
2013-04-28 09:00:00,5.524620316210207e-10,3.228159874660528e-08,-0.1198816632531132,-0.05994083135032558
2013-04-28 10:00:00,5.423346762863216e-10,3.084643893131525e-08,-0.11922388457990377,-0.059611942018784544
2013-04-28 11:00:00,6.251361760179562e-10,3.244268664298119e-08,-0.11951265520542353,-0.05975632729014368
2013-04-28 12:00:00,6.40880305257476e-10,3.3226187380677874e-08,-0.12034931381423872,-0.060174656586679205
2013-04-28 13:00:00,5.709822019050293e-10,3.262289835376881e-08,-0.12099226585357609,-0.06049613264129694
2013-04-28 14:00:00,5.818090153854093e-10,3.5691605876175244e-08,-0.12318809660020413,-0.06159404800919756
2013-04-28 15:00:00,5.326496145347102e-10,4.303136141477032e-08,-0.1145567498711957,-0.05727837466927304
2013-04-28 16:00:00,1.3995682105340454e-09,0.03448415973437637,-0.06645070843616624,-0.033225353518299014
2013-04-28 17:00:00,3.11166830188034e-09,0.258951490431552,-0.011528428989673831,-0.005764212939002765
2013-04-28 18:00:00,5.5730064477590735e-09,0.3677515313430162,-0.002617721966651491,-0.0013088581968225216
2013-04-28 19:00:00,5.380026540639329e-09,0.34105008822484145,0.022583083518337932,0.011291544449182237
2013-04-28 20:00:00,4.4680454448744724e-09,0.30822164934178775,0.04092510684252475,0.020462555655285097
2013-04-28 21:00:00,4.314851882562038e-09,0.2807664019670634,0.04807669360941231,0.024038348962132097
2013-04-28 22:00:00,4.179600018060052e-09,0.2508529090727141,0.022485994959830016,0.011242999569715017
2013-04-28 23:00:00,3.4385831743314136e-09,0.23578443651982212,-0.0023064667128143753,-0.0011532316371156005
2013-04-29 00:00:00,3.435202219214285e-09,0.22452691589125343,0.0005522173698780981,0.0002761104025401587
2013-04-29 01:00:00,3.4352021318897413e-09,0.22198992163503564,0.005437952630641443,0.0027189780329217876
2013-04-29 02:00:00,3.436152273214438e-09,0.21964100209081536,0.006897860948790537,0.003448932192471405
2013-04-29 03:00:00,3.4352738291946455e-09,0.21404045129491717,0.031127946604351576,0.015563975019812703
2013-04-29 04:00:00,3.4360394643948686e-09,0.2142584728394291,-0.011431950108507123,-0.005715973336233829
2013-04-29 05:00:00,2.5964852261260316e-09,0.18181792164522426,-0.06545862318660362,-0.0327293102950592
2013-04-29 06:00:00,1.3441985616392004e-09,0.012404783653970979,-0.0851498136965756,-0.04257490617618852
2013-04-29 07:00:00,5.313638012388196e-10,3.046258204322036e-08,-0.11472645432808556,-0.05736322689836088
2013-04-29 08:00:00,5.514385867538674e-10,3.12960482543241e-08,-0.11821938430827635,-0.05910969187841888
2013-04-29 09:00:00,5.141060450926251e-10,3.057642655400776e-08,-0.1198816632531132,-0.059940831369503574
2013-04-29 10:00:00,4.918516095596767e-10,2.959563854842175e-08,-0.11922388457990377,-0.059611942044026076
2013-04-29 11:00:00,4.937615085819266e-10,3.004060975472229e-08,-0.11951265520542353,-0.059756327355831015
2013-04-29 12:00:00,5.026778107768074e-10,3.009270074455727e-08,-0.12034931381423872,-0.06017465665578045
2013-04-29 13:00:00,5.184105264377159e-10,2.9301766390103722e-08,-0.12099226585357609,-0.06049613266758278
2013-04-29 14:00:00,5.988350789349269e-10,2.9765645429885105e-08,-0.12318809660020413,-0.06159404800068453
2013-04-29 15:00:00,6.223825231017543e-10,3.1387890016761896e-08,-0.1145567498711957,-0.05727837462440659
2013-04-29 16:00:00,1.0268635414424944e-09,1.498230894008303e-07,-0.06645070843616624,-0.03322535370465135
2013-04-29 17:00:00,2.6189044331497807e-09,0.15194204276392073,-0.011528428989673831,-0.005764213185384699
2013-04-29 18:00:00,4.122252697379907e-09,0.20909239323459708,-0.002617721966651491,-0.001308858922199397
2013-04-29 19:00:00,4.1222411960052954e-09,0.21644152755561571,0.022583083518337932,0.011291543820289565
2013-04-29 20:00:00,4.122241340444717e-09,0.22137728156081204,0.04092510684252475,0.020462555482383044
2013-04-29 21:00:00,4.122243645812533e-09,0.22049429297064693,0.04807669360941231,0.024038348865827976
2013-04-29 22:00:00,4.1222418587274286e-09,0.21519389791912322,0.022485994959830016,0.011242999541035938
2013-04-29 23:00:00,4.1222423571852415e-09,0.21303986351106122,-0.0023064667128143753,-0.001153231295286009
2013-04-30 00:00:00,4.122242326031625e-09,0.210063185699505,0.0005522173698780981,0.0002761107460602121
2013-04-30 01:00:00,4.122242303374449e-09,0.20888805504766306,0.005437952630641443,0.0027189783764418733
2013-04-30 02:00:00,4.122556658836688e-09,0.2096819612352294,0.006897860948790537,0.003448932535673598
2013-04-30 03:00:00,4.140399946404455e-09,0.21215696298321862,0.031127946604351576,0.015563975372375761
2013-04-30 04:00:00,4.283191186282182e-09,0.21788738712694666,-0.011431950108507123,-0.005715972912657968
2013-04-30 05:00:00,3.065877700648504e-09,0.1830955151506246,-0.06545862318660362,-0.032729310060362955
2013-04-30 06:00:00,1.2714783504489965e-09,0.11644225674567235,-0.0851498136965756,-0.04257490621254862
2013-04-30 07:00:00,6.874144260981187e-10,5.3739197542051795e-08,-0.11472645432808556,-0.05736322682033557
2013-04-30 08:00:00,4.686663652422275e-10,2.8045709359818936e-08,-0.11821938430827635,-0.05910969191980499
2013-04-30 09:00:00,4.749954540520487e-10,2.9352835831004608e-08,-0.1198816632531132,-0.05994083138905887
2013-04-30 10:00:00,4.822355682483894e-10,2.988809290999033e-08,-0.11922388457990377,-0.0596119420488341
2013-04-30 11:00:00,4.829591271999744e-10,2.992151914983156e-08,-0.11951265520542353,-0.0597563273612322
2013-04-30 12:00:00,4.937230076139068e-10,3.104531175842876e-08,-0.12034931381423872,-0.060174656660257855
2013-04-30 13:00:00,5.207576384079021e-10,3.1687584434850666e-08,-0.12099226585357609,-0.06049613266640922
2013-04-30 14:00:00,6.331620231801719e-10,5.2393650536341884e-08,-0.12318809660020413,-0.061594047983521055
2013-04-30 15:00:00,1.152442689635839e-09,9.741095407904962e-08,-0.1145567498711957,-0.05727837435937651
2013-04-30 16:00:00,2.5852435044454638e-09,0.1710700921429323,-0.06645070843616624,-0.03322535292546137
2013-04-30 17:00:00,6.360757201584105e-09,0.26179261804112386,-0.011528428989673831,-0.005764211314458314
2013-04-30 18:00:00,1.5298859147164133e-07,0.3744697102623214,-0.002617721966651491,-0.0013087844890300097
2013-04-30 19:00:00,9.75312975495554e-08,0.3789697292415323,0.022583083518337932,0.01129159052481774
2013-04-30 20:00:00,9.788032178927642e-08,0.38764782798838837,0.04092510684252475,0.02046260236142327
2013-04-30 21:00:00,1.1464226896192256e-07,0.41088188930328245,0.04807669360941231,0.024038404125840636
2013-04-30 22:00:00,1.4451356277850874e-07,0.45811496330016777,0.022485994959830016,0.011243069736696398
2013-04-30 23:00:00,1.6488843277639375e-07,0.48842139820879227,-0.0023064667128143753,-0.0011531509121907994
2013-05-01 00:00:00,1.882359480584493e-07,0.5099100201076647,-0.03662895318278604,-0.018314382473418992
2013-05-01 01:00:00,2.1114470114968105e-07,0.5262024725564046,-0.03939542164990779,-0.01969760525260332
2013-05-01 02:00:00,0.2311415067254043,0.5394485960692331,-0.030743965891612542,0.10019877041689587
2013-05-01 03:00:00,0.2394349099808778,0.5479327041708787,-0.016695529156887122,0.11136969041199533
2013-05-01 04:00:00,0.24149588557535584,0.5502293722762766,0.00510092030185547,0.12329840293860565
2013-05-01 05:00:00,1.0037617505924985e-08,0.35163321632042116,-0.029112819750959855,-0.014556404856671175
2013-05-01 06:00:00,1.5742485073972154e-09,0.07557826037046607,-0.07677008083893964,-0.03838503963234557
2013-05-01 07:00:00,6.48851511196798e-10,3.7557367779962355e-08,-0.12819438246296946,-0.06409719090705898
2013-05-01 08:00:00,6.694201073033038e-10,3.383997373466001e-08,-0.12708269365425245,-0.06354134649241618
2013-05-01 09:00:00,6.591657638302077e-10,3.286615270387591e-08,-0.12380857391292664,-0.06190428662688044
2013-05-01 10:00:00,7.186303058719704e-10,3.364233403700796e-08,-0.12514845771174335,-0.06257422849655653
2013-05-01 11:00:00,6.871436379327205e-10,3.290616302801574e-08,-0.12303434554708217,-0.06151717242996927
2013-05-01 12:00:00,7.326534090389865e-10,3.380351319922303e-08,-0.12465368478995029,-0.06232684202864844
2013-05-01 13:00:00,7.426325174982002e-10,3.547122788929066e-08,-0.12662336198804897,-0.06331168062270823
2013-05-01 14:00:00,7.513782504950592e-10,3.8582089377433884e-08,-0.12891882121786427,-0.06445941023324302
2013-05-01 15:00:00,6.264154929494693e-10,5.3149524668006337e-08,-0.12127561726314463,-0.06063780831836457
2013-05-01 16:00:00,1.9125854824917423e-09,0.16639578312533052,-0.0385714477458441,-0.019285722916629305
2013-05-01 17:00:00,8.692950140441348e-09,0.32065518267063076,0.0012476998662033273,0.0006238542795767339
2013-05-01 18:00:00,0.00014630358663708494,0.4869776568149284,0.009116112626128749,0.004631208106382917
2013-05-01 19:00:00,0.00012807210223898235,0.4468317605217942,0.021406209404711697,0.010767140753475339
2013-05-01 20:00:00,0.00012331401048474008,0.4366057641619559,0.028079513679694086,0.014101413845089414
2013-05-01 21:00:00,1.4168214818278684e-06,0.4531474149546179,0.026477330196784596,0.013239373509133212
2013-05-01 22:00:00,3.973590631820122e-07,0.47616668832973524,0.002261791897724527,0.0011310946283938546
2013-05-01 23:00:00,4.448632221325204e-07,0.5226481463110275,-0.02488716949774493,-0.012443362317261399
2013-05-02 00:00:00,4.7343858111890635e-07,0.5522142360839556,-0.03662895318278604,-0.018314239872102463
2013-05-02 01:00:00,4.275834640736708e-07,0.5380889983074753,-0.03939542164990779,-0.019697497033221857
2013-05-02 02:00:00,3.824076685672903e-07,0.5217747154750492,-0.030743965891612542,-0.015371791741971988
2013-05-02 03:00:00,0.00010642006001902174,0.5000358085376808,-0.016695529156887122,-0.00829455454843405
2013-05-02 04:00:00,2.1560039312288215e-08,0.4521794707244524,0.00510092030185547,0.0025504709309473912
2013-05-02 05:00:00,7.56240842894952e-09,0.2934749691481737,-0.029112819750959855,-0.014556406094275713
2013-05-02 06:00:00,2.9519362303961194e-09,0.17016096082313295,-0.07677008083893964,-0.038385038943501704
2013-05-02 07:00:00,1.147463939378843e-09,0.11661587064360054,-0.12819438246296946,-0.06409719065775277
2013-05-02 08:00:00,5.18998065439382e-10,4.618541209572012e-08,-0.12708269365425245,-0.0635413465676272
2013-05-02 09:00:00,4.5609752227962857e-10,3.9489177184402974e-08,-0.12380857391292664,-0.06190428672841456
2013-05-02 10:00:00,4.249112501044156e-10,3.664780367691195e-08,-0.12514845771174335,-0.06257422864341605
2013-05-02 11:00:00,4.0181583005928956e-10,3.388760146035527e-08,-0.12303434554708217,-0.06151717257263317
2013-05-02 12:00:00,4.1796644513383445e-10,3.556453013208045e-08,-0.12465368478995029,-0.062326842185991924
2013-05-02 13:00:00,4.5110842554970967e-10,3.8406178754912037e-08,-0.12662336198804897,-0.06331168076847027
2013-05-02 14:00:00,5.117867937815137e-10,4.368652554268711e-08,-0.12891882121786427,-0.06445941035303873
2013-05-02 15:00:00,1.0670368388755706e-09,2.3080198739710557e-07,-0.12127561726314463,-0.0606378080980539
2013-05-02 16:00:00,1.910671770861985e-09,0.1427887407774118,-0.0385714477458441,-0.01928572291758616
2013-05-02 17:00:00,4.54068607946981e-09,0.21292776287203993,0.0012476998662033273,0.0006238522034447034
2013-05-02 18:00:00,7.4558307430092e-09,0.26942177168526615,0.009116112626128749,0.004558060040979746
2013-05-02 19:00:00,7.230193477392661e-09,0.25276338186663644,0.021406209404711697,0.010703108317452588
2013-05-02 20:00:00,7.192166527402199e-09,0.24788127646606004,0.028079513679694086,0.014039760435930308
2013-05-02 21:00:00,6.7337596934490915e-09,0.2539370247929758,0.026477330196784596,0.013238668465272144
2013-05-02 22:00:00,7.350262098586015e-09,0.25829018123225983,0.002261791897724527,0.0011308996239933128
2013-05-02 23:00:00,7.992776995938286e-09,0.26798629828640136,-0.02488716949774493,-0.012443580752483967
2013-05-03 00:00:00,9.103732632341064e-09,0.2817382748892849,-0.03662895318278604,-0.018314472039526703
2013-05-03 01:00:00,9.269476343379355e-09,0.2856379471806759,-0.03939542164990779,-0.01969770619021572
2013-05-03 02:00:00,8.613459589325554e-09,0.28687889669251454,-0.030743965891612542,-0.015371978639076477
2013-05-03 03:00:00,7.889332616637807e-09,0.29016002778319117,-0.016695529156887122,-0.008347760633777252
2013-05-03 04:00:00,9.293304646218444e-09,0.3113061846036383,0.00510092030185547,0.002550464797580058
2013-05-03 05:00:00,5.2350909842224375e-09,0.24035504124334078,-0.029112819750959855,-0.014556407257934435
2013-05-03 06:00:00,2.1290895493133053e-09,0.14573749924094692,-0.07677008083893964,-0.03838503935492505
2013-05-03 07:00:00,9.299419069159309e-10,3.3210812822687943e-07,-0.12819438246296946,-0.06409719076651378
2013-05-03 08:00:00,4.0672182506312777e-10,3.419856556477297e-08,-0.12708269365425245,-0.06354134662376532
2013-05-03 09:00:00,4.148113491059378e-10,2.5696332794365557e-08,-0.12380857391292664,-0.061904286749057645
2013-05-03 10:00:00,4.3903651191349797e-10,2.5975584391438803e-08,-0.12514845771174335,-0.06257422863635342
2013-05-03 11:00:00,4.5380593809568725e-10,2.6389039640060365e-08,-0.12303434554708217,-0.06151717254663812
2013-05-03 12:00:00,4.5212364424354104e-10,2.6910819188588577e-08,-0.12465368478995029,-0.06232684216891332
2013-05-03 13:00:00,4.12323272668662e-10,2.656117824151206e-08,-0.12662336198804897,-0.06331168078786285
2013-05-03 14:00:00,4.92050775953634e-10,4.3800328002816074e-08,-0.12891882121786427,-0.06445941036290674
2013-05-03 15:00:00,8.64199070018745e-10,1.3052560653677705e-07,-0.12127561726314463,-0.06063780819947278
2013-05-03 16:00:00,2.4427872392797996e-09,0.16966506332259645,-0.0385714477458441,-0.01928572265152843
2013-05-03 17:00:00,7.180802062494862e-09,0.32144325442642063,0.0012476998662033273,0.0006238535235026949
2013-05-03 18:00:00,2.229286937109755e-08,0.5854267394762501,0.009116112626128749,0.00455806745949906
2013-05-03 19:00:00,2.080351525041212e-08,0.5492073402794977,0.021406209404711697,0.010703115104113474
2013-05-03 20:00:00,1.9033404136045848e-08,0.521495049222735,0.028079513679694086,0.014039766356549112
2013-05-03 21:00:00,1.5711315704523706e-08,0.48709924465974014,0.026477330196784596,0.01323867295405015
2013-05-03 22:00:00,1.0365841326977788e-08,0.4531947902040654,0.002261791897724527,0.001130901131782927
2013-05-03 23:00:00,7.71055939133549e-09,0.41796990136414064,-0.02488716949774493,-0.012443580893592768
2013-05-04 00:00:00,6.679576927506143e-09,0.376063556916524,-0.03662895318278604,-0.018314473251604558
2013-05-04 01:00:00,6.0492734198683386e-09,0.3536012551925378,-0.03939542164990779,-0.019697707800317182
2013-05-04 02:00:00,5.6782810782148866e-09,0.3375397891218914,-0.030743965891612542,-0.015371980106665732
2013-05-04 03:00:00,4.618481108017585e-09,0.3214242125405878,-0.016695529156887122,-0.008347762269203007
2013-05-04 04:00:00,4.429548610724679e-09,0.3077100097984132,0.00510092030185547,0.0025504623657020406
2013-05-04 05:00:00,2.7362600505214483e-09,0.21029313224564233,-0.029112819750959855,-0.014556408507349902
2013-05-04 06:00:00,6.221999663783048e-10,5.7735344975851065e-08,-0.07677008083893964,-0.038385040108369836
2013-05-04 07:00:00,5.141914922794034e-10,3.225959246019217e-08,-0.12819438246296946,-0.06409719097438898
2013-05-04 08:00:00,5.914182743362444e-10,3.2580865981840364e-08,-0.12708269365425245,-0.06354134653141709
2013-05-04 09:00:00,5.653049652608708e-10,3.001204991494006e-08,-0.12380857391292664,-0.061904286673810836
2013-05-04 10:00:00,5.728745842445533e-10,3.012419723783579e-08,-0.12514845771174335,-0.06257422856943438
2013-05-04 11:00:00,5.902943069817009e-10,3.0626503823190185e-08,-0.12303434554708217,-0.06151717247839393
2013-05-04 12:00:00,6.126058203041877e-10,3.109494029425767e-08,-0.12465368478995029,-0.06232684208867223
2013-05-04 13:00:00,6.407924584299975e-10,3.3301165995009283e-08,-0.12662336198804897,-0.06331168067362826
2013-05-04 14:00:00,6.711169601529289e-10,3.655219341830567e-08,-0.12891882121786427,-0.06445941027337365
2013-05-04 15:00:00,6.863002000389391e-10,4.0579068564927186e-08,-0.12127561726314463,-0.06063780828842222
2013-05-04 16:00:00,6.334079489586294e-10,4.4077215556274936e-08,-0.0385714477458441,-0.019285723556218073
2013-05-04 17:00:00,1.9288055705781223e-09,0.11174799620191089,0.0012476998662033273,0.0006238508975044489
2013-05-04 18:00:00,4.190828542301894e-09,0.2508507910041248,0.009116112626128749,0.004558058408478645
2013-05-04 19:00:00,4.174302675067849e-09,0.2390221846440809,0.021406209404711697,0.010703106789507186
2013-05-04 20:00:00,4.133661876871166e-09,0.2372287506998332,0.028079513679694086,0.014039758906677982
2013-05-04 21:00:00,4.1264449298834e-09,0.23974793614511286,0.026477330196784596,0.013238667161614762
2013-05-04 22:00:00,4.472079150720686e-09,0.254441539125698,0.002261791897724527,0.0011308981849018388
2013-05-04 23:00:00,4.771025318961451e-09,0.2697808325822115,-0.02488716949774493,-0.012443582363359806
2013-05-05 00:00:00,4.747566049883616e-09,0.2813593305210576,-0.03662895318278604,-0.018314474217609997
2013-05-05 01:00:00,5.011642998898611e-09,0.2955494657726048,-0.03939542164990779,-0.019697708319132395
2013-05-05 02:00:00,5.606142279342599e-09,0.31665442651148173,-0.030743965891612542,-0.015371980142735131
2013-05-05 03:00:00,6.18521716294882e-09,0.3291147511038649,-0.016695529156887122,-0.00834776148583498
2013-05-05 04:00:00,7.066322036016825e-09,0.34545845316056734,0.00510092030185547,0.0025504636840887533
2013-05-05 05:00:00,3.1227493564700587e-09,0.23701717875212452,-0.029112819750959855,-0.014556408314105249
2013-05-05 06:00:00,6.114494303270876e-10,5.0100026942593186e-08,-0.07677008083893964,-0.038385040113745106
2013-05-05 07:00:00,7.26671110006977e-10,3.676243011516002e-08,-0.12819438246296946,-0.06409719086814918
2013-05-05 08:00:00,8.167425036810482e-10,3.413013795512776e-08,-0.12708269365425245,-0.06354134641875497
2013-05-05 09:00:00,8.58511862971438e-10,3.196638359222838e-08,-0.12380857391292664,-0.06190428652720739
2013-05-05 10:00:00,8.736809085918696e-10,3.1466233947556326e-08,-0.12514845771174335,-0.06257422841903122
2013-05-05 11:00:00,9.374397158884204e-10,3.228021550684049e-08,-0.12303434554708217,-0.06151717230482123
2013-05-05 12:00:00,9.649834735708002e-10,3.339999570725664e-08,-0.12465368478995029,-0.06232684191248341
2013-05-05 13:00:00,7.729587751687005e-10,3.247467764330495e-08,-0.12662336198804897,-0.06331168060754509
2013-05-05 14:00:00,7.270202735804771e-10,3.3792315665010226e-08,-0.12891882121786427,-0.064459410245422
2013-05-05 15:00:00,6.498152949951451e-10,3.585924518157657e-08,-0.12127561726314463,-0.06063780830666467
2013-05-05 16:00:00,8.743076160449663e-10,6.485568984218304e-08,-0.0385714477458441,-0.01928572343576824
2013-05-05 17:00:00,3.951890210230165e-09,0.25136756249368525,0.0012476998662033273,0.0006238519090467688
2013-05-05 18:00:00,2.4309690875945012e-08,0.542206746208878,0.009116112626128749,0.004558068467909813
2013-05-05 19:00:00,0.0001415901218446655,0.511866890394663,0.021406209404711697,0.010773899763278182
2013-05-05 20:00:00,0.00013552531342283912,0.4802235319667223,0.028079513679694086,0.014107519496558463
2013-05-05 21:00:00,0.0001287268117920694,0.4654657856348531,0.026477330196784596,0.013303028504288333
2013-05-05 22:00:00,0.00010455094052483063,0.46122368520624385,0.002261791897724527,0.0011831714191246788
2013-05-05 23:00:00,1.5655157956909994e-06,0.4645366086073366,-0.02488716949774493,-0.01244280199097462
2013-05-06 00:00:00,2.148264793356852e-08,0.4533945678517889,-0.03662895318278604,-0.018314465850069055
2013-05-06 01:00:00,1.9471371160229787e-08,0.43858541630706854,-0.03939542164990779,-0.019697701089268313
2013-05-06 02:00:00,2.194588585903311e-08,0.43508808144218347,-0.030743965891612542,-0.015371971972863342
2013-05-06 03:00:00,8.397395037748511e-05,0.4251976766470584,-0.016695529156887122,-0.008305777603254818
2013-05-06 04:00:00,8.235191018147138e-05,0.4132727720750366,0.00510092030185547,0.002591636106018471
2013-05-06 05:00:00,7.514779912574135e-09,0.27495672525847836,-0.029112819750959855,-0.014556406118089971
2013-05-06 06:00:00,1.0640768916978193e-09,0.10514246838116681,-0.07677008083893964,-0.038385039887431374
2013-05-06 07:00:00,3.844393947170935e-10,2.4541172773417254e-08,-0.12819438246296946,-0.06409719103926503
2013-05-06 08:00:00,4.4641241222927465e-10,2.482534771763089e-08,-0.12708269365425245,-0.06354134660392002
2013-05-06 09:00:00,4.531395544058687e-10,2.453035230240039e-08,-0.12380857391292664,-0.061904286729893544
2013-05-06 10:00:00,4.4908974937297173e-10,2.3868664766787205e-08,-0.12514845771174335,-0.0625742286313268
2013-05-06 11:00:00,4.3986397754271763e-10,2.3732213708321616e-08,-0.12303434554708217,-0.0615171725536091
2013-05-06 12:00:00,4.441457273594749e-10,2.462099046807703e-08,-0.12465368478995029,-0.062326842172902276
2013-05-06 13:00:00,4.528254976804935e-10,2.6336761561718223e-08,-0.12662336198804897,-0.06331168076761173
2013-05-06 14:00:00,4.199048116102942e-10,3.475650875060459e-08,-0.12891882121786427,-0.06445941039897973
2013-05-06 15:00:00,7.581077984902242e-10,1.0787106086706101e-07,-0.12127561726314463,-0.06063780825251842
2013-05-06 16:00:00,1.898101506345883e-09,0.14438441741579186,-0.0385714477458441,-0.019285722923871294
2013-05-06 17:00:00,6.875876406369128e-09,0.27184947737164356,0.0012476998662033273,0.0006238533710398669
2013-05-06 18:00:00,0.00011248321801339651,0.3947665288529735,0.009116112626128749,0.004614297922071073
2013-05-06 19:00:00,9.388519288169322e-05,0.35265671764002976,0.021406209404711697,0.010750047298796694
2013-05-06 20:00:00,8.170432472245738e-05,0.32789249756297534,0.028079513679694086,0.014080609002208271
2013-05-06 21:00:00,5.764817955631298e-05,0.3184494716900089,0.026477330196784596,0.013267489188170455
2013-05-06 22:00:00,5.664541221622234e-05,0.32388961502460384,0.002261791897724527,0.0011592186549703746
2013-05-06 23:00:00,8.495313426919175e-05,0.36928084338313055,-0.02488716949774493,-0.012401108181737869
2013-05-07 00:00:00,0.00010555466340291297,0.4122888486817236,-0.03662895318278604,-0.018261699259691566
2013-05-07 01:00:00,0.00014409687157321434,0.43312576946905657,-0.03939542164990779,-0.019625662389167287
2013-05-07 02:00:00,0.00014770856940922024,0.43844093963033565,-0.030743965891612542,-0.01529812866110166
2013-05-07 03:00:00,0.00013506168291652727,0.4290039111923667,-0.016695529156887122,-0.008280233736985297
2013-05-07 04:00:00,9.579348473073462e-05,0.41855712768738934,0.00510092030185547,0.0025983568932931027
2013-05-07 05:00:00,6.968333461576478e-09,0.29517206442553023,-0.029112819750959855,-0.014556406391313196
2013-05-07 06:00:00,2.340686876576922e-09,0.1580710699192046,-0.07677008083893964,-0.03838503924912638
2013-05-07 07:00:00,1.116438103477736e-09,0.11421223870935535,-0.12819438246296946,-0.06409719067326568
2013-05-07 08:00:00,5.478528211832965e-10,4.981299385174954e-08,-0.12708269365425245,-0.06354134655319982
2013-05-07 09:00:00,5.344663989636e-10,4.649796220664136e-08,-0.12380857391292664,-0.06190428668923012
2013-05-07 10:00:00,5.568305616337932e-10,4.7364739955091244e-08,-0.12514845771174335,-0.0625742285774564
2013-05-07 11:00:00,5.608865940075128e-10,4.614882077728314e-08,-0.12303434554708217,-0.061517172493097794
2013-05-07 12:00:00,5.68342454902306e-10,4.6007292327422316e-08,-0.12465368478995029,-0.062326842110803915
2013-05-07 13:00:00,6.154716471155367e-10,5.004675975739083e-08,-0.12662336198804897,-0.06331168068628866
2013-05-07 14:00:00,6.909706787672682e-10,5.74661128318684e-08,-0.12891882121786427,-0.0644594102634468
2013-05-07 15:00:00,1.3746270329973992e-09,0.04663966045692355,-0.12127561726314463,-0.0606378079442588
2013-05-07 16:00:00,2.1963684446853826e-09,0.14623730888728192,-0.0385714477458441,-0.019285722774737828
2013-05-07 17:00:00,3.836970333837341e-09,0.18770101588826552,0.0012476998662033273,0.0006238518515868306
2013-05-07 18:00:00,5.278993374514901e-09,0.22261544803998978,0.009116112626128749,0.0045580589525610615
2013-05-07 19:00:00,5.194572385443041e-09,0.2183541205492443,0.021406209404711697,0.010703107299642042
2013-05-07 20:00:00,5.161591927003592e-09,0.2172284686785196,0.028079513679694086,0.014039759420643007
2013-05-07 21:00:00,5.154602204841329e-09,0.21929443860752362,0.026477330196784596,0.0132386676756934
2013-05-07 22:00:00,4.157169373618012e-09,0.22030649398618113,0.002261791897724527,0.0011308980274469503
2013-05-07 23:00:00,4.2274937878229425e-09,0.22617187718391343,-0.02488716949774493,-0.01244358263512557
2013-05-08 00:00:00,4.3569600812151306e-09,0.2357807070377018,-0.03662895318278604,-0.01831447441291298
2013-05-08 01:00:00,4.352378248828663e-09,0.24744303340406992,-0.03939542164990779,-0.01969770864876477
2013-05-08 02:00:00,4.2827282513319755e-09,0.2604316925550264,-0.030743965891612542,-0.015371980804442145
2013-05-08 03:00:00,5.531667130078129e-09,0.2873836358351667,-0.016695529156887122,-0.008347761812609995
2013-05-08 04:00:00,6.514259740629276e-09,0.31281256167338717,0.00510092030185547,0.0025504634080576057
2013-05-08 05:00:00,3.945839837559424e-09,0.22376684551143902,-0.029112819750959855,-0.014556407902560008
2013-05-08 06:00:00,1.2105901797480522e-09,0.019355512658585303,-0.07677008083893964,-0.03838503981417473
2013-05-08 07:00:00,4.515293470792491e-10,2.8032785068186382e-08,-0.12819438246296946,-0.06409719100572006
2013-05-08 08:00:00,4.706060732943609e-10,2.7435223623225328e-08,-0.12708269365425245,-0.06354134659182319
2013-05-08 09:00:00,4.463973622744123e-10,2.523854785413422e-08,-0.12380857391292664,-0.06190428673326464
2013-05-08 10:00:00,4.577007657460289e-10,2.5083243931236603e-08,-0.12514845771174335,-0.06257422862702129
2013-05-08 11:00:00,4.529388029939946e-10,2.4967216141566956e-08,-0.12303434554708217,-0.06151717254707169
2013-05-08 12:00:00,4.654427195220349e-10,2.577387227614012e-08,-0.12465368478995029,-0.06232684216225378
2013-05-08 13:00:00,4.747018205492218e-10,2.6009504255314934e-08,-0.12662336198804897,-0.06331168075667357
2013-05-08 14:00:00,4.3430736829849325e-10,2.6084696049343604e-08,-0.12891882121786427,-0.06445941039177845
2013-05-08 15:00:00,4.700966117233876e-10,4.13173688138531e-08,-0.12127561726314463,-0.06063780839652401
2013-05-08 16:00:00,1.2168049397602182e-09,0.018369730756976697,-0.0385714477458441,-0.019285723264519578
2013-05-08 17:00:00,2.772886212653371e-09,0.2125445422879654,0.0012476998662033273,0.00062385131954477
2013-05-08 18:00:00,6.115444271274672e-09,0.3335898943534165,0.009116112626128749,0.00455805937078651
2013-05-08 19:00:00,6.8761379676808425e-09,0.3416504747465411,0.021406209404711697,0.010703108140424833
2013-05-08 20:00:00,5.776700659735512e-09,0.32199425394175535,0.028079513679694086,0.014039759728197373
2013-05-08 21:00:00,4.923178177956274e-09,0.28571090435912866,0.026477330196784596,0.013238667559981387
2013-05-08 22:00:00,6.034781129124749e-09,0.30940459646428947,0.002261791897724527,0.0011308989662528282
2013-05-08 23:00:00,5.374272284793092e-09,0.2968427339561913,-0.02488716949774493,-0.012443582061736323
2013-05-09 00:00:00,4.451199535401598e-09,0.2753382377516314,-0.03662895318278604,-0.018314474365793254
2013-05-09 01:00:00,3.5870742079513623e-09,0.2717868777913551,-0.03939542164990779,-0.01969770903141679
2013-05-09 02:00:00,3.569948590591186e-09,0.27092596878119757,-0.030743965891612542,-0.015371981160831976
2013-05-09 03:00:00,3.5237818656792203e-09,0.26686706930871207,-0.016695529156887122,-0.008347762816552627
2013-05-09 04:00:00,3.478607697037192e-09,0.26186860587826416,0.00510092030185547,0.0025504618902315837
2013-05-09 05:00:00,2.1160480641662697e-09,0.034798008367442776,-0.029112819750959855,-0.014556408817455896
2013-05-09 06:00:00,7.363336348513209e-10,6.45093255810796e-08,-0.07677008083893964,-0.038385040051303006
2013-05-09 07:00:00,5.93578152168953e-10,3.706713607428981e-08,-0.12819438246296946,-0.06409719093469565
2013-05-09 08:00:00,5.748825399706891e-10,3.4001584112023405e-08,-0.12708269365425245,-0.06354134653968496
2013-05-09 09:00:00,6.051377137119252e-10,3.346669878302584e-08,-0.12380857391292664,-0.06190428665389446
2013-05-09 10:00:00,6.590261132739979e-10,3.454352826197733e-08,-0.12514845771174335,-0.06257422852635862
2013-05-09 11:00:00,6.942603940854713e-10,3.419992408597819e-08,-0.12303434554708217,-0.06151717242641089
2013-05-09 12:00:00,7.160284773070033e-10,3.486109446424928e-08,-0.12465368478995029,-0.06232684203696091
2013-05-09 13:00:00,7.070963345274343e-10,3.619729548761078e-08,-0.12662336198804897,-0.06331168064047632
2013-05-09 14:00:00,6.342389751389567e-10,3.636005277518032e-08,-0.12891882121786427,-0.06445941029181265
2013-05-09 15:00:00,6.317527138118672e-10,3.9652216840755526e-08,-0.12127561726314463,-0.06063780831569596
2013-05-09 16:00:00,1.1434512347073479e-09,1.249604726782271e-07,-0.0385714477458441,-0.01928572330119643
2013-05-09 17:00:00,2.5040412433661942e-09,0.24019813058652997,0.0012476998662033273,0.0006238511851222854
2013-05-09 18:00:00,5.516663359810084e-09,0.39802998814758406,0.009116112626128749,0.004558059071396055
2013-05-09 19:00:00,6.123898225102309e-09,0.42420830155835,0.021406209404711697,0.010703107764304961
2013-05-09 20:00:00,6.164057949504609e-09,0.41970836955980684,0.028079513679694086,0.014039759921876017
2013-05-09 21:00:00,5.394365001546155e-09,0.38363434478907704,0.026477330196784596,0.013238667795574798
2013-05-09 22:00:00,4.498291465682941e-09,0.35145760953866095,0.002261791897724527,0.0011308981980079965
2013-05-09 23:00:00,3.5597532317547213e-09,0.3373231181434755,-0.02488716949774493,-0.012443582968995849
2013-05-10 00:00:00,3.4927917970337233e-09,0.32448381416692773,-0.03662895318278604,-0.01831447484499712
2013-05-10 01:00:00,3.464988762213312e-09,0.3044580057489656,-0.03939542164990779,-0.019697709092459513
2013-05-10 02:00:00,3.4656299706859207e-09,0.28657033312326996,-0.030743965891612542,-0.015371981212991286
2013-05-10 03:00:00,3.4671926259192486e-09,0.2717519746391081,-0.016695529156887122,-0.008347762844847248
2013-05-10 04:00:00,3.468033396617822e-09,0.25872539179599013,0.00510092030185547,0.0025504618849444337
2013-05-10 05:00:00,2.4519612367486512e-09,0.2005731525461294,-0.029112819750959855,-0.014556408649499308
2013-05-10 06:00:00,1.0480470348186781e-09,8.381574994232622e-08,-0.07677008083893964,-0.0383850398954463
2013-05-10 07:00:00,5.185425072423641e-10,3.1806847845537665e-08,-0.12819438246296946,-0.06409719097221347
2013-05-10 08:00:00,5.17322688790407e-10,2.8115782890319142e-08,-0.12708269365425245,-0.06354134656846488
2013-05-10 09:00:00,5.324412044785043e-10,2.795010158441046e-08,-0.12380857391292664,-0.06190428669024272
2013-05-10 10:00:00,5.342321831128161e-10,2.8347469745550823e-08,-0.12514845771174335,-0.06257422858875558
2013-05-10 11:00:00,5.503556174280261e-10,2.8380976910542707e-08,-0.12303434554708217,-0.061517172498363276
2013-05-10 12:00:00,5.64094621245306e-10,2.8499279615494065e-08,-0.12465368478995029,-0.062326842112927834
2013-05-10 13:00:00,5.685662725731296e-10,3.020619561144306e-08,-0.12662336198804897,-0.06331168070974134
2013-05-10 14:00:00,6.55024054278039e-10,3.477578312469026e-08,-0.12891882121786427,-0.0644594102814201
2013-05-10 15:00:00,7.073376810802735e-10,3.958697167936304e-08,-0.12127561726314463,-0.06063780827790348
2013-05-10 16:00:00,9.36722501004265e-10,6.762465326663223e-08,-0.0385714477458441,-0.0192857234045608
2013-05-10 17:00:00,2.2918375938242793e-09,0.12223039753611872,0.0012476998662033273,0.0006238510790204606
2013-05-10 18:00:00,3.446551191214359e-09,0.2411460078123479,0.009116112626128749,0.00455805803633997
2013-05-10 19:00:00,3.446037254477444e-09,0.2505034692108738,0.021406209404711697,0.010703106425374476
2013-05-10 20:00:00,3.4432259034777207e-09,0.257906114118062,0.028079513679694086,0.014039758561459994
2013-05-10 21:00:00,3.4445527163045195e-09,0.26071569732751226,0.026477330196784596,0.013238666820668656
2013-05-10 22:00:00,3.453965708410878e-09,0.2724376221245741,0.002261791897724527,0.0011308976758451178
2013-05-10 23:00:00,3.458673900017361e-09,0.27084624298268173,-0.02488716949774493,-0.012443583019535515
2013-05-11 00:00:00,3.4610872387964276e-09,0.2674687190404862,-0.03662895318278604,-0.018314474860849403
2013-05-11 01:00:00,3.4624375756090766e-09,0.2674527831719554,-0.03939542164990779,-0.019697709093735107
2013-05-11 02:00:00,3.461217732323504e-09,0.2732786985272354,-0.030743965891612542,-0.015371981215197405
2013-05-11 03:00:00,3.460581194769769e-09,0.2785909725243151,-0.016695529156887122,-0.008347762848152964
2013-05-11 04:00:00,3.477029401294e-09,0.28171137399453244,0.00510092030185547,0.002550461889442436
2013-05-11 05:00:00,2.2723570974929745e-09,0.2048617142300362,-0.029112819750959855,-0.014556408739301379
2013-05-11 06:00:00,1.0513319011478652e-09,1.1261702655042713e-07,-0.07677008083893964,-0.038385039893803874
2013-05-11 07:00:00,5.574639132011904e-10,3.633814139621332e-08,-0.12819438246296946,-0.06409719095275278
2013-05-11 08:00:00,4.800703558852857e-10,3.109316522741482e-08,-0.12708269365425245,-0.06354134658709105
2013-05-11 09:00:00,4.776390740000127e-10,3.067284920069263e-08,-0.12380857391292664,-0.06190428671764379
2013-05-11 10:00:00,5.241616278105206e-10,3.3155866436307504e-08,-0.12514845771174335,-0.06257422859379086
2013-05-11 11:00:00,5.436258398232554e-10,3.367910739226615e-08,-0.12303434554708217,-0.06151717250172817
2013-05-11 12:00:00,5.524094555268767e-10,3.4073235418891524e-08,-0.12465368478995029,-0.06232684211877042
2013-05-11 13:00:00,6.505819799534831e-10,3.890597716941213e-08,-0.12662336198804897,-0.0633116806687335
2013-05-11 14:00:00,7.054909175305046e-10,4.081534735949085e-08,-0.12891882121786427,-0.06445941025618668
2013-05-11 15:00:00,6.388330180023389e-10,3.938490894568912e-08,-0.12127561726314463,-0.06063780831215581
2013-05-11 16:00:00,1.1176467522924717e-09,7.388041770886427e-08,-0.0385714477458441,-0.019285723314098672
2013-05-11 17:00:00,2.46590714579593e-09,0.14559079319929508,0.0012476998662033273,0.0006238511660552365
2013-05-11 18:00:00,5.558408575509194e-09,0.305510325393474,0.009116112626128749,0.004558059092268662
2013-05-11 19:00:00,6.398086396851413e-09,0.3137868828174753,0.021406209404711697,0.010703107901399047
2013-05-11 20:00:00,5.6226224902450406e-09,0.2915883304858888,0.028079513679694086,0.014039759651158288
2013-05-11 21:00:00,5.0753707992820625e-09,0.2661695606709968,0.026477330196784596,0.013238667636077698
2013-05-11 22:00:00,3.633312998431366e-09,0.1500474888174708,0.002261791897724527,0.0011308977655187628
2013-05-11 23:00:00,4.316310120732296e-09,0.14574216353846703,-0.02488716949774493,-0.012443582590717404
2013-05-12 00:00:00,5.532666435016136e-09,0.16921161250675976,-0.03662895318278604,-0.018314473825059803
2013-05-12 01:00:00,7.2277559335077e-09,0.1506972393277966,-0.03939542164990779,-0.019697707211075926
2013-05-12 02:00:00,8.094617098570855e-09,0.2744038083129978,-0.030743965891612542,-0.015371978898497722
2013-05-12 03:00:00,8.043786305709929e-09,0.2850394910338921,-0.016695529156887122,-0.008347760556550407
2013-05-12 04:00:00,8.005239128012294e-09,0.2882928839817378,0.00510092030185547,0.002550464153547299
2013-05-12 05:00:00,3.1494681967680975e-09,1.5356086041436937e-06,-0.029112819750959855,-0.014556408300745829
2013-05-12 06:00:00,9.380165270082417e-10,7.239710280146658e-08,-0.07677008083893964,-0.03838503995046156
2013-05-12 07:00:00,6.754968718058476e-10,3.7156175549383463e-08,-0.12819438246296946,-0.06409719089373629
2013-05-12 08:00:00,6.150582887972531e-10,3.3564756869212695e-08,-0.12708269365425245,-0.06354134651959709
2013-05-12 09:00:00,5.590931074450076e-10,3.104765733461566e-08,-0.12380857391292664,-0.06190428667691677
2013-05-12 10:00:00,5.388365919547778e-10,3.1496430058319473e-08,-0.12514845771174335,-0.06257422858645338
2013-05-12 11:00:00,5.702253066419517e-10,3.169879050655594e-08,-0.12303434554708217,-0.06151717248842843
2013-05-12 12:00:00,7.416919803007955e-10,3.591724608319051e-08,-0.12465368478995029,-0.06232684202412915
2013-05-12 13:00:00,7.965246137882278e-10,3.7007661465546755e-08,-0.12662336198804897,-0.06331168059576217
2013-05-12 14:00:00,8.304196001759208e-10,4.4602988155604276e-08,-0.12891882121786427,-0.06445941019372234
2013-05-12 15:00:00,7.911399091781142e-10,4.176952846602284e-08,-0.12127561726314463,-0.060637808236002365
2013-05-12 16:00:00,7.58322363092358e-10,5.593154641804764e-08,-0.0385714477458441,-0.019285723493760867
2013-05-12 17:00:00,2.500358701459311e-09,0.06310402435750072,0.0012476998662033273,0.0006238511832810144
2013-05-12 18:00:00,5.539289959898243e-09,0.31264629797862076,0.009116112626128749,0.004558059082709355
2013-05-12 19:00:00,4.4387000721411265e-09,0.3007041302469532,0.021406209404711697,0.010703106921705884
2013-05-12 20:00:00,4.15331937608142e-09,0.296190693923562,0.028079513679694086,0.014039758916506731
2013-05-12 21:00:00,4.012347121971255e-09,0.2879755872864297,0.026477330196784596,0.013238667104565859
2013-05-12 22:00:00,3.707271642347096e-09,0.251598628288736,0.002261791897724527,0.0011308978024980848
2013-05-12 23:00:00,3.5754652384820696e-09,0.24761535484646363,-0.02488716949774493,-0.012443582961139845
2013-05-13 00:00:00,3.497206046068574e-09,0.22657598843279497,-0.03662895318278604,-0.018314474842789998
2013-05-13 01:00:00,3.4497788117393506e-09,0.2060026932253512,-0.03939542164990779,-0.01969770910006449
2013-05-13 02:00:00,3.4533974648581587e-09,0.21372602578238267,-0.030743965891612542,-0.01537198121910754
2013-05-13 03:00:00,3.4583732984392696e-09,0.21400512256962492,-0.016695529156887122,-0.008347762849256911
2013-05-13 04:00:00,3.461384674879961e-09,0.20790625228634385,0.00510092030185547,0.0025504618816200725
2013-05-13 05:00:00,1.9955359151168054e-09,0.14925706355856655,-0.029112819750959855,-0.01455640887771197
2013-05-13 06:00:00,9.424483594221566e-10,6.893933990659901e-08,-0.07677008083893964,-0.038385039948245644
2013-05-13 07:00:00,5.435368297200384e-10,2.9507720347153894e-08,-0.12819438246296946,-0.06409719095971632
2013-05-13 08:00:00,5.148696393296524e-10,2.7158560934177312e-08,-0.12708269365425245,-0.0635413465696914
2013-05-13 09:00:00,5.542141713937706e-10,2.7708666442591834e-08,-0.12380857391292664,-0.061904286679356234
2013-05-13 10:00:00,6.145090232215923e-10,3.004023377020247e-08,-0.12514845771174335,-0.06257422854861716
2013-05-13 11:00:00,5.963250885596873e-10,2.90702811848353e-08,-0.12303434554708217,-0.061517172475378544
2013-05-13 12:00:00,6.139000760502279e-10,2.9532089955394032e-08,-0.12465368478995029,-0.06232684208802511
2013-05-13 13:00:00,6.655814451426878e-10,3.147118079333079e-08,-0.12662336198804897,-0.06331168066123376
2013-05-13 14:00:00,6.71766053677672e-10,3.2470079847706796e-08,-0.12891882121786427,-0.0644594102730491
2013-05-13 15:00:00,7.616476455212485e-10,5.0041914846559997e-08,-0.12127561726314463,-0.06063780825074849
2013-05-13 16:00:00,1.2941017011757235e-09,1.518495305003107e-07,-0.0385714477458441,-0.019285723225871198
2013-05-13 17:00:00,2.4182669294557358e-09,0.16207383521629462,0.0012476998662033273,0.0006238511422351283
2013-05-13 18:00:00,4.5933066818859865e-09,0.21873867978279674,0.009116112626128749,0.004558058609717715
2013-05-13 19:00:00,4.604869392584441e-09,0.23238343225513006,0.021406209404711697,0.010703107004790545
2013-05-13 20:00:00,4.630937254804414e-09,0.24011235806398984,0.028079513679694086,0.01403975915531567
2013-05-13 21:00:00,3.7248346909052092e-09,0.23372315368074104,0.026477330196784596,0.013238666960809643
2013-05-13 22:00:00,4.001454531923518e-09,0.2243835342374924,0.002261791897724527,0.0011308979495895295
2013-05-13 23:00:00,3.726464523922835e-09,0.21133598113314056,-0.02488716949774493,-0.012443582885640203
2013-05-14 00:00:00,3.4690251926950874e-09,0.20119168154729436,-0.03662895318278604,-0.018314474856880425
2013-05-14 01:00:00,3.610182579171548e-09,0.1997881332702476,-0.03939542164990779,-0.019697709019862605
2013-05-14 02:00:00,4.311467035553487e-09,0.20736733022430348,-0.030743965891612542,-0.015371980790072754
2013-05-14 03:00:00,4.076580535156631e-09,0.19892149894469005,-0.016695529156887122,-0.008347762540153294
2013-05-14 04:00:00,3.6859992323272606e-09,0.1936573378652142,0.00510092030185547,0.0025504619939273514
2013-05-14 05:00:00,1.8795291471995293e-09,0.13437317693451806,-0.029112819750959855,-0.014556408935715354
2013-05-14 06:00:00,8.001061964952484e-10,1.1071293805131745e-07,-0.07677008083893964,-0.03838504001941673
2013-05-14 07:00:00,5.368596672821983e-10,2.8183613730397938e-08,-0.12819438246296946,-0.0640971909630549
2013-05-14 08:00:00,5.008238652748544e-10,2.7906079822502857e-08,-0.12708269365425245,-0.0635413465767143
2013-05-14 09:00:00,4.793154012513677e-10,2.7619605414132975e-08,-0.12380857391292664,-0.06190428671680562
2013-05-14 10:00:00,4.801427781757865e-10,2.684976808618877e-08,-0.12514845771174335,-0.06257422861580028
2013-05-14 11:00:00,4.828254051995973e-10,2.709765591388073e-08,-0.12303434554708217,-0.061517172532128385
2013-05-14 12:00:00,4.682028219696842e-10,2.6926938733326613e-08,-0.12465368478995029,-0.06232684216087373
2013-05-14 13:00:00,4.1895677476417647e-10,2.6097730504799906e-08,-0.12662336198804897,-0.06331168078454609
2013-05-14 14:00:00,4.347123403439179e-10,2.805443524106618e-08,-0.12891882121786427,-0.06445941039157596
2013-05-14 15:00:00,5.251974538255874e-10,5.1146602382572714e-08,-0.12127561726314463,-0.06063780836897359
2013-05-14 16:00:00,1.6070870145998374e-09,0.13773103833088646,-0.0385714477458441,-0.019285723069378542
2013-05-14 17:00:00,4.837478151711334e-09,0.24779936444998313,0.0012476998662033273,0.0006238523518407395
2013-05-14 18:00:00,1.2983012813978315e-08,0.4420545592400379,0.009116112626128749,0.004558062804570781
2013-05-14 19:00:00,1.2228163177174619e-08,0.4017159501505596,0.021406209404711697,0.010703110816437437
2013-05-14 20:00:00,9.887336818088576e-09,0.32550820994594953,0.028079513679694086,0.014039761783515452
2013-05-14 21:00:00,6.394313162415218e-09,0.2713825224058195,0.026477330196784596,0.013238668295548879
2013-05-14 22:00:00,5.202216073644048e-09,0.24508233928873488,0.002261791897724527,0.0011308985499703004
2013-05-14 23:00:00,3.796933352102334e-09,0.21839073518709157,-0.02488716949774493,-0.012443582850405789
2013-05-15 00:00:00,3.596251954853335e-09,0.11863728155363322,-0.03662895318278604,-0.018314474793267043
2013-05-15 01:00:00,3.470335639320699e-09,0.11057145289225677,-0.03939542164990779,-0.019697709089786075
2013-05-15 02:00:00,3.435249951002171e-09,0.1006378411307513,-0.030743965891612542,-0.015371981228181295
2013-05-15 03:00:00,3.4352013978917266e-09,0.09551135957294685,-0.016695529156887122,-0.008347762860842862
2013-05-15 04:00:00,3.435197333766918e-09,0.17124504721651893,0.00510092030185547,0.0025504618685264022
2013-05-15 05:00:00,1.9239021490853916e-09,1.601823403235724e-06,-0.029112819750959855,-0.014556408913528853
2013-05-15 06:00:00,5.436016309642769e-10,2.962655662744154e-08,-0.07677008083893964,-0.038385040147669004
2013-05-15 07:00:00,4.952542435451273e-10,2.962156722857221e-08,-0.12819438246296946,-0.0640971909838576
2013-05-15 08:00:00,5.788171073065765e-10,3.1124644314695194e-08,-0.12708269365425245,-0.06354134653771767
2013-05-15 09:00:00,5.670336978010723e-10,3.066978257279555e-08,-0.12380857391292664,-0.06190428667294647
2013-05-15 10:00:00,5.742028667031036e-10,3.0913981727029235e-08,-0.12514845771174335,-0.06257422856877023
2013-05-15 11:00:00,5.837702791766299e-10,2.9529260821818645e-08,-0.12303434554708217,-0.061517172481655946
2013-05-15 12:00:00,5.573471597668438e-10,2.9206455867012787e-08,-0.12465368478995029,-0.062326842116301566
2013-05-15 13:00:00,5.106133762023264e-10,2.912681325960908e-08,-0.12662336198804897,-0.06331168073871779
2013-05-15 14:00:00,5.478850718155169e-10,3.2605339998665614e-08,-0.12891882121786427,-0.0644594103349896
2013-05-15 15:00:00,5.842649317408743e-10,3.210876944971169e-08,-0.12127561726314463,-0.06063780833943985
2013-05-15 16:00:00,1.0515550818091938e-09,9.094758931275549e-08,-0.0385714477458441,-0.01928572334714451
2013-05-15 17:00:00,2.7678886613243086e-09,0.16691912327201427,0.0012476998662033273,0.0006238513170459943
2013-05-15 18:00:00,7.933270875161853e-09,0.2481935043988715,0.009116112626128749,0.004558060279699812
2013-05-15 19:00:00,7.715057418414746e-09,0.24932629889543206,0.021406209404711697,0.010703108559884558
2013-05-15 20:00:00,7.626556069220396e-09,0.25023177611746394,0.028079513679694086,0.014039760653125078
2013-05-15 21:00:00,6.820754147407945e-09,0.2550882150506587,0.026477330196784596,0.013238668508769372
2013-05-15 22:00:00,7.121958905408652e-09,0.2867989661435509,0.002261791897724527,0.0011308995098417163
2013-05-15 23:00:00,7.598111695246976e-09,0.30659307739346314,-0.02488716949774493,-0.012443580949816617
2013-05-16 00:00:00,8.237386393197467e-09,0.32742661615939467,-0.03662895318278604,-0.018314472472699826
2013-05-16 01:00:00,1.2660028100535975e-08,0.37225876054630386,-0.03939542164990779,-0.019697704494939842
2013-05-16 02:00:00,5.346146322447294e-07,0.4366587780260083,-0.030743965891612542,-0.015371715638490149
2013-05-16 03:00:00,9.08416617099028e-07,0.4797900682834433,-0.016695529156887122,-0.008347310370135011
2013-05-16 04:00:00,0.0001361487262203506,0.4696176882388008,0.00510092030185547,0.0026185345140379104
2013-05-16 05:00:00,7.183246892547947e-09,0.24315557559356787,-0.029112819750959855,-0.014556406283856481
2013-05-16 06:00:00,1.7070212842697137e-09,0.127603167593703,-0.07677008083893964,-0.03838503956595918
2013-05-16 07:00:00,7.011366493969547e-10,6.320032488081862e-08,-0.12819438246296946,-0.06409719088091641
2013-05-16 08:00:00,4.0959387981897545e-10,3.2581519369619564e-08,-0.12708269365425245,-0.06354134662232928
2013-05-16 09:00:00,3.7654716163750734e-10,2.2589173241154238e-08,-0.12380857391292664,-0.06190428676818974
2013-05-16 10:00:00,4.3384594002685097e-10,2.4181878401626864e-08,-0.12514845771174335,-0.06257422863894871
2013-05-16 11:00:00,4.40617399162602e-10,2.4849606583951265e-08,-0.12303434554708217,-0.061517172553232385
2013-05-16 12:00:00,4.3269037783081533e-10,2.4809249044909287e-08,-0.12465368478995029,-0.06232684217862995
2013-05-16 13:00:00,4.5964833602938e-10,2.958644483897507e-08,-0.12662336198804897,-0.06331168076420031
2013-05-16 14:00:00,5.324436021839789e-10,3.996017111988714e-08,-0.12891882121786427,-0.06445941034271034
2013-05-16 15:00:00,1.1440267222988194e-09,0.04923871033465214,-0.12127561726314463,-0.060637808059558956
2013-05-16 16:00:00,1.6013734659943142e-09,0.1265226468376576,-0.0385714477458441,-0.019285723072235316
2013-05-16 17:00:00,3.3351946800732747e-09,0.1595392340464832,0.0012476998662033273,0.0006238516006990037
2013-05-16 18:00:00,5.027062122481054e-09,0.18987967183826185,0.009116112626128749,0.004558058826595436
2013-05-16 19:00:00,5.010854807176229e-09,0.18290623795738087,0.021406209404711697,0.010703107207783252
2013-05-16 20:00:00,4.951242154829306e-09,0.17866004745691783,0.028079513679694086,0.014039759315468121
2013-05-16 21:00:00,5.1286011275993e-09,0.18152868073124226,0.026477330196784596,0.013238667662692861
2013-05-16 22:00:00,7.475070759153289e-09,0.2180476116389919,0.002261791897724527,0.001130899686397643
2013-05-16 23:00:00,9.339940581646345e-09,0.24226863452672306,-0.02488716949774493,-0.012443580078902174
2013-05-17 00:00:00,3.886750330479045e-08,0.2715106600559426,-0.03662895318278604,-0.018314457157641368
2013-05-17 01:00:00,5.733847317723602e-08,0.3074461783994671,-0.03939542164990779,-0.019697682155717305
2013-05-17 02:00:00,6.609189657874813e-08,0.33554345107236666,-0.030743965891612542,-0.015371949899857983
2013-05-17 03:00:00,6.906696939517459e-08,0.34042123132809726,-0.016695529156887122,-0.008347730044958864
2013-05-17 04:00:00,1.1159090227092965e-07,0.33584736632910034,0.00510092030185547,0.002550515946378871
2013-05-17 05:00:00,5.5931419354569875e-09,0.2174107427170001,-0.029112819750959855,-0.01455640707890896
2013-05-17 06:00:00,1.9490909001983296e-09,0.13297834604268524,-0.07677008083893964,-0.03838503944492437
2013-05-17 07:00:00,8.204914687160625e-10,9.882362903783126e-08,-0.12819438246296946,-0.06409719082123899
2013-05-17 08:00:00,4.753658227285308e-10,2.8731180539669346e-08,-0.12708269365425245,-0.06354134658944331
2013-05-17 09:00:00,4.5855593928221374e-10,2.6869886378548337e-08,-0.12380857391292664,-0.06190428672718535
2013-05-17 10:00:00,4.726523517092606e-10,2.766686232852858e-08,-0.12514845771174335,-0.0625742286195455
2013-05-17 11:00:00,4.859362643478531e-10,2.8211400723573202e-08,-0.12303434554708217,-0.061517172530572956
2013-05-17 12:00:00,5.06435275835435e-10,2.9026557589701006e-08,-0.12465368478995029,-0.0623268421417575
2013-05-17 13:00:00,5.740094987566369e-10,3.254494134262613e-08,-0.12662336198804897,-0.06331168070701973
2013-05-17 14:00:00,7.693765682604911e-10,6.124040000112198e-08,-0.12891882121786427,-0.06445941022424385
2013-05-17 15:00:00,1.97962445713194e-09,0.14903806166200825,-0.12127561726314463,-0.06063780764176009
2013-05-17 16:00:00,4.659867990719515e-09,0.20239345561907657,-0.0385714477458441,-0.019285721542988053
2013-05-17 17:00:00,1.1201154751685893e-08,0.2742270056438164,0.0012476998662033273,0.0006238555336790395
2013-05-17 18:00:00,1.1884787375100776e-07,0.34315172593648996,0.009116112626128749,0.00455811573700125
2013-05-17 19:00:00,1.0519424953575792e-07,0.3302065766759468,0.021406209404711697,0.010703157299480617
2013-05-17 20:00:00,9.832661663097778e-08,0.3287109975397074,0.028079513679694086,0.014039806003155358
2013-05-17 21:00:00,9.556466597166105e-08,0.32296661546496225,0.026477330196784596,0.013238712880725284
2013-05-17 22:00:00,5.762285707893418e-08,0.3146340601201032,0.002261791897724527,0.001130924760290803
2013-05-17 23:00:00,4.9840238926493444e-08,0.29966977569825964,-0.02488716949774493,-0.012443559828753002
2013-05-18 00:00:00,4.26335533063245e-08,0.2924827060280069,-0.03662895318278604,-0.018314455274616368
2013-05-18 01:00:00,4.3014220392866045e-08,0.29733635477837933,-0.03939542164990779,-0.019697689317843697
2013-05-18 02:00:00,3.5230847284341834e-08,0.29624123276934056,-0.030743965891612542,-0.015371965330382629
2013-05-18 03:00:00,2.920839125925261e-08,0.2867965591915706,-0.016695529156887122,-0.008347749974247932
2013-05-18 04:00:00,9.576191886239132e-09,0.2874891931144513,0.00510092030185547,0.0025504649390236784
2013-05-18 05:00:00,3.557747036651809e-09,0.21535339407406195,-0.029112819750959855,-0.014556408096606408
2013-05-18 06:00:00,1.5556788265950826e-09,9.258410448881554e-08,-0.07677008083893964,-0.03838503964163041
2013-05-18 07:00:00,7.620161426353114e-10,4.309277909814053e-08,-0.12819438246296946,-0.06409719085047666
2013-05-18 08:00:00,5.813821245346242e-10,3.463976455438324e-08,-0.12708269365425245,-0.06354134653643516
2013-05-18 09:00:00,6.018698548380552e-10,3.646512793390772e-08,-0.12380857391292664,-0.06190428665552839
2013-05-18 10:00:00,6.139957347398655e-10,3.611165269987048e-08,-0.12514845771174335,-0.0625742285488738
2013-05-18 11:00:00,6.370243180081726e-10,3.633565895951319e-08,-0.12303434554708217,-0.061517172455028926
2013-05-18 12:00:00,6.572288700245723e-10,3.391266727422831e-08,-0.12465368478995029,-0.06232684206636071
2013-05-18 13:00:00,6.298272109355739e-10,3.276817846421882e-08,-0.12662336198804897,-0.06331168067911087
2013-05-18 14:00:00,6.137873601256557e-10,3.3107182318152264e-08,-0.12891882121786427,-0.06445941030203846
2013-05-18 15:00:00,5.372332245889358e-10,4.257063472858255e-08,-0.12127561726314463,-0.0606378083629557
2013-05-18 16:00:00,1.3553439194398367e-09,0.06458415541702639,-0.0385714477458441,-0.019285723195250088
2013-05-18 17:00:00,4.233532961104665e-09,0.22462095784319777,0.0012476998662033273,0.0006238520498681442
2013-05-18 18:00:00,1.8092014757538282e-07,0.4746260888770853,0.009116112626128749,0.004558146773138162
2013-05-18 19:00:00,1.7037967530282816e-07,0.44754908475885613,0.021406209404711697,0.0107031898921935
2013-05-18 20:00:00,1.4677121010226835e-07,0.4100667751347009,0.028079513679694086,0.014039830225452094
2013-05-18 21:00:00,1.414988698348099e-07,0.39476292412150155,0.026477330196784596,0.013238735847827216
2013-05-18 22:00:00,1.6063698926155657e-07,0.41756721429653476,0.002261791897724527,0.0011309762673568943
2013-05-18 23:00:00,1.5685265731929395e-07,0.4357640915336612,-0.02488716949774493,-0.012443506322543804
2013-05-19 00:00:00,1.66520182760579e-07,0.45992614666750126,-0.03662895318278604,-0.01831439333130164
2013-05-19 01:00:00,1.8637527265537547e-07,0.4897572187109418,-0.03939542164990779,-0.019697617637317567
2013-05-19 02:00:00,2.2327146657534756e-07,0.5283389470036098,-0.030743965891612542,-0.015371871310072983
2013-05-19 03:00:00,2.775298593047025e-07,0.5614195054933141,-0.016695529156887122,-0.008347625813513908
2013-05-19 04:00:00,3.158154244852723e-07,0.5902710494246924,0.00510092030185547,0.002550618058639978
2013-05-19 05:00:00,4.177612547668502e-09,0.2939077810264855,-0.029112819750959855,-0.014556407786673654
2013-05-19 06:00:00,8.400632647276338e-10,7.80057123051778e-08,-0.07677008083893964,-0.03838503999943819
2013-05-19 07:00:00,7.476201368909067e-10,4.201964862516048e-08,-0.12819438246296946,-0.06409719085767467
2013-05-19 08:00:00,7.336057287373084e-10,3.738596082040048e-08,-0.12708269365425245,-0.06354134646032336
2013-05-19 09:00:00,7.300459808145303e-10,3.622207440788565e-08,-0.12380857391292664,-0.06190428659144033
2013-05-19 10:00:00,7.914147928962734e-10,3.761116854553679e-08,-0.12514845771174335,-0.06257422846016428
2013-05-19 11:00:00,7.631093306130025e-10,3.7300573236842235e-08,-0.12303434554708217,-0.061517172391986424
2013-05-19 12:00:00,8.092418821760409e-10,3.825713599312804e-08,-0.12465368478995029,-0.0623268419903542
2013-05-19 13:00:00,8.011687372626991e-10,3.958792974086833e-08,-0.12662336198804897,-0.06331168059344011
2013-05-19 14:00:00,7.769985347532571e-10,4.1266363034093414e-08,-0.12891882121786427,-0.06445941022043288
2013-05-19 15:00:00,6.523804854950204e-10,5.4875631272695606e-08,-0.12127561726314463,-0.060637808305382075
2013-05-19 16:00:00,1.6713275317380847e-09,0.15160695517163508,-0.0385714477458441,-0.01928572303725828
2013-05-19 17:00:00,4.90698339795772e-09,0.250962232692035,0.0012476998662033273,0.0006238523865933626
2013-05-19 18:00:00,1.1892320950225384e-07,0.4468930593429221,0.009116112626128749,0.0045581157746691255
2013-05-19 19:00:00,1.4974343835611504e-07,0.42515334300808144,0.021406209404711697,0.010703179574075027
2013-05-19 20:00:00,1.460385870755416e-07,0.41303457934436955,0.028079513679694086,0.01403982985914058
2013-05-19 21:00:00,1.392331190428042e-07,0.407601449592843,0.026477330196784596,0.013238734714951818
2013-05-19 22:00:00,1.2126298736068304e-07,0.42838894575413833,0.002261791897724527,0.0011309565803559439
2013-05-19 23:00:00,1.216301457936343e-07,0.412779009002988,-0.02488716949774493,-0.012443523933799569
2013-05-20 00:00:00,1.1395285670868192e-07,0.4173054213846607,-0.03662895318278604,-0.018314419614964668
2013-05-20 01:00:00,9.407058432018704e-08,0.3999634778874172,-0.03939542164990779,-0.019697663789661733
2013-05-20 02:00:00,8.563707251591583e-08,0.3849603842294207,-0.030743965891612542,-0.015371940127270013
2013-05-20 03:00:00,8.212818842637419e-08,0.3785367829270021,-0.016695529156887122,-0.008347723514349347
2013-05-20 04:00:00,1.0073409160330626e-07,0.39068966933896876,0.00510092030185547,0.0025505105179735366
2013-05-20 05:00:00,5.948201196247898e-09,0.259559861416855,-0.029112819750959855,-0.01455640690137933
2013-05-20 06:00:00,1.930419891383226e-09,0.15033129737437737,-0.07677008083893964,-0.038385039454259876
2013-05-20 07:00:00,7.841876855149542e-10,4.4409489359571784e-08,-0.12819438246296946,-0.06409719083939089
2013-05-20 08:00:00,6.757479049081548e-10,3.6242686531170286e-08,-0.12708269365425245,-0.06354134648925228
2013-05-20 09:00:00,6.352338573754398e-10,3.458871564755123e-08,-0.12380857391292664,-0.061904286638846395
2013-05-20 10:00:00,6.271985705010604e-10,3.670084253711328e-08,-0.12514845771174335,-0.06257422854227239
2013-05-20 11:00:00,5.983507446608748e-10,3.4961343229680446e-08,-0.12303434554708217,-0.061517172474365715
2013-05-20 12:00:00,6.013382052936906e-10,3.544282223108412e-08,-0.12465368478995029,-0.06232684209430604
2013-05-20 13:00:00,6.515724070352611e-10,4.156005559987358e-08,-0.12662336198804897,-0.06331168066823828
2013-05-20 14:00:00,6.915394514495248e-10,5.773903750846302e-08,-0.12891882121786427,-0.0644594102631624
2013-05-20 15:00:00,1.1107379411131102e-09,1.828303480669999e-07,-0.12127561726314463,-0.060637808076203344
2013-05-20 16:00:00,2.034487155736733e-09,0.1669201321546714,-0.0385714477458441,-0.01928572285567847
2013-05-20 17:00:00,7.02621541749029e-09,0.28296098376050144,0.0012476998662033273,0.0006238534462093724
2013-05-20 18:00:00,7.114941515587816e-07,0.6074089032247738,0.009116112626128749,0.004558412060140154
2013-05-20 19:00:00,6.890395453095917e-07,0.6165743514912954,0.021406209404711697,0.010703449222128503
2013-05-20 20:00:00,6.014442489727362e-07,0.5888133691242672,0.028079513679694086,0.01404005756197153
2013-05-20 21:00:00,4.936237616794253e-07,0.5403370931800028,0.026477330196784596,0.013238911910273137
2013-05-20 22:00:00,2.3554445015400875e-07,0.47106935850969955,0.002261791897724527,0.0011310137210873406
2013-05-20 23:00:00,1.3479444790255994e-07,0.4470710581082981,-0.02488716949774493,-0.012443517351648514
2013-05-21 00:00:00,1.1043682874576649e-07,0.43247390419214204,-0.03662895318278604,-0.01831442137297865
2013-05-21 01:00:00,1.0626102272153947e-07,0.4323050783783767,-0.03939542164990779,-0.01969765769444253
2013-05-21 02:00:00,1.1206645849395587e-07,0.44015421865946164,-0.030743965891612542,-0.015371926912577024
2013-05-21 03:00:00,1.8165831572520828e-07,0.44557911550511403,-0.016695529156887122,-0.008347673749285698
2013-05-21 04:00:00,2.3805545530397967e-07,0.440665524067155,0.00510092030185547,0.0025505791786553872
2013-05-21 05:00:00,5.190914523472483e-09,0.23290163162003422,-0.029112819750959855,-0.014556407280022665
2013-05-21 06:00:00,1.378842564214621e-09,0.12744126416989826,-0.07677008083893964,-0.03838503973004854
2013-05-21 07:00:00,7.542423205010785e-10,1.0994922236591143e-07,-0.12819438246296946,-0.06409719085436358
2013-05-21 08:00:00,4.707155016290244e-10,3.9200592790707424e-08,-0.12708269365425245,-0.06354134659176848
2013-05-21 09:00:00,4.5343212670592726e-10,3.7911922247719335e-08,-0.12380857391292664,-0.06190428672974726
2013-05-21 10:00:00,4.778410449674537e-10,4.1384029300923305e-08,-0.12514845771174335,-0.06257422861695115
2013-05-21 11:00:00,4.722166129141106e-10,4.120881036757878e-08,-0.12303434554708217,-0.06151717253743278
2013-05-21 12:00:00,4.879180918653836e-10,4.342035092157223e-08,-0.12465368478995029,-0.062326842151016096
2013-05-21 13:00:00,5.256739878307431e-10,4.8629253136600933e-08,-0.12662336198804897,-0.0633116807311875
2013-05-21 14:00:00,5.520853958093543e-10,5.09980798143717e-08,-0.12891882121786427,-0.06445941033288943
2013-05-21 15:00:00,1.089510639029444e-09,0.08602008076550827,-0.12127561726314463,-0.060637808086817
2013-05-21 16:00:00,1.7170548429720724e-09,0.13410926676391788,-0.0385714477458441,-0.019285723014394626
2013-05-21 17:00:00,2.5476021056303356e-09,0.18162488474910357,0.0012476998662033273,0.0006238512069027165
2013-05-21 18:00:00,4.813783476222794e-09,0.2487218190408515,0.009116112626128749,0.004558058719956112
2013-05-21 19:00:00,4.82530229148815e-09,0.2419547589602884,0.021406209404711697,0.010703107115006995
2013-05-21 20:00:00,4.824657719517208e-09,0.2372957895001321,0.028079513679694086,0.014039759252175902
2013-05-21 21:00:00,4.130081472843774e-09,0.22818273789359392,0.026477330196784596,0.013238667163433034
2013-05-21 22:00:00,4.1222450392302035e-09,0.21373277761496368,0.002261791897724527,0.0011308980099847832
2013-05-21 23:00:00,4.122261782973116e-09,0.2044652337640562,-0.02488716949774493,-0.012443582687741574
2013-05-22 00:00:00,3.4352408477794614e-09,0.19889601115768438,-0.03662895318278604,-0.018314474873772597
2013-05-22 01:00:00,3.435344328090103e-09,0.19148934572789764,-0.03939542164990779,-0.01969770910728173
2013-05-22 02:00:00,3.435471461889671e-09,0.18484566319637732,-0.030743965891612542,-0.01537198122807054
2013-05-22 03:00:00,3.435351064451257e-09,0.17800640358633152,-0.016695529156887122,-0.008347762860768028
2013-05-22 04:00:00,3.435303931720328e-09,0.17274715915657857,0.00510092030185547,0.002550461868579701
2013-05-22 05:00:00,2.3479030692673607e-09,0.14169138051272165,-0.029112819750959855,-0.014556408701528393
2013-05-22 06:00:00,1.765874578244564e-09,0.11863494374724366,-0.07677008083893964,-0.038385039536532536
2013-05-22 07:00:00,8.678867566038888e-10,5.296225872315486e-08,-0.12819438246296946,-0.06409719079754135
2013-05-22 08:00:00,7.795621725792913e-10,3.841709682181892e-08,-0.12708269365425245,-0.06354134643734514
2013-05-22 09:00:00,7.526908934657306e-10,3.707810807363131e-08,-0.12380857391292664,-0.06190428658011787
2013-05-22 10:00:00,7.244060908068945e-10,3.6389186329307155e-08,-0.12514845771174335,-0.06257422849366863
2013-05-22 11:00:00,6.963592156423717e-10,3.397049121589352e-08,-0.12303434554708217,-0.06151717242536148
2013-05-22 12:00:00,7.160480512379583e-10,3.346176194318088e-08,-0.12465368478995029,-0.062326842036951116
2013-05-22 13:00:00,7.942592636957856e-10,3.489930184528314e-08,-0.12662336198804897,-0.06331168059689485
2013-05-22 14:00:00,8.267217533343341e-10,3.475918785799724e-08,-0.12891882121786427,-0.06445941019557126
2013-05-22 15:00:00,9.210364331738496e-10,3.6436111843757486e-08,-0.12127561726314463,-0.0606378081710541
2013-05-22 16:00:00,1.0796086660417938e-09,4.1331042655874844e-08,-0.0385714477458441,-0.019285723333117715
2013-05-22 17:00:00,2.280310041606866e-09,3.080891396461226e-07,0.0012476998662033273,0.0006238510732566845
2013-05-22 18:00:00,3.442341950640423e-09,0.13402780839896522,0.009116112626128749,0.00455805803423535
2013-05-22 19:00:00,3.4382849151037366e-09,0.13851422209111108,0.021406209404711697,0.010703106421498305
2013-05-22 20:00:00,3.4352157970547506e-09,0.14581390505201977,0.028079513679694086,0.014039758557454941
2013-05-22 21:00:00,3.4352004255218497e-09,0.15312467968956556,0.026477330196784596,0.013238666815992511
2013-05-22 22:00:00,3.435200640292819e-09,0.16791638696824626,0.002261791897724527,0.0011308976664625838
2013-05-22 23:00:00,3.435201456894771e-09,0.17168970968251895,-0.02488716949774493,-0.012443583031271736
2013-05-23 00:00:00,3.4352014875763547e-09,0.1764859612211334,-0.03662895318278604,-0.01831447487379228
2013-05-23 01:00:00,3.4352015749008657e-09,0.18639939110086204,-0.03939542164990779,-0.019697709107353106
2013-05-23 02:00:00,3.43520163862416e-09,0.1946239411290849,-0.030743965891612542,-0.015371981228205453
2013-05-23 03:00:00,3.435200892825751e-09,0.20450516386041695,-0.016695529156887122,-0.008347762860843115
2013-05-23 04:00:00,3.4351977444271754e-09,0.2150520433815175,0.00510092030185547,0.0025504618685266074
2013-05-23 05:00:00,1.8183210790954166e-09,0.14983930531438225,-0.029112819750959855,-0.014556408966319387
2013-05-23 06:00:00,1.0268371618163512e-09,3.489171301377306e-07,-0.07677008083893964,-0.038385039906051244
2013-05-23 07:00:00,4.704610772292187e-10,3.994208283689635e-08,-0.12819438246296946,-0.06409719099625419
2013-05-23 08:00:00,4.100578017532026e-10,2.6130784365208408e-08,-0.12708269365425245,-0.06354134662209733
2013-05-23 09:00:00,3.982947178408366e-10,2.5835857137795616e-08,-0.12380857391292664,-0.06190428675731596
2013-05-23 10:00:00,3.9010857837836917e-10,2.562082622386289e-08,-0.12514845771174335,-0.06257422866081738
2013-05-23 11:00:00,3.952490005595435e-10,2.6061399955381702e-08,-0.12303434554708217,-0.06151717257591659
2013-05-23 12:00:00,4.086574718559323e-10,2.7274039079623263e-08,-0.12465368478995029,-0.06232684219064641
2013-05-23 13:00:00,4.595199864178146e-10,3.5084843719214053e-08,-0.12662336198804897,-0.0633116807642645
2013-05-23 14:00:00,5.221927236538994e-10,4.9509100875168704e-08,-0.12891882121786427,-0.06445941034783577
2013-05-23 15:00:00,8.787040032089462e-10,1.4626967889015073e-07,-0.12127561726314463,-0.06063780819222032
2013-05-23 16:00:00,1.8380450744724889e-09,0.15908681366600047,-0.0385714477458441,-0.01928572295389951
2013-05-23 17:00:00,4.360285089740903e-09,0.235331988369989,0.0012476998662033273,0.0006238521132442085
2013-05-23 18:00:00,7.966396535601798e-09,0.3736178388373842,0.009116112626128749,0.004558060296262642
2013-05-23 19:00:00,8.150029709620248e-09,0.36088781059853137,0.021406209404711697,0.010703108777370704
2013-05-23 20:00:00,8.365608968146973e-09,0.3437441467588923,0.028079513679694086,0.014039761022651528
2013-05-23 21:00:00,8.593328891078801e-09,0.3312548512058899,0.026477330196784596,0.013238669395056744
2013-05-23 22:00:00,9.679966747378233e-09,0.32347493214877904,0.002261791897724527,0.0011309007888456373
2013-05-23 23:00:00,9.295327442810746e-09,0.32299250537441937,-0.02488716949774493,-0.012443580101208744
2013-05-24 00:00:00,8.629925442298512e-09,0.325641804324981,-0.03662895318278604,-0.0183144722764303
2013-05-24 01:00:00,8.68002505306951e-09,0.34032066044280185,-0.03939542164990779,-0.019697706484941367
2013-05-24 02:00:00,9.385684153226714e-09,0.3655422519907872,-0.030743965891612542,-0.015371978252964194
2013-05-24 03:00:00,1.227941333514654e-08,0.40377955947942007,-0.016695529156887122,-0.008347758438736893
2013-05-24 04:00:00,1.4669976865446483e-08,0.4483046465940928,0.00510092030185547,0.002550467485916168
2013-05-24 05:00:00,5.854863869318054e-09,0.2670212416542975,-0.029112819750959855,-0.014556406948047993
2013-05-24 06:00:00,1.7658539720488842e-09,0.1455668750383525,-0.07677008083893964,-0.038385039536542834
2013-05-24 07:00:00,7.955693326162053e-10,6.22369642056464e-08,-0.12819438246296946,-0.06409719083370007
2013-05-24 08:00:00,4.968479659478768e-10,4.576631557956063e-08,-0.12708269365425245,-0.06354134657870224
2013-05-24 09:00:00,4.799156686044208e-10,4.42936132408051e-08,-0.12380857391292664,-0.06190428671650549
2013-05-24 10:00:00,4.891261734303203e-10,4.524642031823018e-08,-0.12514845771174335,-0.06257422861130858
2013-05-24 11:00:00,4.6292240810246745e-10,4.292232379904657e-08,-0.12303434554708217,-0.06151717254207988
2013-05-24 12:00:00,4.627475267814056e-10,4.266355073245235e-08,-0.12465368478995029,-0.06232684216360138
2013-05-24 13:00:00,4.956038746047256e-10,4.5516866096495793e-08,-0.12662336198804897,-0.06331168074622255
2013-05-24 14:00:00,5.444254149251464e-10,4.988966283710335e-08,-0.12891882121786427,-0.06445941033671942
2013-05-24 15:00:00,9.31333479648617e-10,2.4421021286905243e-07,-0.12127561726314463,-0.060637808165905575
2013-05-24 16:00:00,2.0461808294342546e-09,0.1637569455505574,-0.0385714477458441,-0.019285722849831634
2013-05-24 17:00:00,5.840637895209788e-09,0.2680952816622872,0.0012476998662033273,0.0006238528534206112
2013-05-24 18:00:00,1.6632933076275667e-08,0.48180099150464434,0.009116112626128749,0.004558064629530912
2013-05-24 19:00:00,2.0317508339880032e-08,0.49210284725914943,0.021406209404711697,0.010703114861110018
2013-05-24 20:00:00,1.5838242383361524e-08,0.42527065406471215,0.028079513679694086,0.014039764758968235
2013-05-24 21:00:00,1.4301835359934657e-08,0.397615350603178,0.026477330196784596,0.013238672249309977
2013-05-24 22:00:00,1.3788665716780808e-08,0.39897618044831,0.002261791897724527,0.0011309028431951218
2013-05-24 23:00:00,1.1334971556936259e-08,0.3884550877022437,-0.02488716949774493,-0.012443579081386685
2013-05-25 00:00:00,8.561107300467126e-09,0.358268280147418,-0.03662895318278604,-0.01831447231083937
2013-05-25 01:00:00,7.934898483595331e-09,0.3405597550635049,-0.03939542164990779,-0.019697706857504653
2013-05-25 02:00:00,7.270323866059191e-09,0.3219268985234429,-0.030743965891612542,-0.015371979310644338
2013-05-25 03:00:00,6.981682390308066e-09,0.3119069246419262,-0.016695529156887122,-0.008347761087602365
2013-05-25 04:00:00,6.472948858276914e-09,0.30417045850012925,0.00510092030185547,0.0025504633874021644
2013-05-25 05:00:00,2.5444574259458183e-09,0.18411724259509682,-0.029112819750959855,-0.014556408603251214
2013-05-25 06:00:00,8.892227189059701e-10,1.4719263878080656e-07,-0.07677008083893964,-0.03838503997485846
2013-05-25 07:00:00,5.008460169881177e-10,3.0250734260543634e-08,-0.12819438246296946,-0.06409719098106173
2013-05-25 08:00:00,5.27897360890783e-10,2.987115348485537e-08,-0.12708269365425245,-0.06354134656317754
2013-05-25 09:00:00,5.167214702922102e-10,2.9295108624393e-08,-0.12380857391292664,-0.061904286698102585
2013-05-25 10:00:00,5.384821685832726e-10,2.9936095825332795e-08,-0.12514845771174335,-0.06257422858663059
2013-05-25 11:00:00,5.601035735462711e-10,3.082247745037806e-08,-0.12303434554708217,-0.0615171724934893
2013-05-25 12:00:00,5.530798713165435e-10,3.104927185105087e-08,-0.12465368478995029,-0.062326842118435206
2013-05-25 13:00:00,5.85604478742406e-10,3.372798611929892e-08,-0.12662336198804897,-0.06331168070122224
2013-05-25 14:00:00,6.761397472368663e-10,3.800806343987494e-08,-0.12891882121786427,-0.06445941027086226
2013-05-25 15:00:00,8.156904700547877e-10,6.198944531174628e-08,-0.12127561726314463,-0.06063780822372708
2013-05-25 16:00:00,1.3841690962369706e-09,9.461190480772038e-08,-0.0385714477458441,-0.0192857231808375
2013-05-25 17:00:00,2.3504134412029195e-09,0.17178327614407835,0.0012476998662033273,0.0006238511083083842
2013-05-25 18:00:00,3.4552475125921933e-09,0.21484587728892907,0.009116112626128749,0.004558058040688131
2013-05-25 19:00:00,3.460715322146614e-09,0.2162261884160313,0.021406209404711697,0.01070310643271351
2013-05-25 20:00:00,3.4685328834988415e-09,0.21689542149131602,0.028079513679694086,0.014039758574113485
2013-05-25 21:00:00,3.4647822087657847e-09,0.214930910337333,0.026477330196784596,0.013238666830783402
2013-05-25 22:00:00,3.445438605157897e-09,0.19358797154064109,0.002261791897724527,0.001130897671581566
2013-05-25 23:00:00,3.439566668146988e-09,0.18681989920340653,-0.02488716949774493,-0.01244358302908913
2013-05-26 00:00:00,3.4352133330687763e-09,0.1816887594389314,-0.03662895318278604,-0.018314474873786353
2013-05-26 01:00:00,3.4352013412488062e-09,0.1767122678428174,-0.03939542164990779,-0.019697709107353224
2013-05-26 02:00:00,3.4352133330687767e-09,0.1696875098895135,-0.030743965891612542,-0.015371981228199605
2013-05-26 03:00:00,3.4352423063688103e-09,0.09494439197367358,-0.016695529156887122,-0.008347762860822408
2013-05-26 04:00:00,3.4352689907478855e-09,4.861928496803688e-06,0.00510092030185547,0.0025504618685622308
2013-05-26 05:00:00,2.1347386015837845e-09,8.538760789471398e-08,-0.029112819750959855,-0.014556408808110627
2013-05-26 06:00:00,1.2688174837046904e-09,4.656207404718717e-08,-0.07677008083893964,-0.03838503978506108
2013-05-26 07:00:00,1.0333074277190982e-09,4.025671501439975e-08,-0.12819438246296946,-0.06409719071483101
2013-05-26 08:00:00,8.885477518439859e-10,3.618312083171463e-08,-0.12708269365425245,-0.06354134638285235
2013-05-26 09:00:00,9.295481360263425e-10,3.5461007102586325e-08,-0.12380857391292664,-0.061904286491689255
2013-05-26 10:00:00,9.054245236318324e-10,3.568854086363679e-08,-0.12514845771174335,-0.06257422840315942
2013-05-26 11:00:00,1.148830381169287e-09,3.8589732316323214e-08,-0.12303434554708217,-0.0615171721991259
2013-05-26 12:00:00,1.0740752985729555e-09,3.797815688361174e-08,-0.12465368478995029,-0.06232684185793749
2013-05-26 13:00:00,9.884693342112312e-10,3.752568533337405e-08,-0.12662336198804897,-0.06331168049978982
2013-05-26 14:00:00,1.0017267378172157e-09,3.916826621583872e-08,-0.12891882121786427,-0.06445941010806877
2013-05-26 15:00:00,1.070994182690537e-09,4.0224844414871835e-08,-0.12127561726314463,-0.060637808096075226
2013-05-26 16:00:00,1.2339008762553243e-09,6.470778025402248e-08,-0.0385714477458441,-0.01928572325597161
2013-05-26 17:00:00,2.5694772463909718e-09,0.007535004868226744,0.0012476998662033273,0.0006238512178402869
2013-05-26 18:00:00,3.4578068703078952e-09,0.15886439971539484,0.009116112626128749,0.00455805804196781
2013-05-26 19:00:00,3.456074427276125e-09,0.15978289719673044,0.021406209404711697,0.010703106430393062
2013-05-26 20:00:00,3.4558442013867964e-09,0.16239253861672107,0.028079513679694086,0.014039758567769144
2013-05-26 21:00:00,3.4635979979029215e-09,0.16580358329931696,0.026477330196784596,0.013238666830191297
2013-05-26 22:00:00,3.5013256323459398e-09,0.17335934297695646,0.002261791897724527,0.0011308976995250796
2013-05-26 23:00:00,3.5170256584909383e-09,0.1782196877350466,-0.02488716949774493,-0.012443582990359636
2013-05-27 00:00:00,3.5380174827581743e-09,0.18264229631126716,-0.03662895318278604,-0.01831447482238428
2013-05-27 01:00:00,3.591372205211209e-09,0.18821178397519547,-0.03939542164990779,-0.01969770902926779
2013-05-27 02:00:00,3.7064631957537538e-09,0.19508966216781945,-0.030743965891612542,-0.015371981092574673
2013-05-27 03:00:00,3.8861959990283106e-09,0.2020956902215812,-0.016695529156887122,-0.00834776263534556
2013-05-27 04:00:00,5.195709176226666e-09,0.2159481925190139,0.00510092030185547,0.0025504627487823233
2013-05-27 05:00:00,3.3534824100874227e-09,0.17695893593579048,-0.029112819750959855,-0.014556408198738723
2013-05-27 06:00:00,1.6628491646227752e-09,0.13274074921882795,-0.07677008083893964,-0.03838503958804524
2013-05-27 07:00:00,6.880595403534431e-10,5.6088220602125695e-08,-0.12819438246296946,-0.06409719088745496
2013-05-27 08:00:00,5.37618497406965e-10,3.145360870490709e-08,-0.12708269365425245,-0.06354134655831697
2013-05-27 09:00:00,4.642190197788766e-10,2.78508953920046e-08,-0.12380857391292664,-0.06190428672435381
2013-05-27 10:00:00,4.531837026812208e-10,2.7385730314117226e-08,-0.12514845771174335,-0.06257422862927982
2013-05-27 11:00:00,4.5456177248661075e-10,2.680862759638092e-08,-0.12303434554708217,-0.0615171725462602
2013-05-27 12:00:00,4.690522101924482e-10,2.7674635957985063e-08,-0.12465368478995029,-0.062326842160449036
2013-05-27 13:00:00,4.910844455392848e-10,3.007277150160374e-08,-0.12662336198804897,-0.06331168074848226
2013-05-27 14:00:00,5.1375834583543e-10,3.188992923777091e-08,-0.12891882121786427,-0.06445941035205296
2013-05-27 15:00:00,6.220562846441924e-10,5.850226757304296e-08,-0.12127561726314463,-0.060637808320544176
2013-05-27 16:00:00,1.4918282425706015e-09,0.1446377668513177,-0.0385714477458441,-0.019285723127007926
2013-05-27 17:00:00,5.421327110517224e-09,0.25403402568211997,0.0012476998662033273,0.0006238526437652189
2013-05-27 18:00:00,0.00010368237989213283,0.48632851246490716,0.009116112626128749,0.0046098975030104405
2013-05-27 19:00:00,0.37601597058833697,0.5548899583351902,0.021406209404711697,0.19871108999652434
2013-05-27 20:00:00,0.3649062587293263,0.5375659444353029,0.028079513679694086,0.1964928862045102
2013-05-27 21:00:00,0.3553739413409534,0.5737808119670873,0.026477330196784596,0.190925635768869
2013-05-27 22:00:00,0.31570898036676653,0.5803330254257905,0.002261791897724527,0.15898538613224553
2013-05-27 23:00:00,0.30103360612106805,0.6212227915742247,-0.02488716949774493,0.13807321831166156
2013-05-28 00:00:00,1.4052268015281465e-06,0.6405576318694232,-0.03662895318278604,-0.01831377397799226
2013-05-28 01:00:00,9.054625786765103e-07,0.6119636365941757,-0.03939542164990779,-0.019697258093664554
2013-05-28 02:00:00,9.412115885531333e-07,0.563588240028336,-0.030743965891612542,-0.015371512340011995
2013-05-28 03:00:00,0.00015240543614740998,0.5305795035124857,-0.016695529156887122,-0.008271561860369855
2013-05-28 04:00:00,0.24959521636561122,0.4831860097142651,0.00510092030185547,0.12734806833373336
2013-05-28 05:00:00,6.867831767363401e-09,0.26908362790748075,-0.029112819750959855,-0.014556406441564043
2013-05-28 06:00:00,1.331326235840749e-09,0.12413050339216171,-0.07677008083893964,-0.03838503975380671
2013-05-28 07:00:00,4.613480475843665e-10,3.7513049032914276e-08,-0.12819438246296946,-0.06409719100081071
2013-05-28 08:00:00,4.673486249893784e-10,2.5942985777260012e-08,-0.12708269365425245,-0.06354134659345191
2013-05-28 09:00:00,5.091192743534659e-10,2.6721215316308156e-08,-0.12380857391292664,-0.061904286701903684
2013-05-28 10:00:00,5.106187688555491e-10,2.6410090912876082e-08,-0.12514845771174335,-0.06257422860056229
2013-05-28 11:00:00,5.042648648903388e-10,2.6575232897621533e-08,-0.12303434554708217,-0.061517172521408654
2013-05-28 12:00:00,4.762239688710246e-10,2.5962378070755368e-08,-0.12465368478995029,-0.06232684215686316
2013-05-28 13:00:00,4.622284661659519e-10,2.5501644285445773e-08,-0.12662336198804897,-0.06331168076291024
2013-05-28 14:00:00,4.286624389961267e-10,2.5421421392146474e-08,-0.12891882121786427,-0.06445941039460092
2013-05-28 15:00:00,4.656574883665996e-10,3.920417951765768e-08,-0.12127561726314463,-0.060637808398743574
2013-05-28 16:00:00,1.1770533631417485e-09,0.11036736768326945,-0.0385714477458441,-0.019285723284395366
2013-05-28 17:00:00,3.1636624236029984e-09,0.1763857831580703,0.0012476998662033273,0.0006238515149328754
2013-05-28 18:00:00,6.7150320817420695e-09,0.26488737644359356,0.009116112626128749,0.004558059670580416
2013-05-28 19:00:00,9.377668926441058e-09,0.2974990990490329,0.021406209404711697,0.010703109391190312
2013-05-28 20:00:00,9.783505625875627e-09,0.2993482865055124,0.028079513679694086,0.014039761731599857
2013-05-28 21:00:00,8.983163465006036e-09,0.2897248020433043,0.026477330196784596,0.013238669589974031
2013-05-28 22:00:00,7.04476051326068e-09,0.262258520651991,0.002261791897724527,0.0011308994712425201
2013-05-28 23:00:00,5.639997981331922e-09,0.238686780469225,-0.02488716949774493,-0.012443581928873473
2013-05-29 00:00:00,5.315000509613638e-09,0.23550189415831554,-0.03662895318278604,-0.018314473933892766
2013-05-29 01:00:00,5.239824683580329e-09,0.23433870717364028,-0.03939542164990779,-0.01969770820504155
2013-05-29 02:00:00,5.005992011530916e-09,0.2286975323015273,-0.030743965891612542,-0.015371980442810266
2013-05-29 03:00:00,4.908733771296637e-09,0.2241362636025118,-0.016695529156887122,-0.008347762124076676
2013-05-29 04:00:00,4.977161721069275e-09,0.22591941507683144,0.00510092030185547,0.0025504626395085957
2013-05-29 05:00:00,3.5638912777637976e-09,0.18526009448907238,-0.029112819750959855,-0.014556408093534288
2013-05-29 06:00:00,2.257095307754358e-09,0.15256869378604096,-0.07677008083893964,-0.03838503929092217
2013-05-29 07:00:00,1.3552533392590505e-09,9.48528760365776e-07,-0.12819438246296946,-0.06409719055385807
2013-05-29 08:00:00,6.75724268621048e-10,5.762991124988769e-08,-0.12708269365425245,-0.06354134648926409
2013-05-29 09:00:00,6.112271438913706e-10,5.3438196645631126e-08,-0.12380857391292664,-0.06190428665084975
2013-05-29 10:00:00,5.922834183083506e-10,5.2185269170659494e-08,-0.12514845771174335,-0.06257422855972997
2013-05-29 11:00:00,5.407194530137383e-10,4.781885575329059e-08,-0.12303434554708217,-0.06151717250318136
2013-05-29 12:00:00,5.17561429036067e-10,4.593807716282813e-08,-0.12465368478995029,-0.06232684213619443
2013-05-29 13:00:00,5.320700354281317e-10,4.729383516487618e-08,-0.12662336198804897,-0.06331168072798947
2013-05-29 14:00:00,5.524323482769788e-10,4.9254561111533847e-08,-0.12891882121786427,-0.06445941033271596
2013-05-29 15:00:00,1.0890037208948455e-09,5.331578342391833e-07,-0.12127561726314463,-0.060637808087070456
2013-05-29 16:00:00,1.7705146362417852e-09,0.14229848980448745,-0.0385714477458441,-0.01928572298766473
2013-05-29 17:00:00,3.8303452030769285e-09,0.20919699545362894,0.0012476998662033273,0.0006238518482742652
2013-05-29 18:00:00,8.076716726130014e-09,0.33972844049752954,0.009116112626128749,0.004558060351422737
2013-05-29 19:00:00,1.4064489487965369e-08,0.4007681832352472,0.021406209404711697,0.010703111734600592
2013-05-29 20:00:00,1.2789018836865912e-08,0.38600559621829994,0.028079513679694086,0.014039763234356462
2013-05-29 21:00:00,1.3922388015607004e-08,0.3841695874434788,0.026477330196784596,0.013238672059586306
2013-05-29 22:00:00,1.8160175874765684e-08,0.40580165902144605,0.002261791897724527,0.001130905028950201
2013-05-29 23:00:00,1.8727778788176126e-07,0.467657809496271,-0.02488716949774493,-0.012443491109978524
2013-05-30 00:00:00,2.4454900497182496e-08,0.5126841336366798,-0.03662895318278604,-0.01831446436394277
2013-05-30 01:00:00,2.2418499611368304e-08,0.5371075937688209,-0.03939542164990779,-0.019697699615704087
2013-05-30 02:00:00,2.2269209635964956e-08,0.5529504197248247,-0.030743965891612542,-0.015371971811201453
2013-05-30 03:00:00,2.7462776206485504e-08,0.5767462788942693,-0.016695529156887122,-0.008347750847055458
2013-05-30 04:00:00,2.4466382613799502e-08,0.5539146008052881,0.00510092030185547,0.002550472384119042
2013-05-30 05:00:00,5.285001155687719e-09,0.2708070281321887,-0.029112819750959855,-0.01455640723297935
2013-05-30 06:00:00,1.887799802395122e-09,0.15465598138561956,-0.07677008083893964,-0.03838503947556992
2013-05-30 07:00:00,8.196179483547928e-10,6.059738169862464e-08,-0.12819438246296946,-0.06409719082167575
2013-05-30 08:00:00,5.032557868923714e-10,4.240019842106582e-08,-0.12708269365425245,-0.06354134657549833
2013-05-30 09:00:00,4.793505500282401e-10,3.912929851038329e-08,-0.12380857391292664,-0.06190428671678805
2013-05-30 10:00:00,5.066385284626792e-10,4.039381314725774e-08,-0.12514845771174335,-0.0625742286025524
2013-05-30 11:00:00,4.693651482765503e-10,3.486759459853937e-08,-0.12303434554708217,-0.061517172538858515
2013-05-30 12:00:00,4.754083926347686e-10,3.734926954114309e-08,-0.12465368478995029,-0.06232684215727095
2013-05-30 13:00:00,5.280896872966715e-10,4.3526598088149045e-08,-0.12662336198804897,-0.06331168072997964
2013-05-30 14:00:00,5.908358049696991e-10,4.855413053744579e-08,-0.12891882121786427,-0.06445941031351424
2013-05-30 15:00:00,1.2811758522918644e-09,3.776947077816612e-07,-0.12127561726314463,-0.060637807990984394
2013-05-30 16:00:00,1.9181421975841272e-09,0.15035692663493883,-0.0385714477458441,-0.019285722913850948
2013-05-30 17:00:00,3.817453642369949e-09,0.1953444187137932,0.0012476998662033273,0.0006238518418284849
2013-05-30 18:00:00,6.180127383240592e-09,0.22239671128367086,0.009116112626128749,0.004558059403128066
2013-05-30 19:00:00,6.6689254020606775e-09,0.20799910587444556,0.021406209404711697,0.01070310803681855
2013-05-30 20:00:00,5.540883480794527e-09,0.17826648477999707,0.028079513679694086,0.014039759610288784
2013-05-30 21:00:00,5.0064346411113255e-09,0.159776679395552,0.026477330196784596,0.013238667601609619
2013-05-30 22:00:00,1.0932335202930053e-08,0.15487077110120112,0.002261791897724527,0.001130901415029865
2013-05-30 23:00:00,1.0034325810562898e-08,0.14244032779465798,-0.02488716949774493,-0.012443579731709559
2013-05-31 00:00:00,3.832021101775274e-09,0.13444977910481357,-0.03662895318278604,-0.01831447467538247
2013-05-31 01:00:00,3.5397377043033953e-09,0.12921455478472463,-0.03939542164990779,-0.01969770905508504
2013-05-31 02:00:00,3.4654617441007057e-09,0.12410110641607125,-0.030743965891612542,-0.0153719812130754
2013-05-31 03:00:00,3.4937270413963625e-09,0.12236065118945265,-0.016695529156887122,-0.00834776283158004
2013-05-31 04:00:00,3.505965272996061e-09,0.12325071619229214,0.00510092030185547,0.002550461903910372
2013-05-31 05:00:00,2.4977628050596458e-09,0.11248715124845873,-0.029112819750959855,-0.014556408626598525
2013-05-31 06:00:00,1.7505808544564004e-09,0.03500571031450691,-0.07677008083893964,-0.03838503954417939
2013-05-31 07:00:00,7.640481857196009e-10,4.335874222344996e-08,-0.12819438246296946,-0.06409719084946064
2013-05-31 08:00:00,5.864112229146894e-10,2.7990248385923375e-08,-0.12708269365425245,-0.06354134653392061
2013-05-31 09:00:00,6.253948457719806e-10,2.859978145258179e-08,-0.12380857391292664,-0.0619042866437659
2013-05-31 10:00:00,5.549609929572231e-10,2.8940752615145655e-08,-0.12514845771174335,-0.06257422857839118
2013-05-31 11:00:00,5.291763723941431e-10,2.6848806344540722e-08,-0.12303434554708217,-0.0615171725089529
2013-05-31 12:00:00,5.469908876118881e-10,2.717495269407687e-08,-0.12465368478995029,-0.0623268421214797
2013-05-31 13:00:00,5.776355749641519e-10,2.769715329479494e-08,-0.12662336198804897,-0.0633116807052067
2013-05-31 14:00:00,6.574439652892991e-10,2.8548447413783793e-08,-0.12891882121786427,-0.06445941028021016
2013-05-31 15:00:00,6.160341316979754e-10,2.9280691971516105e-08,-0.12127561726314463,-0.06063780832355525
2013-05-31 16:00:00,8.435608200716665e-10,4.8531879808347436e-08,-0.0385714477458441,-0.01928572345114164
2013-05-31 17:00:00,2.0516320180404176e-09,4.983615181996838e-07,0.0012476998662033273,0.0006238509589176727
2013-05-31 18:00:00,2.982663041406769e-09,0.15854485206813038,0.009116112626128749,0.004558057804395895
2013-05-31 19:00:00,3.439212039323274e-09,0.17240578342805962,0.021406209404711697,0.010703106421961869
2013-05-31 20:00:00,3.441469404577117e-09,0.17515295140216136,0.028079513679694086,0.014039758560581745
2013-05-31 21:00:00,3.440613608444449e-09,0.183891538190426,0.026477330196784596,0.013238666818699103
2013-05-31 22:00:00,3.4375525118373243e-09,0.19716198069290242,0.002261791897724527,0.0011308976676385194
2013-05-31 23:00:00,3.4360847353257153e-09,0.20109783027572184,-0.02488716949774493,-0.012443583030830097
2013-06-01 00:00:00,3.4375643026481505e-09,0.2057857263265385,-0.0361770569776456,-0.01808852677004065
2013-06-01 01:00:00,3.4371650671686127e-09,0.2110581991507585,-0.038204108155716475,-0.019102052359275704
2013-06-01 02:00:00,3.439108723279537e-09,0.21140308743617583,-0.035345424073024,-0.01767271031695764
2013-06-01 03:00:00,3.441778939394385e-09,0.20777776572423898,-0.0076331457640814206,-0.0038165711611512407
2013-06-01 04:00:00,3.014581921636022e-09,0.18966728588894452,0.02274674275649976,0.01137337288554084
2013-06-01 05:00:00,2.2802860467981987e-09,1.7507860578035344e-06,-0.02596159782495541,-0.012980797772334681
2013-06-01 06:00:00,1.0099022378782206e-09,7.082915594060567e-08,-0.11794000693723235,-0.05897000296366506
2013-06-01 07:00:00,8.071411918107149e-10,5.5543334362302366e-08,-0.12455950118371453,-0.06227975018828667
2013-06-01 08:00:00,6.991589113402466e-10,3.550540637151814e-08,-0.123133233632332,-0.061566616466586545
2013-06-01 09:00:00,6.490073427284575e-10,3.314203450654184e-08,-0.11891331795748016,-0.059456658654236404
2013-06-01 10:00:00,6.366569714908961e-10,3.37890644950701e-08,-0.12086057916675823,-0.060430289265050625
2013-06-01 11:00:00,6.196329353438769e-10,3.1629564631678916e-08,-0.11863937396583245,-0.05931968667309975
2013-06-01 12:00:00,6.352765469590555e-10,3.1600268679923734e-08,-0.12091202843140622,-0.060456013898064834
2013-06-01 13:00:00,6.841683447086914e-10,3.3021417636717676e-08,-0.12205925366264501,-0.061029626489238334
2013-06-01 14:00:00,7.336309371137141e-10,3.393406205210797e-08,-0.12141950542284714,-0.060709752344608105
2013-06-01 15:00:00,8.477720212173599e-10,3.5829361410718264e-08,-0.12288322898034897,-0.06144161406628847
2013-06-01 16:00:00,1.0609540629694173e-09,5.4380949299626976e-08,-0.12228162324242914,-0.06114081109073754
2013-06-01 17:00:00,1.4206848659163591e-09,6.657887496319369e-08,-0.030622514741033904,-0.01531125666017452
2013-06-01 18:00:00,2.7711137188338073e-09,1.2490886912000696e-07,0.012204921822473678,0.0061024622967936985
2013-06-01 19:00:00,2.7709552529831754e-09,1.2372318201051377e-07,0.020667398416834643,0.010333700593894948
2013-06-01 20:00:00,2.771150192982518e-09,1.238912402335003e-07,0.040119273432568284,0.020059638101859237
2013-06-01 21:00:00,2.7704729084150113e-09,1.2230429020734263e-07,0.00801102258613104,0.004005512678301975
2013-06-01 22:00:00,2.764756127770404e-09,1.1963233476017728e-07,-0.010756319891473718,-0.0053781585633587954
2013-06-01 23:00:00,2.7691058401687575e-09,9.88414844145009e-08,-0.03674419983756738,-0.01837209853423077
2013-06-02 00:00:00,2.7707765008253285e-09,8.425024258584634e-08,-0.0361770569776456,-0.01808852710343455
2013-06-02 01:00:00,2.085044749647426e-09,6.838363180057069e-08,-0.038204108155716475,-0.019102053035335863
2013-06-02 02:00:00,2.0952139852449357e-09,6.808965613698824e-08,-0.035345424073024,-0.017672710988905004
2013-06-02 03:00:00,2.0988323077194536e-09,6.686431570151707e-08,-0.0076331457640814206,-0.0038165718326245565
2013-06-02 04:00:00,2.1094288936010436e-09,6.72188501934484e-08,0.02274674275649976,0.011373372432964325
2013-06-02 05:00:00,1.3407142171530335e-09,4.128992190487355e-08,-0.02596159782495541,-0.012980798242120596
2013-06-02 06:00:00,1.4958218748266995e-09,3.958538420166794e-08,-0.11794000693723235,-0.05897000272070524
2013-06-02 07:00:00,1.0062054980505276e-09,3.929071374988912e-08,-0.12455950118371453,-0.06227975008875452
2013-06-02 08:00:00,8.758393992982376e-10,4.079833337815052e-08,-0.123133233632332,-0.0615666163782463
2013-06-02 09:00:00,7.61068965534536e-10,3.831527183075918e-08,-0.11891331795748016,-0.05945665859820559
2013-06-02 10:00:00,7.552837220960674e-10,3.6620777630692433e-08,-0.12086057916675823,-0.06043028920573725
2013-06-02 11:00:00,7.939558903154005e-10,3.880652197234846e-08,-0.11863937396583245,-0.05931968658593828
2013-06-02 12:00:00,8.345665333532313e-10,4.0094840895985534e-08,-0.12091202843140622,-0.06045601379841985
2013-06-02 13:00:00,8.866267790104997e-10,4.244079734491991e-08,-0.12205925366264501,-0.061029626388009114
2013-06-02 14:00:00,9.259231475849256e-10,4.717076677187299e-08,-0.12141950542284714,-0.060709752248462
2013-06-02 15:00:00,9.108205711558459e-10,5.2168540886476626e-08,-0.12288322898034897,-0.0614416140347642
2013-06-02 16:00:00,1.0616713803289344e-09,3.6958575559426543e-08,-0.12228162324242914,-0.06114081109037888
2013-06-02 17:00:00,1.166262548724073e-09,5.207503448496661e-08,-0.030622514741033904,-0.015311256787385678
2013-06-02 18:00:00,2.8924582233451268e-09,0.031458030593172925,0.012204921822473678,0.00610246235746595
2013-06-02 19:00:00,3.438849049520796e-09,0.14050829511479784,0.020667398416834643,0.010333700927841846
2013-06-02 20:00:00,3.4516957808242886e-09,0.14488125613706843,0.040119273432568284,0.020059638442132034
2013-06-02 21:00:00,3.5393425427861586e-09,0.1510860965116424,0.00801102258613104,0.004005513062736792
2013-06-02 22:00:00,3.5150189052901614e-09,0.09605320230346452,-0.010756319891473718,-0.005378158188227406
2013-06-02 23:00:00,3.5513304534302002e-09,0.04617782908621052,-0.03674419983756738,-0.018372098143118465
2013-06-03 00:00:00,3.556176645441885e-09,0.06933950561377078,-0.0361770569776456,-0.01808852671073448
2013-06-03 01:00:00,3.5891923792478554e-09,0.0608015955631206,-0.038204108155716475,-0.019102052283262047
2013-06-03 02:00:00,3.509480973046388e-09,0.1566682823566554,-0.035345424073024,-0.017672710281771514
2013-06-03 03:00:00,3.440796420172283e-09,0.16538287082489647,-0.0076331457640814206,-0.0038165711616425
2013-06-03 04:00:00,2.9809306420869874e-09,0.15780227551653211,0.02274674275649976,0.0113733728687152
2013-06-03 05:00:00,1.992505464862671e-09,0.12589337261589276,-0.02596159782495541,-0.012980797916224971
2013-06-03 06:00:00,1.2443048506060833e-09,4.0487021230909405e-07,-0.11794000693723235,-0.05897000284646375
2013-06-03 07:00:00,5.658698397051867e-10,2.8847733891344237e-08,-0.12455950118371453,-0.06227975030892235
2013-06-03 08:00:00,5.280524365616694e-10,2.9563294266946883e-08,-0.123133233632332,-0.06156661655213978
2013-06-03 09:00:00,5.055502657443931e-10,2.7082822144462982e-08,-0.11891331795748016,-0.05945665872596494
2013-06-03 10:00:00,5.02074596331623e-10,2.6822829628767062e-08,-0.12086057916675823,-0.06043028933234182
2013-06-03 11:00:00,5.017714682921455e-10,2.799948861176003e-08,-0.11863937396583245,-0.05931968673203049
2013-06-03 12:00:00,5.144350539587825e-10,2.8673186637950667e-08,-0.12091202843140622,-0.060456013958485585
2013-06-03 13:00:00,5.422596099040653e-10,3.07329220958257e-08,-0.12205925366264501,-0.0610296265601927
2013-06-03 14:00:00,5.698265424186128e-10,3.349384096449308e-08,-0.12141950542284714,-0.0607097524265103
2013-06-03 15:00:00,5.827427979044877e-10,2.9951686299178074e-08,-0.12288322898034897,-0.061441614198803084
2013-06-03 16:00:00,5.900001106623874e-10,3.1570671046980924e-08,-0.12228162324242914,-0.06114081132621452
2013-06-03 17:00:00,1.5891368163318329e-09,9.7466807109632e-07,-0.030622514741033904,-0.015311256575948545
2013-06-03 18:00:00,2.7249129422605164e-09,0.1754294807206943,0.012204921822473678,0.0061024622736933105
2013-06-03 19:00:00,3.4352008621441775e-09,0.1997911077605873,0.020667398416834643,0.010333700926017753
2013-06-03 20:00:00,3.4352010202722916e-09,0.1991407826537607,0.040119273432568284,0.02005963843388465
2013-06-03 21:00:00,3.4352011335581134e-09,0.1988311184135624,0.00801102258613104,0.004005513010666087
2013-06-03 22:00:00,3.4355324250593647e-09,0.2060294455294491,-0.010756319891473718,-0.005378158227970647
2013-06-03 23:00:00,3.4403977285280427e-09,0.20827425768897506,-0.03674419983756738,-0.018372098198584826
2013-06-04 00:00:00,3.4675193918230635e-09,0.21198801648282056,-0.0361770569776456,-0.018088526755063106
2013-06-04 01:00:00,3.5175347259382294e-09,0.21436994048067043,-0.038204108155716475,-0.019102052319090873
2013-06-04 02:00:00,3.5076698667213697e-09,0.2132462798965604,-0.035345424073024,-0.017672710282677064
2013-06-04 03:00:00,3.4612637050942957e-09,0.21074265473785497,-0.0076331457640814206,-0.0038165711514088576
2013-06-04 04:00:00,2.996969735728689e-09,0.19802365117839776,0.02274674275649976,0.011373372876734747
2013-06-04 05:00:00,1.8404073591217708e-09,0.15074884219468979,-0.02596159782495541,-0.012980797992274026
2013-06-04 06:00:00,1.0119203009288095e-09,0.06301092914521528,-0.11794000693723235,-0.058970002962656025
2013-06-04 07:00:00,4.2969268659214557e-10,2.599901468119957e-08,-0.12455950118371453,-0.062279750377010924
2013-06-04 08:00:00,5.049253577705048e-10,2.8145364151920003e-08,-0.123133233632332,-0.061566616563703325
2013-06-04 09:00:00,5.904098075901572e-10,3.02093992622883e-08,-0.11891331795748016,-0.059456658683535175
2013-06-04 10:00:00,6.040328981283013e-10,3.3299826696147664e-08,-0.12086057916675823,-0.06043028928136267
2013-06-04 11:00:00,6.087904487522366e-10,3.340075907720436e-08,-0.11863937396583245,-0.059319686678521
2013-06-04 12:00:00,6.245437697353022e-10,3.470276765633721e-08,-0.12091202843140622,-0.06045601390343123
2013-06-04 13:00:00,6.3646518141316e-10,3.3629072688251366e-08,-0.12205925366264501,-0.061029626513089914
2013-06-04 14:00:00,6.535412971829644e-10,3.398415662004695e-08,-0.12141950542284714,-0.060709752384652926
2013-06-04 15:00:00,5.181446010280173e-10,2.992851213497765e-08,-0.12288322898034897,-0.061441614231102185
2013-06-04 16:00:00,5.804252256650906e-10,5.02808667887543e-08,-0.12228162324242914,-0.06114081133100196
2013-06-04 17:00:00,1.64737177966913e-09,0.15048644309021686,-0.030622514741033904,-0.015311256546831062
2013-06-04 18:00:00,6.171000395684546e-09,0.24975167354130098,0.012204921822473678,0.006102463996737037
2013-06-04 19:00:00,9.424995674974208e-09,0.30586416480073614,0.020667398416834643,0.01033370392091516
2013-06-04 20:00:00,1.1258842849983467e-08,0.32701003366017306,0.040119273432568284,0.020059642345705567
2013-06-04 21:00:00,1.4142752363245669e-08,0.36828027867800583,0.00801102258613104,0.004005518364441702
2013-06-04 22:00:00,3.1583182633088325e-07,0.4391290761070473,-0.010756319891473718,-0.005378002029823694
2013-06-04 23:00:00,2.2463412253983448e-08,0.4784181228710405,-0.03674419983756738,-0.018372088687077563
2013-06-05 00:00:00,6.62584770352764e-07,0.5408419890380981,-0.0361770569776456,-0.018088197196437623
2013-06-05 01:00:00,1.0902596235854149e-06,0.5980975611117492,-0.038204108155716475,-0.019101508948046443
2013-06-05 02:00:00,6.7375404589304575e-06,0.6351834805351796,-0.035345424073024,-0.017669343266282535
2013-06-05 03:00:00,0.3133931937891966,0.6604285534439446,-0.0076331457640814206,0.1528800240125576
2013-06-05 04:00:00,0.3200212645839522,0.5972476349955411,0.02274674275649976,0.17138400367022597
2013-06-05 05:00:00,5.5991493886720236e-09,0.2548804798171728,-0.02596159782495541,-0.012980796112903011
2013-06-05 06:00:00,9.401483767063247e-10,0.0990919371200712,-0.11794000693723235,-0.058970002998541986
2013-06-05 07:00:00,3.8870334586002033e-10,2.462659398839373e-08,-0.12455950118371453,-0.06227975039750559
2013-06-05 08:00:00,4.727976262404657e-10,2.5310951426816628e-08,-0.123133233632332,-0.06156661657976719
2013-06-05 09:00:00,4.833172114124055e-10,2.429440948533868e-08,-0.11891331795748016,-0.059456658737081475
2013-06-05 10:00:00,5.038450413692216e-10,2.453608027697072e-08,-0.12086057916675823,-0.060430289331456596
2013-06-05 11:00:00,5.102339387351936e-10,2.4713764184984514e-08,-0.11863937396583245,-0.059319686727799255
2013-06-05 12:00:00,5.400229841666398e-10,2.600902660373151e-08,-0.12091202843140622,-0.06045601394569162
2013-06-05 13:00:00,5.882765169601571e-10,2.839845324907726e-08,-0.12205925366264501,-0.06102962653718425
2013-06-05 14:00:00,5.117225713682584e-10,2.7847822724119717e-08,-0.12141950542284714,-0.06070975245556229
2013-06-05 15:00:00,4.1891174105870893e-10,2.6096929231267668e-08,-0.12288322898034897,-0.061441614280718614
2013-06-05 16:00:00,9.844618309609603e-10,2.010534810150813e-06,-0.12228162324242914,-0.06114081112898365
2013-06-05 17:00:00,3.417739429780611e-09,0.1844513882046975,-0.030622514741033904,-0.015311255661647238
2013-06-05 18:00:00,1.4760467478175086e-08,0.3696120921752355,0.012204921822473678,0.006102468291470578
2013-06-05 19:00:00,0.00012152438941703106,0.42198549263393087,0.020667398416834643,0.010394461403125837
2013-06-05 20:00:00,0.00010043719289825615,0.3767088018952951,0.040119273432568284,0.02010985531273327
2013-06-05 21:00:00,9.675701068999215e-05,0.36390643295524683,0.00801102258613104,0.004053889798410516
2013-06-05 22:00:00,2.494906818470921e-07,0.3697769993886275,-0.010756319891473718,-0.005378035200395936
2013-06-05 23:00:00,2.668811290318031e-07,0.391955289927158,-0.03674419983756738,-0.018371966478219176
2013-06-06 00:00:00,3.498110976346385e-07,0.42549821908737423,-0.0361770569776456,-0.018088353583273983
2013-06-06 01:00:00,5.200513283368836e-07,0.46857660560599174,-0.038204108155716475,-0.01910179405219407
2013-06-06 02:00:00,1.1187699589613282e-06,0.5297428266048959,-0.035345424073024,-0.01767215265153252
2013-06-06 03:00:00,0.00022460791523762688,0.5776534349626737,-0.0076331457640814206,-0.003704268924421897
2013-06-06 04:00:00,0.2934397812089486,0.5791459035659786,0.02274674275649976,0.15809326198272416
2013-06-06 05:00:00,6.822133125332054e-09,0.2848470728549521,-0.02596159782495541,-0.012980795501411142
2013-06-06 06:00:00,9.374973220388995e-10,0.09811256175048297,-0.11794000693723235,-0.058970002999867516
2013-06-06 07:00:00,4.0014256967717684e-10,2.4988550490715024e-08,-0.12455950118371453,-0.06227975039178598
2013-06-06 08:00:00,4.873600566797407e-10,2.5671571156385558e-08,-0.123133233632332,-0.06156661657248597
2013-06-06 09:00:00,5.016346672755865e-10,2.4514187669339736e-08,-0.11891331795748016,-0.059456658727922745
2013-06-06 10:00:00,5.915227677280897e-10,2.676345831183944e-08,-0.12086057916675823,-0.06043028928761773
2013-06-06 11:00:00,6.001610402516731e-10,2.6712365552979337e-08,-0.11863937396583245,-0.0593196866828357
2013-06-06 12:00:00,6.066251912682656e-10,2.7134470170026615e-08,-0.12091202843140622,-0.06045601391239051
2013-06-06 13:00:00,5.955712679679221e-10,2.8355343766642852e-08,-0.12205925366264501,-0.06102962653353687
2013-06-06 14:00:00,6.20338495582549e-10,3.1219736305623714e-08,-0.12141950542284714,-0.06070975240125433
2013-06-06 15:00:00,4.16728109927378e-10,2.61651619950606e-08,-0.12288322898034897,-0.06144161428181043
2013-06-06 16:00:00,5.285025522313126e-10,4.902733343936075e-08,-0.12228162324242914,-0.061140811356963295
2013-06-06 17:00:00,1.977860133639493e-09,0.15969315692428424,-0.030622514741033904,-0.015311256381586886
2013-06-06 18:00:00,6.104738696580293e-09,0.28901048270884644,0.012204921822473678,0.006102463963606188
2013-06-06 19:00:00,9.207591551966156e-09,0.3423992341889539,0.020667398416834643,0.010333703812213097
2013-06-06 20:00:00,9.054290330654444e-09,0.32175200631166156,0.040119273432568284,0.020059641243429308
2013-06-06 21:00:00,8.925908449534393e-09,0.31876399000564953,0.00801102258613104,0.004005515756019745
2013-06-06 22:00:00,8.559392643900685e-09,0.3229774177531629,-0.010756319891473718,-0.005378155666040537
2013-06-06 23:00:00,8.771801479255551e-09,0.3378436710557726,-0.03674419983756738,-0.01837209553288295
2013-06-07 00:00:00,9.721411316435596e-09,0.3698524212280689,-0.0361770569776456,-0.018088523628117144
2013-06-07 01:00:00,1.1191748654992437e-08,0.4112443088442654,-0.038204108155716475,-0.01910204848198391
2013-06-07 02:00:00,1.236067029269814e-08,0.45214168405474037,-0.035345424073024,-0.017672705856176852
2013-06-07 03:00:00,1.3549414288798376e-08,0.49889937431551057,-0.0076331457640814206,-0.003816566107333566
2013-06-07 04:00:00,1.3779104875519587e-08,0.5235910487897972,0.02274674275649976,0.011373378267802317
2013-06-07 05:00:00,4.005822176116701e-09,0.23579016161247518,-0.02596159782495541,-0.012980796909566616
2013-06-07 06:00:00,8.663364319828183e-10,0.08937467720131893,-0.11794000693723235,-0.05897000303544796
2013-06-07 07:00:00,4.3517078248419736e-10,2.658345183211294e-08,-0.12455950118371453,-0.06227975037427187
2013-06-07 08:00:00,4.76684814989757e-10,2.5901612057765494e-08,-0.123133233632332,-0.06156661657782359
2013-06-07 09:00:00,5.104759203044599e-10,2.587095294091116e-08,-0.11891331795748016,-0.059456658723502115
2013-06-07 10:00:00,5.181101362031864e-10,2.6036673027553137e-08,-0.12086057916675823,-0.060430289324324045
2013-06-07 11:00:00,5.166802622294108e-10,2.6088865726973137e-08,-0.11863937396583245,-0.05931968672457609
2013-06-07 12:00:00,4.953171476913335e-10,2.5886495526546693e-08,-0.12091202843140622,-0.060456013968044536
2013-06-07 13:00:00,5.053991755173246e-10,2.7072540052342685e-08,-0.12205925366264501,-0.06102962657862292
2013-06-07 14:00:00,5.330785941692397e-10,2.938036523240165e-08,-0.12141950542284714,-0.060709752444884274
2013-06-07 15:00:00,4.808581795916372e-10,2.957975941688584e-08,-0.12288322898034897,-0.0614416142497454
2013-06-07 16:00:00,5.548310147821551e-10,5.3389866948066065e-08,-0.12228162324242914,-0.06114081134379906
2013-06-07 17:00:00,1.9982709487691646e-09,0.1626471343241997,-0.030622514741033904,-0.015311256371381478
2013-06-07 18:00:00,4.240688919535232e-09,0.28068645312962703,0.012204921822473678,0.006102463031581299
2013-06-07 19:00:00,6.646858174709979e-09,0.32257722631126706,0.020667398416834643,0.010333702531846409
2013-06-07 20:00:00,5.602419352508132e-09,0.3067107106062845,0.040119273432568284,0.02005963951749382
2013-06-07 21:00:00,5.883550307114021e-09,0.3127250300142632,0.00801102258613104,0.004005514234840674
2013-06-07 22:00:00,6.512012781066707e-09,0.3233597766435405,-0.010756319891473718,-0.005378156689730468
2013-06-07 23:00:00,7.128632465959355e-09,0.3526802311487936,-0.03674419983756738,-0.018372096354467456
2013-06-08 00:00:00,7.751904362864411e-09,0.3803154621770536,-0.0361770569776456,-0.01808852461287062
2013-06-08 01:00:00,8.62104766399516e-09,0.4123296294980244,-0.038204108155716475,-0.019102049767334404
2013-06-08 02:00:00,9.608484476275454e-09,0.43267255593322734,-0.035345424073024,-0.017672707232269762
2013-06-08 03:00:00,1.1301863055803798e-08,0.4552053485182761,-0.0076331457640814206,-0.0038165672311091824
2013-06-08 04:00:00,7.946717039740464e-09,0.3857563084694078,0.02274674275649976,0.0113733753516084
2013-06-08 05:00:00,2.3182193453058332e-09,0.20396239099818192,-0.02596159782495541,-0.012980797753368032
2013-06-08 06:00:00,5.555847868260259e-10,3.57905383784552e-08,-0.11794000693723235,-0.05897000319082378
2013-06-08 07:00:00,6.136347792313637e-10,3.3747650107137e-08,-0.12455950118371453,-0.062279750285039875
2013-06-08 08:00:00,6.233581904968281e-10,3.029138494619546e-08,-0.123133233632332,-0.06156661650448691
2013-06-08 09:00:00,7.38416426443599e-10,3.1250440164812964e-08,-0.11891331795748016,-0.059456658609531865
2013-06-08 10:00:00,7.671828964511021e-10,3.2134051093678715e-08,-0.12086057916675823,-0.060430289199787664
2013-06-08 11:00:00,7.530033682412945e-10,3.115399195789721e-08,-0.11863937396583245,-0.05931968660641454
2013-06-08 12:00:00,6.736114017276524e-10,3.035652423743903e-08,-0.12091202843140622,-0.06045601387889741
2013-06-08 13:00:00,6.335340685818457e-10,3.0860645041626974e-08,-0.12205925366264501,-0.06102962651455547
2013-06-08 14:00:00,6.688060437366186e-10,3.3179560205564734e-08,-0.12141950542284714,-0.06070975237702055
2013-06-08 15:00:00,6.952603880340694e-10,3.8539136522351384e-08,-0.12288322898034897,-0.06144161414254429
2013-06-08 16:00:00,5.680894069273636e-10,4.764620238993338e-08,-0.12228162324242914,-0.061140811337169865
2013-06-08 17:00:00,1.6621249982017054e-09,0.0586430292983077,-0.030622514741033904,-0.015311256539454454
2013-06-08 18:00:00,3.984185357912827e-09,0.2558554910241091,0.012204921822473678,0.006102462903329518
2013-06-08 19:00:00,5.615704724089176e-09,0.30105048604472223,0.020667398416834643,0.010333702016269684
2013-06-08 20:00:00,6.194930411324526e-09,0.3011815882726263,0.040119273432568284,0.020059639813749346
2013-06-08 21:00:00,7.739284624101522e-09,0.3200065365072655,0.00801102258613104,0.004005515162707833
2013-06-08 22:00:00,1.0452043440427578e-08,0.3471820670654714,-0.010756319891473718,-0.005378154719715139
2013-06-08 23:00:00,9.713651431349442e-09,0.34815659540813665,-0.03674419983756738,-0.018372095061957975
2013-06-09 00:00:00,9.132845442827558e-09,0.36535927120438216,-0.0361770569776456,-0.01808852392240008
2013-06-09 01:00:00,9.265863303140167e-09,0.38455338969725916,-0.038204108155716475,-0.019102049444926585
2013-06-09 02:00:00,9.583783609436627e-09,0.39377245972421077,-0.035345424073024,-0.017672707244620195
2013-06-09 03:00:00,8.017485018792072e-09,0.4015158114456495,-0.0076331457640814206,-0.003816568873298201
2013-06-09 04:00:00,5.122844798829824e-09,0.3267609643816821,0.02274674275649976,0.011373373939672278
2013-06-09 05:00:00,2.362459172051463e-09,0.05324021638985771,-0.02596159782495541,-0.012980797731248118
2013-06-09 06:00:00,7.550964901585313e-10,6.499728108142513e-08,-0.11794000693723235,-0.05897000309106793
2013-06-09 07:00:00,6.940131713257332e-10,4.029576782690913e-08,-0.12455950118371453,-0.06227975024485068
2013-06-09 08:00:00,6.581286637685421e-10,3.604391510575906e-08,-0.123133233632332,-0.06156661648710167
2013-06-09 09:00:00,6.134417820919559e-10,3.291419177108483e-08,-0.11891331795748016,-0.059456658672019186
2013-06-09 10:00:00,6.852496328962393e-10,3.453111734238791e-08,-0.12086057916675823,-0.0604302892407543
2013-06-09 11:00:00,6.677852712517963e-10,3.285260627815413e-08,-0.11863937396583245,-0.05931968664902359
2013-06-09 12:00:00,6.386917819637631e-10,3.276135340061878e-08,-0.12091202843140622,-0.06045601389635722
2013-06-09 13:00:00,6.585902471385588e-10,3.514546290101944e-08,-0.12205925366264501,-0.06102962650202738
2013-06-09 14:00:00,6.579799241753848e-10,3.734997967289164e-08,-0.12141950542284714,-0.06070975238243361
2013-06-09 15:00:00,5.57155823153783e-10,4.8888100363703295e-08,-0.12288322898034897,-0.06144161421159657
2013-06-09 16:00:00,1.1019691441746817e-09,1.6817801762878183e-07,-0.12228162324242914,-0.06114081107023
2013-06-09 17:00:00,2.841306709719939e-09,0.21187885113113417,-0.030622514741033904,-0.015311255949863597
2013-06-09 18:00:00,6.716304071599833e-09,0.3185347920715607,0.012204921822473678,0.006102464269388875
2013-06-09 19:00:00,8.307480574934894e-09,0.35761152533410695,0.020667398416834643,0.010333703362157609
2013-06-09 20:00:00,8.700169197736747e-09,0.35132496668861973,0.040119273432568284,0.02005964106636874
2013-06-09 21:00:00,1.0119715897527337e-08,0.36612347392614236,0.00801102258613104,0.004005516352923469
2013-06-09 22:00:00,9.066585009375437e-09,0.3504841429512153,-0.010756319891473718,-0.005378155412444355
2013-06-09 23:00:00,1.1885349114814782e-08,0.379272826628414,-0.03674419983756738,-0.018372093976109134
2013-06-10 00:00:00,1.7206498252587622e-08,0.42371086447984274,-0.0361770569776456,-0.018088519885573674
2013-06-10 01:00:00,1.927394690268071e-08,0.4421837296378742,-0.038204108155716475,-0.019102044440884786
2013-06-10 02:00:00,1.6444062231451764e-08,0.44322893050277634,-0.035345424073024,-0.017672703814480883
2013-06-10 03:00:00,1.4774041660873166e-08,0.4406165540394454,-0.0076331457640814206,-0.0038165654950198797
2013-06-10 04:00:00,1.111654514084994e-08,0.3944609260998504,0.02274674275649976,0.01137337693652245
2013-06-10 05:00:00,5.681405190467867e-09,0.2696640100563064,-0.02596159782495541,-0.01298079607177511
2013-06-10 06:00:00,2.930088192779454e-09,0.1662998899913341,-0.11794000693723235,-0.05897000200357208
2013-06-10 07:00:00,1.217704367457938e-09,0.11915095905322962,-0.12455950118371453,-0.06227974998300508
2013-06-10 08:00:00,7.371523425190745e-10,6.566389911211874e-08,-0.123133233632332,-0.06156661644758983
2013-06-10 09:00:00,4.5120577216498815e-10,3.8686022352139826e-08,-0.11891331795748016,-0.059456658753137194
2013-06-10 10:00:00,4.0318612269491164e-10,3.3785874768409015e-08,-0.12086057916675823,-0.06043028938178605
2013-06-10 11:00:00,3.736809486174579e-10,2.3838787461735005e-08,-0.11863937396583245,-0.05931968679607575
2013-06-10 12:00:00,3.706323514361693e-10,2.4224879787984316e-08,-0.12091202843140622,-0.06045601403038693
2013-06-10 13:00:00,3.9818892210386207e-10,3.314048396882212e-08,-0.12205925366264501,-0.061029626632228044
2013-06-10 14:00:00,4.4141338877354834e-10,3.888404832781674e-08,-0.12141950542284714,-0.060709752490716876
2013-06-10 15:00:00,7.298092163581036e-10,1.1090824510220297e-07,-0.12288322898034897,-0.061441614125269876
2013-06-10 16:00:00,1.3204075888017743e-09,0.1277287315968325,-0.12228162324242914,-0.061140810961010775
2013-06-10 17:00:00,4.553197754949319e-09,0.21130939572738014,-0.030622514741033904,-0.015311255093918074
2013-06-10 18:00:00,1.3809738648870115e-08,0.38197404298034254,0.012204921822473678,0.006102467816106164
2013-06-10 19:00:00,0.25177328819974665,0.4739817279759798,0.020667398416834643,0.13622034330829064
2013-06-10 20:00:00,0.26225679008237496,0.48394685964655815,0.040119273432568284,0.1511880317574716
2013-06-10 21:00:00,0.29353751193793176,0.5097309192942356,0.00801102258613104,0.15077426726203141
2013-06-10 22:00:00,0.31082546949744055,0.5258736189230159,-0.010756319891473718,0.1500345748029834
2013-06-10 23:00:00,0.3289577975792351,0.5623701065460764,-0.03674419983756738,0.14610679887083386
2013-06-11 00:00:00,0.32936976834147647,0.6490550802731522,-0.0361770569776456,0.14659635568191542
2013-06-11 01:00:00,0.3273839038886986,0.6475680735759735,-0.038204108155716475,0.14458989786649107
2013-06-11 02:00:00,0.32695236293832175,0.6124976714367023,-0.035345424073024,0.14580346943264888
2013-06-11 03:00:00,0.32190772729273714,0.5769214897108778,-0.0076331457640814206,0.15713729076432786
2013-06-11 04:00:00,0.00012602829011336048,0.451473904007551,0.02274674275649976,0.01143638552330656
2013-06-11 05:00:00,5.222914668317855e-09,0.24277033912685853,-0.02596159782495541,-0.012980796301020371
2013-06-11 06:00:00,1.2420974940969483e-09,0.12467252915897604,-0.11794000693723235,-0.058970002847567426
2013-06-11 07:00:00,4.6017144537594314e-10,4.060815825772929e-08,-0.12455950118371453,-0.062279750361771545
2013-06-11 08:00:00,4.248017923865931e-10,2.5942921845944474e-08,-0.123133233632332,-0.061566616603765105
2013-06-11 09:00:00,4.5733641180822326e-10,2.6371989583835564e-08,-0.11891331795748016,-0.05945665875007187
2013-06-11 10:00:00,4.733904432531894e-10,2.6874975122954524e-08,-0.12086057916675823,-0.060430289346683895
2013-06-11 11:00:00,4.69732728207662e-10,2.6687999395751783e-08,-0.11863937396583245,-0.05931968674804986
2013-06-11 12:00:00,4.816517070061612e-10,2.734730453296718e-08,-0.12091202843140622,-0.06045601397487726
2013-06-11 13:00:00,4.660163648242193e-10,2.7335763912205222e-08,-0.12205925366264501,-0.061029626598314325
2013-06-11 14:00:00,3.927599989643076e-10,2.516023352247078e-08,-0.12141950542284714,-0.06070975251504357
2013-06-11 15:00:00,4.705635446957532e-10,4.2111138226568995e-08,-0.12288322898034897,-0.06144161425489271
2013-06-11 16:00:00,1.1546302999645763e-09,0.10021583440166568,-0.12228162324242914,-0.06114081104389942
2013-06-11 17:00:00,3.6770028496059664e-09,0.20735916502536939,-0.030622514741033904,-0.015311255532015528
2013-06-11 18:00:00,1.3035342450243153e-08,0.43905829620509285,0.012204921822473678,0.006102467428908064
2013-06-11 19:00:00,0.00014212260684932132,0.622721111928426,0.020667398416834643,0.010404760511841983
2013-06-11 20:00:00,2.3615667109022227e-08,0.5786986097180346,0.040119273432568284,0.020059648524117697
2013-06-11 21:00:00,1.6896916155660272e-08,0.5196235300523806,0.00801102258613104,0.0040055197415235985
2013-06-11 22:00:00,8.548641237020017e-09,0.39963260176728793,-0.010756319891473718,-0.00537815567141624
2013-06-11 23:00:00,6.224703881632681e-09,0.3653931060638816,-0.03674419983756738,-0.01837209680643175
2013-06-12 00:00:00,5.479961092777266e-09,0.3405793400845774,-0.0361770569776456,-0.018088525748842253
2013-06-12 01:00:00,5.077697380241683e-09,0.3225516946075154,-0.038204108155716475,-0.019102051539009547
2013-06-12 02:00:00,4.176506798016933e-09,0.30897614388797195,-0.035345424073024,-0.0176727099482586
2013-06-12 03:00:00,4.853433865162192e-09,0.30471822258681797,-0.0076331457640814206,-0.003816570455323778
2013-06-12 04:00:00,3.7150525385834727e-09,0.24552777265236028,0.02274674275649976,0.01137337323577615
2013-06-12 05:00:00,1.5697401123200537e-09,0.158782975866806,-0.02596159782495541,-0.012980798127607648
2013-06-12 06:00:00,7.075933254230202e-10,6.022626035858421e-08,-0.11794000693723235,-0.05897000311481951
2013-06-12 07:00:00,4.397732341978351e-10,2.773097894372025e-08,-0.12455950118371453,-0.06227975037197065
2013-06-12 08:00:00,4.635139903259707e-10,2.6425697182804507e-08,-0.123133233632332,-0.061566616584409005
2013-06-12 09:00:00,4.596923718390542e-10,2.5989051902863647e-08,-0.11891331795748016,-0.059456658748893894
2013-06-12 10:00:00,4.642520535026636e-10,2.6010004447012844e-08,-0.12086057916675823,-0.06043028935125309
2013-06-12 11:00:00,4.70600679821585e-10,2.5424792407662532e-08,-0.11863937396583245,-0.05931968674761588
2013-06-12 12:00:00,4.839079467384306e-10,2.5991535829163245e-08,-0.12091202843140622,-0.06045601397374914
2013-06-12 13:00:00,4.784226653503186e-10,2.673833811527069e-08,-0.12205925366264501,-0.061029626592111176
2013-06-12 14:00:00,4.3961966235158666e-10,2.6741680502650377e-08,-0.12141950542284714,-0.06070975249161374
2013-06-12 15:00:00,4.878475268694514e-10,3.461934494111993e-08,-0.12288322898034897,-0.06144161424625072
2013-06-12 16:00:00,8.752131405467158e-10,6.40813086303521e-08,-0.12228162324242914,-0.061140811183608
2013-06-12 17:00:00,1.6798050947950319e-09,0.15752154256566447,-0.030622514741033904,-0.015311256530614405
2013-06-12 18:00:00,3.3480999103614885e-09,0.23000585449904898,0.012204921822473678,0.006102462585286794
2013-06-12 19:00:00,4.3003356758172e-09,0.26259100422516196,0.020667398416834643,0.010333701358585159
2013-06-12 20:00:00,4.258292355099942e-09,0.2467201676053078,0.040119273432568284,0.02005963884543032
2013-06-12 21:00:00,3.487609613965867e-09,0.22846243744099895,0.00801102258613104,0.004005513036870328
2013-06-12 22:00:00,3.4636583270086934e-09,0.10909555817941143,-0.010756319891473718,-0.0053781582139076954
2013-06-12 23:00:00,3.4355625132323272e-09,1.1725220939901235e-06,-0.03674419983756738,-0.018372098201002433
2013-06-13 00:00:00,3.435201782591612e-09,9.194973726509027e-07,-0.0361770569776456,-0.01808852677122191
2013-06-13 01:00:00,3.4352118910249853e-09,8.316553833474698e-07,-0.038204108155716475,-0.01910205236025229
2013-06-13 02:00:00,3.4383098923908924e-09,8.241740197088967e-07,-0.035345424073024,-0.01767271031735705
2013-06-13 03:00:00,3.438326949220917e-09,1.4370587035915818e-06,-0.0076331457640814206,-0.0038165711628772355
2013-06-13 04:00:00,2.943620226005957e-09,0.04400693832932695,0.02274674275649976,0.011373372850059993
2013-06-13 05:00:00,1.5338112434043845e-09,2.5904654925265543e-07,-0.02596159782495541,-0.012980798145572082
2013-06-13 06:00:00,6.531817800558945e-10,4.598766912373899e-08,-0.11794000693723235,-0.05897000314202528
2013-06-13 07:00:00,5.620882566511019e-10,3.5020495562447765e-08,-0.12455950118371453,-0.06227975031081314
2013-06-13 08:00:00,4.891782549878121e-10,2.9099367742948873e-08,-0.123133233632332,-0.061566616571576874
2013-06-13 09:00:00,4.701619663951399e-10,2.784146144110565e-08,-0.11891331795748016,-0.059456658743659095
2013-06-13 10:00:00,4.902721908658193e-10,2.764645637483551e-08,-0.12086057916675823,-0.06043028933824302
2013-06-13 11:00:00,5.113092434315784e-10,2.7922645977318864e-08,-0.11863937396583245,-0.0593196867272616
2013-06-13 12:00:00,4.80142591901892e-10,2.7651157398824965e-08,-0.12091202843140622,-0.060456013975631814
2013-06-13 13:00:00,5.008488056667724e-10,2.9155709938334542e-08,-0.12205925366264501,-0.061029626580898104
2013-06-13 14:00:00,5.229644150497172e-10,2.9221593004059208e-08,-0.12141950542284714,-0.06070975244994136
2013-06-13 15:00:00,4.930488807659504e-10,2.8722800119923637e-08,-0.12288322898034897,-0.06144161424365004
2013-06-13 16:00:00,6.796695451112177e-10,5.259961934781632e-08,-0.12228162324242914,-0.0611408112813798
2013-06-13 17:00:00,1.4815819991378462e-09,2.501781288299951e-07,-0.030622514741033904,-0.015311256629725952
2013-06-13 18:00:00,2.9649707374822247e-09,1.0063907507248534e-05,0.012204921822473678,0.006102462393722208
2013-06-13 19:00:00,3.5465549451166866e-09,4.030817296873351e-06,0.020667398416834643,0.010333700981694794
2013-06-13 20:00:00,2.8392160167926573e-09,3.394035071433958e-07,0.040119273432568284,0.02005963813589215
2013-06-13 21:00:00,2.8492828965764343e-09,3.0143273330227327e-07,0.00801102258613104,0.004005512717706969
2013-06-13 22:00:00,2.7898557219138772e-09,1.6027642797383265e-07,-0.010756319891473718,-0.005378158550808998
2013-06-13 23:00:00,2.76886791654495e-09,1.488470351060887e-07,-0.03674419983756738,-0.01837209853434973
2013-06-14 00:00:00,2.7714130372031948e-09,1.4326846548620716e-07,-0.0361770569776456,-0.018088527103116283
2013-06-14 01:00:00,2.7643353371852768e-09,1.399995549693307e-07,-0.038204108155716475,-0.01910205269569057
2013-06-14 02:00:00,2.7552472599186544e-09,1.4233805967145005e-07,-0.035345424073024,-0.01767271065888837
2013-06-14 03:00:00,2.74911282606802e-09,1.445074824045095e-07,-0.0076331457640814206,-0.003816571507484297
2013-06-14 04:00:00,2.3550212656271338e-09,1.7814737968119413e-07,0.02274674275649976,0.011373372555760512
2013-06-14 05:00:00,1.4418471055142664e-09,1.1241921164654957e-07,-0.02596159782495541,-0.012980798191554151
2013-06-14 06:00:00,5.919774186630214e-10,2.981936341837759e-08,-0.11794000693723235,-0.05897000317262746
2013-06-14 07:00:00,5.588376044600347e-10,3.357213145836123e-08,-0.12455950118371453,-0.062279750312438466
2013-06-14 08:00:00,5.254977572561484e-10,2.999530553293631e-08,-0.123133233632332,-0.06156661655341712
2013-06-14 09:00:00,5.344491105800783e-10,2.9905919075606803e-08,-0.11891331795748016,-0.05945665871151552
2013-06-14 10:00:00,5.127955792092765e-10,2.8931113637149448e-08,-0.12086057916675823,-0.06043028932698132
2013-06-14 11:00:00,5.059779561703733e-10,2.84671859998624e-08,-0.11863937396583245,-0.05931968672992725
2013-06-14 12:00:00,5.136423117201749e-10,2.833552452566326e-08,-0.12091202843140622,-0.060456013958881956
2013-06-14 13:00:00,5.357585264529634e-10,3.0418926287531513e-08,-0.12205925366264501,-0.06102962656344325
2013-06-14 14:00:00,5.265337887802633e-10,2.975767103224868e-08,-0.12141950542284714,-0.06070975244815668
2013-06-14 15:00:00,5.352427974069012e-10,3.811490283417695e-08,-0.12288322898034897,-0.061441614222553086
2013-06-14 16:00:00,1.023988971196417e-09,7.188699683743523e-08,-0.12228162324242914,-0.06114081110922008
2013-06-14 17:00:00,2.0829301032340864e-09,0.18820858498122173,-0.030622514741033904,-0.0153112563290519
2013-06-14 18:00:00,6.032028081992989e-09,0.335617022309892,0.012204921822473678,0.00610246392725088
2013-06-14 19:00:00,1.0253991471283609e-08,0.4891474102865066,0.020667398416834643,0.010333704335413058
2013-06-14 20:00:00,1.0132428994166744e-08,0.4990676627982842,0.040119273432568284,0.02005964178249864
2013-06-14 21:00:00,1.0093233286609593e-08,0.49459972496583343,0.00801102258613104,0.004005516339682164
2013-06-14 22:00:00,8.343423144200728e-09,0.44368082770323997,-0.010756319891473718,-0.005378155774025287
2013-06-14 23:00:00,6.611100819708408e-09,0.4160634799223891,-0.03674419983756738,-0.01837209661323328
2013-06-15 00:00:00,5.355684475568993e-09,0.36579026094615036,-0.0361770569776456,-0.018088525810980565
2013-06-15 01:00:00,3.974691978741052e-09,0.33359587439528404,-0.038204108155716475,-0.01910205209051225
2013-06-15 02:00:00,3.7846593530642735e-09,0.31020405690806857,-0.035345424073024,-0.017672710144182324
2013-06-15 03:00:00,3.6376921294661003e-09,0.13838223827316587,-0.0076331457640814206,-0.0038165710631946456
2013-06-15 04:00:00,3.073371388707097e-09,3.481691830452633e-06,0.02274674275649976,0.011373372914935573
2013-06-15 05:00:00,9.54799941670508e-10,8.369070798291147e-08,-0.02596159782495541,-0.012980798435077734
2013-06-15 06:00:00,5.562845971157285e-10,3.419125568092702e-08,-0.11794000693723235,-0.05897000319047387
2013-06-15 07:00:00,6.522020693157259e-10,3.570830499527226e-08,-0.12455950118371453,-0.06227975026575623
2013-06-15 08:00:00,6.047486356601163e-10,3.108666487204125e-08,-0.123133233632332,-0.06156661651379168
2013-06-15 09:00:00,6.197710215882217e-10,3.1354257246542515e-08,-0.11891331795748016,-0.059456658668854565
2013-06-15 10:00:00,6.375808860455878e-10,3.293081065932465e-08,-0.12086057916675823,-0.06043028926458867
2013-06-15 11:00:00,6.459266236364073e-10,3.376631617402314e-08,-0.11863937396583245,-0.059319686659952915
2013-06-15 12:00:00,6.682373820958399e-10,3.4426775453669694e-08,-0.12091202843140622,-0.06045601388158442
2013-06-15 13:00:00,7.02753735805303e-10,3.4854674248171064e-08,-0.12205925366264501,-0.06102962647994564
2013-06-15 14:00:00,7.329436546531099e-10,3.645121320175959e-08,-0.12141950542284714,-0.060709752344951746
2013-06-15 15:00:00,7.511513027468681e-10,4.0979274387519275e-08,-0.12288322898034897,-0.06144161411459883
2013-06-15 16:00:00,9.095967981639669e-10,4.180255176212278e-08,-0.12228162324242914,-0.06114081116641617
2013-06-15 17:00:00,1.013599215039306e-09,4.944282693931347e-08,-0.030622514741033904,-0.015311256863717345
2013-06-15 18:00:00,2.205039532516537e-09,1.42915948482106e-07,0.012204921822473678,0.006102462013756606
2013-06-15 19:00:00,2.748160593422409e-09,1.8389305312185143e-07,0.020667398416834643,0.010333700582497619
2013-06-15 20:00:00,2.74816070859631e-09,2.026328586219284e-07,0.040119273432568284,0.020059638090364495
2013-06-15 21:00:00,2.7502551985863505e-09,2.1202443823440776e-07,0.00801102258613104,0.00400551266819312
2013-06-15 22:00:00,2.7553906535074225e-09,2.072820680069104e-07,-0.010756319891473718,-0.005378158568041532
2013-06-15 23:00:00,2.7630965630822756e-09,1.9906704718057713e-07,-0.03674419983756738,-0.01837209853723541
2013-06-16 00:00:00,2.7682848752494154e-09,1.828472307884609e-07,-0.0361770569776456,-0.018088527104680365
2013-06-16 01:00:00,2.7680936597776632e-09,1.4565007360577447e-07,-0.038204108155716475,-0.01910205269381141
2013-06-16 02:00:00,2.7626179215258285e-09,1.4028578580625904e-07,-0.035345424073024,-0.01767271065520304
2013-06-16 03:00:00,2.7483836618265618e-09,1.3041760807660188e-07,-0.0076331457640814206,-0.003816571507848879
2013-06-16 04:00:00,2.229367497391475e-09,1.0827486381819231e-07,0.02274674275649976,0.011373372492933628
2013-06-16 05:00:00,9.605517522994536e-10,6.414650995939237e-08,-0.02596159782495541,-0.012980798432201828
2013-06-16 06:00:00,9.26372506952215e-10,4.42192879988949e-08,-0.11794000693723235,-0.05897000300542992
2013-06-16 07:00:00,8.630397202826127e-10,4.2356971144792005e-08,-0.12455950118371453,-0.062279750160337405
2013-06-16 08:00:00,7.566461089197674e-10,3.504130007032163e-08,-0.123133233632332,-0.06156661643784295
2013-06-16 09:00:00,6.869781029212673e-10,3.276322955193627e-08,-0.11891331795748016,-0.05945665863525103
2013-06-16 10:00:00,6.931804851878681e-10,3.263236627596908e-08,-0.12086057916675823,-0.06043028923678887
2013-06-16 11:00:00,7.696778263338242e-10,3.33279475330585e-08,-0.11863937396583245,-0.05931968659807731
2013-06-16 12:00:00,8.367347493411116e-10,3.401930805150426e-08,-0.12091202843140622,-0.060456013797335735
2013-06-16 13:00:00,7.58003090048614e-10,3.34836312014644e-08,-0.12205925366264501,-0.06102962645232096
2013-06-16 14:00:00,7.813302474997324e-10,3.423931728487712e-08,-0.12141950542284714,-0.060709752320758446
2013-06-16 15:00:00,8.077118794520562e-10,3.562452784640593e-08,-0.12288322898034897,-0.06144161408631854
2013-06-16 16:00:00,5.982144965101189e-10,3.246214752356608e-08,-0.12228162324242914,-0.06114081132210732
2013-06-16 17:00:00,1.2112167521610928e-09,2.4913217091095036e-07,-0.030622514741033904,-0.015311256764908576
2013-06-16 18:00:00,4.442598689954694e-09,0.21746524144729398,0.012204921822473678,0.006102463132536184
2013-06-16 19:00:00,7.83639787370807e-09,0.30106939623355816,0.020667398416834643,0.010333703126616259
2013-06-16 20:00:00,9.29470282577117e-09,0.3371339488421761,0.040119273432568284,0.020059641363635555
2013-06-16 21:00:00,1.0948126062985819e-08,0.3667752163609587,0.00801102258613104,0.004005516767128552
2013-06-16 22:00:00,1.4263594652439801e-08,0.4097405509726777,-0.010756319891473718,-0.005378152813939533
2013-06-16 23:00:00,1.6277193461283035e-08,0.427944211581123,-0.03674419983756738,-0.01837209178018696
2013-06-17 00:00:00,8.981410187380059e-08,0.46585897043571556,-0.0361770569776456,-0.018088483581771866
2013-06-17 01:00:00,1.2984872045069917e-07,0.5162914779943664,-0.038204108155716475,-0.019101989153498013
2013-06-17 02:00:00,1.722567779829971e-07,0.5608111169838873,-0.035345424073024,-0.017672625908123008
2013-06-17 03:00:00,0.2679798023761145,0.611865860643414,-0.0076331457640814206,0.13017332830601655
2013-06-17 04:00:00,1.1877797057506635e-07,0.5145896010355568,0.02274674275649976,0.011373430767235166
2013-06-17 05:00:00,4.187202835373731e-09,0.23354855723522283,-0.02596159782495541,-0.012980796818876287
2013-06-17 06:00:00,1.0200351926013927e-09,1.0846958175241422e-06,-0.11794000693723235,-0.058970002958598576
2013-06-17 07:00:00,5.051652493397939e-10,2.9942824447375296e-08,-0.12455950118371453,-0.062279750339274645
2013-06-17 08:00:00,5.846796629962473e-10,3.0349269714627635e-08,-0.123133233632332,-0.06156661652382617
2013-06-17 09:00:00,5.692510209196857e-10,2.8981466632929997e-08,-0.11891331795748016,-0.05945665869411457
2013-06-17 10:00:00,5.801861285062302e-10,3.12604757184597e-08,-0.12086057916675823,-0.060430289293286046
2013-06-17 11:00:00,5.819736057068304e-10,3.2297607617989123e-08,-0.11863937396583245,-0.05931968669192942
2013-06-17 12:00:00,5.876549307171291e-10,3.056349729512184e-08,-0.12091202843140622,-0.06045601392187565
2013-06-17 13:00:00,5.835050079139335e-10,2.8627566242073305e-08,-0.12205925366264501,-0.06102962653957
2013-06-17 14:00:00,4.937525004017508e-10,2.8564525360656632e-08,-0.12141950542284714,-0.06070975246454732
2013-06-17 15:00:00,4.480659024505714e-10,3.7455810977565926e-08,-0.12288322898034897,-0.06144161426614153
2013-06-17 16:00:00,1.1262392071376174e-09,0.08590324069764262,-0.12228162324242914,-0.06114081105809496
2013-06-17 17:00:00,2.997935241055233e-09,0.18171153324228537,-0.030622514741033904,-0.015311255871549332
2013-06-17 18:00:00,8.644766643758145e-09,0.3005144370040757,0.012204921822473678,0.006102465233620161
2013-06-17 19:00:00,1.7481930221277236e-07,0.3738930028856687,0.020667398416834643,0.010333786618068427
2013-06-17 20:00:00,1.718739756287951e-07,0.35967998075273583,0.040119273432568284,0.020059722653271956
2013-06-17 21:00:00,1.759409898309173e-07,0.3717418094869613,0.00801102258613104,0.004005599263560436
2013-06-17 22:00:00,1.6338071993015787e-08,0.3425988059685692,-0.010756319891473718,-0.005378151776700863
2013-06-17 23:00:00,1.0684530046975966e-08,0.30864004249741267,-0.03674419983756738,-0.018372094576518668
2013-06-18 00:00:00,9.433695005791486e-09,0.3121151816470858,-0.0361770569776456,-0.0180885237719753
2013-06-18 01:00:00,1.028294496083402e-08,0.34696160248568386,-0.038204108155716475,-0.019102048936385757
2013-06-18 02:00:00,1.0662641064725381e-08,0.3737135875561232,-0.035345424073024,-0.017672706705191468
2013-06-18 03:00:00,8.991061665291964e-09,0.3600038953314119,-0.0076331457640814206,-0.0038165683865098777
2013-06-18 04:00:00,6.091178043137818e-09,0.29442444491309055,0.02274674275649976,0.011373374423838902
2013-06-18 05:00:00,3.2138316810758186e-09,0.18903970953909852,-0.02596159782495541,-0.012980797305561865
2013-06-18 06:00:00,9.728306450730873e-10,0.1040064557511807,-0.11794000693723235,-0.05897000298220085
2013-06-18 07:00:00,3.9332858231913574e-10,2.5868823821961865e-08,-0.12455950118371453,-0.06227975039519298
2013-06-18 08:00:00,4.68760498477314e-10,2.6928486126150418e-08,-0.123133233632332,-0.06156661658178575
2013-06-18 09:00:00,5.264706869402895e-10,2.6409218636213125e-08,-0.11891331795748016,-0.059456658715504734
2013-06-18 10:00:00,5.607832091357756e-10,2.6896966712152997e-08,-0.12086057916675823,-0.06043028930298751
2013-06-18 11:00:00,5.657756382563821e-10,2.7062593634003752e-08,-0.11863937396583245,-0.05931968670002841
2013-06-18 12:00:00,5.764516789066952e-10,2.6987272998455968e-08,-0.12091202843140622,-0.06045601392747727
2013-06-18 13:00:00,5.792027434019802e-10,2.733463358355199e-08,-0.12205925366264501,-0.06102962654172114
2013-06-18 14:00:00,4.2053678598841836e-10,2.4104136687586283e-08,-0.12141950542284714,-0.06070975250115518
2013-06-18 15:00:00,3.7084976603156257e-10,2.4193800238280368e-08,-0.12288322898034897,-0.0614416143047496
2013-06-18 16:00:00,8.540100913391907e-10,0.0925299394697785,-0.12228162324242914,-0.06114081119420953
2013-06-18 17:00:00,2.5994149741712496e-09,0.15790597047670274,-0.030622514741033904,-0.015311256070809465
2013-06-18 18:00:00,5.938519497886508e-09,0.26322609104407724,0.012204921822473678,0.006102463880496588
2013-06-18 19:00:00,8.81835855973242e-09,0.2972049875426583,0.020667398416834643,0.010333703617596602
2013-06-18 20:00:00,8.729147821232147e-09,0.26115102811488905,0.040119273432568284,0.020059641080858052
2013-06-18 21:00:00,9.462396654512891e-09,0.25400947194593876,0.00801102258613104,0.004005516024263848
2013-06-18 22:00:00,9.197454906491024e-09,0.233851063846347,-0.010756319891473718,-0.0053781553470094055
2013-06-18 23:00:00,8.617089791626706e-09,0.23764260768652876,-0.03674419983756738,-0.018372095610238795
2013-06-19 00:00:00,8.875341025964906e-09,0.24584340814903013,-0.0361770569776456,-0.01808852405115229
2013-06-19 01:00:00,1.171545231183034e-08,0.2801810323025101,-0.038204108155716475,-0.019102048220132083
2013-06-19 02:00:00,2.2645558699131493e-07,0.33851608324600907,-0.035345424073024,-0.017672598808718503
2013-06-19 03:00:00,2.354402404039839e-07,0.3374986560898706,-0.0076331457640814206,-0.003816455161920508
2013-06-19 04:00:00,1.254986947516096e-08,0.2786209205711263,0.02274674275649976,0.011373377653184616
2013-06-19 05:00:00,4.638850948548445e-09,0.18516479886228143,-0.02596159782495541,-0.01298079659305223
2013-06-19 06:00:00,1.1496483156938357e-09,0.10312102944847855,-0.11794000693723235,-0.05897000289379201
2013-06-19 07:00:00,4.684024618405884e-10,2.7762095074928645e-08,-0.12455950118371453,-0.06227975035765604
2013-06-19 08:00:00,4.851464004922067e-10,2.829036046891394e-08,-0.123133233632332,-0.0615666165735928
2013-06-19 09:00:00,5.243484296580506e-10,2.736128837893724e-08,-0.11891331795748016,-0.059456658716565865
2013-06-19 10:00:00,5.514659768038079e-10,2.7506047737341188e-08,-0.12086057916675823,-0.06043028930764613
2013-06-19 11:00:00,5.577472092707046e-10,2.7894660987488536e-08,-0.11863937396583245,-0.05931968670404262
2013-06-19 12:00:00,5.689988511757669e-10,2.8102443844721627e-08,-0.12091202843140622,-0.060456013931203686
2013-06-19 13:00:00,5.280249586499519e-10,2.7277905097426786e-08,-0.12205925366264501,-0.06102962656731003
2013-06-19 14:00:00,4.64287878138061e-10,2.5682364189088566e-08,-0.12141950542284714,-0.060709752479279636
2013-06-19 15:00:00,4.496289650315022e-10,3.7371442883008415e-08,-0.12288322898034897,-0.06144161426536
2013-06-19 16:00:00,1.1833906026142807e-09,0.11418197263034734,-0.12228162324242914,-0.061140811029519265
2013-06-19 17:00:00,3.854427619647326e-09,0.18904253672293653,-0.030622514741033904,-0.015311255443303142
2013-06-19 18:00:00,1.30548510984644e-08,0.29503666486811053,0.012204921822473678,0.006102467438662388
2013-06-19 19:00:00,2.3800020236019396e-06,0.34932082307564544,0.020667398416834643,0.010334889209429123
2013-06-19 20:00:00,2.1533206603796776e-06,0.3222546833087504,0.040119273432568284,0.02006071337661433
2013-06-19 21:00:00,1.818886500514546e-06,0.29613402329286287,0.00801102258613104,0.004006420736315778
2013-06-19 22:00:00,3.198052956063426e-06,0.45354502363931704,-0.010756319891473718,-0.005376560919258827
2013-06-19 23:00:00,2.1160060239588025e-08,0.40562100660476175,-0.03674419983756738,-0.01837208933875357
2013-06-20 00:00:00,2.402665176739667e-07,0.39991880055791623,-0.0361770569776456,-0.018088408355563964
2013-06-20 01:00:00,1.883743471851678e-08,0.4096751366143126,-0.038204108155716475,-0.01910204465914088
2013-06-20 02:00:00,9.617074816283581e-09,0.3544028367600695,-0.035345424073024,-0.01767270722797459
2013-06-20 03:00:00,8.634416988738097e-09,0.3443373586046239,-0.0076331457640814206,-0.003816568564832216
2013-06-20 04:00:00,6.975924066130216e-09,0.3073910952130062,0.02274674275649976,0.011373374866211913
2013-06-20 05:00:00,3.2978214819664268e-09,0.19658491645213616,-0.02596159782495541,-0.012980797263566964
2013-06-20 06:00:00,1.0752374905646729e-09,0.11407779355551595,-0.11794000693723235,-0.058970002930997426
2013-06-20 07:00:00,4.2769696540481894e-10,4.0332416082939514e-08,-0.12455950118371453,-0.062279750378008786
2013-06-20 08:00:00,4.481115865246429e-10,2.6957583467496954e-08,-0.123133233632332,-0.061566616592110206
2013-06-20 09:00:00,4.861716282586184e-10,2.688210420704255e-08,-0.11891331795748016,-0.05945665873565426
2013-06-20 10:00:00,5.45530351261096e-10,2.7516339694818247e-08,-0.12086057916675823,-0.060430289310613935
2013-06-20 11:00:00,5.603959237699381e-10,2.777498741566966e-08,-0.11863937396583245,-0.05931968670271826
2013-06-20 12:00:00,5.64142490954662e-10,2.8869202255001946e-08,-0.12091202843140622,-0.06045601393363186
2013-06-20 13:00:00,4.537665184586011e-10,2.662038192040831e-08,-0.12205925366264501,-0.061029626604439245
2013-06-20 14:00:00,4.044232536419617e-10,3.4389807001687535e-08,-0.12141950542284714,-0.06070975250921194
2013-06-20 15:00:00,9.890758195833215e-10,0.1029127472566655,-0.12288322898034897,-0.06144161399563657
2013-06-20 16:00:00,2.2380239816649103e-09,0.15826797902004922,-0.12228162324242914,-0.061140810502202575
2013-06-20 17:00:00,4.125018237414616e-09,0.2357177227539296,-0.030622514741033904,-0.015311255308007834
2013-06-20 18:00:00,5.8375985327435435e-09,0.29516609189053755,0.012204921822473678,0.006102463830036106
2013-06-20 19:00:00,6.722593287149767e-09,0.30986427935980454,0.020667398416834643,0.010333702569713965
2013-06-20 20:00:00,6.543397429196483e-09,0.268940904666821,0.040119273432568284,0.020059639987982856
2013-06-20 21:00:00,6.9134711873323585e-09,0.25209970365153656,0.00801102258613104,0.004005514749801114
2013-06-20 22:00:00,1.9529249785822398e-07,0.35657197236999133,-0.010756319891473718,-0.0053780622994879295
2013-06-20 23:00:00,2.1388500681927283e-07,0.34737785738322285,-0.03674419983756738,-0.018371992976280282
2013-06-21 00:00:00,1.3710995091958073e-07,0.32951168624076643,-0.0361770569776456,-0.01808845993384734
2013-06-21 01:00:00,9.881730725406984e-08,0.3265908403917676,-0.038204108155716475,-0.01910200466920461
2013-06-21 02:00:00,1.6063879769384039e-07,0.3521030560405514,-0.035345424073024,-0.01767263171711315
2013-06-21 03:00:00,1.6103422314721128e-07,0.360623934446865,-0.0076331457640814206,-0.0038164923649291367
2013-06-21 04:00:00,1.394597394889626e-08,0.2970746493042418,0.02274674275649976,0.011373378351236854
2013-06-21 05:00:00,6.019617250899026e-09,0.19491579864833378,-0.02596159782495541,-0.012980795902669078
2013-06-21 06:00:00,1.644541084914575e-09,0.1159364364237745,-0.11794000693723235,-0.05897000264634563
2013-06-21 07:00:00,5.887294115959968e-10,3.306486987440411e-08,-0.12455950118371453,-0.06227975029749256
2013-06-21 08:00:00,5.141037426537569e-10,2.9644103116234977e-08,-0.123133233632332,-0.06156661655911413
2013-06-21 09:00:00,5.011203973841455e-10,2.9742107529825134e-08,-0.11891331795748016,-0.05945665872817988
2013-06-21 10:00:00,5.062901929829586e-10,2.9736698988334573e-08,-0.12086057916675823,-0.06043028933023402
2013-06-21 11:00:00,5.483457183940206e-10,3.0425728413287654e-08,-0.11863937396583245,-0.059319686708743366
2013-06-21 12:00:00,5.65886155234554e-10,3.069405422950087e-08,-0.12091202843140622,-0.06045601393276003
2013-06-21 13:00:00,5.479279311882472e-10,2.981795414661269e-08,-0.12205925366264501,-0.061029626557358545
2013-06-21 14:00:00,5.735587907364747e-10,2.8633411012007176e-08,-0.12141950542284714,-0.06070975242464418
2013-06-21 15:00:00,5.960974779726707e-10,2.821175331127744e-08,-0.12288322898034897,-0.061441614192125744
2013-06-21 16:00:00,6.66578044819351e-10,3.038205404526043e-08,-0.12228162324242914,-0.06114081128792555
2013-06-21 17:00:00,9.163634692056107e-10,5.4722028653438076e-08,-0.030622514741033904,-0.015311256912335218
2013-06-21 18:00:00,2.663010188925708e-09,7.116582844829249e-07,0.012204921822473678,0.006102462242741934
2013-06-21 19:00:00,3.6109265105175425e-09,0.03175771304416357,0.020667398416834643,0.010333701013880576
2013-06-21 20:00:00,3.5684819076889605e-09,0.01874351824860627,0.040119273432568284,0.020059638500525095
2013-06-21 21:00:00,3.5861989722886165e-09,9.217093095433898e-07,0.00801102258613104,0.004005513086165006
2013-06-21 22:00:00,3.051775754534885e-09,2.6719704813081185e-07,-0.010756319891473718,-0.005378158419848982
2013-06-21 23:00:00,2.9311190747287764e-09,1.4822984118621906e-07,-0.03674419983756738,-0.018372098453224153
2013-06-22 00:00:00,2.8478841153349127e-09,1.3618578069460963e-07,-0.0361770569776456,-0.018088527064880743
2013-06-22 01:00:00,2.8443132935377217e-09,1.3797237186036922e-07,-0.038204108155716475,-0.01910205265570159
2013-06-22 02:00:00,2.948455726484889e-09,1.4385139391187626e-07,-0.035345424073024,-0.017672710562284134
2013-06-22 03:00:00,2.997197532638955e-09,1.4704591056145039e-07,-0.0076331457640814206,-0.003816571383441944
2013-06-22 04:00:00,2.499269674350067e-09,1.3623970587423403e-07,0.02274674275649976,0.011373372627884716
2013-06-22 05:00:00,1.1051457549457517e-09,7.554358854238047e-08,-0.02596159782495541,-0.012980798359904826
2013-06-22 06:00:00,6.435400104250135e-10,3.475928815302406e-08,-0.11794000693723235,-0.05897000314684617
2013-06-22 07:00:00,6.539688154734913e-10,3.4345454261095074e-08,-0.12455950118371453,-0.06227975026487286
2013-06-22 08:00:00,6.183493511542051e-10,3.2545028830218205e-08,-0.123133233632332,-0.06156661650699132
2013-06-22 09:00:00,5.974791588320593e-10,3.1844353481790376e-08,-0.11891331795748016,-0.059456658680000496
2013-06-22 10:00:00,6.113927464851225e-10,3.277813051148335e-08,-0.12086057916675823,-0.06043028927768274
2013-06-22 11:00:00,6.378486040832769e-10,3.3390422423890537e-08,-0.11863937396583245,-0.05931968666399192
2013-06-22 12:00:00,6.684331859967631e-10,3.395846113346399e-08,-0.12091202843140622,-0.06045601388148652
2013-06-22 13:00:00,6.94624153038808e-10,3.4891163989683626e-08,-0.12205925366264501,-0.06102962648401043
2013-06-22 14:00:00,7.013708719424235e-10,3.7655451726638943e-08,-0.12141950542284714,-0.06070975236073813
2013-06-22 15:00:00,7.050663143318055e-10,4.09424706364928e-08,-0.12288322898034897,-0.06144161413764133
2013-06-22 16:00:00,7.91932149204777e-10,3.973860548883707e-08,-0.12228162324242914,-0.0611408112252485
2013-06-22 17:00:00,9.155571384738214e-10,6.608324360297256e-08,-0.030622514741033904,-0.015311256912738384
2013-06-22 18:00:00,1.5915697191858364e-09,1.0494603083520533e-07,0.012204921822473678,0.006102461707021699
2013-06-22 19:00:00,2.0802583171582673e-09,1.2093150340113764e-07,0.020667398416834643,0.01033370024854648
2013-06-22 20:00:00,2.076106766115687e-09,1.1784127629487738e-07,0.040119273432568284,0.020059637754337525
2013-06-22 21:00:00,2.0692635725392897e-09,1.1397062975725722e-07,0.00801102258613104,0.004005512327697307
2013-06-22 22:00:00,2.0627759276087268e-09,9.752163118967298e-08,-0.010756319891473718,-0.005378158914348895
2013-06-22 23:00:00,2.0648284767460585e-09,1.0055617383750339e-07,-0.03674419983756738,-0.018372098886369453
2013-06-23 00:00:00,2.065613011653298e-09,1.0427877438506933e-07,-0.0361770569776456,-0.018088527456016294
2013-06-23 01:00:00,2.0671208599283962e-09,1.0654663574962709e-07,-0.038204108155716475,-0.019102053044297806
2013-06-23 02:00:00,2.0712266224931653e-09,1.1339615758920672e-07,-0.035345424073024,-0.017672711000898688
2013-06-23 03:00:00,2.0721188491283656e-09,1.1647671238595753e-07,-0.0076331457640814206,-0.003816571845981286
2013-06-23 04:00:00,1.7376843016714546e-09,1.0635069791510033e-07,0.02274674275649976,0.01137337224709203
2013-06-23 05:00:00,1.1048410762143347e-09,5.8171172418145736e-08,-0.02596159782495541,-0.012980798360057166
2013-06-23 06:00:00,7.117821226912521e-10,3.782493826347848e-08,-0.11794000693723235,-0.058970003112725114
2013-06-23 07:00:00,8.802236850013494e-10,3.870974658053174e-08,-0.12455950118371453,-0.062279750151745424
2013-06-23 08:00:00,8.002860000218094e-10,3.485152667454912e-08,-0.123133233632332,-0.061566616416023
2013-06-23 09:00:00,7.331828570507148e-10,3.383457706802386e-08,-0.11891331795748016,-0.05945665861214865
2013-06-23 10:00:00,7.478675029310449e-10,3.506719826369478e-08,-0.12086057916675823,-0.06043028920944536
2013-06-23 11:00:00,7.686628864118005e-10,3.342101034091791e-08,-0.11863937396583245,-0.05931968659858478
2013-06-23 12:00:00,7.975869854388102e-10,3.3079800532292066e-08,-0.12091202843140622,-0.06045601381690962
2013-06-23 13:00:00,8.223489337724019e-10,4.0799372996978114e-08,-0.12205925366264501,-0.06102962642014804
2013-06-23 14:00:00,8.439747383934459e-10,4.2094917556472546e-08,-0.12141950542284714,-0.0607097522894362
2013-06-23 15:00:00,8.301928790187539e-10,4.524173290955833e-08,-0.12288322898034897,-0.061441614075078047
2013-06-23 16:00:00,8.638836235693963e-10,4.2137269323856534e-08,-0.12228162324242914,-0.06114081118927276
2013-06-23 17:00:00,9.423294318597664e-10,6.456488438268276e-08,-0.030622514741033904,-0.015311256899352236
2013-06-23 18:00:00,2.7012339819215465e-09,1.870049944765433e-06,0.012204921822473678,0.00610246226185383
2013-06-23 19:00:00,3.687599331895209e-09,0.019278842024108025,0.020667398416834643,0.010333701052216988
2013-06-23 20:00:00,3.809309205378085e-09,0.02106303360206605,0.040119273432568284,0.020059638620938746
2013-06-23 21:00:00,3.8702132081647146e-09,0.020404023794542647,0.00801102258613104,0.004005513228172125
2013-06-23 22:00:00,3.7768678332932e-09,3.8015999534756373e-06,-0.010756319891473718,-0.005378158057302942
2013-06-23 23:00:00,3.9308033639909535e-09,3.934058280349176e-06,-0.03674419983756738,-0.01837209795338201
2013-06-24 00:00:00,4.189391290067321e-09,1.8088493838711143e-06,-0.0361770569776456,-0.018088526394127155
2013-06-24 01:00:00,4.227009717271434e-09,1.7971718851605944e-06,-0.038204108155716475,-0.01910205196435338
2013-06-24 02:00:00,4.2659041787262464e-09,2.9706507828984256e-06,-0.035345424073024,-0.01767270990355991
2013-06-24 03:00:00,4.019300659257672e-09,0.018553113969613615,-0.0076331457640814206,-0.0038165708723903805
2013-06-24 04:00:00,3.1616018008160113e-09,0.0199264016558399,0.02274674275649976,0.01137337295905078
2013-06-24 05:00:00,1.9236260746697265e-09,0.011741200610088138,-0.02596159782495541,-0.012980797950664667
2013-06-24 06:00:00,9.454079707387612e-10,1.8251510170932285e-07,-0.11794000693723235,-0.05897000299591219
2013-06-24 07:00:00,5.143756434318494e-10,4.285216824311211e-08,-0.12455950118371453,-0.06227975033466945
2013-06-24 08:00:00,4.4629980390668153e-10,3.86967188004341e-08,-0.123133233632332,-0.0615666165930161
2013-06-24 09:00:00,4.3282483370387296e-10,3.808361263305555e-08,-0.11891331795748016,-0.05945665876232766
2013-06-24 10:00:00,4.696550057494267e-10,4.228164943152024e-08,-0.12086057916675823,-0.06043028934855161
2013-06-24 11:00:00,4.3716869163418356e-10,3.95068765646556e-08,-0.11863937396583245,-0.05931968676433188
2013-06-24 12:00:00,4.31384468324721e-10,3.877159746921301e-08,-0.12091202843140622,-0.060456014000010876
2013-06-24 13:00:00,4.785342350904771e-10,4.2724464474116457e-08,-0.12205925366264501,-0.06102962659205539
2013-06-24 14:00:00,5.158424200922939e-10,4.601868513121112e-08,-0.12141950542284714,-0.06070975245350236
2013-06-24 15:00:00,8.424226715267771e-10,8.628242471304068e-08,-0.12288322898034897,-0.061441614068963146
2013-06-24 16:00:00,1.3886310077673596e-09,0.13431596522566544,-0.12228162324242914,-0.06114081092689907
2013-06-24 17:00:00,2.8001133889116154e-09,0.1785342042778035,-0.030622514741033904,-0.015311255970460258
2013-06-24 18:00:00,4.114898118079446e-09,0.23977722191982584,0.012204921822473678,0.006102462968685898
2013-06-24 19:00:00,5.075996407815961e-09,0.2747882566598389,0.020667398416834643,0.010333701746415526
2013-06-24 20:00:00,5.1886960567980996e-09,0.2756644216349007,0.040119273432568284,0.02005963931063217
2013-06-24 21:00:00,5.1558714285291495e-09,0.26997861299918735,0.00801102258613104,0.004005513871001234
2013-06-24 22:00:00,5.2757159789843996e-09,0.26407839395815375,-0.010756319891473718,-0.00537815730787887
2013-06-24 23:00:00,5.40921681475911e-09,0.26764115860656335,-0.03674419983756738,-0.018372097214175282
2013-06-25 00:00:00,5.460818719690316e-09,0.2647395742501622,-0.0361770569776456,-0.01808852575841344
2013-06-25 01:00:00,5.711621170740071e-09,0.26489311794723575,-0.038204108155716475,-0.019102051222047653
2013-06-25 02:00:00,5.832934919574431e-09,0.26019467691583864,-0.035345424073024,-0.01767270912004454
2013-06-25 03:00:00,5.369472810431774e-09,0.24708195648480158,-0.0076331457640814206,-0.003816570197304305
2013-06-25 04:00:00,5.161165659262059e-09,0.23529148212853865,0.02274674275649976,0.011373373958832709
2013-06-25 05:00:00,3.3302527258668052e-09,0.1764024453548734,-0.02596159782495541,-0.012980797247351341
2013-06-25 06:00:00,2.279291953245517e-09,0.13394092088976875,-0.11794000693723235,-0.0589700023289702
2013-06-25 07:00:00,1.2457752239725645e-09,0.06201286558816221,-0.12455950118371453,-0.06227974996896966
2013-06-25 08:00:00,6.340098793934313e-10,5.090064786120789e-08,-0.123133233632332,-0.06156661649916106
2013-06-25 09:00:00,5.664301945974106e-10,4.548988013765604e-08,-0.11891331795748016,-0.05945665869552498
2013-06-25 10:00:00,5.515565139470997e-10,4.425361023043243e-08,-0.12086057916675823,-0.06043028930760086
2013-06-25 11:00:00,5.639978756749294e-10,4.361175226220009e-08,-0.11863937396583245,-0.059319686700917286
2013-06-25 12:00:00,6.088463075572881e-10,4.522754844543227e-08,-0.12091202843140622,-0.06045601391127996
2013-06-25 13:00:00,6.858065927735805e-10,4.852331097841025e-08,-0.12205925366264501,-0.06102962648841921
2013-06-25 14:00:00,7.271403812011198e-10,5.080100424385328e-08,-0.12141950542284714,-0.060709752347853384
2013-06-25 15:00:00,1.0690117574739676e-09,1.316452874145371e-07,-0.12288322898034897,-0.061441613955668606
2013-06-25 16:00:00,1.6346951560414313e-09,0.11729418173131106,-0.12228162324242914,-0.06114081080386699
2013-06-25 17:00:00,2.133343344004308e-09,0.13856897996365033,-0.030622514741033904,-0.01531125630384528
2013-06-25 18:00:00,2.9058606436597098e-09,0.1625936518106037,0.012204921822473678,0.006102462364167161
2013-06-25 19:00:00,4.151847488957241e-09,0.17362028145582148,0.020667398416834643,0.010333701284341065
2013-06-25 20:00:00,4.174059502878098e-09,0.17451864347830717,0.040119273432568284,0.020059638803313892
2013-06-25 21:00:00,3.4875078699189776e-09,0.1714886401091753,0.00801102258613104,0.004005513036819455
2013-06-25 22:00:00,3.495047574556129e-09,0.16598319085222654,-0.010756319891473718,-0.005378158198213072
2013-06-25 23:00:00,3.4925782610667566e-09,0.1650164475573488,-0.03674419983756738,-0.01837209817249456
2013-06-26 00:00:00,3.486584682412479e-09,0.16623226934537927,-0.0361770569776456,-0.01808852674553046
2013-06-26 01:00:00,3.4872416655210145e-09,0.16577888407133926,-0.038204108155716475,-0.019102052334237406
2013-06-26 02:00:00,3.4945944288922605e-09,0.16526685566867158,-0.035345424073024,-0.017672710289214785
2013-06-26 03:00:00,3.5059640782342367e-09,0.1645930968378694,-0.0076331457640814206,-0.0038165711290586712
2013-06-26 04:00:00,3.0380429824423484e-09,0.1546241118023695,0.02274674275649976,0.011373372897271371
2013-06-26 05:00:00,2.0247933409558783e-09,0.12744612721937076,-0.02596159782495541,-0.012980797900081035
2013-06-26 06:00:00,1.2394291440123986e-09,4.4316029171093567e-07,-0.11794000693723235,-0.0589700028489016
2013-06-26 07:00:00,5.588723736737294e-10,2.701782280553768e-08,-0.12455950118371453,-0.06227975031242108
2013-06-26 08:00:00,6.44089691016396e-10,2.8378274748545133e-08,-0.123133233632332,-0.06156661649412116
2013-06-26 09:00:00,5.83341464367966e-10,2.6800066808923274e-08,-0.11891331795748016,-0.05945665868706935
2013-06-26 10:00:00,5.486753133381062e-10,2.653910455096029e-08,-0.12086057916675823,-0.06043028930904146
2013-06-26 11:00:00,5.050869011534322e-10,2.599616103292422e-08,-0.11863937396583245,-0.05931968673037277
2013-06-26 12:00:00,5.077133108468496e-10,2.6832570388074522e-08,-0.12091202843140622,-0.06045601396184645
2013-06-26 13:00:00,5.533285046445085e-10,2.670484086097231e-08,-0.12205925366264501,-0.06102962655465825
2013-06-26 14:00:00,5.965520233217989e-10,2.7173530769859036e-08,-0.12141950542284714,-0.06070975241314756
2013-06-26 15:00:00,5.580107055246673e-10,2.764773646347307e-08,-0.12288322898034897,-0.06144161421116913
2013-06-26 16:00:00,6.907699650906481e-10,4.0831446985199135e-08,-0.12228162324242914,-0.061140811275829585
2013-06-26 17:00:00,1.705238536540674e-09,0.11577703462136126,-0.030622514741033904,-0.015311256517897684
2013-06-26 18:00:00,3.216654319521191e-09,0.15619511404724165,0.012204921822473678,0.006102462519563999
2013-06-26 19:00:00,4.13286799186785e-09,0.18532024331024288,0.020667398416834643,0.010333701274851318
2013-06-26 20:00:00,4.150149733598084e-09,0.19424675693817872,0.040119273432568284,0.020059638791359007
2013-06-26 21:00:00,4.191978467271012e-09,0.20137834769498741,0.00801102258613104,0.004005513389054754
2013-06-26 22:00:00,4.326056814203641e-09,0.2033466769215226,-0.010756319891473718,-0.005378157782708452
2013-06-26 23:00:00,4.329794225923242e-09,0.20981100962208304,-0.03674419983756738,-0.01837209775388658
2013-06-27 00:00:00,4.343028016605915e-09,0.21493998541071613,-0.0361770569776456,-0.018088526317308794
2013-06-27 01:00:00,4.2970222804386625e-09,0.21812777163273667,-0.038204108155716475,-0.019102051929347098
2013-06-27 02:00:00,4.1439661667705655e-09,0.21887847951687395,-0.035345424073024,-0.017672709964528913
2013-06-27 03:00:00,4.123380585570513e-09,0.22099590883476813,-0.0076331457640814206,-0.0038165708203504174
2013-06-27 04:00:00,3.447251117144924e-09,0.20290203344294908,0.02274674275649976,0.011373373101875438
2013-06-27 05:00:00,2.2763516332359735e-09,0.15619426644689613,-0.02596159782495541,-0.012980797774301887
2013-06-27 06:00:00,1.1588814415600676e-09,0.1072601927979772,-0.11794000693723235,-0.058970002889175456
2013-06-27 07:00:00,4.92132263943616e-10,4.110727122539356e-08,-0.12455950118371453,-0.062279750345791134
2013-06-27 08:00:00,4.166483043972137e-10,2.6018825150966616e-08,-0.123133233632332,-0.06156661660784185
2013-06-27 09:00:00,4.0035774596286696e-10,2.5013203315402878e-08,-0.11891331795748016,-0.059456658778561204
2013-06-27 10:00:00,4.111012008208385e-10,2.6211039814585492e-08,-0.12086057916675823,-0.06043028937782852
2013-06-27 11:00:00,3.994740269298065e-10,2.542949361203129e-08,-0.11863937396583245,-0.05931968678317921
2013-06-27 12:00:00,4.0783222478197376e-10,2.559383761698394e-08,-0.12091202843140622,-0.060456014011787
2013-06-27 13:00:00,4.465861361883841e-10,3.806831448689033e-08,-0.12205925366264501,-0.061029626608029436
2013-06-27 14:00:00,4.880803418638362e-10,4.256765930488974e-08,-0.12141950542284714,-0.0607097524673834
2013-06-27 15:00:00,7.490687447214929e-10,7.489993025869265e-08,-0.12288322898034897,-0.06144161411564011
2013-06-27 16:00:00,1.1884789592254342e-09,0.11765141879593505,-0.12228162324242914,-0.06114081102697509
2013-06-27 17:00:00,2.42486086915628e-09,0.16304902903798596,-0.030622514741033904,-0.015311256158086518
2013-06-27 18:00:00,3.7905726399621675e-09,0.23608331862036613,0.012204921822473678,0.006102462806523159
2013-06-27 19:00:00,4.855385498915379e-09,0.2845238805805916,0.020667398416834643,0.010333701636110072
2013-06-27 20:00:00,4.861666823262113e-09,0.28273392711307377,0.040119273432568284,0.020059639147117555
2013-06-27 21:00:00,4.869573452475174e-09,0.2776012069394592,0.00801102258613104,0.004005513727852247
2013-06-27 22:00:00,4.1908140411321825e-09,0.25812593034250264,-0.010756319891473718,-0.005378157850329838
2013-06-27 23:00:00,4.247476541976382e-09,0.26148528902370427,-0.03674419983756738,-0.01837209779504542
2013-06-28 00:00:00,4.302088649699133e-09,0.2627928981870576,-0.0361770569776456,-0.018088526337778476
2013-06-28 01:00:00,4.359289473567256e-09,0.26379910311237975,-0.038204108155716475,-0.019102051898213502
2013-06-28 02:00:00,4.466991085616753e-09,0.26686218821856744,-0.035345424073024,-0.017672709803016457
2013-06-28 03:00:00,4.675286154609841e-09,0.2673056600714649,-0.0076331457640814206,-0.003816570544397633
2013-06-28 04:00:00,4.720654972264533e-09,0.2401803484756024,0.02274674275649976,0.011373373738577365
2013-06-28 05:00:00,2.9651165173626856e-09,0.17519839566187312,-0.02596159782495541,-0.012980797429919446
2013-06-28 06:00:00,1.2063761686344491e-09,0.11275115655757538,-0.11794000693723235,-0.05897000286542809
2013-06-28 07:00:00,4.831198366304764e-10,4.028673712860513e-08,-0.12455950118371453,-0.06227975035029735
2013-06-28 08:00:00,4.0965152763396966e-10,2.4851974481730598e-08,-0.123133233632332,-0.06156661661134024
2013-06-28 09:00:00,4.273561853966946e-10,2.515614571028465e-08,-0.11891331795748016,-0.05945665876506198
2013-06-28 10:00:00,4.1516768861941537e-10,2.546888477239853e-08,-0.12086057916675823,-0.06043028937579527
2013-06-28 11:00:00,4.3025247144462966e-10,2.6305119298970004e-08,-0.11863937396583245,-0.05931968676778999
2013-06-28 12:00:00,4.724530062723307e-10,3.0950000616973646e-08,-0.12091202843140622,-0.06045601397947661
2013-06-28 13:00:00,5.164582059697545e-10,4.196863181266194e-08,-0.12205925366264501,-0.0610296265730934
2013-06-28 14:00:00,5.334546185322027e-10,4.34509201832803e-08,-0.12141950542284714,-0.060709752444696265
2013-06-28 15:00:00,6.37084247452604e-10,5.3589931571887205e-08,-0.12288322898034897,-0.06144161417163236
2013-06-28 16:00:00,1.386828393194496e-09,6.179408156335378e-07,-0.12228162324242914,-0.061140810927800375
2013-06-28 17:00:00,2.1174014895737385e-09,0.17575976435939827,-0.030622514741033904,-0.015311256311816207
2013-06-28 18:00:00,4.763997627653044e-09,0.26031968870078526,0.012204921822473678,0.006102463293235653
2013-06-28 19:00:00,9.34806338009407e-09,0.34597628527877367,0.020667398416834643,0.010333703882449011
2013-06-28 20:00:00,1.3304419459395136e-08,0.37434821286986003,0.040119273432568284,0.020059643368493873
2013-06-28 21:00:00,3.9792929820496204e-08,0.36097227753617817,0.00801102258613104,0.004005531189530431
2013-06-28 22:00:00,2.812967972384306e-08,0.29503075315951494,-0.010756319891473718,-0.005378145880896997
2013-06-28 23:00:00,2.733786491350964e-08,0.2908720495477498,-0.03674419983756738,-0.018372086249851233
2013-06-29 00:00:00,2.3032201440313248e-08,0.281991270476822,-0.0361770569776456,-0.018088516972722082
2013-06-29 01:00:00,2.2588923878928052e-08,0.2765774182546384,-0.038204108155716475,-0.0191020427833963
2013-06-29 02:00:00,7.36340388035833e-09,0.2682916555954981,-0.035345424073024,-0.01767270835481006
2013-06-29 03:00:00,5.2044841510685795e-09,0.24693558880384125,-0.0076331457640814206,-0.003816570279798635
2013-06-29 04:00:00,4.160552526701053e-09,0.2316907168817452,0.02274674275649976,0.011373373458526143
2013-06-29 05:00:00,2.5818915786114488e-09,0.0974105449922697,-0.02596159782495541,-0.012980797621531915
2013-06-29 06:00:00,1.385506307055743e-09,8.202584695637019e-08,-0.11794000693723235,-0.05897000277586302
2013-06-29 07:00:00,7.393990498632495e-10,4.2485448800738894e-08,-0.12455950118371453,-0.06227975022215774
2013-06-29 08:00:00,5.969361928749025e-10,3.2748267100768623e-08,-0.123133233632332,-0.0615666165176979
2013-06-29 09:00:00,6.549671328650673e-10,3.252244864448189e-08,-0.11891331795748016,-0.05945665865125651
2013-06-29 10:00:00,5.937775062481624e-10,3.270135928487945e-08,-0.12086057916675823,-0.060430289286490364
2013-06-29 11:00:00,6.221144038606009e-10,3.260478531532154e-08,-0.11863937396583245,-0.05931968667185902
2013-06-29 12:00:00,5.752930196651365e-10,3.0439792776281476e-08,-0.12091202843140622,-0.0604560139280566
2013-06-29 13:00:00,5.93410333952331e-10,3.048428384536355e-08,-0.12205925366264501,-0.06102962653461734
2013-06-29 14:00:00,6.107324487140908e-10,3.046018909847558e-08,-0.12141950542284714,-0.060709752406057346
2013-06-29 15:00:00,7.069880286532502e-10,3.3361151392890894e-08,-0.12288322898034897,-0.06144161413668047
2013-06-29 16:00:00,6.719449424655844e-10,3.365764380808162e-08,-0.12228162324242914,-0.0611408112852421
2013-06-29 17:00:00,9.368600072148027e-10,5.646187707456921e-08,-0.030622514741033904,-0.015311256902086949
2013-06-29 18:00:00,2.554840690123991e-09,0.09221887006036583,0.012204921822473678,0.006102462188657184
2013-06-29 19:00:00,3.654445572594532e-09,0.1732129298454517,0.020667398416834643,0.010333701035640108
2013-06-29 20:00:00,4.010301395941883e-09,0.18722048230340246,0.040119273432568284,0.02005963872143484
2013-06-29 21:00:00,4.62148727511144e-09,0.20457460279446246,0.00801102258613104,0.004005513603809158
2013-06-29 22:00:00,4.5262907079151626e-09,0.21227333489132516,-0.010756319891473718,-0.005378157682591505
2013-06-29 23:00:00,4.111156948501188e-09,0.20921273985594105,-0.03674419983756738,-0.018372097863205216
2013-06-30 00:00:00,3.9309001280622795e-09,0.1876778608459228,-0.0361770569776456,-0.018088526523372738
2013-06-30 01:00:00,4.03047791943299e-09,0.17958247998836632,-0.038204108155716475,-0.01910205206261928
2013-06-30 02:00:00,4.286105136866318e-09,0.16041865167939887,-0.035345424073024,-0.01767270989345943
2013-06-30 03:00:00,4.8970735673072375e-09,0.15323826116671346,-0.0076331457640814206,-0.003816570433503927
2013-06-30 04:00:00,4.386640247090532e-09,0.01806692017896399,0.02274674275649976,0.011373373571570002
2013-06-30 05:00:00,1.6102393587877445e-09,8.970840428248376e-08,-0.02596159782495541,-0.012980798107358025
2013-06-30 06:00:00,8.05423472952091e-10,4.082928901886473e-08,-0.11794000693723235,-0.058970003065904435
2013-06-30 07:00:00,8.695424565504111e-10,3.941835718137561e-08,-0.12455950118371453,-0.06227975015708604
2013-06-30 08:00:00,7.808255861161264e-10,3.80551416657131e-08,-0.123133233632332,-0.06156661642575321
2013-06-30 09:00:00,7.203283131978824e-10,3.5177072845186575e-08,-0.11891331795748016,-0.05945665861857592
2013-06-30 10:00:00,7.44953195940306e-10,3.5719716409583497e-08,-0.12086057916675823,-0.060430289210902516
2013-06-30 11:00:00,7.703587759572198e-10,3.6175856348283225e-08,-0.11863937396583245,-0.059319686597736836
2013-06-30 12:00:00,7.967794438348598e-10,3.705723661581735e-08,-0.12091202843140622,-0.060456013817313387
2013-06-30 13:00:00,8.402903979417101e-10,3.794090567327124e-08,-0.12205925366264501,-0.06102962641117731
2013-06-30 14:00:00,8.549454716504885e-10,3.7882059072003283e-08,-0.12141950542284714,-0.060709752283950834
2013-06-30 15:00:00,7.021877077240203e-10,3.5114109705626624e-08,-0.12288322898034897,-0.06144161413908063
2013-06-30 16:00:00,7.174555924708858e-10,3.859688003311243e-08,-0.12228162324242914,-0.06114081126248677
2013-06-30 17:00:00,1.6551679336530305e-09,1.4867947548856374e-07,-0.030622514741033904,-0.015311256542932986
2013-06-30 18:00:00,5.2654895782310465e-09,0.24710083923912624,0.012204921822473678,0.006102463543981629
2013-06-30 19:00:00,7.862025447308662e-09,0.31142301795052685,0.020667398416834643,0.010333703139430045
2013-06-30 20:00:00,7.380167900148158e-09,0.31751690773161323,0.040119273432568284,0.020059640406368092
2013-06-30 21:00:00,7.516693702898496e-09,0.319161502211432,0.00801102258613104,0.004005515051412372
2013-06-30 22:00:00,9.86589332313748e-09,0.3224377013317766,-0.010756319891473718,-0.005378155012790198
2013-06-30 23:00:00,1.0597923223546568e-08,0.3257634477084953,-0.03674419983756738,-0.018372094619822078
2013-07-01 00:00:00,1.1493438116505625e-08,0.3285133682859032,-0.04909809472309039,-0.024549041614826135
2013-07-01 01:00:00,3.1469533849049657e-08,0.3358853055481143,-0.04909809472309039,-0.02454903162677827
2013-07-01 02:00:00,3.321523374645295e-08,0.33779102567288327,-0.04909809472309039,-0.024549030753928322
2013-07-01 03:00:00,1.1627435029071225e-08,0.3335126841613555,-0.017711495836831737,-0.008855742104698354
2013-07-01 04:00:00,7.0825759393851255e-09,0.28469149653379033,0.0508644361988469,0.025432221640711423
2013-07-01 05:00:00,2.9886355281089632e-09,0.18604133464578818,-0.007762574337503469,-0.0038812856744339704
2013-07-01 06:00:00,1.0016198151579462e-09,3.272898271166032e-07,-0.12452106235593058,-0.06226053067715538
2013-07-01 07:00:00,5.248502501202734e-10,2.9648266485393746e-08,-0.1180282487582132,-0.05901412411668148
2013-07-01 08:00:00,4.936470167929899e-10,2.8223367426658316e-08,-0.1203402295940887,-0.060170114550220845
2013-07-01 09:00:00,5.339756017502015e-10,2.8032369005620515e-08,-0.11761067238550563,-0.058805335925765014
2013-07-01 10:00:00,5.128642083250476e-10,2.6719061865858786e-08,-0.11843469036229977,-0.05921734492471778
2013-07-01 11:00:00,5.512460881992748e-10,2.7039728076500752e-08,-0.11924435998373381,-0.05962217971624386
2013-07-01 12:00:00,5.699298181924678e-10,2.7531819373609276e-08,-0.11924435998373381,-0.059622179706902
2013-07-01 13:00:00,4.971861508656475e-10,2.6414724972624703e-08,-0.12086369922660192,-0.060431849364707885
2013-07-01 14:00:00,5.220230263479924e-10,2.8104106527079164e-08,-0.11679059206331967,-0.05839529577064832
2013-07-01 15:00:00,4.968067433582401e-10,2.702718035954925e-08,-0.11902537635010967,-0.05951268792665146
2013-07-01 16:00:00,8.025943419070069e-10,5.406490413403892e-08,-0.11583584348621126,-0.05791792134180846
2013-07-01 17:00:00,2.7295139382570765e-09,0.16840705858880728,-0.0033930168080565388,-0.0016965070392713003
2013-07-01 18:00:00,8.949572488269568e-09,0.33268784391094774,0.032149953354936235,0.01607498115225436
2013-07-01 19:00:00,1.8395808031943366e-08,0.4525837628542064,0.03534314161931963,0.01767158000756383
2013-07-01 20:00:00,0.00010230208349049675,0.48475884406286096,0.06067274835080274,0.03038752521714662
2013-07-01 21:00:00,0.00011211275093861684,0.5013353355501201,-0.00040858432024124463,-0.0001482357846513139
2013-07-01 22:00:00,0.2789367206744306,0.5292408934295831,-0.01574983340644057,0.131593443633995
2013-07-01 23:00:00,0.00019301551930610172,0.5265066218410643,-0.04909809472309039,-0.024452539601892143
2013-07-02 00:00:00,0.0001795124747001021,0.520075025302087,-0.04909809472309039,-0.02445929112419514
2013-07-02 01:00:00,2.1527988654061086e-08,0.5154330536967937,-0.04909809472309039,-0.024549036597550866
2013-07-02 02:00:00,9.377717878791425e-05,0.5026257293819993,-0.04909809472309039,-0.02450215877215124
2013-07-02 03:00:00,0.0001715892777133826,0.49897146966855843,-0.017711495836831737,-0.008769953279559177
2013-07-02 04:00:00,1.6428722001720177e-08,0.43890328898430003,0.0508644361988469,0.025432226313784452
2013-07-02 05:00:00,5.255410132472428e-09,0.2566369004883963,-0.007762574337503469,-0.0038812845410466684
2013-07-02 06:00:00,1.0532427877107847e-09,0.10884486526434815,-0.12452106235593058,-0.0622605306513439
2013-07-02 07:00:00,4.798656868994715e-10,2.900672705449543e-08,-0.1180282487582132,-0.05901412413917376
2013-07-02 08:00:00,5.197176718288531e-10,2.837948102985382e-08,-0.1203402295940887,-0.060170114537185515
2013-07-02 09:00:00,5.451498715987155e-10,2.7470722831030568e-08,-0.11761067238550563,-0.05880533592017788
2013-07-02 10:00:00,5.55010367227353e-10,2.7003875267423017e-08,-0.11843469036229977,-0.0592173449036447
2013-07-02 11:00:00,5.665636556177048e-10,2.6961115744636844e-08,-0.11924435998373381,-0.05962217970858508
2013-07-02 12:00:00,5.348256024933689e-10,2.6450058486698773e-08,-0.11924435998373381,-0.059622179724454105
2013-07-02 13:00:00,4.855697029604774e-10,2.5781346745492827e-08,-0.12086369922660192,-0.06043184937051611
2013-07-02 14:00:00,4.891703830946269e-10,2.6917018817673387e-08,-0.11679059206331967,-0.05839529578707464
2013-07-02 15:00:00,3.894800580503097e-10,2.5379651054767603e-08,-0.11902537635010967,-0.0595126879803148
2013-07-02 16:00:00,9.323996318229845e-10,0.08676119642089372,-0.11583584348621126,-0.057917921276905815
2013-07-02 17:00:00,2.902812226523906e-09,0.18520204182456365,-0.0033930168080565388,-0.001696506952622156
2013-07-02 18:00:00,6.561904198323122e-09,0.36706265518089715,0.032149953354936235,0.016074979958420218
2013-07-02 19:00:00,1.0065734671718902e-08,0.4577632707729697,0.03534314161931963,0.01767157584252715
2013-07-02 20:00:00,7.082022807225989e-09,0.3506347394486838,0.06067274835080274,0.030336377716412774
2013-07-02 21:00:00,6.2433108484707365e-09,0.27775675861125476,-0.00040858432024124463,-0.0002042890384651981
2013-07-02 22:00:00,5.085119839148651e-09,0.23820552597481656,-0.01574983340644057,-0.007874914160660365
2013-07-02 23:00:00,4.167126205190457e-09,0.21251744095749875,-0.04909809472309039,-0.02454904527798209
2013-07-03 00:00:00,4.156964150679265e-09,0.2048956271160764,-0.04909809472309039,-0.02454904528306312
2013-07-03 01:00:00,4.156810102059485e-09,0.2017571295324767,-0.04909809472309039,-0.024549045283140142
2013-07-03 02:00:00,4.164495021329544e-09,0.1969599349817674,-0.04909809472309039,-0.024549045279297684
2013-07-03 03:00:00,4.3317717467050794e-09,0.1968424944145714,-0.017711495836831737,-0.008855745752529995
2013-07-03 04:00:00,3.840570129870569e-09,0.18650303134362234,0.0508644361988469,0.025432220019708518
2013-07-03 05:00:00,2.5457065034385902e-09,0.15084162307038865,-0.007762574337503469,-0.003881285895898483
2013-07-03 06:00:00,1.412709431414892e-09,0.11997082794326606,-0.12452106235593058,-0.06226053047161057
2013-07-03 07:00:00,8.540758934255934e-10,7.441218363226003e-08,-0.1180282487582132,-0.059014123952068655
2013-07-03 08:00:00,5.385396235447583e-10,3.58582275810045e-08,-0.1203402295940887,-0.060170114527774536
2013-07-03 09:00:00,4.897207187726778e-10,3.184293729755001e-08,-0.11761067238550563,-0.05880533594789245
2013-07-03 10:00:00,4.940428233200197e-10,3.303536859541955e-08,-0.11843469036229977,-0.059217344934128474
2013-07-03 11:00:00,4.787037887055397e-10,3.1590921867805854e-08,-0.11924435998373381,-0.05962217975251501
2013-07-03 12:00:00,5.162956049866796e-10,3.354215448473522e-08,-0.11924435998373381,-0.059622179733719104
2013-07-03 13:00:00,6.067597169354358e-10,4.9062145204030566e-08,-0.12086369922660192,-0.060431849309921105
2013-07-03 14:00:00,6.593961739770077e-10,5.41806650923203e-08,-0.11679059206331967,-0.058395295701961746
2013-07-03 15:00:00,1.310674326375352e-09,0.11865316770059693,-0.11902537635010967,-0.059512687519717666
2013-07-03 16:00:00,2.624138818323036e-09,0.1573278985347711,-0.11583584348621126,-0.05791792043103622
2013-07-03 17:00:00,5.807232348459958e-09,0.2350845460443557,-0.0033930168080565388,-0.001696505500412095
2013-07-03 18:00:00,8.906730388115694e-05,0.3896535574710316,0.032149953354936235,0.016119510329408695
2013-07-03 19:00:00,0.27581546257968237,0.4815586945868883,0.03534314161931963,0.155579302099501
2013-07-03 20:00:00,0.27018617046675275,0.49296152832281126,0.06067274835080274,0.16542945940877773
2013-07-03 21:00:00,0.262777083698759,0.4878219661920135,-0.00040858432024124463,0.13118424968925887
2013-07-03 22:00:00,0.2697330238152055,0.4942766956419682,-0.01574983340644057,0.12699159520438244
2013-07-03 23:00:00,0.2510768778326357,0.5481729664965865,-0.04909809472309039,0.10098939155477266
2013-07-04 00:00:00,0.2451527585952614,0.5539287670345335,-0.04909809472309039,0.09802733193608551
2013-07-04 01:00:00,0.0001622762928566383,0.5458704346895392,-0.04909809472309039,-0.024467909215116875
2013-07-04 02:00:00,0.00014214334942426628,0.5285767351540567,-0.04909809472309039,-0.02447797568683306
2013-07-04 03:00:00,0.0001577642362000719,0.5022652621502374,-0.017711495836831737,-0.008776865800315833
2013-07-04 04:00:00,0.00011628529554719834,0.44202571328234436,0.0508644361988469,0.02549036074719705
2013-07-04 05:00:00,6.254726988203532e-09,0.28537698971264897,-0.007762574337503469,-0.0038812840413882405
2013-07-04 06:00:00,2.3508682819661524e-09,0.16115920003738854,-0.12452106235593058,-0.06226053000253115
2013-07-04 07:00:00,1.0667853214144355e-09,1.557624478390835e-06,-0.1180282487582132,-0.05901412384571394
2013-07-04 08:00:00,4.932478296726381e-10,4.289283992070789e-08,-0.1203402295940887,-0.060170114550420435
2013-07-04 09:00:00,4.379812388756652e-10,2.8441002458347822e-08,-0.11761067238550563,-0.058805335973762196
2013-07-04 10:00:00,4.3861509049578257e-10,2.867454502378732e-08,-0.11843469036229977,-0.05921734496184234
2013-07-04 11:00:00,4.1719264234845086e-10,2.6925299919850822e-08,-0.11924435998373381,-0.059622179783270585
2013-07-04 12:00:00,4.205960056370834e-10,2.7014480550494382e-08,-0.11924435998373381,-0.059622179781568904
2013-07-04 13:00:00,4.2942262746570925e-10,2.78957994895371e-08,-0.12086369922660192,-0.06043184939858965
2013-07-04 14:00:00,4.2503743827514937e-10,3.012990253769385e-08,-0.11679059206331967,-0.058395295819141116
2013-07-04 15:00:00,4.795520712803232e-10,4.3280550079311e-08,-0.11902537635010967,-0.0595126879352788
2013-07-04 16:00:00,1.0307662174970454e-09,0.030559021759668833,-0.11583584348621126,-0.05791792122772252
2013-07-04 17:00:00,2.222021295064861e-09,0.1630249676328915,-0.0033930168080565388,-0.0016965072930176218
2013-07-04 18:00:00,4.878146295822051e-09,0.2595734191880924,0.032149953354936235,0.016074979116541266
2013-07-04 19:00:00,6.551731204010792e-09,0.3274774993983388,0.03534314161931963,0.01767157408552542
2013-07-04 20:00:00,6.7871414489198165e-09,0.33562710572359195,0.06067274835080274,0.030336377568972093
2013-07-04 21:00:00,6.859776227239692e-09,0.3379310625551606,-0.00040858432024124463,-0.0002042887302325087
2013-07-04 22:00:00,7.256032587087443e-09,0.34661321284252866,-0.01574983340644057,-0.007874913075203991
2013-07-04 23:00:00,7.83228310292719e-09,0.36142807654167536,-0.04909809472309039,-0.024549043445403644
2013-07-05 00:00:00,9.653656277854786e-09,0.3930507606039871,-0.04909809472309039,-0.024549042534717055
2013-07-05 01:00:00,1.2948758393482308e-08,0.43054190295569345,-0.04909809472309039,-0.024549040887165998
2013-07-05 02:00:00,1.7487640770189048e-08,0.46544793952615154,-0.04909809472309039,-0.024549038617724808
2013-07-05 03:00:00,2.235093285604191e-08,0.48523382510400503,-0.017711495836831737,-0.008855736742949441
2013-07-05 04:00:00,1.6446516309970936e-08,0.4364116057760773,0.0508644361988469,0.025432226322681606
2013-07-05 05:00:00,6.027823311229501e-09,0.2538332990497663,-0.007762574337503469,-0.003881284154840079
2013-07-05 06:00:00,2.1645810539103027e-09,0.147653123821948,-0.12452106235593058,-0.06226053009567476
2013-07-05 07:00:00,9.767806187369358e-10,0.012744706811572777,-0.1180282487582132,-0.059014123890716294
2013-07-05 08:00:00,4.686246281210127e-10,2.999956406347764e-08,-0.1203402295940887,-0.06017011456273204
2013-07-05 09:00:00,4.5255109969881024e-10,2.8438423431823387e-08,-0.11761067238550563,-0.058805335966477267
2013-07-05 10:00:00,4.6228041598763666e-10,2.9066410630538008e-08,-0.11843469036229977,-0.05921734495000967
2013-07-05 11:00:00,4.826459140923257e-10,2.8934064905123807e-08,-0.11924435998373381,-0.05962217975054395
2013-07-05 12:00:00,5.013008114391808e-10,2.912759914129201e-08,-0.11924435998373381,-0.0596221797412165
2013-07-05 13:00:00,5.143078496253378e-10,2.951793116362778e-08,-0.12086369922660192,-0.06043184935614704
2013-07-05 14:00:00,4.812642604215113e-10,2.8427453551897038e-08,-0.11679059206331967,-0.0583952957910277
2013-07-05 15:00:00,4.6052145969167284e-10,3.7771283074235174e-08,-0.11902537635010967,-0.059512687944794106
2013-07-05 16:00:00,8.780927415584043e-10,1.389398272705045e-07,-0.11583584348621126,-0.05791792130405926
2013-07-05 17:00:00,3.4022992533365524e-09,0.17702490886984315,-0.0033930168080565388,-0.0016965067028786426
2013-07-05 18:00:00,1.3150659605378105e-08,0.35002986179600415,0.032149953354936235,0.01607498325279792
2013-07-05 19:00:00,0.00014460287415197162,0.4898704154166502,0.03534314161931963,0.017743872246735803
2013-07-05 20:00:00,0.0001424401444996997,0.4852367106418581,0.06067274835080274,0.03040759424765122
2013-07-05 21:00:00,0.0001552132200834542,0.5010896736701549,-0.00040858432024124463,-0.00012668555007889522
2013-07-05 22:00:00,0.00016975901792754726,0.5143298776913597,-0.01574983340644057,-0.007790037194256512
2013-07-05 23:00:00,0.00018876255882655313,0.531801639807988,-0.04909809472309039,-0.024454666082131916
2013-07-06 00:00:00,1.486053301803037e-05,0.5483163233476286,-0.04909809472309039,-0.02454161709503618
2013-07-06 01:00:00,6.769461339249387e-06,0.5639448610197872,-0.04909809472309039,-0.02454566263087557
2013-07-06 02:00:00,0.26072850073536025,0.592411798319634,-0.04909809472309039,0.10581520300613492
2013-07-06 03:00:00,0.27840890738284013,0.6124654557365741,-0.017711495836831737,0.1303487057730042
2013-07-06 04:00:00,4.608656350647294e-06,0.5324607638606944,0.0508644361988469,0.025434522427598777
2013-07-06 05:00:00,4.908327878924761e-09,0.2641625016886287,-0.007762574337503469,-0.0038812847145877952
2013-07-06 06:00:00,1.076008178290544e-09,4.1606862988264427e-07,-0.12452106235593058,-0.062260530639961204
2013-07-06 07:00:00,5.787832332538281e-10,3.228523671051106e-08,-0.1180282487582132,-0.05901412408971499
2013-07-06 08:00:00,6.003100215862461e-10,2.9877447438897775e-08,-0.1203402295940887,-0.06017011449688934
2013-07-06 09:00:00,6.880024111090365e-10,2.990834763655977e-08,-0.11761067238550563,-0.05880533584875161
2013-07-06 10:00:00,7.61412195025479e-10,3.0518623880312474e-08,-0.11843469036229977,-0.059217344800443786
2013-07-06 11:00:00,8.138606201877927e-10,3.1663655224310276e-08,-0.11924435998373381,-0.059622179584936597
2013-07-06 12:00:00,8.459344211114385e-10,3.174245751268221e-08,-0.11924435998373381,-0.059622179568899696
2013-07-06 13:00:00,7.334963913415199e-10,3.084221415700492e-08,-0.12086369922660192,-0.06043184924655277
2013-07-06 14:00:00,6.42213050278628e-10,3.0811424941631565e-08,-0.11679059206331967,-0.05839529571055331
2013-07-06 15:00:00,6.484452541556317e-10,3.364094284640147e-08,-0.11902537635010967,-0.059512687850832205
2013-07-06 16:00:00,5.531191037002281e-10,4.77887728831927e-08,-0.11583584348621126,-0.05791792146654608
2013-07-06 17:00:00,1.939211498376172e-09,0.1741323335102376,-0.0033930168080565388,-0.0016965074344225202
2013-07-06 18:00:00,1.3571131075002225e-08,0.3858151209667995,0.032149953354936235,0.016074983463033654
2013-07-06 19:00:00,1.5873184048775387e-06,0.5338685246633665,0.03534314161931963,0.017672364468862254
2013-07-06 20:00:00,1.382797886472724e-06,0.48686728748773955,0.06067274835080274,0.030337065574344606
2013-07-06 21:00:00,1.416616898418022e-06,0.4861729535877029,-0.00040858432024124463,-0.00020358385167141332
2013-07-06 22:00:00,1.3465979866347244e-06,0.4745897419273946,-0.01574983340644057,-0.007874243404226967
2013-07-06 23:00:00,1.5976569180420062e-06,0.5205252817942887,-0.04909809472309039,-0.024548248533086174
2013-07-07 00:00:00,1.8538204838265125e-06,0.5581032034838422,-0.04909809472309039,-0.02454812045130328
2013-07-07 01:00:00,0.276337633165653,0.602467480451876,-0.04909809472309039,0.11361976922128131
2013-07-07 02:00:00,0.29866865965369327,0.6346409527153712,-0.04909809472309039,0.12478528246530143
2013-07-07 03:00:00,0.31416676531348203,0.6543786995758254,-0.017711495836831737,0.14822763473832515
2013-07-07 04:00:00,0.345853037202774,0.684080188756438,0.0508644361988469,0.19835873670081045
2013-07-07 05:00:00,5.9259325780204e-09,0.30123975951897525,-0.007762574337503469,-0.0038812842057854456
2013-07-07 06:00:00,6.269689919393924e-10,5.5826313254159505e-08,-0.12452106235593058,-0.062260530864480794
2013-07-07 07:00:00,7.589042209476662e-10,3.7987524561400106e-08,-0.1180282487582132,-0.05901412399965449
2013-07-07 08:00:00,6.894066394184714e-10,3.1587128466641937e-08,-0.1203402295940887,-0.06017011445234103
2013-07-07 09:00:00,8.861871390430732e-10,3.249180663420257e-08,-0.11761067238550563,-0.058805335749659245
2013-07-07 10:00:00,9.484591949523816e-10,3.398351070161838e-08,-0.11843469036229977,-0.059217344706920284
2013-07-07 11:00:00,1.0008619483150608e-09,3.6296031209162845e-08,-0.11924435998373381,-0.05962217949143593
2013-07-07 12:00:00,1.0362732268566898e-09,3.6762303052782364e-08,-0.11924435998373381,-0.059622179473730295
2013-07-07 13:00:00,1.057700706446129e-09,3.492796164094611e-08,-0.12086369922660192,-0.06043184908445061
2013-07-07 14:00:00,9.425127825091584e-10,3.604932581167939e-08,-0.11679059206331967,-0.058395295560403446
2013-07-07 15:00:00,7.203148077089404e-10,3.43552485780668e-08,-0.11902537635010967,-0.05951268781489743
2013-07-07 16:00:00,5.443254934419191e-10,3.910523005002687e-08,-0.11583584348621126,-0.057917921470942886
2013-07-07 17:00:00,1.8783422694058047e-09,0.16457553875743988,-0.0033930168080565388,-0.0016965074648571346
2013-07-07 18:00:00,9.825408448523607e-09,0.32901326644085993,0.032149953354936235,0.01607498159017234
2013-07-07 19:00:00,1.6701347692231247e-07,0.40821007064781345,0.03534314161931963,0.017671654316398278
2013-07-07 20:00:00,1.4603299283149296e-07,0.36321662174404923,0.06067274835080274,0.030336447191897785
2013-07-07 21:00:00,1.459959987705243e-07,0.36101823176515274,-0.00040858432024124463,-0.00020421916212123707
2013-07-07 22:00:00,1.2694661117401765e-07,0.3596723764712099,-0.01574983340644057,-0.007874853229914698
2013-07-07 23:00:00,1.310204659423729e-07,0.38089863808150576,-0.04909809472309039,-0.024548981851312223
2013-07-08 00:00:00,1.8138019111609028e-08,0.40111825866977624,-0.04909809472309039,-0.024549038292535637
2013-07-08 01:00:00,1.594447086100017e-08,0.4131262807805237,-0.04909809472309039,-0.024549039389309763
2013-07-08 02:00:00,1.6423375975698395e-08,0.4396453625884088,-0.04909809472309039,-0.024549039149857205
2013-07-08 03:00:00,1.711464221264975e-08,0.453781306182901,-0.017711495836831737,-0.008855739361094761
2013-07-08 04:00:00,1.6130791489989638e-08,0.4458933031543004,0.0508644361988469,0.025432226164819195
2013-07-08 05:00:00,4.595472548602081e-09,0.23419346572501465,-0.007762574337503469,-0.0038812848710154603
2013-07-08 06:00:00,9.433793178537887e-10,0.09878149302052087,-0.12452106235593058,-0.06226053070627563
2013-07-08 07:00:00,4.632619286911887e-10,2.7629474187948575e-08,-0.1180282487582132,-0.05901412414747564
2013-07-08 08:00:00,5.340263741538579e-10,2.7524400895885007e-08,-0.1203402295940887,-0.06017011453003116
2013-07-08 09:00:00,5.753495562983045e-10,2.7522633912351324e-08,-0.11761067238550563,-0.058805335905078034
2013-07-08 10:00:00,5.815014489604999e-10,2.7264694054783687e-08,-0.11843469036229977,-0.05921734489039916
2013-07-08 11:00:00,5.901504119325317e-10,2.7471278657915207e-08,-0.11924435998373381,-0.0596221796967917
2013-07-08 12:00:00,5.994420591129657e-10,2.6669016885959545e-08,-0.11924435998373381,-0.05962217969214587
2013-07-08 13:00:00,5.815246441926296e-10,2.6813478792729248e-08,-0.12086369922660192,-0.06043184932253864
2013-07-08 14:00:00,5.417805199617543e-10,2.7853968550278593e-08,-0.11679059206331967,-0.05839529576076957
2013-07-08 15:00:00,4.772261702263951e-10,2.6886641702546146e-08,-0.11902537635010967,-0.059512687936441745
2013-07-08 16:00:00,4.896728450737451e-10,4.1913010614539975e-08,-0.11583584348621126,-0.05791792149826921
2013-07-08 17:00:00,2.136617690279637e-09,0.1428605272333158,-0.0033930168080565388,-0.0016965073357194244
2013-07-08 18:00:00,6.221068058954602e-09,0.2565586460888908,0.032149953354936235,0.016074979788002146
2013-07-08 19:00:00,9.33137823678943e-09,0.31047523273067035,0.03534314161931963,0.017671575475348936
2013-07-08 20:00:00,9.429993551529422e-09,0.29724998983726886,0.06067274835080274,0.030336378890398145
2013-07-08 21:00:00,1.0448955608427118e-08,0.31118629515692875,-0.00040858432024124463,-0.0002042869356428181
2013-07-08 22:00:00,1.1038237173507386e-08,0.31042065289386545,-0.01574983340644057,-0.007874911184101697
2013-07-08 23:00:00,1.1322604132625205e-08,0.3342407611089631,-0.04909809472309039,-0.024549041700243128
2013-07-09 00:00:00,1.3731137340204215e-08,0.383414809908031,-0.04909809472309039,-0.024549040495976525
2013-07-09 01:00:00,1.7611460708933892e-08,0.43824929352856584,-0.04909809472309039,-0.02454903855581484
2013-07-09 02:00:00,2.2238796165532406e-08,0.49229948646776134,-0.04909809472309039,-0.02454903624214711
2013-07-09 03:00:00,2.3337661907784627e-08,0.5166136077737163,-0.017711495836831737,-0.008855736249584915
2013-07-09 04:00:00,2.573850631057127e-08,0.5313173348407043,0.0508644361988469,0.025432230968676608
2013-07-09 05:00:00,5.238591858266447e-09,0.2425602315700434,-0.007762574337503469,-0.0038812845494558055
2013-07-09 06:00:00,1.1999440893251246e-09,0.10433806236159046,-0.12452106235593058,-0.062260530577993245
2013-07-09 07:00:00,3.891990661442404e-10,2.4991435650675935e-08,-0.1180282487582132,-0.05901412418450707
2013-07-09 08:00:00,5.636772111784681e-10,2.8598642373615108e-08,-0.1203402295940887,-0.06017011451520574
2013-07-09 09:00:00,5.392929371503002e-10,2.6154501394486254e-08,-0.11761067238550563,-0.05880533592310634
2013-07-09 10:00:00,5.59707757818239e-10,2.574557217704212e-08,-0.11843469036229977,-0.05921734490129601
2013-07-09 11:00:00,5.607770197567046e-10,2.552470413049199e-08,-0.11924435998373381,-0.059622179711478394
2013-07-09 12:00:00,5.272515251404157e-10,2.5149386994033692e-08,-0.11924435998373381,-0.059622179728241145
2013-07-09 13:00:00,4.983002920563924e-10,2.547798654868719e-08,-0.12086369922660192,-0.060431849364150816
2013-07-09 14:00:00,4.956689911559125e-10,2.7137127877782133e-08,-0.11679059206331967,-0.05839529578382534
2013-07-09 15:00:00,4.742217276013026e-10,2.8027767999464156e-08,-0.11902537635010967,-0.05951268793794397
2013-07-09 16:00:00,5.481146186479167e-10,5.122750474260115e-08,-0.11583584348621126,-0.05791792146904832
2013-07-09 17:00:00,2.369583056966604e-09,0.15865915430243405,-0.0033930168080565388,-0.0016965072192367408
2013-07-09 18:00:00,5.9310013781586184e-09,0.27733337965236715,0.032149953354936235,0.016074979642968806
2013-07-09 19:00:00,7.821042357847417e-09,0.31221693368731007,0.03534314161931963,0.017671574720180994
2013-07-09 20:00:00,7.048654096153343e-09,0.27797038859940687,0.06067274835080274,0.03033637769972842
2013-07-09 21:00:00,7.2935319399763845e-09,0.2733803206936588,-0.00040858432024124463,-0.00020428851335465233
2013-07-09 22:00:00,5.703146291703721e-09,0.24380223188848116,-0.01574983340644057,-0.007874913851647139
2013-07-09 23:00:00,5.396923754231077e-09,0.2392919582847816,-0.04909809472309039,-0.024549044663083316
2013-07-10 00:00:00,5.197339564143574e-09,0.23834917613810302,-0.04909809472309039,-0.02454904476287541
2013-07-10 01:00:00,5.087630329617197e-09,0.23512410882886636,-0.04909809472309039,-0.02454904481773003
2013-07-10 02:00:00,4.8982185487725885e-09,0.2242145770331897,-0.04909809472309039,-0.02454904491243592
2013-07-10 03:00:00,4.810208869556091e-09,0.21934509969206395,-0.017711495836831737,-0.008855745513311433
2013-07-10 04:00:00,4.809277559201608e-09,0.21759244715215373,0.0508644361988469,0.02543222050406223
2013-07-10 05:00:00,2.6137079560249712e-09,0.14728119007939516,-0.007762574337503469,-0.0038812858618977567
2013-07-10 06:00:00,9.651323016755173e-10,0.017473186682728837,-0.12452106235593058,-0.062260530695399136
2013-07-10 07:00:00,4.659493255239225e-10,2.7048874843169057e-08,-0.1180282487582132,-0.05901412414613194
2013-07-10 08:00:00,5.00185463017554e-10,2.9217066325726418e-08,-0.1203402295940887,-0.06017011454695162
2013-07-10 09:00:00,4.6255489524982536e-10,2.618626200772943e-08,-0.11761067238550563,-0.058805335961475365
2013-07-10 10:00:00,4.667559311454097e-10,2.5782433610540367e-08,-0.11843469036229977,-0.05921734494777192
2013-07-10 11:00:00,4.719262124351377e-10,2.554461378396989e-08,-0.11924435998373381,-0.0596221797559038
2013-07-10 12:00:00,4.825811792510053e-10,2.5798213510933575e-08,-0.11924435998373381,-0.059622179750576314
2013-07-10 13:00:00,4.996637387121629e-10,2.658563857770481e-08,-0.12086369922660192,-0.06043184936346909
2013-07-10 14:00:00,5.301254895228911e-10,2.790131475714529e-08,-0.11679059206331967,-0.05839529576659709
2013-07-10 15:00:00,5.545291180504212e-10,2.7981210265599765e-08,-0.11902537635010967,-0.059512687897790274
2013-07-10 16:00:00,5.144518081974962e-10,2.8445987236312353e-08,-0.11583584348621126,-0.05791792148587972
2013-07-10 17:00:00,1.39783447700884e-09,0.1116192676743124,-0.0033930168080565388,-0.0016965077051110309
2013-07-10 18:00:00,3.523077955617512e-09,0.16201140278270376,0.032149953354936235,0.016074978439007095
2013-07-10 19:00:00,4.809281213610187e-09,0.19386521974600637,0.03534314161931963,0.017671573214300424
2013-07-10 20:00:00,4.809281557243829e-09,0.19862353558082113,0.06067274835080274,0.030336376580042148
2013-07-10 21:00:00,4.8093062362152355e-09,0.20595924356447962,-0.00040858432024124463,-0.0002042897554675042
2013-07-10 22:00:00,4.818844401088674e-09,0.2100958775185962,-0.01574983340644057,-0.007874914293798085
2013-07-10 23:00:00,4.851870376934732e-09,0.21418157992575446,-0.04909809472309039,-0.024549044935610005
2013-07-11 00:00:00,5.057181968314838e-09,0.21971809267467649,-0.04909809472309039,-0.02454904483295421
2013-07-11 01:00:00,5.396513859139557e-09,0.22981034262751765,-0.04909809472309039,-0.024549044663288264
2013-07-11 02:00:00,5.921425947989143e-09,0.24320972607870178,-0.04909809472309039,-0.02454904440083222
2013-07-11 03:00:00,6.482937345116721e-09,0.2554727684100326,-0.017711495836831737,-0.008855744676947195
2013-07-11 04:00:00,8.334118268372243e-09,0.2696383778857728,0.0508644361988469,0.025432222266482587
2013-07-11 05:00:00,3.417539449974844e-09,0.1826475834426282,-0.007762574337503469,-0.0038812854599820095
2013-07-11 06:00:00,1.4050451485382233e-09,0.10800335991144995,-0.12452106235593058,-0.062260530475442714
2013-07-11 07:00:00,6.042006840179809e-10,4.492179951031972e-08,-0.1180282487582132,-0.05901412407700626
2013-07-11 08:00:00,4.305649825765134e-10,2.4962185145498355e-08,-0.1203402295940887,-0.06017011458176186
2013-07-11 09:00:00,4.3429135713175693e-10,2.4406461902102723e-08,-0.11761067238550563,-0.05880533597560714
2013-07-11 10:00:00,4.5031315024140024e-10,2.5102169147096238e-08,-0.11843469036229977,-0.05921734495599331
2013-07-11 11:00:00,4.568767592387031e-10,2.4751783146468784e-08,-0.11924435998373381,-0.059622179763428526
2013-07-11 12:00:00,4.6362353176771403e-10,2.4962586517281165e-08,-0.11924435998373381,-0.05962217976005514
2013-07-11 13:00:00,4.729695896957988e-10,2.5718728632109722e-08,-0.12086369922660192,-0.060431849376816164
2013-07-11 14:00:00,4.4886218208247086e-10,2.5491725413327633e-08,-0.11679059206331967,-0.05839529580722874
2013-07-11 15:00:00,4.3656137923748086e-10,2.9280313581076988e-08,-0.11902537635010967,-0.05951268795677414
2013-07-11 16:00:00,9.789813313176561e-10,0.022050967362798074,-0.11583584348621126,-0.057917921253614967
2013-07-11 17:00:00,2.2741102462930465e-09,0.14616129094154112,-0.0033930168080565388,-0.0016965072669731462
2013-07-11 18:00:00,5.972089146749603e-09,0.25171961363803447,0.032149953354936235,0.016074979663512692
2013-07-11 19:00:00,9.563222102165298e-09,0.32491312819275586,0.03534314161931963,0.017671575591270867
2013-07-11 20:00:00,9.959957672304687e-09,0.32150202010832174,0.06067274835080274,0.030336379155380205
2013-07-11 21:00:00,1.0965785535582052e-08,0.33250021288909004,-0.00040858432024124463,-0.00020428667722785453
2013-07-11 22:00:00,1.0100401333611204e-08,0.3330984546650444,-0.01574983340644057,-0.007874911653019618
2013-07-11 23:00:00,1.010923212897779e-08,0.33460818501854067,-0.04909809472309039,-0.024549042306929128
2013-07-12 00:00:00,9.75182375682353e-09,0.3407421241530395,-0.04909809472309039,-0.024549042485633315
2013-07-12 01:00:00,9.708289847970437e-09,0.34931959225742854,-0.04909809472309039,-0.02454904250740027
2013-07-12 02:00:00,1.0638807239819446e-08,0.37007378241032457,-0.04909809472309039,-0.024549042042141575
2013-07-12 03:00:00,1.1377438575712168e-08,0.38463964081456664,-0.017711495836831737,-0.008855742229696581
2013-07-12 04:00:00,1.1073765465957678e-08,0.39003444718976993,0.0508644361988469,0.025432223636306185
2013-07-12 05:00:00,4.641006022170961e-09,0.23404255136134167,-0.007762574337503469,-0.0038812848482487235
2013-07-12 06:00:00,1.6038177460921435e-09,0.11837540308627774,-0.12452106235593058,-0.06226053037605642
2013-07-12 07:00:00,5.73895769427693e-10,7.158534572426957e-08,-0.1180282487582132,-0.05901412409215872
2013-07-12 08:00:00,4.322598473221362e-10,2.5740252123902698e-08,-0.1203402295940887,-0.060170114580914424
2013-07-12 09:00:00,4.6490712247294913e-10,2.590040229511366e-08,-0.11761067238550563,-0.05880533596029925
2013-07-12 10:00:00,4.451176072760709e-10,2.4205653750967077e-08,-0.11843469036229977,-0.05921734495859108
2013-07-12 11:00:00,4.5559616989885717e-10,2.3903869870370348e-08,-0.11924435998373381,-0.05962217976406882
2013-07-12 12:00:00,4.707537143444091e-10,2.4395347512471066e-08,-0.11924435998373381,-0.05962217975649005
2013-07-12 13:00:00,4.848131023068001e-10,2.5686401500175355e-08,-0.12086369922660192,-0.06043184937089441
2013-07-12 14:00:00,4.139336930296625e-10,2.4633223407492057e-08,-0.11679059206331967,-0.05839529582469299
2013-07-12 15:00:00,3.989797608738742e-10,3.015903149490173e-08,-0.11902537635010967,-0.05951268797556495
2013-07-12 16:00:00,9.728241077680805e-10,0.10114244317142003,-0.11583584348621126,-0.05791792125669357
2013-07-12 17:00:00,2.995847410218024e-09,0.17536929864842885,-0.0033930168080565388,-0.0016965069061045642
2013-07-12 18:00:00,1.074833616174207e-08,0.36441287693654684,0.032149953354936235,0.016074982051636197
2013-07-12 19:00:00,0.2475081317632037,0.4724716367680767,0.03534314161931963,0.14142563669126165
2013-07-12 20:00:00,0.23778368153100898,0.4607307243789693,0.06067274835080274,0.14922821494090585
2013-07-12 21:00:00,0.23382554967211985,0.4569737587376463,-0.00040858432024124463,0.1167084826759393
2013-07-12 22:00:00,0.2129147626406681,0.4375491428898055,-0.01574983340644057,0.09858246461711377
2013-07-12 23:00:00,0.22154659516823366,0.4493095011505397,-0.04909809472309039,0.08622425022257163
2013-07-13 00:00:00,0.24304447113365618,0.4691199470659264,-0.04909809472309039,0.09697318820528289
2013-07-13 01:00:00,0.25403655126005553,0.4800642700251145,-0.04909809472309039,0.10246922826848257
2013-07-13 02:00:00,0.2536550079764195,0.48146030618307345,-0.04909809472309039,0.10227845662666454
2013-07-13 03:00:00,0.253145799413775,0.48307308767793455,-0.017711495836831737,0.11771715178847164
2013-07-13 04:00:00,0.2619744270394872,0.4912114198859776,0.0508644361988469,0.15641943161916705
2013-07-13 05:00:00,5.31490483976796e-09,0.24856476000577232,-0.007762574337503469,-0.0038812845112993146
2013-07-13 06:00:00,1.1528766191071006e-09,0.11516006559465085,-0.12452106235593058,-0.06226053060152698
2013-07-13 07:00:00,5.147091117363085e-10,3.050821290895394e-08,-0.1180282487582132,-0.05901412412175205
2013-07-13 08:00:00,5.93915683872629e-10,3.0058246314539996e-08,-0.1203402295940887,-0.06017011450008651
2013-07-13 09:00:00,5.66307413897115e-10,2.7845115008881163e-08,-0.11761067238550563,-0.058805335909599105
2013-07-13 10:00:00,5.750716993883693e-10,2.7682016750038024e-08,-0.11843469036229977,-0.059217344893614035
2013-07-13 11:00:00,6.409196055331589e-10,2.8720888031084068e-08,-0.11924435998373381,-0.0596221796714071
2013-07-13 12:00:00,6.850100105604751e-10,2.9711341239467034e-08,-0.11924435998373381,-0.0596221796493619
2013-07-13 13:00:00,6.671889273325621e-10,3.04680507893225e-08,-0.12086369922660192,-0.0604318492797065
2013-07-13 14:00:00,6.667188375638658e-10,3.1927561301838605e-08,-0.11679059206331967,-0.05839529569830042
2013-07-13 15:00:00,6.173649801520184e-10,3.176320299134298e-08,-0.11902537635010967,-0.059512687866372344
2013-07-13 16:00:00,5.543284103186388e-10,3.879525722028722e-08,-0.11583584348621126,-0.05791792146594142
2013-07-13 17:00:00,1.7967863056025688e-09,0.14854258850024957,-0.0033930168080565388,-0.0016965075056351166
2013-07-13 18:00:00,6.762109037858677e-09,0.2611038499406501,0.032149953354936235,0.016074980058522637
2013-07-13 19:00:00,1.3067581927074214e-08,0.3216419917235509,0.03534314161931963,0.01767157734345078
2013-07-13 20:00:00,6.20123747988369e-08,0.3085288450948105,0.06067274835080274,0.03033640518158877
2013-07-13 21:00:00,6.414608228508051e-08,0.304831318462121,-0.00040858432024124463,-0.00020426008707947978
2013-07-13 22:00:00,8.681789742930715e-08,0.36115443676477227,-0.01574983340644057,-0.00787487329427157
2013-07-13 23:00:00,9.56632036780847e-08,0.37868276172957405,-0.04909809472309039,-0.024548999529943355
2013-07-14 00:00:00,9.068429223563649e-08,0.37742910504406796,-0.04909809472309039,-0.024549002019399076
2013-07-14 01:00:00,1.3654036321562356e-08,0.3518236287167007,-0.04909809472309039,-0.024549040534527035
2013-07-14 02:00:00,9.345471917594512e-09,0.3211495685666433,-0.04909809472309039,-0.024549042688809235
2013-07-14 03:00:00,7.395390101962768e-09,0.29209761094104764,-0.017711495836831737,-0.008855744220720817
2013-07-14 04:00:00,6.338475359291133e-09,0.2773761576737684,0.0508644361988469,0.025432221268661133
2013-07-14 05:00:00,2.9675089859646557e-09,0.19199669235405709,-0.007762574337503469,-0.0038812856849972416
2013-07-14 06:00:00,7.760401821624264e-10,6.178680774060013e-08,-0.12452106235593058,-0.0622605307899452
2013-07-14 07:00:00,8.516403550339774e-10,4.5548592740299016e-08,-0.1180282487582132,-0.059014123953286424
2013-07-14 08:00:00,7.674699558267778e-10,3.813590138126367e-08,-0.1203402295940887,-0.06017011441330937
2013-07-14 09:00:00,6.933448021561685e-10,3.398162410807298e-08,-0.11761067238550563,-0.058805335846080414
2013-07-14 10:00:00,6.875343447039172e-10,3.237955136994721e-08,-0.11843469036229977,-0.05921734483738271
2013-07-14 11:00:00,7.037395504587756e-10,3.3064371485881756e-08,-0.11924435998373381,-0.05962217963999713
2013-07-14 12:00:00,7.275944871936185e-10,3.387290775099665e-08,-0.11924435998373381,-0.05962217962806966
2013-07-14 13:00:00,7.664992992536933e-10,3.504985583421774e-08,-0.12086369922660192,-0.060431849230051314
2013-07-14 14:00:00,8.044504940754335e-10,3.700143374248391e-08,-0.11679059206331967,-0.05839529562943459
2013-07-14 15:00:00,7.469322614377346e-10,3.4855556328191196e-08,-0.11902537635010967,-0.0595126878015887
2013-07-14 16:00:00,7.663507500141446e-10,5.157477869969329e-08,-0.11583584348621126,-0.057917921359930256
2013-07-14 17:00:00,2.422085478736116e-09,0.15994114650716193,-0.0033930168080565388,-0.00169650719298553
2013-07-14 18:00:00,1.0791227474499683e-08,0.2520860100435843,0.032149953354936235,0.016074982073081855
2013-07-14 19:00:00,1.0628211722029434e-07,0.3252394704955549,0.03534314161931963,0.017671623950718425
2013-07-14 20:00:00,1.1787548862351655e-07,0.3430526531874567,0.06067274835080274,0.030336433113145683
2013-07-14 21:00:00,1.2904067168281395e-07,0.36222492223601127,-0.00040858432024124463,-0.00020422763978478092
2013-07-14 22:00:00,1.445874077661202e-07,0.38924779592399034,-0.01574983340644057,-0.007874844409516402
2013-07-14 23:00:00,1.4485661863014532e-07,0.3928037020555612,-0.04909809472309039,-0.02454897493323588
2013-07-15 00:00:00,1.4955251718347209e-07,0.4065060183544265,-0.04909809472309039,-0.024548972585286603
2013-07-15 01:00:00,1.4995886770719717e-07,0.41429471207672636,-0.04909809472309039,-0.02454897238211134
2013-07-15 02:00:00,1.3724800002797666e-07,0.40962628446340066,-0.04909809472309039,-0.02454897873754518
2013-07-15 03:00:00,1.3158671111262887e-07,0.41249291607087823,-0.017711495836831737,-0.008855682125060311
2013-07-15 04:00:00,1.2294418847302964e-07,0.41363724127898405,0.0508644361988469,0.02543227957151769
2013-07-15 05:00:00,4.569825210389241e-09,0.207737932152098,-0.007762574337503469,-0.0038812848838391295
2013-07-15 06:00:00,1.3826249914987574e-09,0.10723935895704081,-0.12452106235593058,-0.062260530486652796
2013-07-15 07:00:00,4.428565417679588e-10,2.6254114479769928e-08,-0.1180282487582132,-0.05901412415767833
2013-07-15 08:00:00,4.924520301492527e-10,2.667864490605228e-08,-0.1203402295940887,-0.06017011455081834
2013-07-15 09:00:00,5.342600799589236e-10,2.6466670441994357e-08,-0.11761067238550563,-0.05880533592562277
2013-07-15 10:00:00,5.189993055711442e-10,2.5284443797584192e-08,-0.11843469036229977,-0.05921734492165023
2013-07-15 11:00:00,5.394764256238685e-10,2.5751958642630815e-08,-0.11924435998373381,-0.059622179722128694
2013-07-15 12:00:00,5.358872929076463e-10,2.603525634857918e-08,-0.11924435998373381,-0.05962217972392326
2013-07-15 13:00:00,4.854383498331326e-10,2.5202897570460736e-08,-0.12086369922660192,-0.06043184937058178
2013-07-15 14:00:00,5.139320252380814e-10,2.7443096886807693e-08,-0.11679059206331967,-0.05839529577469382
2013-07-15 15:00:00,4.984692656032588e-10,2.75071059571797e-08,-0.11902537635010967,-0.0595126879258202
2013-07-15 16:00:00,5.474439493011612e-10,4.8240371749617186e-08,-0.11583584348621126,-0.057917921469383654
2013-07-15 17:00:00,2.9234381762677625e-09,0.15495916803213355,-0.0033930168080565388,-0.0016965069423091812
2013-07-15 18:00:00,1.1124678796840081e-08,0.3279395876026344,0.032149953354936235,0.016074982239807516
2013-07-15 19:00:00,8.90335532871833e-05,0.44289252159225134,0.03534314161931963,0.017716087586303407
2013-07-15 20:00:00,9.626906200479356e-05,0.4455187457279386,0.06067274835080274,0.030384508706403766
2013-07-15 21:00:00,0.00010751377650066399,0.4533424894401302,-0.00040858432024124463,-0.0001505352718702903
2013-07-15 22:00:00,0.00011776835831479515,0.463552266150344,-0.01574983340644057,-0.007816032524062887
2013-07-15 23:00:00,0.0001269571344625614,0.48719713192070735,-0.04909809472309039,-0.024485568794313912
2013-07-16 00:00:00,0.00013539103249959162,0.5102116355644614,-0.04909809472309039,-0.024481351845295398
2013-07-16 01:00:00,0.00013088181924342948,0.5175390759976861,-0.04909809472309039,-0.02448360645192348
2013-07-16 02:00:00,0.00011840530134246842,0.5058818598349749,-0.04909809472309039,-0.02448984471087396
2013-07-16 03:00:00,0.00011589115755388128,0.4975449707192966,-0.017711495836831737,-0.008797802339638928
2013-07-16 04:00:00,0.00011366940690534263,0.49940038562333455,0.0508644361988469,0.02548905280287612
2013-07-16 05:00:00,7.284824531815618e-09,0.2918458627772474,-0.007762574337503469,-0.0038812835263394687
2013-07-16 06:00:00,1.361606099394766e-09,0.11266608676561646,-0.12452106235593058,-0.062260530497162236
2013-07-16 07:00:00,4.796491179447219e-10,2.85300796586486e-08,-0.1180282487582132,-0.059014124139282045
2013-07-16 08:00:00,5.419802429911404e-10,2.8579716317202887e-08,-0.1203402295940887,-0.06017011452605423
2013-07-16 09:00:00,5.780001297009172e-10,2.911824224227811e-08,-0.11761067238550563,-0.058805335903752746
2013-07-16 10:00:00,5.876174957807492e-10,2.724701067489823e-08,-0.11843469036229977,-0.059217344887341136
2013-07-16 11:00:00,5.939169557232114e-10,2.7595491074940768e-08,-0.11924435998373381,-0.05962217969490843
2013-07-16 12:00:00,6.03530876398526e-10,2.7598467129317308e-08,-0.11924435998373381,-0.059622179690101466
2013-07-16 13:00:00,5.324161504899038e-10,2.659144875599531e-08,-0.12086369922660192,-0.060431849347092885
2013-07-16 14:00:00,4.99598323863544e-10,2.692152426893566e-08,-0.11679059206331967,-0.05839529578186067
2013-07-16 15:00:00,4.1967245416048523e-10,2.6343910154508797e-08,-0.11902537635010967,-0.05951268796521861
2013-07-16 16:00:00,1.0287371983665276e-09,0.10360000145393092,-0.11583584348621126,-0.05791792122873703
2013-07-16 17:00:00,3.32608158851528e-09,0.1837763617205897,-0.0033930168080565388,-0.0016965067409874751
2013-07-16 18:00:00,1.2482893356257826e-08,0.3757108155819228,0.032149953354936235,0.016074982918914796
2013-07-16 19:00:00,0.24365884587110734,0.4813550747821489,0.03534314161931963,0.1395009937452135
2013-07-16 20:00:00,0.2380996944335981,0.47056567565385243,0.06067274835080274,0.14938622139220042
2013-07-16 21:00:00,0.24194836057143343,0.4733577086650214,-0.00040858432024124463,0.1207698881255961
2013-07-16 22:00:00,0.21150435144295576,0.46673831524852755,-0.01574983340644057,0.0978772590182576
2013-07-16 23:00:00,0.21633690334054617,0.4970584814259895,-0.04909809472309039,0.08361940430872788
2013-07-17 00:00:00,0.25629853912107314,0.5283244172373972,-0.04909809472309039,0.10360022219899137
2013-07-17 01:00:00,0.3051595797297086,0.5441777842562638,-0.04909809472309039,0.1280307425033091
2013-07-17 02:00:00,0.33050495402433266,0.5548122549921632,-0.04909809472309039,0.14070342965062113
2013-07-17 03:00:00,0.34316715764949984,0.5649402507127286,-0.017711495836831737,0.16272783090633405
2013-07-17 04:00:00,0.3450995542111218,0.5664978131208418,0.0508644361988469,0.19798199520498436
2013-07-17 05:00:00,7.583101931256565e-09,0.31040127998429373,-0.007762574337503469,-0.003881283377200769
2013-07-17 06:00:00,1.3918118103192342e-09,0.1165186870947961,-0.12452106235593058,-0.06226053048205939
2013-07-17 07:00:00,4.262970338378995e-10,2.6889233990973205e-08,-0.1180282487582132,-0.05901412416595808
2013-07-17 08:00:00,4.968312590023516e-10,2.7220124305891743e-08,-0.1203402295940887,-0.06017011454862872
2013-07-17 09:00:00,5.656516464755926e-10,2.7274794955431937e-08,-0.11761067238550563,-0.05880533590992699
2013-07-17 10:00:00,5.335766725637288e-10,2.5584168688603322e-08,-0.11843469036229977,-0.05921734491436155
2013-07-17 11:00:00,5.760018284602043e-10,2.6616213613708094e-08,-0.11924435998373381,-0.05962217970386599
2013-07-17 12:00:00,5.441661026948829e-10,2.648046419703396e-08,-0.11924435998373381,-0.059622179719783855
2013-07-17 13:00:00,4.813329292504886e-10,2.6028420551519594e-08,-0.12086369922660192,-0.060431849372634495
2013-07-17 14:00:00,4.911892841920468e-10,2.716818908321091e-08,-0.11679059206331967,-0.05839529578606519
2013-07-17 15:00:00,4.377553332194078e-10,3.097607061695006e-08,-0.11902537635010967,-0.05951268795617717
2013-07-17 16:00:00,1.1421719065465882e-09,0.10974814848634283,-0.11583584348621126,-0.057917921172019673
2013-07-17 17:00:00,4.358885195680264e-09,0.1912228373719766,-0.0033930168080565388,-0.0016965062245856716
2013-07-17 18:00:00,5.7556723290355014e-05,0.36729165268634995,0.032149953354936235,0.016103755039113297
2013-07-17 19:00:00,0.19881537899629056,0.4393325062150262,0.03534314161931963,0.1170792603078051
2013-07-17 20:00:00,0.00012342283446882185,0.4205599893925307,0.06067274835080274,0.03039808559263578
2013-07-17 21:00:00,0.00011978509004724667,0.4106065666651021,-0.00040858432024124463,-0.00014439961509699897
2013-07-17 22:00:00,0.00010190025926665792,0.40894216701962216,-0.01574983340644057,-0.007823966573586956
2013-07-17 23:00:00,0.00011373936970859706,0.4309372311582339,-0.04909809472309039,-0.024492177676690895
2013-07-18 00:00:00,0.00012270006794785194,0.4422961821198008,-0.04909809472309039,-0.024487697327571268
2013-07-18 01:00:00,0.18964052276123275,0.4556090005166263,-0.04909809472309039,0.07027121401907119
2013-07-18 02:00:00,0.21504835748860446,0.4794205567736488,-0.04909809472309039,0.08297513138275703
2013-07-18 03:00:00,0.22940884765319536,0.4939454698637863,-0.017711495836831737,0.10584867590818181
2013-07-18 04:00:00,0.24227298071252784,0.49722304613652996,0.0508644361988469,0.14656870845568737
2013-07-18 05:00:00,7.191232029941147e-09,0.2796342937641296,-0.007762574337503469,-0.0038812835731357196
2013-07-18 06:00:00,1.3663047148237015e-09,0.11319268150167451,-0.12452106235593058,-0.062260530494812935
2013-07-18 07:00:00,4.4473796122046153e-10,2.739859566066194e-08,-0.1180282487582132,-0.059014124156737624
2013-07-18 08:00:00,5.396128363050417e-10,2.852402298804122e-08,-0.1203402295940887,-0.06017011452723793
2013-07-18 09:00:00,5.714253148484914e-10,2.7849725285562444e-08,-0.11761067238550563,-0.05880533590704016
2013-07-18 10:00:00,5.790667575605881e-10,2.7823809277710502e-08,-0.11843469036229977,-0.05921734489161651
2013-07-18 11:00:00,5.864360109267635e-10,2.780024258879501e-08,-0.11924435998373381,-0.0596221796986489
2013-07-18 12:00:00,5.923569303644953e-10,2.781684985964932e-08,-0.11924435998373381,-0.05962217969568844
2013-07-18 13:00:00,5.354373471920263e-10,2.742794356264498e-08,-0.12086369922660192,-0.06043184934558229
2013-07-18 14:00:00,5.024050433379639e-10,2.7516067234367734e-08,-0.11679059206331967,-0.05839529578045731
2013-07-18 15:00:00,5.031620108778592e-10,2.8346775230059727e-08,-0.11902537635010967,-0.05951268792347383
2013-07-18 16:00:00,5.622682914510244e-10,4.619677617830098e-08,-0.11583584348621126,-0.057917921461971486
2013-07-18 17:00:00,2.500820017990749e-09,0.14699598717626294,-0.0033930168080565388,-0.0016965071536182603
2013-07-18 18:00:00,7.367118220426034e-09,0.2535029148721196,0.032149953354936235,0.016074980361027228
2013-07-18 19:00:00,1.1685202087207877e-08,0.28169790517802257,0.03534314161931963,0.01767157665226086
2013-07-18 20:00:00,1.2750019535818998e-08,0.2735237365324447,0.06067274835080274,0.030336380550411136
2013-07-18 21:00:00,1.3040458119118002e-08,0.274123028425828,-0.00040858432024124463,-0.00020428563989156276
2013-07-18 22:00:00,1.2291533649546046e-08,0.2619268740063393,-0.01574983340644057,-0.00787491055745346
2013-07-18 23:00:00,1.2046901176363337e-08,0.2657842989112976,-0.04909809472309039,-0.024549041338094605
2013-07-19 00:00:00,1.2289543997745006e-08,0.27076215887331667,-0.04909809472309039,-0.024549041216773194
2013-07-19 01:00:00,1.1635185123270919e-08,0.2691205347948102,-0.04909809472309039,-0.024549041543952634
2013-07-19 02:00:00,1.0046777734338721e-08,0.2575489754554068,-0.04909809472309039,-0.024549042338156326
2013-07-19 03:00:00,8.062597726558078e-09,0.23960858559260653,-0.017711495836831737,-0.008855743887117006
2013-07-19 04:00:00,6.954625841603506e-09,0.22551212801744,0.0508644361988469,0.025432221576736372
2013-07-19 05:00:00,3.3450171581006505e-09,0.16781215240215253,-0.007762574337503469,-0.0038812854962431555
2013-07-19 06:00:00,7.250771916906371e-10,1.518472788488089e-07,-0.12452106235593058,-0.06226053081542669
2013-07-19 07:00:00,5.122111857810056e-10,2.8167983405414585e-08,-0.1180282487582132,-0.059014124123001006
2013-07-19 08:00:00,5.603941686904837e-10,2.9392487399673382e-08,-0.1203402295940887,-0.06017011451684726
2013-07-19 09:00:00,5.864825924999133e-10,3.0293131884164414e-08,-0.11761067238550563,-0.058805335899511514
2013-07-19 10:00:00,6.006136616330639e-10,2.8630032002529547e-08,-0.11843469036229977,-0.059217344880843056
2013-07-19 11:00:00,6.190987236228997e-10,2.8511493935296432e-08,-0.11924435998373381,-0.05962217968231755
2013-07-19 12:00:00,6.022245539072204e-10,2.8079615723707726e-08,-0.11924435998373381,-0.05962217969075463
2013-07-19 13:00:00,5.390320439230821e-10,2.7632493757588082e-08,-0.12086369922660192,-0.06043184934378494
2013-07-19 14:00:00,5.360557876160021e-10,2.9439561330772897e-08,-0.11679059206331967,-0.05839529576363194
2013-07-19 15:00:00,5.610008653673968e-10,2.846062783706654e-08,-0.11902537635010967,-0.0595126878945544
2013-07-19 16:00:00,5.019969215825246e-10,2.8044921586967156e-08,-0.11583584348621126,-0.05791792149210717
2013-07-19 17:00:00,1.41409172164421e-09,0.11597154645986785,-0.0033930168080565388,-0.0016965076969824085
2013-07-19 18:00:00,4.261616335381416e-09,0.17887827531129863,0.032149953354936235,0.016074978808276286
2013-07-19 19:00:00,5.513858277412352e-09,0.20769267073784478,0.03534314161931963,0.017671573566588956
2013-07-19 20:00:00,5.521078010688733e-09,0.2115308954670038,0.06067274835080274,0.030336376935940376
2013-07-19 21:00:00,5.524906108226248e-09,0.22044566307927513,-0.00040858432024124463,-0.0002042893976675682
2013-07-19 22:00:00,5.538621405229779e-09,0.2374605503137515,-0.01574983340644057,-0.007874913933909582
2013-07-19 23:00:00,5.603443050711807e-09,0.25706694788502654,-0.04909809472309039,-0.02454904455982367
2013-07-20 00:00:00,6.020959492849524e-09,0.28789495265299564,-0.04909809472309039,-0.024549044351065447
2013-07-20 01:00:00,7.1026573893898485e-09,0.3300483377452506,-0.04909809472309039,-0.024549043810216498
2013-07-20 02:00:00,8.859485261381362e-09,0.3793265681993356,-0.04909809472309039,-0.024549042931802562
2013-07-20 03:00:00,1.1012657282014184e-08,0.42098267846178333,-0.017711495836831737,-0.008855742412087227
2013-07-20 04:00:00,1.3387243539947979e-08,0.449168271542845,0.0508644361988469,0.025432224793045223
2013-07-20 05:00:00,6.044516715641394e-09,0.29085328187644643,-0.007762574337503469,-0.003881284146493377
2013-07-20 06:00:00,1.2580239510087552e-09,0.12690924903040937,-0.12452106235593058,-0.062260530548953315
2013-07-20 07:00:00,5.234729310472243e-10,3.231714638807009e-08,-0.1180282487582132,-0.059014124117370136
2013-07-20 08:00:00,5.628715507718956e-10,3.04677317111098e-08,-0.1203402295940887,-0.06017011451560857
2013-07-20 09:00:00,5.669347106387744e-10,2.866909479398383e-08,-0.11761067238550563,-0.05880533590928546
2013-07-20 10:00:00,5.680607700262635e-10,2.7837414349906683e-08,-0.11843469036229977,-0.0592173448971195
2013-07-20 11:00:00,6.142058027560421e-10,2.8125142482372175e-08,-0.11924435998373381,-0.05962217968476401
2013-07-20 12:00:00,6.158597995412688e-10,2.809404226782992e-08,-0.11924435998373381,-0.05962217968393701
2013-07-20 13:00:00,6.147455459651925e-10,2.8653984263265696e-08,-0.12086369922660192,-0.06043184930592819
2013-07-20 14:00:00,6.289035017072564e-10,3.003971099488066e-08,-0.11679059206331967,-0.058395295717208084
2013-07-20 15:00:00,5.490331333353806e-10,3.056432602818734e-08,-0.11902537635010967,-0.059512687900538264
2013-07-20 16:00:00,5.462576440074059e-10,4.7881357414481956e-08,-0.11583584348621126,-0.057917921469976805
2013-07-20 17:00:00,2.193767517816349e-09,0.16590118400887394,-0.0033930168080565388,-0.0016965073071445104
2013-07-20 18:00:00,8.651707275030094e-09,0.33056075863725254,0.032149953354936235,0.016074981003321755
2013-07-20 19:00:00,1.602284620731039e-08,0.3954726864597353,0.03534314161931963,0.01767157882108292
2013-07-20 20:00:00,1.5800382084476337e-07,0.37373856319065446,0.06067274835080274,0.030336453177311793
2013-07-20 21:00:00,1.7940261021765872e-07,0.37285375120650677,-0.00040858432024124463,-0.00020420245881551348
2013-07-20 22:00:00,2.281639942896609e-07,0.389454685764839,-0.01574983340644057,-0.00787480262122314
2013-07-20 23:00:00,2.6347576776573644e-07,0.41932581806863906,-0.04909809472309039,-0.02454891562366131
2013-07-21 00:00:00,3.136114214281253e-07,0.45219568530377025,-0.04909809472309039,-0.02454889055583448
2013-07-21 01:00:00,4.116416058175966e-07,0.5036621294741892,-0.04909809472309039,-0.024548841540742286
2013-07-21 02:00:00,5.426702113402499e-07,0.5575627859009197,-0.04909809472309039,-0.024548776026439525
2013-07-21 03:00:00,0.27297452400735156,0.5950482945998702,-0.017711495836831737,0.1276315140852599
2013-07-21 04:00:00,0.2738028782765531,0.6000788372140274,0.0508644361988469,0.1623336572377
2013-07-21 05:00:00,1.4820419321052396e-08,0.40926655101240617,-0.007762574337503469,-0.003881279758542074
2013-07-21 06:00:00,6.753716417679502e-10,5.994253990056645e-08,-0.12452106235593058,-0.062260530840279465
2013-07-21 07:00:00,8.052305331829306e-10,3.9532593791426975e-08,-0.1180282487582132,-0.059014123976491334
2013-07-21 08:00:00,7.936208422322457e-10,3.3697915550748e-08,-0.1203402295940887,-0.06017011440023393
2013-07-21 09:00:00,8.914492041681278e-10,3.205262981405957e-08,-0.11761067238550563,-0.05880533574702821
2013-07-21 10:00:00,9.267029051037006e-10,3.282365856279486e-08,-0.11843469036229977,-0.05921734471779843
2013-07-21 11:00:00,9.813421659920372e-10,3.600275783431238e-08,-0.11924435998373381,-0.059622179501195825
2013-07-21 12:00:00,1.017321777162912e-09,3.55200228449416e-08,-0.11924435998373381,-0.059622179483206014
2013-07-21 13:00:00,9.534111100586687e-10,3.3010243387245197e-08,-0.12086369922660192,-0.060431849136595404
2013-07-21 14:00:00,7.676341738017036e-10,3.319013778319578e-08,-0.11679059206331967,-0.058395295647842745
2013-07-21 15:00:00,7.015821747016898e-10,3.486222635667881e-08,-0.11902537635010967,-0.05951268782426374
2013-07-21 16:00:00,5.647964423194972e-10,4.891539253253886e-08,-0.11583584348621126,-0.05791792146070741
2013-07-21 17:00:00,2.9149260380159057e-09,0.18627160248419986,-0.0033930168080565388,-0.0016965069465652504
2013-07-21 18:00:00,1.7754732328106815e-08,0.4251823111455515,0.032149953354936235,0.016074985554834283
2013-07-21 19:00:00,0.28027977696552775,0.5131807718801397,0.03534314161931963,0.15781145929242368
2013-07-21 20:00:00,0.26353241233959945,0.49078522883805314,0.06067274835080274,0.16210258034520109
2013-07-21 21:00:00,0.26358281085398816,0.48857317924897464,-0.00040858432024124463,0.13158711326687345
2013-07-21 22:00:00,0.247108086760474,0.5138183835810795,-0.01574983340644057,0.11567912667701671
2013-07-21 23:00:00,0.2894271992717173,0.5463555297099492,-0.04909809472309039,0.12016455227431344
2013-07-22 00:00:00,0.3315567574137485,0.5675846919124464,-0.04909809472309039,0.14122933134532906
2013-07-22 01:00:00,0.35131622643077365,0.5748166218994241,-0.04909809472309039,0.15110906585384162
2013-07-22 02:00:00,0.3556732693021285,0.578397573697263,-0.04909809472309039,0.15328758728951905
2013-07-22 03:00:00,0.34873976586619954,0.5767229363507633,-0.017711495836831737,0.1655141350146839
2013-07-22 04:00:00,0.35135252517251636,0.5747610167953168,0.0508644361988469,0.20110848068568163
2013-07-22 05:00:00,1.555314804728662e-08,0.4368269292302865,-0.007762574337503469,-0.003881279392177711
2013-07-22 06:00:00,1.5772322519167177e-09,0.11706865957033713,-0.12452106235593058,-0.062260530389349165
2013-07-22 07:00:00,4.141104787473242e-10,2.6425006435655153e-08,-0.1180282487582132,-0.05901412417205136
2013-07-22 08:00:00,5.865117995241485e-10,2.9443042767645904e-08,-0.1203402295940887,-0.06017011450378845
2013-07-22 09:00:00,5.748887913659467e-10,3.064814118664323e-08,-0.11761067238550563,-0.05880533590530842
2013-07-22 10:00:00,5.838495825082165e-10,3.062409498259097e-08,-0.11843469036229977,-0.059217344889225094
2013-07-22 11:00:00,5.928102302366431e-10,3.0437475741792186e-08,-0.11924435998373381,-0.05962217969546179
2013-07-22 12:00:00,5.998942806309245e-10,3.0458557379453915e-08,-0.11924435998373381,-0.05962217969191976
2013-07-22 13:00:00,6.086175421279919e-10,2.9505226135281883e-08,-0.12086369922660192,-0.06043184930899219
2013-07-22 14:00:00,4.979368301144411e-10,2.713973549805597e-08,-0.11679059206331967,-0.05839529578269142
2013-07-22 15:00:00,3.8409246768663965e-10,2.494785814784572e-08,-0.11902537635010967,-0.0595126879830086
2013-07-22 16:00:00,9.598486776598331e-10,0.10013754201857794,-0.11583584348621126,-0.05791792126318129
2013-07-22 17:00:00,3.6119036453764812e-09,0.18439386393243654,-0.0033930168080565388,-0.0016965065980764466
2013-07-22 18:00:00,1.1852713629003963e-08,0.37118727754565084,0.032149953354936235,0.016074982603824933
2013-07-22 19:00:00,8.205653724182754e-05,0.4260983983051917,0.03534314161931963,0.017712599078280728
2013-07-22 20:00:00,7.778312936921971e-05,0.4115990404943939,0.06067274835080274,0.03037526574008598
2013-07-22 21:00:00,8.361923977360619e-05,0.4143307463728645,-0.00040858432024124463,-0.00016248254023381922
2013-07-22 22:00:00,1.7128106971757484e-08,0.3841843150288294,-0.01574983340644057,-0.0078749081391668
2013-07-22 23:00:00,6.225538862503015e-05,0.4210269006629689,-0.04909809472309039,-0.024517919667232678
2013-07-23 00:00:00,8.409533514772423e-05,0.4485173459710531,-0.04909809472309039,-0.024506999693971333
2013-07-23 01:00:00,8.037626194468426e-05,0.45823484958687116,-0.04909809472309039,-0.024508859230572853
2013-07-23 02:00:00,1.937099612002822e-08,0.44860585102546696,-0.04909809472309039,-0.024549037676047134
2013-07-23 03:00:00,1.9263624536101686e-08,0.4460631358030665,-0.017711495836831737,-0.0088557382866036
2013-07-23 04:00:00,9.555939557370308e-05,0.4465540471057718,0.0508644361988469,0.025479997797210302
2013-07-23 05:00:00,7.680975876382961e-09,0.3003771573199649,-0.007762574337503469,-0.0038812833282637965
2013-07-23 06:00:00,1.3246085410263764e-09,0.11023466859787243,-0.12452106235593058,-0.062260530515661015
2013-07-23 07:00:00,4.4897608693392746e-10,2.7532284893950244e-08,-0.1180282487582132,-0.059014124154618555
2013-07-23 08:00:00,5.285943535801704e-10,2.8605539835658824e-08,-0.1203402295940887,-0.060170114532747176
2013-07-23 09:00:00,5.689202140168385e-10,3.0059780767480594e-08,-0.11761067238550563,-0.058805335908292705
2013-07-23 10:00:00,5.807259930283527e-10,3.0693949382414515e-08,-0.11843469036229977,-0.05921734489078689
2013-07-23 11:00:00,5.860895145639573e-10,3.0967730582189835e-08,-0.11924435998373381,-0.05962217969882215
2013-07-23 12:00:00,5.918883361994976e-10,3.0776233623590694e-08,-0.11924435998373381,-0.05962217969592274
2013-07-23 13:00:00,5.673908470789082e-10,2.9061284624725632e-08,-0.12086369922660192,-0.06043184932960554
2013-07-23 14:00:00,4.345226557057991e-10,2.595884144947874e-08,-0.11679059206331967,-0.05839529581439851
2013-07-23 15:00:00,4.52553716475456e-10,4.0543468942521305e-08,-0.11902537635010967,-0.059512687948777974
2013-07-23 16:00:00,1.3536648362030972e-09,0.11194163853124967,-0.11583584348621126,-0.05791792106627321
2013-07-23 17:00:00,3.867121232043787e-09,0.18292421616298546,-0.0033930168080565388,-0.0016965064704676533
2013-07-23 18:00:00,9.524949322586504e-09,0.30439093407433065,0.032149953354936235,0.01607498143994278
2013-07-23 19:00:00,1.1646967359209626e-08,0.3098819605817019,0.03534314161931963,0.017671576633143494
2013-07-23 20:00:00,9.011554308541566e-09,0.2703038132256998,0.06067274835080274,0.030336378681178524
2013-07-23 21:00:00,7.895812064702401e-09,0.25741441342749627,-0.00040858432024124463,-0.00020428821221458996
2013-07-23 22:00:00,7.191314433981566e-09,0.254647272802327,-0.01574983340644057,-0.007874913107563069
2013-07-23 23:00:00,6.9203103799497e-09,0.26119809792562076,-0.04909809472309039,-0.024549043901390004
2013-07-24 00:00:00,6.751381901540981e-09,0.2660799545177735,-0.04909809472309039,-0.02454904398585424
2013-07-24 01:00:00,6.6730344023306085e-09,0.27070424744100285,-0.04909809472309039,-0.024549044025027993
2013-07-24 02:00:00,6.59387767645211e-09,0.27505784458844423,-0.04909809472309039,-0.024549044064606357
2013-07-24 03:00:00,6.555638369697728e-09,0.28209830092113236,-0.017711495836831737,-0.008855744640596684
2013-07-24 04:00:00,6.503974184772545e-09,0.28660379360012317,0.0508644361988469,0.025432221351410544
2013-07-24 05:00:00,3.7093778871569275e-09,0.1926869138863902,-0.007762574337503469,-0.003881285314062791
2013-07-24 06:00:00,1.4768389474519199e-09,0.11232223455128398,-0.12452106235593058,-0.06226053043954582
2013-07-24 07:00:00,5.672868591805283e-10,1.589373755145187e-07,-0.1180282487582132,-0.05901412409546317
2013-07-24 08:00:00,3.759831547324721e-10,2.4217748669272844e-08,-0.1203402295940887,-0.06017011460905277
2013-07-24 09:00:00,4.2707204943879883e-10,2.5419245049771685e-08,-0.11761067238550563,-0.05880533597921679
2013-07-24 10:00:00,4.3567487867670166e-10,2.5411585918113414e-08,-0.11843469036229977,-0.05921734496331244
2013-07-24 11:00:00,4.4756277475571046e-10,2.587050523997191e-08,-0.11924435998373381,-0.059622179768085516
2013-07-24 12:00:00,4.272023362000628e-10,2.5821226680655724e-08,-0.11924435998373381,-0.059622179778265734
2013-07-24 13:00:00,3.9640626494583754e-10,2.5783121324270062e-08,-0.12086369922660192,-0.06043184941509783
2013-07-24 14:00:00,4.953942366383076e-10,4.458930283810514e-08,-0.11679059206331967,-0.058395295783962714
2013-07-24 15:00:00,1.1182845041196324e-09,0.11355942362535443,-0.11902537635010967,-0.05951268761591258
2013-07-24 16:00:00,2.909291259813846e-09,0.16733069107506243,-0.11583584348621126,-0.05791792028846
2013-07-24 17:00:00,6.985044205434341e-09,0.29715608370753144,-0.0033930168080565388,-0.0016965049115061667
2013-07-24 18:00:00,0.11756082984167637,0.4070408505444358,0.032149953354936235,0.0748553915983063
2013-07-24 19:00:00,0.13409481632053422,0.4453197299714944,0.03534314161931963,0.08471897896992692
2013-07-24 20:00:00,0.1394377612663395,0.45193903552157416,0.06067274835080274,0.10005525480857112
2013-07-24 21:00:00,0.2923906307882968,0.4666917229907724,-0.00040858432024124463,0.14599102323402777
2013-07-24 22:00:00,0.37285304050879414,0.5172120749051502,-0.01574983340644057,0.17855160355117677
2013-07-24 23:00:00,0.38145484442911276,0.5279228204495354,-0.04909809472309039,0.16617837485301118
2013-07-25 00:00:00,0.37758564918424203,0.5295625678131993,-0.04909809472309039,0.16424377723057582
2013-07-25 01:00:00,0.39914153831585225,0.5388490737622192,-0.04909809472309039,0.17502172179638092
2013-07-25 02:00:00,0.4196113627416435,0.545923325586048,-0.04909809472309039,0.18525663400927656
2013-07-25 03:00:00,0.4062279692835469,0.5393332094702186,-0.017711495836831737,0.19425823672335757
2013-07-25 04:00:00,0.40800296502438504,0.540625611408716,0.0508644361988469,0.22943370061161597
2013-07-25 05:00:00,9.673490866984802e-09,0.36624426391670695,-0.007762574337503469,-0.003881282332006301
2013-07-25 06:00:00,2.819631100820775e-09,0.15482978719300017,-0.12452106235593058,-0.06226052976814974
2013-07-25 07:00:00,8.55393105185925e-10,0.09091200578167631,-0.1180282487582132,-0.05901412395141005
2013-07-25 08:00:00,3.6215166349897677e-10,3.1582187506711905e-08,-0.1203402295940887,-0.060170114615968516
2013-07-25 09:00:00,3.881243920155114e-10,2.3316291125351663e-08,-0.11761067238550563,-0.05880533599869062
2013-07-25 10:00:00,4.108417250146538e-10,2.3820765654752005e-08,-0.11843469036229977,-0.059217344975729024
2013-07-25 11:00:00,4.329739346930384e-10,2.4574804792541525e-08,-0.11924435998373381,-0.05962217977537994
2013-07-25 12:00:00,4.128508001970747e-10,2.444006524804054e-08,-0.11924435998373381,-0.05962217978544151
2013-07-25 13:00:00,3.5046630505670133e-10,2.2709095174898598e-08,-0.12086369922660192,-0.06043184943806781
2013-07-25 14:00:00,3.987547977065731e-10,3.561081173990144e-08,-0.11679059206331967,-0.05839529583228244
2013-07-25 15:00:00,8.528479131515933e-10,0.09094110686766627,-0.11902537635010967,-0.059512687748630874
2013-07-25 16:00:00,1.7945514692750948e-09,0.13060524340722487,-0.11583584348621126,-0.0579179208458299
2013-07-25 17:00:00,4.924141181329899e-09,0.26613035137753416,-0.0033930168080565388,-0.0016965059419576788
2013-07-25 18:00:00,0.13995274246126788,0.4507256430220976,0.032149953354936235,0.08605134790810205
2013-07-25 19:00:00,0.3805227551867149,0.514906608418574,0.03534314161931963,0.20793294840301726
2013-07-25 20:00:00,0.34108450286616443,0.49394294395786925,0.06067274835080274,0.20087862560848357
2013-07-25 21:00:00,0.17754053699940558,0.4890142519084064,-0.00040858432024124463,0.08856597633958217
2013-07-25 22:00:00,0.1802585762284308,0.48046967887528047,-0.01574983340644057,0.08225437141099512
2013-07-25 23:00:00,0.30514301210324046,0.4921763794937914,-0.04909809472309039,0.12802245869007503
2013-07-26 00:00:00,0.32299625452146374,0.5059474935192698,-0.04909809472309039,0.13694907989918667
2013-07-26 01:00:00,0.3547676309370178,0.5182108560499636,-0.04909809472309039,0.1528347681069637
2013-07-26 02:00:00,0.3856123511881409,0.5311742272225166,-0.04909809472309039,0.16825712823252525
2013-07-26 03:00:00,0.36743458282220604,0.5155956028715223,-0.017711495836831737,0.17486154349268715
2013-07-26 04:00:00,0.36091811087483544,0.5069292454292356,0.0508644361988469,0.20589127353684117
2013-07-26 05:00:00,7.596218706986676e-09,0.33035845029358096,-0.007762574337503469,-0.003881283370642381
2013-07-26 06:00:00,2.0615704544873776e-09,0.13129668879606923,-0.12452106235593058,-0.06226053014718006
2013-07-26 07:00:00,7.71579852638859e-10,0.007797615249743255,-0.1180282487582132,-0.059014123993316674
2013-07-26 08:00:00,4.1022067917975073e-10,2.577990643291789e-08,-0.1203402295940887,-0.06017011459193401
2013-07-26 09:00:00,5.389669951284661e-10,2.9263739540714327e-08,-0.11761067238550563,-0.058805335923269315
2013-07-26 10:00:00,5.01067344511862e-10,2.7558400030608693e-08,-0.11843469036229977,-0.059217344930616214
2013-07-26 11:00:00,4.5138925544935565e-10,2.6002222930223373e-08,-0.11924435998373381,-0.059622179766172276
2013-07-26 12:00:00,4.558604823932006e-10,2.6958563433230697e-08,-0.11924435998373381,-0.05962217976393666
2013-07-26 13:00:00,3.9892139484331613e-10,2.5766061288544573e-08,-0.12086369922660192,-0.06043184941384026
2013-07-26 14:00:00,4.967764733517736e-10,4.497783119788843e-08,-0.11679059206331967,-0.0583952957832716
2013-07-26 15:00:00,1.0967884630351813e-09,0.11113328896468029,-0.11902537635010967,-0.0595126876266606
2013-07-26 16:00:00,2.60543889857947e-09,0.154951758349352,-0.11583584348621126,-0.057917920440386184
2013-07-26 17:00:00,5.561915544181265e-09,0.2757639366073541,-0.0033930168080565388,-0.0016965056230704974
2013-07-26 18:00:00,0.015399519280219176,0.4287775355623864,0.032149953354936235,0.023774736317577705
2013-07-26 19:00:00,0.28608638901466366,0.4852837497341603,0.03534314161931963,0.16071476531699164
2013-07-26 20:00:00,0.28526578325522994,0.4841860842887332,0.06067274835080274,0.17296926580301633
2013-07-26 21:00:00,0.303909497104271,0.49547244283935776,-0.00040858432024124463,0.15175045639201487
2013-07-26 22:00:00,0.3451290194786161,0.5173295909324817,-0.01574983340644057,0.16468959303608774
2013-07-26 23:00:00,0.38182722904450067,0.5334916620888236,-0.04909809472309039,0.16636456716070513
2013-07-27 00:00:00,0.3978271002726847,0.5406672930646393,-0.04909809472309039,0.17436450277479715
2013-07-27 01:00:00,0.4092007445382182,0.5444383599035988,-0.04909809472309039,0.1800513249075639
2013-07-27 02:00:00,0.4260502062408675,0.5525906686566299,-0.04909809472309039,0.18847605575888854
2013-07-27 03:00:00,0.4224996314241022,0.5532292880865372,-0.017711495836831737,0.20239406779363522
2013-07-27 04:00:00,0.42102045250402226,0.5541513419657673,0.0508644361988469,0.23594244435143458
2013-07-27 05:00:00,9.983836844830494e-09,0.3723151232797709,-0.007762574337503469,-0.003881282176833312
2013-07-27 06:00:00,1.4844305358515235e-09,0.12553618411481063,-0.12452106235593058,-0.06226053043575002
2013-07-27 07:00:00,4.504642249159659e-10,2.876574222566955e-08,-0.1180282487582132,-0.05901412415387449
2013-07-27 08:00:00,5.733118155649468e-10,3.003944288960395e-08,-0.1203402295940887,-0.060170114510388444
2013-07-27 09:00:00,6.345098337825137e-10,2.9758581802218486e-08,-0.11761067238550563,-0.0588053358754979
2013-07-27 10:00:00,7.117176406381145e-10,3.064130509034318e-08,-0.11843469036229977,-0.05921734482529106
2013-07-27 11:00:00,5.29710983078605e-10,2.5860843899672278e-08,-0.11924435998373381,-0.059622179727011414
2013-07-27 12:00:00,5.338020301158101e-10,2.6484213370677648e-08,-0.11924435998373381,-0.05962217972496589
2013-07-27 13:00:00,5.392367625284055e-10,2.8002104218021812e-08,-0.12086369922660192,-0.06043184934368258
2013-07-27 14:00:00,5.328791049106899e-10,2.970008169330894e-08,-0.11679059206331967,-0.05839529576522028
2013-07-27 15:00:00,4.199194090082344e-10,3.525107642101083e-08,-0.11902537635010967,-0.05951268796509513
2013-07-27 16:00:00,1.0416586445930302e-09,0.10958727941129855,-0.11583584348621126,-0.057917921222276306
2013-07-27 17:00:00,3.0448001345369306e-09,0.18402865338329424,-0.0033930168080565388,-0.001696506881628202
2013-07-27 18:00:00,6.414699602307789e-09,0.3034871711280321,0.032149953354936235,0.01607497988481792
2013-07-27 19:00:00,8.831541616848725e-09,0.3239603896398624,0.03534314161931963,0.017671575225430624
2013-07-27 20:00:00,7.285942030861243e-09,0.2786877063268561,0.06067274835080274,0.030336377818372385
2013-07-27 21:00:00,6.4438706861364734e-09,0.2573493984500016,-0.00040858432024124463,-0.00020428893818527925
2013-07-27 22:00:00,8.522067859568825e-09,0.2507123747643928,-0.01574983340644057,-0.007874912442186355
2013-07-27 23:00:00,8.240642963876928e-09,0.2419476358869946,-0.04909809472309039,-0.02454904324122371
2013-07-28 00:00:00,9.783726942219001e-09,0.25658031121466474,-0.04909809472309039,-0.024549042469681724
2013-07-28 01:00:00,9.610057884385214e-09,0.26217497971896186,-0.04909809472309039,-0.024549042556516253
2013-07-28 02:00:00,6.666727726485166e-09,0.24428884227051179,-0.04909809472309039,-0.02454904402818133
2013-07-28 03:00:00,5.941379010870644e-09,0.24385901636934218,-0.017711495836831737,-0.008855744947726363
2013-07-28 04:00:00,6.013495071911924e-09,0.2430437467054015,0.0508644361988469,0.025432221106170987
2013-07-28 05:00:00,2.865594149282038e-09,0.1848554492046262,-0.007762574337503469,-0.00388128573595466
2013-07-28 06:00:00,7.60467161842003e-10,5.608152460261656e-08,-0.12452106235593058,-0.06226053079773171
2013-07-28 07:00:00,6.507995607561128e-10,3.483740818560316e-08,-0.1180282487582132,-0.05901412405370682
2013-07-28 08:00:00,7.021710046354037e-10,3.2683960055913046e-08,-0.1203402295940887,-0.06017011444595885
2013-07-28 09:00:00,6.723478961238582e-10,3.249837837313238e-08,-0.11761067238550563,-0.058805335856578864
2013-07-28 10:00:00,6.750190328197739e-10,3.319070812405666e-08,-0.11843469036229977,-0.05921734484364037
2013-07-28 11:00:00,6.825427221696632e-10,3.2720933469953706e-08,-0.11924435998373381,-0.05962217965059555
2013-07-28 12:00:00,6.99903422356469e-10,3.254338822219165e-08,-0.11924435998373381,-0.05962217964191519
2013-07-28 13:00:00,6.738419450376587e-10,3.302634181528573e-08,-0.12086369922660192,-0.06043184927637999
2013-07-28 14:00:00,5.580561183163453e-10,3.3111119258436515e-08,-0.11679059206331967,-0.058395295752631776
2013-07-28 15:00:00,5.653175994118964e-10,3.6489837591982687e-08,-0.11902537635010967,-0.059512687892396034
2013-07-28 16:00:00,1.114783750694667e-09,1.390905048584479e-07,-0.11583584348621126,-0.057917921185713754
2013-07-28 17:00:00,2.7414340923041293e-09,0.20271411188980037,-0.0033930168080565388,-0.0016965070333112232
2013-07-28 18:00:00,6.4071853662205646e-09,0.285676261929163,0.032149953354936235,0.0160749798810608
2013-07-28 19:00:00,6.732330332751377e-09,0.2845984133752652,0.03534314161931963,0.017671574175824982
2013-07-28 20:00:00,7.414130046258019e-09,0.29819263449694045,0.06067274835080274,0.030336377882466393
2013-07-28 21:00:00,8.27608682179919e-09,0.31633401740425526,-0.00040858432024124463,-0.0002042880220772114
2013-07-28 22:00:00,1.032343216180767e-08,0.4189079355068716,-0.01574983340644057,-0.007874911541504204
2013-07-28 23:00:00,1.009352349758707e-08,0.4192983186875197,-0.04909809472309039,-0.024549042314783446
2013-07-29 00:00:00,8.693166079599776e-09,0.4028698982204503,-0.04909809472309039,-0.024549043014962153
2013-07-29 01:00:00,7.716720963701772e-09,0.3901430368017852,-0.04909809472309039,-0.024549043503184712
2013-07-29 02:00:00,7.232983017362732e-09,0.3776369859553076,-0.04909809472309039,-0.024549043745053685
2013-07-29 03:00:00,6.930596324872664e-09,0.3660047067314841,-0.017711495836831737,-0.008855744453117705
2013-07-29 04:00:00,6.134891509888365e-09,0.34881429846761985,0.0508644361988469,0.025432221166869207
2013-07-29 05:00:00,4.289020775312701e-09,0.26691428726525823,-0.007762574337503469,-0.0038812850242413467
2013-07-29 06:00:00,2.7855941384876313e-09,0.18425346746802485,-0.12452106235593058,-0.06226052978516822
2013-07-29 07:00:00,1.1440138017376058e-09,0.1255422977735057,-0.1180282487582132,-0.0590141238070997
2013-07-29 08:00:00,5.098728636246497e-10,5.215068550934204e-08,-0.1203402295940887,-0.06017011454210792
2013-07-29 09:00:00,4.456593756151562e-10,4.2424482714270967e-08,-0.11761067238550563,-0.05880533596992313
2013-07-29 10:00:00,4.302222920551398e-10,4.0769373192331856e-08,-0.11843469036229977,-0.05921734496603874
2013-07-29 11:00:00,4.183289198119337e-10,3.918134222258193e-08,-0.11924435998373381,-0.05962217978270245
2013-07-29 12:00:00,4.3108252597708363e-10,4.040954071502637e-08,-0.11924435998373381,-0.05962217977632564
2013-07-29 13:00:00,5.062539810484153e-10,4.807251855667975e-08,-0.12086369922660192,-0.06043184936017397
2013-07-29 14:00:00,8.925942844000962e-10,1.5447610936415358e-07,-0.11679059206331967,-0.05839529558536269
2013-07-29 15:00:00,1.5669452498408097e-09,0.15539912802538688,-0.11902537635010967,-0.059512687391582206
2013-07-29 16:00:00,3.031376813521449e-09,0.1987632147464767,-0.11583584348621126,-0.05791792022741722
2013-07-29 17:00:00,4.725842239530088e-09,0.24325415867048542,-0.0033930168080565388,-0.0016965060411071496
2013-07-29 18:00:00,1.0405905154156514e-08,0.3371152312535089,0.032149953354936235,0.016074981880420693
2013-07-29 19:00:00,1.157597370386379e-08,0.32747537209908806,0.03534314161931963,0.017671576597646666
2013-07-29 20:00:00,9.48703442403764e-09,0.3034847535466063,0.06067274835080274,0.03033637891891858
2013-07-29 21:00:00,8.599625410206701e-09,0.2804086014173888,-0.00040858432024124463,-0.0002042878603079172
2013-07-29 22:00:00,8.026962834196548e-09,0.2706349986199239,-0.01574983340644057,-0.007874912689738868
2013-07-29 23:00:00,8.182339718838652e-09,0.25566579679077767,-0.04909809472309039,-0.024549043270375336
2013-07-30 00:00:00,6.80620395991947e-09,0.23333825046917459,-0.04909809472309039,-0.024549043958443213
2013-07-30 01:00:00,7.421894552881799e-09,0.22661991863030717,-0.04909809472309039,-0.02454904365059792
2013-07-30 02:00:00,7.255258118763393e-09,0.22099099763684987,-0.04909809472309039,-0.024549043733916136
2013-07-30 03:00:00,6.350731619252119e-09,0.21509653832091255,-0.017711495836831737,-0.00885574474305006
2013-07-30 04:00:00,6.104212099590632e-09,0.212107869763617,0.0508644361988469,0.025432221151529502
2013-07-30 05:00:00,3.799916745235509e-09,0.17124495552957408,-0.007762574337503469,-0.003881285268793362
2013-07-30 06:00:00,1.1561102495664491e-09,0.10002364572284739,-0.12452106235593058,-0.062260530599910165
2013-07-30 07:00:00,4.5428651907634815e-10,2.5756056898624818e-08,-0.1180282487582132,-0.05901412415196334
2013-07-30 08:00:00,5.06446846019665e-10,2.60596703259938e-08,-0.1203402295940887,-0.06017011454382093
2013-07-30 09:00:00,4.941835703215272e-10,2.4549353540816105e-08,-0.11761067238550563,-0.05880533594566103
2013-07-30 10:00:00,4.707432748686035e-10,2.4685806749534685e-08,-0.11843469036229977,-0.059217344945778246
2013-07-30 11:00:00,5.046220609567488e-10,2.4810330037490536e-08,-0.11924435998373381,-0.05962217973955587
2013-07-30 12:00:00,5.2391918943494e-10,2.5103119536917418e-08,-0.11924435998373381,-0.05962217972990731
2013-07-30 13:00:00,5.182777698948305e-10,2.5314273395786304e-08,-0.12086369922660192,-0.06043184935416208
2013-07-30 14:00:00,5.569082330567618e-10,2.7402151193943454e-08,-0.11679059206331967,-0.05839529575320572
2013-07-30 15:00:00,4.6436667814735367e-10,2.6467428141280628e-08,-0.11902537635010967,-0.05951268794287149
2013-07-30 16:00:00,6.146758318633262e-10,4.524672333835415e-08,-0.11583584348621126,-0.05791792143576771
2013-07-30 17:00:00,2.052229125204619e-09,0.1384116978560119,-0.0033930168080565388,-0.0016965073779137067
2013-07-30 18:00:00,4.350366763294383e-09,0.2156563721195846,0.032149953354936235,0.016074978852651498
2013-07-30 19:00:00,6.416902499597848e-09,0.2656027870829547,0.03534314161931963,0.017671574018111067
2013-07-30 20:00:00,1.119812543380238e-08,0.31518043937088935,0.06067274835080274,0.030336379774464087
2013-07-30 21:00:00,7.683898241974219e-08,0.3288848887967989,-0.00040858432024124463,-0.00020425374062941245
2013-07-30 22:00:00,6.405056642157655e-08,0.2766733969621561,-0.01574983340644057,-0.007874884677937075
2013-07-30 23:00:00,5.354741763239281e-08,0.27217871016484557,-0.04909809472309039,-0.024549020587836378
2013-07-31 00:00:00,5.690976589941139e-08,0.2735780680092591,-0.04909809472309039,-0.024549018906662244
2013-07-31 01:00:00,5.835815473349996e-08,0.2667255470605113,-0.04909809472309039,-0.024549018182467828
2013-07-31 02:00:00,5.5039029395143285e-08,0.2559041325306564,-0.04909809472309039,-0.024549019842030496
2013-07-31 03:00:00,6.547373457389154e-08,0.24772280155723198,-0.017711495836831737,-0.008855715181548582
2013-07-31 04:00:00,6.033630956693599e-08,0.24141246311673745,0.0508644361988469,0.025432248267578235
2013-07-31 05:00:00,5.296573270618869e-09,0.17333263543174865,-0.007762574337503469,-0.0038812845204650994
2013-07-31 06:00:00,1.5419389809288888e-09,0.11146887639603807,-0.12452106235593058,-0.0622605304069958
2013-07-31 07:00:00,5.528833140532356e-10,3.5223205565023664e-08,-0.1180282487582132,-0.05901412410266495
2013-07-31 08:00:00,5.283670455880815e-10,3.0032185268512445e-08,-0.1203402295940887,-0.06017011453286083
2013-07-31 09:00:00,5.12968922183095e-10,3.031148306524948e-08,-0.11761067238550563,-0.058805335936268355
2013-07-31 10:00:00,5.239916186737141e-10,2.8950948918679506e-08,-0.11843469036229977,-0.05921734491915408
2013-07-31 11:00:00,5.316695402847066e-10,2.9042518151384447e-08,-0.11924435998373381,-0.059622179726032135
2013-07-31 12:00:00,5.421618004790893e-10,2.991478474523929e-08,-0.11924435998373381,-0.059622179720786005
2013-07-31 13:00:00,5.51670404979948e-10,2.933432808844563e-08,-0.12086369922660192,-0.06043184933746576
2013-07-31 14:00:00,5.072994202595416e-10,2.7369204145898494e-08,-0.11679059206331967,-0.05839529577801012
2013-07-31 15:00:00,4.82054740204865e-10,2.728100528028391e-08,-0.11902537635010967,-0.05951268793402746
2013-07-31 16:00:00,1.1237373879430035e-09,0.10089353148970283,-0.11583584348621126,-0.05791792118123693
2013-07-31 17:00:00,3.419046086329961e-09,0.16734028958513603,-0.0033930168080565388,-0.0016965066945052263
2013-07-31 18:00:00,1.2272676737191562e-08,0.32809034889898675,0.032149953354936235,0.016074982813806486
2013-07-31 19:00:00,7.583200538242842e-05,0.41252052252660115,0.03534314161931963,0.01770948681235103
2013-07-31 20:00:00,9.638244787641525e-05,0.4508404395689706,0.06067274835080274,0.030384565399339578
2013-07-31 21:00:00,0.0001296027042021182,0.4887219630093674,-0.00040858432024124463,-0.0001394908080195632
2013-07-31 22:00:00,0.0001317119461130741,0.500171127595776,-0.01574983340644057,-0.007809060730163748
2013-07-31 23:00:00,0.00011808611804075181,0.48668863880657415,-0.04909809472309039,-0.024490004302524817
2013-08-01 00:00:00,0.0001306584446862858,0.5269384034226411,-0.037328120140743395,-0.018598730848028554
2013-08-01 01:00:00,0.00013558346991334786,0.5208690050008807,-0.03928978257113456,-0.019577099550610606
2013-08-01 02:00:00,9.797162153374303e-05,0.49554448916494154,-0.03536645771035223,-0.017634243044409244
2013-08-01 03:00:00,1.6554409316400715e-08,0.43499013363301753,-0.005136715217754159,-0.0025683493316724215
2013-08-01 04:00:00,1.3427276727923047e-08,0.412238867383728,0.03811969990379633,0.01905985666553653
2013-08-01 05:00:00,7.515628203967103e-09,0.32025785682697255,-0.005687698726342906,-0.002843845605357351
2013-08-01 06:00:00,1.3956598200778443e-09,0.12058409960175191,-0.07906657855780372,-0.03953328858107195
2013-08-01 07:00:00,4.0348161460874584e-10,2.6229800427412127e-08,-0.12415626398613339,-0.06207813179132589
2013-08-01 08:00:00,4.68728791926376e-10,2.618215197435518e-08,-0.1177170182144547,-0.05885850887286295
2013-08-01 09:00:00,4.790077949795901e-10,2.5173522064069447e-08,-0.11656459238610041,-0.05828229595354631
2013-08-01 10:00:00,4.668113434316193e-10,2.38374742883149e-08,-0.11737426200753447,-0.05868713077036156
2013-08-01 11:00:00,4.890192751201756e-10,2.404026863469493e-08,-0.11844903871765984,-0.059224519114320286
2013-08-01 12:00:00,4.688612433372665e-10,2.3750393136728843e-08,-0.11897925289504249,-0.059489626213090625
2013-08-01 13:00:00,4.583229650620994e-10,2.4215367751094548e-08,-0.11982436377206612,-0.05991218165687158
2013-08-01 14:00:00,4.65824202293126e-10,2.5615933509996533e-08,-0.1239503609974653,-0.06197518026582055
2013-08-01 15:00:00,4.07812774362416e-10,2.59806256605232e-08,-0.1278821336453523,-0.06394106661876976
2013-08-01 16:00:00,1.0052330468192035e-09,0.05234945790102633,-0.08885244059737837,-0.04442621979607266
2013-08-01 17:00:00,4.250441778049017e-09,0.22098316864028078,0.0051395121008063725,0.0025697581756240753
2013-08-01 18:00:00,0.00025072992559905014,0.49151520466288334,0.02180981716236026,0.011030273543979655
2013-08-01 19:00:00,0.27119587969139763,0.5084032241362377,0.03951072274349179,0.1553533012174447
2013-08-01 20:00:00,1.3877355328929196e-08,0.4186565132483991,0.07591790518784608,0.03795895953260071
2013-08-01 21:00:00,8.888869127067254e-09,0.32028837659512227,0.01679823494719327,0.008399121918031199
2013-08-01 22:00:00,6.063277439591321e-09,0.26234742028372576,-0.01886835223049232,-0.009434173083607441
2013-08-01 23:00:00,5.993291193743801e-09,0.25412399340157704,-0.03536645771035223,-0.017683225858530518
2013-08-02 00:00:00,5.989856615081892e-09,0.25177630838078835,-0.037328120140743395,-0.01866405707544339
2013-08-02 01:00:00,5.902132070696122e-09,0.2536998143944641,-0.03928978257113456,-0.019644888334501245
2013-08-02 02:00:00,5.847636623275683e-09,0.2571234430223652,-0.03536645771035223,-0.017683225931357804
2013-08-02 03:00:00,5.816211514139317e-09,0.2610845241481675,-0.005136715217754159,-0.0025683547007713226
2013-08-02 04:00:00,5.8556404309328e-09,0.2664517857461731,0.03811969990379633,0.01905985287971838
2013-08-02 05:00:00,6.521923474019586e-09,0.2696618719951241,-0.005687698726342906,-0.0028438461022097157
2013-08-02 06:00:00,9.489069454923903e-10,0.09920773013070003,-0.07906657855780372,-0.03953328880444839
2013-08-02 07:00:00,4.047352497560091e-10,2.5397752344344258e-08,-0.12415626398613339,-0.06207813179069907
2013-08-02 08:00:00,4.5665021753015643e-10,2.541488051153996e-08,-0.1177170182144547,-0.05885850887890224
2013-08-02 09:00:00,5.279259169331836e-10,2.55080395408879e-08,-0.11656459238610041,-0.05828229592908725
2013-08-02 10:00:00,5.641598713851494e-10,2.6336158415514602e-08,-0.11737426200753447,-0.0586871307216873
2013-08-02 11:00:00,5.796820754332613e-10,2.5776625622910778e-08,-0.11844903871765984,-0.05922451906898888
2013-08-02 12:00:00,5.89995464374468e-10,2.5871129438876372e-08,-0.11897925289504249,-0.05948962615252351
2013-08-02 13:00:00,4.992107007067714e-10,2.4923633441653117e-08,-0.11982436377206612,-0.05991218163642771
2013-08-02 14:00:00,4.909266849895538e-10,2.6259386532075053e-08,-0.1239503609974653,-0.061975180253269306
2013-08-02 15:00:00,4.625510670909881e-10,2.69857908542424e-08,-0.1278821336453523,-0.06394106659140061
2013-08-02 16:00:00,7.890625496061434e-10,7.307078279083224e-08,-0.08885244059737837,-0.04442621990415791
2013-08-02 17:00:00,3.5986850191075464e-09,0.19729361775192591,0.0051395121008063725,0.002569757849745696
2013-08-02 18:00:00,1.858606233837159e-07,0.3620101763487363,0.02180981716236026,0.010905001511491822
2013-08-02 19:00:00,9.22743031751286e-08,0.31141562891172186,0.03951072274349179,0.019755407508897482
2013-08-02 20:00:00,3.419807836825484e-08,0.23645114338428327,0.07591790518784608,0.037958969692962224
2013-08-02 21:00:00,7.135379861803961e-09,0.201815794458648,0.01679823494719327,0.008399121041286567
2013-08-02 22:00:00,2.2627493558864748e-08,0.19506331671251897,-0.01886835223049232,-0.00943416480149938
2013-08-02 23:00:00,1.954010166258367e-08,0.19690164754737627,-0.03536645771035223,-0.017683219085125285
2013-08-03 00:00:00,2.214611196340367e-08,0.20954325908989951,-0.037328120140743395,-0.018664048997315715
2013-08-03 01:00:00,3.0539068837265785e-08,0.2412295431577588,-0.03928978257113456,-0.01964487601603286
2013-08-03 02:00:00,3.712799082507941e-08,0.26634793066637896,-0.03536645771035223,-0.017683210291180702
2013-08-03 03:00:00,2.0676253775348973e-08,0.2266482557954386,-0.005136715217754159,-0.002568347270750192
2013-08-03 04:00:00,3.554108393384017e-09,0.18695432461058722,0.03811969990379633,0.019059851728952363
2013-08-03 05:00:00,2.286209650647582e-09,0.15321458380218678,-0.005687698726342906,-0.0028438482200666276
2013-08-03 06:00:00,6.641036593894307e-10,3.6519628941403e-08,-0.07906657855780372,-0.03953328894685003
2013-08-03 07:00:00,6.390321929350423e-10,3.76971038047356e-08,-0.12415626398613339,-0.0620781316735506
2013-08-03 08:00:00,5.854160567692422e-10,3.2016654902543705e-08,-0.1177170182144547,-0.05885850881451932
2013-08-03 09:00:00,5.59831586222209e-10,2.926437238482705e-08,-0.11656459238610041,-0.05828229591313441
2013-08-03 10:00:00,5.591575814930764e-10,2.8704906688149248e-08,-0.11737426200753447,-0.05868713072418844
2013-08-03 11:00:00,5.695435133401813e-10,2.8655309746030085e-08,-0.11844903871765984,-0.059224519074058166
2013-08-03 12:00:00,5.817085451145334e-10,2.8623945563189766e-08,-0.11897925289504249,-0.059489626156666975
2013-08-03 13:00:00,6.036567879020763e-10,3.066777977916291e-08,-0.11982436377206612,-0.059912181584204666
2013-08-03 14:00:00,6.128076064177095e-10,3.1249389347592396e-08,-0.1239503609974653,-0.061975180192328845
2013-08-03 15:00:00,5.993063382725235e-10,3.363391671451645e-08,-0.1278821336453523,-0.06394106652302299
2013-08-03 16:00:00,5.799562140172547e-10,3.580188989753096e-08,-0.08885244059737837,-0.04442622000871108
2013-08-03 17:00:00,1.6755175866425885e-09,0.15380416266505134,0.0051395121008063725,0.0025697568881619796
2013-08-03 18:00:00,6.3649599635704066e-09,0.27701826850402467,0.02180981716236026,0.01090491176366011
2013-08-03 19:00:00,8.292301230181131e-09,0.3118362972281708,0.03951072274349179,0.019755365517896507
2013-08-03 20:00:00,1.1075750577519402e-08,0.3493785248446536,0.07591790518784608,0.03795895813179833
2013-08-03 21:00:00,1.3069100601943825e-08,0.37949871518877276,0.01679823494719327,0.008399124008146935
2013-08-03 22:00:00,1.3287928393426804e-08,0.3953990356204343,-0.01886835223049232,-0.009434169471281964
2013-08-03 23:00:00,1.0946982635556787e-08,0.3900234516331627,-0.03536645771035223,-0.0176832233816848
2013-08-04 00:00:00,9.835451059625394e-09,0.3943513640500408,-0.037328120140743395,-0.01866405515264617
2013-08-04 01:00:00,1.1103952947843282e-08,0.4452690360662284,-0.03928978257113456,-0.019644885733590807
2013-08-04 02:00:00,1.261874863544993e-08,0.48698985549770524,-0.03536645771035223,-0.017683222545801798
2013-08-04 03:00:00,1.2110419260519786e-08,0.48304642302055995,-0.005136715217754159,-0.0025683515536674495
2013-08-04 04:00:00,1.0460389145592578e-08,0.45809265120578796,0.03811969990379633,0.019059855182092737
2013-08-04 05:00:00,5.671570519931041e-09,0.31327719527457815,-0.005687698726342906,-0.002843846527386193
2013-08-04 06:00:00,6.98207472731278e-10,7.086791683476873e-08,-0.07906657855780372,-0.03953328892979812
2013-08-04 07:00:00,5.951782145232593e-10,3.625703164452485e-08,-0.12415626398613339,-0.06207813169547759
2013-08-04 08:00:00,5.420362990836248e-10,3.0602540048832196e-08,-0.1177170182144547,-0.058858508836209196
2013-08-04 09:00:00,6.259475895848413e-10,3.140582776111448e-08,-0.11656459238610041,-0.05828229588007641
2013-08-04 10:00:00,6.346740704245963e-10,3.1868496460755493e-08,-0.11737426200753447,-0.058687130686430194
2013-08-04 11:00:00,6.671449666139421e-10,3.296584881739654e-08,-0.11844903871765984,-0.05922451902525744
2013-08-04 12:00:00,7.044517141111369e-10,3.456589407946409e-08,-0.11897925289504249,-0.059489626095295386
2013-08-04 13:00:00,5.974700432144984e-10,3.289062203754877e-08,-0.11982436377206612,-0.05991218158729804
2013-08-04 14:00:00,6.158940516124734e-10,3.5902385998775544e-08,-0.1239503609974653,-0.06197518019078562
2013-08-04 15:00:00,5.306206557407057e-10,3.5032649347044126e-08,-0.1278821336453523,-0.06394106655736582
2013-08-04 16:00:00,9.419532808415158e-10,1.6514906005711577e-07,-0.08885244059737837,-0.04442621982771255
2013-08-04 17:00:00,3.874782379567977e-09,0.231026993067098,0.0051395121008063725,0.002569757987794376
2013-08-04 18:00:00,0.31163170423320646,0.5625157644280097,0.02180981716236026,0.16672076069778335
2013-08-04 19:00:00,0.31704528173625746,0.5603359908410507,0.03951072274349179,0.1782780022398746
2013-08-04 20:00:00,0.29273953210686693,0.5379906819782257,0.07591790518784608,0.1843287186473565
2013-08-04 21:00:00,0.2778314774415915,0.5241774037366026,0.01679823494719327,0.14731485619439239
2013-08-04 22:00:00,0.00015083793672181821,0.5068467090361226,-0.01886835223049232,-0.009358757146885251
2013-08-04 23:00:00,0.00013541633843152268,0.48877046971565846,-0.03536645771035223,-0.017615520685960354
2013-08-05 00:00:00,1.807873349906537e-08,0.4674182428756218,-0.037328120140743395,-0.01866405103100495
2013-08-05 01:00:00,1.520199904530771e-08,0.44129769923304146,-0.03928978257113456,-0.019644883684567755
2013-08-05 02:00:00,1.3086179450621774e-08,0.4103141343113352,-0.03536645771035223,-0.01768322231208639
2013-08-05 03:00:00,1.048673080917513e-08,0.36647641700434747,-0.005136715217754159,-0.002568352365511675
2013-08-05 04:00:00,9.062215617290142e-09,0.34559525449977985,0.03811969990379633,0.019059854483005973
2013-08-05 05:00:00,6.0834088563758604e-09,0.283015326319224,-0.005687698726342906,-0.0028438463214670246
2013-08-05 06:00:00,1.2837588621064926e-09,0.11059107359623328,-0.07906657855780372,-0.03953328863702243
2013-08-05 07:00:00,3.739292465912126e-10,2.4588188971643278e-08,-0.12415626398613339,-0.06207813180610207
2013-08-05 08:00:00,4.771186393900122e-10,2.6873136590050886e-08,-0.1177170182144547,-0.05885850886866803
2013-08-05 09:00:00,4.4122404531137744e-10,2.3678658201620626e-08,-0.11656459238610041,-0.05828229597243818
2013-08-05 10:00:00,5.016694686174598e-10,2.447569458778428e-08,-0.11737426200753447,-0.0586871307529325
2013-08-05 11:00:00,4.906090759572843e-10,2.3828946880637286e-08,-0.11844903871765984,-0.05922451911352538
2013-08-05 12:00:00,4.637953091348208e-10,2.3533960827605454e-08,-0.11897925289504249,-0.05948962621562359
2013-08-05 13:00:00,4.6316281879140763e-10,2.4336982855894704e-08,-0.11982436377206612,-0.059912181654451654
2013-08-05 14:00:00,4.687251503164411e-10,2.5228449101206028e-08,-0.1239503609974653,-0.06197518026437007
2013-08-05 15:00:00,4.100096784588644e-10,2.5225838307801167e-08,-0.1278821336453523,-0.06394106661767132
2013-08-05 16:00:00,9.836796956072592e-10,0.09862946888181329,-0.08885244059737837,-0.04442621980684934
2013-08-05 17:00:00,2.4803428137079033e-09,0.16159264498507347,0.0051395121008063725,0.0025697572905745932
2013-08-05 18:00:00,5.883083871089486e-09,0.25271579384138687,0.02180981716236026,0.010904911522722065
2013-08-05 19:00:00,5.5844304699144465e-09,0.21800213481382227,0.03951072274349179,0.019755364163961127
2013-08-05 20:00:00,5.6905171840982454e-09,0.19986185388997246,0.07591790518784608,0.03795895543918163
2013-08-05 21:00:00,5.360756673132512e-09,0.19621468853003685,0.01679823494719327,0.008399120153974971
2013-08-05 22:00:00,6.350670275188886e-09,0.1935409807157922,-0.01886835223049232,-0.009434172939911023
2013-08-05 23:00:00,7.943221687970966e-09,0.20752169597395193,-0.03536645771035223,-0.017683224883565274
2013-08-06 00:00:00,7.87864541377905e-09,0.21089197463799533,-0.037328120140743395,-0.01866405613104899
2013-08-06 01:00:00,7.643004117358381e-09,0.2205794416702225,-0.03928978257113456,-0.01964488746406522
2013-08-06 02:00:00,6.0685474090329026e-09,0.2137534201539653,-0.03536645771035223,-0.017683225820902412
2013-08-06 03:00:00,5.264369701185809e-09,0.20745217919275036,-0.005136715217754159,-0.002568354976692229
2013-08-06 04:00:00,5.167772963692938e-09,0.20677655730688466,0.03811969990379633,0.019059852535784648
2013-08-06 05:00:00,3.6758511551896036e-09,0.17716151100593308,-0.005687698726342906,-0.002843847525245875
2013-08-06 06:00:00,1.0152780771014964e-09,0.09452200634044532,-0.07906657855780372,-0.03953328877126282
2013-08-06 07:00:00,5.064892895163043e-10,2.8433373162701275e-08,-0.12415626398613339,-0.062078131739822046
2013-08-06 08:00:00,4.807787098916505e-10,2.7691233019887306e-08,-0.1177170182144547,-0.058858508866837994
2013-08-06 09:00:00,5.575451688095871e-10,2.8136153750528433e-08,-0.11656459238610041,-0.058282295914277624
2013-08-06 10:00:00,5.638417951468172e-10,2.8400582945837623e-08,-0.11737426200753447,-0.05868713072184634
2013-08-06 11:00:00,5.707941320112778e-10,2.8499227986847162e-08,-0.11844903871765984,-0.05922451907343285
2013-08-06 12:00:00,5.276858571099323e-10,2.788773287816086e-08,-0.11897925289504249,-0.05948962618367832
2013-08-06 13:00:00,4.893021161895236e-10,2.817214500659524e-08,-0.11982436377206612,-0.059912181641382005
2013-08-06 14:00:00,4.272123959989836e-10,2.619179808533247e-08,-0.1239503609974653,-0.061975180285126455
2013-08-06 15:00:00,8.545083387924283e-10,4.320471392652207e-07,-0.1278821336453523,-0.06394106639542199
2013-08-06 16:00:00,1.9453789207185874e-09,0.13219030959174888,-0.08885244059737837,-0.04442621932599972
2013-08-06 17:00:00,5.153507431377471e-09,0.2330172621137418,0.0051395121008063725,0.002569758627156902
2013-08-06 18:00:00,0.00010961400615350106,0.3705027958030843,0.02180981716236026,0.01095971558425688
2013-08-06 19:00:00,0.00013369914797502677,0.3946988975459994,0.03951072274349179,0.019822210945733408
2013-08-06 20:00:00,0.20737069810069422,0.4235032695853377,0.07591790518784608,0.14164430164427017
2013-08-06 21:00:00,0.2285240352481925,0.4498040744915651,0.01679823494719327,0.12266113509769289
2013-08-06 22:00:00,0.26844354014906485,0.47846682548692704,-0.01886835223049232,0.12478759395928626
2013-08-06 23:00:00,0.2701200351244692,0.4824582513098761,-0.03536645771035223,0.11737678870705848
2013-08-07 00:00:00,0.2849993891846097,0.4940991840964001,-0.037328120140743395,0.12383563452193316
2013-08-07 01:00:00,0.29681222976027377,0.49137623848366435,-0.03928978257113456,0.1287612235945696
2013-08-07 02:00:00,0.2892364576051643,0.4882215916969669,-0.03536645771035223,0.12693499994740604
2013-08-07 03:00:00,0.32206968976343864,0.5040469990048672,-0.005136715217754159,0.15846648727284224
2013-08-07 04:00:00,0.31474839161200036,0.4941700240160315,0.03811969990379633,0.17643404575789834
2013-08-07 05:00:00,9.126781185310053e-05,0.37133260569305926,-0.005687698726342906,-0.0027982154572449027
2013-08-07 06:00:00,3.8266385000222e-09,0.17866938388476952,-0.07906657855780372,-0.039533287365582606
2013-08-07 07:00:00,1.2089306004290413e-09,0.11592566052862874,-0.12415626398613339,-0.062078131388601396
2013-08-07 08:00:00,5.202609387259469e-10,4.4801806140472246e-08,-0.1177170182144547,-0.058858508847096876
2013-08-07 09:00:00,4.4960119706162854e-10,2.7153192124761667e-08,-0.11656459238610041,-0.0582822959682496
2013-08-07 10:00:00,4.5268457655260223e-10,2.6654012745193258e-08,-0.11737426200753447,-0.05868713077742495
2013-08-07 11:00:00,4.5870552697243516e-10,2.660056970027819e-08,-0.11844903871765984,-0.059224519129477154
2013-08-07 12:00:00,4.4890950286313923e-10,2.6586654605658664e-08,-0.11897925289504249,-0.05948962622306649
2013-08-07 13:00:00,4.3064153708199394e-10,3.587938945410401e-08,-0.11982436377206612,-0.05991218167071229
2013-08-07 14:00:00,5.28875625347145e-10,4.570038883460832e-08,-0.1239503609974653,-0.06197518023429484
2013-08-07 15:00:00,1.1848490483899798e-09,0.11234015554403178,-0.1278821336453523,-0.06394106623025163
2013-08-07 16:00:00,3.118997786040242e-09,0.1618500041051727,-0.08885244059737837,-0.044426218739190296
2013-08-07 17:00:00,6.7139091781172775e-09,0.23798692804546226,0.0051395121008063725,0.002569759407357775
2013-08-07 18:00:00,1.3981335768057644e-08,0.3298672128606326,0.02180981716236026,0.010904915571848015
2013-08-07 19:00:00,9.420327337659935e-09,0.28750632062088066,0.03951072274349179,0.019755366081909562
2013-08-07 20:00:00,7.825544156364592e-09,0.26142527612743427,0.07591790518784608,0.03795895650669512
2013-08-07 21:00:00,7.318729928881251e-09,0.24482333857322824,0.01679823494719327,0.008399121132961599
2013-08-07 22:00:00,7.200726708860622e-09,0.24138281994076005,-0.01886835223049232,-0.009434172514882806
2013-08-07 23:00:00,6.3596388218657165e-09,0.2451166108771145,-0.03536645771035223,-0.017683225675356705
2013-08-08 00:00:00,6.346777815120897e-09,0.25139676925071386,-0.037328120140743395,-0.01866405689698279
2013-08-08 01:00:00,6.472758785000358e-09,0.2581726921449016,-0.03928978257113456,-0.019644888049187886
2013-08-08 02:00:00,5.936521209108788e-09,0.2592563725035821,-0.03536645771035223,-0.01768322588691551
2013-08-08 03:00:00,6.703462858159095e-09,0.2742263054848993,-0.005136715217754159,-0.0025683542571456504
2013-08-08 04:00:00,6.6445972374173e-09,0.27868777231470243,0.03811969990379633,0.019059853274196785
2013-08-08 05:00:00,4.71036465466968e-09,0.22052586363555532,-0.005687698726342906,-0.0028438470079891255
2013-08-08 06:00:00,2.589067524896639e-09,0.15319560914007319,-0.07906657855780372,-0.039533287984368094
2013-08-08 07:00:00,1.0951048212838025e-09,0.11186343043073564,-0.12415626398613339,-0.06207813144551428
2013-08-08 08:00:00,4.818713023307458e-10,4.34044555559079e-08,-0.1177170182144547,-0.058858508866291695
2013-08-08 09:00:00,4.162159887455541e-10,2.6846508491835214e-08,-0.11656459238610041,-0.05828229598494221
2013-08-08 10:00:00,4.2273790790222755e-10,2.685152815268421e-08,-0.11737426200753447,-0.058687130792398276
2013-08-08 11:00:00,4.144561060800204e-10,2.5597339578102474e-08,-0.11844903871765984,-0.059224519151601866
2013-08-08 12:00:00,4.2139026613836055e-10,2.559582331391991e-08,-0.11897925289504249,-0.05948962623682611
2013-08-08 13:00:00,4.2055698371785155e-10,2.5091612357773008e-08,-0.11982436377206612,-0.05991218167575457
2013-08-08 14:00:00,4.750529083882267e-10,3.8938906530027365e-08,-0.1239503609974653,-0.06197518026120619
2013-08-08 15:00:00,7.67374452651371e-10,5.296874794261632e-08,-0.1278821336453523,-0.06394106643898893
2013-08-08 16:00:00,1.3871070543213494e-09,0.11782946087839569,-0.08885244059737837,-0.04442621960513566
2013-08-08 17:00:00,4.406355625714595e-09,0.17407356191584766,0.0051395121008063725,0.002569758253580999
2013-08-08 18:00:00,1.1117618308008609e-08,0.2827864471061345,0.02180981716236026,0.010904914139989284
2013-08-08 19:00:00,1.3729411686959725e-08,0.30386071550942956,0.03951072274349179,0.019755368236451736
2013-08-08 20:00:00,5.7874492328837144e-05,0.31734470285438987,0.07591790518784608,0.03798788984008746
2013-08-08 21:00:00,7.368687363153533e-05,0.34312339231129024,0.01679823494719327,0.008435960910412403
2013-08-08 22:00:00,8.490579698388197e-05,0.3694690305866863,-0.01886835223049232,-0.00939172321675422
2013-08-08 23:00:00,9.55761867317684e-06,0.38493955865649004,-0.03536645771035223,-0.01767845004583953
2013-08-09 00:00:00,2.7670152414117042e-06,0.40534505716256086,-0.037328120140743395,-0.01866267656275099
2013-08-09 01:00:00,3.7203910117942875e-06,0.44161585958721444,-0.03928978257113456,-0.019643031090061384
2013-08-09 02:00:00,0.00012911881745677266,0.48593817676233647,-0.03536645771035223,-0.01761866944644773
2013-08-09 03:00:00,0.0001378525785867853,0.5192416012702655,-0.005136715217754159,-0.002499431319583687
2013-08-09 04:00:00,0.0001438917355901342,0.538743072709593,0.03811969990379633,0.019131795819693233
2013-08-09 05:00:00,1.0695955939991823e-08,0.3647822691142031,-0.005687698726342906,-0.0028438440151934826
2013-08-09 06:00:00,2.9840324535312763e-09,0.17303997868474208,-0.07906657855780372,-0.03953328778688563
2013-08-09 07:00:00,1.0461970026493539e-09,0.10771481908882712,-0.12415626398613339,-0.06207813146996819
2013-08-09 08:00:00,4.699867411022163e-10,4.2303589684704924e-08,-0.1177170182144547,-0.058858508872233976
2013-08-09 09:00:00,4.4013113706642057e-10,2.759224339435761e-08,-0.11656459238610041,-0.058282295972984635
2013-08-09 10:00:00,4.375143503339678e-10,2.7213006209223605e-08,-0.11737426200753447,-0.05868713078501006
2013-08-09 11:00:00,4.3461430241741367e-10,2.720376361796543e-08,-0.11844903871765984,-0.05922451914152277
2013-08-09 12:00:00,4.4419322935132787e-10,2.7965256113890582e-08,-0.11897925289504249,-0.059489626225424634
2013-08-09 13:00:00,4.5401236107311416e-10,2.9370476150195386e-08,-0.11982436377206612,-0.059912181659026884
2013-08-09 14:00:00,4.969648552308627e-10,4.7180858601146e-08,-0.1239503609974653,-0.06197518025025022
2013-08-09 15:00:00,1.0735330523173633e-09,1.5397899704035616e-05,-0.1278821336453523,-0.06394106628590963
2013-08-09 16:00:00,1.9699208510524554e-09,0.1648085986984546,-0.08885244059737837,-0.04442621931372876
2013-08-09 17:00:00,5.5872512316431074e-09,0.2859185603210827,0.0051395121008063725,0.0025697588440288023
2013-08-09 18:00:00,1.6865510346538976e-08,0.49786039232881,0.02180981716236026,0.010904917013935303
2013-08-09 19:00:00,1.6554584252521262e-08,0.47763659337512904,0.03951072274349179,0.01975536964903802
2013-08-09 20:00:00,1.6177432614158198e-08,0.48368326390563143,0.07591790518784608,0.03795896068263935
2013-08-09 21:00:00,1.5331216861116947e-08,0.473389292310199,0.01679823494719327,0.008399125139205066
2013-08-09 22:00:00,1.1548200535718712e-08,0.42944125904677627,-0.01886835223049232,-0.009434170341145893
2013-08-09 23:00:00,1.2943603744837106e-08,0.4363321129440601,-0.03536645771035223,-0.017683222383374244
2013-08-10 00:00:00,1.297163353378043e-08,0.42770986499419233,-0.037328120140743395,-0.018664053584554932
2013-08-10 01:00:00,1.4117744056029751e-08,0.42951727075173934,-0.03928978257113456,-0.01964488422669525
2013-08-10 02:00:00,1.580805166706417e-08,0.43592021827317606,-0.03536645771035223,-0.017683220951150283
2013-08-10 03:00:00,1.563656060332592e-08,0.42780417086036,-0.005136715217754159,-0.002568349790596778
2013-08-10 04:00:00,1.5071384886062564e-08,0.4213023396528094,0.03811969990379633,0.019059857487590606
2013-08-10 05:00:00,7.560094847437938e-09,0.30233634318240243,-0.005687698726342906,-0.0028438455831240293
2013-08-10 06:00:00,1.3222145669495318e-09,0.13094732835405778,-0.07906657855780372,-0.03953328861779458
2013-08-10 07:00:00,4.506273792769819e-10,3.822883123256563e-08,-0.12415626398613339,-0.062078131767753
2013-08-10 08:00:00,5.140431369181681e-10,2.8711487076402194e-08,-0.1177170182144547,-0.05885850885020578
2013-08-10 09:00:00,4.846877017765505e-10,2.6292870265782413e-08,-0.11656459238610041,-0.05828229595070635
2013-08-10 10:00:00,4.750806915409279e-10,2.592945855200979e-08,-0.11737426200753447,-0.058687130766226885
2013-08-10 11:00:00,4.935250377888378e-10,2.6131149509660292e-08,-0.11844903871765984,-0.0592245191120674
2013-08-10 12:00:00,5.098810199778216e-10,2.6420001869605324e-08,-0.11897925289504249,-0.05948962619258073
2013-08-10 13:00:00,5.503775642927295e-10,2.8159334135911166e-08,-0.11982436377206612,-0.05991218161084428
2013-08-10 14:00:00,6.681389475109114e-10,3.226902558287292e-08,-0.1239503609974653,-0.06197518016466318
2013-08-10 15:00:00,5.376400109459564e-10,3.0165857968591226e-08,-0.1278821336453523,-0.06394106655385615
2013-08-10 16:00:00,6.470602874462186e-10,4.996931359338786e-08,-0.08885244059737837,-0.04442621997515904
2013-08-10 17:00:00,2.3162396533907644e-09,0.15195079136793166,0.0051395121008063725,0.002569757208523013
2013-08-10 18:00:00,5.647827985180984e-09,0.2419289355035878,0.02180981716236026,0.010904911405094123
2013-08-10 19:00:00,5.501421783516145e-09,0.2418542864432416,0.03951072274349179,0.019755364122456785
2013-08-10 20:00:00,5.527130697987731e-09,0.24357730494007312,0.07591790518784608,0.03795895535748839
2013-08-10 21:00:00,5.7196448674462816e-09,0.2441534541911855,0.01679823494719327,0.00839912033341907
2013-08-10 22:00:00,7.315308180583209e-09,0.24873588812412456,-0.01886835223049232,-0.00943417245759207
2013-08-10 23:00:00,6.477460058361914e-09,0.24119104467316507,-0.03536645771035223,-0.017683225616446085
2013-08-11 00:00:00,6.4434877779730515e-09,0.24362068173429627,-0.037328120140743395,-0.01866405684862781
2013-08-11 01:00:00,7.411712702690131e-09,0.2590243538774427,-0.03928978257113456,-0.01964488757971093
2013-08-11 02:00:00,8.809649808491428e-09,0.2766131334744421,-0.03536645771035223,-0.017683224450351212
2013-08-11 03:00:00,9.11542833828791e-09,0.2908938360679196,-0.005136715217754159,-0.0025683530511629105
2013-08-11 04:00:00,8.05012229705543e-09,0.29018259329594864,0.03811969990379633,0.019059853976959314
2013-08-11 05:00:00,4.076648160314678e-09,0.2272965579192955,-0.005687698726342906,-0.0028438473248473726
2013-08-11 06:00:00,7.626926230938682e-10,6.247217415456342e-08,-0.07906657855780372,-0.03953328889755555
2013-08-11 07:00:00,7.794749382609859e-10,3.842360534356216e-08,-0.12415626398613339,-0.06207813160332922
2013-08-11 08:00:00,7.203357151685166e-10,3.449125678130744e-08,-0.1177170182144547,-0.05885850874705949
2013-08-11 09:00:00,6.578133145565229e-10,3.162677234876228e-08,-0.11656459238610041,-0.058282295864143546
2013-08-11 10:00:00,6.64133116011681e-10,3.25326934926979e-08,-0.11737426200753447,-0.05868713067170068
2013-08-11 11:00:00,7.011401137490644e-10,3.2926075953198264e-08,-0.11844903871765984,-0.05922451900825986
2013-08-11 12:00:00,7.325708306515818e-10,3.4059853717657874e-08,-0.11897925289504249,-0.05948962608123583
2013-08-11 13:00:00,7.626434555473403e-10,3.532784661316635e-08,-0.11982436377206612,-0.05991218150471133
2013-08-11 14:00:00,7.831956630038918e-10,3.7818319086420655e-08,-0.1239503609974653,-0.06197518010713482
2013-08-11 15:00:00,7.781577262280834e-10,3.734643268488467e-08,-0.1278821336453523,-0.06394106643359729
2013-08-11 16:00:00,6.088469626975486e-10,3.548024618669583e-08,-0.08885244059737837,-0.04442621999426571
2013-08-11 17:00:00,1.763262354435662e-09,0.11924399474856426,0.0051395121008063725,0.0025697569320343636
2013-08-11 18:00:00,4.8092801331470365e-09,0.23573954697833294,0.02180981716236026,0.010904910985820197
2013-08-11 19:00:00,4.809893220349893e-09,0.23522279077744568,0.03951072274349179,0.019755363776692503
2013-08-11 20:00:00,4.844045783382464e-09,0.2318401176465506,0.07591790518784608,0.037958955015945935
2013-08-11 21:00:00,4.8491739232366525e-09,0.22367963387333784,0.01679823494719327,0.008399119898183597
2013-08-11 22:00:00,4.124347376932974e-09,0.20983594749347845,-0.01886835223049232,-0.009434174053072472
2013-08-11 23:00:00,4.122246177755097e-09,0.2125922557912752,-0.03536645771035223,-0.017683226794053028
2013-08-12 00:00:00,4.122265444976965e-09,0.21058070802423096,-0.037328120140743395,-0.018664058009238975
2013-08-12 01:00:00,4.122260188459939e-09,0.20817572277001842,-0.03928978257113456,-0.019644889224437186
2013-08-12 02:00:00,4.1222523518562676e-09,0.20945098227877296,-0.03536645771035223,-0.01768322679404994
2013-08-12 03:00:00,4.809327568249471e-09,0.20988292153001972,-0.005136715217754159,-0.0025683552042132956
2013-08-12 04:00:00,4.809291628374685e-09,0.21143652093781126,0.03811969990379633,0.01905985235654398
2013-08-12 05:00:00,3.7553950434382034e-09,0.18619907648058748,-0.005687698726342906,-0.002843847485473931
2013-08-12 06:00:00,1.066748617993563e-09,0.0986217358996229,-0.07906657855780372,-0.03953328874552755
2013-08-12 07:00:00,5.120079571552574e-10,2.9100082889121404e-08,-0.12415626398613339,-0.06207813173706271
2013-08-12 08:00:00,4.924423885842879e-10,2.7823242515535957e-08,-0.1177170182144547,-0.05885850886100615
2013-08-12 09:00:00,4.664899344048724e-10,2.6280661217927168e-08,-0.11656459238610041,-0.05828229595980524
2013-08-12 10:00:00,4.71009252474198e-10,2.6677073862165156e-08,-0.11737426200753447,-0.0586871307682626
2013-08-12 11:00:00,4.837638204538717e-10,2.7553557322158646e-08,-0.11844903871765984,-0.05922451911694801
2013-08-12 12:00:00,4.97573014973805e-10,2.7975571620551568e-08,-0.11897925289504249,-0.05948962619873474
2013-08-12 13:00:00,4.74159074400747e-10,2.7115982511200646e-08,-0.11982436377206612,-0.059912181648953525
2013-08-12 14:00:00,4.5920612255727104e-10,2.81488113675352e-08,-0.1239503609974653,-0.06197518026912959
2013-08-12 15:00:00,5.447126421810777e-10,4.426191247265955e-08,-0.1278821336453523,-0.06394106655031984
2013-08-12 16:00:00,1.2606690595854716e-09,0.0010370702515869637,-0.08885244059737837,-0.04442621966835466
2013-08-12 17:00:00,2.838818117027061e-09,0.17667126863353516,0.0051395121008063725,0.002569757469812245
2013-08-12 18:00:00,5.512808488183691e-09,0.26580981068991777,0.02180981716236026,0.010904911337584373
2013-08-12 19:00:00,5.510856694574144e-09,0.270014941443725,0.03951072274349179,0.01975536412717424
2013-08-12 20:00:00,5.655781634405473e-09,0.2738341659332529,0.07591790518784608,0.03795895542181386
2013-08-12 21:00:00,5.747020170580338e-09,0.27083726846503436,0.01679823494719327,0.008399120347106721
2013-08-12 22:00:00,8.131857376146337e-09,0.29852384935758985,-0.01886835223049232,-0.009434172049317473
2013-08-12 23:00:00,6.3407475044731356e-09,0.2815168598186531,-0.03536645771035223,-0.017683225684802364
2013-08-13 00:00:00,5.556576400069817e-09,0.25644761550695483,-0.037328120140743395,-0.018664057292083498
2013-08-13 01:00:00,5.079532261169562e-09,0.23738481164474964,-0.03928978257113456,-0.01964488874580115
2013-08-13 02:00:00,4.969219546701659e-09,0.2250345966721797,-0.03536645771035223,-0.01768322637056634
2013-08-13 03:00:00,5.085027142011584e-09,0.21912779616881647,-0.005136715217754159,-0.0025683550663635085
2013-08-13 04:00:00,5.672419820147308e-09,0.2124072750208192,0.03811969990379633,0.019059852788108074
2013-08-13 05:00:00,4.3627216777890646e-09,0.1844336926212885,-0.005687698726342906,-0.002843847181810614
2013-08-13 06:00:00,1.1523699201993487e-09,0.10201441768684213,-0.07906657855780372,-0.0395332887027169
2013-08-13 07:00:00,4.374118447640515e-10,2.5986360580167542e-08,-0.12415626398613339,-0.06207813177436077
2013-08-13 08:00:00,4.843980457088082e-10,2.816576619656338e-08,-0.1177170182144547,-0.058858508865028324
2013-08-13 09:00:00,4.673952334448915e-10,2.5942276533817336e-08,-0.11656459238610041,-0.05828229595935259
2013-08-13 10:00:00,4.788263244334977e-10,2.6379420801829928e-08,-0.11737426200753447,-0.05868713076435407
2013-08-13 11:00:00,4.84997054319466e-10,2.6470062513642968e-08,-0.11844903871765984,-0.05922451911633139
2013-08-13 12:00:00,4.99570029650572e-10,2.7101224374379306e-08,-0.11897925289504249,-0.059489626197736234
2013-08-13 13:00:00,5.117533875982468e-10,2.7087842699004192e-08,-0.11982436377206612,-0.059912181630156366
2013-08-13 14:00:00,5.387254144576232e-10,2.8137005829458715e-08,-0.1239503609974653,-0.061975180229369944
2013-08-13 15:00:00,5.721225811839654e-10,2.8412217008422554e-08,-0.1278821336453523,-0.06394106653661487
2013-08-13 16:00:00,6.434262172224899e-10,4.4873573218831764e-08,-0.08885244059737837,-0.04442621997697608
2013-08-13 17:00:00,2.5958332404241353e-09,0.1341820892136114,0.0051395121008063725,0.0025697573483198064
2013-08-13 18:00:00,4.857768726712148e-09,0.19259080171010834,0.02180981716236026,0.010904911010064492
2013-08-13 19:00:00,4.880020458384281e-09,0.19567729122783742,0.03951072274349179,0.019755363811756122
2013-08-13 20:00:00,4.880898425857614e-09,0.19674375362137553,0.07591790518784608,0.03795895503437225
2013-08-13 21:00:00,4.876695043927548e-09,0.1946477983899716,0.01679823494719327,0.008399119911944157
2013-08-13 22:00:00,4.857943819453702e-09,0.1898341122298877,-0.01886835223049232,-0.009434173686274252
2013-08-13 23:00:00,4.831537718338587e-09,0.1864310698647229,-0.03536645771035223,-0.017683226439407257
2013-08-14 00:00:00,4.845792024655235e-09,0.183684062700887,-0.037328120140743395,-0.018664057647475685
2013-08-14 01:00:00,4.902818571562968e-09,0.1839078536845258,-0.03928978257113456,-0.019644888834157992
2013-08-14 02:00:00,4.997845146935894e-09,0.1903007276691165,-0.03536645771035223,-0.017683226356253544
2013-08-14 03:00:00,5.321185292321084e-09,0.1984642625919062,-0.005136715217754159,-0.0025683549482844333
2013-08-14 04:00:00,5.811332712466042e-09,0.21043695663283918,0.03811969990379633,0.01905985285756452
2013-08-14 05:00:00,6.94041056576491e-09,0.2197817042785318,-0.005687698726342906,-0.00284384589296617
2013-08-14 06:00:00,1.0660206999673524e-09,0.0848421356783301,-0.07906657855780372,-0.03953328874589151
2013-08-14 07:00:00,4.5427346354018757e-10,2.4762357186997728e-08,-0.12415626398613339,-0.06207813176592996
2013-08-14 08:00:00,4.873449784376943e-10,2.6874619367521228e-08,-0.1177170182144547,-0.058858508863554856
2013-08-14 09:00:00,4.663024136761546e-10,2.5563230055994413e-08,-0.11656459238610041,-0.058282295959899
2013-08-14 10:00:00,4.739384773969534e-10,2.4803619338767154e-08,-0.11737426200753447,-0.058687130766798
2013-08-14 11:00:00,4.840446895072782e-10,2.511841962278001e-08,-0.11844903871765984,-0.059224519116807574
2013-08-14 12:00:00,5.013828558655095e-10,2.6083966358831704e-08,-0.11897925289504249,-0.05948962619682982
2013-08-14 13:00:00,5.162948988671544e-10,2.603269413037855e-08,-0.11982436377206612,-0.05991218162788561
2013-08-14 14:00:00,4.979001345627891e-10,2.6724388657878056e-08,-0.1239503609974653,-0.06197518024978258
2013-08-14 15:00:00,4.997952906794733e-10,2.749658034301808e-08,-0.1278821336453523,-0.06394106657277851
2013-08-14 16:00:00,1.1773756662750939e-09,0.07687321522336074,-0.08885244059737837,-0.04442621971000135
2013-08-14 17:00:00,4.485005905973508e-09,0.18630049489569425,0.0051395121008063725,0.002569758292906139
2013-08-14 18:00:00,7.954157645731286e-05,0.38416697284053425,0.02180981716236026,0.010944679369408785
2013-08-14 19:00:00,8.835730198485765e-05,0.41275112656734936,0.03951072274349179,0.019799540022738323
2013-08-14 20:00:00,8.501782892489884e-05,0.41516942310428223,0.07591790518784608,0.03800146150838549
2013-08-14 21:00:00,8.339272295241174e-05,0.42048339547125796,0.01679823494719327,0.008440813835072841
2013-08-14 22:00:00,1.7216423280258747e-08,0.3918804400847648,-0.01886835223049232,-0.00943416750703452
2013-08-14 23:00:00,1.4561449005778076e-08,0.3869791758172147,-0.03536645771035223,-0.017683221574451614
2013-08-15 00:00:00,1.2612453316948469e-08,0.38222036184668307,-0.037328120140743395,-0.01866405376414504
2013-08-15 01:00:00,1.0867414453696724e-08,0.3722921799569356,-0.03928978257113456,-0.019644885851860052
2013-08-15 02:00:00,1.0168824347134786e-08,0.369147627917138,-0.03536645771035223,-0.017683223770763944
2013-08-15 03:00:00,9.672822527947782e-09,0.36897809154915334,-0.005136715217754159,-0.0025683527724658156
2013-08-15 04:00:00,9.089482381883063e-09,0.36517411977699377,0.03811969990379633,0.019059854496639356
2013-08-15 05:00:00,8.843559719051941e-09,0.36459155864211495,-0.005687698726342906,-0.0028438449413915935
2013-08-15 06:00:00,1.0457721082636363e-09,0.11061930601398741,-0.07906657855780372,-0.039533288756015805
2013-08-15 07:00:00,4.802604530815566e-10,2.917334480044149e-08,-0.12415626398613339,-0.062078131752936465
2013-08-15 08:00:00,4.886733660743436e-10,2.620337009336642e-08,-0.1177170182144547,-0.058858508862890666
2013-08-15 09:00:00,5.004948340706657e-10,2.553680946255689e-08,-0.11656459238610041,-0.058282295942802785
2013-08-15 10:00:00,5.224796201738682e-10,2.5947869027797914e-08,-0.11737426200753447,-0.058687130742527426
2013-08-15 11:00:00,4.782688064221971e-10,2.472468716151834e-08,-0.11844903871765984,-0.05922451911969552
2013-08-15 12:00:00,5.003993496223584e-10,2.586079561408799e-08,-0.11897925289504249,-0.05948962619732157
2013-08-15 13:00:00,4.833034886099014e-10,2.6634137885396273e-08,-0.11982436377206612,-0.059912181644381314
2013-08-15 14:00:00,4.5561441646807954e-10,2.768660516023221e-08,-0.1239503609974653,-0.06197518027092544
2013-08-15 15:00:00,4.719002035051224e-10,3.1288350662191175e-08,-0.1278821336453523,-0.06394106658672605
2013-08-15 16:00:00,1.132902049003352e-09,0.10059983540061901,-0.08885244059737837,-0.04442621973223816
2013-08-15 17:00:00,3.1704286560944167e-09,0.2030922209649427,0.0051395121008063725,0.002569757635617514
2013-08-15 18:00:00,6.361156028745587e-09,0.3227185204073019,0.02180981716236026,0.010904911761758144
2013-08-15 19:00:00,6.35040789566027e-09,0.3047438080087233,0.03951072274349179,0.01975536454694984
2013-08-15 20:00:00,5.5641733317557425e-09,0.2843613588420442,0.07591790518784608,0.037958955376009705
2013-08-15 21:00:00,5.523356771361789e-09,0.26872352851021697,0.01679823494719327,0.008399120235275021
2013-08-15 22:00:00,4.819861561030556e-09,0.2540960077827771,-0.01886835223049232,-0.00943417370531538
2013-08-15 23:00:00,4.81376926489457e-09,0.24800800335214987,-0.03536645771035223,-0.017683226448291484
2013-08-16 00:00:00,4.818882470988772e-09,0.24709104961916983,-0.037328120140743395,-0.01866405766093046
2013-08-16 01:00:00,4.82567546239293e-09,0.2506057515222394,-0.03928978257113456,-0.019644888872729548
2013-08-16 02:00:00,4.82960016348776e-09,0.25743946178385435,-0.03536645771035223,-0.017683226440376034
2013-08-16 03:00:00,4.8346809010631e-09,0.2605135394463588,-0.005136715217754159,-0.002568355191536629
2013-08-16 04:00:00,5.523610612804718e-09,0.2620293306556335,0.03811969990379633,0.01905985271370347
2013-08-16 05:00:00,4.7649960843138394e-09,0.23600735597892622,-0.005687698726342906,-0.0028438469806734107
2013-08-16 06:00:00,1.0825804763413163e-09,0.10846426417624164,-0.07906657855780372,-0.039533288737611624
2013-08-16 07:00:00,5.322415215568469e-10,3.087661250044472e-08,-0.12415626398613339,-0.062078131726945936
2013-08-16 08:00:00,5.801462295817049e-10,2.992282921513066e-08,-0.1177170182144547,-0.05885850881715424
2013-08-16 09:00:00,5.199669601415595e-10,2.577167864281266e-08,-0.11656459238610041,-0.058282295933066726
2013-08-16 10:00:00,5.491780274986395e-10,2.549798614999844e-08,-0.11737426200753447,-0.05868713072917822
2013-08-16 11:00:00,5.507318204745523e-10,2.5601115702234507e-08,-0.11844903871765984,-0.05922451908346401
2013-08-16 12:00:00,5.00095880549301e-10,2.4911110263697985e-08,-0.11897925289504249,-0.059489626197473305
2013-08-16 13:00:00,5.021899905370281e-10,2.6010435794862258e-08,-0.11982436377206612,-0.05991218163493807
2013-08-16 14:00:00,5.332179674314316e-10,2.7963809141082645e-08,-0.1239503609974653,-0.061975180232123665
2013-08-16 15:00:00,4.3002481390531406e-10,2.634763098298962e-08,-0.1278821336453523,-0.06394106660766374
2013-08-16 16:00:00,9.159744301201928e-10,0.06138402758425051,-0.08885244059737837,-0.04442621984070197
2013-08-16 17:00:00,3.0371548274345368e-09,0.19139709039802827,0.0051395121008063725,0.0025697575689806
2013-08-16 18:00:00,7.371678386937724e-09,0.33926454194126776,0.02180981716236026,0.010904912267019323
2013-08-16 19:00:00,8.619888723845157e-09,0.3365374333305788,0.03951072274349179,0.019755365681690257
2013-08-16 20:00:00,1.197145733218973e-08,0.350293237225588,0.07591790518784608,0.0379589585796517
2013-08-16 21:00:00,1.8252407838882688e-08,0.3703591777041399,0.01679823494719327,0.008399126599800555
2013-08-16 22:00:00,9.205346402298453e-07,0.3840306290440145,-0.01886835223049232,-0.009433715847926046
2013-08-16 23:00:00,1.0573344387332648e-06,0.40879281867575384,-0.03536645771035223,-0.01768270018795675
2013-08-17 00:00:00,1.1693009070111798e-06,0.4403530680724087,-0.037328120140743395,-0.018663475419918193
2013-08-17 01:00:00,1.2785112826640943e-06,0.47243967538083426,-0.03928978257113456,-0.019644252029925948
2013-08-17 02:00:00,1.4640202962660664e-06,0.5097913805980995,-0.03536645771035223,-0.017682496845027984
2013-08-17 03:00:00,1.6524654627326307e-06,0.5339638350630488,-0.005136715217754159,-0.002567531376145713
2013-08-17 04:00:00,1.7864156769850672e-06,0.5534325869573057,0.03811969990379633,0.019060743159736656
2013-08-17 05:00:00,1.9460440884668603e-06,0.5673012499906551,-0.005687698726342906,-0.0028428763411272196
2013-08-17 06:00:00,1.730651670663165e-09,0.15612865788682134,-0.07906657855780372,-0.03953328841357602
2013-08-17 07:00:00,6.351345685407417e-10,3.733160816505682e-08,-0.12415626398613339,-0.06207813167549941
2013-08-17 08:00:00,5.989095598544052e-10,3.212858442512121e-08,-0.1177170182144547,-0.05885850880777257
2013-08-17 09:00:00,5.802155520271024e-10,3.0270963605015456e-08,-0.11656459238610041,-0.05828229590294243
2013-08-17 10:00:00,5.818713743127957e-10,2.9453029673649742e-08,-0.11737426200753447,-0.05868713071283155
2013-08-17 11:00:00,5.994178674257337e-10,2.9710215076604083e-08,-0.11844903871765984,-0.05922451905912099
2013-08-17 12:00:00,6.27559404281621e-10,3.0846437614110375e-08,-0.11897925289504249,-0.05948962613374154
2013-08-17 13:00:00,6.466505815424061e-10,3.179996859552795e-08,-0.11982436377206612,-0.05991218156270777
2013-08-17 14:00:00,5.386506540516819e-10,3.040266650990143e-08,-0.1239503609974653,-0.061975180229407324
2013-08-17 15:00:00,5.343021527936706e-10,3.285225883758533e-08,-0.1278821336453523,-0.06394106655552508
2013-08-17 16:00:00,8.449586991803031e-10,6.470001973262924e-08,-0.08885244059737837,-0.04442621987620984
2013-08-17 17:00:00,2.4150756440815953e-09,0.2050177342098362,0.0051395121008063725,0.002569757257941008
2013-08-17 18:00:00,5.13182015902518e-09,0.34176859641505214,0.02180981716236026,0.01090491114709021
2013-08-17 19:00:00,4.992411270983509e-09,0.32689552744580586,0.03951072274349179,0.019755363867951528
2013-08-17 20:00:00,4.196973710410595e-09,0.30917507808372213,0.07591790518784608,0.037958954692409896
2013-08-17 21:00:00,4.1612481955804845e-09,0.2878213300446397,0.01679823494719327,0.008399119554220734
2013-08-17 22:00:00,3.46407261851823e-09,0.24588279877860605,-0.01886835223049232,-0.009434174383209851
2013-08-17 23:00:00,3.4642395101644593e-09,0.23796221749725066,-0.03536645771035223,-0.01768322712305636
2013-08-18 00:00:00,3.462354960210884e-09,0.22956904808462275,-0.037328120140743395,-0.01866405833919422
2013-08-18 01:00:00,3.4593710455648513e-09,0.2187146554678724,-0.03928978257113456,-0.019644889555881756
2013-08-18 02:00:00,3.4574392396612054e-09,0.16428056870110516,-0.03536645771035223,-0.017683227126456497
2013-08-18 03:00:00,3.453810137864731e-09,0.11571618576186604,-0.005136715217754159,-0.0025683558819720106
2013-08-18 04:00:00,3.4490046058200657e-09,0.08543965218025328,0.03811969990379633,0.019059851676400466
2013-08-18 05:00:00,2.8468508309196906e-09,6.83935243123048e-07,-0.005687698726342906,-0.0028438479397460375
2013-08-18 06:00:00,8.440072938300088e-10,4.281356348351747e-08,-0.07906657855780372,-0.03953328885689821
2013-08-18 07:00:00,7.971696012878729e-10,3.901587934890199e-08,-0.12415626398613339,-0.06207813159448189
2013-08-18 08:00:00,7.500707674892535e-10,3.5895467832687456e-08,-0.1177170182144547,-0.058858508732191964
2013-08-18 09:00:00,7.125465087122384e-10,3.338676414430765e-08,-0.11656459238610041,-0.05828229583677695
2013-08-18 10:00:00,7.027093798472302e-10,3.382041114348486e-08,-0.11737426200753447,-0.058687130652412545
2013-08-18 11:00:00,7.21157606748068e-10,3.3718861520405884e-08,-0.11844903871765984,-0.05922451899825112
2013-08-18 12:00:00,7.495567844499061e-10,3.4033438515600805e-08,-0.11897925289504249,-0.05948962607274286
2013-08-18 13:00:00,7.805676952074317e-10,3.452647908297063e-08,-0.11982436377206612,-0.059912181495749214
2013-08-18 14:00:00,6.736255214345704e-10,3.458140090188382e-08,-0.1239503609974653,-0.06197518016191989
2013-08-18 15:00:00,7.164237990664454e-10,3.855409048450647e-08,-0.1278821336453523,-0.06394106646446425
2013-08-18 16:00:00,9.288378486353853e-10,6.912195860688039e-08,-0.08885244059737837,-0.04442621983427026
2013-08-18 17:00:00,3.040783314214847e-09,0.17535546060202392,0.0051395121008063725,0.0025697575707948435
2013-08-18 18:00:00,7.763885768789279e-09,0.2542457241827853,0.02180981716236026,0.010904912463123015
2013-08-18 19:00:00,8.085152444646503e-09,0.2826145763745689,0.03951072274349179,0.019755365414322115
2013-08-18 20:00:00,8.999500995668794e-09,0.3117347233956036,0.07591790518784608,0.037958957093673536
2013-08-18 21:00:00,1.1738886072005498e-08,0.35728838423524767,0.01679823494719327,0.008399123343039671
2013-08-18 22:00:00,1.6933657512276227e-08,0.38971733622112387,-0.01886835223049232,-0.009434167648417405
2013-08-18 23:00:00,1.7612836012572832e-08,0.41072183520852695,-0.03536645771035223,-0.017683220048758108
2013-08-19 00:00:00,1.9479875464030655e-08,0.44942222237068663,-0.037328120140743395,-0.018664050330433966
2013-08-19 01:00:00,0.00010176898654562544,0.49695840752377557,-0.03928978257113456,-0.019594006792294467
2013-08-19 02:00:00,0.0001391916006805143,0.5152418721823413,-0.03536645771035223,-0.017613633054835858
2013-08-19 03:00:00,0.28142493166925336,0.5650029033996332,-0.005136715217754159,0.1381441082257496
2013-08-19 04:00:00,0.34682732142057904,0.5424439087092071,0.03811969990379633,0.19247351066218768
2013-08-19 05:00:00,0.22790258710015507,0.44268921105094505,-0.005687698726342906,0.11110744418690609
2013-08-19 06:00:00,5.88407260177523e-09,0.26334269529515025,-0.07906657855780372,-0.03953328633686556
2013-08-19 07:00:00,2.211798679404975e-09,0.16567807228127363,-0.12415626398613339,-0.062078130887167356
2013-08-19 08:00:00,1.1059473498507562e-09,1.4100411750029346e-07,-0.1177170182144547,-0.058858508554253675
2013-08-19 09:00:00,9.476161115952306e-10,6.635132856327722e-08,-0.11656459238610041,-0.05828229571924215
2013-08-19 10:00:00,8.548667322743972e-10,6.004890289772612e-08,-0.11737426200753447,-0.05868713057633387
2013-08-19 11:00:00,7.854821148884988e-10,5.46389113137451e-08,-0.11844903871765984,-0.059224518966088865
2013-08-19 12:00:00,8.06412686094719e-10,5.5697434724931485e-08,-0.11897925289504249,-0.0594896260443149
2013-08-19 13:00:00,8.659213358884337e-10,5.947062134513034e-08,-0.11982436377206612,-0.059912181453072394
2013-08-19 14:00:00,9.752312776395767e-10,1.2450037285804642e-07,-0.1239503609974653,-0.061975180011117015
2013-08-19 15:00:00,1.4775889631461663e-09,0.13296172868639797,-0.1278821336453523,-0.06394106608388167
2013-08-19 16:00:00,2.9934509101380945e-09,0.16944824679939421,-0.08885244059737837,-0.044426218801963735
2013-08-19 17:00:00,7.712005651001275e-09,0.27542137473099965,0.0051395121008063725,0.002569759906406012
2013-08-19 18:00:00,0.00012358780821398107,0.35282946995310654,0.02180981716236026,0.01096670248528712
2013-08-19 19:00:00,0.0001024460223837549,0.3395355308612941,0.03951072274349179,0.01980658438293777
2013-08-19 20:00:00,0.00010860295489532755,0.3355672445607666,0.07591790518784608,0.038013254071370704
2013-08-19 21:00:00,7.243141213729403e-05,0.3292744660305873,0.01679823494719327,0.008435333179665282
2013-08-19 22:00:00,1.0799530354343764e-08,0.294828512840151,-0.01886835223049232,-0.009434170715480984
2013-08-19 23:00:00,1.2702751940552839e-08,0.3093073173345491,-0.03536645771035223,-0.017683222503800146
2013-08-20 00:00:00,5.177406210277734e-05,0.3412839281283091,-0.037328120140743395,-0.01863817303932031
2013-08-20 01:00:00,7.348622085391482e-05,0.3578986161940502,-0.03928978257113456,-0.01960814817514032
2013-08-20 02:00:00,8.444111905753815e-05,0.37075471156350936,-0.03536645771035223,-0.017641008295647347
2013-08-20 03:00:00,0.00013814283347833296,0.37000311456401047,-0.005136715217754159,-0.002499286192137913
2013-08-20 04:00:00,0.0001330680042317192,0.3722685653591163,0.03811969990379633,0.019126383954014024
2013-08-20 05:00:00,1.2456430347745198e-08,0.34203500645373935,-0.005687698726342906,-0.0028438431349562788
2013-08-20 06:00:00,2.5949694992361475e-09,0.1446855513043642,-0.07906657855780372,-0.03953328798141711
2013-08-20 07:00:00,9.09617713362678e-10,0.09106687998350878,-0.12415626398613339,-0.062078131538257836
2013-08-20 08:00:00,4.1076474681133087e-10,3.5729967269722894e-08,-0.1177170182144547,-0.05885850890184498
2013-08-20 09:00:00,3.6681235241193435e-10,3.1616265523376396e-08,-0.11656459238610041,-0.058282296009644026
2013-08-20 10:00:00,3.9071399432044e-10,3.474720874141967e-08,-0.11737426200753447,-0.05868713080841024
2013-08-20 11:00:00,4.0430090167273344e-10,3.591835567773977e-08,-0.11844903871765984,-0.05922451915667947
2013-08-20 12:00:00,4.313841966297552e-10,3.820800554803753e-08,-0.11897925289504249,-0.05948962623182915
2013-08-20 13:00:00,4.687315888823424e-10,4.204669399253138e-08,-0.11982436377206612,-0.059912181651667264
2013-08-20 14:00:00,5.218140532225465e-10,4.662606665647836e-08,-0.1239503609974653,-0.061975180237825625
2013-08-20 15:00:00,9.75085238436362e-10,0.055621356087608174,-0.1278821336453523,-0.06394106633513354
2013-08-20 16:00:00,2.0095347763014823e-09,0.13699269004382564,-0.08885244059737837,-0.0444262192939218
2013-08-20 17:00:00,6.208303391807018e-09,0.2898547716374174,0.0051395121008063725,0.0025697591545548824
2013-08-20 18:00:00,0.15792847110740063,0.44360563126895336,0.02180981716236026,0.08986914413488045
2013-08-20 19:00:00,0.16864383884456677,0.4526055731601379,0.03951072274349179,0.10407728079402928
2013-08-20 20:00:00,0.16984045275149026,0.45155437638948287,0.07591790518784608,0.12287917896966817
2013-08-20 21:00:00,0.1730839772932298,0.4575028728628173,0.01679823494719327,0.09494110612021153
2013-08-20 22:00:00,0.14172133386111657,0.45533675229710197,-0.01886835223049232,0.061426490815312124
2013-08-20 23:00:00,0.00020301692871876103,0.45440229333909327,-0.03536645771035223,-0.017581720390816735
2013-08-21 00:00:00,1.7593589490262104e-08,0.4529605547996521,-0.037328120140743395,-0.018664051273576954
2013-08-21 01:00:00,0.00011111613522741633,0.45230686992421737,-0.03928978257113456,-0.019589333217953572
2013-08-21 02:00:00,0.00019563305883343128,0.44962240045733937,-0.03536645771035223,-0.0175854123257594
2013-08-21 03:00:00,0.06445013701781611,0.43986810434278406,-0.005136715217754159,0.029656710900030976
2013-08-21 04:00:00,0.13827059442505987,0.432282501233515,0.03811969990379633,0.0881951471644281
2013-08-21 05:00:00,0.13783007922808313,0.43312880579298024,-0.005687698726342906,0.06607119025087012
2013-08-21 06:00:00,2.1905554420078104e-09,0.13702112445580478,-0.07906657855780372,-0.039533288183624136
2013-08-21 07:00:00,5.332925181815356e-10,4.02691652476502e-08,-0.12415626398613339,-0.06207813172642043
2013-08-21 08:00:00,4.2972169551237986e-10,2.4541756400902412e-08,-0.1177170182144547,-0.058858508892366504
2013-08-21 09:00:00,4.4906265293333844e-10,2.3906454427010986e-08,-0.11656459238610041,-0.05828229596851888
2013-08-21 10:00:00,4.617808473924864e-10,2.462668143248832e-08,-0.11737426200753447,-0.05868713077287681
2013-08-21 11:00:00,4.694566426428411e-10,2.4951294998906554e-08,-0.11844903871765984,-0.0592245191241016
2013-08-21 12:00:00,4.755941309743813e-10,2.522119381449141e-08,-0.11897925289504249,-0.05948962620972418
2013-08-21 13:00:00,5.013586679521076e-10,2.7530009739362085e-08,-0.11982436377206612,-0.05991218163535373
2013-08-21 14:00:00,4.1190773080263284e-10,2.567401565474274e-08,-0.1239503609974653,-0.061975180292778785
2013-08-21 15:00:00,4.5037854082159214e-10,4.156806364910091e-08,-0.1278821336453523,-0.06394106659748688
2013-08-21 16:00:00,2.0564598829607913e-09,0.13320159079824406,-0.08885244059737837,-0.04442621927045925
2013-08-21 17:00:00,6.6124823454527795e-09,0.3234789329478222,0.0051395121008063725,0.002569759356644359
2013-08-21 18:00:00,0.32020960416416,0.4563927879072123,0.02180981716236026,0.17100971066326012
2013-08-21 19:00:00,0.32652909813755154,0.45643884442297983,0.03951072274349179,0.18301991044052165
2013-08-21 20:00:00,0.33976160359908897,0.4597569053116703,0.07591790518784608,0.20783975439346752
2013-08-21 21:00:00,0.3588007623417889,0.47166344188916276,0.01679823494719327,0.1877994986444911
2013-08-21 22:00:00,0.38583233430425645,0.49313231292782794,-0.01886835223049232,0.18348199103688206
2013-08-21 23:00:00,0.38481350955995364,0.5025990361033881,-0.03536645771035223,0.1747235259248007
2013-08-22 00:00:00,0.377695350334339,0.5037899346643614,-0.037328120140743395,0.1701836150967978
2013-08-22 01:00:00,0.3835152066635165,0.5048028750074087,-0.03928978257113456,0.17211271204619097
2013-08-22 02:00:00,0.3918546559747276,0.5019157069042846,-0.03536645771035223,0.17824409913218767
2013-08-22 03:00:00,0.4044980905879221,0.48730965388100334,-0.005136715217754159,0.19968068768508396
2013-08-22 04:00:00,0.41659985980381736,0.4894119700271899,0.03811969990379633,0.22735977985380684
2013-08-22 05:00:00,0.4248445106799449,0.49165117649511186,-0.005687698726342906,0.209578405976801
2013-08-22 06:00:00,2.9086295250001575e-09,0.15905199516785046,-0.07906657855780372,-0.03953328782458709
2013-08-22 07:00:00,5.886562147350365e-10,1.0612499410073058e-07,-0.12415626398613339,-0.06207813169873858
2013-08-22 08:00:00,4.616301240942621e-10,2.6282855925425904e-08,-0.1177170182144547,-0.05885850887641229
2013-08-22 09:00:00,5.007893018643676e-10,2.5510504386810347e-08,-0.11656459238610041,-0.058282295942655556
2013-08-22 10:00:00,5.318314682132269e-10,2.5380862173884313e-08,-0.11737426200753447,-0.0586871307378515
2013-08-22 11:00:00,4.700704201716178e-10,2.3781200466263967e-08,-0.11844903871765984,-0.05922451912379471
2013-08-22 12:00:00,4.596217993903731e-10,2.40319509964347e-08,-0.11897925289504249,-0.05948962621771035
2013-08-22 13:00:00,4.651719370002091e-10,2.552806779157226e-08,-0.11982436377206612,-0.05991218165344709
2013-08-22 14:00:00,3.737226226626005e-10,2.404480850522619e-08,-0.1239503609974653,-0.06197518031187134
2013-08-22 15:00:00,8.47989203235937e-10,0.09086585516543484,-0.1278821336453523,-0.06394106639868155
2013-08-22 16:00:00,2.9034111293108286e-09,0.15813276720119063,-0.08885244059737837,-0.044426218846983626
2013-08-22 17:00:00,9.392116476787485e-09,0.3514902755185869,0.0051395121008063725,0.0025697607464614247
2013-08-22 18:00:00,0.30267639268810287,0.43787566893256114,0.02180981716236026,0.16224310492523156
2013-08-22 19:00:00,0.1427501960035024,0.41917780003624644,0.03951072274349179,0.09113045937349709
2013-08-22 20:00:00,0.12209844440594239,0.39661828183530823,0.07591790518784608,0.09900817479689424
2013-08-22 21:00:00,0.05086747316826538,0.37684258209226285,0.01679823494719327,0.033832854057729324
2013-08-22 22:00:00,7.899449113785658e-05,0.34572327994589896,-0.01886835223049232,-0.009394678869677233
2013-08-22 23:00:00,1.261254225760462e-08,0.34134744960860125,-0.03536645771035223,-0.017683222548904986
2013-08-23 00:00:00,1.1043577196062966e-08,0.33984063511219287,-0.037328120140743395,-0.0186640545485831
2013-08-23 01:00:00,1.1237347884064018e-08,0.3535646481282717,-0.03928978257113456,-0.019644885666893337
2013-08-23 02:00:00,1.3436621599058389e-08,0.3763049481357527,-0.03536645771035223,-0.017683222136865316
2013-08-23 03:00:00,0.01667029382909905,0.38648532519454354,-0.005136715217754159,0.005766789305672445
2013-08-23 04:00:00,0.11396651983164582,0.38296173566422814,0.03811969990379633,0.07604310986772107
2013-08-23 05:00:00,9.408121153318493e-09,0.33589772761892767,-0.005687698726342906,-0.002843844659110876
2013-08-23 06:00:00,2.6556278025885856e-09,0.15539033877251326,-0.07906657855780372,-0.03953328795108796
2013-08-23 07:00:00,9.299896756340569e-10,0.09269117956434234,-0.12415626398613339,-0.06207813152807185
2013-08-23 08:00:00,4.2598008497608055e-10,2.6893999516108374e-08,-0.1177170182144547,-0.058858508894237306
2013-08-23 09:00:00,4.406378502376299e-10,2.5996899833613737e-08,-0.11656459238610041,-0.05828229597273128
2013-08-23 10:00:00,4.459286980988227e-10,2.543858753642279e-08,-0.11737426200753447,-0.058687130780802885
2013-08-23 11:00:00,4.60330029984528e-10,2.550613261265161e-08,-0.11844903871765984,-0.05922451912866491
2013-08-23 12:00:00,4.3607901409267977e-10,2.504499164966244e-08,-0.11897925289504249,-0.059489626229481736
2013-08-23 13:00:00,4.3497891789636036e-10,2.532994305392604e-08,-0.11982436377206612,-0.059912181668543604
2013-08-23 14:00:00,4.0776000159362404e-10,2.5257113523366268e-08,-0.1239503609974653,-0.06197518029485265
2013-08-23 15:00:00,6.474274574698826e-10,9.860089298167835e-08,-0.1278821336453523,-0.06394106649896243
2013-08-23 16:00:00,1.661696433328437e-09,0.11184397668536572,-0.08885244059737837,-0.04442621946784097
2013-08-23 17:00:00,3.6242869734672074e-09,0.1762521164987787,0.0051395121008063725,0.002569757862546673
2013-08-23 18:00:00,5.683635237581634e-09,0.21470009910816884,0.02180981716236026,0.010904911422997748
2013-08-23 19:00:00,5.545038016250396e-09,0.19322369292587493,0.03951072274349179,0.019755364144264903
2013-08-23 20:00:00,5.522579340728051e-09,0.18689636499241732,0.07591790518784608,0.03795895535521271
2013-08-23 21:00:00,4.833609591154187e-09,0.18444899162316938,0.01679823494719327,0.008399119890401431
2013-08-23 22:00:00,4.8298949933012496e-09,0.18100341262878875,-0.01886835223049232,-0.009434173700298663
2013-08-23 23:00:00,4.8287360221879925e-09,0.18346098228315225,-0.03536645771035223,-0.017683226440808105
2013-08-24 00:00:00,4.831386885695999e-09,0.1894070988242563,-0.037328120140743395,-0.018664057654678254
2013-08-24 01:00:00,4.8354572508263105e-09,0.19740147468075758,-0.03928978257113456,-0.019644888867838654
2013-08-24 02:00:00,4.838785097801088e-09,0.2007920592620085,-0.03536645771035223,-0.01768322643578357
2013-08-24 03:00:00,4.842003047235762e-09,0.20495374129905355,-0.005136715217754159,-0.002568355187875556
2013-08-24 04:00:00,4.844023716533877e-09,0.20514873926665497,0.03811969990379633,0.019059852373910023
2013-08-24 05:00:00,4.845874342831423e-09,0.20522471538593265,-0.005687698726342906,-0.0028438469402342816
2013-08-24 06:00:00,1.087199713188714e-09,0.015403876192405885,-0.07906657855780372,-0.039533288735302
2013-08-24 07:00:00,5.137443893673412e-10,2.875799111616346e-08,-0.12415626398613339,-0.062078131736194496
2013-08-24 08:00:00,5.915573527358014e-10,3.047281814189412e-08,-0.1177170182144547,-0.05885850881144867
2013-08-24 09:00:00,5.800703500078036e-10,2.892353884261786e-08,-0.11656459238610041,-0.05828229590301503
2013-08-24 10:00:00,5.744676654638648e-10,2.8536911924429793e-08,-0.11737426200753447,-0.0586871307165334
2013-08-24 11:00:00,5.727222681238969e-10,2.8771522109764956e-08,-0.11844903871765984,-0.059224519072468784
2013-08-24 12:00:00,6.067765743472579e-10,2.982766422567462e-08,-0.11897925289504249,-0.05948962614413296
2013-08-24 13:00:00,6.465898394941591e-10,3.032684145874006e-08,-0.11982436377206612,-0.05991218156273814
2013-08-24 14:00:00,5.143719225496507e-10,2.8086378496829695e-08,-0.1239503609974653,-0.06197518024154669
2013-08-24 15:00:00,5.141602481380683e-10,2.941111879412336e-08,-0.1278821336453523,-0.06394106656559603
2013-08-24 16:00:00,1.297389332104849e-09,0.11246357936489504,-0.08885244059737837,-0.04442621964999452
2013-08-24 17:00:00,3.318649777754528e-09,0.1690034405962672,0.0051395121008063725,0.002569757709728075
2013-08-24 18:00:00,4.809280731201503e-09,0.19719695213284147,0.02180981716236026,0.010904910985820495
2013-08-24 19:00:00,4.809281223522695e-09,0.18519311881707065,0.03951072274349179,0.019755363776386505
2013-08-24 20:00:00,4.809281249956051e-09,0.1816706506514123,0.07591790518784608,0.037958954998563665
2013-08-24 21:00:00,4.809281289606084e-09,0.18269933530160223,0.01679823494719327,0.00839911987823728
2013-08-24 22:00:00,4.809281246651881e-09,0.18206626038182844,-0.01886835223049232,-0.009434173710605537
2013-08-24 23:00:00,4.809281957048417e-09,0.18767444446311377,-0.03536645771035223,-0.017683226450535137
2013-08-25 00:00:00,4.122242413828183e-09,0.19392237587145228,-0.037328120140743395,-0.01866405800925049
2013-08-25 01:00:00,4.809304808799625e-09,0.1989682026514743,-0.03928978257113456,-0.019644888880914875
2013-08-25 02:00:00,4.810320510219371e-09,0.20322917555453865,-0.03536645771035223,-0.01768322645001586
2013-08-25 03:00:00,4.814710177661086e-09,0.20655043523524547,-0.005136715217754159,-0.002568355201521991
2013-08-25 04:00:00,4.820221925028149e-09,0.21047955970387314,0.03811969990379633,0.019059852362009126
2013-08-25 05:00:00,4.821794098231619e-09,0.21225498936037127,-0.005687698726342906,-0.0028438469522744036
2013-08-25 06:00:00,1.4806384568342521e-09,0.12684652052888373,-0.07906657855780372,-0.03953328853858263
2013-08-25 07:00:00,5.652912521118815e-10,3.615185466364504e-08,-0.12415626398613339,-0.062078131710421064
2013-08-25 08:00:00,5.429118082282957e-10,3.103856259160957e-08,-0.1177170182144547,-0.05885850883577144
2013-08-25 09:00:00,5.620428942376506e-10,2.9865261924915314e-08,-0.11656459238610041,-0.058282295912028756
2013-08-25 10:00:00,5.470628320003747e-10,2.83824875351122e-08,-0.11737426200753447,-0.05868713073023582
2013-08-25 11:00:00,5.993866844081875e-10,2.8822127075425484e-08,-0.11844903871765984,-0.05922451905913658
2013-08-25 12:00:00,5.834001201363975e-10,2.865064134024253e-08,-0.11897925289504249,-0.059489626155821186
2013-08-25 13:00:00,5.636320059889523e-10,2.9021278902592457e-08,-0.11982436377206612,-0.05991218160421706
2013-08-25 14:00:00,6.547217147733675e-10,3.260259601442626e-08,-0.1239503609974653,-0.06197518017137179
2013-08-25 15:00:00,5.80768765632271e-10,3.103562527371468e-08,-0.1278821336453523,-0.06394106653229177
2013-08-25 16:00:00,1.411212470085739e-09,0.03960112449118625,-0.08885244059737837,-0.044426219593082954
2013-08-25 17:00:00,3.5272071333866202e-09,0.15780607749090925,0.0051395121008063725,0.002569757814006753
2013-08-25 18:00:00,5.305349588852725e-09,0.18453049540489455,0.02180981716236026,0.010904911233854925
2013-08-25 19:00:00,5.466482532940162e-09,0.17747584103316616,0.03951072274349179,0.01975536410498716
2013-08-25 20:00:00,5.614522105156752e-09,0.17397545948019846,0.07591790518784608,0.037958955401184095
2013-08-25 21:00:00,5.609357813415973e-09,0.17257313218977127,0.01679823494719327,0.008399120278275543
2013-08-25 22:00:00,5.513789206209715e-09,0.16391170030398486,-0.01886835223049232,-0.009434173358351557
2013-08-25 23:00:00,5.555251740601434e-09,0.17261766924594316,-0.03536645771035223,-0.017683226077550247
2013-08-26 00:00:00,5.594886662994134e-09,0.18245907790253924,-0.037328120140743395,-0.018664057272928365
2013-08-26 01:00:00,5.750445416358075e-09,0.19286838233317416,-0.03928978257113456,-0.01964488841034457
2013-08-26 02:00:00,6.0715810926433635e-09,0.19916075140760672,-0.03536645771035223,-0.01768322581938557
2013-08-26 03:00:00,6.351752719341409e-09,0.20650577714868998,-0.005136715217754159,-0.00256835443300072
2013-08-26 04:00:00,6.356941192718929e-09,0.20708843210270295,0.03811969990379633,0.019059853130368763
2013-08-26 05:00:00,7.0695101919202e-09,0.207286212963806,-0.005687698726342906,-0.002843845828416357
2013-08-26 06:00:00,1.98580410545362e-09,0.11455226952836373,-0.07906657855780372,-0.03953328828599981
2013-08-26 07:00:00,8.084945635199666e-10,1.9953965179204725e-07,-0.12415626398613339,-0.06207813158881941
2013-08-26 08:00:00,4.0381586496158743e-10,2.3323644328759146e-08,-0.1177170182144547,-0.058858508905319414
2013-08-26 09:00:00,4.2452308089368704e-10,2.329244322599631e-08,-0.11656459238610041,-0.05828229598078866
2013-08-26 10:00:00,4.4740972364202314e-10,2.3659509725849423e-08,-0.11737426200753447,-0.05868713078006237
2013-08-26 11:00:00,4.678727124924468e-10,2.3920569789082425e-08,-0.11844903871765984,-0.059224519124893564
2013-08-26 12:00:00,4.792103693445059e-10,2.3999435302340504e-08,-0.11897925289504249,-0.05948962620791606
2013-08-26 13:00:00,4.441625496086355e-10,2.388251044913759e-08,-0.11982436377206612,-0.059912181663951784
2013-08-26 14:00:00,4.416127010695675e-10,2.467533846885827e-08,-0.1239503609974653,-0.0619751802779263
2013-08-26 15:00:00,5.61093391365148e-10,4.229826178550158e-08,-0.1278821336453523,-0.06394106654212946
2013-08-26 16:00:00,2.0968772111448495e-09,0.11789997013936969,-0.08885244059737837,-0.04442621925025058
2013-08-26 17:00:00,6.236566150668843e-09,0.1987029215907052,0.0051395121008063725,0.0025697591686862616
2013-08-26 18:00:00,1.0638054668303382e-08,0.25332571254148906,0.02180981716236026,0.010904913900207465
2013-08-26 19:00:00,9.703586787782112e-09,0.23816126541933558,0.03951072274349179,0.019755366223539288
2013-08-26 20:00:00,9.376554642526977e-09,0.22576596054394346,0.07591790518784608,0.03795895728220036
2013-08-26 21:00:00,9.603066814931475e-09,0.2314411695860502,0.01679823494719327,0.008399122275130042
2013-08-26 22:00:00,1.032409644454293e-08,0.24416257484454817,-0.01886835223049232,-0.009434170953197938
2013-08-26 23:00:00,1.1268136728066858e-08,0.26974568820108036,-0.03536645771035223,-0.01768322322110775
2013-08-27 00:00:00,1.253490481782284e-08,0.29728840335157203,-0.037328120140743395,-0.01866405380291929
2013-08-27 01:00:00,1.3743224893623658e-08,0.32638191605572453,-0.03928978257113456,-0.019644884413954834
2013-08-27 02:00:00,1.4678294354796489e-08,0.3480138699769037,-0.03536645771035223,-0.017683221516028937
2013-08-27 03:00:00,1.594476941636471e-08,0.3665539327672356,-0.005136715217754159,-0.0025683496364923715
2013-08-27 04:00:00,7.385468671584757e-05,0.38542656009746884,0.03811969990379633,0.01909677729525609
2013-08-27 05:00:00,0.00014670772249495754,0.3939641126209244,-0.005687698726342906,-0.002770495501923974
2013-08-27 06:00:00,3.225085388408896e-09,0.15504131747242403,-0.07906657855780372,-0.03953328766635916
2013-08-27 07:00:00,1.0784656617479654e-09,0.09122329841947661,-0.12415626398613339,-0.06207813145383386
2013-08-27 08:00:00,3.922660522312691e-10,3.261247551762904e-08,-0.1177170182144547,-0.05885850891109432
2013-08-27 09:00:00,3.5177246880933426e-10,3.012039929258637e-08,-0.11656459238610041,-0.05828229601716397
2013-08-27 10:00:00,3.8422898631162437e-10,3.364730734035357e-08,-0.11737426200753447,-0.05868713081165274
2013-08-27 11:00:00,4.509593510360868e-10,3.886531305118734e-08,-0.11844903871765984,-0.059224519133350244
2013-08-27 12:00:00,4.953930097277081e-10,4.224366536383346e-08,-0.11897925289504249,-0.059489626199824744
2013-08-27 13:00:00,9.103962565965476e-10,3.6365774668152847e-07,-0.11982436377206612,-0.05991218143083493
2013-08-27 14:00:00,1.079124810725474e-09,0.10442584357776014,-0.1239503609974653,-0.06197517995917024
2013-08-27 15:00:00,1.5491446568957433e-09,0.12014494456761841,-0.1278821336453523,-0.06394106604810383
2013-08-27 16:00:00,3.77837142262125e-09,0.17519030815536682,-0.08885244059737837,-0.044426218409503476
2013-08-27 17:00:00,0.09099688753188746,0.3423432468334181,0.0051395121008063725,0.04806819981634692
2013-08-27 18:00:00,0.14939282826121783,0.4305796613276948,0.02180981716236026,0.08560132271178905
2013-08-27 19:00:00,0.13473162061945718,0.41679968482450863,0.03951072274349179,0.08712117168147449
2013-08-27 20:00:00,0.12947348709163106,0.41741022380777176,0.07591790518784608,0.10269569613973857
2013-08-27 21:00:00,0.23156068829233334,0.43918020857737233,0.01679823494719327,0.1241794616197633
2013-08-27 22:00:00,0.00012089943402740097,0.4230856107612225,-0.01886835223049232,-0.00937372639823246
2013-08-27 23:00:00,0.00014052271813494972,0.44516110022963173,-0.03536645771035223,-0.01761296749610864
2013-08-28 00:00:00,0.2551769530170823,0.4642298361211583,-0.037328120140743395,0.10892441643816947
2013-08-28 01:00:00,0.28661985129937184,0.4790017329819877,-0.03928978257113456,0.12366503436411865
2013-08-28 02:00:00,0.3130208129278894,0.4860623981049455,-0.03536645771035223,0.1388271776087686
2013-08-28 03:00:00,0.18081239314520273,0.48122147301020246,-0.005136715217754159,0.08783783896372428
2013-08-28 04:00:00,0.1768340562589323,0.47660796046895426,0.03811969990379633,0.10747687808136432
2013-08-28 05:00:00,0.17151086277385674,0.46624517062248155,-0.005687698726342906,0.08291158202375692
2013-08-28 06:00:00,3.402168051247628e-09,0.1794562061957063,-0.07906657855780372,-0.039533287577817836
2013-08-28 07:00:00,9.144434662553275e-10,0.0969171976748405,-0.12415626398613339,-0.06207813153584496
2013-08-28 08:00:00,3.7663091260032864e-10,3.4405098855745125e-08,-0.1177170182144547,-0.058858508918911895
2013-08-28 09:00:00,3.3833925344904414e-10,2.1765456545330846e-08,-0.11656459238610041,-0.058282296023880575
2013-08-28 10:00:00,3.4163387548384455e-10,2.4485382475477998e-08,-0.11737426200753447,-0.058687130832950296
2013-08-28 11:00:00,3.9004892982842e-10,3.518142167081076e-08,-0.11844903871765984,-0.05922451916380546
2013-08-28 12:00:00,4.1937653413554086e-10,3.850349250398259e-08,-0.11897925289504249,-0.05948962623783298
2013-08-28 13:00:00,4.327509393070104e-10,4.007925569125319e-08,-0.11982436377206612,-0.05991218166965759
2013-08-28 14:00:00,4.856913262989342e-10,4.442053337976885e-08,-0.1239503609974653,-0.06197518025588699
2013-08-28 15:00:00,9.878028237032016e-10,0.10192445325116581,-0.1278821336453523,-0.06394106632877475
2013-08-28 16:00:00,2.9574159148895424e-09,0.15712962023185661,-0.08885244059737837,-0.04442621881998123
2013-08-28 17:00:00,1.054848661097003e-08,0.3614903979465788,0.0051395121008063725,0.002569761324646492
2013-08-28 18:00:00,0.3371795868201782,0.4797869277516488,0.02180981716236026,0.1794947019912692
2013-08-28 19:00:00,0.3458813749608018,0.48388689550043407,0.03951072274349179,0.19269604885214678
2013-08-28 20:00:00,0.363119334416133,0.4969801341732695,0.07591790518784608,0.21951861980198953
2013-08-28 21:00:00,0.38181836574810746,0.5122450389887613,0.01679823494719327,0.19930830034765037
2013-08-28 22:00:00,0.3919776299627183,0.5304047733433913,-0.01886835223049232,0.18655463886611298
2013-08-28 23:00:00,0.38391029946319,0.5272105729915096,-0.03536645771035223,0.17427192087641888
2013-08-29 00:00:00,0.36205484709124736,0.5158424225697853,-0.037328120140743395,0.162363363475252
2013-08-29 01:00:00,0.32954703118461537,0.500863375948403,-0.03928978257113456,0.1451286243067404
2013-08-29 02:00:00,0.1178338556876566,0.479618707900717,-0.03536645771035223,0.04123369898865219
2013-08-29 03:00:00,0.1450502326639011,0.456810999821387,-0.005136715217754159,0.06995675872307347
2013-08-29 04:00:00,0.12168944499119815,0.4391656744129493,0.03811969990379633,0.07990457244749724
2013-08-29 05:00:00,1.3749140755086923e-08,0.4306056213650003,-0.005687698726342906,-0.0028438424886010755
2013-08-29 06:00:00,2.2067033504324013e-09,0.14508689872938485,-0.07906657855780372,-0.039533288175550185
2013-08-29 07:00:00,4.0012097188109545e-10,3.734168544070679e-08,-0.12415626398613339,-0.062078131793006204
2013-08-29 08:00:00,4.414933922048957e-10,2.562471164111889e-08,-0.1177170182144547,-0.05885850888648065
2013-08-29 09:00:00,5.075839982083773e-10,2.6192199912867737e-08,-0.11656459238610041,-0.058282295939258204
2013-08-29 10:00:00,4.52346738919951e-10,2.4039542314298697e-08,-0.11737426200753447,-0.05868713077759386
2013-08-29 11:00:00,4.5794883446084325e-10,2.4823874184208276e-08,-0.11844903871765984,-0.059224519129855505
2013-08-29 12:00:00,4.2114511368642694e-10,2.4469531492478173e-08,-0.11897925289504249,-0.05948962623694869
2013-08-29 13:00:00,4.2418758033603756e-10,2.5454241746160695e-08,-0.11982436377206612,-0.059912181673939274
2013-08-29 14:00:00,3.8235460214735373e-10,2.525850980058172e-08,-0.1239503609974653,-0.06197518030755535
2013-08-29 15:00:00,8.59742329638921e-10,0.05043740966058853,-0.1278821336453523,-0.06394106639280499
2013-08-29 16:00:00,2.409057311090993e-09,0.1528135150824595,-0.08885244059737837,-0.04442621909416053
2013-08-29 17:00:00,7.3236231692193204e-09,0.3414190334374616,0.0051395121008063725,0.0025697597122147707
2013-08-29 18:00:00,1.3873900237895153e-08,0.4388470017423852,0.02180981716236026,0.010904915518130248
2013-08-29 19:00:00,1.4140296953211897e-08,0.441171233971407,0.03951072274349179,0.01975536844189437
2013-08-29 20:00:00,1.3824575937584584e-08,0.43848127865670244,0.07591790518784608,0.03795895950621101
2013-08-29 21:00:00,1.3591646563148973e-08,0.43496274721396416,0.01679823494719327,0.008399124269419916
2013-08-29 22:00:00,1.1116586977165888e-08,0.4250751056708488,-0.01886835223049232,-0.009434170556952672
2013-08-29 23:00:00,1.0934563697568302e-08,0.42257229589730255,-0.03536645771035223,-0.017683223387894267
2013-08-30 00:00:00,1.1639664120265109e-08,0.42523887536371746,-0.037328120140743395,-0.018664054250539637
2013-08-30 01:00:00,1.2151956390851996e-08,0.426233964057708,-0.03928978257113456,-0.019644885209589083
2013-08-30 02:00:00,1.2678075330452767e-08,0.4192106455392837,-0.03536645771035223,-0.01768322251613845
2013-08-30 03:00:00,1.280099311128637e-08,0.4097018058175633,-0.005136715217754159,-0.002568351208380524
2013-08-30 04:00:00,1.230393365576794e-08,0.401751809044846,0.03811969990379633,0.019059856103864993
2013-08-30 05:00:00,1.2322561363223603e-08,0.4014327688505612,-0.005687698726342906,-0.0028438432018907714
2013-08-30 06:00:00,2.2361303654902034e-09,0.14094992355347682,-0.07906657855780372,-0.03953328816083668
2013-08-30 07:00:00,5.476446622898972e-10,5.328631615453092e-08,-0.12415626398613339,-0.06207813171924436
2013-08-30 08:00:00,4.6264908440336663e-10,2.625085480560413e-08,-0.1177170182144547,-0.058858508875902806
2013-08-30 09:00:00,4.5310877623259225e-10,2.467003872371521e-08,-0.11656459238610041,-0.05828229596649582
2013-08-30 10:00:00,4.5474752064163575e-10,2.4243865176668668e-08,-0.11737426200753447,-0.058687130776393474
2013-08-30 11:00:00,4.2413574730723613e-10,2.3558578324266954e-08,-0.11844903871765984,-0.05922451914676205
2013-08-30 12:00:00,4.409917268320378e-10,2.4748098347822214e-08,-0.11897925289504249,-0.05948962622702538
2013-08-30 13:00:00,4.553100523702585e-10,2.6282488556445007e-08,-0.11982436377206612,-0.059912181658378034
2013-08-30 14:00:00,4.213526683278731e-10,2.664772376170041e-08,-0.1239503609974653,-0.06197518028805631
2013-08-30 15:00:00,7.580818056090693e-10,6.467516395443381e-08,-0.1278821336453523,-0.06394106644363526
2013-08-30 16:00:00,2.2523128132334262e-09,0.15345301108864073,-0.08885244059737837,-0.04442621917253278
2013-08-30 17:00:00,6.946577633379388e-09,0.3059154447692247,0.0051395121008063725,0.002569759523692003
2013-08-30 18:00:00,1.034935854727471e-08,0.3876695815034725,0.02180981716236026,0.010904913755859403
2013-08-30 19:00:00,8.881977683888961e-09,0.3694161677996702,0.03951072274349179,0.019755365812734734
2013-08-30 20:00:00,7.236453757375204e-09,0.3318172225216462,0.07591790518784608,0.03795895621214992
2013-08-30 21:00:00,6.730800536182751e-09,0.311371396810255,0.01679823494719327,0.008399120838996903
2013-08-30 22:00:00,5.548335210264625e-09,0.27374188635331315,-0.01886835223049232,-0.009434173341078555
2013-08-30 23:00:00,4.876438981325578e-09,0.26291450214918877,-0.03536645771035223,-0.017683226416956625
2013-08-31 00:00:00,4.892611189345595e-09,0.2570713428706897,-0.037328120140743395,-0.018664057624066102
2013-08-31 01:00:00,5.020000697536268e-09,0.25935412237433036,-0.03928978257113456,-0.01964488877556693
2013-08-31 02:00:00,4.971719841888002e-09,0.2590107235324783,-0.03536645771035223,-0.017683226369316195
2013-08-31 03:00:00,4.878643645236612e-09,0.25377720761692546,-0.005136715217754159,-0.002568355169555257
2013-08-31 04:00:00,4.848101419489189e-09,0.24896363366152224,0.03811969990379633,0.019059852375948875
2013-08-31 05:00:00,5.044954108610986e-09,0.24891267821408225,-0.005687698726342906,-0.0028438468406943983
2013-08-31 06:00:00,1.3566289525680957e-09,0.12575336117372113,-0.07906657855780372,-0.039533288600587385
2013-08-31 07:00:00,5.198318836171947e-10,3.145500078138884e-08,-0.12415626398613339,-0.06207813173315075
2013-08-31 08:00:00,5.050460857272058e-10,2.8820376256268405e-08,-0.1177170182144547,-0.058858508854704304
2013-08-31 09:00:00,5.783109603923083e-10,2.9554346585424025e-08,-0.11656459238610041,-0.05828229590389473
2013-08-31 10:00:00,5.515515906835572e-10,2.999253434267207e-08,-0.11737426200753447,-0.058687130727991435
2013-08-31 11:00:00,5.765562911031376e-10,3.083612104011773e-08,-0.11844903871765984,-0.059224519070551776
2013-08-31 12:00:00,5.536458563933561e-10,3.009690418163531e-08,-0.11897925289504249,-0.05948962617069832
2013-08-31 13:00:00,5.424561724180946e-10,3.0177214696706584e-08,-0.11982436377206612,-0.05991218161480497
2013-08-31 14:00:00,7.392356675082788e-10,3.71472366132016e-08,-0.1239503609974653,-0.061975180129114814
2013-08-31 15:00:00,6.72976929813586e-10,3.522483308220955e-08,-0.1278821336453523,-0.06394106648618769
2013-08-31 16:00:00,9.47237543634249e-10,6.221394580012007e-08,-0.08885244059737837,-0.04442621982507042
2013-08-31 17:00:00,2.714479700311886e-09,0.16526165380902888,0.0051395121008063725,0.0025697574076430363
2013-08-31 18:00:00,3.4692420469360694e-09,0.18558493187641967,0.02180981716236026,0.010904910315801153
2013-08-31 19:00:00,3.4562686286744207e-09,0.1873717534265546,0.03951072274349179,0.019755363099880206
2013-08-31 20:00:00,3.454679904657357e-09,0.18942636855900827,0.07591790518784608,0.03795895432126299
2013-08-31 21:00:00,3.4694349937960396e-09,0.1946709196804209,0.01679823494719327,0.008399119208314132
2013-08-31 22:00:00,3.4511383861924858e-09,0.20158771561650685,-0.01886835223049232,-0.009434174389676968
2013-08-31 23:00:00,3.435609206890123e-09,0.20528698166940132,-0.03536645771035223,-0.017683227137371513
2013-09-01 00:00:00,3.4352012610046714e-09,0.2062608825961985,-0.014870721920589402,-0.0074353592426940705
2013-09-01 01:00:00,3.452111512693786e-09,0.2107754165324339,-0.008486915571154833,-0.00424345605952166
2013-09-01 02:00:00,3.5071528213448e-09,0.21848255446231088,0.00513529981541949,0.002567651661286156
2013-09-01 03:00:00,3.5895027046597777e-09,0.22731663589475978,0.026203215692434327,0.013101609640968516
2013-09-01 04:00:00,3.4629965229263958e-09,0.22612421440800565,-0.008148649474175085,-0.004074323005589281
2013-09-01 05:00:00,3.4369874347602557e-09,0.22372707525996355,-0.06477477316728053,-0.03238738486514655
2013-09-01 06:00:00,7.733249159150286e-10,6.246943657437391e-08,-0.07417305984432848,-0.03708652953550178
2013-09-01 07:00:00,7.543900825586399e-10,3.7833432827609705e-08,-0.1264594271876213,-0.06322971321661561
2013-09-01 08:00:00,7.241857680743259e-10,3.354387342454051e-08,-0.1285073666990407,-0.06425368298742747
2013-09-01 09:00:00,6.762087849748151e-10,3.241317778773461e-08,-0.12366629498175531,-0.061833147152773264
2013-09-01 10:00:00,6.774890174502386e-10,3.21225615140537e-08,-0.1233557283593317,-0.06167786384092134
2013-09-01 11:00:00,6.987474691681103e-10,3.104965283675428e-08,-0.1241923869681469,-0.06209619313469972
2013-09-01 12:00:00,7.217915416936141e-10,3.108426577458037e-08,-0.1253029895686098,-0.06265149442340913
2013-09-01 13:00:00,7.502527185018374e-10,3.230909656167972e-08,-0.12909971178636603,-0.06454985551805666
2013-09-01 14:00:00,7.77693581329461e-10,3.423985216396722e-08,-0.12044719877150771,-0.06022359899690707
2013-09-01 15:00:00,8.975609485807663e-10,3.8424831886523215e-08,-0.10102194356944048,-0.05051097133593977
2013-09-01 16:00:00,9.431873801113539e-10,4.755061960526241e-08,-0.05421193983788088,-0.02710596944734675
2013-09-01 17:00:00,2.7817305225806086e-09,0.1521392759789791,-0.04736501395527323,-0.023682505586771357
2013-09-01 18:00:00,3.435200439682572e-09,0.16765127256120743,-0.034694356724529675,-0.01734717664466462
2013-09-01 19:00:00,3.4352005482481142e-09,0.16716335820287542,0.001059260579115504,0.0005296320071580262
2013-09-01 20:00:00,3.4352006214118535e-09,0.16776681376551336,0.037672301192545186,0.018836152313872905
2013-09-01 21:00:00,3.435200616691612e-09,0.16587376215644303,0.05428321333241123,0.027141608383805922
2013-09-01 22:00:00,3.4352005907302853e-09,0.16534853332907812,0.00937590091395325,0.00468795217457692
2013-09-01 23:00:00,3.4352014144125786e-09,0.15298910944462124,-0.01780739730558968,-0.008903696935194133
2013-09-02 00:00:00,3.4352013506892924e-09,0.13768927960211794,-0.014870721920589402,-0.007435359242694025
2013-09-02 01:00:00,3.4352013200077114e-09,0.1344435145685386,-0.008486915571154833,-0.004243456067976757
2013-09-02 02:00:00,3.4352012633647934e-09,0.13461278614788597,0.00513529981541949,0.0025676516253103766
2013-09-02 03:00:00,3.4352006261320948e-09,0.15166252117363138,0.026203215692434327,0.013101609563817477
2013-09-02 04:00:00,3.435200165908626e-09,0.14965214649839984,-0.008148649474175085,-0.00407432301948746
2013-09-02 05:00:00,3.435198712075299e-09,0.147417319060282,-0.06477477316728053,-0.03238738486604091
2013-09-02 06:00:00,1.6651429676033034e-09,0.10476739848450717,-0.07417305984432848,-0.03708652908959276
2013-09-02 07:00:00,6.58327213066389e-10,3.0889552339883025e-08,-0.1264594271876213,-0.06322971326464703
2013-09-02 08:00:00,6.831479277068543e-10,2.8822439427653918e-08,-0.1285073666990407,-0.06425368300794639
2013-09-02 09:00:00,6.263933182384209e-10,2.6752425024810125e-08,-0.12366629498175531,-0.061833147177681
2013-09-02 10:00:00,6.278204966608424e-10,2.6724676424819722e-08,-0.1233557283593317,-0.061677863865755606
2013-09-02 11:00:00,6.224666077212506e-10,2.597406456838637e-08,-0.1241923869681469,-0.062096193172840146
2013-09-02 12:00:00,6.420526481373725e-10,2.5960738954193447e-08,-0.1253029895686098,-0.06265149446327857
2013-09-02 13:00:00,7.222011586637178e-10,2.769225335211657e-08,-0.12909971178636603,-0.06454985553208244
2013-09-02 14:00:00,8.749163107916624e-10,3.095839804598401e-08,-0.12044719877150771,-0.0602235989482957
2013-09-02 15:00:00,7.462226628556496e-10,2.99144275720113e-08,-0.10102194356944048,-0.05051097141160891
2013-09-02 16:00:00,9.91297983175836e-10,4.7918675459511515e-08,-0.05421193983788088,-0.02710596942329145
2013-09-02 17:00:00,3.419316967090287e-09,0.11967608639216482,-0.04736501395527323,-0.023682505267978132
2013-09-02 18:00:00,4.12223969213663e-09,0.1294700828389435,-0.034694356724529675,-0.01734717630114499
2013-09-02 19:00:00,4.122239935700973e-09,0.1306408017561026,0.001059260579115504,0.0005296323506777199
2013-09-02 20:00:00,4.122240082972449e-09,0.1317693652659873,0.037672301192545186,0.018836152657392635
2013-09-02 21:00:00,4.122241023244432e-09,0.13412163510123545,0.05428321333241123,0.027141608727326124
2013-09-02 22:00:00,4.122242495960449e-09,0.13945843696601765,0.00937590091395325,0.004687952518097872
2013-09-02 23:00:00,4.183694130361995e-09,0.1437933924838745,-0.01780739730558968,-0.008903696560947775
2013-09-03 00:00:00,4.362066346510044e-09,0.15112667084698655,-0.014870721920589402,-0.007435358779261527
2013-09-03 01:00:00,4.471089791451375e-09,0.1621165665240491,-0.008486915571154833,-0.0042434555500325205
2013-09-03 02:00:00,4.658779772836718e-09,0.17275311563376697,0.00513529981541949,0.0025676522370996313
2013-09-03 03:00:00,6.193316801571778e-09,0.19306084756211223,0.026203215692434327,0.013101610942875564
2013-09-03 04:00:00,9.170648147502596e-09,0.21962437964021922,-0.008148649474175085,-0.004074320151763469
2013-09-03 05:00:00,1.3419861939025057e-08,0.2568203227206604,-0.06477477316728053,-0.03238737987370929
2013-09-03 06:00:00,3.3422663534477355e-09,0.15309659540953177,-0.07417305984432848,-0.037086528251031065
2013-09-03 07:00:00,1.1075679179049502e-09,0.09911633419047662,-0.1264594271876213,-0.06322971304002668
2013-09-03 08:00:00,5.104003864822501e-10,3.996197293779576e-08,-0.1285073666990407,-0.06425368309432015
2013-09-03 09:00:00,4.723780911457649e-10,3.511981658904313e-08,-0.12366629498175531,-0.06183314725468861
2013-09-03 10:00:00,4.1681754095413936e-10,2.8674616836149398e-08,-0.1233557283593317,-0.06167786397125708
2013-09-03 11:00:00,3.971312892496345e-10,2.482067208687391e-08,-0.1241923869681469,-0.062096193285507806
2013-09-03 12:00:00,4.1942373964823663e-10,2.7142960297053142e-08,-0.1253029895686098,-0.06265149457459303
2013-09-03 13:00:00,4.865589569708818e-10,4.056209119304436e-08,-0.12909971178636603,-0.06454985564990354
2013-09-03 14:00:00,6.140522376596538e-10,5.4289859328739724e-08,-0.12044719877150771,-0.060223599078727735
2013-09-03 15:00:00,1.5859659245610155e-09,0.12449544808768158,-0.10102194356944048,-0.05051097099173728
2013-09-03 16:00:00,4.510480114076498e-09,0.2285449868862088,-0.05421193983788088,-0.027105967663700384
2013-09-03 17:00:00,0.15083382577960872,0.4067519340193488,-0.04736501395527323,0.05173440591216774
2013-09-03 18:00:00,0.3442496621990467,0.4510316777878855,-0.034694356724529675,0.1547776527372585
2013-09-03 19:00:00,0.3439734712189179,0.45289858267947275,0.001059260579115504,0.1725163658990167
2013-09-03 20:00:00,0.35024339950608924,0.4590557469397773,0.037672301192545186,0.1939578503493172
2013-09-03 21:00:00,0.3633995580179849,0.4815313218336043,0.05428321333241123,0.20884138567519805
2013-09-03 22:00:00,0.3795229141813737,0.49234464288390295,0.00937590091395325,0.19444940754766346
2013-09-03 23:00:00,0.3837607487953572,0.48864151652949156,-0.01780739730558968,0.18297667574488377
2013-09-04 00:00:00,0.3893988361704735,0.49650648193922736,-0.014870721920589402,0.18726405712494204
2013-09-04 01:00:00,0.3967873567281072,0.4940916169639766,-0.008486915571154833,0.1941502205784762
2013-09-04 02:00:00,0.39945941978711946,0.48555109409492603,0.00513529981541949,0.20229735980126948
2013-09-04 03:00:00,0.3961270868701177,0.48015203256512784,0.026203215692434327,0.21116515128127603
2013-09-04 04:00:00,0.396829500294817,0.48035328210751294,-0.008148649474175085,0.19434042541032095
2013-09-04 05:00:00,0.3983271712038982,0.47843794395254435,-0.06477477316728053,0.16677619901830884
2013-09-04 06:00:00,4.24490342038187e-09,0.2510161137494045,-0.07417305984432848,-0.03708652779971253
2013-09-04 07:00:00,9.485574506375086e-10,0.0999656162027655,-0.1264594271876213,-0.06322971311953192
2013-09-04 08:00:00,3.990827145530791e-10,2.5920692062985723e-08,-0.1285073666990407,-0.064253683149979
2013-09-04 09:00:00,4.2775004881194826e-10,2.610707414187369e-08,-0.12366629498175531,-0.061833147277002634
2013-09-04 10:00:00,4.459533254068093e-10,2.6212906924303483e-08,-0.1233557283593317,-0.061677863956689186
2013-09-04 11:00:00,4.474249910115825e-10,2.5864051234456585e-08,-0.1241923869681469,-0.062096193260360956
2013-09-04 12:00:00,4.550869115055115e-10,2.6218078542468055e-08,-0.1253029895686098,-0.06265149455676144
2013-09-04 13:00:00,4.5568871809248407e-10,2.7156094031190634e-08,-0.12909971178636603,-0.06454985566533866
2013-09-04 14:00:00,4.051439429696018e-10,3.628987591341804e-08,-0.12044719877150771,-0.06022359918318188
2013-09-04 15:00:00,8.938262715979455e-10,0.09540210186096253,-0.10102194356944048,-0.0505109713378071
2013-09-04 16:00:00,3.0547983183829457e-09,0.1832397714061684,-0.05421193983788088,-0.027105968391541283
2013-09-04 17:00:00,0.11114603266061118,0.40444039261399634,-0.04736501395527323,0.031890509352668975
2013-09-04 18:00:00,0.1752947695390855,0.42422901695317466,-0.034694356724529675,0.07030020640727791
2013-09-04 19:00:00,0.14297163306964547,0.4086882793793832,0.001059260579115504,0.07201544682438049
2013-09-04 20:00:00,0.12615891741992463,0.3869509862524058,0.037672301192545186,0.08191560930623491
2013-09-04 21:00:00,0.00011804303218178023,0.37907930097268766,0.05428321333241123,0.027200628182296505
2013-09-04 22:00:00,1.2747870244125668e-08,0.35683606201399337,0.00937590091395325,0.004687956830911747
2013-09-04 23:00:00,1.1315792777432482e-08,0.34756722332742335,-0.01780739730558968,-0.008903692994898451
2013-09-05 00:00:00,1.017572629065498e-08,0.3364206443318308,-0.014870721920589402,-0.007435355872431555
2013-09-05 01:00:00,9.585412352026278e-09,0.33339569528846785,-0.008486915571154833,-0.00424345299287124
2013-09-05 02:00:00,8.456904637254016e-09,0.3220952452267356,0.00513529981541949,0.0025676541361620638
2013-09-05 03:00:00,7.350677330000242e-09,0.3033840432874028,0.026203215692434327,0.013101611521555829
2013-09-05 04:00:00,6.717292602202667e-09,0.2925072746540658,-0.008148649474175085,-0.0040743213784412416
2013-09-05 05:00:00,6.349400826762396e-09,0.2899064934329226,-0.06477477316728053,-0.03238738340893985
2013-09-05 06:00:00,1.971883747692249e-09,0.12030663476571038,-0.07417305984432848,-0.037086528936222364
2013-09-05 07:00:00,3.988505015272442e-10,2.4752841171982743e-08,-0.1264594271876213,-0.06322971339438539
2013-09-05 08:00:00,4.861070079966319e-10,2.662381386774711e-08,-0.1285073666990407,-0.06425368310646684
2013-09-05 09:00:00,5.534173408546289e-10,2.7679979828548634e-08,-0.12366629498175531,-0.061833147214168986
2013-09-05 10:00:00,5.596611751100963e-10,2.5401659163679007e-08,-0.1233557283593317,-0.06167786389983526
2013-09-05 11:00:00,5.604556394499422e-10,2.5062925654676017e-08,-0.1241923869681469,-0.06209619320384563
2013-09-05 12:00:00,5.316347226837359e-10,2.4932070446856192e-08,-0.1253029895686098,-0.06265149451848753
2013-09-05 13:00:00,4.5726183587125397e-10,2.428948218070915e-08,-0.12909971178636603,-0.0645498556645521
2013-09-05 14:00:00,4.5280292891771027e-10,2.4613916699339476e-08,-0.12044719877150771,-0.06022359915935239
2013-09-05 15:00:00,4.0377067864710115e-10,2.502163821407567e-08,-0.10102194356944048,-0.0505109715828349
2013-09-05 16:00:00,1.5507096798149081e-09,0.10780262996090072,-0.05421193983788088,-0.027105969143585602
2013-09-05 17:00:00,4.4009816528207545e-09,0.19882964871261496,-0.04736501395527323,-0.02368250477714579
2013-09-05 18:00:00,5.614521431355735e-09,0.1986156078634785,-0.034694356724529675,-0.017347175555004122
2013-09-05 19:00:00,5.75774680343986e-09,0.1830220869781675,0.001059260579115504,0.0005296331684311537
2013-09-05 20:00:00,5.8816611799761905e-09,0.17570932957800592,0.037672301192545186,0.018836153537103183
2013-09-05 21:00:00,6.005114255555745e-09,0.1763134714914666,0.05428321333241123,0.02714160966876274
2013-09-05 22:00:00,6.080729936902357e-09,0.1741471701195247,0.00937590091395325,0.004687953497341593
2013-09-05 23:00:00,5.380622631507568e-09,0.18046920867663765,-0.01780739730558968,-0.008903695962483525
2013-09-06 00:00:00,5.402216383213492e-09,0.18345836250329092,-0.014870721920589402,-0.0074353582591865095
2013-09-06 01:00:00,5.4345444760705424e-09,0.18553111915613985,-0.008486915571154833,-0.0042434550683051785
2013-09-06 02:00:00,6.288996163772873e-09,0.18776377812917708,0.00513529981541949,0.002567653052207827
2013-09-06 03:00:00,6.164513545795343e-09,0.1872033454036683,0.026203215692434327,0.013101610928473936
2013-09-06 04:00:00,5.964918060655032e-09,0.18624591537207305,-0.008148649474175085,-0.004074321754628512
2013-09-06 05:00:00,5.886408533824304e-09,0.1839245237859944,-0.06477477316728053,-0.032387383640436
2013-09-06 06:00:00,1.4991779737317995e-09,0.1012259859042024,-0.07417305984432848,-0.03708652917257525
2013-09-06 07:00:00,4.955207149776428e-10,2.6873927181470055e-08,-0.1264594271876213,-0.06322971334605029
2013-09-06 08:00:00,5.010939073754317e-10,2.712671658334361e-08,-0.1285073666990407,-0.06425368309897339
2013-09-06 09:00:00,5.527756034380126e-10,2.763546191300289e-08,-0.12366629498175531,-0.061833147214489854
2013-09-06 10:00:00,5.615321784786058e-10,2.8064773099611843e-08,-0.1233557283593317,-0.06167786389889976
2013-09-06 11:00:00,5.760043383725159e-10,2.8440002153983012e-08,-0.1241923869681469,-0.06209619319607128
2013-09-06 12:00:00,5.904988287315982e-10,2.832675413436822e-08,-0.1253029895686098,-0.06265149448905549
2013-09-06 13:00:00,5.068077895616641e-10,2.626899407264305e-08,-0.12909971178636603,-0.06454985563977912
2013-09-06 14:00:00,5.023699293042095e-10,2.653567513646718e-08,-0.12044719877150771,-0.06022359913456889
2013-09-06 15:00:00,4.785808314108293e-10,2.6429145598870767e-08,-0.10102194356944048,-0.05051097154542983
2013-09-06 16:00:00,1.707648585307509e-09,0.11321887306113575,-0.05421193983788088,-0.02710596906511615
2013-09-06 17:00:00,1.0929304770869593e-08,0.2184240924161582,-0.04736501395527323,-0.02368250151298423
2013-09-06 18:00:00,9.694553280621465e-07,0.2487367923862998,-0.034694356724529675,-0.017346693634600806
2013-09-06 19:00:00,1.0201077616639608e-06,0.2512380837204361,0.001059260579115504,0.000530140343438584
2013-09-06 20:00:00,1.1038606427313525e-06,0.25869855756952975,0.037672301192545186,0.01883670252659396
2013-09-06 21:00:00,1.1379536933245718e-06,0.26363541894429987,0.05428321333241123,0.027142175643052276
2013-09-06 22:00:00,8.263073528607249e-07,0.29059922189873116,0.00937590091395325,0.004688363610653055
2013-09-06 23:00:00,1.174772744369656e-06,0.30620732034364545,-0.01780739730558968,-0.008903111266422657
2013-09-07 00:00:00,9.421297369606759e-07,0.31344994832798684,-0.014870721920589402,-0.00743488989542622
2013-09-07 01:00:00,5.657912434207741e-07,0.3187694146403082,-0.008486915571154833,-0.004243174889955706
2013-09-07 02:00:00,1.2551628251963308e-06,0.3334255429981411,0.00513529981541949,0.002568277489122343
2013-09-07 03:00:00,1.7208043508079341e-06,0.3625124570475216,0.026203215692434327,0.013102468248392568
2013-09-07 04:00:00,1.959810594127761e-06,0.38481125655938414,-0.008148649474175085,-0.004073344831790479
2013-09-07 05:00:00,1.945111802744656e-06,0.38780465193580316,-0.06477477316728053,-0.03238641402773889
2013-09-07 06:00:00,2.5322623058444694e-09,0.15855151631680373,-0.07417305984432848,-0.03708652865603309
2013-09-07 07:00:00,5.561035423547811e-10,3.285128470023758e-08,-0.1264594271876213,-0.06322971331575887
2013-09-07 08:00:00,5.702966593286044e-10,3.136384048282824e-08,-0.1285073666990407,-0.06425368306437201
2013-09-07 09:00:00,5.716239961716481e-10,3.042121885428115e-08,-0.12366629498175531,-0.06183314720506566
2013-09-07 10:00:00,5.866547264230507e-10,2.9415865685206e-08,-0.1233557283593317,-0.06167786388633849
2013-09-07 11:00:00,6.868029449900577e-10,3.198354283957679e-08,-0.1241923869681469,-0.062096193140671975
2013-09-07 12:00:00,6.393153818096213e-10,3.20794505436186e-08,-0.1253029895686098,-0.06265149446464721
2013-09-07 13:00:00,6.255070035288848e-10,3.2269657925108755e-08,-0.12909971178636603,-0.06454985558042951
2013-09-07 14:00:00,5.42935740396324e-10,3.154682312576486e-08,-0.12044719877150771,-0.060223599114285986
2013-09-07 15:00:00,1.2346320493625313e-09,1.7870405633144335e-06,-0.10102194356944048,-0.05051097116740422
2013-09-07 16:00:00,4.395302532505467e-09,0.20253992843705726,-0.05421193983788088,-0.027105967721289176
2013-09-07 17:00:00,0.00011173167870048101,0.452167949945603,-0.04736501395527323,-0.023626641138286376
2013-09-07 18:00:00,2.5766829279121637e-06,0.39213284563100886,-0.034694356724529675,-0.01734589002080088
2013-09-07 19:00:00,5.556602711642181e-07,0.3507733693018007,0.001059260579115504,0.0005299081196933342
2013-09-07 20:00:00,5.215705112459091e-07,0.3338980520570017,0.037672301192545186,0.018836411381528216
2013-09-07 21:00:00,4.919406390475093e-07,0.3201446270740944,0.05428321333241123,0.027141852636525136
2013-09-07 22:00:00,1.5543166551486063e-07,0.28735878866488085,0.00937590091395325,0.004688028172809382
2013-09-07 23:00:00,1.6006710156063025e-07,0.2991780457043098,-0.01780739730558968,-0.00890361861924406
2013-09-08 00:00:00,1.6142521336183364e-07,0.3030463305156376,-0.014870721920589402,-0.00743528024768802
2013-09-08 01:00:00,1.473261457982382e-07,0.2916793222376092,-0.008486915571154833,-0.004243384122504517
2013-09-08 02:00:00,9.962591721996309e-08,0.27924617734636764,0.00513529981541949,0.002567699720668355
2013-09-08 03:00:00,9.257971501140037e-08,0.26623062481904153,0.026203215692434327,0.01310165413607467
2013-09-08 04:00:00,6.413262256943452e-08,0.24209368282817864,-0.008148649474175085,-0.004074292670776258
2013-09-08 05:00:00,4.234086964011655e-08,0.22559121987609196,-0.06477477316728053,-0.03238736541320544
2013-09-08 06:00:00,2.250165319195968e-09,0.14206464080359263,-0.07417305984432848,-0.03708652879708158
2013-09-08 07:00:00,7.865989630800757e-10,3.8200386441603316e-08,-0.1264594271876213,-0.06322971320051117
2013-09-08 08:00:00,6.454946912457464e-10,3.351989552481745e-08,-0.1285073666990407,-0.064253683026773
2013-09-08 09:00:00,6.818638618928877e-10,3.447981675059646e-08,-0.12366629498175531,-0.06183314714994573
2013-09-08 10:00:00,6.786849738683696e-10,3.496073330620344e-08,-0.1233557283593317,-0.061677863840323366
2013-09-08 11:00:00,6.839632810892731e-10,3.536264282556618e-08,-0.1241923869681469,-0.06209619314209181
2013-09-08 12:00:00,6.028520056664079e-10,3.450145037522457e-08,-0.1253029895686098,-0.06265149448287889
2013-09-08 13:00:00,7.106298771905315e-10,3.88884604190727e-08,-0.12909971178636603,-0.06454985553786807
2013-09-08 14:00:00,9.101491718018883e-10,6.862355821158576e-08,-0.12044719877150771,-0.060223598930679266
2013-09-08 15:00:00,1.828329106553959e-09,0.15375686689116896,-0.10102194356944048,-0.050510970870555685
2013-09-08 16:00:00,4.320767155837963e-09,0.2067398038717407,-0.05421193983788088,-0.027105967758556865
2013-09-08 17:00:00,1.0652209317745278e-08,0.3261309396386907,-0.04736501395527323,-0.02368250165153196
2013-09-08 18:00:00,1.3547474876825003e-08,0.3449260885289923,-0.034694356724529675,-0.0173471715885274
2013-09-08 19:00:00,8.498384293877651e-05,0.362633624485938,0.001059260579115504,0.0005721222110271403
2013-09-08 20:00:00,0.00010742369595909113,0.39415449184447976,0.037672301192545186,0.01888986244425214
2013-09-08 21:00:00,0.00012429536870936723,0.4170169061076332,0.05428321333241123,0.027203754350560296
2013-09-08 22:00:00,0.00014029095433725587,0.45066018230869614,0.00937590091395325,0.004758095934145253
2013-09-08 23:00:00,0.23496603978013153,0.46340443491722827,-0.01780739730558968,0.10857932123727093
2013-09-09 00:00:00,0.2393776827331111,0.46149350062718,-0.014870721920589402,0.11225348040626085
2013-09-09 01:00:00,0.22882056090670772,0.4479670967376579,-0.008486915571154833,0.11016682266777644
2013-09-09 02:00:00,0.2086980674794674,0.4164367504976388,0.00513529981541949,0.10691668364744344
2013-09-09 03:00:00,0.19552040176491012,0.3961253237054797,0.026203215692434327,0.11086180872867223
2013-09-09 04:00:00,0.19168072812868645,0.38571511032121925,-0.008148649474175085,0.09176603932725567
2013-09-09 05:00:00,0.1258343005959968,0.37250703547734965,-0.06477477316728053,0.03052976371435813
2013-09-09 06:00:00,7.838520642896965e-09,0.2403677552652461,-0.07417305984432848,-0.03708652600290392
2013-09-09 07:00:00,2.8953490130807133e-09,0.13352782761593235,-0.1264594271876213,-0.06322971214613614
2013-09-09 08:00:00,1.1603865206376148e-09,0.09757714256990087,-0.1285073666990407,-0.0642536827693271
2013-09-09 09:00:00,5.79996993396119e-10,4.230910666858278e-08,-0.12366629498175531,-0.06183314720087916
2013-09-09 10:00:00,5.010389432463524e-10,4.042114014311565e-08,-0.1233557283593317,-0.06167786392914638
2013-09-09 11:00:00,4.762361094368546e-10,3.790626309303961e-08,-0.1241923869681469,-0.062096193245955396
2013-09-09 12:00:00,4.896543263248865e-10,3.872783213771858e-08,-0.1253029895686098,-0.06265149453947774
2013-09-09 13:00:00,5.242498408764119e-10,4.092531023898168e-08,-0.12909971178636603,-0.0645498556310581
2013-09-09 14:00:00,1.0333904024629843e-09,0.0890232860467628,-0.12044719877150771,-0.060223598869058655
2013-09-09 15:00:00,1.2444807146523492e-09,0.10317395478472322,-0.10102194356944048,-0.050510971162479885
2013-09-09 16:00:00,4.297097095388774e-09,0.16390793155415426,-0.05421193983788088,-0.027105967770391894
2013-09-09 17:00:00,0.12478463091414221,0.3870283598329887,-0.04736501395527323,0.03870980847943449
2013-09-09 18:00:00,0.1325868152337257,0.39747021665828447,-0.034694356724529675,0.04894622925459802
2013-09-09 19:00:00,0.13062794327867278,0.3984472160541792,0.001059260579115504,0.06584360192889414
2013-09-09 20:00:00,0.12847108435908883,0.39201859859894805,0.037672301192545186,0.08307169277581701
2013-09-09 21:00:00,0.07372126799344624,0.38669052193332704,0.05428321333241123,0.06400224066292873
2013-09-09 22:00:00,8.147145435348654e-05,0.36484414273166554,0.00937590091395325,0.004728686184153368
2013-09-09 23:00:00,8.29828387232192e-05,0.3590430983383817,-0.01780739730558968,-0.008862207233433231
2013-09-10 00:00:00,7.187092107523627e-07,0.3494345391631486,-0.014870721920589402,-0.007435001605689324
2013-09-10 01:00:00,7.284058223379256e-07,0.34199222673706137,-0.008486915571154833,-0.004243093582666248
2013-09-10 02:00:00,1.1251518446188579e-05,0.32628491220549777,0.00513529981541949,0.002573275666932839
2013-09-10 03:00:00,7.772133078395479e-05,0.32437727871073224,0.026203215692434327,0.013140468511609141
2013-09-10 04:00:00,0.04440997911479272,0.3209829487078864,-0.008148649474175085,0.01813066482030882
2013-09-10 05:00:00,0.08687604844130428,0.31856803690828656,-0.06477477316728053,0.011050637637011876
2013-09-10 06:00:00,5.611438604851812e-09,0.19966633763087782,-0.07417305984432848,-0.03708652711644494
2013-09-10 07:00:00,2.053880491678752e-09,0.1305743511088729,-0.1264594271876213,-0.0632297125668704
2013-09-10 08:00:00,1.3232559922828514e-09,0.10470025647567636,-0.1285073666990407,-0.06425368268789235
2013-09-10 09:00:00,1.3059830579216447e-09,0.05516347601244408,-0.12366629498175531,-0.06183314683788613
2013-09-10 10:00:00,1.1675768613279145e-09,0.021656329248624998,-0.1233557283593317,-0.06167786359587742
2013-09-10 11:00:00,1.2269941661335379e-09,0.03338903080636967,-0.1241923869681469,-0.06209619287057636
2013-09-10 12:00:00,1.3251031442067284e-09,0.05656720052840414,-0.1253029895686098,-0.06265149412175333
2013-09-10 13:00:00,1.3617967145592607e-09,0.11364412772243107,-0.12909971178636603,-0.06454985521228467
2013-09-10 14:00:00,1.4657641077206095e-09,0.12045169020129033,-0.12044719877150771,-0.0602235986528718
2013-09-10 15:00:00,1.5627127340378756e-09,0.12578977467331343,-0.10102194356944048,-0.05051097100336387
2013-09-10 16:00:00,3.251071328437602e-09,0.1651712030936834,-0.05421193983788088,-0.027105968293404777
2013-09-10 17:00:00,1.179213244017521e-08,0.2823112931285309,-0.04736501395527323,-0.023682501081570398
2013-09-10 18:00:00,1.08740731379551e-08,0.27184190930011687,-0.034694356724529675,-0.01734717292522827
2013-09-10 19:00:00,9.16108313578713e-09,0.2551250702501409,0.001059260579115504,0.0005296348700993199
2013-09-10 20:00:00,7.649958717380281e-09,0.24189013379479912,0.037672301192545186,0.01883615442125195
2013-09-10 21:00:00,6.238329761567232e-09,0.23226687161774168,0.05428321333241123,0.027141609785370495
2013-09-10 22:00:00,7.0066538662165574e-09,0.2351474795739334,0.00937590091395325,0.004687953960303558
2013-09-10 23:00:00,5.373577275655721e-09,0.2275542695939286,-0.01780739730558968,-0.008903695966006204
2013-09-11 00:00:00,5.230957008329898e-09,0.22311950756599033,-0.014870721920589402,-0.007435358344816197
2013-09-11 01:00:00,5.210037690171827e-09,0.21890918578288027,-0.008486915571154833,-0.004243455180558572
2013-09-11 02:00:00,5.210891361453532e-09,0.2174928887948792,0.00513529981541949,0.002567652513155426
2013-09-11 03:00:00,5.160374909169384e-09,0.21913606697736215,0.026203215692434327,0.013101610426404618
2013-09-11 04:00:00,5.856620372352064e-09,0.22216772016132252,-0.008148649474175085,-0.004074321808777356
2013-09-11 05:00:00,6.602179739130611e-09,0.22664577889741042,-0.06477477316728053,-0.0323873832825504
2013-09-11 06:00:00,2.803945677728971e-09,0.1453978238712016,-0.07417305984432848,-0.037086528520191404
2013-09-11 07:00:00,1.3551705687423933e-09,0.1041625459015826,-0.1264594271876213,-0.06322971291622537
2013-09-11 08:00:00,9.441456621643352e-10,0.08848815052762377,-0.1285073666990407,-0.06425368287744752
2013-09-11 09:00:00,9.584555037027615e-10,0.08968826906616098,-0.12366629498175531,-0.0618331470116499
2013-09-11 10:00:00,9.668611895016111e-10,0.09653018991794116,-0.1233557283593317,-0.061677863696235256
2013-09-11 11:00:00,1.026308115389792e-09,0.10159618138527153,-0.1241923869681469,-0.06209619297091939
2013-09-11 12:00:00,1.1209659459690453e-09,0.1080167832007786,-0.1253029895686098,-0.06265149422382192
2013-09-11 13:00:00,1.4978885818720753e-09,0.11664271471708512,-0.12909971178636603,-0.06454985514423872
2013-09-11 14:00:00,2.34860497473638e-09,0.1312246936800418,-0.12044719877150771,-0.06022359821145137
2013-09-11 15:00:00,2.6969810873934923e-09,0.1436277921584495,-0.10102194356944048,-0.0505109704362297
2013-09-11 16:00:00,4.6818308880234645e-09,0.20232545056142098,-0.05421193983788088,-0.027105967578024998
2013-09-11 17:00:00,0.08996516365751753,0.3264767302134737,-0.04736501395527323,0.021300074851122147
2013-09-11 18:00:00,0.09808318798958868,0.3360491082488376,-0.034694356724529675,0.031694415632529505
2013-09-11 19:00:00,0.10954487944785372,0.3475686482388852,0.001059260579115504,0.05530207001348461
2013-09-11 20:00:00,0.12176027314476064,0.3608130239101129,0.037672301192545186,0.07971628716865291
2013-09-11 21:00:00,0.00013359027031687758,0.3780584135157938,0.05428321333241123,0.02720840180136405
2013-09-11 22:00:00,9.547710397041382e-05,0.37807097119302385,0.00937590091395325,0.004735689008961832
2013-09-11 23:00:00,0.00010964661838913403,0.4066271050327765,-0.01780739730558968,-0.008848875343600274
2013-09-12 00:00:00,0.00014176278892923046,0.41734024289788857,-0.014870721920589402,-0.007364479565830085
2013-09-12 01:00:00,0.21321709244770495,0.41885163666511616,-0.008486915571154833,0.10236508843827506
2013-09-12 02:00:00,0.23887989516875507,0.43289477118500796,0.00513529981541949,0.12200759749208728
2013-09-12 03:00:00,0.1332225891450407,0.4413649429990961,0.026203215692434327,0.07971290241873752
2013-09-12 04:00:00,0.2947868037980529,0.43075324156587963,-0.008148649474175085,0.1433190771619389
2013-09-12 05:00:00,0.30669591335996493,0.42732048861877947,-0.06477477316728053,0.1209605700963422
2013-09-12 06:00:00,6.53057838658861e-09,0.29594621993289444,-0.07417305984432848,-0.03708652665687505
2013-09-12 07:00:00,3.1983159175140536e-09,0.17571300957839703,-0.1264594271876213,-0.06322971199465269
2013-09-12 08:00:00,2.0109792129983027e-09,0.1237943765760122,-0.1285073666990407,-0.06425368234403074
2013-09-12 09:00:00,1.609216496722546e-09,0.11581878156428826,-0.12366629498175531,-0.06183314668626941
2013-09-12 10:00:00,1.2260952525487605e-09,0.10534169797933458,-0.1233557283593317,-0.061677863566618224
2013-09-12 11:00:00,1.1775395165864529e-09,0.10154480108451486,-0.1241923869681469,-0.062096192895303694
2013-09-12 12:00:00,1.213690231622262e-09,0.10421146371916727,-0.1253029895686098,-0.06265149417745978
2013-09-12 13:00:00,1.3265753478625526e-09,0.11227542489412017,-0.12909971178636603,-0.06454985522989534
2013-09-12 14:00:00,2.1200848198340514e-09,0.13104337506871425,-0.12044719877150771,-0.06022359832571145
2013-09-12 15:00:00,3.0502511831520186e-09,0.16826036177874867,-0.10102194356944048,-0.050510970259594654
2013-09-12 16:00:00,6.138055708600777e-09,0.292262184218009,-0.05421193983788088,-0.027105966849912587
2013-09-12 17:00:00,0.3118456677891387,0.435643568140427,-0.04736501395527323,0.13224032691693272
2013-09-12 18:00:00,0.323546096862925,0.4408951182149001,-0.034694356724529675,0.14442587006919766
2013-09-12 19:00:00,0.33649412756053393,0.4471059751630511,0.001059260579115504,0.1687766940698247
2013-09-12 20:00:00,0.35335597172317984,0.45584818757058165,0.037672301192545186,0.1955141364578625
2013-09-12 21:00:00,0.3676585416686495,0.4814204654971594,0.05428321333241123,0.21097087750053034
2013-09-12 22:00:00,0.31884309686632206,0.4467589072011017,0.00937590091395325,0.16410949889013765
2013-09-12 23:00:00,0.3133476286936765,0.4540024008829746,-0.01780739730558968,0.1477701156940434
2013-09-13 00:00:00,0.3209606245537965,0.46165697113777276,-0.014870721920589402,0.15304495131660353
2013-09-13 01:00:00,0.32890045927082373,0.4641102445147542,-0.008486915571154833,0.16020677184983445
2013-09-13 02:00:00,0.33058935738629336,0.4587680636437269,0.00513529981541949,0.16786232860085643
2013-09-13 03:00:00,0.33292048705834115,0.4476806800028365,0.026203215692434327,0.17956185137538774
2013-09-13 04:00:00,0.33951746371741465,0.44616633967986286,-0.008148649474175085,0.16568440712161978
2013-09-13 05:00:00,0.3451466114170246,0.4491238210534376,-0.06477477316728053,0.14018591912487202
2013-09-13 06:00:00,5.977050608133122e-09,0.29574615013701405,-0.07417305984432848,-0.03708652693363894
2013-09-13 07:00:00,2.6349648764642198e-09,0.1414214294951748,-0.1264594271876213,-0.0632297122763282
2013-09-13 08:00:00,9.802306930707804e-10,0.10124002226159004,-0.1285073666990407,-0.064253682859405
2013-09-13 09:00:00,8.510701137992285e-10,0.08969624984623963,-0.12366629498175531,-0.0618331470653426
2013-09-13 10:00:00,7.670750766706152e-10,0.04712776668697118,-0.1233557283593317,-0.061677863796128315
2013-09-13 11:00:00,7.553081045221567e-10,1.2333477314939057e-06,-0.1241923869681469,-0.062096193106419395
2013-09-13 12:00:00,7.897870676869136e-10,2.34279394798733e-06,-0.1253029895686098,-0.06265149438941137
2013-09-13 13:00:00,8.78102282942931e-10,0.0921659312927024,-0.12909971178636603,-0.06454985545413187
2013-09-13 14:00:00,1.0684309925780036e-09,0.10948977037513673,-0.12044719877150771,-0.06022359885153836
2013-09-13 15:00:00,1.9775882171908387e-09,0.12551077981180706,-0.10102194356944048,-0.05051097079592613
2013-09-13 16:00:00,3.684157287442165e-09,0.21562033908719438,-0.05421193983788088,-0.0271059680768618
2013-09-13 17:00:00,9.976167114118457e-09,0.374544853540606,-0.04736501395527323,-0.02368250198955306
2013-09-13 18:00:00,9.581739942769143e-09,0.36355453158648665,-0.034694356724529675,-0.017347173571394866
2013-09-13 19:00:00,8.787325304140705e-09,0.3467052981647809,0.001059260579115504,0.000529634683220404
2013-09-13 20:00:00,7.711279925670596e-09,0.32191809248359726,0.037672301192545186,0.018836154451912557
2013-09-13 21:00:00,7.248344795566465e-09,0.309910819962192,0.05428321333241123,0.02714161029037801
2013-09-13 22:00:00,7.546852748576351e-09,0.30281277354074826,0.00937590091395325,0.004687954230402999
2013-09-13 23:00:00,8.972848698210142e-09,0.3213488591260474,-0.01780739730558968,-0.008903694166370492
2013-09-14 00:00:00,1.2099138469283896e-08,0.3558087723731229,-0.014870721920589402,-0.007435354910725466
2013-09-14 01:00:00,1.4681108797462614e-08,0.3754838931475389,-0.008486915571154833,-0.004243450445023018
2013-09-14 02:00:00,1.5369095094405988e-08,0.37487500693632314,0.00513529981541949,0.0025676575922572924
2013-09-14 03:00:00,1.6991723625945012e-08,0.38209003119674045,0.026203215692434327,0.013101616342078976
2013-09-14 04:00:00,9.603191240852688e-05,0.3927101086344584,-0.008148649474175085,-0.004026308780883279
2013-09-14 05:00:00,0.00011539551505437066,0.39316128073738943,-0.06477477316728053,-0.03232968882611308
2013-09-14 06:00:00,4.197315402525055e-09,0.1981616790012722,-0.07417305984432848,-0.03708652782350654
2013-09-14 07:00:00,1.3102502462956658e-09,0.053644937981899773,-0.1264594271876213,-0.06322971293868553
2013-09-14 08:00:00,5.825483959089901e-10,4.9606042597435844e-08,-0.1285073666990407,-0.06425368305824615
2013-09-14 09:00:00,5.126156443571532e-10,4.1909121232463935e-08,-0.12366629498175531,-0.061833147234569834
2013-09-14 10:00:00,4.735696656640356e-10,3.981192254043331e-08,-0.1233557283593317,-0.061677863942881016
2013-09-14 11:00:00,4.766563055885521e-10,3.953148471702934e-08,-0.1241923869681469,-0.06209619324574529
2013-09-14 12:00:00,5.194907476461437e-10,4.241169919524494e-08,-0.1253029895686098,-0.06265149452455952
2013-09-14 13:00:00,5.927239745301632e-10,4.9960806773849364e-08,-0.12909971178636603,-0.06454985559682103
2013-09-14 14:00:00,6.995864490549756e-10,5.902825014210113e-08,-0.12044719877150771,-0.06022359903596063
2013-09-14 15:00:00,1.433606873180197e-09,0.1304874901487577,-0.10102194356944048,-0.050510971067916806
2013-09-14 16:00:00,3.0242415769494327e-09,0.17972128026440393,-0.05421193983788088,-0.027105968406819652
2013-09-14 17:00:00,5.7521556555638765e-09,0.2430816878366407,-0.04736501395527323,-0.02368250410155879
2013-09-14 18:00:00,5.582348120646473e-09,0.230186658861869,-0.034694356724529675,-0.017347175571090778
2013-09-14 19:00:00,5.5430950359063934e-09,0.2228930585814071,0.001059260579115504,0.00052963306110527
2013-09-14 20:00:00,5.533303540597635e-09,0.22383416891539742,0.037672301192545186,0.018836153362924362
2013-09-14 21:00:00,5.526878108778694e-09,0.2244095776345964,0.05428321333241123,0.027141609429644668
2013-09-14 22:00:00,4.82472880285555e-09,0.21885201186575903,0.00937590091395325,0.004687952869341026
2013-09-14 23:00:00,4.824513936458309e-09,0.22492913963447358,-0.01780739730558968,-0.008903696240537872
2013-09-15 00:00:00,4.827211438845996e-09,0.22851759198804186,-0.014870721920589402,-0.007435358546688981
2013-09-15 01:00:00,4.8460270711034945e-09,0.2318251987229744,-0.008486915571154833,-0.004243455362563881
2013-09-15 02:00:00,4.889178147878893e-09,0.23450001950231733,0.00513529981541949,0.002567652352298819
2013-09-15 03:00:00,4.940513817488239e-09,0.23567689579794057,0.026203215692434327,0.013101610316474072
2013-09-15 04:00:00,4.929209665908343e-09,0.23771535861608434,-0.008148649474175085,-0.00407432227248271
2013-09-15 05:00:00,5.036520000791511e-09,0.24145137224406116,-0.06477477316728053,-0.03238738406538026
2013-09-15 06:00:00,2.0733913466656354e-09,0.16833028007510167,-0.07417305984432848,-0.03708652888546857
2013-09-15 07:00:00,7.048354427810577e-10,5.757939650592784e-08,-0.1264594271876213,-0.06322971324139293
2013-09-15 08:00:00,5.682927983387801e-10,3.319882040852972e-08,-0.1285073666990407,-0.06425368306537395
2013-09-15 09:00:00,5.358010395568905e-10,3.2219130498665323e-08,-0.12366629498175531,-0.061833147222977135
2013-09-15 10:00:00,5.238524926938254e-10,3.1567107692769055e-08,-0.1233557283593317,-0.061677863917739606
2013-09-15 11:00:00,5.425329457643381e-10,3.2128260332553994e-08,-0.1241923869681469,-0.062096193212806974
2013-09-15 12:00:00,5.589207225198362e-10,3.2885739845106484e-08,-0.1253029895686098,-0.06265149450484454
2013-09-15 13:00:00,5.639229684315422e-10,3.4632262357393184e-08,-0.12909971178636603,-0.06454985561122153
2013-09-15 14:00:00,6.238656970076303e-10,3.738645823273596e-08,-0.12044719877150771,-0.06022359907382101
2013-09-15 15:00:00,7.230673228490409e-10,4.9584387327388045e-08,-0.10102194356944048,-0.05051097142318658
2013-09-15 16:00:00,1.851574715006194e-09,0.10088384017733383,-0.05421193983788088,-0.027105968993153085
2013-09-15 17:00:00,3.4469250145329594e-09,0.2532477980780142,-0.04736501395527323,-0.02368250525417411
2013-09-15 18:00:00,3.449167333858075e-09,0.25057067544322886,-0.034694356724529675,-0.01734717663768117
2013-09-15 19:00:00,3.452303547954313e-09,0.2350720198800945,0.001059260579115504,0.000529632015709526
2013-09-15 20:00:00,3.454548063420152e-09,0.21350467708965126,0.037672301192545186,0.018836152323546625
2013-09-15 21:00:00,3.4528510802524286e-09,0.192140772935756,0.05428321333241123,0.027141608392631154
2013-09-15 22:00:00,3.436101385184144e-09,0.014949195455239157,0.00937590091395325,0.004687952175027317
2013-09-15 23:00:00,2.7482337553395366e-09,2.3235678688180117e-07,-0.01780739730558968,-0.008903697278677963
2013-09-16 00:00:00,2.748226838890623e-09,2.2076299266584188e-07,-0.014870721920589402,-0.007435359586181281
2013-09-16 01:00:00,2.752229416948992e-09,2.0850722705629755e-07,-0.008486915571154833,-0.004243456409462708
2013-09-16 02:00:00,2.762690323031365e-09,1.632268197915893e-07,0.00513529981541949,0.0025676512890549065
2013-09-16 03:00:00,2.7653377541810928e-09,1.9416222106739581e-07,0.026203215692434327,0.01310160922888604
2013-09-16 04:00:00,3.439273714922582e-09,0.13218770348577769,-0.008148649474175085,-0.004074323017450685
2013-09-16 05:00:00,3.439973157091382e-09,0.13528991533066967,-0.06477477316728053,-0.03238738486365369
2013-09-16 06:00:00,2.1335471231754743e-09,0.11351602201451388,-0.07417305984432848,-0.03708652885539068
2013-09-16 07:00:00,7.654267972556393e-10,4.611466352297416e-08,-0.1264594271876213,-0.06322971321109724
2013-09-16 08:00:00,5.751846693075941e-10,2.6897568937185567e-08,-0.1285073666990407,-0.06425368306192801
2013-09-16 09:00:00,5.411824526492842e-10,2.595026785076424e-08,-0.12366629498175531,-0.06183314722028643
2013-09-16 10:00:00,4.936499848418602e-10,2.5618023972587045e-08,-0.1233557283593317,-0.06167786393284086
2013-09-16 11:00:00,4.790975422802966e-10,2.5366907324433264e-08,-0.1241923869681469,-0.06209619324452468
2013-09-16 12:00:00,4.939931704969945e-10,2.623247289926026e-08,-0.1253029895686098,-0.06265149453730831
2013-09-16 13:00:00,5.501401985534096e-10,2.8467960793904944e-08,-0.12909971178636603,-0.06454985561811291
2013-09-16 14:00:00,6.329233218079262e-10,3.261558857050802e-08,-0.12044719877150771,-0.06022359906929219
2013-09-16 15:00:00,1.0635576132235426e-09,6.8520226011239e-08,-0.10102194356944048,-0.05051097125294143
2013-09-16 16:00:00,2.3967341716699354e-09,0.14831159673412284,-0.05421193983788088,-0.027105968720573356
2013-09-16 17:00:00,5.518539305501997e-09,0.21608357238876164,-0.04736501395527323,-0.023682504218366963
2013-09-16 18:00:00,5.529403611437628e-09,0.22840822382861456,-0.034694356724529675,-0.017347175597563033
2013-09-16 19:00:00,5.533796414421715e-09,0.23388184820938118,0.001059260579115504,0.0005296330564559592
2013-09-16 20:00:00,5.534984229325107e-09,0.2334175068893606,0.037672301192545186,0.018836153363764707
2013-09-16 21:00:00,4.8454542236912135e-09,0.22969350718170262,0.05428321333241123,0.027141609088932726
2013-09-16 22:00:00,4.849505590895927e-09,0.22316278857178923,0.00937590091395325,0.00468795288172942
2013-09-16 23:00:00,4.158602561603946e-09,0.2133061866649138,-0.01780739730558968,-0.008903696573493559
2013-09-17 00:00:00,4.154931904031588e-09,0.20166046086358197,-0.014870721920589402,-0.007435358882828749
2013-09-17 01:00:00,4.152504733827713e-09,0.19483863816436206,-0.008486915571154833,-0.004243455709325049
2013-09-17 02:00:00,4.154128085891539e-09,0.19041099728316946,0.00513529981541949,0.002567651984773788
2013-09-17 03:00:00,4.151336079461061e-09,0.18585153552314557,0.026203215692434327,0.013101609921885204
2013-09-17 04:00:00,4.842972128951383e-09,0.18169940855958036,-0.008148649474175085,-0.004074322315601478
2013-09-17 05:00:00,4.847351439512209e-09,0.17795013595063888,-0.06477477316728053,-0.03238738415996455
2013-09-17 06:00:00,1.849270062516316e-09,0.11217082662238766,-0.07417305984432848,-0.03708652899752921
2013-09-17 07:00:00,4.993125967641286e-10,2.6358104757288728e-08,-0.1264594271876213,-0.06322971334415435
2013-09-17 08:00:00,4.565172093681977e-10,2.244896919037775e-08,-0.1285073666990407,-0.06425368312126174
2013-09-17 09:00:00,4.458900442109832e-10,2.2566888929569952e-08,-0.12366629498175531,-0.06183314726793263
2013-09-17 10:00:00,4.358434541897788e-10,2.331101486691389e-08,-0.1233557283593317,-0.06167786396174412
2013-09-17 11:00:00,4.460943055305323e-10,2.3989382038614505e-08,-0.1241923869681469,-0.0620961932610263
2013-09-17 12:00:00,4.495177972692218e-10,2.408437934636963e-08,-0.1253029895686098,-0.06265149455954601
2013-09-17 13:00:00,4.601334251531015e-10,2.42933979415462e-08,-0.12909971178636603,-0.0645498556631163
2013-09-17 14:00:00,4.651380218564561e-10,2.5109205851656066e-08,-0.12044719877150771,-0.06022359915318484
2013-09-17 15:00:00,6.073693938516819e-10,3.899022430774853e-08,-0.10102194356944048,-0.050510971481035546
2013-09-17 16:00:00,2.5447588407753172e-09,0.1254240131938363,-0.05421193983788088,-0.02710596864656102
2013-09-17 17:00:00,6.400734579023817e-09,0.20338900480047423,-0.04736501395527323,-0.023682503777269326
2013-09-17 18:00:00,6.4985918338547726e-09,0.21595908611016945,-0.034694356724529675,-0.017347175112968922
2013-09-17 19:00:00,6.67736044953421e-09,0.2193892448888929,0.001059260579115504,0.0005296336282379768
2013-09-17 20:00:00,7.006615746237244e-09,0.20947752176941187,0.037672301192545186,0.018836154099580466
2013-09-17 21:00:00,8.409688060440594e-09,0.2068223194722895,0.05428321333241123,0.027141610871049642
2013-09-17 22:00:00,1.2080921414857986e-07,0.23412270413032296,0.00937590091395325,0.004688010861583699
2013-09-17 23:00:00,1.3606010861511264e-07,0.25168010843291744,-0.01780739730558968,-0.008903630622740534
2013-09-18 00:00:00,3.649368709668514e-07,0.26841980810359994,-0.014870721920589402,-0.007435178491859217
2013-09-18 01:00:00,4.857566167127993e-07,0.2823000109144791,-0.008486915571154833,-0.00424321490726906
2013-09-18 02:00:00,7.030617713929999e-05,0.29346492265385843,0.00513529981541949,0.002602802996279395
2013-09-18 03:00:00,8.238750628740636e-05,0.31141222299875937,0.026203215692434327,0.013142801599360867
2013-09-18 04:00:00,8.792988160206555e-05,0.32453150010813736,-0.008148649474175085,-0.00403035979628651
2013-09-18 05:00:00,0.10863940194481157,0.3358753999598604,-0.06477477316728053,0.02193231438876552
2013-09-18 06:00:00,9.580601861605684e-09,0.24702513627661155,-0.07417305984432848,-0.03708652513186331
2013-09-18 07:00:00,4.4622254145048945e-09,0.17407768590619338,-0.1264594271876213,-0.06322971136269794
2013-09-18 08:00:00,2.1451499051239882e-09,0.13550748504991822,-0.1285073666990407,-0.06425368227694539
2013-09-18 09:00:00,1.6465328519758205e-09,0.1289082457672028,-0.12366629498175531,-0.06183314666761123
2013-09-18 10:00:00,1.404776437849785e-09,0.12091626533753241,-0.1233557283593317,-0.061677863477277634
2013-09-18 11:00:00,1.3489270832946222e-09,0.11701396448741626,-0.1241923869681469,-0.06209619280960991
2013-09-18 12:00:00,1.3836985284719548e-09,0.11881290201527953,-0.1253029895686098,-0.06265149409245564
2013-09-18 13:00:00,1.4934436424738704e-09,0.1269087497163242,-0.12909971178636603,-0.0645498551464612
2013-09-18 14:00:00,2.0894438938634032e-09,0.1418822902078488,-0.12044719877150771,-0.06022359834103191
2013-09-18 15:00:00,3.3787718069622676e-09,0.16204316886998837,-0.10102194356944048,-0.05051097009533434
2013-09-18 16:00:00,7.737809697052858e-09,0.27801570157311895,-0.05421193983788088,-0.027105966050035592
2013-09-18 17:00:00,0.11863206491612115,0.38010319872685233,-0.04736501395527323,0.03563352548042396
2013-09-18 18:00:00,0.1176297639706272,0.3811884422463494,-0.034694356724529675,0.04146770362304876
2013-09-18 19:00:00,0.11634353118555148,0.38021143013563313,0.001059260579115504,0.05870139588233349
2013-09-18 20:00:00,0.11424725061721261,0.3768169521197279,0.037672301192545186,0.0759597759048789
2013-09-18 21:00:00,0.1095566542611832,0.37136725639575247,0.05428321333241123,0.08191993379679721
2013-09-18 22:00:00,0.00013850138885377223,0.3514536685763522,0.00937590091395325,0.004757201151403511
2013-09-18 23:00:00,6.320478033899757e-05,0.3418738870570626,-0.01780739730558968,-0.008872096262625341
2013-09-19 00:00:00,5.93790850561224e-05,0.3298025902900525,-0.014870721920589402,-0.00740567141776664
2013-09-19 01:00:00,5.856546578374197e-05,0.3279524917548528,-0.008486915571154833,-0.004214175052685546
2013-09-19 02:00:00,9.268770764012025e-05,0.3259526465274297,0.00513529981541949,0.002613993761529805
2013-09-19 03:00:00,0.036949753676634625,0.32973550591582923,0.026203215692434327,0.03157648468453447
2013-09-19 04:00:00,0.11640261538881501,0.3348753091146896,-0.008148649474175085,0.05412698295731996
2013-09-19 05:00:00,0.12098310984143348,0.3418877019299354,-0.06477477316728053,0.028104168337076477
2013-09-19 06:00:00,4.778538946999056e-09,0.20439468701314442,-0.07417305984432848,-0.037086527532894764
2013-09-19 07:00:00,1.0475253594649579e-09,0.0937835205545774,-0.1264594271876213,-0.06322971307004796
2013-09-19 08:00:00,4.487281613586083e-10,3.674270924162903e-08,-0.1285073666990407,-0.06425368312515627
2013-09-19 09:00:00,4.32084125790683e-10,3.588657293793649e-08,-0.12366629498175531,-0.06183314727483559
2013-09-19 10:00:00,4.5309181996803105e-10,4.0634374853914394e-08,-0.1233557283593317,-0.061677863953119944
2013-09-19 11:00:00,5.128882187997472e-10,4.5624547784346154e-08,-0.1241923869681469,-0.06209619322762934
2013-09-19 12:00:00,5.496702244510458e-10,4.764014626727502e-08,-0.1253029895686098,-0.06265149450946979
2013-09-19 13:00:00,5.74010043948153e-10,4.9259265441869136e-08,-0.12909971178636603,-0.064549855606178
2013-09-19 14:00:00,1.1102322443583653e-09,0.021977056579563083,-0.12044719877150771,-0.060223598830637735
2013-09-19 15:00:00,1.340658169395541e-09,0.11914910250935366,-0.10102194356944048,-0.05051097111439116
2013-09-19 16:00:00,4.629975198689019e-09,0.2001443301983547,-0.05421193983788088,-0.02710596760395284
2013-09-19 17:00:00,0.07112272850270004,0.3286379442266575,-0.04736501395527323,0.011878857273713406
2013-09-19 18:00:00,0.09731819568477494,0.3452899323413004,-0.034694356724529675,0.03131191948012263
2013-09-19 19:00:00,0.06315441017813063,0.35992201936152907,0.001059260579115504,0.032106835378623064
2013-09-19 20:00:00,0.00014069840214969492,0.3470738134892246,0.037672301192545186,0.018906499797347442
2013-09-19 21:00:00,6.945148578714847e-05,0.32070850342607005,0.05428321333241123,0.02717633240909919
2013-09-19 22:00:00,2.1692502016467005e-07,0.3099958207859423,0.00937590091395325,0.004688058919486707
2013-09-19 23:00:00,2.4024056407353894e-07,0.3176461480560062,-0.01780739730558968,-0.008903578532512803
2013-09-20 00:00:00,6.238809362219307e-07,0.33235901377205446,-0.014870721920589402,-0.00743504901982659
2013-09-20 01:00:00,8.715574068643187e-05,0.34897110558674427,-0.008486915571154833,-0.0041998799152342
2013-09-20 02:00:00,9.307729651885684e-05,0.3592272303010052,0.00513529981541949,0.0026141885559691734
2013-09-20 03:00:00,0.17397190621167252,0.35799827696239966,0.026203215692434327,0.10008756095205343
2013-09-20 04:00:00,0.07025353117989393,0.35473834298350426,-0.008148649474175085,0.031052440852859423
2013-09-20 05:00:00,0.06907356154027605,0.35090531591237956,-0.06477477316728053,0.0021493941864977606
2013-09-20 06:00:00,6.702476763780945e-09,0.24844122309708025,-0.07417305984432848,-0.03708652657092586
2013-09-20 07:00:00,3.0066483327389914e-09,0.14696375134937817,-0.1264594271876213,-0.06322971209048649
2013-09-20 08:00:00,1.7298638370029156e-09,0.12116305273370699,-0.1285073666990407,-0.06425368248458843
2013-09-20 09:00:00,1.4949480863520264e-09,0.12582486805906873,-0.12366629498175531,-0.061833146743403615
2013-09-20 10:00:00,1.300331033645367e-09,0.12099427635744842,-0.1233557283593317,-0.06167786352950033
2013-09-20 11:00:00,1.2964346678894466e-09,0.11864588699242858,-0.1241923869681469,-0.062096192835856115
2013-09-20 12:00:00,1.3174237947588463e-09,0.11857104856306887,-0.1253029895686098,-0.06265149412559301
2013-09-20 13:00:00,1.4485676576617575e-09,0.12719711742087136,-0.12909971178636603,-0.06454985516889919
2013-09-20 14:00:00,2.0853543559555707e-09,0.1462719638209436,-0.12044719877150771,-0.060223598343076674
2013-09-20 15:00:00,2.9922840216147637e-09,0.15685287458307132,-0.10102194356944048,-0.05051097028857823
2013-09-20 16:00:00,5.679952102402842e-09,0.2554725365496552,-0.05421193983788088,-0.027105967078964392
2013-09-20 17:00:00,0.00011220801205973978,0.34323230654818465,-0.04736501395527323,-0.023626402971606748
2013-09-20 18:00:00,8.05939743035581e-05,0.35511581491195693,-0.034694356724529675,-0.01730688137511306
2013-09-20 19:00:00,0.00011513415548847295,0.3721068696297556,0.001059260579115504,0.0005871973673019885
2013-09-20 20:00:00,0.00013552107222921604,0.38617201732023304,0.037672301192545186,0.0189039111323872
2013-09-20 21:00:00,0.2025606480011097,0.4066883379127627,0.05428321333241123,0.12842193066676047
2013-09-20 22:00:00,0.21871458739953584,0.420556658665546,0.00937590091395325,0.11404524415674454
2013-09-20 23:00:00,0.22838418995850457,0.4309210202212152,-0.01780739730558968,0.10528839632645745
2013-09-21 00:00:00,0.0001934182669642533,0.42225871400982223,-0.014870721920589402,-0.007338651826812574
2013-09-21 01:00:00,9.410935236606408e-05,0.3991384369144555,-0.008486915571154833,-0.004196403109394385
2013-09-21 02:00:00,1.3693285816353514e-08,0.38284375690726913,0.00513529981541949,0.002567656754352653
2013-09-21 03:00:00,1.3058583086074263e-08,0.3776722617292377,0.026203215692434327,0.013101614375508707
2013-09-21 04:00:00,1.2765912720844795e-08,0.37511707378919584,-0.008148649474175085,-0.004074318354131182
2013-09-21 05:00:00,1.2857306457183736e-08,0.38323794596784994,-0.06477477316728053,-0.03238738015498704
2013-09-21 06:00:00,5.066965089441516e-09,0.24243560898607908,-0.07417305984432848,-0.0370865273886817
2013-09-21 07:00:00,1.2423580274896238e-09,0.12404048965448179,-0.1264594271876213,-0.06322971297263164
2013-09-21 08:00:00,5.156818623132078e-10,4.6215802676060874e-08,-0.1285073666990407,-0.06425368309167942
2013-09-21 09:00:00,4.681602478558702e-10,3.935585593159888e-08,-0.12366629498175531,-0.06183314725679753
2013-09-21 10:00:00,4.663701758795899e-10,3.9422638929832144e-08,-0.1233557283593317,-0.06167786394648076
2013-09-21 11:00:00,4.900357841231816e-10,4.106992376489323e-08,-0.1241923869681469,-0.062096193239055554
2013-09-21 12:00:00,4.943797666411059e-10,4.129199883577954e-08,-0.1253029895686098,-0.06265149453711502
2013-09-21 13:00:00,5.210472489195389e-10,4.5314254474871935e-08,-0.12909971178636603,-0.06454985563265939
2013-09-21 14:00:00,6.119160803576935e-10,5.570115420279137e-08,-0.12044719877150771,-0.06022359907979581
2013-09-21 15:00:00,1.3672279575036314e-09,0.13484723689632994,-0.10102194356944048,-0.050510971101106264
2013-09-21 16:00:00,5.292324616818043e-09,0.2439698051598942,-0.05421193983788088,-0.02710596727277813
2013-09-21 17:00:00,1.2671894780695756e-08,0.4138369591418415,-0.04736501395527323,-0.023682500641689225
2013-09-21 18:00:00,9.456058157934907e-09,0.3645756707502118,-0.034694356724529675,-0.017347173634235758
2013-09-21 19:00:00,7.64841166658666e-09,0.32381244438138335,0.001059260579115504,0.0005296341137635853
2013-09-21 20:00:00,7.288863993009041e-09,0.3092867603740852,0.037672301192545186,0.01883615424070459
2013-09-21 21:00:00,6.929078795188225e-09,0.29043916089342164,0.05428321333241123,0.027141610130745012
2013-09-21 22:00:00,6.522664833054265e-09,0.2882298280554402,0.00937590091395325,0.0046879537183090415
2013-09-21 23:00:00,5.287820823817012e-09,0.27886411019471696,-0.01780739730558968,-0.008903696008884429
2013-09-22 00:00:00,5.0941059257950565e-09,0.2669520749592151,-0.014870721920589402,-0.007435358413241738
2013-09-22 01:00:00,5.166133945020516e-09,0.2625688845430116,-0.008486915571154833,-0.004243455202510444
2013-09-22 02:00:00,5.06092409104773e-09,0.2540236767302347,0.00513529981541949,0.0025676524381717906
2013-09-22 03:00:00,4.8566677660081055e-09,0.24123192134625424,0.026203215692434327,0.013101610274551046
2013-09-22 04:00:00,4.811235085099927e-09,0.23253730591715363,-0.008148649474175085,-0.00407432233147
2013-09-22 05:00:00,4.809695585544035e-09,0.2260705220406442,-0.06477477316728053,-0.03238738417879247
2013-09-22 06:00:00,1.900672843546513e-09,0.15312006935865657,-0.07417305984432848,-0.03708652897182782
2013-09-22 07:00:00,6.075174101048413e-10,3.471616202622249e-08,-0.1264594271876213,-0.06322971329005195
2013-09-22 08:00:00,6.306822334108171e-10,3.3961503195724823e-08,-0.1285073666990407,-0.06425368303417923
2013-09-22 09:00:00,6.776411181846082e-10,3.437651160578808e-08,-0.12366629498175531,-0.061833147152057094
2013-09-22 10:00:00,6.651637539972899e-10,3.366822603359998e-08,-0.1233557283593317,-0.06167786384708397
2013-09-22 11:00:00,6.98236098233446e-10,3.324144470568545e-08,-0.1241923869681469,-0.0620961931349554
2013-09-22 12:00:00,6.690738807470348e-10,3.317142705275396e-08,-0.1253029895686098,-0.06265149444976796
2013-09-22 13:00:00,5.987791325805218e-10,3.218069880982751e-08,-0.12909971178636603,-0.06454985559379345
2013-09-22 14:00:00,6.212305118660548e-10,3.346784578109084e-08,-0.12044719877150771,-0.0602235990751386
2013-09-22 15:00:00,7.605871425666233e-10,5.07227303098182e-08,-0.10102194356944048,-0.05051097140442667
2013-09-22 16:00:00,2.127933711187827e-09,0.1399368411047546,-0.05421193983788088,-0.027105968854973586
2013-09-22 17:00:00,4.809280073672014e-09,0.1736073924316318,-0.04736501395527323,-0.02368250457299658
2013-09-22 18:00:00,4.809280043934505e-09,0.16851380540223657,-0.034694356724529675,-0.017347175957624816
2013-09-22 19:00:00,4.8092800075886585e-09,0.16516763480816868,0.001059260579115504,0.0005296326941977559
2013-09-22 20:00:00,4.8103137502817175e-09,0.1610588778780716,0.037672301192545186,0.01883615300142947
2013-09-22 21:00:00,4.162594464097633e-09,0.15974361970491593,0.05428321333241123,0.027141608747502845
2013-09-22 22:00:00,4.1845365148145e-09,0.15747644838055366,0.00937590091395325,0.004687952549244882
2013-09-22 23:00:00,4.2258445574846124e-09,0.1573044281652076,-0.01780739730558968,-0.008903696539872562
2013-09-23 00:00:00,4.387092523336758e-09,0.15863447636857095,-0.014870721920589402,-0.0074353587667484395
2013-09-23 01:00:00,4.7894795709430614e-09,0.1639152562210225,-0.008486915571154833,-0.004243455390837631
2013-09-23 02:00:00,5.433506399115196e-09,0.1741074692189883,0.00513529981541949,0.0025676526244629446
2013-09-23 03:00:00,7.012158690488418e-09,0.18467523326285906,0.026203215692434327,0.013101611352296509
2013-09-23 04:00:00,7.339511497150262e-09,0.19234450937331607,-0.008148649474175085,-0.004074321067331794
2013-09-23 05:00:00,7.91167938339409e-09,0.19436395260090594,-0.06477477316728053,-0.032387382627800575
2013-09-23 06:00:00,3.3574571844085666e-09,0.14511997686534753,-0.07417305984432848,-0.03708652824343565
2013-09-23 07:00:00,1.2305639605842834e-09,0.079057803935931,-0.1264594271876213,-0.06322971297852867
2013-09-23 08:00:00,5.632327137671912e-10,2.8873286760851724e-08,-0.1285073666990407,-0.064253683067904
2013-09-23 09:00:00,5.95962474618877e-10,2.9680357883974552e-08,-0.12366629498175531,-0.06183314719289642
2013-09-23 10:00:00,5.648034253131789e-10,2.9174842706641022e-08,-0.1233557283593317,-0.06167786389726414
2013-09-23 11:00:00,5.47027217673996e-10,2.8223850598514503e-08,-0.1241923869681469,-0.06209619321055984
2013-09-23 12:00:00,5.528388069661591e-10,2.7877984590471506e-08,-0.1253029895686098,-0.0626514945078855
2013-09-23 13:00:00,5.908141510853864e-10,2.8551904461590643e-08,-0.12909971178636603,-0.06454985559777594
2013-09-23 14:00:00,7.206345226174165e-10,4.602725478131071e-08,-0.12044719877150771,-0.06022359902543659
2013-09-23 15:00:00,1.4705088693354241e-09,0.10443660218277886,-0.10102194356944048,-0.05051097104946581
2013-09-23 16:00:00,4.7952242807735114e-09,0.157477208900052,-0.05421193983788088,-0.0271059675213283
2013-09-23 17:00:00,3.669836662418068e-05,0.23200573649378814,-0.04736501395527323,-0.023664157794324524
2013-09-23 18:00:00,3.501074978919068e-05,0.2409264660798768,-0.034694356724529675,-0.017329672987370242
2013-09-23 19:00:00,3.820372843353206e-05,0.24831890087806108,0.001059260579115504,0.0005487321537745181
2013-09-23 20:00:00,1.410939878599288e-06,0.25589888932789584,0.037672301192545186,0.018836856066211893
2013-09-23 21:00:00,1.4558904229962288e-06,0.27190206609784867,0.05428321333241123,0.027142334611417112
2013-09-23 22:00:00,6.060866973171764e-05,0.32821892036066225,0.00937590091395325,0.004718254791842484
2013-09-23 23:00:00,6.505566131940999e-05,0.35922721613870456,-0.01780739730558968,-0.008871170822135135
2013-09-24 00:00:00,6.996546871576065e-05,0.38181807302514714,-0.014870721920589402,-0.0074003782259368205
2013-09-24 01:00:00,7.108553495668122e-05,0.38910473641861787,-0.008486915571154833,-0.004207915018099076
2013-09-24 02:00:00,7.236238190225481e-05,0.39864358417005774,0.00513529981541949,0.0026038310986608725
2013-09-24 03:00:00,7.47250538221711e-05,0.4135670926310833,0.026203215692434327,0.013138970373128249
2013-09-24 04:00:00,8.16593960106156e-05,0.41251674594622384,-0.008148649474175085,-0.004033495039082235
2013-09-24 05:00:00,0.13023853561447127,0.3968926033299984,-0.06477477316728053,0.03273188122359537
2013-09-24 06:00:00,6.2648682464864754e-09,0.2569016170347307,-0.07417305984432848,-0.037086526789730116
2013-09-24 07:00:00,1.513387249570164e-09,0.11743238857385227,-0.1264594271876213,-0.06322971283711702
2013-09-24 08:00:00,5.275077056281546e-10,4.1550709683375676e-08,-0.1285073666990407,-0.0642536830857665
2013-09-24 09:00:00,4.872794422492302e-10,3.2541639603385854e-08,-0.12366629498175531,-0.061833147247237936
2013-09-24 10:00:00,4.2060555267004956e-10,2.581609487370463e-08,-0.1233557283593317,-0.061677863969363075
2013-09-24 11:00:00,4.0925770186267434e-10,2.7411947845800025e-08,-0.1241923869681469,-0.0620961932794446
2013-09-24 12:00:00,4.184446875437601e-10,2.8049077096827814e-08,-0.1253029895686098,-0.06265149457508255
2013-09-24 13:00:00,4.645350054092059e-10,4.019746030213305e-08,-0.12909971178636603,-0.06454985566091552
2013-09-24 14:00:00,9.944458819192816e-10,0.08370490398874718,-0.12044719877150771,-0.06022359888853091
2013-09-24 15:00:00,2.4129897419890993e-09,0.14164340047558271,-0.10102194356944048,-0.05051097057822537
2013-09-24 16:00:00,7.588713496303423e-09,0.3108940180288608,-0.05421193983788088,-0.027105966124583693
2013-09-24 17:00:00,0.2828756440646291,0.4296151265070126,-0.04736501395527323,0.11775531505467794
2013-09-24 18:00:00,0.2940231219872833,0.4355166982826341,-0.034694356724529675,0.1296643826313768
2013-09-24 19:00:00,0.2953535998725231,0.43680270740823884,0.001059260579115504,0.14820643022581928
2013-09-24 20:00:00,0.29301199971589126,0.43827718372536134,0.037672301192545186,0.1653421504542182
2013-09-24 21:00:00,0.29538503851882036,0.4492976705833008,0.05428321333241123,0.17483412592561579
2013-09-24 22:00:00,0.15302804700883102,0.459488890581042,0.00937590091395325,0.08120197396139213
2013-09-24 23:00:00,0.2534296104101656,0.4694882472734216,-0.01780739730558968,0.11781110655228796
2013-09-25 00:00:00,0.00016054436114072598,0.4833256659334368,-0.014870721920589402,-0.007355088779724338
2013-09-25 01:00:00,0.00015305037770358874,0.4764602429561634,-0.008486915571154833,-0.004166932596725622
2013-09-25 02:00:00,0.00019033474247390146,0.4648543683014591,0.00513529981541949,0.0026628172789466957
2013-09-25 03:00:00,0.13511299986301203,0.4458676317170287,0.026203215692434327,0.08065810777772318
2013-09-25 04:00:00,0.1414027084186928,0.42816797106859783,-0.008148649474175085,0.06662702947225885
2013-09-25 05:00:00,0.17088393544887345,0.4274312129486876,-0.06477477316728053,0.05305458114079646
2013-09-25 06:00:00,7.2163380722760865e-09,0.32154864510885706,-0.07417305984432848,-0.037086526313995206
2013-09-25 07:00:00,2.3177131244658436e-09,0.14193484300585732,-0.1264594271876213,-0.06322971243495408
2013-09-25 08:00:00,9.559336835575461e-10,0.0996982515999603,-0.1285073666990407,-0.0642536828715535
2013-09-25 09:00:00,4.541503951032821e-10,4.0835908888313164e-08,-0.12366629498175531,-0.06183314726380246
2013-09-25 10:00:00,4.112414296194564e-10,2.929350675435621e-08,-0.1233557283593317,-0.061677863974045136
2013-09-25 11:00:00,4.250338428132354e-10,3.749348114571247e-08,-0.1241923869681469,-0.06209619327155653
2013-09-25 12:00:00,4.861292715503372e-10,4.329547722796572e-08,-0.1253029895686098,-0.06265149454124026
2013-09-25 13:00:00,9.792372563470623e-10,0.10025384149484373,-0.12909971178636603,-0.0645498554035644
2013-09-25 14:00:00,2.0666758783921706e-09,0.12643243919473082,-0.12044719877150771,-0.06022359835241592
2013-09-25 15:00:00,3.4266307024260566e-09,0.1730508133397563,-0.10102194356944048,-0.05051097007140489
2013-09-25 16:00:00,7.18146626719351e-09,0.306840689784729,-0.05421193983788088,-0.027105966328207307
2013-09-25 17:00:00,0.09627855910158517,0.35598745385716857,-0.04736501395527323,0.02445677257315597
2013-09-25 18:00:00,9.442203764028779e-09,0.3310803685721558,-0.034694356724529675,-0.017347173641162957
2013-09-25 19:00:00,7.622233677234938e-09,0.3031465801082692,0.001059260579115504,0.0005296341006745906
2013-09-25 20:00:00,6.96566607711333e-09,0.27498216184532703,0.037672301192545186,0.018836154079105633
2013-09-25 21:00:00,6.9041644251306e-09,0.2536322563367112,0.05428321333241123,0.027141610118287827
2013-09-25 22:00:00,6.745785819903093e-09,0.25459991222768985,0.00937590091395325,0.004687953829869535
2013-09-25 23:00:00,6.466038630775915e-09,0.2410770063421481,-0.01780739730558968,-0.008903695419775525
2013-09-26 00:00:00,6.444965971886565e-09,0.23918771588399376,-0.014870721920589402,-0.007435357737811715
2013-09-26 01:00:00,6.394308999058408e-09,0.2356809492171632,-0.008486915571154833,-0.004243454588422917
2013-09-26 02:00:00,6.397266037091388e-09,0.23475182206173364,0.00513529981541949,0.0025676531063427636
2013-09-26 03:00:00,6.304347498839548e-09,0.23167082944697887,0.026203215692434327,0.013101610998390913
2013-09-26 04:00:00,6.3321297099228595e-09,0.24638797088665518,-0.008148649474175085,-0.004074321571022688
2013-09-26 05:00:00,6.367958727544384e-09,0.24976506744608626,-0.06477477316728053,-0.0323873833996609
2013-09-26 06:00:00,4.205175491140529e-09,0.20507038742275888,-0.07417305984432848,-0.0370865278195765
2013-09-26 07:00:00,2.1571288727306085e-09,0.11730143929172085,-0.1264594271876213,-0.06322971251524621
2013-09-26 08:00:00,1.0445854505970546e-09,0.09750117433191713,-0.1285073666990407,-0.06425368282722763
2013-09-26 09:00:00,1.0177088444578825e-09,0.09577760818113533,-0.12366629498175531,-0.06183314698202323
2013-09-26 10:00:00,9.979700598387598e-10,0.09607427222458796,-0.1233557283593317,-0.061677863680680824
2013-09-26 11:00:00,1.0708692636787647e-09,0.1021873731313966,-0.1241923869681469,-0.062096192948638815
2013-09-26 12:00:00,1.111954754395585e-09,0.1062435472413435,-0.1253029895686098,-0.06265149422832753
2013-09-26 13:00:00,1.1294129533691677e-09,0.10917624547526449,-0.12909971178636603,-0.06454985532847654
2013-09-26 14:00:00,2.2578208521026735e-09,0.13303772976045858,-0.12044719877150771,-0.06022359825684343
2013-09-26 15:00:00,3.4770683016555777e-09,0.17854955406247378,-0.10102194356944048,-0.05051097004618609
2013-09-26 16:00:00,0.08483710420281645,0.34516030986938817,-0.05421193983788088,0.015312582182467786
2013-09-26 17:00:00,0.3117910645718332,0.4363202741307607,-0.04736501395527323,0.13221302530828
2013-09-26 18:00:00,0.3125661152330626,0.4361477069386374,-0.034694356724529675,0.13893587925426645
2013-09-26 19:00:00,0.31278930391555626,0.43597972504882687,0.001059260579115504,0.15692428224733587
2013-09-26 20:00:00,0.30672959869943534,0.43466276930046055,0.037672301192545186,0.17220094994599025
2013-09-26 21:00:00,0.3054441598250937,0.4521602635834063,0.05428321333241123,0.17986368657875246
2013-09-26 22:00:00,0.30189503041771454,0.4603675712945749,0.00937590091395325,0.1556354656658339
2013-09-26 23:00:00,0.3179656113370478,0.4808103527750359,-0.01780739730558968,0.15007910701572907
2013-09-27 00:00:00,0.3289447108261186,0.48712755130542756,-0.014870721920589402,0.1570369944527646
2013-09-27 01:00:00,0.3311641265051701,0.48102587310105893,-0.008486915571154833,0.16133860546700762
2013-09-27 02:00:00,0.3242549107414298,0.46188226905371826,0.00513529981541949,0.16469510527842465
2013-09-27 03:00:00,0.3146524773901221,0.4423030220231851,0.026203215692434327,0.1704278465412782
2013-09-27 04:00:00,0.29806710950025916,0.42970298721526,-0.008148649474175085,0.14495923001304203
2013-09-27 05:00:00,0.2801416026861755,0.4193152058308869,-0.06477477316728053,0.10768341475944748
2013-09-27 06:00:00,7.437199967394324e-09,0.30408344319365105,-0.07417305984432848,-0.03708652620356426
2013-09-27 07:00:00,1.606009524654232e-09,0.1105483349101971,-0.1264594271876213,-0.06322971279080589
2013-09-27 08:00:00,5.78004693242915e-10,8.35456114893308e-08,-0.1285073666990407,-0.064253683060518
2013-09-27 09:00:00,3.500828706310691e-10,2.194692590928614e-08,-0.12366629498175531,-0.06183314731583622
2013-09-27 10:00:00,3.524633263477397e-10,2.1544914831773987e-08,-0.1233557283593317,-0.06167786400343419
2013-09-27 11:00:00,3.561034034749799e-10,2.1994847190597197e-08,-0.1241923869681469,-0.06209619330602175
2013-09-27 12:00:00,3.508321693155623e-10,2.228199997208607e-08,-0.1253029895686098,-0.06265149460888882
2013-09-27 13:00:00,3.863654915531573e-10,2.853894643553201e-08,-0.12909971178636603,-0.06454985570000027
2013-09-27 14:00:00,6.446173521157229e-10,9.45048481536663e-08,-0.12044719877150771,-0.06022359906344518
2013-09-27 15:00:00,1.7804176259393633e-09,0.12375528618671777,-0.10102194356944048,-0.050510970894511426
2013-09-27 16:00:00,8.568531477491478e-09,0.3294263806973875,-0.05421193983788088,-0.027105965634674704
2013-09-27 17:00:00,0.3394614188265857,0.4539262475995424,-0.04736501395527323,0.14604820243565625
2013-09-27 18:00:00,0.3219374587674543,0.4470466486816971,-0.034694356724529675,0.1436215510214623
2013-09-27 19:00:00,0.31900940740584005,0.4432286193630786,0.001059260579115504,0.16003433399247777
2013-09-27 20:00:00,0.31891239897901824,0.44441632480926224,0.037672301192545186,0.1782923500857817
2013-09-27 21:00:00,0.32660754693192207,0.4510978776148902,0.05428321333241123,0.19044538013216664
2013-09-27 22:00:00,0.3254553735858069,0.45289495646566347,0.00937590091395325,0.16741563724988007
2013-09-27 23:00:00,0.33727868281371204,0.48095694957747287,-0.01780739730558968,0.15973564275406119
2013-09-28 00:00:00,0.3495472431703009,0.5076270748946138,-0.014870721920589402,0.16733826062485574
2013-09-28 01:00:00,0.35988892302228415,0.5152574519146057,-0.008486915571154833,0.17570100372556466
2013-09-28 02:00:00,0.37117481844323613,0.5204405283090838,0.00513529981541949,0.1881550591293278
2013-09-28 03:00:00,0.37427108344091586,0.5159006763975268,0.026203215692434327,0.2002371495666751
2013-09-28 04:00:00,0.3768457341039408,0.49188131332434537,-0.008148649474175085,0.18434854231488285
2013-09-28 05:00:00,0.37237795617674696,0.4811929973527699,-0.06477477316728053,0.15380159150473321
2013-09-28 06:00:00,7.092551672144908e-09,0.29419076752117096,-0.07417305984432848,-0.037086526375888405
2013-09-28 07:00:00,9.124737755447522e-10,2.1256533852131236e-07,-0.1264594271876213,-0.06322971313757376
2013-09-28 08:00:00,5.097300395442906e-10,2.8658070689921643e-08,-0.1285073666990407,-0.06425368309465533
2013-09-28 09:00:00,5.741255366352109e-10,2.892985359085801e-08,-0.12366629498175531,-0.06183314720381489
2013-09-28 10:00:00,5.628652836329545e-10,2.787093972752969e-08,-0.1233557283593317,-0.06167786389823321
2013-09-28 11:00:00,5.672654879172073e-10,2.8147284192060795e-08,-0.1241923869681469,-0.06209619320044071
2013-09-28 12:00:00,6.083090563052386e-10,3.073785506790894e-08,-0.1253029895686098,-0.06265149448015037
2013-09-28 13:00:00,6.382597494929882e-10,3.2937098120634595e-08,-0.12909971178636603,-0.06454985557405314
2013-09-28 14:00:00,4.719077909655918e-10,2.9761121191568968e-08,-0.12044719877150771,-0.06022359914979996
2013-09-28 15:00:00,9.51153231192401e-10,1.723251875674606e-07,-0.10102194356944048,-0.05051097130914363
2013-09-28 16:00:00,4.574475726427431e-09,0.24203242099245229,-0.05421193983788088,-0.027105967631702577
2013-09-28 17:00:00,9.392562959021672e-09,0.29674728426892594,-0.04736501395527323,-0.023682502281355138
2013-09-28 18:00:00,6.602358188797336e-09,0.2401885989226217,-0.034694356724529675,-0.017347175061085744
2013-09-28 19:00:00,5.8575078049827115e-09,0.21150170620106842,0.001059260579115504,0.0005296332183116545
2013-09-28 20:00:00,4.598647575763455e-09,0.1976694554854979,0.037672301192545186,0.01883615289559638
2013-09-28 21:00:00,4.306032938813806e-09,0.1901530823176817,0.05428321333241123,0.027141608819222084
2013-09-28 22:00:00,3.4643809375964266e-09,0.1823494844891059,0.00937590091395325,0.004687952189167094
2013-09-28 23:00:00,3.449690354068974e-09,0.18613002753327798,-0.01780739730558968,-0.008903696927949664
2013-09-29 00:00:00,3.4534303951164893e-09,0.19024376495751222,-0.014870721920589402,-0.007435359233579503
2013-09-29 01:00:00,3.455899330504036e-09,0.19169595939679673,-0.008486915571154833,-0.004243456057627751
2013-09-29 02:00:00,3.456647824958694e-09,0.1912631813691999,0.00513529981541949,0.0025676516360336574
2013-09-29 03:00:00,3.453771104871883e-09,0.1862877479446143,0.026203215692434327,0.013101609573102716
2013-09-29 04:00:00,3.4509748456959576e-09,0.18121926834173524,-0.008148649474175085,-0.00407432301160012
2013-09-29 05:00:00,3.449008607515572e-09,0.17473071399800472,-0.06477477316728053,-0.03238738485913596
2013-09-29 06:00:00,1.9555486764741743e-09,0.05284247077714751,-0.07417305984432848,-0.0370865289443899
2013-09-29 07:00:00,7.774122517817913e-10,3.417790595123362e-08,-0.1264594271876213,-0.06322971320510452
2013-09-29 08:00:00,6.721156549519338e-10,3.1690881731614174e-08,-0.1285073666990407,-0.06425368301346251
2013-09-29 09:00:00,5.999458478078743e-10,2.9711889738071604e-08,-0.12366629498175531,-0.061833147190904734
2013-09-29 10:00:00,5.807154296556555e-10,2.8307058230455833e-08,-0.1233557283593317,-0.061677863889308134
2013-09-29 11:00:00,6.056333169511271e-10,2.8776512941937156e-08,-0.1241923869681469,-0.06209619318125679
2013-09-29 12:00:00,6.329470609749463e-10,2.9376707885153035e-08,-0.1253029895686098,-0.06265149446783137
2013-09-29 13:00:00,6.762871341383793e-10,3.1068843605653516e-08,-0.12909971178636603,-0.06454985555503945
2013-09-29 14:00:00,7.197386014769167e-10,3.3605132200664664e-08,-0.12044719877150771,-0.060223599025884554
2013-09-29 15:00:00,8.015055471648553e-10,3.530342534304896e-08,-0.10102194356944048,-0.05051097138396747
2013-09-29 16:00:00,2.174834125444749e-09,0.12418054898537242,-0.05421193983788088,-0.02710596883152338
2013-09-29 17:00:00,4.135671668563037e-09,0.14417387152583933,-0.04736501395527323,-0.023682504909800783
2013-09-29 18:00:00,4.132661457907001e-09,0.1393841619352555,-0.034694356724529675,-0.01734717629593411
2013-09-29 19:00:00,4.131011305648466e-09,0.1394969541556071,0.001059260579115504,0.0005296323550634048
2013-09-29 20:00:00,4.130708354184776e-09,0.14334159202730506,0.037672301192545186,0.01883615266162677
2013-09-29 21:00:00,4.130782996540016e-09,0.14756562299745107,0.05428321333241123,0.02714160873159711
2013-09-29 22:00:00,4.128629801007268e-09,0.14394227830078557,0.00937590091395325,0.004687952521291525
2013-09-29 23:00:00,4.1257155447647924e-09,0.1537970913917838,-0.01780739730558968,-0.008903696589937069
2013-09-30 00:00:00,4.129161467252355e-09,0.1612523622555067,-0.014870721920589402,-0.007435358895713967
2013-09-30 01:00:00,4.137516866190993e-09,0.16843072261312642,-0.008486915571154833,-0.004243455716818984
2013-09-30 02:00:00,4.146589631241566e-09,0.17522127646540725,0.00513529981541949,0.002567651981004561
2013-09-30 03:00:00,4.152092783512367e-09,0.1798914050314665,0.026203215692434327,0.013101609922263556
2013-09-30 04:00:00,4.156092401582229e-09,0.18165027928207558,-0.008148649474175085,-0.004074322659041342
2013-09-30 05:00:00,4.851256813785978e-09,0.18163678728913676,-0.06477477316728053,-0.03238738415801186
2013-09-30 06:00:00,2.2953403836574995e-09,0.1310163744428026,-0.07417305984432848,-0.037086528774494046
2013-09-30 07:00:00,4.534900897974744e-10,2.5312811096109244e-08,-0.1264594271876213,-0.06322971336706561
2013-09-30 08:00:00,4.622673136469795e-10,2.4064345103259216e-08,-0.1285073666990407,-0.0642536831183867
2013-09-30 09:00:00,4.455244653161911e-10,2.4373575194955694e-08,-0.12366629498175531,-0.061833147268115424
2013-09-30 10:00:00,4.4485980622301586e-10,2.43883522100882e-08,-0.1233557283593317,-0.06167786395723595
2013-09-30 11:00:00,4.546426658958502e-10,2.4895306130116206e-08,-0.1241923869681469,-0.062096193256752114
2013-09-30 12:00:00,4.701127665604615e-10,2.5199982378880933e-08,-0.1253029895686098,-0.06265149454924852
2013-09-30 13:00:00,4.891881912915535e-10,2.5594053812209128e-08,-0.12909971178636603,-0.06454985564858892
2013-09-30 14:00:00,5.155687210420356e-10,2.741526599199477e-08,-0.12044719877150771,-0.06022359912796949
2013-09-30 15:00:00,1.1042260465097358e-09,0.05337332332875819,-0.10102194356944048,-0.05051097123260722
2013-09-30 16:00:00,3.864890060187624e-09,0.15138889053742288,-0.05421193983788088,-0.02710596798649541
2013-09-30 17:00:00,5.518823999147282e-09,0.17428851072608473,-0.04736501395527323,-0.023682504218224616
2013-09-30 18:00:00,5.512545618072113e-09,0.17161212380610807,-0.034694356724529675,-0.017347175605992027
2013-09-30 19:00:00,5.50801824454482e-09,0.17416700007413366,0.001059260579115504,0.0005296330435668743
2013-09-30 20:00:00,5.506732282052574e-09,0.1817512123837791,0.037672301192545186,0.018836153349638736
2013-09-30 21:00:00,4.821147288723341e-09,0.1909354652719826,0.05428321333241123,0.027141609076779257
2013-09-30 22:00:00,4.8205811876550576e-09,0.18656200927689146,0.00937590091395325,0.0046879528672672185
2013-09-30 23:00:00,4.8238481902999295e-09,0.20205304370737578,-0.01780739730558968,-0.008903696240870746
2013-10-01 00:00:00,4.832051662462956e-09,0.21303102237808297,0.004843018089838761,0.0024215114609452116
2013-10-01 01:00:00,4.839024355605255e-09,0.21881001570546266,0.012699214641020674,0.006349609740022515
2013-10-01 02:00:00,4.844903780851132e-09,0.22265879653027773,0.02135067039931592,0.01067533762210985
2013-10-01 03:00:00,5.542747812710812e-09,0.22364309240781902,0.04058292570660367,0.02029146562467574
2013-10-01 04:00:00,5.546216297338624e-09,0.2257555016578483,-0.01471735823843951,-0.007358676346111606
2013-10-01 05:00:00,6.239908564207045e-09,0.22432064784417796,-0.0666545618219459,-0.03332727779101867
2013-10-01 06:00:00,3.2281474520782564e-09,0.161032530654786,-0.0791654546461874,-0.039582725709019974
2013-10-01 07:00:00,6.122016841728022e-10,7.85958884628887e-08,-0.11054606940512264,-0.05527303439646048
2013-10-01 08:00:00,3.9294123755861993e-10,2.3094205221742132e-08,-0.1163426110873301,-0.05817130534719443
2013-10-01 09:00:00,4.494317881317703e-10,2.4023582063848705e-08,-0.11684609997064328,-0.05842304976060575
2013-10-01 10:00:00,4.470117766513132e-10,2.3718051104007484e-08,-0.11858039303926626,-0.059290196296127244
2013-10-01 11:00:00,4.5189004640974486e-10,2.4038841517329952e-08,-0.11786948749847095,-0.05893474352329045
2013-10-01 12:00:00,4.662028715464707e-10,2.416184571421089e-08,-0.11434094286793142,-0.05717047120086428
2013-10-01 13:00:00,4.866715074713504e-10,2.5115296649322797e-08,-0.10456138171293304,-0.052280690613130766
2013-10-01 14:00:00,4.4231243220710535e-10,2.58972096150904e-08,-0.10871452592467498,-0.05435726274118127
2013-10-01 15:00:00,9.32029249911977e-10,0.03597113839747549,-0.08370247834954293,-0.041851238708756844
2013-10-01 16:00:00,3.6856909301490213e-09,0.17818621454524866,-0.08239667376808105,-0.04119833504119506
2013-10-01 17:00:00,6.201462317217326e-09,0.2124497852256264,-0.08806733672108527,-0.04403366525981148
2013-10-01 18:00:00,5.499585173508569e-09,0.1976854043107558,-0.07540693088135757,-0.037703462690886196
2013-10-01 19:00:00,5.496438557215823e-09,0.19313013051727118,-0.02641502439085391,-0.013207509447207676
2013-10-01 20:00:00,4.809281289606084e-09,0.1926318269223468,0.009042471914515732,0.004521238361898511
2013-10-01 21:00:00,4.809282875607969e-09,0.19457574293213206,0.03194688221926994,0.015973443514276407
2013-10-01 22:00:00,4.809289999412669e-09,0.17921077932233037,0.009611547941078089,0.004805776375184044
2013-10-01 23:00:00,4.809494500595193e-09,0.19306674302156082,0.006054101263344165,0.003027053036419333
2013-10-02 00:00:00,4.817479928061067e-09,0.2056967906795815,0.004843018089838761,0.0024215114536593444
2013-10-02 01:00:00,4.8270982205567855e-09,0.2119171291694888,0.012699214641020674,0.006349609734059448
2013-10-02 02:00:00,4.832634556928696e-09,0.2144908265698048,0.02135067039931592,0.010675337615975238
2013-10-02 03:00:00,4.832493697563547e-09,0.21166244795640504,0.04058292570660367,0.020291465269548684
2013-10-02 04:00:00,4.833024626186776e-09,0.20745985706790332,-0.01471735823843951,-0.0073586767027074415
2013-10-02 05:00:00,5.525151601682296e-09,0.20132375434083286,-0.0666545618219459,-0.03332727814839715
2013-10-02 06:00:00,2.74160254113155e-09,0.1428202221803187,-0.0791654546461874,-0.03958272595229243
2013-10-02 07:00:00,4.4800560154664585e-10,2.541225860613506e-08,-0.11054606940512264,-0.05527303447855852
2013-10-02 08:00:00,4.587532087623167e-10,2.4102351371722774e-08,-0.1163426110873301,-0.05817130531428845
2013-10-02 09:00:00,4.330277934979016e-10,2.2802762460117673e-08,-0.11684609997064328,-0.058423049768807744
2013-10-02 10:00:00,4.70461729942985e-10,2.327272497903496e-08,-0.11858039303926626,-0.05929019628440227
2013-10-02 11:00:00,4.819863426043338e-10,2.3609916479328107e-08,-0.11786948749847095,-0.05893474350824231
2013-10-02 12:00:00,4.496259590422789e-10,2.3653019521395676e-08,-0.11434094286793142,-0.05717047120915273
2013-10-02 13:00:00,4.703738993737788e-10,2.4703361027591234e-08,-0.10456138171293304,-0.052280690621279574
2013-10-02 14:00:00,5.042459539755112e-10,2.684812693858011e-08,-0.10871452592467498,-0.054357262710214516
2013-10-02 15:00:00,5.143197868253931e-10,2.8194833645242798e-08,-0.08370247834954293,-0.041851238917611576
2013-10-02 16:00:00,2.743581491013866e-09,0.14804496795227837,-0.08239667376808105,-0.04119833551224978
2013-10-02 17:00:00,4.81936688967206e-09,0.16305406691259616,-0.08806733672108527,-0.04403366595085919
2013-10-02 18:00:00,4.817072438016385e-09,0.1515753277458347,-0.07540693088135757,-0.037703463032142566
2013-10-02 19:00:00,4.127224956019603e-09,0.14599181123819782,-0.02641502439085391,-0.013207510131814476
2013-10-02 20:00:00,4.125488932578687e-09,0.1441377193215762,0.009042471914515732,0.004521238020002333
2013-10-02 21:00:00,3.437212040686867e-09,0.14442011846838396,0.03194688221926994,0.01597344282824099
2013-10-02 22:00:00,3.435305022162005e-09,0.1391254435445726,0.009611547941078089,0.004805775688191555
2013-10-02 23:00:00,3.4365305802824987e-09,0.1314076158868348,0.006054101263344165,0.0030270523499373726
2013-10-03 00:00:00,3.4397864122690905e-09,0.1192286570746447,0.004843018089838761,0.0024215107648125865
2013-10-03 01:00:00,3.444190346852404e-09,0.1422841874927596,0.012699214641020674,0.00634960904260551
2013-10-03 02:00:00,3.445645596422788e-09,0.15585172587181434,0.02135067039931592,0.010675336922480757
2013-10-03 03:00:00,3.4474533329894707e-09,0.15580864426457858,0.04058292570660367,0.0202914645770285
2013-10-03 04:00:00,3.444705873430748e-09,0.15132639637811765,-0.01471735823843951,-0.007358677396866818
2013-10-03 05:00:00,3.4403102199834264e-09,0.14625654846785724,-0.0666545618219459,-0.03332727919081784
2013-10-03 06:00:00,1.969981563561121e-09,0.032920251505786,-0.0791654546461874,-0.03958272633810292
2013-10-03 07:00:00,7.024102962065905e-10,3.218650800434223e-08,-0.11054606940512264,-0.05527303435135617
2013-10-03 08:00:00,6.045332610811838e-10,2.8777105741168636e-08,-0.1163426110873301,-0.05817130524139842
2013-10-03 09:00:00,6.526869971025475e-10,2.8313024751988626e-08,-0.11684609997064328,-0.05842304965897814
2013-10-03 10:00:00,7.546983210024948e-10,2.8644620750078116e-08,-0.11858039303926626,-0.05929019614228397
2013-10-03 11:00:00,8.018098820420919e-10,2.9293757792088752e-08,-0.11786948749847095,-0.058934743348330536
2013-10-03 12:00:00,6.523890312353429e-10,2.8180952983164205e-08,-0.11434094286793142,-0.057170471107771195
2013-10-03 13:00:00,6.188413526139955e-10,2.8851920743271838e-08,-0.10456138171293304,-0.052280690547045844
2013-10-03 14:00:00,6.756205368228644e-10,3.32887535518752e-08,-0.10871452592467498,-0.054357262624527225
2013-10-03 15:00:00,6.733457970029402e-10,3.065149786082275e-08,-0.08370247834954293,-0.04185123883809857
2013-10-03 16:00:00,2.4394332059301284e-09,0.12077421626342637,-0.08239667376808105,-0.04119833566432392
2013-10-03 17:00:00,3.435199882694245e-09,0.12919227431481525,-0.08806733672108527,-0.04403366664294269
2013-10-03 18:00:00,3.4351999275365186e-09,0.1249760961937824,-0.07540693088135757,-0.03770346372307882
2013-10-03 19:00:00,3.435199965298435e-09,0.12361019306079175,-0.02641502439085391,-0.013207510477826973
2013-10-03 20:00:00,3.4352000148609506e-09,0.12467457919734162,0.009042471914515732,0.004521237674857874
2013-10-03 21:00:00,3.4352001423074258e-09,0.061848149112409725,0.03194688221926994,0.015973442827235042
2013-10-03 22:00:00,3.4352008220221214e-09,5.911918809818804e-07,0.009611547941078089,0.004805775688139455
2013-10-03 23:00:00,3.4352009140668405e-09,6.159230067593968e-07,0.006054101263344165,0.0030270523492725394
2013-10-04 00:00:00,3.435200991950837e-09,6.362008267535008e-07,0.004843018089838761,0.002421510762519876
2013-10-04 01:00:00,3.435200958909141e-09,7.991465934221912e-07,0.012699214641020674,0.006349609038110817
2013-10-04 02:00:00,3.4352005152064273e-09,1.0634060904701455e-05,0.02135067039931592,0.010675336917258218
2013-10-04 03:00:00,3.4352004727242583e-09,0.08072737640023567,0.04058292570660367,0.02029146457090207
2013-10-04 04:00:00,3.4352003334771566e-09,0.14333714483772478,-0.01471735823843951,-0.0073586774016195875
2013-10-04 05:00:00,3.4351995286763345e-09,0.14336548968482918,-0.0666545618219459,-0.03332727919337319
2013-10-04 06:00:00,2.3584219092610604e-09,0.12296670449688053,-0.0791654546461874,-0.039582726143882745
2013-10-04 07:00:00,6.605614032362961e-10,3.0353749460496256e-08,-0.11054606940512264,-0.05527303437228062
2013-10-04 08:00:00,6.328987887731289e-10,2.9824454476219885e-08,-0.1163426110873301,-0.058171305227215656
2013-10-04 09:00:00,5.271294519765756e-10,2.649477296216871e-08,-0.11684609997064328,-0.058423049721756916
2013-10-04 10:00:00,4.558185480149577e-10,2.5304107093602432e-08,-0.11858039303926626,-0.05929019629172386
2013-10-04 11:00:00,4.581174233043571e-10,2.517109946247668e-08,-0.11786948749847095,-0.05893474352017677
2013-10-04 12:00:00,4.4103025576268495e-10,2.530867550449458e-08,-0.11434094286793142,-0.057170471213450584
2013-10-04 13:00:00,4.988906418243074e-10,2.8233201335882958e-08,-0.10456138171293304,-0.0522806906070212
2013-10-04 14:00:00,6.428568374083084e-10,4.851262823549535e-08,-0.10871452592467498,-0.05435726264090907
2013-10-04 15:00:00,1.547280368613603e-09,0.11970049247880568,-0.08370247834954293,-0.04185123840113128
2013-10-04 16:00:00,4.735005743872703e-09,0.1687831019244896,-0.08239667376808105,-0.04119833451653765
2013-10-04 17:00:00,5.496321073559021e-09,0.17235546441425695,-0.08806733672108527,-0.044033665612382096
2013-10-04 18:00:00,5.496321186844818e-09,0.1693932997436957,-0.07540693088135757,-0.03770346269251819
2013-10-04 19:00:00,5.496321564464176e-09,0.17299933000096843,-0.02641502439085391,-0.013207509447266173
2013-10-04 20:00:00,5.496321734392905e-09,0.1770101666548471,0.009042471914515732,0.004521238705418733
2013-10-04 21:00:00,4.809282241207089e-09,0.18276079281014684,0.03194688221926994,0.01597344351427609
2013-10-04 22:00:00,4.809282472499057e-09,0.19280571147951808,0.009611547941078089,0.00480577637518028
2013-10-04 23:00:00,4.8102164192024835e-09,0.20249585889893587,0.006054101263344165,0.0030270530367802924
2013-10-05 00:00:00,4.810753800703568e-09,0.20856020100694356,0.004843018089838761,0.0024215114502962806
2013-10-05 01:00:00,4.812426985556998e-09,0.2150637684523751,0.012699214641020674,0.0063496097267238295
2013-10-05 02:00:00,4.8278524346571186e-09,0.2261699058961304,0.02135067039931592,0.010675337613584177
2013-10-05 03:00:00,5.960668658988377e-09,0.2436281773379913,0.04058292570660367,0.020291465833636165
2013-10-05 04:00:00,6.862982327620624e-09,0.2694466184276594,-0.01471735823843951,-0.0073586756877285905
2013-10-05 05:00:00,7.685667689267811e-09,0.29276663694669025,-0.0666545618219459,-0.03332727706813911
2013-10-05 06:00:00,5.726175705034543e-09,0.2546189681400801,-0.0791654546461874,-0.03958272446000585
2013-10-05 07:00:00,2.1865450828069494e-09,0.16342017021469332,-0.11054606940512264,-0.05527303360928878
2013-10-05 08:00:00,1.4694753519072756e-09,0.14233877152687996,-0.1163426110873301,-0.05817130480892738
2013-10-05 09:00:00,1.4045462460762147e-09,0.13898268192128252,-0.11684609997064328,-0.05842304928304852
2013-10-05 10:00:00,1.3745337781419208e-09,0.13859800181799609,-0.11858039303926626,-0.05929019583236624
2013-10-05 11:00:00,1.4782567172320796e-09,0.14657553133514664,-0.11786948749847095,-0.05893474301010712
2013-10-05 12:00:00,1.7258254407700189e-09,0.1643731518758871,-0.11434094286793142,-0.05717047057105299
2013-10-05 13:00:00,2.5447498448450115e-09,0.19157614854279456,-0.10456138171293304,-0.0522806895840916
2013-10-05 14:00:00,4.718086407799982e-09,0.24392171898284712,-0.10871452592467498,-0.05435726060329429
2013-10-05 15:00:00,7.652473103300105e-09,0.31487268021395304,-0.08370247834954293,-0.04185123534853492
2013-10-05 16:00:00,0.2396603726482897,0.47399598879618476,-0.08239667376808105,0.07863184944010433
2013-10-05 17:00:00,0.2415907577950711,0.47247483480338826,-0.08806733672108527,0.07676171053699292
2013-10-05 18:00:00,0.24550615180712912,0.4734977349588246,-0.07540693088135757,0.08504961046288578
2013-10-05 19:00:00,0.2481243664553427,0.4761156590692866,-0.02641502439085391,0.11085467103224439
2013-10-05 20:00:00,0.25889194845473934,0.4861872928174395,0.009042471914515732,0.13396721018462754
2013-10-05 21:00:00,0.2673991225022405,0.4942639699423065,0.03194688221926994,0.14967300236075523
2013-10-05 22:00:00,0.2662645155378176,0.49307183967973955,0.009611547941078089,0.13793803173944785
2013-10-05 23:00:00,0.27513356126798993,0.5215608637291947,0.006054101263344165,0.14059383126566705
2013-10-06 00:00:00,0.2719619376867177,0.5259761365360058,0.004843018089838761,0.13840247788827825
2013-10-06 01:00:00,0.2753350932388837,0.5552397355020767,0.012699214641020674,0.1440171539399522
2013-10-06 02:00:00,0.2787221979337645,0.5651864530530588,0.02135067039931592,0.15003643416654022
2013-10-06 03:00:00,0.2809653155404089,0.559545711749432,0.04058292570660367,0.16077412062350627
2013-10-06 04:00:00,0.29257688153854683,0.5313195338003835,-0.01471735823843951,0.13892976165005366
2013-10-06 05:00:00,0.29677491436100034,0.54149802791205,-0.0666545618219459,0.11506017626952722
2013-10-06 06:00:00,1.3686056067766258e-08,0.42219835889813395,-0.0791654546461874,-0.03958272048006567
2013-10-06 07:00:00,2.728412818132349e-09,0.2067452000889465,-0.11054606940512264,-0.05527303333835491
2013-10-06 08:00:00,1.6651835459637008e-09,0.1618000910803016,-0.1163426110873301,-0.05817130471107328
2013-10-06 09:00:00,1.6958716735478395e-09,0.1655858869494899,-0.11684609997064328,-0.0584230491373858
2013-10-06 10:00:00,1.3619176521596088e-09,0.09677520384414172,-0.11858039303926626,-0.05929019583867431
2013-10-06 11:00:00,1.3976891540624015e-09,0.14287987312072553,-0.11786948749847095,-0.0589347430503909
2013-10-06 12:00:00,1.4244316168008558e-09,0.1454536770333754,-0.11434094286793142,-0.057170470721749904
2013-10-06 13:00:00,1.6291934411561597e-09,0.16319745611981273,-0.10456138171293304,-0.0522806900418698
2013-10-06 14:00:00,2.572172847647248e-09,0.20435508815208286,-0.10871452592467498,-0.054357261676251066
2013-10-06 15:00:00,4.253153872824148e-09,0.24334849076462794,-0.08370247834954293,-0.04185123704819453
2013-10-06 16:00:00,1.3302712892596758e-08,0.4295098906499855,-0.08239667376808105,-0.04119833023268408
2013-10-06 17:00:00,1.238360084266331e-08,0.41915328064266594,-0.08806733672108527,-0.044033662168742216
2013-10-06 18:00:00,1.267793794043729e-08,0.41517344909815734,-0.07540693088135757,-0.037703459101709816
2013-10-06 19:00:00,1.2494554040378935e-08,0.40528519551390274,-0.02641502439085391,-0.013207505948149935
2013-10-06 20:00:00,1.1417061928310604e-08,0.3907807413605627,0.009042471914515732,0.00452124166578883
2013-10-06 21:00:00,9.804193191770641e-09,0.3785445212155918,0.03194688221926994,0.015973446011731566
2013-10-06 22:00:00,8.597921896798479e-09,0.3538068715447295,0.009611547941078089,0.004805778269499993
2013-10-06 23:00:00,8.182178748120581e-09,0.345651743771558,0.006054101263344165,0.0030270547227614565
2013-10-07 00:00:00,8.283817840001751e-09,0.3485990994730415,0.004843018089838761,0.0024215131868283004
2013-10-07 01:00:00,8.223739478804704e-09,0.3480586197368441,0.012699214641020674,0.006349611432380077
2013-10-07 02:00:00,8.013044245976316e-09,0.34146006276861035,0.02135067039931592,0.010675339206180082
2013-10-07 03:00:00,8.085968609500793e-09,0.3434345478495515,0.04058292570660367,0.02029146689628614
2013-10-07 04:00:00,8.080688686138704e-09,0.3405620293714507,-0.01471735823843951,-0.007358675078875412
2013-10-07 05:00:00,8.486536534115454e-09,0.3469222519359602,-0.0666545618219459,-0.033327276667704686
2013-10-07 06:00:00,6.134131211321246e-09,0.29735713138119796,-0.0791654546461874,-0.039582724256028094
2013-10-07 07:00:00,2.09721059550514e-09,0.13214308239769418,-0.11054606940512264,-0.05527303365395602
2013-10-07 08:00:00,8.908556436424927e-10,0.09486112395470661,-0.1163426110873301,-0.05817130509823723
2013-10-07 09:00:00,5.996388621584793e-10,1.3388954434602143e-07,-0.11684609997064328,-0.05842304968550221
2013-10-07 10:00:00,3.7595836811776917e-10,3.5426535947149e-08,-0.11858039303926626,-0.05929019633165395
2013-10-07 11:00:00,3.908839039387312e-10,3.757118822644582e-08,-0.11786948749847095,-0.05893474355379352
2013-10-07 12:00:00,4.0397615077670393e-10,3.989713057921049e-08,-0.11434094286793142,-0.05717047123197764
2013-10-07 13:00:00,7.712334308433376e-10,0.0377264906765636,-0.10456138171293304,-0.05228069047084981
2013-10-07 14:00:00,1.232340117847527e-09,0.10954187247452492,-0.10871452592467498,-0.05435726234616743
2013-10-07 15:00:00,2.8614265644108075e-09,0.16259565044569868,-0.08370247834954293,-0.04185123774405818
2013-10-07 16:00:00,7.627307697877585e-09,0.3499739024323572,-0.08239667376808105,-0.04119833307038667
2013-10-07 17:00:00,9.450209770086354e-09,0.37275007361168383,-0.08806733672108527,-0.04403366363543775
2013-10-07 18:00:00,9.638168039859841e-09,0.37022620481133506,-0.07540693088135757,-0.03770346062159476
2013-10-07 19:00:00,9.952835128895199e-09,0.36930663540939573,-0.02641502439085391,-0.01320750721900939
2013-10-07 20:00:00,1.0637151687812402e-08,0.3734532491648125,0.009042471914515732,0.00452124127583371
2013-10-07 21:00:00,1.1379399907244741e-08,0.3824923009695654,0.03194688221926994,0.015973446799334923
2013-10-07 22:00:00,1.032652696260206e-08,0.37165086134631736,0.009611547941078089,0.004805779133802526
2013-10-07 23:00:00,1.0287771005136182e-08,0.388791491508292,0.006054101263344165,0.003027055775557585
2013-10-08 00:00:00,1.0459036125166791e-08,0.40379342892519776,0.004843018089838761,0.002421514274437443
2013-10-08 01:00:00,1.0280848882792664e-08,0.40658430384116506,0.012699214641020674,0.006349612460934778
2013-10-08 02:00:00,1.0258359777314173e-08,0.405028632813666,0.02135067039931592,0.010675340328837848
2013-10-08 03:00:00,1.011889013445056e-08,0.3935890528203883,0.04058292570660367,0.020291467912746903
2013-10-08 04:00:00,9.87845795585386e-09,0.3789619478769929,-0.01471735823843951,-0.007358674179990777
2013-10-08 05:00:00,8.864767030420858e-09,0.3644250408517492,-0.0666545618219459,-0.033327276478589435
2013-10-08 06:00:00,5.7581802234171636e-09,0.30601839750100446,-0.0791654546461874,-0.03958272444400359
2013-10-08 07:00:00,2.0928364907204924e-09,0.13656899913750514,-0.11054606940512264,-0.05527303365614308
2013-10-08 08:00:00,1.1712477842297815e-09,0.10606749024086869,-0.1163426110873301,-0.05817130495804116
2013-10-08 09:00:00,8.911872546397065e-10,0.09831402555296014,-0.11684609997064328,-0.05842304953972802
2013-10-08 10:00:00,7.808247739304698e-10,0.08664157278838588,-0.11858039303926626,-0.05929019612922074
2013-10-08 11:00:00,7.891568726982479e-10,0.08715731100551427,-0.11786948749847095,-0.05893474335465704
2013-10-08 12:00:00,7.871740873182426e-10,0.08647039156253292,-0.11434094286793142,-0.057170471040378666
2013-10-08 13:00:00,9.157112466701146e-10,0.0993619893630994,-0.10456138171293304,-0.0522806903986109
2013-10-08 14:00:00,1.7501636057314046e-09,0.1316200874730536,-0.10871452592467498,-0.054357262087255685
2013-10-08 15:00:00,3.19278908160215e-09,0.18867979620299707,-0.08370247834954293,-0.04185123757837693
2013-10-08 16:00:00,7.494821347013645e-09,0.33832844546610763,-0.08239667376808105,-0.04119833313662985
2013-10-08 17:00:00,8.657237943132535e-09,0.3435267314744004,-0.08806733672108527,-0.044033664031923665
2013-10-08 18:00:00,1.0113802074196966e-08,0.3482448663645868,-0.07540693088135757,-0.03770346038377775
2013-10-08 19:00:00,9.956294422932232e-09,0.3406517836552509,-0.02641502439085391,-0.013207507217279743
2013-10-08 20:00:00,8.72094477591663e-09,0.3162777210272663,0.009042471914515732,0.004521240317730254
2013-10-08 21:00:00,8.316970702294314e-09,0.29258182448161385,0.03194688221926994,0.01597344526812032
2013-10-08 22:00:00,7.83898706629846e-09,0.26752656957763565,0.009611547941078089,0.004805777890032578
2013-10-08 23:00:00,7.351083176684663e-09,0.27955965193444693,0.006054101263344165,0.003027054307213671
2013-10-09 00:00:00,7.064540991259976e-09,0.28083825530144196,0.004843018089838761,0.002421512577189876
2013-10-09 01:00:00,6.656221136493083e-09,0.27693634147256957,0.012699214641020674,0.006349610648620906
2013-10-09 02:00:00,7.891645822886367e-09,0.2839661571840844,0.02135067039931592,0.010675339145480871
2013-10-09 03:00:00,9.805200282099535e-09,0.31305293369791987,0.04058292570660367,0.020291467755901977
2013-10-09 04:00:00,1.0835866223082906e-08,0.32949507287352003,-0.01471735823843951,-0.007358673701286643
2013-10-09 05:00:00,9.367958915221544e-09,0.3192218355364995,-0.0666545618219459,-0.033327276226993496
2013-10-09 06:00:00,6.163911823962005e-09,0.26993214779503705,-0.0791654546461874,-0.03958272424113779
2013-10-09 07:00:00,2.572520225439402e-09,0.1436333893105757,-0.11054606940512264,-0.05527303341630121
2013-10-09 08:00:00,1.548568182141293e-09,0.11877428557791529,-0.1163426110873301,-0.05817130476938096
2013-10-09 09:00:00,1.5626547740373653e-09,0.11845509168051507,-0.11684609997064328,-0.05842304920399426
2013-10-09 10:00:00,1.3469868693739904e-09,0.10631607790800669,-0.11858039303926626,-0.0592901958461397
2013-10-09 11:00:00,1.4820853503874772e-09,0.11042250850846026,-0.11786948749847095,-0.0589347430081928
2013-10-09 12:00:00,1.4674030119111064e-09,0.1068716965027697,-0.11434094286793142,-0.0571704707002642
2013-10-09 13:00:00,1.6332872295456588e-09,0.11361450518984285,-0.10456138171293304,-0.05228069003982291
2013-10-09 14:00:00,1.960797103120713e-09,0.12606084597089673,-0.10871452592467498,-0.05435726198193894
2013-10-09 15:00:00,2.7172050766474055e-09,0.13769691486075394,-0.08370247834954293,-0.04185123781616893
2013-10-09 16:00:00,5.496413599401589e-09,0.1842537919984102,-0.08239667376808105,-0.04119833413583372
2013-10-09 17:00:00,6.195572681348383e-09,0.18484838965012754,-0.08806733672108527,-0.044033665262756295
2013-10-09 18:00:00,5.496689866222655e-09,0.1837953067502043,-0.07540693088135757,-0.03770346269233385
2013-10-09 19:00:00,5.496332069855525e-09,0.185142254355606,-0.02641502439085391,-0.01320750944726092
2013-10-09 20:00:00,5.497660827095776e-09,0.18674702976981405,0.009042471914515732,0.004521238706088279
2013-10-09 21:00:00,4.813302423240327e-09,0.18793733054218578,0.03194688221926994,0.01597344351628618
2013-10-09 22:00:00,4.824433260092532e-09,0.18888331680090317,0.009611547941078089,0.004805776382755675
2013-10-09 23:00:00,4.823770468060047e-09,0.19749002327375392,0.006054101263344165,0.0030270530435573166
2013-10-10 00:00:00,4.82178993653921e-09,0.20856996179303577,0.004843018089838761,0.002421511455814349
2013-10-10 01:00:00,4.86468787625038e-09,0.21846366655198846,0.012699214641020674,0.006349609752854275
2013-10-10 02:00:00,5.624966663722959e-09,0.2221379433123416,0.02135067039931592,0.010675338012141291
2013-10-10 03:00:00,6.425505393111232e-09,0.23044941230833085,0.04058292570660367,0.02029146606605453
2013-10-10 04:00:00,6.352292375747186e-09,0.24042272324858918,-0.01471735823843951,-0.007358675943073567
2013-10-10 05:00:00,6.298208609972379e-09,0.2607194884957001,-0.0666545618219459,-0.03332727776186865
2013-10-10 06:00:00,5.4911983180708496e-09,0.24562781409260886,-0.0791654546461874,-0.039582724577494545
2013-10-10 07:00:00,2.85201030696244e-09,0.14491007162213967,-0.11054606940512264,-0.055273033276556166
2013-10-10 08:00:00,1.4262268393288316e-09,0.11748546883669839,-0.1163426110873301,-0.05817130483055163
2013-10-10 09:00:00,1.2935485845493156e-09,0.10935181525806957,-0.11684609997064328,-0.05842304933854735
2013-10-10 10:00:00,1.0314790021345054e-09,0.10566111774221504,-0.11858039303926626,-0.05929019600389363
2013-10-10 11:00:00,1.343914760582861e-09,0.11427074450756494,-0.11786948749847095,-0.0589347430772781
2013-10-10 12:00:00,1.3742272138906404e-09,0.1183671448879509,-0.11434094286793142,-0.0571704707468521
2013-10-10 13:00:00,1.5496758211841622e-09,0.1333607767581075,-0.10456138171293304,-0.05228069008162861
2013-10-10 14:00:00,2.5047064051702546e-09,0.15884846928292798,-0.10871452592467498,-0.05435726170998429
2013-10-10 15:00:00,3.83203025016942e-09,0.22846456422527725,-0.08370247834954293,-0.04185123725875634
2013-10-10 16:00:00,8.113901865319416e-09,0.3457811862057616,-0.08239667376808105,-0.04119833282708959
2013-10-10 17:00:00,7.772469145847295e-09,0.3341649656594218,-0.08806733672108527,-0.044033664474308065
2013-10-10 18:00:00,6.993750477046635e-09,0.3183674123196132,-0.07540693088135757,-0.03770346194380354
2013-10-10 19:00:00,6.690321298688479e-09,0.31347008751644995,-0.02641502439085391,-0.013207508850266307
2013-10-10 20:00:00,6.7444829876243134e-09,0.3112889281989101,0.009042471914515732,0.00452123932949936
2013-10-10 21:00:00,6.55317962900512e-09,0.2886356003237965,0.03194688221926994,0.015973444386224785
2013-10-10 22:00:00,6.3298600195765695e-09,0.2664921075968265,0.009611547941078089,0.004805777135469054
2013-10-10 23:00:00,5.498135498749442e-09,0.2520093038615331,0.006054101263344165,0.003027053380739832
2013-10-11 00:00:00,4.8242966587432024e-09,0.23987914671749372,0.004843018089838761,0.0024215114570677095
2013-10-11 01:00:00,4.815322758753853e-09,0.22584148057944273,0.012699214641020674,0.0063496097281717165
2013-10-11 02:00:00,4.809979386819595e-09,0.2106464436071723,0.02135067039931592,0.010675337604647653
2013-10-11 03:00:00,4.814089803211328e-09,0.1976329575412443,0.04058292570660367,0.020291465260346735
2013-10-11 04:00:00,5.502721621007584e-09,0.18621403885973734,-0.01471735823843951,-0.0073586763678589445
2013-10-11 05:00:00,6.183360383599849e-09,0.17974716223691956,-0.0666545618219459,-0.03332727781929276
2013-10-11 06:00:00,6.183358743788837e-09,0.17533012742750728,-0.0791654546461874,-0.03958272423141433
2013-10-11 07:00:00,3.256270837441849e-09,0.13308655029544608,-0.11054606940512264,-0.0552730330744259
2013-10-11 08:00:00,1.7384503904799135e-09,0.12008935678033576,-0.1163426110873301,-0.05817130467443986
2013-10-11 09:00:00,1.6482203569139563e-09,0.1162465229129211,-0.11684609997064328,-0.058423049161211466
2013-10-11 10:00:00,1.4937563564019626e-09,0.10991682776975345,-0.11858039303926626,-0.059290195772754954
2013-10-11 11:00:00,1.4273042878069737e-09,0.10715677766531964,-0.11786948749847095,-0.05893474303558333
2013-10-11 12:00:00,1.3408812475587448e-09,0.10218762996900949,-0.11434094286793142,-0.057170470763525084
2013-10-11 13:00:00,1.3606666862045704e-09,0.10162606438575185,-0.10456138171293304,-0.052280690176133175
2013-10-11 14:00:00,1.5678300646602783e-09,0.10953865405731897,-0.10871452592467498,-0.05435726217842246
2013-10-11 15:00:00,2.7094088630979286e-09,0.12028785082722775,-0.08370247834954293,-0.041851237820067035
2013-10-11 16:00:00,5.496319649934565e-09,0.15366523119959358,-0.08239667376808105,-0.0411983341358807
2013-10-11 17:00:00,5.496320390068142e-09,0.15325421997668737,-0.08806733672108527,-0.04403366561238244
2013-10-11 18:00:00,5.496320578877761e-09,0.1547472213135989,-0.07540693088135757,-0.037703462692518494
2013-10-11 19:00:00,5.496320726149271e-09,0.15803623275616,-0.02641502439085391,-0.013207509447266593
2013-10-11 20:00:00,5.496320843211247e-09,0.1635441004600031,0.009042471914515732,0.0045212387054182875
2013-10-11 21:00:00,4.80928205617353e-09,0.1701571203130527,0.03194688221926994,0.015973443514275997
2013-10-11 22:00:00,4.809282340332215e-09,0.1812206008171178,0.009611547941078089,0.0048057763751802145
2013-10-11 23:00:00,4.8092824658907146e-09,0.18752894531139097,0.006054101263344165,0.0030270530363133157
2013-10-12 00:00:00,4.809282479107399e-09,0.19049495795230664,0.004843018089838761,0.00242151144956062
2013-10-12 01:00:00,4.809282479107399e-09,0.19250603946899827,0.012699214641020674,0.006349609725151577
2013-10-12 02:00:00,4.809282528669967e-09,0.1977668991797314,0.02135067039931592,0.010675337604299224
2013-10-12 03:00:00,4.809282541886652e-09,0.20615488049173944,0.04058292570660367,0.020291465257943106
2013-10-12 04:00:00,5.496321281249653e-09,0.21322106994325252,-0.01471735823843951,-0.007358676371059114
2013-10-12 05:00:00,5.496346578086026e-09,0.21515559203014653,-0.0666545618219459,-0.033327278162799664
2013-10-12 06:00:00,4.829894957476283e-09,0.1994157317052482,-0.0791654546461874,-0.039582724908146225
2013-10-12 07:00:00,1.963701293812384e-09,0.13364888152119198,-0.11054606940512264,-0.05527303372071067
2013-10-12 08:00:00,1.3498605004753917e-09,0.10316635964642547,-0.1163426110873301,-0.0581713048687348
2013-10-12 09:00:00,9.944664972790724e-10,6.13341595202473e-08,-0.11684609997064328,-0.058423049488088394
2013-10-12 10:00:00,9.590325783417213e-10,6.235240158816996e-08,-0.11858039303926626,-0.059290196040116844
2013-10-12 11:00:00,1.1019265718066365e-09,6.83319073346231e-08,-0.11786948749847095,-0.05893474319827219
2013-10-12 12:00:00,1.175509343819905e-09,6.937980657504884e-08,-0.11434094286793142,-0.05717047084621104
2013-10-12 13:00:00,1.2163358638055597e-09,1.7337471038512344e-07,-0.10456138171293304,-0.05228069024829859
2013-10-12 14:00:00,1.6539476340424313e-09,0.12539980098977144,-0.10871452592467498,-0.054357262135363675
2013-10-12 15:00:00,3.182844106150484e-09,0.1414978230970703,-0.08370247834954293,-0.04185123758334942
2013-10-12 16:00:00,5.496320567549182e-09,0.18989914110658562,-0.08239667376808105,-0.04119833413588024
2013-10-12 17:00:00,5.496321141530498e-09,0.1880374466750905,-0.08806733672108527,-0.04403366561238206
2013-10-12 18:00:00,5.4963212925782335e-09,0.1889278404952847,-0.07540693088135757,-0.03770346269251814
2013-10-12 19:00:00,5.496321337892556e-09,0.18971224682495416,-0.02641502439085391,-0.013207509447266286
2013-10-12 20:00:00,5.496340041442762e-09,0.18958167420076985,0.009042471914515732,0.004521238705427887
2013-10-12 21:00:00,5.510296384157565e-09,0.1919093870553839,0.03194688221926994,0.015973443864783162
2013-10-12 22:00:00,5.5137678348627315e-09,0.20586744196352874,0.009611547941078089,0.004805776727422962
2013-10-12 23:00:00,4.96754311998631e-09,0.21433026464430255,0.006054101263344165,0.0030270531154436425
2013-10-13 00:00:00,4.927001271143101e-09,0.21888743976362182,0.004843018089838761,0.002421511508420016
2013-10-13 01:00:00,4.3908236732224326e-09,0.22743471384270333,0.012699214641020674,0.006349609515922174
2013-10-13 02:00:00,4.771785603676008e-09,0.2409043024999836,0.02135067039931592,0.01067533758555076
2013-10-13 03:00:00,5.107038179123671e-09,0.2500867604133807,0.04058292570660367,0.020291465406820926
2013-10-13 04:00:00,4.799396642891159e-09,0.24474669732143484,-0.01471735823843951,-0.0073586767195214335
2013-10-13 05:00:00,5.02489843635799e-09,0.2479781665234253,-0.0666545618219459,-0.03332727839852373
2013-10-13 06:00:00,3.628236141127239e-09,0.2241201737292681,-0.0791654546461874,-0.03958272550897563
2013-10-13 07:00:00,6.345335540090157e-10,5.2528328335461765e-08,-0.11054606940512264,-0.055273034385294545
2013-10-13 08:00:00,4.725027369295784e-10,2.8334315238356976e-08,-0.1163426110873301,-0.058171305307413684
2013-10-13 09:00:00,4.89380634195809e-10,2.7627808320751392e-08,-0.11684609997064328,-0.058423049740631325
2013-10-13 10:00:00,4.85138126305389e-10,2.7524617205113307e-08,-0.11858039303926626,-0.05929019627706407
2013-10-13 11:00:00,5.055116662379161e-10,2.822037205544088e-08,-0.11786948749847095,-0.05893474349647965
2013-10-13 12:00:00,5.155513749700779e-10,2.851036049531155e-08,-0.11434094286793142,-0.05717047117619002
2013-10-13 13:00:00,4.5702525731879734e-10,2.7247337099491485e-08,-0.10456138171293304,-0.052280690627953895
2013-10-13 14:00:00,4.914189538616732e-10,3.0580881228126334e-08,-0.10871452592467498,-0.05435726271662802
2013-10-13 15:00:00,1.3123444224545506e-09,0.1267371500793874,-0.08370247834954293,-0.04185123851859925
2013-10-13 16:00:00,5.585451011062389e-09,0.2610711410271499,-0.08239667376808105,-0.04119833409131502
2013-10-13 17:00:00,5.597244215281513e-09,0.25215717449663305,-0.08806733672108527,-0.04403366556192053
2013-10-13 18:00:00,5.708448788702096e-09,0.2465623482069608,-0.07540693088135757,-0.03770346258645439
2013-10-13 19:00:00,5.741484689765181e-09,0.2460030397750101,-0.02641502439085391,-0.01320750932468461
2013-10-13 20:00:00,5.726161962340932e-09,0.24830821978294243,0.009042471914515732,0.0045212388203388475
2013-10-13 21:00:00,5.756326775521042e-09,0.2505914540551067,0.03194688221926994,0.015973443987798357
2013-10-13 22:00:00,5.670740474878313e-09,0.24154278741085536,0.009611547941078089,0.0048057768059092815
2013-10-13 23:00:00,5.741073386373565e-09,0.24844926248812027,0.006054101263344165,0.003027053502208776
2013-10-14 00:00:00,5.860413221706693e-09,0.25673307189509126,0.004843018089838761,0.002421511975125991
2013-10-14 01:00:00,5.79614978448238e-09,0.25890855039538463,0.012699214641020674,0.006349610218585229
2013-10-14 02:00:00,5.871052813585447e-09,0.2594890007142284,0.02135067039931592,0.010675338135184367
2013-10-14 03:00:00,5.8178515038448374e-09,0.25396498291736463,0.04058292570660367,0.020291465762227588
2013-10-14 04:00:00,5.671815500129674e-09,0.2474984286099818,-0.01471735823843951,-0.007358676283312005
2013-10-14 05:00:00,6.299318982514596e-09,0.24432785240738236,-0.0666545618219459,-0.03332727776131346
2013-10-14 06:00:00,5.2328070659924115e-09,0.21498469030238515,-0.0791654546461874,-0.03958272470669017
2013-10-14 07:00:00,1.5687008844613248e-09,0.10760913294895809,-0.11054606940512264,-0.05527303391821088
2013-10-14 08:00:00,7.452696611115238e-10,0.07738778815206808,-0.1163426110873301,-0.05817130517103022
2013-10-14 09:00:00,3.6292143032587885e-10,3.1292005885793855e-08,-0.11684609997064328,-0.05842304980386093
2013-10-14 10:00:00,3.3011700743798777e-10,2.7663721258615242e-08,-0.11858039303926626,-0.05929019635457463
2013-10-14 11:00:00,3.387325114981504e-10,2.8759398172621692e-08,-0.11786948749847095,-0.05893474357986922
2013-10-14 12:00:00,3.561547133106666e-10,3.0493902099221185e-08,-0.11434094286793142,-0.05717047125588835
2013-10-14 13:00:00,7.0468684924746e-10,0.0013618403928706362,-0.10456138171293304,-0.052280690504123095
2013-10-14 14:00:00,9.849403629060479e-10,0.09907420831100433,-0.10871452592467498,-0.05435726246986731
2013-10-14 15:00:00,3.0063739948911335e-09,0.15506273405310422,-0.08370247834954293,-0.04185123767158447
2013-10-14 16:00:00,6.316821602438334e-09,0.2909032872456191,-0.08239667376808105,-0.04119833372562972
2013-10-14 17:00:00,6.290853840208007e-09,0.2761154550867089,-0.08806733672108527,-0.044033665215115717
2013-10-14 18:00:00,6.2830758346763444e-09,0.25958709516820716,-0.07540693088135757,-0.037703462299140865
2013-10-14 19:00:00,6.2987439718736904e-09,0.24562273842702956,-0.02641502439085391,-0.01320750904605497
2013-10-14 20:00:00,6.304266928332784e-09,0.2253701749308354,0.009042471914515732,0.00452123910939133
2013-10-14 21:00:00,6.284307834478717e-09,0.2069056317980202,0.03194688221926994,0.015973444251788885
2013-10-14 22:00:00,6.24730255792284e-09,0.20980243270137908,0.009611547941078089,0.004805777094190323
2013-10-14 23:00:00,6.340372655755085e-09,0.2125143280832265,0.006054101263344165,0.0030270538018584104
2013-10-15 00:00:00,5.763105134305558e-09,0.2094666393261561,0.004843018089838761,0.0024215119264719477
2013-10-15 01:00:00,5.701464318341272e-09,0.20106070468857198,0.012699214641020674,0.006349610171242496
2013-10-15 02:00:00,5.541171501664923e-09,0.19285036784793988,0.02135067039931592,0.01067533797024371
2013-10-15 03:00:00,6.225647032741243e-09,0.191403877005439,0.04058292570660367,0.02029146596612535
2013-10-15 04:00:00,6.230216419353115e-09,0.21728014540005774,-0.01471735823843951,-0.007358676004111545
2013-10-15 05:00:00,6.366110553145886e-09,0.23790493190101564,-0.0666545618219459,-0.03332727772791767
2013-10-15 06:00:00,7.342317029686009e-09,0.24719873923279528,-0.0791654546461874,-0.03958272365193519
2013-10-15 07:00:00,3.3895727719997046e-09,0.13688067952987276,-0.11054606940512264,-0.05527303300777493
2013-10-15 08:00:00,2.4505561035938386e-09,0.12053694445608215,-0.1163426110873301,-0.058171304318387
2013-10-15 09:00:00,2.2901754919540645e-09,0.11970425484481424,-0.11684609997064328,-0.058423048840233895
2013-10-15 10:00:00,2.068976868254903e-09,0.1203698428062056,-0.11858039303926626,-0.0592901954851447
2013-10-15 11:00:00,2.2795485406772762e-09,0.12769249807307317,-0.11786948749847095,-0.05893474260946121
2013-10-15 12:00:00,2.282175985720918e-09,0.12727900201035067,-0.11434094286793142,-0.057170470292877716
2013-10-15 13:00:00,3.107008574488548e-09,0.14598324276113384,-0.10456138171293304,-0.05228068930296223
2013-10-15 14:00:00,4.206582055207233e-09,0.1919935566548647,-0.10871452592467498,-0.05435726085904646
2013-10-15 15:00:00,7.250764002529621e-09,0.29659432761853627,-0.08370247834954293,-0.041851235549389465
2013-10-15 16:00:00,0.13750830533524688,0.38306008984280326,-0.08239667376808105,0.027555815783582918
2013-10-15 17:00:00,0.12941094788229696,0.3787747735499434,-0.08806733672108527,0.020671805580605843
2013-10-15 18:00:00,0.11093319505158068,0.36794461695848124,-0.07540693088135757,0.017763132085111558
2013-10-15 19:00:00,0.09227799505628811,0.35298758752705417,-0.02641502439085391,0.0329314853327171
2013-10-15 20:00:00,9.202897900519897e-09,0.33990715325479265,0.009042471914515732,0.004521240558706816
2013-10-15 21:00:00,7.633054100467632e-09,0.3174877604359827,0.03194688221926994,0.01597344492616202
2013-10-15 22:00:00,6.3269607151606656e-09,0.30003503849160384,0.009611547941078089,0.004805777134019402
2013-10-15 23:00:00,6.336392679129876e-09,0.28125865503055314,0.006054101263344165,0.003027053799868422
2013-10-16 00:00:00,6.4164751126051285e-09,0.27545819313711906,0.004843018089838761,0.0024215122531569366
2013-10-16 01:00:00,6.694945546344249e-09,0.2796998821918707,0.012699214641020674,0.00634961066798311
2013-10-16 02:00:00,7.425527619936843e-09,0.2902770564912152,0.02135067039931592,0.01067533891242177
2013-10-16 03:00:00,8.912985287661998e-09,0.3108807561953724,0.04058292570660367,0.02029146730979448
2013-10-16 04:00:00,0.09053236803023226,0.33508049651254734,-0.01471735823843951,0.03790750489589638
2013-10-16 05:00:00,0.11327327741014909,0.359498415576506,-0.0666545618219459,0.023309357794101593
2013-10-16 06:00:00,0.14034102297462828,0.3859627000319487,-0.0791654546461874,0.030587784164220436
2013-10-16 07:00:00,4.235013028372918e-09,0.23381841664298303,-0.11054606940512264,-0.0552730325850548
2013-10-16 08:00:00,3.1429348280244837e-09,0.1553534799778458,-0.1163426110873301,-0.058171303972197635
2013-10-16 09:00:00,3.268890141308858e-09,0.171084288572619,-0.11684609997064328,-0.05842304835087657
2013-10-16 10:00:00,3.0472010260686982e-09,0.15915238103477694,-0.11858039303926626,-0.05929019499603262
2013-10-16 11:00:00,3.6428156339270654e-09,0.1836051532145916,-0.11786948749847095,-0.05893474192782766
2013-10-16 12:00:00,3.258892104910872e-09,0.1682026574353275,-0.11434094286793142,-0.05717046980451966
2013-10-16 13:00:00,3.343343426140457e-09,0.1714976298106779,-0.10456138171293304,-0.05228068918479481
2013-10-16 14:00:00,4.422726509416053e-09,0.24063837821286033,-0.10871452592467498,-0.05435726075097424
2013-10-16 15:00:00,7.481893879161545e-09,0.3238004594609643,-0.08370247834954293,-0.041851235433824525
2013-10-16 16:00:00,0.3281199046918328,0.44513759657557933,-0.08239667376808105,0.12286161546187586
2013-10-16 17:00:00,0.16843986772237493,0.42201757411518326,-0.08806733672108527,0.04018626550064483
2013-10-16 18:00:00,0.11816463484295589,0.38959469607137964,-0.07540693088135757,0.02137885198079916
2013-10-16 19:00:00,0.08798910848417126,0.35337802468950047,-0.02641502439085391,0.03078704204665867
2013-10-16 20:00:00,7.579245349244313e-09,0.31348208346604645,0.009042471914515732,0.004521239746880541
2013-10-16 21:00:00,6.616406283180243e-09,0.268176374912945,0.03194688221926994,0.01597344441783811
2013-10-16 22:00:00,6.11223980835011e-09,0.25852685716718626,0.009611547941078089,0.004805777026658948
2013-10-16 23:00:00,5.01924517345781e-09,0.23666007049108964,0.006054101263344165,0.003027053141294669
2013-10-17 00:00:00,4.848876523517956e-09,0.21546101794724,0.004843018089838761,0.002421511469357642
2013-10-17 01:00:00,4.834809231833947e-09,0.19595156925565133,0.012699214641020674,0.006349609737914953
2013-10-17 02:00:00,4.89542444650317e-09,0.18072835198160592,0.02135067039931592,0.010675337647370184
2013-10-17 03:00:00,4.980303011866207e-09,0.17257262230025255,0.04058292570660367,0.02029146534345334
2013-10-17 04:00:00,5.02714114724595e-09,0.16453852705300137,-0.01471735823843951,-0.007358676605649181
2013-10-17 05:00:00,5.791043774095964e-09,0.15625351193456735,-0.0666545618219459,-0.033327278015451066
2013-10-17 06:00:00,6.067402452269937e-09,0.14871629141956597,-0.0791654546461874,-0.039582724289392475
2013-10-17 07:00:00,1.4000245131412024e-09,0.0914918678546909,-0.11054606940512264,-0.055273034002549064
2013-10-17 08:00:00,5.90537843084441e-10,2.7437556804792223e-08,-0.1163426110873301,-0.05817130524839613
2013-10-17 09:00:00,5.454861836531974e-10,2.4275676346211004e-08,-0.11684609997064328,-0.05842304971257855
2013-10-17 10:00:00,5.096836898178995e-10,2.480317183607163e-08,-0.11858039303926626,-0.05929019626479129
2013-10-17 11:00:00,5.839612937747488e-10,2.579925149291055e-08,-0.11786948749847095,-0.05893474345725483
2013-10-17 12:00:00,5.854269595536228e-10,2.4958809647298946e-08,-0.11434094286793142,-0.05717047114125223
2013-10-17 13:00:00,6.536573602869631e-10,2.7932930837942894e-08,-0.10456138171293304,-0.05228069052963784
2013-10-17 14:00:00,8.230001731765195e-10,3.144593794712002e-08,-0.10871452592467498,-0.05435726255083741
2013-10-17 15:00:00,1.940791429669994e-09,0.09031710989971396,-0.08370247834954293,-0.04185123820437575
2013-10-17 16:00:00,1.4510339727338559e-08,0.10965246881534146,-0.08239667376808105,-0.04119832962887066
2013-10-17 17:00:00,1.559789300210294e-08,0.11109866179859994,-0.08806733672108527,-0.04403366056159613
2013-10-17 18:00:00,1.4872622834267318e-08,0.11386273856496969,-0.07540693088135757,-0.03770345800436737
2013-10-17 19:00:00,1.4985734929063678e-08,0.11566982339118637,-0.02641502439085391,-0.01320750470255949
2013-10-17 20:00:00,4.868359723469963e-09,0.11761471285018439,0.009042471914515732,0.004521238391437728
2013-10-17 21:00:00,4.156640546579942e-09,0.12068572755970843,0.03194688221926994,0.015973443187955242
2013-10-17 22:00:00,4.187413775261817e-09,0.12956703530150654,0.009611547941078089,0.004805776064245932
2013-10-17 23:00:00,4.236366663016542e-09,0.13303795029432577,0.006054101263344165,0.003027052749855414
2013-10-18 00:00:00,4.335802159798622e-09,0.13839913788200806,0.004843018089838761,0.0024215112128204604
2013-10-18 01:00:00,4.529945877656236e-09,0.14617148707799252,0.012699214641020674,0.006349609585483276
2013-10-18 02:00:00,5.827118138838311e-09,0.15901040980467643,0.02135067039931592,0.010675338113217029
2013-10-18 03:00:00,5.920005504454945e-09,0.16739474786163444,0.04058292570660367,0.02029146581330459
2013-10-18 04:00:00,6.9289116949898484e-09,0.17296313012530776,-0.01471735823843951,-0.0073586756547639074
2013-10-18 05:00:00,7.542498258291018e-09,0.18451645175072662,-0.0666545618219459,-0.03332727713972382
2013-10-18 06:00:00,1.0950092115459908e-08,0.20816699375377937,-0.0791654546461874,-0.03958272184804765
2013-10-18 07:00:00,1.7580846187065775e-09,0.11081986604520135,-0.11054606940512264,-0.05527303382351901
2013-10-18 08:00:00,7.435812504476e-10,1.250805362168244e-07,-0.1163426110873301,-0.058171305171874424
2013-10-18 09:00:00,5.0045754556309e-10,3.647640062691882e-08,-0.11684609997064328,-0.058423049735092866
2013-10-18 10:00:00,4.622269679496434e-10,3.767359850014904e-08,-0.11858039303926626,-0.05929019628851965
2013-10-18 11:00:00,4.99235569580593e-10,4.191561703384072e-08,-0.11786948749847095,-0.05893474349961769
2013-10-18 12:00:00,4.825616954375626e-10,4.3344783096271563e-08,-0.11434094286793142,-0.05717047119268486
2013-10-18 13:00:00,7.167125835959515e-10,4.990734495907517e-08,-0.10456138171293304,-0.05228069049811023
2013-10-18 14:00:00,1.2386177881022858e-09,0.11989652415265953,-0.10871452592467498,-0.054357262343028595
2013-10-18 15:00:00,5.099019858074482e-09,0.2645613743728255,-0.08370247834954293,-0.04185123662526154
2013-10-18 16:00:00,0.38175421218822525,0.4687289758406348,-0.08239667376808105,0.14967876921007212
2013-10-18 17:00:00,0.3504705914753515,0.4521289168638874,-0.08806733672108527,0.1312016273771331
2013-10-18 18:00:00,0.30658573907484316,0.4396287288408446,-0.07540693088135757,0.11558940409674279
2013-10-18 19:00:00,0.13734349957918518,0.41273743462774054,-0.02641502439085391,0.05546423759416563
2013-10-18 20:00:00,0.1270941273078173,0.3760666043533419,0.009042471914515732,0.06806829961116652
2013-10-18 21:00:00,1.3203542820381846e-08,0.336437993567915,0.03194688221926994,0.01597344771140638
2013-10-18 22:00:00,7.160521740819073e-09,0.2562036954034513,0.009611547941078089,0.004805777550799915
2013-10-18 23:00:00,5.503596225889075e-09,0.24358580386612377,0.006054101263344165,0.0030270533834701957
2013-10-19 00:00:00,5.098058990728653e-09,0.2290029947250501,0.004843018089838761,0.0024215115939488756
2013-10-19 01:00:00,5.060395677832194e-09,0.2209120305969828,0.012699214641020674,0.006349609850708176
2013-10-19 02:00:00,5.100834000641439e-09,0.21590182229636257,0.02135067039931592,0.01067533775007496
2013-10-19 03:00:00,4.930751046040168e-09,0.20806610374060022,0.04058292570660367,0.020291465318677357
2013-10-19 04:00:00,4.847893907426506e-09,0.19745232801560708,-0.01471735823843951,-0.007358676695272801
2013-10-19 05:00:00,4.840068914864895e-09,0.19345261838358818,-0.0666545618219459,-0.03332727849093849
2013-10-19 06:00:00,4.8411249001309644e-09,0.19076294031134416,-0.0791654546461874,-0.03958272490253125
2013-10-19 07:00:00,5.684883487144686e-10,4.3029071175053573e-08,-0.11054606940512264,-0.055273034418317143
2013-10-19 08:00:00,5.77124977437299e-10,2.9783129765355212e-08,-0.1163426110873301,-0.058171305255102564
2013-10-19 09:00:00,5.573403924397897e-10,3.0656501353823997e-08,-0.11684609997064328,-0.05842304970665144
2013-10-19 10:00:00,6.080754084010734e-10,3.026552644612423e-08,-0.11858039303926626,-0.05929019621559543
2013-10-19 11:00:00,5.550302964674902e-10,2.8732971410500903e-08,-0.11786948749847095,-0.05893474347172033
2013-10-19 12:00:00,5.881600009881089e-10,2.9976261235472615e-08,-0.11434094286793142,-0.05717047113988571
2013-10-19 13:00:00,5.257899808595656e-10,2.7840698824954435e-08,-0.10456138171293304,-0.05228069059357153
2013-10-19 14:00:00,5.434110928958263e-10,4.3666700707161073e-08,-0.10871452592467498,-0.054357262690631944
2013-10-19 15:00:00,1.8894775880044807e-09,0.14196888898391127,-0.08370247834954293,-0.04185123823003267
2013-10-19 16:00:00,5.84928392602413e-09,0.20334110204646627,-0.08239667376808105,-0.04119833395939856
2013-10-19 17:00:00,5.390926716691016e-09,0.18783239362158907,-0.08806733672108527,-0.044033665665079276
2013-10-19 18:00:00,4.723927039157881e-09,0.18558300025762856,-0.07540693088135757,-0.03770346307871526
2013-10-19 19:00:00,5.062861718845148e-09,0.1842144539436619,-0.02641502439085391,-0.013207509663996095
2013-10-19 20:00:00,5.218177679186533e-09,0.18302281760371716,0.009042471914515732,0.004521238566346706
2013-10-19 21:00:00,5.026573428633268e-09,0.17456204128953967,0.03194688221926994,0.015973443622921683
2013-10-19 22:00:00,3.7006921763544585e-09,0.16696232995333946,0.009611547941078089,0.004805775820885132
2013-10-19 23:00:00,3.5710257087139756e-09,0.17040045798396855,0.006054101263344165,0.003027052417184937
2013-10-20 00:00:00,3.477720853909591e-09,0.1693553497648042,0.004843018089838761,0.002421510783779807
2013-10-20 01:00:00,3.4616683718279662e-09,0.17035910937486926,0.012699214641020674,0.006349609051344523
2013-10-20 02:00:00,3.4635198543927385e-09,0.17345730030523787,0.02135067039931592,0.010675336931417886
2013-10-20 03:00:00,3.4649438453979643e-09,0.1779573283677625,0.04058292570660367,0.020291464585773758
2013-10-20 04:00:00,3.5040114536323195e-09,0.18364250691570372,-0.01471735823843951,-0.0073586773672140275
2013-10-20 05:00:00,3.5030522959908886e-09,0.18604168738850052,-0.0666545618219459,-0.033327279159446804
2013-10-20 06:00:00,3.472611825153645e-09,0.18847934963726623,-0.0791654546461874,-0.03958272558678779
2013-10-20 07:00:00,9.333767992389545e-10,6.913146902443992e-08,-0.11054606940512264,-0.055273034235872924
2013-10-20 08:00:00,6.60195541033022e-10,3.6208531373158495e-08,-0.1163426110873301,-0.05817130521356728
2013-10-20 09:00:00,5.668114851810358e-10,3.114859562180262e-08,-0.11684609997064328,-0.0584230497019159
2013-10-20 10:00:00,5.579361031801382e-10,3.278752264071678e-08,-0.11858039303926626,-0.05929019624066508
2013-10-20 11:00:00,5.898194898227585e-10,3.453113996700424e-08,-0.11786948749847095,-0.058934743454325735
2013-10-20 12:00:00,6.42845120735035e-10,3.7902278846725177e-08,-0.11434094286793142,-0.05717047111254315
2013-10-20 13:00:00,7.804237097320233e-10,6.795845897658498e-08,-0.10456138171293304,-0.052280690466254665
2013-10-20 14:00:00,1.645720639286831e-09,8.134775098641777e-07,-0.10871452592467498,-0.05435726213947717
2013-10-20 15:00:00,2.3178036419261088e-09,0.18539964171538717,-0.08370247834954293,-0.041851238015869645
2013-10-20 16:00:00,4.916830864701663e-09,0.2344096631293751,-0.08239667376808105,-0.041198334425625094
2013-10-20 17:00:00,4.97373199120624e-09,0.22370199898216067,-0.08806733672108527,-0.04403366587367664
2013-10-20 18:00:00,4.952877047101383e-09,0.21198037718243834,-0.07540693088135757,-0.03770346296424026
2013-10-20 19:00:00,4.938216457166477e-09,0.2015893042564917,-0.02641502439085391,-0.013207509726318727
2013-10-20 20:00:00,5.000875263904849e-09,0.19198068868475207,0.009042471914515732,0.004521238457695498
2013-10-20 21:00:00,4.460192863437485e-09,0.18421782714970583,0.03194688221926994,0.0159734433397314
2013-10-20 22:00:00,4.324679615066409e-09,0.1690590150837182,0.009611547941078089,0.0048057761328788515
2013-10-20 23:00:00,4.413360223221228e-09,0.1722403145518994,0.006054101263344165,0.0030270528383521942
2013-10-21 00:00:00,4.803126420309498e-09,0.17624566746009787,0.004843018089838761,0.0024215114464825904
2013-10-21 01:00:00,5.38856781551618e-09,0.1801408234528211,0.012699214641020674,0.006349610014794245
2013-10-21 02:00:00,5.23506694340545e-09,0.17398645577700972,0.02135067039931592,0.01067533781719143
2013-10-21 03:00:00,5.05637080667437e-09,0.17111785716965042,0.04058292570660367,0.02029146538148724
2013-10-21 04:00:00,5.896003482395281e-09,0.16630906956575756,-0.01471735823843951,-0.0073586761712180135
2013-10-21 05:00:00,5.877433756317351e-09,0.16184309721256476,-0.0666545618219459,-0.03332727797225607
2013-10-21 06:00:00,5.703855425413003e-09,0.16239567502299482,-0.0791654546461874,-0.03958272447116599
2013-10-21 07:00:00,1.714445684803989e-09,0.10143426584058425,-0.11054606940512264,-0.05527303384533848
2013-10-21 08:00:00,7.552837289415096e-10,9.791514768370272e-08,-0.1163426110873301,-0.05817130516602319
2013-10-21 09:00:00,4.766402441385649e-10,3.451448749470092e-08,-0.11684609997064328,-0.05842304974700152
2013-10-21 10:00:00,4.3445083810939377e-10,3.4910631302418495e-08,-0.11858039303926626,-0.05929019630240771
2013-10-21 11:00:00,4.567705715522506e-10,3.625731531802295e-08,-0.11786948749847095,-0.058934743520850194
2013-10-21 12:00:00,4.839979754461487e-10,3.772084584435278e-08,-0.11434094286793142,-0.05717047119196672
2013-10-21 13:00:00,7.650831525287871e-10,4.801885361708054e-08,-0.10456138171293304,-0.052280690473924946
2013-10-21 14:00:00,1.2913841077129929e-09,0.11305214387862299,-0.10871452592467498,-0.054357262316645436
2013-10-21 15:00:00,3.105126081333431e-09,0.1730334762472142,-0.08370247834954293,-0.04185123762220842
2013-10-21 16:00:00,6.534716480717461e-09,0.24388089261478776,-0.08239667376808105,-0.041198333616682285
2013-10-21 17:00:00,6.249585765303505e-09,0.24348995926646427,-0.08806733672108527,-0.04403366523574975
2013-10-21 18:00:00,5.517776512303324e-09,0.22892088045822867,-0.07540693088135757,-0.03770346268179053
2013-10-21 19:00:00,4.837515230260183e-09,0.22222113667574336,-0.02641502439085391,-0.013207509776669341
2013-10-21 20:00:00,4.843313384055311e-09,0.2139527347478988,0.009042471914515732,0.004521238378914558
2013-10-21 21:00:00,4.845832812712055e-09,0.2045010062335786,0.03194688221926994,0.015973443532551375
2013-10-21 22:00:00,4.156201106948057e-09,0.1940305417103728,0.009611547941078089,0.004805776048639598
2013-10-21 23:00:00,4.152080488644956e-09,0.19254430672024417,0.006054101263344165,0.003027052707712327
2013-10-22 00:00:00,4.140679654760924e-09,0.19097313995723178,0.004843018089838761,0.002421511115259208
2013-10-22 01:00:00,4.126492670003781e-09,0.19019609941752272,0.012699214641020674,0.006349609383756672
2013-10-22 02:00:00,4.122407749877576e-09,0.18950109002527923,0.02135067039931592,0.010675337260861834
2013-10-22 03:00:00,4.122276768058642e-09,0.18663698049383068,0.04058292570660367,0.02029146491444022
2013-10-22 04:00:00,4.809280671726467e-09,0.18393530911519076,-0.01471735823843951,-0.007358676714579419
2013-10-22 05:00:00,4.809280063759511e-09,0.17838742593523538,-0.0666545618219459,-0.03332727850633292
2013-10-22 06:00:00,4.809279307105199e-09,0.17218556587441733,-0.0791654546461874,-0.03958272491845405
2013-10-22 07:00:00,9.378529747417597e-10,1.0317689698436141e-07,-0.11054606940512264,-0.05527303423363483
2013-10-22 08:00:00,5.080478865704027e-10,2.6252655142390466e-08,-0.1163426110873301,-0.05817130528964111
2013-10-22 09:00:00,4.467653815338301e-10,2.5616265812600457e-08,-0.11684609997064328,-0.058423049761938954
2013-10-22 10:00:00,4.439813294929007e-10,2.4758739960717967e-08,-0.11858039303926626,-0.05929019629764247
2013-10-22 11:00:00,4.429163533663393e-10,2.421080348037844e-08,-0.11786948749847095,-0.0589347435277773
2013-10-22 12:00:00,4.52127406956296e-10,2.5043027807452967e-08,-0.11434094286793142,-0.05717047120790201
2013-10-22 13:00:00,4.766508387351688e-10,2.5031171500481298e-08,-0.10456138171293304,-0.0522806906181411
2013-10-22 14:00:00,5.113862194987057e-10,2.850193312657401e-08,-0.10871452592467498,-0.05435726270664438
2013-10-22 15:00:00,1.734132043153059e-09,0.057641361740303466,-0.08370247834954293,-0.04185123830770544
2013-10-22 16:00:00,4.1222394882223186e-09,0.1487579771101992,-0.08239667376808105,-0.041198334822920776
2013-10-22 17:00:00,4.122239306965171e-09,0.14178754899432924,-0.08806733672108527,-0.04403366629942298
2013-10-22 18:00:00,4.122239272979458e-09,0.13714056940195965,-0.07540693088135757,-0.03770346337955915
2013-10-22 19:00:00,4.122239219168745e-09,0.13505249856787796,-0.02641502439085391,-0.013207510134307345
2013-10-22 20:00:00,3.4351995404769303e-09,0.13608382883847076,0.009042471914515732,0.004521237674857636
2013-10-22 21:00:00,3.435201298766617e-09,0.11541229789221061,0.03194688221926994,0.015973442827235618
2013-10-22 22:00:00,3.435201256284429e-09,0.07383360948290323,0.009611547941078089,0.004805775688139673
2013-10-22 23:00:00,3.435201277525522e-09,0.07543895561463995,0.006054101263344165,0.0030270523492727216
2013-10-23 00:00:00,3.4352013105672248e-09,0.07784264547727729,0.004843018089838761,0.002421510762520036
2013-10-23 01:00:00,3.4393281794078827e-09,0.07653881839221177,0.012699214641020674,0.006349609040174427
2013-10-23 02:00:00,3.4352184946986197e-09,0.07639333745479965,0.02135067039931592,0.010675336917267207
2013-10-23 03:00:00,3.4352006143314915e-09,0.146786077057465,0.04058292570660367,0.020291464570902144
2013-10-23 04:00:00,3.4352003122360746e-09,0.14828017324440504,-0.01471735823843951,-0.007358677401619599
2013-10-23 05:00:00,4.122239437243744e-09,0.14820935667048216,-0.0666545618219459,-0.03332727884985323
2013-10-23 06:00:00,4.122239103050898e-09,0.1462443096720813,-0.0791654546461874,-0.03958272526197415
2013-10-23 07:00:00,1.8600870545369074e-09,0.0791736773290709,-0.11054606940512264,-0.05527303377251779
2013-10-23 08:00:00,1.2045833968212777e-09,5.8717447893926454e-08,-0.1163426110873301,-0.058171304941373354
2013-10-23 09:00:00,7.080260024531874e-10,4.1367431163997143e-08,-0.11684609997064328,-0.05842304963130864
2013-10-23 10:00:00,5.691047883395023e-10,3.856415853612173e-08,-0.11858039303926626,-0.059290196235080736
2013-10-23 11:00:00,5.446241978364304e-10,2.9374418357032692e-08,-0.11786948749847095,-0.05893474347692338
2013-10-23 12:00:00,5.801935003768582e-10,2.9547670667450956e-08,-0.11434094286793142,-0.05717047114386896
2013-10-23 13:00:00,7.176459582079163e-10,4.1480856456827473e-08,-0.10456138171293304,-0.05228069049764354
2013-10-23 14:00:00,9.195650199487002e-10,4.600252216789288e-08,-0.10871452592467498,-0.05435726250255498
2013-10-23 15:00:00,2.3182842237508337e-09,0.11205816901440951,-0.08370247834954293,-0.04185123801562936
2013-10-23 16:00:00,4.122239496718749e-09,0.13070129755997598,-0.08239667376808105,-0.041198334822920776
2013-10-23 17:00:00,4.12223956185804e-09,0.13189035976053545,-0.08806733672108527,-0.044033666299422854
2013-10-23 18:00:00,4.122239842240233e-09,0.13282314073644036,-0.07540693088135757,-0.03770346337955886
2013-10-23 19:00:00,4.122239935700973e-09,0.134528700372187,-0.02641502439085391,-0.013207510134306988
2013-10-23 20:00:00,4.122241091215918e-09,0.1377890590023184,0.009042471914515732,0.004521238018378412
2013-10-23 21:00:00,4.122241394255484e-09,0.1415034085365404,0.03194688221926994,0.015973443170755667
2013-10-23 22:00:00,4.12224139708763e-09,0.14151009862283082,0.009611547941078089,0.004805776031659743
2013-10-23 23:00:00,4.1222416378200274e-09,0.15224150328476602,0.006054101263344165,0.0030270526927929013
2013-10-24 00:00:00,4.122241833238111e-09,0.16148810284034282,0.004843018089838761,0.002421511106040297
2013-10-24 01:00:00,4.122241969181138e-09,0.1678364480365184,0.012699214641020674,0.006349609381631322
2013-10-24 02:00:00,4.122241691630802e-09,0.173133666746804,0.02135067039931592,0.010675337260778805
2013-10-24 03:00:00,4.1222408136657e-09,0.17975053121950227,0.04058292570660367,0.02029146491442224
2013-10-24 04:00:00,4.809280096801189e-09,0.18296426197323234,-0.01471735823843951,-0.007358676714579706
2013-10-24 05:00:00,5.496319963358454e-09,0.1857177894487936,-0.0666545618219459,-0.033327278162812966
2013-10-24 06:00:00,5.4963196537107564e-09,0.18868117935042433,-0.0791654546461874,-0.03958272457493388
2013-10-24 07:00:00,1.045237030212737e-09,0.0915673964158533,-0.11054606940512264,-0.0552730341799428
2013-10-24 08:00:00,4.07683611559399e-10,2.3992463155506702e-08,-0.1163426110873301,-0.058171305339823245
2013-10-24 09:00:00,4.0664759318210824e-10,2.2979291332351294e-08,-0.11684609997064328,-0.058423049781997846
2013-10-24 10:00:00,4.1277966060386163e-10,2.3095265488508618e-08,-0.11858039303926626,-0.0592901963132433
2013-10-24 11:00:00,4.1240183446030166e-10,2.3228416371837417e-08,-0.11786948749847095,-0.05893474354303456
2013-10-24 12:00:00,4.181846543684366e-10,2.3501674231756072e-08,-0.11434094286793142,-0.057170471224873384
2013-10-24 13:00:00,4.0353504777936153e-10,2.3952522940866823e-08,-0.10456138171293304,-0.052280690654698994
2013-10-24 14:00:00,4.975687215800035e-10,3.839340968598775e-08,-0.10871452592467498,-0.05435726271355313
2013-10-24 15:00:00,2.756642146826372e-09,0.1475358245031085,-0.08370247834954293,-0.04185123779645039
2013-10-24 16:00:00,6.39535708672418e-09,0.2649647005240597,-0.08239667376808105,-0.04119833368636198
2013-10-24 17:00:00,6.752261408308585e-09,0.2727147079546479,-0.08806733672108527,-0.044033664984411934
2013-10-24 18:00:00,7.543919232996857e-09,0.28361180664211066,-0.07540693088135757,-0.037703461668719164
2013-10-24 19:00:00,1.1194348137808992e-08,0.3164961322153542,-0.02641502439085391,-0.013207506598252886
2013-10-24 20:00:00,0.00012376306687386358,0.36196223125370736,0.009042471914515732,0.0045831174906947976
2013-10-24 21:00:00,0.00019105863850400883,0.40716705993049923,0.03194688221926994,0.016068970428886973
2013-10-24 22:00:00,9.18803618645834e-07,0.4462691200469243,0.009611547941078089,0.0048062333723483674
2013-10-24 23:00:00,6.728084944832863e-07,0.4445664149043675,0.006054101263344165,0.0030273870359193242
2013-10-25 00:00:00,4.798087567031819e-07,0.42973670279101134,0.004843018089838761,0.002421748949297732
2013-10-25 01:00:00,4.213667604570243e-07,0.41390157766623376,0.012699214641020674,0.006349818003890566
2013-10-25 02:00:00,3.6001695690694617e-07,0.38502924232823493,0.02135067039931592,0.010675515208136413
2013-10-25 03:00:00,1.589970538978767e-08,0.3420872168198477,0.04058292570660367,0.02029147080315453
2013-10-25 04:00:00,1.1166545149840892e-08,0.3020424054046937,-0.01471735823843951,-0.0073586735359471795
2013-10-25 05:00:00,8.251172512241923e-09,0.2770531309675537,-0.0666545618219459,-0.033327276785386696
2013-10-25 06:00:00,6.754224419531861e-09,0.24831355692390059,-0.0791654546461874,-0.039582723945981495
2013-10-25 07:00:00,2.5505595850666294e-09,0.14340292146332367,-0.11054606940512264,-0.05527303342728153
2013-10-25 08:00:00,1.2913350319654208e-09,0.11122886540618734,-0.1163426110873301,-0.05817130489799753
2013-10-25 09:00:00,8.550858890967862e-10,5.273774585869073e-08,-0.11684609997064328,-0.058423049557778696
2013-10-25 10:00:00,5.6993055174524e-10,4.7802028972439705e-08,-0.11858039303926626,-0.05929019623466786
2013-10-25 11:00:00,5.799149662991376e-10,4.833270038112325e-08,-0.11786948749847095,-0.058934743459277995
2013-10-25 12:00:00,8.840340481434918e-10,5.3941427089544915e-08,-0.11434094286793142,-0.057170470991948684
2013-10-25 13:00:00,1.3033183826093193e-09,0.09514645554067429,-0.10456138171293304,-0.05228069020480733
2013-10-25 14:00:00,1.6695489442425772e-09,0.12141145765753697,-0.10871452592467498,-0.05435726212756302
2013-10-25 15:00:00,3.54150913970772e-09,0.15062279032531536,-0.08370247834954293,-0.041851237404016896
2013-10-25 16:00:00,4.809345490476562e-09,0.1734684464738861,-0.08239667376808105,-0.04119833447936778
2013-10-25 17:00:00,4.809279977851149e-09,0.17017427733810803,-0.08806733672108527,-0.04403366595590265
2013-10-25 18:00:00,4.809280265313756e-09,0.16935896052790042,-0.07540693088135757,-0.03770346303603865
2013-10-25 19:00:00,4.8092801959262275e-09,0.16687766477087182,-0.02641502439085391,-0.013207509790786857
2013-10-25 20:00:00,4.809280238880412e-09,0.1656398833904918,0.009042471914515732,0.004521238361897986
2013-10-25 21:00:00,4.122241414080504e-09,0.16543643421111004,0.03194688221926994,0.015973443170755677
2013-10-25 22:00:00,3.4352014993769634e-09,0.1698575679893446,0.009611547941078089,0.004805775688139794
2013-10-25 23:00:00,3.435201806192834e-09,0.1442343759901894,0.006054101263344165,0.0030270523492729857
2013-10-26 00:00:00,3.435201709427823e-09,0.0829492590924594,0.004843018089838761,0.002421510762520235
2013-10-26 01:00:00,3.4352016362640377e-09,0.0792179954952311,0.012699214641020674,0.006349609038111156
2013-10-26 02:00:00,3.435201501737086e-09,0.06993476590087074,0.02135067039931592,0.01067533691725871
2013-10-26 03:00:00,3.43520140261197e-09,0.07114544597639844,0.04058292570660367,0.020291464570902536
2013-10-26 04:00:00,3.4352295402137707e-09,0.15423751768128888,-0.01471735823843951,-0.007358677401604985
2013-10-26 05:00:00,3.4352608503869926e-09,0.16529918799300988,-0.0666545618219459,-0.033327279193342524
2013-10-26 06:00:00,3.435204494374226e-09,0.16290605548797077,-0.0791654546461874,-0.039582725605491455
2013-10-26 07:00:00,8.307027457944722e-10,5.336920792276987e-08,-0.11054606940512264,-0.05527303428720995
2013-10-26 08:00:00,6.679046497532029e-10,3.1463490018002996e-08,-0.1163426110873301,-0.058171305209712726
2013-10-26 09:00:00,5.810278791062962e-10,2.958872155719935e-08,-0.11684609997064328,-0.0584230496948077
2013-10-26 10:00:00,5.536920485715275e-10,2.785110080315793e-08,-0.11858039303926626,-0.059290196242787106
2013-10-26 11:00:00,5.659873209022124e-10,2.7823886870685292e-08,-0.11786948749847095,-0.058934743466241814
2013-10-26 12:00:00,5.908469701449204e-10,2.766767239105449e-08,-0.11434094286793142,-0.05717047113854223
2013-10-26 13:00:00,6.028422027715515e-10,2.947371499656413e-08,-0.10456138171293304,-0.05228069055504542
2013-10-26 14:00:00,6.947397636834219e-10,3.510353694278714e-08,-0.10871452592467498,-0.05435726261496761
2013-10-26 15:00:00,1.7940363445767826e-09,1.3128279919741443e-07,-0.08370247834954293,-0.04185123827775329
2013-10-26 16:00:00,3.4351998118906566e-09,0.04452586217180165,-0.08239667376808105,-0.04119833516644062
2013-10-26 17:00:00,3.4351997434471912e-09,1.7296976544005394e-05,-0.08806733672108527,-0.04403366664294276
2013-10-26 18:00:00,3.4351998520126895e-09,5.217919969713332e-07,-0.07540693088135757,-0.03770346372307886
2013-10-26 19:00:00,3.435199826051374e-09,5.175890072053873e-07,-0.02641502439085391,-0.013207510477827042
2013-10-26 20:00:00,3.4351998449323308e-09,5.282810943829473e-07,0.009042471914515732,0.004521237674857789
2013-10-26 21:00:00,3.435199842572211e-09,5.434891429053416e-07,0.03194688221926994,0.01597344282723489
2013-10-26 22:00:00,2.7481608369869e-09,1.0110874934206696e-07,0.009611547941078089,0.004805775344619463
2013-10-26 23:00:00,2.061120935028007e-09,8.416905265529657e-08,0.006054101263344165,0.0030270516622325503
2013-10-27 00:00:00,2.061120750938511e-09,8.489151225688734e-08,0.004843018089838761,0.0024215100754797557
2013-10-27 01:00:00,2.0611204464828795e-09,8.350861683271343e-08,0.012699214641020674,0.00634960835107056
2013-10-27 02:00:00,2.061120445066807e-09,7.832694384552536e-08,0.02135067039931592,0.010675336230218182
2013-10-27 03:00:00,2.061120394088198e-09,6.892847675849846e-08,0.04058292570660367,0.02029146388386203
2013-10-27 04:00:00,2.061121623239797e-09,5.195840597579212e-08,-0.01471735823843951,-0.007358678088658943
2013-10-27 05:00:00,2.0613040198128694e-09,4.9058694616081696e-08,-0.0666545618219459,-0.03332727988032094
2013-10-27 06:00:00,2.0846004041263323e-09,4.655433519657761e-08,-0.0791654546461874,-0.0395827262807935
2013-10-27 07:00:00,1.2668031883853595e-09,3.5781166799833943e-08,-0.11054606940512264,-0.055273034069159725
2013-10-27 08:00:00,6.636764774594015e-10,3.14202098283409e-08,-0.1163426110873301,-0.05817130521182681
2013-10-27 09:00:00,5.980839966489392e-10,2.907211947028127e-08,-0.11684609997064328,-0.05842304968627964
2013-10-27 10:00:00,6.013000223134622e-10,2.876554996788444e-08,-0.11858039303926626,-0.05929019621898312
2013-10-27 11:00:00,7.389997751455238e-10,3.1199530526341255e-08,-0.11786948749847095,-0.05893474337973559
2013-10-27 12:00:00,9.035545676763228e-10,3.3213437465297053e-08,-0.11434094286793142,-0.05717047098218843
2013-10-27 13:00:00,1.1053959304324864e-09,3.522837328427733e-08,-0.10456138171293304,-0.05228069030376856
2013-10-27 14:00:00,1.5420734374323682e-09,3.923524958705148e-08,-0.10871452592467498,-0.05435726219130077
2013-10-27 15:00:00,3.6912821530412358e-09,3.867903018236908e-08,-0.08370247834954293,-0.04185123732913039
2013-10-27 16:00:00,3.740098486059232e-09,3.7951641401575583e-08,-0.08239667376808105,-0.04119833501399128
2013-10-27 17:00:00,3.741358575912992e-09,3.79822412198297e-08,-0.08806733672108527,-0.04403366648986335
2013-10-27 18:00:00,3.74410334144562e-09,3.8048989918745455e-08,-0.07540693088135757,-0.03770346356862711
2013-10-27 19:00:00,3.748022316787439e-09,3.8144535625080565e-08,-0.02641502439085391,-0.013207510321415797
2013-10-27 20:00:00,2.061491986079091e-09,3.9015927090920943e-08,0.009042471914515732,0.004521236988003859
2013-10-27 21:00:00,2.061491531356026e-09,3.9765380220723916e-08,0.03194688221926994,0.015973442140380736
2013-10-27 22:00:00,2.061492105072076e-09,3.991291309167286e-08,0.009611547941078089,0.004805775001285097
2013-10-27 23:00:00,2.0614917211780908e-09,4.112417834252058e-08,0.006054101263344165,0.003027051662417943
2013-10-28 00:00:00,2.0614910596341796e-09,4.1899471880939754e-08,0.004843018089838761,0.00242151007566491
2013-10-28 01:00:00,2.0614907494028127e-09,4.183366041112233e-08,0.012699214641020674,0.006349608351255712
2013-10-28 02:00:00,2.0614901771040982e-09,4.17310961934224e-08,0.02135067039931592,0.010675336230403048
2013-10-28 03:00:00,2.0614939367158236e-09,4.125414169872848e-08,0.04058292570660367,0.020291463884048802
2013-10-28 04:00:00,2.0611293437047925e-09,4.0981079942662004e-08,-0.01471735823843951,-0.007358678088655083
2013-10-28 05:00:00,2.0856970030528687e-09,4.0807512982254796e-08,-0.0666545618219459,-0.03332727986812445
2013-10-28 06:00:00,5.256139159105734e-09,5.358626879213101e-08,-0.0791654546461874,-0.03958272469502412
2013-10-28 07:00:00,1.261379949159829e-09,3.22894255165025e-08,-0.11054606940512264,-0.05527303407187135
2013-10-28 08:00:00,8.464548464087957e-10,2.6839188731558484e-08,-0.1163426110873301,-0.058171305120437625
2013-10-28 09:00:00,7.592692914328516e-10,2.5013552364925366e-08,-0.11684609997064328,-0.058423049605687
2013-10-28 10:00:00,6.226274482741196e-10,2.392211028452167e-08,-0.11858039303926626,-0.05929019620831941
2013-10-28 11:00:00,6.332501534489662e-10,2.3566795231776047e-08,-0.11786948749847095,-0.058934743432610404
2013-10-28 12:00:00,6.455755700492268e-10,2.383777800955469e-08,-0.11434094286793142,-0.05717047111117793
2013-10-28 13:00:00,7.431094148444238e-10,2.6065741247524954e-08,-0.10456138171293304,-0.05228069048491181
2013-10-28 14:00:00,9.235065985876318e-10,2.928394590950721e-08,-0.10871452592467498,-0.05435726250058419
2013-10-28 15:00:00,1.4351631884522843e-09,5.344636893510527e-08,-0.08370247834954293,-0.041851238457189875
2013-10-28 16:00:00,2.777397256994837e-09,1.8362490667595276e-07,-0.08239667376808105,-0.041198335495341895
2013-10-28 17:00:00,2.7781103503838546e-09,1.8256774498602393e-07,-0.08806733672108527,-0.04403366697148746
2013-10-28 18:00:00,6.180087210785575e-09,1.818117336997628e-07,-0.07540693088135757,-0.03770346235063518
2013-10-28 19:00:00,2.758770116060259e-09,1.8548541008818984e-07,-0.02641502439085391,-0.013207510816041898
2013-10-28 20:00:00,2.748159128260181e-09,1.9045585242573905e-07,0.009042471914515732,0.004521237331337431
2013-10-28 21:00:00,2.7481591509173167e-09,1.953535564221969e-07,0.03194688221926994,0.015973442483714545
2013-10-28 22:00:00,2.7481601157340367e-09,1.157365628216591e-07,0.009611547941078089,0.004805775344619102
2013-10-28 23:00:00,2.7481606123033756e-09,9.429770473161781e-08,0.006054101263344165,0.0030270520057523887
2013-10-29 00:00:00,2.7481605651009595e-09,9.558868891377964e-08,0.004843018089838761,0.002421510418999663
2013-10-29 01:00:00,2.748160551884283e-09,9.733495729558768e-08,0.012699214641020674,0.006349608694590613
2013-10-29 02:00:00,2.7481605594366695e-09,9.967663913070691e-08,0.02135067039931592,0.01067533657373824
2013-10-29 03:00:00,2.748160565100959e-09,1.0103172925573985e-07,0.04058292570660367,0.02029146422738212
2013-10-29 04:00:00,2.748160138391189e-09,1.0635381993808117e-07,-0.01471735823843951,-0.007358677745139685
2013-10-29 05:00:00,2.7481592188887267e-09,2.1708937196592844e-07,-0.0666545618219459,-0.033327279536893344
2013-10-29 06:00:00,3.435198898524635e-09,5.780837226726937e-07,-0.0791654546461874,-0.03958272560549425
2013-10-29 07:00:00,9.316515868598816e-10,4.540449703270033e-08,-0.11054606940512264,-0.055273034236735526
2013-10-29 08:00:00,6.040979632933018e-10,2.539878498302926e-08,-0.1163426110873301,-0.05817130524161607
2013-10-29 09:00:00,6.1839908334506e-10,2.4789748614269813e-08,-0.11684609997064328,-0.0584230496761221
2013-10-29 10:00:00,5.666945707828913e-10,2.43560431259638e-08,-0.11858039303926626,-0.05929019623628585
2013-10-29 11:00:00,5.763655080243434e-10,2.4483979271023547e-08,-0.11786948749847095,-0.05893474346105272
2013-10-29 12:00:00,5.749241699549928e-10,2.4679671826541362e-08,-0.11434094286793142,-0.05717047114650363
2013-10-29 13:00:00,6.454169874606923e-10,2.696137966429676e-08,-0.10456138171293304,-0.05228069053375803
2013-10-29 14:00:00,8.020494131291757e-10,3.0972913303651026e-08,-0.10871452592467498,-0.054357262561312784
2013-10-29 15:00:00,2.3167845353735204e-09,0.07022656599971851,-0.08370247834954293,-0.041851238016379196
2013-10-29 16:00:00,4.809279528484384e-09,0.14168924845441644,-0.08239667376808105,-0.04119833447940076
2013-10-29 17:00:00,4.809279763080258e-09,0.14648174907766104,-0.08806733672108527,-0.04403366595590275
2013-10-29 18:00:00,4.809279885334455e-09,0.14950764963410687,-0.07540693088135757,-0.03770346303603884
2013-10-29 19:00:00,4.809279931592801e-09,0.15110755075137774,-0.02641502439085391,-0.013207509790786989
2013-10-29 20:00:00,4.809279928288634e-09,0.15229568145022201,0.009042471914515732,0.00452123836189783
2013-10-29 21:00:00,4.809279934896969e-09,0.15357404760220536,0.03194688221926994,0.015973443514274936
2013-10-29 22:00:00,4.122241841734551e-09,0.15307948808768082,0.009611547941078089,0.004805776031659965
2013-10-29 23:00:00,4.1222418530631365e-09,0.15704906554057402,0.006054101263344165,0.0030270526927930093
2013-10-30 00:00:00,4.1222418360702584e-09,0.15876053363816095,0.004843018089838761,0.0024215111060402984
2013-10-30 01:00:00,4.122241867223868e-09,0.16225900077730743,0.012699214641020674,0.006349609381631271
2013-10-30 02:00:00,4.1222418304059655e-09,0.16158658609620313,0.02135067039931592,0.010675337260778874
2013-10-30 03:00:00,4.1222417765951866e-09,0.16188260838035967,0.04058292570660367,0.020291464914422724
2013-10-30 04:00:00,4.80928082371823e-09,0.16188386511895797,-0.01471735823843951,-0.0073586767145793425
2013-10-30 05:00:00,4.809279802730268e-09,0.16248323808106738,-0.0666545618219459,-0.03332727850633305
2013-10-30 06:00:00,4.809279779601095e-09,0.16290934618437733,-0.0791654546461874,-0.03958272491845381
2013-10-30 07:00:00,1.3873634448856617e-09,0.09074691806242736,-0.11054606940512264,-0.0552730340088796
2013-10-30 08:00:00,4.0480750477555563e-10,2.2373664658917062e-08,-0.1163426110873301,-0.0581713053412613
2013-10-30 09:00:00,4.3269230933570643e-10,2.1858991340642103e-08,-0.11684609997064328,-0.058423049768975485
2013-10-30 10:00:00,4.351962561145374e-10,2.2247708465126333e-08,-0.11858039303926626,-0.059290196302035005
2013-10-30 11:00:00,4.3420687642991867e-10,2.333051020128381e-08,-0.11786948749847095,-0.05893474353213204
2013-10-30 12:00:00,4.3109802351031754e-10,2.3913452049005765e-08,-0.11434094286793142,-0.0571704712184167
2013-10-30 13:00:00,4.747820806669677e-10,2.5408789998319078e-08,-0.10456138171293304,-0.05228069061907548
2013-10-30 14:00:00,6.213160787264037e-10,4.205596811101061e-08,-0.10871452592467498,-0.05435726265167945
2013-10-30 15:00:00,2.9590792531701278e-09,0.14467713708826735,-0.08370247834954293,-0.04185123769523184
2013-10-30 16:00:00,6.183360477060606e-09,0.19296448211801243,-0.08239667376808105,-0.041198333792360285
2013-10-30 17:00:00,6.183360553528502e-09,0.19503038770872774,-0.08806733672108527,-0.044033665268862356
2013-10-30 18:00:00,6.183360600258882e-09,0.19701091093077577,-0.07540693088135757,-0.03770346234899848
2013-10-30 19:00:00,5.496321141530499e-09,0.19855689734241294,-0.02641502439085391,-0.013207509447266385
2013-10-30 20:00:00,5.496321115097146e-09,0.20097201174566084,0.009042471914515732,0.004521238705418424
2013-10-30 21:00:00,5.496321371878297e-09,0.20229849034208258,0.03194688221926994,0.015973443857795654
2013-10-30 22:00:00,4.809282370069754e-09,0.19244033774544017,0.009611547941078089,0.004805776375180229
2013-10-30 23:00:00,4.809282902041343e-09,0.1957444137381158,0.006054101263344165,0.003027053036313534
2013-10-31 00:00:00,4.809282799612022e-09,0.19572153955477062,0.004843018089838761,0.00242151144956078
2013-10-31 01:00:00,4.809282700486876e-09,0.194897654891308,0.012699214641020674,0.006349609725151688
2013-10-31 02:00:00,4.809282624490934e-09,0.19428184556067601,0.02135067039931592,0.010675337604299272
2013-10-31 03:00:00,4.8092825352783094e-09,0.19183659416144636,0.04058292570660367,0.020291465257943102
2013-10-31 04:00:00,4.809282122256943e-09,0.19065066404811434,-0.01471735823843951,-0.007358676714578694
2013-10-31 05:00:00,4.809313829287514e-09,0.18780806702670094,-0.0666545618219459,-0.03332727850631603
2013-10-31 06:00:00,4.918315350437195e-09,0.18656408088383236,-0.0791654546461874,-0.03958272486393603
2013-10-31 07:00:00,1.133356919790417e-09,0.04441794018865138,-0.11054606940512264,-0.05527303413588286
2013-10-31 08:00:00,4.916736208888002e-10,2.5432642149268198e-08,-0.1163426110873301,-0.05817130529782824
2013-10-31 09:00:00,4.733954683421596e-10,2.5747806278795863e-08,-0.11684609997064328,-0.05842304974862391
2013-10-31 10:00:00,4.577163168560739e-10,2.5250050597349833e-08,-0.11858039303926626,-0.05929019629077497
2013-10-31 11:00:00,4.602823195060811e-10,2.5133233257348126e-08,-0.11786948749847095,-0.058934743519094314
2013-10-31 12:00:00,4.761293086139593e-10,2.54734981472483e-08,-0.11434094286793142,-0.05717047119590106
2013-10-31 13:00:00,4.785924772132936e-10,2.6173958852490645e-08,-0.10456138171293304,-0.052280690617170285
2013-10-31 14:00:00,5.970925529897693e-10,3.5665455523339794e-08,-0.10871452592467498,-0.05435726266379121
2013-10-31 15:00:00,3.2110629095348633e-09,0.14841048516222757,-0.08370247834954293,-0.04185123756924001
2013-10-31 16:00:00,4.881445443303941e-09,0.17647313618669688,-0.08239667376808105,-0.0411983344433178
2013-10-31 17:00:00,4.851691777263989e-09,0.16963028681718678,-0.08806733672108527,-0.04403366593469675
2013-10-31 18:00:00,4.829678580205699e-09,0.16373957984163826,-0.07540693088135757,-0.0377034630258395
2013-10-31 19:00:00,4.809280489997198e-09,0.16004988449615717,-0.02641502439085391,-0.01320750979078671
2013-10-31 20:00:00,4.809280311572111e-09,0.15700917983680962,0.009042471914515732,0.0045212383618980214
2013-10-31 21:00:00,4.122240332201126e-09,0.15616379424533808,0.03194688221926994,0.015973443170755136
2013-10-31 22:00:00,4.1222414084162125e-09,0.15922823756087948,0.009611547941078089,0.004805776031659748
2013-10-31 23:00:00,3.435201596141963e-09,0.1592141540202544,0.006054101263344165,0.0030270523492728807
2013-11-01 00:00:00,3.435201596141963e-09,0.16119119879253377,0.027415672653902674,0.013707838044552135
2013-11-01 01:00:00,3.4352015725407432e-09,0.16489711643344984,0.025195129042008848,0.01259756623860521
2013-11-01 02:00:00,3.4352015607401333e-09,0.16952994343123268,0.033243034081318394,0.016621518758259977
2013-11-01 03:00:00,3.4352015253383044e-09,0.17223993583381705,0.042277068807918594,0.02113853612156006
2013-11-01 04:00:00,3.4352012256028487e-09,0.174415480641087,0.033255807435536515,0.01662790543536887
2013-11-01 05:00:00,4.122240762687092e-09,0.17376018928094203,-0.026859526380821817,-0.013429761129290526
2013-11-01 06:00:00,4.122240352026135e-09,0.17336700501312277,-0.07878337510593882,-0.03939168549184923
2013-11-01 07:00:00,2.0167895080517474e-09,0.1315059275766922,-0.08644597950443207,-0.04322298874382128
2013-11-01 08:00:00,8.226667807350833e-10,4.757639886744653e-08,-0.10582317927411883,-0.05291158922572602
2013-11-01 09:00:00,6.753238188854398e-10,3.4291294373504386e-08,-0.1130197500140977,-0.056509874669386936
2013-11-01 10:00:00,5.893094906927063e-10,3.033288997365813e-08,-0.11334787941515136,-0.05667393941292093
2013-11-01 11:00:00,5.663298068764087e-10,2.8912439301773502e-08,-0.11935585181540483,-0.05967792562453751
2013-11-01 12:00:00,5.956078768521488e-10,3.046286526787273e-08,-0.11484417949125363,-0.05742208944782287
2013-11-01 13:00:00,7.215804262889008e-10,4.919630331085433e-08,-0.10933386701111325,-0.054666933144766415
2013-11-01 14:00:00,1.6992846554012425e-09,0.12178050133716314,-0.09417859576774705,-0.047089297034231196
2013-11-01 15:00:00,5.112526706417593e-09,0.17067405042614614,-0.08275490728861362,-0.04137745108804346
2013-11-01 16:00:00,7.144603807114667e-09,0.1943169173419132,-0.09603605102881234,-0.048018021942104264
2013-11-01 17:00:00,7.378722990717145e-09,0.1955407476218962,-0.1006794100397814,-0.0503397013305292
2013-11-01 18:00:00,6.286529599209143e-09,0.1888682112023322,-0.09143465391884427,-0.04571732381615733
2013-11-01 19:00:00,6.870280505892695e-09,0.19743941498960305,-0.06551508679799196,-0.03275753996385573
2013-11-01 20:00:00,9.557756410300907e-09,0.22239811185094546,-0.011782499359718262,-0.005891244900980926
2013-11-01 21:00:00,9.758823465474646e-08,0.23607153602192693,0.011197086464516266,0.00559859202637546
2013-11-01 22:00:00,9.001529174150152e-09,0.23843330533081036,0.0361002027645733,0.018050105883051237
2013-11-01 23:00:00,7.51275303209289e-09,0.23124900413027205,0.04788224686348075,0.02394112718811689
2013-11-02 00:00:00,7.611590797263234e-09,0.23874684228842116,0.027415672653902674,0.013707840132746736
2013-11-02 01:00:00,8.624190193526687e-09,0.25345133090805283,0.025195129042008848,0.01259756883309952
2013-11-02 02:00:00,9.58940487751774e-09,0.2621464171636968,0.033243034081318394,0.016621521835361634
2013-11-02 03:00:00,1.206785357637003e-08,0.26242650804947115,0.042277068807918594,0.021138540437886086
2013-11-02 04:00:00,1.3032901543468106e-07,0.2704149297525535,0.033255807435536515,0.016627968882275974
2013-11-02 05:00:00,1.5065594624693987e-07,0.26605289345507566,-0.026859526380821817,-0.013429687862437785
2013-11-02 06:00:00,1.6162938415700085e-07,0.26383651747285014,-0.07878337510593882,-0.03939160673827733
2013-11-02 07:00:00,8.276878752231808e-09,0.1883785005055036,-0.08644597950443207,-0.04322298561377666
2013-11-02 08:00:00,3.655257598647122e-09,0.15163474274751076,-0.10582317927411883,-0.052911587809430616
2013-11-02 09:00:00,3.5615205801709907e-09,0.1512069869223466,-0.1130197500140977,-0.05650987322628856
2013-11-02 10:00:00,2.6101589254251333e-09,0.13928964975700134,-0.11334787941515136,-0.05667393840249622
2013-11-02 11:00:00,2.511670186680339e-09,0.13754509553049976,-0.11935585181540483,-0.05967792465186732
2013-11-02 12:00:00,2.6555350673058507e-09,0.1440253074078477,-0.11484417949125363,-0.05742208841785928
2013-11-02 13:00:00,3.0021560028366714e-09,0.15486091355793344,-0.10933386701111325,-0.05466693200447863
2013-11-02 14:00:00,3.4450951027776168e-09,0.168277839689597,-0.09417859576774705,-0.047089296161325976
2013-11-02 15:00:00,6.092474469906497e-09,0.20125257988046522,-0.08275490728861362,-0.041377450598069576
2013-11-02 16:00:00,6.6377558822014964e-09,0.21495062449250651,-0.09603605102881234,-0.048018022195528226
2013-11-02 17:00:00,5.772473079940108e-09,0.20703256863386352,-0.1006794100397814,-0.05033970213365416
2013-11-02 18:00:00,5.554045013447902e-09,0.20347826996039473,-0.09143465391884427,-0.04571732418239963
2013-11-02 19:00:00,4.8579382701784e-09,0.20007815717676947,-0.06551508679799196,-0.032757540970026845
2013-11-02 20:00:00,4.860455597666172e-09,0.19634157389279205,-0.011782499359718262,-0.005891247249631333
2013-11-02 21:00:00,4.860989859795295e-09,0.1889041552392256,0.011197086464516266,0.005598545662753063
2013-11-02 22:00:00,3.471531847844628e-09,0.17327968157454465,0.0361002027645733,0.018050103118052573
2013-11-02 23:00:00,3.4698675556411834e-09,0.17044951764609306,0.04788224686348075,0.02394112516667415
2013-11-03 00:00:00,3.4677764773901122e-09,0.16602905752114203,0.027415672653902674,0.013707838060839575
2013-11-03 01:00:00,3.4646606148663626e-09,0.0660794172343508,0.025195129042008848,0.012597566253334731
2013-11-03 02:00:00,2.0741835250000367e-09,7.966353906775545e-08,0.033243034081318394,0.01662151807775096
2013-11-03 03:00:00,2.067844839460984e-09,6.872193376962608e-08,0.042277068807918594,0.021138535437881717
2013-11-03 04:00:00,2.0655995871004135e-09,6.473817279989274e-08,0.033255807435536515,0.01662790475056805
2013-11-03 05:00:00,2.0620826026478237e-09,5.164957732870412e-08,-0.026859526380821817,-0.013429762159369607
2013-11-03 06:00:00,2.061120773595678e-09,5.130296617029108e-08,-0.07878337510593882,-0.03939168652240902
2013-11-03 07:00:00,1.2507690984397845e-09,4.1474949882443834e-08,-0.08644597950443207,-0.043222989126831486
2013-11-03 08:00:00,1.3175370866586476e-09,4.1527837842421565e-08,-0.10582317927411883,-0.05291158897829087
2013-11-03 09:00:00,1.0355318723862822e-09,3.979976692502984e-08,-0.1130197500140977,-0.056509874489282914
2013-11-03 10:00:00,8.749519041854775e-10,3.7973331677274444e-08,-0.11334787941515136,-0.05667393927009973
2013-11-03 11:00:00,7.222885555713288e-10,3.5759964560383636e-08,-0.11935585181540483,-0.05967792554655813
2013-11-03 12:00:00,6.721651966530324e-10,3.6973114916989385e-08,-0.11484417949125363,-0.057422089409544214
2013-11-03 13:00:00,7.393332845629667e-10,3.849046916994311e-08,-0.10933386701111325,-0.05466693313588998
2013-11-03 14:00:00,1.2025539513724574e-09,3.605013629367905e-08,-0.09417859576774705,-0.04708929728259655
2013-11-03 15:00:00,1.6031051831050657e-09,3.8112877227434384e-08,-0.08275490728861362,-0.04137745284275422
2013-11-03 16:00:00,3.579680253466449e-09,0.004930980482014732,-0.09603605102881234,-0.048018023724566046
2013-11-03 17:00:00,3.4351989362865274e-09,0.013707818456900871,-0.1006794100397814,-0.05033970330229123
2013-11-03 18:00:00,3.4351989504472375e-09,0.013267427742943642,-0.09143465391884427,-0.04571732524182266
2013-11-03 19:00:00,3.435198957527593e-09,0.004980540713430216,-0.06551508679799196,-0.0327575416813965
2013-11-03 20:00:00,3.43519897640854e-09,3.425371983735065e-05,-0.011782499359718262,-0.005891247962259643
2013-11-03 21:00:00,3.435198992929369e-09,5.974525635659872e-06,0.011197086464516266,0.00559854494985763
2013-11-03 22:00:00,2.748160531115221e-09,1.3250236533733577e-07,0.0361002027645733,0.018050102756366915
2013-11-03 23:00:00,2.7481607293653753e-09,1.1272646893750806e-07,0.04788224686348075,0.023941124805820738
2013-11-04 00:00:00,2.7481608218821243e-09,1.1785481029646036e-07,0.027415672653902674,0.013707837701031747
2013-11-04 01:00:00,2.748160929503656e-09,1.2378810791063177e-07,0.025195129042008848,0.012597565895084888
2013-11-04 02:00:00,2.753740586552941e-09,1.2815592407467804e-07,0.033243034081318394,0.016621518417529492
2013-11-04 03:00:00,2.868189208481987e-09,1.3025641572998985e-07,0.042277068807918594,0.0211385358380539
2013-11-04 04:00:00,4.2475789286454515e-09,4.0744199259855406e-07,0.033255807435536515,0.01662790584155772
2013-11-04 05:00:00,1.2007040466258356e-08,0.13450450321437377,-0.026859526380821817,-0.013429757186890675
2013-11-04 06:00:00,1.283991342523525e-08,0.13629190364590105,-0.07878337510593882,-0.039391681133012696
2013-11-04 07:00:00,9.212695981118608e-09,0.11291247249962118,-0.08644597950443207,-0.043222985145868045
2013-11-04 08:00:00,2.287723610879147e-09,0.09464323457129331,-0.10582317927411883,-0.05291158849319761
2013-11-04 09:00:00,1.7852088076658427e-09,1.7951939407449663e-07,-0.1130197500140977,-0.05650987411444444
2013-11-04 10:00:00,1.0887851538611067e-09,1.4819271890108897e-07,-0.11334787941515136,-0.0566739391631831
2013-11-04 11:00:00,9.863483118005668e-10,1.3496087664101004e-07,-0.11935585181540483,-0.05967792541452826
2013-11-04 12:00:00,1.3326309462057786e-09,1.694520970492241e-07,-0.11484417949125363,-0.05742208907931134
2013-11-04 13:00:00,1.6741536968486987e-09,0.09237473164567776,-0.10933386701111325,-0.05466693266847978
2013-11-04 14:00:00,2.170499768389443e-09,0.10458818874125181,-0.09417859576774705,-0.04708929679862364
2013-11-04 15:00:00,5.1874068847900935e-09,0.12159169636948415,-0.08275490728861362,-0.04137745105060337
2013-11-04 16:00:00,5.8507270298070815e-09,0.12794791172597827,-0.09603605102881234,-0.048018022589042655
2013-11-04 17:00:00,5.738656279056073e-09,0.13259857239347336,-0.1006794100397814,-0.05033970215056256
2013-11-04 18:00:00,5.543263392080548e-09,0.13489541240510336,-0.09143465391884427,-0.04571732418779044
2013-11-04 19:00:00,5.5045241405244434e-09,0.13569006467263509,-0.06551508679799196,-0.03275754064673391
2013-11-04 20:00:00,5.496340607875704e-09,0.13613406228554736,-0.011782499359718262,-0.005891246931688827
2013-11-04 21:00:00,4.809280539559724e-09,0.13907708809441566,0.011197086464516266,0.005598545636898403
2013-11-04 22:00:00,4.122241601002129e-09,0.14460462646375105,0.0361002027645733,0.01805010344340745
2013-11-04 23:00:00,4.1222415868414e-09,0.14368635584153486,0.04788224686348075,0.02394112549286117
2013-11-05 00:00:00,4.122241640652173e-09,0.14469109688524215,0.027415672653902674,0.013707838388072158
2013-11-05 01:00:00,4.122241646316465e-09,0.1467983200957576,0.025195129042008848,0.012597566582125247
2013-11-05 02:00:00,4.122241623659297e-09,0.1465609984613894,0.033243034081318394,0.01662151910178001
2013-11-05 03:00:00,4.132705277112257e-09,0.14847877816764585,0.042277068807918594,0.021138536470311935
2013-11-05 04:00:00,4.181343219113995e-09,0.15145199429063608,0.033255807435536515,0.016627905808439866
2013-11-05 05:00:00,4.939354422933487e-09,0.15626390145211538,-0.026859526380821817,-0.013429760720733697
2013-11-05 06:00:00,5.715704397026163e-09,0.16079054110843088,-0.07878337510593882,-0.03939168469511721
2013-11-05 07:00:00,1.7877050927274753e-09,0.10577021787742885,-0.08644597950443207,-0.04322298885836349
2013-11-05 08:00:00,4.4562326540020603e-10,2.429269642706569e-08,-0.10582317927411883,-0.052911589414247784
2013-11-05 09:00:00,4.4789779269535945e-10,2.328954947594669e-08,-0.1130197500140977,-0.056509874783099955
2013-11-05 10:00:00,4.1402033225449907e-10,2.2595996537378555e-08,-0.11334787941515136,-0.05667393950056551
2013-11-05 11:00:00,4.2999456549075106e-10,2.3588725674175548e-08,-0.11935585181540483,-0.05967792569270513
2013-11-05 12:00:00,4.922478719633067e-10,3.4504675035246096e-08,-0.11484417949125363,-0.05742208949950288
2013-11-05 13:00:00,7.990133567337447e-10,1.0259175696345162e-07,-0.10933386701111325,-0.05466693310604995
2013-11-05 14:00:00,1.8805974113103973e-09,0.11347788009059877,-0.09417859576774705,-0.04708929694357482
2013-11-05 15:00:00,8.317888331700352e-09,0.21024288920665604,-0.08275490728861362,-0.04137744948536264
2013-11-05 16:00:00,4.597422809702848e-05,0.24376215799931342,-0.09603605102881234,-0.047995038400357654
2013-11-05 17:00:00,6.30675539924748e-05,0.24013532651159214,-0.1006794100397814,-0.05030817124289446
2013-11-05 18:00:00,4.293048126580961e-05,0.2314219761662398,-0.09143465391884427,-0.04569586171878923
2013-11-05 19:00:00,4.4845537913913175e-05,0.22142740584255385,-0.06551508679799196,-0.03273512063003903
2013-11-05 20:00:00,4.0937309829859764e-05,0.20806373435262832,-0.011782499359718262,-0.0058707810249442015
2013-11-05 21:00:00,2.8582540190267036e-07,0.2060907724951335,0.011197086464516266,0.005598686144959084
2013-11-05 22:00:00,6.104029892672225e-08,0.21318035809426455,0.0361002027645733,0.018050131902436112
2013-11-05 23:00:00,4.993729093480055e-08,0.20799152482156422,0.04788224686348075,0.02394114840038584
2013-11-06 00:00:00,3.370133446375887e-08,0.1905828021065774,0.027415672653902674,0.013707853177618568
2013-11-06 01:00:00,1.9890581513283793e-08,0.16730972376744935,0.025195129042008848,0.01259757446629518
2013-11-06 02:00:00,4.970496635546627e-09,0.1478726151590005,0.033243034081318394,0.016621519525907513
2013-11-06 03:00:00,4.403791744547478e-09,0.13971774025664516,0.042277068807918594,0.02113853660585517
2013-11-06 04:00:00,4.250462383716771e-09,0.13680371022419985,0.033255807435536515,0.01662790584299945
2013-11-06 05:00:00,4.869370605161733e-09,0.13571612394357072,-0.026859526380821817,-0.013429760755725606
2013-11-06 06:00:00,5.536362685480763e-09,0.1364520336410076,-0.07878337510593882,-0.039391684784788064
2013-11-06 07:00:00,2.7514176766051834e-09,0.10947120733815377,-0.08644597950443207,-0.0432229883765072
2013-11-06 08:00:00,1.7509689265250812e-09,0.0935041811981146,-0.10582317927411883,-0.05291158876157495
2013-11-06 09:00:00,1.5764313532822875e-09,0.08737042374738954,-0.1130197500140977,-0.056509874218833175
2013-11-06 10:00:00,1.4428539713885355e-09,0.08364647731078892,-0.11334787941515136,-0.05667393898614869
2013-11-06 11:00:00,1.515155296917918e-09,0.08625142154953186,-0.11935585181540483,-0.059677925150124767
2013-11-06 12:00:00,1.6236889998776057e-09,0.0914406694276511,-0.11484417949125363,-0.05742208893378231
2013-11-06 13:00:00,1.8441228478405196e-09,0.09983009804810414,-0.10933386701111325,-0.0546669325834952
2013-11-06 14:00:00,3.374314066958457e-09,0.11825212129402837,-0.09417859576774705,-0.04708929619671649
2013-11-06 15:00:00,6.436516591091283e-09,0.17476695450511498,-0.08275490728861362,-0.04137745042604851
2013-11-06 16:00:00,7.228661858236299e-09,0.19305660135918065,-0.09603605102881234,-0.04801802190007524
2013-11-06 17:00:00,7.51165318438847e-09,0.1999718752372799,-0.1006794100397814,-0.050339701264064105
2013-11-06 18:00:00,2.8146070911316283e-05,0.20470452040907805,-0.09143465391884427,-0.04570325392396648
2013-11-06 19:00:00,3.132996228814312e-05,0.20232698302484903,-0.06551508679799196,-0.03274187841785191
2013-11-06 20:00:00,3.458484140472219e-05,0.1945357793568652,-0.011782499359718262,-0.00587395725915677
2013-11-06 21:00:00,5.5125184634915275e-08,0.1772081556867582,0.011197086464516266,0.005598570794850451
2013-11-06 22:00:00,5.06254885363323e-08,0.19342045315459344,0.0361002027645733,0.018050126695030918
2013-11-06 23:00:00,3.832410470514393e-08,0.1998353670367042,0.04788224686348075,0.023941142593792725
2013-11-07 00:00:00,3.4061050527403244e-08,0.19231413269600187,0.027415672653902674,0.013707853357476601
2013-11-07 01:00:00,3.1263979309042404e-08,0.1806718799312595,0.025195129042008848,0.012597580152994078
2013-11-07 02:00:00,3.077789100856593e-08,0.17417836157042038,0.033243034081318394,0.0166215324296047
2013-11-07 03:00:00,2.9441064779541987e-08,0.16651956969017456,0.042277068807918594,0.021138549124491687
2013-11-07 04:00:00,2.5212033585578756e-08,0.15341119319992239,0.033255807435536515,0.01662791632378505
2013-11-07 05:00:00,2.5058152325125137e-08,0.1395263071876424,-0.026859526380821817,-0.013429750661334746
2013-11-07 06:00:00,2.4100251015635422e-08,0.13191219336741067,-0.07878337510593882,-0.0393916755028439
2013-11-07 07:00:00,2.7158734494877696e-09,0.10172000397205826,-0.08644597950443207,-0.043222988394279314
2013-11-07 08:00:00,1.200446845018122e-09,0.08067489614639771,-0.10582317927411883,-0.052911589036835995
2013-11-07 09:00:00,8.6705832144807e-10,4.455444637548968e-08,-0.1130197500140977,-0.056509874573519685
2013-11-07 10:00:00,7.441989964048992e-10,4.097340919249547e-08,-0.11334787941515136,-0.05667393933547618
2013-11-07 11:00:00,5.678115374167222e-10,3.9639191962251054e-08,-0.11935585181540483,-0.059677925623796646
2013-11-07 12:00:00,8.36272389824103e-10,4.470729451562974e-08,-0.11484417949125363,-0.05742208932749062
2013-11-07 13:00:00,1.2537847055433246e-09,0.09302641467375404,-0.10933386701111325,-0.054666932878664275
2013-11-07 14:00:00,2.431730156368298e-09,0.11875313584758648,-0.09417859576774705,-0.04708929666800845
2013-11-07 15:00:00,5.410560678608392e-09,0.17411606316279565,-0.08275490728861362,-0.04137745093902647
2013-11-07 16:00:00,6.212880764198251e-09,0.21328844860404272,-0.09603605102881234,-0.04801802240796579
2013-11-07 17:00:00,6.211330259234645e-09,0.2198338024344978,-0.1006794100397814,-0.05033970191422557
2013-11-07 18:00:00,6.248476005380727e-09,0.22422349086420312,-0.09143465391884427,-0.045717323835184134
2013-11-07 19:00:00,6.245530880263402e-09,0.22787341752371057,-0.06551508679799196,-0.03275754027623054
2013-11-07 20:00:00,6.228996946974807e-09,0.22945880235275004,-0.011782499359718262,-0.005891246565360658
2013-11-07 21:00:00,6.203853403324584e-09,0.21913363998023513,0.011197086464516266,0.005598546334184835
2013-11-07 22:00:00,6.266414031682445e-09,0.21131403103781907,0.0361002027645733,0.018050104515493666
2013-11-07 23:00:00,5.632566932551498e-09,0.21729648875161744,0.04788224686348075,0.02394112624802384
2013-11-08 00:00:00,5.731439511542997e-09,0.22782407575769603,0.027415672653902674,0.013707839192671092
2013-11-08 01:00:00,5.6002151165831015e-09,0.2306939472330019,0.025195129042008848,0.012597567321111983
2013-11-08 02:00:00,5.55173981008571e-09,0.23004743307532033,0.033243034081318394,0.016621519816529103
2013-11-08 03:00:00,5.533047827834875e-09,0.23014470662872694,0.042277068807918594,0.02113853717048321
2013-11-08 04:00:00,6.2217679200968665e-09,0.23189657614187414,0.033255807435536515,0.016627906828652218
2013-11-08 05:00:00,6.236727481652353e-09,0.25271444508032403,-0.026859526380821817,-0.013429760072047167
2013-11-08 06:00:00,6.252393181645191e-09,0.26398777254906164,-0.07878337510593882,-0.039391684426772815
2013-11-08 07:00:00,3.3633074733405083e-09,0.16627579757291652,-0.08644597950443207,-0.043222988070562296
2013-11-08 08:00:00,1.2096073406560089e-09,0.10226530461749803,-0.10582317927411883,-0.05291158903225574
2013-11-08 09:00:00,8.750265429238991e-10,0.09254094476837735,-0.1130197500140977,-0.05650987456953558
2013-11-08 10:00:00,8.061479812968103e-10,0.08590108611060975,-0.11334787941515136,-0.05667393930450169
2013-11-08 11:00:00,7.785450771172763e-10,0.08299309754025187,-0.11935585181540483,-0.059677925518429875
2013-11-08 12:00:00,8.368463549151761e-10,0.08871805405934928,-0.11484417949125363,-0.057422089327203635
2013-11-08 13:00:00,1.7651026116180462e-09,0.11480978289251048,-0.10933386701111325,-0.05466693262300532
2013-11-08 14:00:00,3.2393341548644683e-09,0.194669175289328,-0.09417859576774705,-0.04708929626420645
2013-11-08 15:00:00,6.745178657591004e-09,0.3169711555425874,-0.08275490728861362,-0.041377450271717485
2013-11-08 16:00:00,7.509718389148385e-09,0.3145732653508017,-0.09603605102881234,-0.048018021759546975
2013-11-08 17:00:00,8.935810853745639e-09,0.31427620078995855,-0.1006794100397814,-0.05033970055198527
2013-11-08 18:00:00,0.07958982802031465,0.3067464788607231,-0.09143465391884427,-0.0059224129492648075
2013-11-08 19:00:00,0.08900907277167397,0.30540233401967876,-0.06551508679799196,0.011746992986841003
2013-11-08 20:00:00,0.10669290423566284,0.3066205459688348,-0.011782499359718262,0.04745520243797229
2013-11-08 21:00:00,0.0084989340812946,0.2948079831133096,0.011197086464516266,0.009848010272905432
2013-11-08 22:00:00,8.69684455241629e-05,0.28538490779785397,0.0361002027645733,0.018093585605048732
2013-11-08 23:00:00,8.995404452510663e-08,0.23123243278728564,0.04788224686348075,0.023941168408762637
2013-11-09 00:00:00,3.436665734357572e-08,0.19557524685710093,0.027415672653902674,0.013707853510280008
2013-11-09 01:00:00,1.637579096648519e-08,0.1664881738198728,0.025195129042008848,0.012597572708899907
2013-11-09 02:00:00,1.388897178370037e-08,0.15032452280299705,0.033243034081318394,0.01662152398514509
2013-11-09 03:00:00,1.137436014005698e-08,0.13653742918252376,0.042277068807918594,0.021138540091139368
2013-11-09 04:00:00,1.1159274556629781e-08,0.12466852902106787,0.033255807435536515,0.016627909297405537
2013-11-09 05:00:00,9.013534880812533e-09,0.11703813796365421,-0.026859526380821817,-0.013429758683643468
2013-11-09 06:00:00,8.632190714472546e-09,0.11370858660190213,-0.07878337510593882,-0.03939168323687405
2013-11-09 07:00:00,2.0190278938911748e-09,4.825186704538791e-07,-0.08644597950443207,-0.04322298874270209
2013-11-09 08:00:00,6.75890728730566e-10,2.648520954270104e-08,-0.10582317927411883,-0.05291158929911405
2013-11-09 09:00:00,6.658178347438891e-10,2.559126418092217e-08,-0.1130197500140977,-0.05650987467413993
2013-11-09 10:00:00,5.903157181068752e-10,2.4487031398857395e-08,-0.11334787941515136,-0.05667393941241782
2013-11-09 11:00:00,6.028105074206053e-10,2.4858166307127394e-08,-0.11935585181540483,-0.05967792560629716
2013-11-09 12:00:00,5.873000391880062e-10,2.5176769194331176e-08,-0.11484417949125363,-0.05742208945197679
2013-11-09 13:00:00,6.588255185997775e-10,2.715078515514458e-08,-0.10933386701111325,-0.054666933176143864
2013-11-09 14:00:00,7.125083411926488e-10,3.124719388592407e-08,-0.09417859576774705,-0.04708929752761935
2013-11-09 15:00:00,3.2781717861923714e-09,0.1353033030049618,-0.08275490728861362,-0.041377452005220916
2013-11-09 16:00:00,4.8256985167753026e-09,0.15456396275053225,-0.09603605102881234,-0.04801802310155691
2013-11-09 17:00:00,4.866830096119115e-09,0.15709004915080235,-0.1006794100397814,-0.05033970258647565
2013-11-09 18:00:00,4.955924727690574e-09,0.1572699230448921,-0.09143465391884427,-0.04571732448145977
2013-11-09 19:00:00,5.529869028646471e-09,0.1608759938977161,-0.06551508679799196,-0.032757540634061465
2013-11-09 20:00:00,2.751160364189287e-08,0.17215620123489891,-0.011782499359718262,-0.005891235924057311
2013-11-09 21:00:00,3.235939314056325e-08,0.17904449381465184,0.011197086464516266,0.005598559411954703
2013-11-09 22:00:00,3.323806115604802e-08,0.17565734659710855,0.0361002027645733,0.018050118001317228
2013-11-09 23:00:00,3.153396213613934e-08,0.1814798323331571,0.04788224686348075,0.023941139198721442
2013-11-10 00:00:00,3.306287980791039e-08,0.18424268710560002,0.027415672653902674,0.013707852858391241
2013-11-10 01:00:00,2.467445059820632e-08,0.1801897551080562,0.025195129042008848,0.012597576858229723
2013-11-10 02:00:00,2.1981240774126172e-08,0.18556514503655358,0.033243034081318394,0.016621528031279583
2013-11-10 03:00:00,2.3131187503632583e-08,0.1944924983729378,0.042277068807918594,0.02113854596955305
2013-11-10 04:00:00,2.4944896362889822e-08,0.2105161708225426,0.033255807435536515,0.01662791619021644
2013-11-10 05:00:00,3.010987758055577e-08,0.22404836954651372,-0.026859526380821817,-0.013429748135472118
2013-11-10 06:00:00,2.6384911867303414e-08,0.23535875709893292,-0.07878337510593882,-0.039391674360513475
2013-11-10 07:00:00,2.7957259750935005e-09,0.17742673712642434,-0.08644597950443207,-0.04322298835435305
2013-11-10 08:00:00,1.0524341644546257e-09,6.59224842795347e-08,-0.10582317927411883,-0.05291158911084233
2013-11-10 09:00:00,6.505060177352205e-10,5.6137256017279966e-08,-0.1130197500140977,-0.05650987468179584
2013-11-10 10:00:00,5.755945186562231e-10,4.915705506612733e-08,-0.11334787941515136,-0.05667393941977842
2013-11-10 11:00:00,5.97650554985527e-10,5.0051296942338584e-08,-0.11935585181540483,-0.059677925608877136
2013-11-10 12:00:00,6.723503403762505e-10,5.624247863831189e-08,-0.11484417949125363,-0.05742208940945164
2013-11-10 13:00:00,1.0233336439031554e-09,9.862220278515625e-08,-0.10933386701111325,-0.054666932993889805
2013-11-10 14:00:00,1.7044541324109836e-09,0.13150089180055932,-0.09417859576774705,-0.04708929703164646
2013-11-10 15:00:00,5.496321556911789e-09,0.18733210159117555,-0.08275490728861362,-0.041377450896146035
2013-11-10 16:00:00,5.496321069782827e-09,0.18357992846988225,-0.09603605102881234,-0.04801802276624564
2013-11-10 17:00:00,5.496725257905629e-09,0.18110527183155395,-0.1006794100397814,-0.05033970227152807
2013-11-10 18:00:00,5.501822181155246e-09,0.1795250908174881,-0.09143465391884427,-0.045717324208511045
2013-11-10 19:00:00,5.546567585445674e-09,0.17979751780453973,-0.06551508679799196,-0.03275754062571219
2013-11-10 20:00:00,5.620751712462656e-09,0.18218922903015733,-0.011782499359718262,-0.005891246869483275
2013-11-10 21:00:00,6.453675507170481e-09,0.18785650028088158,0.011197086464516266,0.0055985464590958866
2013-11-10 22:00:00,6.825979170386526e-09,0.20769520274536657,0.0361002027645733,0.018050104795276235
2013-11-10 23:00:00,6.463628961481132e-09,0.21517359676736997,0.04788224686348075,0.023941126663554853
2013-11-11 00:00:00,7.2317673968549064e-09,0.22024309564240288,0.027415672653902674,0.013707839942835035
2013-11-11 01:00:00,1.0563949371066001e-08,0.2416108748800968,0.025195129042008848,0.01259756980297911
2013-11-11 02:00:00,9.78327009469185e-07,0.29005733482870155,0.033243034081318394,0.01662200620416393
2013-11-11 03:00:00,6.900470487740554e-05,0.3451786510988897,0.042277068807918594,0.021173036756398
2013-11-11 04:00:00,9.356352448726103e-05,0.393738118283205,0.033255807435536515,0.01667468548001189
2013-11-11 05:00:00,0.0713095916979352,0.4074451905498006,-0.026859526380821817,0.022225032658556694
2013-11-11 06:00:00,0.13006003763173474,0.4058265940037521,-0.07878337510593882,0.02563833126289796
2013-11-11 07:00:00,5.8365427336133745e-09,0.2681605284636913,-0.08644597950443207,-0.04322298683394467
2013-11-11 08:00:00,9.90735870613446e-10,0.10240565100642324,-0.10582317927411883,-0.05291158914169148
2013-11-11 09:00:00,7.99264654777606e-10,0.01605967621732233,-0.1130197500140977,-0.05650987460741652
2013-11-11 10:00:00,5.50484270136716e-10,1.2610309006065683e-07,-0.11334787941515136,-0.056673939432333544
2013-11-11 11:00:00,5.504640998674958e-10,1.263309342995222e-07,-0.11935585181540483,-0.05967792563247036
2013-11-11 12:00:00,7.382318869056459e-10,3.9216988660935355e-07,-0.11484417949125363,-0.05742208937651087
2013-11-11 13:00:00,9.035515623691002e-10,0.09860613660202887,-0.10933386701111325,-0.05466693305378084
2013-11-11 14:00:00,2.2847649971918726e-09,0.14824764293115783,-0.09417859576774705,-0.047089296741491024
2013-11-11 15:00:00,5.3858989603416125e-09,0.27910208592119273,-0.08275490728861362,-0.04137745095135733
2013-11-11 16:00:00,6.247251023000024e-09,0.2870172814074759,-0.09603605102881234,-0.04801802239078066
2013-11-11 17:00:00,6.243807578091083e-09,0.26660566981907496,-0.1006794100397814,-0.05033970189798691
2013-11-11 18:00:00,6.2341635102889015e-09,0.25068088050675885,-0.09143465391884427,-0.04571732384234038
2013-11-11 19:00:00,6.2142786905232454e-09,0.22961400032476909,-0.06551508679799196,-0.03275754029185664
2013-11-11 20:00:00,6.1929922036565656e-09,0.20319192548804899,-0.011782499359718262,-0.005891246583363029
2013-11-11 21:00:00,6.1864851229684456e-09,0.19658790285297914,0.011197086464516266,0.005598546325500694
2013-11-11 22:00:00,5.496817612290099e-09,0.1853807903045721,0.0361002027645733,0.018050104130695455
2013-11-11 23:00:00,4.810063735186058e-09,0.18319497526282974,0.04788224686348075,0.023941125836772242
2013-11-12 00:00:00,4.817215648570608e-09,0.1796397351164242,0.027415672653902674,0.01370783873555916
2013-11-12 01:00:00,4.84902031467274e-09,0.17695437852826865,0.025195129042008848,0.01259756694551458
2013-11-12 02:00:00,5.037439952060612e-09,0.17903134643963467,0.033243034081318394,0.016621519559379173
2013-11-12 03:00:00,5.296728736700171e-09,0.1791162445063645,0.042277068807918594,0.021138537052323665
2013-11-12 04:00:00,5.52753425148641e-09,0.18287953244539135,0.033255807435536515,0.016627906481535382
2013-11-12 05:00:00,6.607400819657489e-09,0.1855930667015877,-0.026859526380821817,-0.013429759886710498
2013-11-12 06:00:00,8.129314839341998e-09,0.19021548528570287,-0.07878337510593882,-0.03939168348831199
2013-11-12 07:00:00,2.8807833614437364e-09,0.13279650311418517,-0.08644597950443207,-0.043222988311824355
2013-11-12 08:00:00,8.762038832381065e-10,0.07610271963639964,-0.10582317927411883,-0.05291158919895747
2013-11-12 09:00:00,7.67981596005477e-10,0.025256921466004546,-0.1130197500140977,-0.05650987462305805
2013-11-12 10:00:00,7.116660025968863e-10,0.00814861486000199,-0.11334787941515136,-0.056673939351742676
2013-11-12 11:00:00,7.576396190192448e-10,0.05390043153379596,-0.11935585181540483,-0.059677925528882604
2013-11-12 12:00:00,8.651747019399698e-10,0.08142410111155672,-0.11484417949125363,-0.057422089313039465
2013-11-12 13:00:00,1.3606251717994792e-09,0.10253672301876084,-0.10933386701111325,-0.05466693282524404
2013-11-12 14:00:00,3.2821461166617025e-09,0.14993383386106232,-0.09417859576774705,-0.04708929624280047
2013-11-12 15:00:00,6.949586532534633e-09,0.2843157427011089,-0.08275490728861362,-0.041377450169513545
2013-11-12 16:00:00,6.658812971633135e-09,0.28545666127129504,-0.09603605102881234,-0.04801802218499968
2013-11-12 17:00:00,6.6470144631361116e-09,0.2901352028032803,-0.1006794100397814,-0.050339701696383465
2013-11-12 18:00:00,6.511861457664299e-09,0.29271572991311273,-0.09143465391884427,-0.04571732370349141
2013-11-12 19:00:00,6.2058369542829026e-09,0.2885076454012798,-0.06551508679799196,-0.032757540296077504
2013-11-12 20:00:00,6.18398036245429e-09,0.28626002572756426,-0.011782499359718262,-0.00589124658786895
2013-11-12 21:00:00,6.186716374650527e-09,0.27877328590639955,0.011197086464516266,0.005598546325616321
2013-11-12 22:00:00,6.187159500117744e-09,0.2599141052198398,0.0361002027645733,0.0180501044758664
2013-11-12 23:00:00,6.183923365979793e-09,0.2397971489942777,0.04788224686348075,0.023941126523702057
2013-11-13 00:00:00,6.184652638108424e-09,0.2361980675458631,0.027415672653902674,0.013707839419277655
2013-11-13 01:00:00,6.183889106564839e-09,0.23403489193980387,0.025195129042008848,0.012597567612948977
2013-11-13 02:00:00,6.1836409400290986e-09,0.2292580095097615,0.033243034081318394,0.016621520132479667
2013-11-13 03:00:00,6.183485011781631e-09,0.22717765172460055,0.042277068807918594,0.0211385374957018
2013-11-13 04:00:00,6.183362516205108e-09,0.23382041571833276,0.033255807435536515,0.016627906809449516
2013-11-13 05:00:00,6.183370770505861e-09,0.25136397640512115,-0.026859526380821817,-0.013429760098725523
2013-11-13 06:00:00,6.187167488084763e-09,0.26274139301647637,-0.07878337510593882,-0.039391684459385665
2013-11-13 07:00:00,4.107243714912895e-09,0.2132860161290958,-0.08644597950443207,-0.04322298769859418
2013-11-13 08:00:00,1.0620365293273603e-09,0.0861534635370845,-0.10582317927411883,-0.05291158910604115
2013-11-13 09:00:00,7.198121661784522e-10,0.013407379269418455,-0.1130197500140977,-0.056509874647142765
2013-11-13 10:00:00,5.367746922903415e-10,8.17009708795886e-08,-0.11334787941515136,-0.05667393943918833
2013-11-13 11:00:00,5.438223363011873e-10,4.378055102481144e-08,-0.11935585181540483,-0.059677925635791246
2013-11-13 12:00:00,7.531138071383438e-10,0.004451445776782928,-0.11484417949125363,-0.05742208936906991
2013-11-13 13:00:00,9.310465302888292e-10,0.0903959935874777,-0.10933386701111325,-0.05466693304003336
2013-11-13 14:00:00,2.335382145601227e-09,0.12988430765716083,-0.09417859576774705,-0.04708929671618245
2013-11-13 15:00:00,6.108765672779022e-09,0.27121568333187995,-0.08275490728861362,-0.041377450589923974
2013-11-13 16:00:00,6.8981399613973196e-09,0.28924001149515677,-0.09603605102881234,-0.04801802206533619
2013-11-13 17:00:00,6.924048787890985e-09,0.2915163995174303,-0.1006794100397814,-0.0503397015578663
2013-11-13 18:00:00,7.071869309013851e-09,0.2965973837590954,-0.09143465391884427,-0.04571732342348748
2013-11-13 19:00:00,7.102492696045099e-09,0.29826268048288096,-0.06551508679799196,-0.03275753984774964
2013-11-13 20:00:00,6.761826685059757e-09,0.2926326372118043,-0.011782499359718262,-0.005891246298945788
2013-11-13 21:00:00,6.277236979203882e-09,0.2798407541286718,0.011197086464516266,0.005598546370876622
2013-11-13 22:00:00,6.1837253651460644e-09,0.25330387976185953,0.0361002027645733,0.018050104474149332
2013-11-13 23:00:00,6.188081872300046e-09,0.2529799248175706,0.04788224686348075,0.02394112652578131
2013-11-14 00:00:00,6.199029713680326e-09,0.2427661420555617,0.027415672653902674,0.013707839426466193
2013-11-14 01:00:00,5.516969468811664e-09,0.23779344874282346,0.025195129042008848,0.012597567279489158
2013-11-14 02:00:00,5.513513084726112e-09,0.23304236684992988,0.033243034081318394,0.01662151979741574
2013-11-14 03:00:00,5.505108219506838e-09,0.22885850008332992,0.042277068807918594,0.021138537156513405
2013-11-14 04:00:00,6.188068686993124e-09,0.2250622811155423,0.033255807435536515,0.016627906811802602
2013-11-14 05:00:00,6.184701972409417e-09,0.24565769410692465,-0.026859526380821817,-0.013429760098059922
2013-11-14 06:00:00,6.187383970695379e-09,0.25843203111478646,-0.07878337510593882,-0.039391684459277425
2013-11-14 07:00:00,3.8797411649994266e-09,0.19700139046453533,-0.08644597950443207,-0.04322298781234545
2013-11-14 08:00:00,1.1977720632325505e-09,0.09454202433853183,-0.10582317927411883,-0.05291158903817338
2013-11-14 09:00:00,1.117042481537948e-09,0.09036167787091826,-0.1130197500140977,-0.056509874448527606
2013-11-14 10:00:00,1.0766456331835942e-09,0.08903635342156446,-0.11334787941515136,-0.05667393916925286
2013-11-14 11:00:00,1.1906182600551362e-09,0.09545598905589503,-0.11935585181540483,-0.059677925312393285
2013-11-14 12:00:00,1.6583993681308872e-09,0.1098311829839561,-0.11484417949125363,-0.05742208891642713
2013-11-14 13:00:00,2.8637038016480303e-09,0.13783566499080205,-0.10933386701111325,-0.054666932073704724
2013-11-14 14:00:00,4.937594665450814e-09,0.25332555731580325,-0.09417859576774705,-0.04708929541507619
2013-11-14 15:00:00,0.08825619742392499,0.33512978539514704,-0.08275490728861362,0.0027506450676556826
2013-11-14 16:00:00,0.08749207136677656,0.34137246885755734,-0.09603605102881234,-0.00427198983101789
2013-11-14 17:00:00,0.08945339780344014,0.34600743723014704,-0.1006794100397814,-0.00561300611817063
2013-11-14 18:00:00,0.09204523475382742,0.35505993163598765,-0.09143465391884427,0.00030529041749157576
2013-11-14 19:00:00,0.08884595555130058,0.3605895077462684,-0.06551508679799196,0.011665434376654307
2013-11-14 20:00:00,0.08547269834149998,0.3634233764873256,-0.011782499359718262,0.03684509949089086
2013-11-14 21:00:00,0.09194235046466041,0.37510865672800864,0.011197086464516266,0.05156971846458834
2013-11-14 22:00:00,7.702251120760338e-09,0.35543209438155693,0.0361002027645733,0.01805010523341221
2013-11-14 23:00:00,7.617306120697933e-09,0.35956955012112196,0.04788224686348075,0.023941127240393434
2013-11-15 00:00:00,8.771896412698654e-09,0.3818262710115425,0.027415672653902674,0.013707840712899544
2013-11-15 01:00:00,9.896548954620939e-09,0.39659067392215847,0.025195129042008848,0.012597569469278902
2013-11-15 02:00:00,1.0061065986553216e-08,0.4004188116309083,0.033243034081318394,0.01662152207119219
2013-11-15 03:00:00,1.0445158677947217e-08,0.3938904456462851,0.042277068807918594,0.021138539626538635
2013-11-15 04:00:00,0.10808067225258577,0.401453717253722,0.033255807435536515,0.07066823984406115
2013-11-15 05:00:00,0.12963435657138736,0.41645740109018087,-0.026859526380821817,0.051387415095282774
2013-11-15 06:00:00,0.1183711239781879,0.40467790277022087,-0.07878337510593882,0.019793874436124542
2013-11-15 07:00:00,7.488871153661013e-09,0.32440204740865636,-0.08644597950443207,-0.04322298600778046
2013-11-15 08:00:00,2.6681224417041486e-09,0.17516381729037028,-0.10582317927411883,-0.05291158830299819
2013-11-15 09:00:00,2.3169343485021342e-09,0.134998096410996,-0.1130197500140977,-0.05650987384858167
2013-11-15 10:00:00,2.135871022005247e-09,0.118130886466256,-0.11334787941515136,-0.05667393863964017
2013-11-15 11:00:00,1.9400776208662454e-09,0.11947214335322763,-0.11935585181540483,-0.0596779249376636
2013-11-15 12:00:00,2.418651583903075e-09,0.1288900709989899,-0.11484417949125363,-0.05742208853630102
2013-11-15 13:00:00,2.97619825524835e-09,0.15575846474023503,-0.10933386701111325,-0.054666932017457495
2013-11-15 14:00:00,5.110950654897541e-09,0.2608179813696138,-0.09417859576774705,-0.0470892953283982
2013-11-15 15:00:00,0.13427386782409065,0.3864728816376068,-0.08275490728861362,0.025759480267738513
2013-11-15 16:00:00,0.12932235679514403,0.38215079752471554,-0.09603605102881234,0.016643152883165847
2013-11-15 17:00:00,0.11505236635754171,0.3658259341814474,-0.1006794100397814,0.007186478158880155
2013-11-15 18:00:00,0.09878960404041043,0.34552177994997846,-0.09143465391884427,0.0036774750607830795
2013-11-15 19:00:00,0.0849141277180628,0.3305124774463247,-0.06551508679799196,0.009699520460035416
2013-11-15 20:00:00,0.07619049952126264,0.31800903842713235,-0.011782499359718262,0.03220400008077219
2013-11-15 21:00:00,7.672432276169181e-09,0.3053839251452891,0.011197086464516266,0.005598547068474271
2013-11-15 22:00:00,7.11548209870569e-09,0.2884503615512838,0.0361002027645733,0.0180501049400277
2013-11-15 23:00:00,6.5281181757205966e-09,0.2607350994557997,0.04788224686348075,0.023941126695799463
2013-11-16 00:00:00,6.297242318570819e-09,0.24662038826509414,0.027415672653902674,0.013707839475572496
2013-11-16 01:00:00,6.201289068159888e-09,0.24315044082367615,0.025195129042008848,0.012597567621648958
2013-11-16 02:00:00,6.190809272720422e-09,0.2424824646592296,0.033243034081318394,0.016621520136063835
2013-11-16 03:00:00,6.190267644289584e-09,0.2270666211600661,0.042277068807918594,0.02113853749909312
2013-11-16 04:00:00,6.2025044171858835e-09,0.22461101032966901,0.033255807435536515,0.016627906819020467
2013-11-16 05:00:00,6.288274794154146e-09,0.23219953208635385,-0.026859526380821817,-0.013429760046273512
2013-11-16 06:00:00,6.200874518979217e-09,0.2326373047332192,-0.07878337510593882,-0.03939168445253215
2013-11-16 07:00:00,5.131425634324344e-09,0.21749261036561748,-0.08644597950443207,-0.04322298718650322
2013-11-16 08:00:00,2.321086179361392e-09,0.13742086910729184,-0.10582317927411883,-0.05291158847651632
2013-11-16 09:00:00,1.7267885519579418e-09,0.12417558073582813,-0.1130197500140977,-0.056509874143654576
2013-11-16 10:00:00,1.4329259749517105e-09,0.1101125460005136,-0.11334787941515136,-0.05667393899111269
2013-11-16 11:00:00,1.3795024165960094e-09,0.10585722523151499,-0.11935585181540483,-0.059677925217951205
2013-11-16 12:00:00,1.433809177878025e-09,0.10796464154881227,-0.11484417949125363,-0.05742208902872222
2013-11-16 13:00:00,1.6818486075297595e-09,0.12130446875391358,-0.10933386701111325,-0.05466693266463232
2013-11-16 14:00:00,3.2340607631555e-09,0.15763895895692595,-0.09417859576774705,-0.04708929626684314
2013-11-16 15:00:00,6.183361853482998e-09,0.23462749691293358,-0.08275490728861362,-0.041377450552625886
2013-11-16 16:00:00,6.183362384510319e-09,0.23292324738498846,-0.09603605102881234,-0.04801802242272498
2013-11-16 17:00:00,6.183362703126755e-09,0.23046922191826213,-0.1006794100397814,-0.05033970192820935
2013-11-16 18:00:00,6.183362911289511e-09,0.2285833802897632,-0.09143465391884427,-0.04571732386774068
2013-11-16 19:00:00,6.183363098211181e-09,0.2171380548762234,-0.06551508679799196,-0.03275754030731443
2013-11-16 20:00:00,6.183389989560171e-09,0.22198032774040125,-0.011782499359718262,-0.0058912465881641365
2013-11-16 21:00:00,6.198194645509671e-09,0.23800913231413648,0.011197086464516266,0.0055985463313554555
2013-11-16 22:00:00,6.3121799034394285e-09,0.24280446316174598,0.0361002027645733,0.0180501045383766
2013-11-16 23:00:00,6.3972924884006646e-09,0.24309416556683353,0.04788224686348075,0.023941126630386618
2013-11-17 00:00:00,6.494648619170629e-09,0.23758930897501368,0.027415672653902674,0.013707839574275646
2013-11-17 01:00:00,7.026885244740477e-09,0.24668933573610077,0.025195129042008848,0.012597568034447046
2013-11-17 02:00:00,7.854002060418901e-09,0.2644002253321131,0.033243034081318394,0.016621520967660227
2013-11-17 03:00:00,9.522642924474748e-09,0.29334908527803116,0.042277068807918594,0.02113853916528076
2013-11-17 04:00:00,1.0084670964650346e-08,0.3126783493687883,0.033255807435536515,0.01662790876010374
2013-11-17 05:00:00,1.2076850992986466e-08,0.34155112416600564,-0.026859526380821817,-0.013429757151985413
2013-11-17 06:00:00,1.530610748127245e-08,0.3730109016815751,-0.07878337510593882,-0.03939167989991567
2013-11-17 07:00:00,1.1321304604850331e-08,0.3383105837494493,-0.08644597950443207,-0.043222984091563735
2013-11-17 08:00:00,4.892357048456624e-09,0.2292919040898975,-0.10582317927411883,-0.05291158719088089
2013-11-17 09:00:00,4.2310561193601495e-09,0.21176734313844703,-0.1130197500140977,-0.05650987289152079
2013-11-17 10:00:00,3.6026186720006966e-09,0.19513171035495733,-0.11334787941515136,-0.05667393790626634
2013-11-17 11:00:00,3.308091285990058e-09,0.18571346899692243,-0.11935585181540483,-0.05967792425365677
2013-11-17 12:00:00,3.4865347120343833e-09,0.19651269035260102,-0.11484417949125363,-0.057422088002359456
2013-11-17 13:00:00,5.1842348586130494e-09,0.2635815125623518,-0.10933386701111325,-0.054666930913439195
2013-11-17 14:00:00,9.789831771868037e-09,0.3636398310870393,-0.09417859576774705,-0.047089292988957636
2013-11-17 15:00:00,0.35570862306836926,0.46283113801738596,-0.08275490728861362,0.13647685788987782
2013-11-17 16:00:00,0.345519825307428,0.4574613519017548,-0.09603605102881234,0.12474188713930781
2013-11-17 17:00:00,0.32678551803267497,0.44777400215013524,-0.1006794100397814,0.11305305399644679
2013-11-17 18:00:00,0.306296248994124,0.43751957079767917,-0.09143465391884427,0.10743079753763987
2013-11-17 19:00:00,0.17070843229260038,0.42740406807068343,-0.06551508679799196,0.05259667274730421
2013-11-17 20:00:00,0.1573585643246001,0.41835436915941027,-0.011782499359718262,0.07278803248244092
2013-11-17 21:00:00,0.14119211366530043,0.4054437848690312,0.011197086464516266,0.07619460006490834
2013-11-17 22:00:00,0.11889339478189928,0.3994603734316059,0.0361002027645733,0.07749679877323629
2013-11-17 23:00:00,0.10591750463226103,0.3941537239411406,0.04788224686348075,0.07689987574787088
2013-11-18 00:00:00,1.2420482518357164e-08,0.3844016696983036,0.027415672653902674,0.013707842537192596
2013-11-18 01:00:00,1.2006772075595108e-08,0.37624729392240064,0.025195129042008848,0.012597570524390462
2013-11-18 02:00:00,1.1305684949992162e-08,0.3661838715268377,0.033243034081318394,0.016621522693501672
2013-11-18 03:00:00,1.0999967587984393e-08,0.35890719648035513,0.042277068807918594,0.021138539903943092
2013-11-18 04:00:00,0.0960155341420284,0.35965515275637094,0.033255807435536515,0.06463567078878246
2013-11-18 05:00:00,0.10598512678957452,0.3630968258070648,-0.026859526380821817,0.03956280020437635
2013-11-18 06:00:00,0.11372151237054551,0.3682715118975447,-0.07878337510593882,0.017469068632303346
2013-11-18 07:00:00,0.08264562759051124,0.33107734968264313,-0.08644597950443207,-0.0019001759569604176
2013-11-18 08:00:00,4.366694165308601e-09,0.24225697097991442,-0.10582317927411883,-0.052911587453712335
2013-11-18 09:00:00,3.9572442412755e-09,0.2264171978904839,-0.1130197500140977,-0.05650987302842673
2013-11-18 10:00:00,3.516272987302074e-09,0.21625978546380265,-0.11334787941515136,-0.05667393794943919
2013-11-18 11:00:00,3.2320245714883515e-09,0.20661818098262952,-0.11935585181540483,-0.05967792429169013
2013-11-18 12:00:00,3.2721311368389095e-09,0.2058834819904698,-0.11484417949125363,-0.057422088109561245
2013-11-18 13:00:00,3.8677517288308746e-09,0.23766290622921543,-0.10933386701111325,-0.05466693157168076
2013-11-18 14:00:00,6.396440263298972e-09,0.2945697142220301,-0.09417859576774705,-0.04708929468565339
2013-11-18 15:00:00,0.16007124849747087,0.4058911483113105,-0.08275490728861362,0.038658170604428624
2013-11-18 16:00:00,0.14153602309806967,0.3896787590015844,-0.09603605102881234,0.022749986034628668
2013-11-18 17:00:00,0.12471472694064191,0.37233970103691305,-0.1006794100397814,0.012017658450430256
2013-11-18 18:00:00,0.1070383236309234,0.34451161216044573,-0.09143465391884427,0.007801834856039566
2013-11-18 19:00:00,0.08950872710763369,0.31957414973626613,-0.06551508679799196,0.011996820154820863
2013-11-18 20:00:00,0.0872717458105965,0.3082422602363461,-0.011782499359718262,0.037744623225439124
2013-11-18 21:00:00,0.08819007985628835,0.30801489086708783,0.011197086464516266,0.04969358316040231
2013-11-18 22:00:00,0.09153872177548444,0.3139625518240911,0.0361002027645733,0.06381946227002887
2013-11-18 23:00:00,0.0959158247184004,0.3095315642773956,0.04788224686348075,0.07189903579094058
2013-11-19 00:00:00,0.00010058147736113106,0.30548970965290534,0.027415672653902674,0.013758127065631903
2013-11-19 01:00:00,0.000100463630977829,0.3109406915585264,0.025195129042008848,0.012647796336493338
2013-11-19 02:00:00,8.278842227413393e-05,0.320803748557364,0.033243034081318394,0.016662911251796263
2013-11-19 03:00:00,0.00010961296581345899,0.33127120871174726,0.042277068807918594,0.021193340886866027
2013-11-19 04:00:00,0.11737657440489607,0.34112841540365224,0.033255807435536515,0.0753161909202163
2013-11-19 05:00:00,0.10215420129828448,0.3420908710630318,-0.026859526380821817,0.037647337458731334
2013-11-19 06:00:00,0.09705135857074317,0.3394069805645147,-0.07878337510593882,0.009133991732402175
2013-11-19 07:00:00,0.06839993648332196,0.3015053311793374,-0.08644597950443207,-0.009023021510555056
2013-11-19 08:00:00,3.6357146620309523e-09,0.19293243329706136,-0.10582317927411883,-0.052911587819202084
2013-11-19 09:00:00,3.1562332491468436e-09,0.17995257771892814,-0.1130197500140977,-0.056509873428932225
2013-11-19 10:00:00,2.7001231388457355e-09,0.1666519206127387,-0.11334787941515136,-0.05667393835751411
2013-11-19 11:00:00,2.740484390755859e-09,0.17244659575569823,-0.11935585181540483,-0.059677924537460215
2013-11-19 12:00:00,3.0170488816215648e-09,0.19644405498705353,-0.11484417949125363,-0.05742208823710237
2013-11-19 13:00:00,3.50388606737901e-09,0.2407216402224942,-0.10933386701111325,-0.05466693175361359
2013-11-19 14:00:00,4.619458539560185e-09,0.28308044890663564,-0.09417859576774705,-0.047089295574144256
2013-11-19 15:00:00,7.066046726680246e-09,0.3228094960210335,-0.08275490728861362,-0.04137745011128345
2013-11-19 16:00:00,7.2283722196929145e-09,0.32150562204037797,-0.09603605102881234,-0.04801802190022006
2013-11-19 17:00:00,7.498323721613319e-09,0.3185895019683987,-0.1006794100397814,-0.050339701270728836
2013-11-19 18:00:00,8.00618743784997e-09,0.3206399591544892,-0.09143465391884427,-0.04571732295632842
2013-11-19 19:00:00,0.08813822790493614,0.342995196188559,-0.06551508679799196,0.011311570553472088
2013-11-19 20:00:00,0.11095267397471964,0.3548301207083721,-0.011782499359718262,0.04958508730750069
2013-11-19 21:00:00,0.1251191588472477,0.3615639254815226,0.011197086464516266,0.06815812265588198
2013-11-19 22:00:00,0.13259593995943345,0.36618512014147536,0.0361002027645733,0.08434807136200337
2013-11-19 23:00:00,0.10279765648594372,0.3597157166272181,0.04788224686348075,0.07533995167471223
2013-11-20 00:00:00,0.09635613727838334,0.35144272484103994,0.027415672653902674,0.061885904966143004
2013-11-20 01:00:00,0.07846488142250242,0.35079583035171996,0.025195129042008848,0.05183000523225564
2013-11-20 02:00:00,0.05749874609287546,0.345941561966184,0.033243034081318394,0.045370890087096924
2013-11-20 03:00:00,0.09101533087548715,0.3406525342089584,0.042277068807918594,0.06664619984170286
2013-11-20 04:00:00,0.11754299372897477,0.329164536237811,0.033255807435536515,0.07539940058225564
2013-11-20 05:00:00,0.09292113166437466,0.3224457884316869,-0.026859526380821817,0.03303080264177642
2013-11-20 06:00:00,0.08749316626817091,0.31575025732856576,-0.07878337510593882,0.004354895581116049
2013-11-20 07:00:00,7.4301762253945094e-09,0.2972037105258014,-0.08644597950443207,-0.043222986037127924
2013-11-20 08:00:00,2.7791545735267943e-09,0.15697069884638623,-0.10582317927411883,-0.05291158824748213
2013-11-20 09:00:00,1.896358073405417e-09,0.11453499725174529,-0.1130197500140977,-0.05650987405886981
2013-11-20 10:00:00,1.4419972089163464e-09,0.10192416324001866,-0.11334787941515136,-0.05667393898657708
2013-11-20 11:00:00,1.445659612884569e-09,0.10335183794527028,-0.11935585181540483,-0.0596779251848726
2013-11-20 12:00:00,1.8068956738937203e-09,0.11255302464584675,-0.11484417949125363,-0.057422088842178975
2013-11-20 13:00:00,2.1237999087327257e-09,0.13017390038192467,-0.10933386701111325,-0.05466693244365667
2013-11-20 14:00:00,3.4733311770018623e-09,0.2202956287602695,-0.09417859576774705,-0.047089296147207936
2013-11-20 15:00:00,7.080569288844833e-09,0.31115340034286515,-0.08275490728861362,-0.04137745010402217
2013-11-20 16:00:00,6.99739765451723e-09,0.30702008107973006,-0.09603605102881234,-0.04801802201570734
2013-11-20 17:00:00,6.9316222862167614e-09,0.3004620641365229,-0.1006794100397814,-0.050339701554079554
2013-11-20 18:00:00,6.235363182078316e-09,0.2959952320274559,-0.09143465391884427,-0.04571732384174054
2013-11-20 19:00:00,6.270033829215123e-09,0.29537953224928265,-0.06551508679799196,-0.03275754026397907
2013-11-20 20:00:00,6.3350576515586534e-09,0.2910903727680886,-0.011782499359718262,-0.005891246512330305
2013-11-20 21:00:00,6.516653189564138e-09,0.2958803774755069,0.011197086464516266,0.005598546490584728
2013-11-20 22:00:00,6.648660100516439e-09,0.29897115711005073,0.0361002027645733,0.0180501047066167
2013-11-20 23:00:00,6.364220629947021e-09,0.2756034619594698,0.04788224686348075,0.02394112661385069
2013-11-21 00:00:00,6.262870777894277e-09,0.26131656707853973,0.027415672653902674,0.013707839458386726
2013-11-21 01:00:00,6.267147494385345e-09,0.2553824566445771,0.025195129042008848,0.012597567654578172
2013-11-21 02:00:00,6.2872250264495535e-09,0.25804510499294697,0.033243034081318394,0.01662152018427171
2013-11-21 03:00:00,6.42256479824461e-09,0.27718490148765734,0.042277068807918594,0.021138537615241697
2013-11-21 04:00:00,6.9160452256150316e-09,0.3051491507902711,0.033255807435536515,0.01662790717579087
2013-11-21 05:00:00,8.392833479229845e-09,0.3294214986933016,-0.026859526380821817,-0.013429758993994168
2013-11-21 06:00:00,0.08733388358967864,0.3479099056150879,-0.07878337510593882,0.004275254241869912
2013-11-21 07:00:00,9.125674917464043e-09,0.3264191438260357,-0.08644597950443207,-0.043222985189378574
2013-11-21 08:00:00,2.7853348080525745e-09,0.1627774659748935,-0.10582317927411883,-0.05291158824439201
2013-11-21 09:00:00,2.378604024213415e-09,0.1342078389450939,-0.1130197500140977,-0.05650987381774684
2013-11-21 10:00:00,2.221464278905119e-09,0.12052251873497609,-0.11334787941515136,-0.05667393859684354
2013-11-21 11:00:00,2.15158772901007e-09,0.1174557512008442,-0.11935585181540483,-0.05967792483190855
2013-11-21 12:00:00,2.3565739476487307e-09,0.12560589318495805,-0.11484417949125363,-0.05742208856733984
2013-11-21 13:00:00,3.174655171759523e-09,0.1886403327473744,-0.10933386701111325,-0.054666931918229036
2013-11-21 14:00:00,6.009696352593021e-09,0.2844258315023436,-0.09417859576774705,-0.04708929487902535
2013-11-21 15:00:00,0.11584930478788696,0.36085165784720363,-0.08275490728861362,0.01654719874963667
2013-11-21 16:00:00,0.0993947122080304,0.34184799904324187,-0.09603605102881234,0.001679330589609028
2013-11-21 17:00:00,0.08452860534863184,0.3238583589287046,-0.1006794100397814,-0.00807540234557478
2013-11-21 18:00:00,0.07333000398309077,0.3098236079288195,-0.09143465391884427,-0.009052324967876751
2013-11-21 19:00:00,7.445183447103127e-09,0.3011459898411719,-0.06551508679799196,-0.03275753967640426
2013-11-21 20:00:00,7.031448957045569e-09,0.2971978772346197,-0.011782499359718262,-0.005891246164134652
2013-11-21 21:00:00,6.693894981983658e-09,0.29076048946473443,0.011197086464516266,0.005598546579205624
2013-11-21 22:00:00,6.355303665652582e-09,0.26775587324573047,0.0361002027645733,0.018050104559938482
2013-11-21 23:00:00,6.2951669177042845e-09,0.2591829458480909,0.04788224686348075,0.023941126579323832
2013-11-22 00:00:00,6.297251470137087e-09,0.25546698694399145,0.027415672653902674,0.013707839475577072
2013-11-22 01:00:00,6.331555878700033e-09,0.2532142028020032,0.025195129042008848,0.012597567686782364
2013-11-22 02:00:00,6.350231511766109e-09,0.24690875431858153,0.033243034081318394,0.016621520215774954
2013-11-22 03:00:00,6.350228370863926e-09,0.24235681355172428,0.042277068807918594,0.021138537579073483
2013-11-22 04:00:00,6.333762219584941e-09,0.2414975295752736,0.033255807435536515,0.01662790688464937
2013-11-22 05:00:00,6.319202104457758e-09,0.25061871945427516,-0.026859526380821817,-0.013429760030809855
2013-11-22 06:00:00,6.308813550693337e-09,0.26131793393856745,-0.07878337510593882,-0.03939168439856263
2013-11-22 07:00:00,6.320361059586397e-09,0.26012547075956644,-0.08644597950443207,-0.04322298659203551
2013-11-22 08:00:00,3.801287931850114e-09,0.19201551309629783,-0.10582317927411883,-0.052911587736415445
2013-11-22 09:00:00,3.6043109721813877e-09,0.18326570794920263,-0.1130197500140977,-0.05650987320489336
2013-11-22 10:00:00,3.434647083743915e-09,0.18749364803562385,-0.11334787941515136,-0.05667393799025214
2013-11-22 11:00:00,3.511497244590734e-09,0.19203208380990164,-0.11935585181540483,-0.05967792415195379
2013-11-22 12:00:00,3.7231633470665785e-09,0.19988601005488577,-0.11484417949125363,-0.05742208788404514
2013-11-22 13:00:00,4.249604913168821e-09,0.2172167449776769,-0.10933386701111325,-0.054666931380754166
2013-11-22 14:00:00,5.294630703002922e-09,0.2534681590475899,-0.09417859576774705,-0.04708929523655817
2013-11-22 15:00:00,0.06561070172190309,0.2850749329313157,-0.08275490728861362,-0.008572102783355268
2013-11-22 16:00:00,0.06692004828510988,0.28507797464347673,-0.09603605102881234,-0.014558001371851231
2013-11-22 17:00:00,0.0682042193565457,0.28611287735035257,-0.1006794100397814,-0.016237595341617846
2013-11-22 18:00:00,0.06985261460236801,0.2882721508303799,-0.09143465391884427,-0.01079101965823813
2013-11-22 19:00:00,0.07240459929716063,0.2910537750631776,-0.06551508679799196,0.0034447562495843326
2013-11-22 20:00:00,0.07523102713804959,0.29313098524623943,-0.011782499359718262,0.03172426388916567
2013-11-22 21:00:00,0.07819527003543267,0.3011195194999826,0.011197086464516266,0.04469617824997447
2013-11-22 22:00:00,0.09612616513778459,0.3328422791090925,0.0361002027645733,0.06611318395117895
2013-11-22 23:00:00,0.10470776975631343,0.3438271770922435,0.04788224686348075,0.07629500830989709
2013-11-23 00:00:00,0.07551686959156015,0.3489687506911813,0.027415672653902674,0.05146627112273141
2013-11-23 01:00:00,0.07652757307342634,0.3587600645231473,0.025195129042008848,0.050861351057717594
2013-11-23 02:00:00,0.09884001996870691,0.3659043903011581,0.033243034081318394,0.06604152702501265
2013-11-23 03:00:00,0.10899637409231006,0.3737004772683541,0.042277068807918594,0.07563672145011432
2013-11-23 04:00:00,0.11439202676497165,0.37665858430078647,0.033255807435536515,0.07382391710025409
2013-11-23 05:00:00,0.11441023771877429,0.3757813828317499,-0.026859526380821817,0.04377535566897624
2013-11-23 06:00:00,0.11491119452631612,0.3728206407310249,-0.07878337510593882,0.018063909710188654
2013-11-23 07:00:00,0.09088311083801037,0.346309045465452,-0.08644597950443207,0.0022185656667891504
2013-11-23 08:00:00,6.12591357127419e-09,0.24136211556610807,-0.10582317927411883,-0.05291158657410263
2013-11-23 09:00:00,5.983036261389865e-09,0.23793355035187136,-0.1130197500140977,-0.05650987201553072
2013-11-23 10:00:00,4.603557481293897e-09,0.2095127484322093,-0.11334787941515136,-0.05667393740579694
2013-11-23 11:00:00,4.125351963856729e-09,0.1929102360503415,-0.11935585181540483,-0.05967792384502643
2013-11-23 12:00:00,4.085459466813876e-09,0.1824033475701761,-0.11484417949125363,-0.05742208770289708
2013-11-23 13:00:00,5.094075758167553e-09,0.22665123423669103,-0.10933386701111325,-0.054666930958518746
2013-11-23 14:00:00,0.07513661160516887,0.30116524528898014,-0.09417859576774705,-0.009520992081289092
2013-11-23 15:00:00,0.12402638518079259,0.35310849645503434,-0.08275490728861362,0.020635738946089485
2013-11-23 16:00:00,0.1086764707695178,0.3373799699177897,-0.09603605102881234,0.006320209870352728
2013-11-23 17:00:00,0.09944138665342232,0.3249612918554184,-0.1006794100397814,-0.0006190116931795372
2013-11-23 18:00:00,0.08297711858196094,0.31095730963996965,-0.09143465391884427,-0.0042287676684416645
2013-11-23 19:00:00,8.93462956833219e-09,0.2995931807996304,-0.06551508679799196,-0.0327575389316812
2013-11-23 20:00:00,8.258781807017697e-09,0.29191492470231445,-0.011782499359718262,-0.005891245550468227
2013-11-23 21:00:00,8.150052824884333e-09,0.2853727067448923,0.011197086464516266,0.005598547307284546
2013-11-23 22:00:00,7.657007226702139e-09,0.27592254151362905,0.0361002027645733,0.018050105210790264
2013-11-23 23:00:00,6.964299571169153e-09,0.25853282959797025,0.04788224686348075,0.02394112691389016
2013-11-24 00:00:00,6.450047825707119e-09,0.24081507548412065,0.027415672653902674,0.01370783955197525
2013-11-24 01:00:00,6.315395198022179e-09,0.2264397298256437,0.025195129042008848,0.012597567678702022
2013-11-24 02:00:00,5.580885555707782e-09,0.2230874258581373,0.033243034081318394,0.016621519831101973
2013-11-24 03:00:00,5.503089005614697e-09,0.21908975233113134,0.042277068807918594,0.0211385371555038
2013-11-24 04:00:00,5.497039331377572e-09,0.21403882629950444,0.033255807435536515,0.016627906466287923
2013-11-24 05:00:00,4.809282736832761e-09,0.20531330134598855,-0.026859526380821817,-0.01342976078576954
2013-11-24 06:00:00,4.8092822511196014e-09,0.1971403642334167,-0.07878337510593882,-0.03939168514832828
2013-11-24 07:00:00,4.127086465439438e-09,0.17577406422953398,-0.08644597950443207,-0.043222987688672804
2013-11-24 08:00:00,1.758452440167744e-09,0.1141068946643993,-0.10582317927411883,-0.052911588757833194
2013-11-24 09:00:00,1.5439110615417307e-09,0.10301310630389868,-0.1130197500140977,-0.056509874235093314
2013-11-24 10:00:00,1.2846731291671672e-09,0.09517755952314452,-0.11334787941515136,-0.05667393906523911
2013-11-24 11:00:00,1.2498301772416171e-09,0.09119664017490416,-0.11935585181540483,-0.05967792528278732
2013-11-24 12:00:00,1.3444293542482033e-09,0.09448677249967152,-0.11484417949125363,-0.05742208907341213
2013-11-24 13:00:00,1.6342687695925485e-09,0.10533134977899322,-0.10933386701111325,-0.05466693268842224
2013-11-24 14:00:00,3.072988410405517e-09,0.13679351159958528,-0.09417859576774705,-0.04708929634737932
2013-11-24 15:00:00,6.203097210296807e-09,0.16809001476963628,-0.08275490728861362,-0.0413774505427582
2013-11-24 16:00:00,6.2382025409550565e-09,0.1738296697002859,-0.09603605102881234,-0.0480180223953049
2013-11-24 17:00:00,6.28372781303507e-09,0.18256134811016286,-0.1006794100397814,-0.05033970187802679
2013-11-24 18:00:00,6.337555008049797e-09,0.17611148897383255,-0.09143465391884427,-0.04571732379064463
2013-11-24 19:00:00,6.362697701195073e-09,0.18677755544149904,-0.06551508679799196,-0.03275754021764713
2013-11-24 20:00:00,6.350228366383327e-09,0.19405348236426212,-0.011782499359718262,-0.005891246504744948
2013-11-24 21:00:00,6.333159343150384e-09,0.21179207113914966,0.011197086464516266,0.005598546398837804
2013-11-24 22:00:00,6.284319414585985e-09,0.20431210794702923,0.0361002027645733,0.018050104524446355
2013-11-24 23:00:00,6.201110829787384e-09,0.20506788433600034,0.04788224686348075,0.02394112653229579
2013-11-25 00:00:00,6.184134012575251e-09,0.2079176403276513,0.027415672653902674,0.013707839419018344
2013-11-25 01:00:00,6.183363263891763e-09,0.21158928521722564,0.025195129042008848,0.012597567612686055
2013-11-25 02:00:00,5.496323799971841e-09,0.21176648597868755,0.033243034081318394,0.016621519788821097
2013-11-25 03:00:00,6.183372762926586e-09,0.21379212088962177,0.042277068807918594,0.02113853749564568
2013-11-25 04:00:00,6.183469059127979e-09,0.21792214239518473,0.033255807435536515,0.016627906809502786
2013-11-25 05:00:00,6.183485500346226e-09,0.23282202733700452,-0.026859526380821817,-0.013429760098668158
2013-11-25 06:00:00,6.183459997377623e-09,0.2427896092630618,-0.07878337510593882,-0.03939168446123941
2013-11-25 07:00:00,5.1706388880994265e-09,0.23473752203273285,-0.08644597950443207,-0.04322298716689659
2013-11-25 08:00:00,7.594542946998044e-10,0.07628997009159257,-0.10582317927411883,-0.05291158925733227
2013-11-25 09:00:00,4.750275858138391e-10,7.970066967572788e-08,-0.1130197500140977,-0.056509874769535055
2013-11-25 10:00:00,3.416590551701017e-10,2.1150724673678304e-08,-0.11334787941515136,-0.056673939536746154
2013-11-25 11:00:00,3.4530626741700715e-10,2.1285091827605357e-08,-0.11935585181540483,-0.05967792573504928
2013-11-25 12:00:00,4.977507170224761e-10,8.169368418905518e-08,-0.11484417949125363,-0.057422089496751455
2013-11-25 13:00:00,1.0086969133374305e-09,0.08214374851782631,-0.10933386701111325,-0.054666933001208166
2013-11-25 14:00:00,2.9668389106641888e-09,0.14450726756290194,-0.09417859576774705,-0.04708929640045407
2013-11-25 15:00:00,0.06645072485992229,0.2750098668232039,-0.08275490728861362,-0.008152091214345666
2013-11-25 16:00:00,0.06573612803222496,0.27230424241267087,-0.09603605102881234,-0.015149961498293688
2013-11-25 17:00:00,0.06539540547810889,0.27229096435581845,-0.1006794100397814,-0.017642002280836254
2013-11-25 18:00:00,0.0658161291460553,0.27506927223956945,-0.09143465391884427,-0.012809262386394488
2013-11-25 19:00:00,0.06697162030226464,0.28029206776993654,-0.06551508679799196,0.0007282667521363376
2013-11-25 20:00:00,0.06675416375185234,0.28205984822561325,-0.011782499359718262,0.027485832196067036
2013-11-25 21:00:00,7.676374694285288e-09,0.27475411693586577,0.011197086464516266,0.00559854707044548
2013-11-25 22:00:00,7.902550100321514e-09,0.2654740649172799,0.0361002027645733,0.0180501053335617
2013-11-25 23:00:00,8.192764273485121e-09,0.2740229328603287,0.04788224686348075,0.02394112752812251
2013-11-26 00:00:00,8.55510382009169e-09,0.2844735016678412,0.027415672653902674,0.013707840604503247
2013-11-26 01:00:00,9.081828876579868e-09,0.29453692863497233,0.025195129042008848,0.012597569061918862
2013-11-26 02:00:00,1.0868166032895201e-08,0.31703106966981026,0.033243034081318394,0.016621522474742214
2013-11-26 03:00:00,1.1052546410351582e-08,0.32464626877302244,0.042277068807918594,0.021138539930232503
2013-11-26 04:00:00,0.08862900230470755,0.3323147095901317,0.033255807435536515,0.060942404870122036
2013-11-26 05:00:00,0.10935602649585321,0.35260316712639633,-0.026859526380821817,0.0412482500575157
2013-11-26 06:00:00,0.1157626549000518,0.36519024244413195,-0.07878337510593882,0.018489639897056494
2013-11-26 07:00:00,0.09445611703239631,0.34918533462009593,-0.08644597950443207,0.004005068763982121
2013-11-26 08:00:00,1.5763942906310797e-09,0.09873635993601404,-0.10582317927411883,-0.05291158884886227
2013-11-26 09:00:00,8.039195412369467e-10,0.0711450704719947,-0.1130197500140977,-0.05650987460508908
2013-11-26 10:00:00,5.944105306442005e-10,0.0644259467079126,-0.11334787941515136,-0.05667393941037041
2013-11-26 11:00:00,6.11538433784025e-10,0.06666970712042412,-0.11935585181540483,-0.0596779256019332
2013-11-26 12:00:00,8.575129884140909e-10,0.07721754768413656,-0.11484417949125363,-0.05742208931687032
2013-11-26 13:00:00,1.6098957169744524e-09,0.10506388812794039,-0.10933386701111325,-0.05466693270060877
2013-11-26 14:00:00,3.895022543421054e-09,0.25630817596650096,-0.09417859576774705,-0.047089295936362255
2013-11-26 15:00:00,0.12299371125589065,0.4026806230432992,-0.08275490728861362,0.020119401983638513
2013-11-26 16:00:00,0.11368024470790936,0.3920615393409559,-0.09603605102881234,0.008822096839548509
2013-11-26 17:00:00,0.10488299963766205,0.3855493668416513,-0.1006794100397814,0.0021017947989403277
2013-11-26 18:00:00,0.09247562570429126,0.37362746446039224,-0.09143465391884427,0.0005204858927234934
2013-11-26 19:00:00,0.09061263638959197,0.36929083380766153,-0.06551508679799196,0.012548774795800001
2013-11-26 20:00:00,0.08477458838558122,0.3587047467135189,-0.011782499359718262,0.03649604451293148
2013-11-26 21:00:00,0.08294093090481414,0.34972811751659844,0.011197086464516266,0.0470690086846652
2013-11-26 22:00:00,7.476551677263104e-09,0.3255032731416652,0.0361002027645733,0.018050105120562487
2013-11-26 23:00:00,7.379955207066674e-09,0.3087179513208326,0.04788224686348075,0.02394112712171798
2013-11-27 00:00:00,7.097594134588586e-09,0.2929199501743367,0.027415672653902674,0.013707839875748404
2013-11-27 01:00:00,6.644820617895535e-09,0.2761978954085992,0.025195129042008848,0.012597567843414733
2013-11-27 02:00:00,6.3879130827215266e-09,0.2613945367899871,0.033243034081318394,0.016621520234615737
2013-11-27 03:00:00,6.328389230026571e-09,0.24623661302429453,0.042277068807918594,0.02113853756815391
2013-11-27 04:00:00,6.297481616319946e-09,0.2438091548892088,0.033255807435536515,0.016627906866509067
2013-11-27 05:00:00,6.263320582291312e-09,0.2585679413954589,-0.026859526380821817,-0.013429760058750618
2013-11-27 06:00:00,6.313909829374227e-09,0.26309725167121034,-0.07878337510593882,-0.039391684396014495
2013-11-27 07:00:00,5.636221463303473e-09,0.24221076215503007,-0.08644597950443207,-0.043222986934105305
2013-11-27 08:00:00,1.607290122066121e-09,0.09910872936367766,-0.10582317927411883,-0.052911588833414354
2013-11-27 09:00:00,1.0933005102508373e-09,0.082378775940846,-0.1130197500140977,-0.056509874460398596
2013-11-27 10:00:00,7.781729327825536e-10,0.07315571391256284,-0.11334787941515136,-0.056673939318489214
2013-11-27 11:00:00,7.414388756316949e-10,0.06997993192803578,-0.11935585181540483,-0.05967792553698297
2013-11-27 12:00:00,7.975613638680748e-10,0.07350497562395122,-0.11484417949125363,-0.05742208934684613
2013-11-27 13:00:00,1.1777209639601492e-09,0.08529511599345355,-0.10933386701111325,-0.054666932916696144
2013-11-27 14:00:00,2.945799059868196e-09,0.12013796078644826,-0.09417859576774705,-0.047089296410973994
2013-11-27 15:00:00,6.204650006282415e-09,0.21638052852200337,-0.08275490728861362,-0.04137745054198181
2013-11-27 16:00:00,6.226090093219913e-09,0.2139354631100407,-0.09603605102881234,-0.048018022401361125
2013-11-27 17:00:00,6.308524554671877e-09,0.2142032567921626,-0.1006794100397814,-0.050339701865628424
2013-11-27 18:00:00,6.280918251908148e-09,0.21457233881719462,-0.09143465391884427,-0.045717323818963006
2013-11-27 19:00:00,6.30706830306544e-09,0.2099994641537868,-0.06551508679799196,-0.03275754024546183
2013-11-27 20:00:00,6.282819814560271e-09,0.20103733445662225,-0.011782499359718262,-0.005891246538449224
2013-11-27 21:00:00,6.2661854700387564e-09,0.17823664710395748,0.011197086464516266,0.005598546365350868
2013-11-27 22:00:00,6.184669298122052e-09,0.1692179082934534,0.0361002027645733,0.018050104474621298
2013-11-27 23:00:00,5.4964020476620484e-09,0.16832883012304564,0.04788224686348075,0.0239411261799414
2013-11-28 00:00:00,5.4963285617602755e-09,0.16904832468908532,0.027415672653902674,0.013707839075115618
2013-11-28 01:00:00,5.496322644455827e-09,0.16820667311293724,0.025195129042008848,0.012597567269165746
2013-11-28 02:00:00,5.4963226104700695e-09,0.1668640629966001,0.033243034081318394,0.016621519788820503
2013-11-28 03:00:00,5.496322584036702e-09,0.165424283126693,0.042277068807918594,0.02113853715212059
2013-11-28 04:00:00,5.496322538722361e-09,0.16386562021124904,0.033255807435536515,0.016627906465929525
2013-11-28 05:00:00,6.183362248567316e-09,0.1653667661376066,-0.026859526380821817,-0.013429760098729784
2013-11-28 06:00:00,6.183361373434378e-09,0.17682911592362696,-0.07878337510593882,-0.03939168446128872
2013-11-28 07:00:00,6.183360867896533e-09,0.17629038726531782,-0.08644597950443207,-0.0432229866605356
2013-11-28 08:00:00,2.7644530344815764e-09,0.11903687798893457,-0.10582317927411883,-0.0529115882548329
2013-11-28 09:00:00,2.533871146428383e-09,0.11334094827665843,-0.1130197500140977,-0.05650987374011328
2013-11-28 10:00:00,2.3040882619164432e-09,0.11133561036365058,-0.11334787941515136,-0.056673938555531544
2013-11-28 11:00:00,2.3594916450594034e-09,0.1118971103794697,-0.11935585181540483,-0.05967792472795659
2013-11-28 12:00:00,2.546807466420821e-09,0.11479270386866669,-0.11484417949125363,-0.057422088472223076
2013-11-28 13:00:00,2.9471609365795123e-09,0.12160028923040365,-0.10933386701111325,-0.05466693203197616
2013-11-28 14:00:00,4.671231746921251e-09,0.16814931116106024,-0.09417859576774705,-0.04708929554825765
2013-11-28 15:00:00,6.183361789759725e-09,0.20212339283046438,-0.08275490728861362,-0.04137745055262591
2013-11-28 16:00:00,6.183361806752598e-09,0.2001002977651363,-0.09603605102881234,-0.048018022422725265
2013-11-28 17:00:00,6.1833618492347796e-09,0.19995208444657933,-0.1006794100397814,-0.050339701928209774
2013-11-28 18:00:00,6.183418045175787e-09,0.200614232612892,-0.09143465391884427,-0.045717323867713114
2013-11-28 19:00:00,6.230755467988981e-09,0.18230362769534186,-0.06551508679799196,-0.03275754028361825
2013-11-28 20:00:00,6.308293202705573e-09,0.17488038890634905,-0.011782499359718262,-0.00589124652571253
2013-11-28 21:00:00,6.380376710754724e-09,0.1643319806167033,0.011197086464516266,0.005598546422446489
2013-11-28 22:00:00,6.407734117993128e-09,0.17358500055431683,0.0361002027645733,0.01805010458615371
2013-11-28 23:00:00,5.601255483328051e-09,0.17556014739367193,0.04788224686348075,0.023941126232368114
2013-11-29 00:00:00,5.524707255327191e-09,0.18053629486071895,0.027415672653902674,0.013707839089304964
2013-11-29 01:00:00,5.499636625259078e-09,0.18828781957157664,0.025195129042008848,0.012597567270822736
2013-11-29 02:00:00,5.500647182425944e-09,0.19506785761951537,0.033243034081318394,0.016621519790982787
2013-11-29 03:00:00,6.202195911720023e-09,0.20302700601414034,0.042277068807918594,0.021138537505057252
2013-11-29 04:00:00,6.2897858965476864e-09,0.21502361976625903,0.033255807435536515,0.016627906862661204
2013-11-29 05:00:00,6.258308425961167e-09,0.24651312813198506,-0.026859526380821817,-0.013429760061256695
2013-11-29 06:00:00,6.20652457972481e-09,0.24908328449868103,-0.07878337510593882,-0.039391684449707115
2013-11-29 07:00:00,6.2106439000581375e-09,0.24662251512193412,-0.08644597950443207,-0.043222986646894085
2013-11-29 08:00:00,3.824815265534351e-09,0.16517239748050982,-0.10582317927411883,-0.05291158772465178
2013-11-29 09:00:00,3.57472116339831e-09,0.13722594759579673,-0.1130197500140977,-0.05650987321968827
2013-11-29 10:00:00,3.346237950026577e-09,0.12873947327163307,-0.11334787941515136,-0.0566739380344567
2013-11-29 11:00:00,2.5616504790739806e-09,0.1202560347834758,-0.11935585181540483,-0.059677924626877175
2013-11-29 12:00:00,2.7658855138606863e-09,0.1163508572724354,-0.11484417949125363,-0.05742208836268405
2013-11-29 13:00:00,3.240145668487846e-09,0.11812231111227216,-0.10933386701111325,-0.05466693188548379
2013-11-29 14:00:00,3.925142734885715e-09,0.12051583301704778,-0.09417859576774705,-0.047089295921302156
2013-11-29 15:00:00,4.80928044373884e-09,0.12201982264424262,-0.08275490728861362,-0.04137745123966659
2013-11-29 16:00:00,4.80928029505127e-09,0.1162793028729931,-0.09603605102881234,-0.04801802310976602
2013-11-29 17:00:00,1.7150975647485016e-08,0.11293378134921005,-0.1006794100397814,-0.05033969644440287
2013-11-29 18:00:00,1.7075799763487195e-08,0.11181179052122031,-0.09143465391884427,-0.045717318421522254
2013-11-29 19:00:00,1.2200319495622786e-08,0.11188275516994288,-0.06551508679799196,-0.03275753729883624
2013-11-29 20:00:00,1.1826002511322589e-08,0.1140920477660388,-0.011782499359718262,-0.005891243766857876
2013-11-29 21:00:00,4.148137658788299e-09,0.1189518885722603,0.011197086464516266,0.005598545306326962
2013-11-29 22:00:00,4.1558671120624894e-09,0.12816171863776066,0.0361002027645733,0.018050103460220204
2013-11-29 23:00:00,4.161499511898416e-09,0.12919464601309383,0.04788224686348075,0.02394112551249013
2013-11-30 00:00:00,4.166485826714823e-09,0.13524229812223418,0.027415672653902674,0.01370783841019425
2013-11-30 01:00:00,4.164093710755304e-09,0.1465040786783506,0.025195129042008848,0.01259756660305128
2013-11-30 02:00:00,4.152345440626365e-09,0.15836677890793158,0.033243034081318394,0.016621519116831917
2013-11-30 03:00:00,4.831437902496998e-09,0.16677937875162105,0.042277068807918594,0.02113853681967825
2013-11-30 04:00:00,4.829134320785797e-09,0.1706571746069024,0.033255807435536515,0.016627906132335418
2013-11-30 05:00:00,4.8296197132806705e-09,0.17582308609788716,-0.026859526380821817,-0.013429760775601051
2013-11-30 06:00:00,4.824328221599204e-09,0.18373402081484724,-0.07878337510593882,-0.0393916851408053
2013-11-30 07:00:00,5.5092369860964035e-09,0.1910276016001822,-0.08644597950443207,-0.043222986997597544
2013-11-30 08:00:00,2.254359856037958e-09,0.12843707925891276,-0.10582317927411883,-0.05291158850987949
2013-11-30 09:00:00,2.191425006543595e-09,0.12753497860810362,-0.1130197500140977,-0.05650987391133635
2013-11-30 10:00:00,1.925305794586579e-09,0.11816960488792577,-0.11334787941515136,-0.05667393874492278
2013-11-30 11:00:00,1.9223801368556424e-09,0.11962178901509012,-0.11935585181540483,-0.05967792494651235
2013-11-30 12:00:00,2.0451959992797952e-09,0.13070618950272103,-0.11484417949125363,-0.057422088723028814
2013-11-30 13:00:00,2.7826784416725243e-09,0.1542390722233797,-0.10933386701111325,-0.05466693211421741
2013-11-30 14:00:00,4.558029945192188e-09,0.24400879229334907,-0.09417859576774705,-0.047089295604858555
2013-11-30 15:00:00,6.32776842777731e-09,0.2978756857470613,-0.08275490728861362,-0.041377450480422594
2013-11-30 16:00:00,6.284793362373312e-09,0.2915794412860519,-0.09603605102881234,-0.048018022372009486
2013-11-30 17:00:00,6.2981165123577155e-09,0.28571098953297175,-0.1006794100397814,-0.05033970187083244
2013-11-30 18:00:00,6.2474948933809746e-09,0.27353392151813655,-0.09143465391884427,-0.045717323835674686
2013-11-30 19:00:00,6.230105529480115e-09,0.2538239325661088,-0.06551508679799196,-0.03275754028394322
2013-11-30 20:00:00,6.207621756065512e-09,0.23708794074186762,-0.011782499359718262,-0.005891246576048253
2013-11-30 21:00:00,6.232396172860572e-09,0.23590267010622912,0.011197086464516266,0.005598546348456219
2013-11-30 22:00:00,6.191040447471234e-09,0.21060594213105302,0.0361002027645733,0.01805010447780687
2013-11-30 23:00:00,6.187025715369401e-09,0.20878352970388128,0.04788224686348075,0.023941126525253233
2013-12-01 00:00:00,6.1965032636363045e-09,0.20517222934358112,0.004345855124613912,0.002172930660558588
2013-12-01 01:00:00,5.500878178757922e-09,0.20316989313419115,-0.00012631766512497919,-6.315608212340022e-05
2013-12-01 02:00:00,5.497437429670381e-09,0.19723601510044514,0.005973574539262836,0.002986790018350133
2013-12-01 03:00:00,4.809282482411571e-09,0.19028272233046348,0.009446630812224978,0.00472331781075373
2013-12-01 04:00:00,4.809282601361735e-09,0.18410180289508526,0.007603621530542188,0.0038018131699123947
2013-12-01 05:00:00,4.80928253527831e-09,0.17925102783641989,-0.03154066735581131,-0.01577033127326439
2013-12-01 06:00:00,4.809281563852168e-09,0.17375904334069178,-0.05934368851663192,-0.02967184185367518
2013-12-01 07:00:00,4.809280295051269e-09,0.1691216243260245,-0.07762463319938775,-0.03881231419505373
2013-12-01 08:00:00,1.1978464762445795e-09,4.594329987183887e-07,-0.12764054899904784,-0.06382027390060067
2013-12-01 09:00:00,1.0647803436061119e-09,2.435449476846545e-07,-0.12249893755161999,-0.06124946824341982
2013-12-01 10:00:00,7.717788880621449e-10,4.492832935190522e-08,-0.12288028430985524,-0.06144014176903818
2013-12-01 11:00:00,1.0496432148826324e-09,2.3203685039009646e-07,-0.12073073088960448,-0.06036536491998063
2013-12-01 12:00:00,1.2106945094596477e-09,0.030007564907211275,-0.1213231336788265,-0.060661566234065996
2013-12-01 13:00:00,1.5138918474919317e-09,0.104593277307574,-0.11796857292480604,-0.0589842857054571
2013-12-01 14:00:00,2.7492892643928652e-09,0.1303716538096881,-0.10840087281931929,-0.05420043503501501
2013-12-01 15:00:00,5.496321356773523e-09,0.15767789967508564,-0.07955929718123901,-0.03977964584245883
2013-12-01 16:00:00,6.183361284221811e-09,0.1593554789944659,-0.11019721771997135,-0.05509860576830503
2013-12-01 17:00:00,6.183416698466434e-09,0.16398554087824851,-0.10383888179726093,-0.05191943780692212
2013-12-01 18:00:00,6.217550461655091e-09,0.17108184920596772,-0.1044734487832573,-0.05223672128285342
2013-12-01 19:00:00,6.268397533461071e-09,0.18142816491598443,-0.07457366466030736,-0.03728682919595491
2013-12-01 20:00:00,6.307742405615513e-09,0.1941736976479292,-0.06618466432982213,-0.03309232901103986
2013-12-01 21:00:00,6.334038068496377e-09,0.212160723514951,-0.03049211942005021,-0.015246056543006072
2013-12-01 22:00:00,6.3166660850888815e-09,0.21424128337537263,-0.009245552676478407,-0.004622773179906161
2013-12-01 23:00:00,6.283996499612862e-09,0.23073617226856166,-0.004068112458773057,-0.002034053087388279
2013-12-02 00:00:00,6.756041716981193e-09,0.2610482735557887,0.004345855124613912,0.0021729309403278147
2013-12-02 01:00:00,8.972121357966218e-09,0.3251082276163003,-0.00012631766512497919,-6.315434650181061e-05
2013-12-02 02:00:00,1.1449962400995134e-08,0.37030490417205286,0.005973574539262836,0.0029867929946126187
2013-12-02 03:00:00,0.00012882766240901819,0.4109580697506143,0.009446630812224978,0.004787729237316998
2013-12-02 04:00:00,0.13682068478866555,0.427990261232024,0.007603621530542188,0.07221215315960387
2013-12-02 05:00:00,0.3098569226628642,0.44205276889846995,-0.03154066735581131,0.13915812765352645
2013-12-02 06:00:00,0.3423306076757989,0.44853211516029423,-0.05934368851663192,0.1414934595795835
2013-12-02 07:00:00,0.36440367559492154,0.45626181872098526,-0.07762463319938775,0.14338952119776688
2013-12-02 08:00:00,2.101946062431877e-09,0.12740532358013554,-0.12764054899904784,-0.06382027344855089
2013-12-02 09:00:00,9.65063869548194e-10,0.08338698922556365,-0.12249893755161999,-0.061249468293278056
2013-12-02 10:00:00,6.421585864359898e-10,0.06848955526508216,-0.12288028430985524,-0.06144014183384833
2013-12-02 11:00:00,6.278731846590336e-10,0.04151532229009261,-0.12073073088960448,-0.06036536513086565
2013-12-02 12:00:00,6.942821964808119e-10,0.07210416967588099,-0.1213231336788265,-0.06066156649227215
2013-12-02 13:00:00,1.1297470010993425e-09,0.09302109066573418,-0.11796857292480604,-0.05898428589752952
2013-12-02 14:00:00,3.900316198764244e-09,0.22129542297318675,-0.10840087281931929,-0.05420043445950155
2013-12-02 15:00:00,0.16728696205181529,0.3961858852340812,-0.07955929718123901,0.04386383243528814
2013-12-02 16:00:00,0.1541039348159153,0.38238697561572177,-0.11019721771997135,0.02195335854797198
2013-12-02 17:00:00,0.14603222462609178,0.37378319454792486,-0.10383888179726093,0.021096671414415423
2013-12-02 18:00:00,0.14027142403078527,0.3702460779473488,-0.1044734487832573,0.017898987623763983
2013-12-02 19:00:00,0.12950244038191688,0.3633270446021451,-0.07457366466030736,0.02746438786080476
2013-12-02 20:00:00,0.11580894743075364,0.3532839566515572,-0.06618466432982213,0.024812141550465752
2013-12-02 21:00:00,0.10399016049865424,0.34256069440234244,-0.03049211942005021,0.03674902053930201
2013-12-02 22:00:00,0.09298351087416754,0.3284947517231241,-0.009245552676478407,0.041868979098844565
2013-12-02 23:00:00,0.0863762102042504,0.3203298443249221,-0.004068112458773057,0.04115404887273867
2013-12-03 00:00:00,9.760930750645142e-09,0.3158743538360628,0.004345855124613912,0.002172932442772331
2013-12-03 01:00:00,9.368781520061798e-09,0.3122775626208405,-0.00012631766512497919,-6.315414817172956e-05
2013-12-03 02:00:00,9.471646939030969e-09,0.3195876323121123,0.005973574539262836,0.0029867920054548877
2013-12-03 03:00:00,9.658705384670409e-09,0.32659688889663974,0.009446630812224978,0.004723320235465181
2013-12-03 04:00:00,0.08467709080738851,0.3352872748847459,0.007603621530542188,0.04614035616896535
2013-12-03 05:00:00,0.0877262400892499,0.340652528805888,-0.03154066735581131,0.028092786366719292
2013-12-03 06:00:00,0.08618573556995442,0.3381443701479434,-0.05934368851663192,0.013421023526661247
2013-12-03 07:00:00,0.08769561099384969,0.339468013767538,-0.07762463319938775,0.005035488897230968
2013-12-03 08:00:00,1.5401774311815877e-09,0.10737129417337807,-0.12764054899904784,-0.0638202737294352
2013-12-03 09:00:00,7.132952886962591e-10,0.004998325948231153,-0.12249893755161999,-0.06124946841916235
2013-12-03 10:00:00,3.608814077426708e-10,2.8819640254543933e-08,-0.12288028430985524,-0.06144014197448692
2013-12-03 11:00:00,3.5866371529086047e-10,2.9352450065142516e-08,-0.12073073088960448,-0.060365365265470386
2013-12-03 12:00:00,6.682672027928869e-10,0.0049815319308000065,-0.1213231336788265,-0.060661566505279645
2013-12-03 13:00:00,1.061115596525339e-09,0.09334922005422096,-0.11796857292480604,-0.05898428593184522
2013-12-03 14:00:00,2.9237953803686035e-09,0.18414642981417187,-0.10840087281931929,-0.05420043494776195
2013-12-03 15:00:00,7.304917408071414e-09,0.3216610775138167,-0.07955929718123901,-0.0397796449381608
2013-12-03 16:00:00,7.174697573782107e-09,0.3124667232022043,-0.11019721771997135,-0.05509860527263689
2013-12-03 17:00:00,7.134435751154741e-09,0.30615906955469546,-0.10383888179726093,-0.05191943733141259
2013-12-03 18:00:00,7.0800759070986164e-09,0.302413127223561,-0.1044734487832573,-0.0522367208515907
2013-12-03 19:00:00,6.786762178761593e-09,0.2957178570887939,-0.07457366466030736,-0.03728682893677259
2013-12-03 20:00:00,6.526901696843234e-09,0.2884463330050414,-0.06618466432982213,-0.033092328901460216
2013-12-03 21:00:00,6.325291864217597e-09,0.2778202799085141,-0.03049211942005021,-0.015246056547379174
2013-12-03 22:00:00,6.191998939632567e-09,0.2502347312163053,-0.009245552676478407,-0.004622773242239734
2013-12-03 23:00:00,6.18670676752511e-09,0.23838262004565708,-0.004068112458773057,-0.002034053136033145
2013-12-04 00:00:00,6.183606182413984e-09,0.2259657733930203,0.004345855124613912,0.0021729306541100474
2013-12-04 01:00:00,6.183443870671466e-09,0.21146457609320832,-0.00012631766512497919,-6.315574084055426e-05
2013-12-04 02:00:00,6.183363174679141e-09,0.2077941494750221,0.005973574539262836,0.0029867903613130056
2013-12-04 03:00:00,6.200135043625798e-09,0.2010263339185196,0.009446630812224978,0.004723318506180011
2013-12-04 04:00:00,6.189175167566383e-09,0.20951926311927146,0.007603621530542188,0.0038018138598586776
2013-12-04 05:00:00,6.213493224648199e-09,0.21479248778742657,-0.03154066735581131,-0.015770330571159043
2013-12-04 06:00:00,6.1858004339332136e-09,0.2159656186674895,-0.05934368851663192,-0.029671841165415744
2013-12-04 07:00:00,6.183560485305561e-09,0.20657871978147496,-0.07762463319938775,-0.038812313507913636
2013-12-04 08:00:00,2.374921929912356e-09,0.1155669341414925,-0.12764054899904784,-0.06382027331206296
2013-12-04 09:00:00,1.8159051469137493e-09,0.10496294359704404,-0.12249893755161999,-0.06124946786785742
2013-12-04 10:00:00,1.7393956099288094e-09,0.10606556491149022,-0.12288028430985524,-0.061440141285229816
2013-12-04 11:00:00,1.8376698114754052e-09,0.10733578513295487,-0.12073073088960448,-0.06036536452596734
2013-12-04 12:00:00,2.0198592378477865e-09,0.11092962031593026,-0.1213231336788265,-0.06066156582948363
2013-12-04 13:00:00,2.6594960119423065e-09,0.11899529781372079,-0.11796857292480604,-0.058984285132655016
2013-12-04 14:00:00,4.534751215675476e-09,0.13754720920077082,-0.10840087281931929,-0.05420043414228404
2013-12-04 15:00:00,6.183360468564175e-09,0.17936965792203136,-0.07955929718123901,-0.039779645498939274
2013-12-04 16:00:00,6.183360613003532e-09,0.1757043828200136,-0.11019721771997135,-0.055098605768305366
2013-12-04 17:00:00,6.1833607022160796e-09,0.17491921564649973,-0.10383888179726093,-0.05191943780695012
2013-12-04 18:00:00,6.183360761691113e-09,0.17634655000332336,-0.1044734487832573,-0.05223672129994827
2013-12-04 19:00:00,6.1833607319535965e-09,0.1779446646784869,-0.07457366466030736,-0.03728682923847332
2013-12-04 20:00:00,6.183360532287419e-09,0.17042013262612415,-0.06618466432982213,-0.0330923290732308
2013-12-04 21:00:00,6.183360978350172e-09,0.1544324223271994,-0.03049211942005021,-0.015246056618344616
2013-12-04 22:00:00,5.49632128880204e-09,0.15838983764418257,-0.009245552676478407,-0.004622773590078559
2013-12-04 23:00:00,4.809282151994479e-09,0.15781383307693408,-0.004068112458773057,-0.0020340538247454526
2013-12-05 00:00:00,4.809282185036187e-09,0.15580195524900653,0.004345855124613912,0.0021729299669480486
2013-12-05 01:00:00,4.809282066086044e-09,0.15427081388286948,-0.00012631766512497919,-6.315642792145655e-05
2013-12-05 02:00:00,4.809282000002633e-09,0.15326362598138774,0.005973574539262836,0.0029867896742724184
2013-12-05 03:00:00,4.80928190087752e-09,0.15021741772536706,0.009446630812224978,0.0047233178107534395
2013-12-05 04:00:00,4.809281838098284e-09,0.14798214122252945,0.007603621530542188,0.003801813169912013
2013-12-05 05:00:00,4.809280952580818e-09,0.143952024974284,-0.03154066735581131,-0.01577033127326518
2013-12-05 06:00:00,5.743350555128933e-09,0.14117897248625427,-0.05934368851663192,-0.029671841386640686
2013-12-05 07:00:00,5.454014798738317e-09,0.1375416760921934,-0.07762463319938775,-0.03881231387268648
2013-12-05 08:00:00,1.9789771766335382e-09,0.10124689178835532,-0.12764054899904784,-0.06382027351003533
2013-12-05 09:00:00,2.3800363944788487e-09,0.10221955651701214,-0.12249893755161999,-0.0612494675857918
2013-12-05 10:00:00,2.505429257685116e-09,0.10245579870513243,-0.12288028430985524,-0.061440140902212996
2013-12-05 11:00:00,2.8473582651641077e-09,0.10403075624895779,-0.12073073088960448,-0.06036536402112311
2013-12-05 12:00:00,7.574342405739726e-09,0.10622803483900935,-0.1213231336788265,-0.060661563052242046
2013-12-05 13:00:00,9.622592276257594e-09,0.11089683895668051,-0.11796857292480604,-0.05898428165110688
2013-12-05 14:00:00,2.2702854742800525e-08,0.11784566075772324,-0.10840087281931929,-0.05420042505823227
2013-12-05 15:00:00,2.7427585593824706e-08,0.12651677300204753,-0.07955929718123901,-0.03977963487682671
2013-12-05 16:00:00,2.6390448139659938e-08,0.12190589836742555,-0.11019721771997135,-0.0550985956647616
2013-12-05 17:00:00,2.6977339214613826e-08,0.12398809072761606,-0.10383888179726093,-0.05191942740996086
2013-12-05 18:00:00,2.6215236320533317e-08,0.12169639702533723,-0.1044734487832573,-0.052236711284010494
2013-12-05 19:00:00,2.660137985544882e-08,0.1214697968370296,-0.07457366466030736,-0.03728681902946376
2013-12-05 20:00:00,1.923132356022238e-08,0.122641850128112,-0.06618466432982213,-0.033092322549249285
2013-12-05 21:00:00,1.0204014326371371e-08,0.11286661248500598,-0.03049211942005021,-0.015246054608017942
2013-12-05 22:00:00,1.0626412727948154e-08,0.11799728148654907,-0.009245552676478407,-0.00462277102503284
2013-12-05 23:00:00,1.0676808767184475e-08,0.10181606568054855,-0.004068112458773057,-0.002034050890982145
2013-12-06 00:00:00,9.700455317721197e-09,0.08374985554242001,0.004345855124613912,0.002172932412534615
2013-12-06 01:00:00,1.0146284573266323e-08,0.08465552292231822,-0.00012631766512497919,-6.315375942020296e-05
2013-12-06 02:00:00,1.0818588053999528e-08,0.0869845873994075,0.005973574539262836,0.002986792678925445
2013-12-06 03:00:00,1.0851767073796143e-08,0.08766335463169808,0.009446630812224978,0.0047233208319960255
2013-12-06 04:00:00,1.0156614339021753e-08,0.10000648309225833,0.007603621530542188,0.0038018158435782633
2013-12-06 05:00:00,8.205620894732652e-09,0.07458285873388193,-0.03154066735581131,-0.015770329575095207
2013-12-06 06:00:00,7.770159703697743e-09,0.10470102605985206,-0.05934368851663192,-0.02967184037323611
2013-12-06 07:00:00,1.0606665207405034e-08,0.10364209548074618,-0.07762463319938775,-0.03881231129636127
2013-12-06 08:00:00,1.1245154252537351e-09,9.81576652871379e-08,-0.12764054899904784,-0.0638202739372662
2013-12-06 09:00:00,1.0203855997284296e-09,7.906086703532027e-08,-0.12249893755161999,-0.061249468265617196
2013-12-06 10:00:00,9.903780727018535e-10,8.3085690570998e-08,-0.12288028430985524,-0.06144014165973859
2013-12-06 11:00:00,1.0283239227554947e-09,8.25236490012575e-08,-0.12073073088960448,-0.06036536493064028
2013-12-06 12:00:00,1.1030031348330764e-09,8.403227890995792e-08,-0.1213231336788265,-0.06066156628791168
2013-12-06 13:00:00,1.648257754352472e-09,4.0845373428259637e-07,-0.11796857292480604,-0.058984285638274146
2013-12-06 14:00:00,2.44917469129325e-09,0.09034071048814486,-0.10840087281931929,-0.054200435185072296
2013-12-06 15:00:00,1.2964903815066348e-08,0.09965999106756862,-0.07955929718123901,-0.0397796421081676
2013-12-06 16:00:00,1.300757846932857e-08,0.10038011391056237,-0.11019721771997135,-0.05509860235619644
2013-12-06 17:00:00,1.3047809491360511e-08,0.10105337779800226,-0.10383888179726093,-0.05191943437472572
2013-12-06 18:00:00,1.3084130314463162e-08,0.10165864348784304,-0.1044734487832573,-0.05223671784956349
2013-12-06 19:00:00,1.1716511377430853e-08,0.10230213691212295,-0.07457366466030736,-0.037286826471897995
2013-12-06 20:00:00,1.0338345301105236e-08,0.10289979755148167,-0.06618466432982213,-0.033092326995738414
2013-12-06 21:00:00,9.436066426846587e-09,0.10379479969203927,-0.03049211942005021,-0.015246054991991892
2013-12-06 22:00:00,8.536229473906501e-09,0.10496586248491377,-0.009245552676478407,-0.004622772070124467
2013-12-06 23:00:00,8.567923805076612e-09,0.10582282340390047,-0.004068112458773057,-0.002034051945424626
2013-12-07 00:00:00,8.666904649917462e-09,0.1085487109991399,0.004345855124613912,0.002172931895759281
2013-12-07 01:00:00,8.767582283014483e-09,0.11140101118924348,-0.00012631766512497919,-6.315444877134808e-05
2013-12-07 02:00:00,8.839598988095352e-09,0.11349256764230943,0.005973574539262836,0.002986791689430912
2013-12-07 03:00:00,3.4352107439992e-09,0.11694325396798987,0.009446630812224978,0.004723317123717861
2013-12-07 04:00:00,4.128591556752825e-09,0.12015547450769233,0.007603621530542188,0.0038018128295668726
2013-12-07 05:00:00,4.192372240731255e-09,0.12450763986424904,-0.03154066735581131,-0.015770331581719536
2013-12-07 06:00:00,4.244450207684698e-09,0.12792471325436292,-0.05934368851663192,-0.029671842136090858
2013-12-07 07:00:00,5.125908657287507e-09,0.133106464144384,-0.07762463319938775,-0.03881231403673955
2013-12-07 08:00:00,1.7742132814161435e-09,0.10223427746458132,-0.12764054899904784,-0.06382027361241728
2013-12-07 09:00:00,1.5799016030456449e-09,0.09832318822871593,-0.12249893755161999,-0.061249467985859195
2013-12-07 10:00:00,1.4753716100578685e-09,0.10191823545306762,-0.12288028430985524,-0.061440141417241814
2013-12-07 11:00:00,1.538146160285764e-09,0.10040052109468052,-0.12073073088960448,-0.06036536467572916
2013-12-07 12:00:00,1.812227574466014e-09,0.11001001402313454,-0.1213231336788265,-0.06066156593329946
2013-12-07 13:00:00,2.9823694441791922e-09,0.13249958224810438,-0.11796857292480604,-0.0589842849712183
2013-12-07 14:00:00,9.75521999301728e-09,0.18170577645742386,-0.10840087281931929,-0.05420043153204965
2013-12-07 15:00:00,4.4171316853969834e-05,0.2544666714816485,-0.07955929718123901,-0.03975756293219252
2013-12-07 16:00:00,0.03579155559505924,0.29117790528397774,-0.11019721771997135,-0.03720283106245605
2013-12-07 17:00:00,0.0688999534430788,0.3081671537284196,-0.10383888179726093,-0.017469464177091068
2013-12-07 18:00:00,0.05679227103170437,0.31852468367260456,-0.1044734487832573,-0.023840588875776468
2013-12-07 19:00:00,0.03505895813586068,0.33105734832708317,-0.07457366466030736,-0.019757353262223342
2013-12-07 20:00:00,0.00010156006317214693,0.33626790740737483,-0.06618466432982213,-0.03304155213332499
2013-12-07 21:00:00,9.065748506357632e-05,0.3320432354824376,-0.03049211942005021,-0.015200730967493317
2013-12-07 22:00:00,1.074308390637162e-08,0.29163866540601696,-0.009245552676478407,-0.00462277096669725
2013-12-07 23:00:00,7.806178628374429e-09,0.2622313861248807,-0.004068112458773057,-0.0020340523262972147
2013-12-08 00:00:00,5.982754305383129e-09,0.2451634138555385,0.004345855124613912,0.0021729305536841085
2013-12-08 01:00:00,5.006468049179359e-09,0.2395218630725958,-0.00012631766512497919,-6.3156329328465e-05
2013-12-08 02:00:00,4.8757186490625676e-09,0.23224501677087153,0.005973574539262836,0.0029867897074907428
2013-12-08 03:00:00,4.1620404055696676e-09,0.22350324053249573,0.009446630812224978,0.004723317487132691
2013-12-08 04:00:00,4.1623953986134085e-09,0.2131493132602802,0.007603621530542188,0.0038018128464687934
2013-12-08 05:00:00,4.160924400285238e-09,0.20226651791723607,-0.03154066735581131,-0.015770331597443454
2013-12-08 06:00:00,4.844928756350454e-09,0.19130850831054502,-0.05934368851663192,-0.029671841835851583
2013-12-08 07:00:00,4.823419670455285e-09,0.17955391393577097,-0.07762463319938775,-0.038812314187984046
2013-12-08 08:00:00,1.8506110692212137e-09,0.06188367556734316,-0.12764054899904784,-0.06382027357421838
2013-12-08 09:00:00,9.847767511236508e-10,6.199616114780603e-08,-0.12249893755161999,-0.06124946828342162
2013-12-08 10:00:00,8.738044429210214e-10,5.165064224175594e-08,-0.12288028430985524,-0.0614401417180254
2013-12-08 11:00:00,8.401899046961837e-10,4.595258511050396e-08,-0.12073073088960448,-0.06036536502470729
2013-12-08 12:00:00,8.451618571444663e-10,3.813066296550529e-08,-0.1213231336788265,-0.06066156641683232
2013-12-08 13:00:00,9.744977248942464e-10,3.960163826911545e-08,-0.11796857292480604,-0.05898428597515416
2013-12-08 14:00:00,1.845025386050229e-09,6.846613328509197e-08,-0.10840087281931929,-0.05420043548714695
2013-12-08 15:00:00,3.435199398869786e-09,0.12442628380543341,-0.07955929718123901,-0.039779646873019804
2013-12-08 16:00:00,3.4351994484322852e-09,0.12108538881297883,-0.11019721771997135,-0.05509860714238595
2013-12-08 17:00:00,3.4351994555126423e-09,0.11857865793041776,-0.10383888179726093,-0.05191943918103074
2013-12-08 18:00:00,3.435199438991809e-09,0.11665224006181518,-0.1044734487832573,-0.05223672267402893
2013-12-08 19:00:00,3.4351993917894285e-09,0.11506482290349543,-0.07457366466030736,-0.03728683061255399
2013-12-08 20:00:00,3.4351996466822966e-09,0.08685900230388126,-0.06618466432982213,-0.03309233044731124
2013-12-08 21:00:00,3.4351994909144286e-09,0.05865271390953994,-0.03049211942005021,-0.015246057992425361
2013-12-08 22:00:00,3.4351996938846837e-09,6.247242998251334e-07,-0.009245552676478407,-0.004622774620639356
2013-12-08 23:00:00,2.7481606916034393e-09,1.114557574619201e-07,-0.004068112458773057,-0.002034054855306183
2013-12-09 00:00:00,2.748160668946278e-09,1.1096372271624024e-07,0.004345855124613912,0.0021729289363872904
2013-12-09 01:00:00,2.7481606632819873e-09,1.1069905808996509e-07,-0.00012631766512497919,-6.315745848215795e-05
2013-12-09 02:00:00,2.748160665170084e-09,1.1039383086827949e-07,0.005973574539262836,0.0029867886437117508
2013-12-09 03:00:00,2.748160689715342e-09,1.1099498442060507e-07,0.009446630812224978,0.004723316780192834
2013-12-09 04:00:00,3.435200373599202e-09,0.08046109801823571,0.007603621530542188,0.0038018124828712806
2013-12-09 05:00:00,1.3314951940262886e-08,0.11423710546971555,-0.03154066735581131,-0.015770327020429686
2013-12-09 06:00:00,4.8376609327212354e-09,0.11734552534743968,-0.05934368851663192,-0.029671841839485496
2013-12-09 07:00:00,6.234275922256959e-09,0.12213937391318079,-0.07762463319938775,-0.03881231348255591
2013-12-09 08:00:00,2.564549335839333e-09,0.09937260144889716,-0.12764054899904784,-0.06382027321724926
2013-12-09 09:00:00,2.026182147404735e-09,0.0909485622688828,-0.12249893755161999,-0.06124946776271892
2013-12-09 10:00:00,1.8030763117460789e-09,0.09449828727059946,-0.12288028430985524,-0.061440141253389466
2013-12-09 11:00:00,1.7390631777563968e-09,0.09348443428134542,-0.12073073088960448,-0.060365364575270655
2013-12-09 12:00:00,1.8321254971835685e-09,0.09900154514291007,-0.1213231336788265,-0.0606615659233505
2013-12-09 13:00:00,2.7883271389783626e-09,0.11484529270677592,-0.11796857292480604,-0.05898428506823945
2013-12-09 14:00:00,4.146149822414669e-09,0.19061942107447585,-0.10840087281931929,-0.05420043433658473
2013-12-09 15:00:00,7.008936669003297e-09,0.25623824516576893,-0.07955929718123901,-0.03977964508615117
2013-12-09 16:00:00,7.069730761598206e-09,0.26441997986916455,-0.11019721771997135,-0.055098605325120294
2013-12-09 17:00:00,7.129728887866758e-09,0.27287681745426584,-0.10383888179726093,-0.05191943733376602
2013-12-09 18:00:00,7.519916380093996e-09,0.2812187669823182,-0.1044734487832573,-0.05223672063167046
2013-12-09 19:00:00,0.06768300554952285,0.2941609487239497,-0.07457366466030736,-0.003445329555392257
2013-12-09 20:00:00,0.0724111610635647,0.3030535454356644,-0.06618466432982213,0.0031132483668712824
2013-12-09 21:00:00,0.07661153369318884,0.31144682540280627,-0.03049211942005021,0.02305970713656931
2013-12-09 22:00:00,0.08389965223455899,0.3278982799964004,-0.009245552676478407,0.03732704977904029
2013-12-09 23:00:00,0.0858558242089579,0.337311430592996,-0.004068112458773057,0.04089385587509242
2013-12-10 00:00:00,8.725312326214502e-09,0.3319697455174649,0.004345855124613912,0.002172931924963119
2013-12-10 01:00:00,7.342668016055421e-09,0.31978366427639116,-0.00012631766512497919,-6.315516122848156e-05
2013-12-10 02:00:00,6.867568453947923e-09,0.3145612408460243,0.005973574539262836,0.002986790703415645
2013-12-10 03:00:00,6.676381112750171e-09,0.3071361475939904,0.009446630812224978,0.004723318744303045
2013-12-10 04:00:00,6.803130237840994e-09,0.31382489488408105,0.007603621530542188,0.003801814166836213
2013-12-10 05:00:00,6.600376799230538e-09,0.3138907670534831,-0.03154066735581131,-0.015770330377717256
2013-12-10 06:00:00,7.0593352880336255e-09,0.30926043639247125,-0.05934368851663192,-0.029671840728648317
2013-12-10 07:00:00,6.913326601228067e-09,0.3065092260728391,-0.07762463319938775,-0.038812313143030575
2013-12-10 08:00:00,2.58797190305732e-09,0.16299717879584,-0.12764054899904784,-0.06382027320553797
2013-12-10 09:00:00,1.5251007448980284e-09,0.1114002271305629,-0.12249893755161999,-0.061249468013259624
2013-12-10 10:00:00,1.1616894341015793e-09,0.10162016023050352,-0.12288028430985524,-0.0614401415740829
2013-12-10 11:00:00,1.114358778731386e-09,0.09895047012592603,-0.12073073088960448,-0.060365364887622855
2013-12-10 12:00:00,1.1780589792475229e-09,0.10430231951139167,-0.1213231336788265,-0.060661566250383755
2013-12-10 13:00:00,1.9311379976818923e-09,0.12544643525133778,-0.11796857292480604,-0.05898428549683402
2013-12-10 14:00:00,3.564043329143966e-09,0.23603560228954085,-0.10840087281931929,-0.05420043462763798
2013-12-10 15:00:00,7.228623542651304e-09,0.3170657695373178,-0.07955929718123901,-0.03977964497630773
2013-12-10 16:00:00,7.059182733848948e-09,0.30860442560967205,-0.11019721771997135,-0.055098605330394304
2013-12-10 17:00:00,6.9417589334084025e-09,0.30069190044317334,-0.10383888179726093,-0.051919437427751
2013-12-10 18:00:00,6.8957344749777095e-09,0.2951773206024596,-0.1044734487832573,-0.05223672094376142
2013-12-10 19:00:00,6.230899808381416e-09,0.29263651068146945,-0.07457366466030736,-0.037286829214703776
2013-12-10 20:00:00,6.252993247074385e-09,0.2901710051293994,-0.06618466432982213,-0.03309232903841444
2013-12-10 21:00:00,6.2313888321409385e-09,0.2890944287572112,-0.03049211942005021,-0.01524605659433069
2013-12-10 22:00:00,6.326890320205508e-09,0.29843316863209846,-0.009245552676478407,-0.004622773174794043
2013-12-10 23:00:00,6.380779874981706e-09,0.2854665587945961,-0.004068112458773057,-0.002034053038996591
2013-12-11 00:00:00,6.564004886324006e-09,0.29161913522588384,0.004345855124613912,0.0021729308443093993
2013-12-11 01:00:00,6.788437006036553e-09,0.29870039442615054,-0.00012631766512497919,-6.315543834398657e-05
2013-12-11 02:00:00,7.019585740832206e-09,0.3054839010529797,0.005973574539262836,0.0029867907794242886
2013-12-11 03:00:00,7.507590699728776e-09,0.31500680505567896,0.009446630812224978,0.004723319159907839
2013-12-11 04:00:00,8.353438962593766e-09,0.33303222915377095,0.007603621530542188,0.003801814941990575
2013-12-11 05:00:00,0.07894649129136085,0.34213964857254864,-0.03154066735581131,0.023702911967774767
2013-12-11 06:00:00,0.08040895634030776,0.3446055513043072,-0.05934368851663192,0.010532633911837917
2013-12-11 07:00:00,0.08418496469367348,0.35123664887281114,-0.07762463319938775,0.003280165747142863
2013-12-11 08:00:00,3.634871509125744e-09,0.23291906553344818,-0.12764054899904784,-0.06382027268208816
2013-12-11 09:00:00,2.8492711982168075e-09,0.17935738100263326,-0.12249893755161999,-0.0612494673511744
2013-12-11 10:00:00,2.5508169848468485e-09,0.1628669978123814,-0.12288028430985524,-0.06144014087951913
2013-12-11 11:00:00,2.5272109116172466e-09,0.16215358570054503,-0.12073073088960448,-0.060365364181196784
2013-12-11 12:00:00,2.6962303757759314e-09,0.17016579463532785,-0.1213231336788265,-0.06066156549129806
2013-12-11 13:00:00,3.3614837227008157e-09,0.22312920459145014,-0.11796857292480604,-0.058984284781661164
2013-12-11 14:00:00,6.711698958486005e-09,0.3073609537816472,-0.10840087281931929,-0.054200433053810164
2013-12-11 15:00:00,0.09341164253956057,0.36936552162000824,-0.07955929718123901,0.0069261726791607775
2013-12-11 16:00:00,0.08526487916592716,0.35636128233882736,-0.11019721771997135,-0.012466169277022092
2013-12-11 17:00:00,9.531756466901194e-09,0.3430968928326196,-0.10383888179726093,-0.05191943613275223
2013-12-11 18:00:00,8.75773793328719e-09,0.3347254692681679,-0.1044734487832573,-0.05223672001275968
2013-12-11 19:00:00,8.033407935897466e-09,0.3271301061709256,-0.07457366466030736,-0.03728682831344971
2013-12-11 20:00:00,6.76614578473181e-09,0.3225217288489835,-0.06618466432982213,-0.033092328781838175
2013-12-11 21:00:00,6.5133735893883705e-09,0.3191706902201945,-0.03049211942005021,-0.01524605645333831
2013-12-11 22:00:00,6.932678448083018e-09,0.33211116280995245,-0.009245552676478407,-0.004622772871899979
2013-12-11 23:00:00,6.682068428520622e-09,0.32219361382956424,-0.004068112458773057,-0.0020340528883523146
2013-12-12 00:00:00,6.500429859342334e-09,0.3133910456830761,0.004345855124613912,0.0021729308125218857
2013-12-12 01:00:00,6.5593515645437515e-09,0.3105138827745057,-0.00012631766512497919,-6.315555288670732e-05
2013-12-12 02:00:00,6.513128863750418e-09,0.30986945454741865,0.005973574539262836,0.00298679052619585
2013-12-12 03:00:00,6.444571665858512e-09,0.31140975424214595,0.009446630812224978,0.004723318628398322
2013-12-12 04:00:00,6.409454936220498e-09,0.3133611408725079,0.007603621530542188,0.003801813969998562
2013-12-12 05:00:00,6.380253251165446e-09,0.31622998757537946,-0.03154066735581131,-0.01577033048777903
2013-12-12 06:00:00,6.311329449823656e-09,0.31252856865012174,-0.05934368851663192,-0.029671841102651236
2013-12-12 07:00:00,6.228808740529081e-09,0.3067420891663307,-0.07762463319938775,-0.038812313485289504
2013-12-12 08:00:00,2.7624863042681784e-09,0.1687255407038683,-0.12764054899904784,-0.06382027311828077
2013-12-12 09:00:00,1.9262294777540066e-09,0.11867414345136815,-0.12249893755161999,-0.06124946781269525
2013-12-12 10:00:00,1.688979002599528e-09,0.10793033330306324,-0.12288028430985524,-0.06144014131043812
2013-12-12 11:00:00,1.3560903120935999e-09,0.09884490321560505,-0.12073073088960448,-0.060365364766757086
2013-12-12 12:00:00,1.4234688392205548e-09,0.10205797299439577,-0.1213231336788265,-0.060661566127678826
2013-12-12 13:00:00,1.9963230075879764e-09,0.12131635710351854,-0.11796857292480604,-0.05898428546424152
2013-12-12 14:00:00,3.748265209154573e-09,0.2203529083220683,-0.10840087281931929,-0.05420043453552704
2013-12-12 15:00:00,6.183584009290502e-09,0.2790313853948787,-0.07955929718123901,-0.0397796454988275
2013-12-12 16:00:00,6.183363459309894e-09,0.2670817812856679,-0.11019721771997135,-0.05509860576830394
2013-12-12 17:00:00,6.183362868807314e-09,0.25896326423351734,-0.10383888179726093,-0.051919437806949034
2013-12-12 18:00:00,6.183363042984323e-09,0.2529845686083245,-0.1044734487832573,-0.05223672129994713
2013-12-12 19:00:00,6.1833630344878826e-09,0.24122962561985875,-0.07457366466030736,-0.037286829238472166
2013-12-12 20:00:00,6.2000263794589045e-09,0.23520902149492398,-0.06618466432982213,-0.033092329064897875
2013-12-12 21:00:00,6.262648492849489e-09,0.23016858806081117,-0.03049211942005021,-0.015246056578700859
2013-12-12 22:00:00,6.552258854219731e-09,0.22827859480932255,-0.009245552676478407,-0.004622773062109777
2013-12-12 23:00:00,6.560923700492332e-09,0.1973513659662286,-0.004068112458773057,-0.0020340529489246786
2013-12-13 00:00:00,6.718604746098238e-09,0.19722959747318838,0.004345855124613912,0.0021729309216093292
2013-12-13 01:00:00,7.073200633519231e-09,0.20231083073876208,-0.00012631766512497919,-6.315529596217283e-05
2013-12-13 02:00:00,6.920481231564166e-09,0.20723320782044496,0.005973574539262836,0.002986790729872034
2013-12-13 03:00:00,6.871275298296835e-09,0.21566808679405958,0.009446630812224978,0.004723318841750138
2013-12-13 04:00:00,7.0834581022169856e-09,0.23773034094767223,0.007603621530542188,0.003801814307000145
2013-12-13 05:00:00,7.289947294628754e-09,0.28260799179957125,-0.03154066735581131,-0.01577033003293201
2013-12-13 06:00:00,7.412741884912764e-09,0.29145393688819404,-0.05934368851663192,-0.02967184055194502
2013-12-13 07:00:00,7.468103642216219e-09,0.2947709950392124,-0.07762463319938775,-0.03881231286564206
2013-12-13 08:00:00,2.663879653418744e-09,0.15328905591498154,-0.12764054899904784,-0.0638202731675841
2013-12-13 09:00:00,1.1574751514092954e-09,0.09667033960121323,-0.12249893755161999,-0.061249468197072415
2013-12-13 10:00:00,9.891973108466672e-10,0.08771414459472543,-0.12288028430985524,-0.06144014166032897
2013-12-13 11:00:00,9.44386403680279e-10,0.08508780606091604,-0.12073073088960448,-0.06036536497260904
2013-12-13 12:00:00,1.027935752338573e-09,0.09270262616550247,-0.1213231336788265,-0.06066156632544537
2013-12-13 13:00:00,1.7347929305099393e-09,0.11531120117636329,-0.11796857292480604,-0.058984285595006555
2013-12-13 14:00:00,3.5331076557939366e-09,0.24131548903604177,-0.10840087281931929,-0.05420043464310582
2013-12-13 15:00:00,6.4245875647674715e-09,0.3152974891056118,-0.07955929718123901,-0.03977964537832572
2013-12-13 16:00:00,6.401181964309358e-09,0.30952630680963306,-0.11019721771997135,-0.055098605659394694
2013-12-13 17:00:00,6.406244499638512e-09,0.30795757805510127,-0.10383888179726093,-0.05191943769550822
2013-12-13 18:00:00,6.352080994103047e-09,0.3064690467746137,-0.1044734487832573,-0.05223672121558815
2013-12-13 19:00:00,6.293082851630531e-09,0.3017517438033515,-0.07457366466030736,-0.03728682918361226
2013-12-13 20:00:00,6.271979232200067e-09,0.2988777469203687,-0.06618466432982213,-0.03309232902892145
2013-12-13 21:00:00,6.2565055883723145e-09,0.2869915411908749,-0.03049211942005021,-0.015246056581772312
2013-12-13 22:00:00,6.321188487271664e-09,0.29305353097039694,-0.009245552676478407,-0.00462277317764496
2013-12-13 23:00:00,6.339959566259781e-09,0.27968667063570796,-0.004068112458773057,-0.0020340530594067457
2013-12-14 00:00:00,6.363864724815276e-09,0.2632975133982539,0.004345855124613912,0.0021729307442393186
2013-12-14 01:00:00,6.3454177118045554e-09,0.24962487135431635,-0.00012631766512497919,-6.315565985363369e-05
2013-12-14 02:00:00,6.336200416148127e-09,0.23606386683816005,0.005973574539262836,0.002986790437731626
2013-12-14 03:00:00,6.281738325847889e-09,0.22378659352240096,0.009446630812224978,0.004723318546981652
2013-12-14 04:00:00,6.2982013420257804e-09,0.21853762037188587,0.007603621530542188,0.003801813914371765
2013-12-14 05:00:00,6.858465916617774e-09,0.22939812105023394,-0.03154066735581131,-0.0157703302486727
2013-12-14 06:00:00,7.927325018278741e-09,0.2539454130828105,-0.05934368851663192,-0.029671840294653452
2013-12-14 07:00:00,8.373078195741871e-09,0.2638172668150823,-0.07762463319938775,-0.03881231241315478
2013-12-14 08:00:00,2.3660277459199747e-09,0.13564680709844965,-0.12764054899904784,-0.06382027331651005
2013-12-14 09:00:00,1.6557803226903632e-09,0.11745623273501217,-0.12249893755161999,-0.061249467947919835
2013-12-14 10:00:00,1.6580501714099176e-09,0.12374660534662459,-0.12288028430985524,-0.06144014132590254
2013-12-14 11:00:00,1.6611459762918445e-09,0.12386834712931365,-0.12073073088960448,-0.060365364614229255
2013-12-14 12:00:00,1.9003342755135773e-09,0.13695348505109461,-0.1213231336788265,-0.06066156588924611
2013-12-14 13:00:00,2.782529097484147e-09,0.15693983104842935,-0.11796857292480604,-0.058984285071138474
2013-12-14 14:00:00,5.0233629045739825e-09,0.19034997958750136,-0.10840087281931929,-0.05420043389797819
2013-12-14 15:00:00,6.225478574846015e-09,0.22993172669554346,-0.07955929718123901,-0.03977964547788022
2013-12-14 16:00:00,6.18428324236586e-09,0.23253698913979481,-0.11019721771997135,-0.055098605767844054
2013-12-14 17:00:00,6.197537556228873e-09,0.21020770021638305,-0.10383888179726093,-0.05191943779986169
2013-12-14 18:00:00,6.199556704142069e-09,0.1949986611890539,-0.1044734487832573,-0.0522367212918503
2013-12-14 19:00:00,6.184982459327896e-09,0.18631427650211538,-0.07457366466030736,-0.03728682923766245
2013-12-14 20:00:00,4.8093486493490185e-09,0.1797571594540448,-0.06618466432982213,-0.03309232976023674
2013-12-14 21:00:00,4.809304223955975e-09,0.1722605315265126,-0.03049211942005021,-0.015246057305372995
2013-12-14 22:00:00,4.809286348294915e-09,0.16034434341107276,-0.009245552676478407,-0.00462277393359603
2013-12-14 23:00:00,3.4352011831206627e-09,0.15277664393712093,-0.004068112458773057,-0.002034054511785937
2013-12-15 00:00:00,3.4352013506892924e-09,0.12571357361945085,0.004345855124613912,0.0021729292799076315
2013-12-15 01:00:00,3.435201558380012e-09,0.0780517210049957,-0.00012631766512497919,-6.31571149617104e-05
2013-12-15 02:00:00,3.4352007606589784e-09,0.032933358108107845,0.005973574539262836,0.0029867889872317987
2013-12-15 03:00:00,3.4352001588282658e-09,0.003085233868041831,0.009446630812224978,0.004723317123712568
2013-12-15 04:00:00,2.7481608558678704e-09,1.82473473164094e-07,0.007603621530542188,0.003801812139351522
2013-12-15 05:00:00,2.7481606708343742e-09,1.8046154056731714e-07,-0.03154066735581131,-0.01577033230382532
2013-12-15 06:00:00,2.7481604310461058e-09,1.7639621252758851e-07,-0.05934368851663192,-0.029671842884235747
2013-12-15 07:00:00,2.748159673919642e-09,2.1085712771668112e-07,-0.07762463319938775,-0.03881231522561404
2013-12-15 08:00:00,1.3677615080981062e-09,5.857743393337469e-08,-0.12764054899904784,-0.06382027381564316
2013-12-15 09:00:00,9.277001906220107e-10,3.88149619110853e-08,-0.12249893755161999,-0.0612494683119599
2013-12-15 10:00:00,8.63295417315153e-10,4.541047742152738e-08,-0.12288028430985524,-0.06144014172327991
2013-12-15 11:00:00,7.626069475280471e-10,4.353255183745708e-08,-0.12073073088960448,-0.060365365063498766
2013-12-15 12:00:00,7.26039373299628e-10,4.378024242851477e-08,-0.1213231336788265,-0.060661566476393564
2013-12-15 13:00:00,8.098743939805408e-10,4.930301374132015e-08,-0.11796857292480604,-0.05898428605746583
2013-12-15 14:00:00,2.011441152907928e-09,0.13200285718081928,-0.10840087281931929,-0.05420043540393907
2013-12-15 15:00:00,4.809280347917961e-09,0.17550844668149768,-0.07955929718123901,-0.03977964618597933
2013-12-15 16:00:00,4.809280463563851e-09,0.17267749741254534,-0.11019721771997135,-0.05509860645534544
2013-12-15 17:00:00,4.809280519734713e-09,0.1710557797304399,-0.10383888179726093,-0.05191943849399021
2013-12-15 18:00:00,4.8092805131263764e-09,0.16913701262523653,-0.1044734487832573,-0.052236721986988394
2013-12-15 19:00:00,4.8092804338263355e-09,0.16567351136792155,-0.07457366466030736,-0.037286829925513465
2013-12-15 20:00:00,4.809280347917961e-09,0.1649268908693621,-0.06618466432982213,-0.03309232976027089
2013-12-15 21:00:00,4.8092801430595405e-09,0.16214751514215223,-0.03049211942005021,-0.015246057305385034
2013-12-15 22:00:00,4.122258888493625e-09,0.15538529573596713,-0.009245552676478407,-0.004622774277109759
2013-12-15 23:00:00,4.122241711455825e-09,0.1515322490407502,-0.004068112458773057,-0.002034054168265673
2013-12-16 00:00:00,3.4352014545346487e-09,0.14896096553383423,0.004345855124613912,0.0021729292799076835
2013-12-16 01:00:00,3.435201648064647e-09,0.14513086456653346,-0.00012631766512497919,-6.315711496166556e-05
2013-12-16 02:00:00,3.435201230323092e-09,0.1414243206279653,0.005973574539262836,0.0029867889872320333
2013-12-16 03:00:00,3.4352011241176277e-09,0.13732937604024756,0.009446630812224978,0.0047233171237130505
2013-12-16 04:00:00,3.4352010485937464e-09,0.13435468132710676,0.007603621530542188,0.0038018124828716185
2013-12-16 05:00:00,4.122240286886818e-09,0.13231230368830577,-0.03154066735581131,-0.015770331616785514
2013-12-16 06:00:00,4.809278870955224e-09,0.13139516343647753,-0.05934368851663192,-0.029671841853676526
2013-12-16 07:00:00,4.809278824696899e-09,0.1302164911015552,-0.07762463319938775,-0.038812314195054466
2013-12-16 08:00:00,6.24291173688543e-10,3.213503971888745e-08,-0.12764054899904784,-0.06382027418737833
2013-12-16 09:00:00,4.4173180678620917e-10,2.4503265265583987e-08,-0.12249893755161999,-0.06124946855494409
2013-12-16 10:00:00,4.2531788540173595e-10,2.3863627244445743e-08,-0.12288028430985524,-0.061440141942268676
2013-12-16 11:00:00,4.2756191354221036e-10,2.4231453555176e-08,-0.12073073088960448,-0.06036536523102128
2013-12-16 12:00:00,4.4474139550694464e-10,2.4406933893877747e-08,-0.1213231336788265,-0.06066156661704255
2013-12-16 13:00:00,5.277385499207716e-10,2.503824884772901e-08,-0.11796857292480604,-0.05898428619853375
2013-12-16 14:00:00,1.4572865938830008e-09,0.09492782614613153,-0.10840087281931929,-0.054200435681016346
2013-12-16 15:00:00,6.183359861069303e-09,0.1387133436377638,-0.07955929718123901,-0.03977964549893957
2013-12-16 16:00:00,6.183360341117687e-09,0.13552465877835948,-0.11019721771997135,-0.055098605768305504
2013-12-16 17:00:00,6.183360477060606e-09,0.13190450423470143,-0.10383888179726093,-0.05191943780695023
2013-12-16 18:00:00,6.242223074364278e-09,0.13068920757929642,-0.1044734487832573,-0.052236721270517116
2013-12-16 19:00:00,6.377655253855425e-09,0.13184651237099354,-0.07457366466030736,-0.037286829141326056
2013-12-16 20:00:00,6.6695138154193316e-09,0.1395809200691388,-0.06618466432982213,-0.03309232883015416
2013-12-16 21:00:00,8.380383214989493e-08,0.15217105689852978,-0.03049211942005021,-0.01524601780810903
2013-12-16 22:00:00,2.1774099014227327e-05,0.17499120604339066,-0.009245552676478407,-0.0046118892887320895
2013-12-16 23:00:00,1.8243581527865518e-07,0.18003290187203486,-0.004068112458773057,-0.0020339650114788894
2013-12-17 00:00:00,2.513497587654849e-07,0.18862225811317135,0.004345855124613912,0.0021730532371863386
2013-12-17 01:00:00,3.181735156037765e-07,0.20027158361000583,-0.00012631766512497919,-6.29997458046877e-05
2013-12-17 02:00:00,3.2665143788873614e-07,0.2022080939407987,0.005973574539262836,0.0029869505953503627
2013-12-17 03:00:00,3.855172982873525e-06,0.1986953066468146,0.009446630812224978,0.004725242992603925
2013-12-17 04:00:00,3.204608027454063e-05,0.2035988186583072,0.007603621530542188,0.003817833805408364
2013-12-17 05:00:00,2.6473140506786726e-05,0.1992449559608955,-0.03154066735581131,-0.015757097107652263
2013-12-17 06:00:00,2.3384639457229635e-05,0.20214914640491732,-0.05934368851663192,-0.029660151938587346
2013-12-17 07:00:00,5.738314336678664e-05,0.2215150141640071,-0.07762463319938775,-0.038783625028010485
2013-12-17 08:00:00,2.2937804084300404e-09,0.10533987329592158,-0.12764054899904784,-0.06382027335263371
2013-12-17 09:00:00,7.74969780398275e-10,0.07042524105222696,-0.12249893755161999,-0.0612494683883251
2013-12-17 10:00:00,6.92261822528123e-10,0.06788545601014978,-0.12288028430985524,-0.061440141808796714
2013-12-17 11:00:00,6.887124054962817e-10,0.06934021724252148,-0.12073073088960448,-0.06036536510044604
2013-12-17 12:00:00,7.90089161879534e-10,0.07952220166777675,-0.1213231336788265,-0.06066156644436867
2013-12-17 13:00:00,1.5023205455879315e-09,0.10524573310908737,-0.11796857292480604,-0.05898428571124275
2013-12-17 14:00:00,4.417976432722954e-09,0.25544653710567744,-0.10840087281931929,-0.05420043420067143
2013-12-17 15:00:00,0.2818572495996036,0.4158407947562214,-0.07955929718123901,0.10114897620918231
2013-12-17 16:00:00,0.3094759042830652,0.4307609922341144,-0.11019721771997135,0.09963934328154693
2013-12-17 17:00:00,0.3297625484641241,0.4416543459468191,-0.10383888179726093,0.1129618333334316
2013-12-17 18:00:00,0.34638120602895756,0.45042987229077014,-0.1044734487832573,0.12095387862285012
2013-12-17 19:00:00,0.3477495403575577,0.4511682474804174,-0.07457366466030736,0.13658793784862516
2013-12-17 20:00:00,0.329714481832037,0.4429377946155675,-0.06618466432982213,0.13176490875110744
2013-12-17 21:00:00,0.29562863503851944,0.4253179543308103,-0.03049211942005021,0.13256825780923462
2013-12-17 22:00:00,0.15207527157261763,0.40306817440712706,-0.009245552676478407,0.0714148594480696
2013-12-17 23:00:00,0.11019624349847018,0.3692831178285741,-0.004068112458773057,0.05306406551984856
2013-12-18 00:00:00,9.874272988548386e-09,0.33400653554829496,0.004345855124613912,0.0021729324994434504
2013-12-18 01:00:00,7.149436638890324e-09,0.28145925081134154,-0.00012631766512497919,-6.315525784417014e-05
2013-12-18 02:00:00,6.3832980875037485e-09,0.240045743634197,0.005973574539262836,0.0029867904612804618
2013-12-18 03:00:00,6.250464140368424e-09,0.2245722778306156,0.009446630812224978,0.004723318531344559
2013-12-18 04:00:00,6.243239343524716e-09,0.21352934054347047,0.007603621530542188,0.003801813886890766
2013-12-18 05:00:00,6.233742132122196e-09,0.2129786719927025,-0.03154066735581131,-0.01577033056103459
2013-12-18 06:00:00,6.220954626376002e-09,0.23299261582606476,-0.05934368851663192,-0.02967184114783865
2013-12-18 07:00:00,6.209402268221378e-09,0.2195562876699232,-0.07762463319938775,-0.03881231349499274
2013-12-18 08:00:00,2.1254372166683072e-09,0.11421925753867666,-0.12764054899904784,-0.06382027343680531
2013-12-18 09:00:00,1.4144428249066241e-09,0.09616736761978938,-0.12249893755161999,-0.06124946806858858
2013-12-18 10:00:00,1.2289129062729847e-09,0.09161882356434488,-0.12288028430985524,-0.06144014154047117
2013-12-18 11:00:00,1.198452861592757e-09,0.09009630960638047,-0.12073073088960448,-0.06036536484557581
2013-12-18 12:00:00,1.28837670485556e-09,0.0959761109925205,-0.1213231336788265,-0.06066156619522489
2013-12-18 13:00:00,1.5679110885955128e-09,0.1112898226433943,-0.11796857292480604,-0.058984285678447476
2013-12-18 14:00:00,3.7051095778006397e-09,0.15206920742383145,-0.10840087281931929,-0.054200434557104854
2013-12-18 15:00:00,6.201124703086102e-09,0.21674668307523437,-0.07955929718123901,-0.03977964549005716
2013-12-18 16:00:00,6.200247769478949e-09,0.20714621196809074,-0.11019721771997135,-0.055098605759861786
2013-12-18 17:00:00,6.202838505050446e-09,0.20211696030447185,-0.10383888179726093,-0.05191943779721121
2013-12-18 18:00:00,6.2090132214596455e-09,0.1946137317578509,-0.1044734487832573,-0.05223672128712204
2013-12-18 19:00:00,6.207997375225601e-09,0.16639068055637068,-0.07457366466030736,-0.03728682922615499
2013-12-18 20:00:00,5.510044451849699e-09,0.16048468923665812,-0.06618466432982213,-0.03309232940988884
2013-12-18 21:00:00,4.817773309735045e-09,0.1562963835324021,-0.03049211942005021,-0.015246057301138451
2013-12-18 22:00:00,4.821350382039705e-09,0.15270041019211,-0.009245552676478407,-0.004622773927564013
2013-12-18 23:00:00,4.124968446311681e-09,0.14708080517302224,-0.004068112458773057,-0.0020340541669023053
2013-12-19 00:00:00,4.122811572708173e-09,0.13963206846318826,0.004345855124613912,0.0021729296237127426
2013-12-19 01:00:00,4.122241365934027e-09,0.1331840796990685,-0.00012631766512497919,-6.315677144180662e-05
2013-12-19 02:00:00,4.122241244151768e-09,0.129391280939894,0.005973574539262836,0.0029867893307520405
2013-12-19 03:00:00,4.1222411365302426e-09,0.12597418366202645,0.009446630812224978,0.004723317467233057
2013-12-19 04:00:00,4.122241071390901e-09,0.12374956806504842,0.007603621530542188,0.0038018128263916295
2013-12-19 05:00:00,4.1222409977551265e-09,0.12106044480935671,-0.03154066735581131,-0.015770331616785156
2013-12-19 06:00:00,4.122240303879684e-09,0.11946892907558974,-0.05934368851663192,-0.02967184219719581
2013-12-19 07:00:00,4.122239408922315e-09,0.11874368217115842,-0.07762463319938775,-0.03881231453857417
2013-12-19 08:00:00,2.662469142065846e-09,0.10258521236756461,-0.12764054899904784,-0.06382027316828935
2013-12-19 09:00:00,2.165005129090197e-09,0.09501505180081178,-0.12249893755161999,-0.06124946769330743
2013-12-19 10:00:00,1.9928697260216453e-09,0.09635063351553662,-0.12288028430985524,-0.06144014115849276
2013-12-19 11:00:00,1.9161882429260027e-09,0.09420728881253251,-0.12073073088960448,-0.060365364486708116
2013-12-19 12:00:00,1.958683766206635e-09,0.09719711129285205,-0.1213231336788265,-0.06066156586007136
2013-12-19 13:00:00,2.5653557751672913e-09,0.10685782857251194,-0.11796857292480604,-0.058984285179725135
2013-12-19 14:00:00,4.479996241103955e-09,0.13198599141939682,-0.10840087281931929,-0.05420043416966153
2013-12-19 15:00:00,6.1835501402469374e-09,0.17843243640102255,-0.07955929718123901,-0.03977964549884443
2013-12-19 16:00:00,6.184786392500163e-09,0.18806665249674853,-0.11019721771997135,-0.05509860576759248
2013-12-19 17:00:00,6.188383230808235e-09,0.1975974549936818,-0.10383888179726093,-0.05191943780443885
2013-12-19 18:00:00,6.242403541100791e-09,0.20674580993963598,-0.1044734487832573,-0.05223672127042688
2013-12-19 19:00:00,6.342249382615496e-09,0.21679382559918872,-0.07457366466030736,-0.03728682915902899
2013-12-19 20:00:00,6.314085477035978e-09,0.2241416600517597,-0.06618466432982213,-0.03309232900786833
2013-12-19 21:00:00,6.237739112994788e-09,0.23156006441341026,-0.03049211942005021,-0.015246056591155549
2013-12-19 22:00:00,6.184231841030297e-09,0.21703327878736847,-0.009245552676478407,-0.004622773246123283
2013-12-19 23:00:00,6.189523770792455e-09,0.22301848486632275,-0.004068112458773057,-0.002034053134624643
2013-12-20 00:00:00,5.498362467380536e-09,0.23034177744261186,0.004345855124613912,0.00217293031148819
2013-12-20 01:00:00,5.50406442511813e-09,0.23384528462206253,-0.00012631766512497919,-6.315608053027703e-05
2013-12-20 02:00:00,5.510514382774204e-09,0.23515495652602358,0.005973574539262836,0.0029867900248886094
2013-12-20 03:00:00,5.520826173583776e-09,0.2295366965222993,0.009446630812224978,0.004723318166525575
2013-12-20 04:00:00,5.5356132972226376e-09,0.22377817898423305,0.007603621530542188,0.0038018135330777428
2013-12-20 05:00:00,6.220926702101863e-09,0.21420975742812262,-0.03154066735581131,-0.015770330567442304
2013-12-20 06:00:00,6.201745343548195e-09,0.22492149605436224,-0.05934368851663192,-0.02967184115744329
2013-12-20 07:00:00,6.190576194812778e-09,0.22285864644663014,-0.07762463319938775,-0.03881231350440578
2013-12-20 08:00:00,3.4420983321486936e-09,0.14407427409883752,-0.12764054899904784,-0.06382027277847475
2013-12-20 09:00:00,1.3649356539508883e-09,0.1138427875209777,-0.12249893755161999,-0.06124946809334217
2013-12-20 10:00:00,1.1526128246093874e-09,0.10024163548845437,-0.12288028430985524,-0.06144014157862121
2013-12-20 11:00:00,1.085502592251725e-09,0.06970834713053434,-0.12073073088960448,-0.060365364902050946
2013-12-20 12:00:00,1.1268973035750974e-09,0.06128091493034269,-0.1213231336788265,-0.0606615662759646
2013-12-20 13:00:00,1.3502298435097196e-09,0.10446601949366346,-0.11796857292480604,-0.0589842857872881
2013-12-20 14:00:00,2.468521593662532e-09,0.13199820871010617,-0.10840087281931929,-0.054200435175398846
2013-12-20 15:00:00,4.809292285907334e-09,0.16180224809970054,-0.07955929718123901,-0.039779646185973364
2013-12-20 16:00:00,4.809279842380277e-09,0.15613601763603469,-0.11019721771997135,-0.055098606455345756
2013-12-20 17:00:00,4.80927975977609e-09,0.15090151020533935,-0.10383888179726093,-0.05191943849399058
2013-12-20 18:00:00,4.809279696996911e-09,0.1480885871116936,-0.1044734487832573,-0.0522367219869888
2013-12-20 19:00:00,4.809279614392729e-09,0.14586596842447225,-0.07457366466030736,-0.037286829925513874
2013-12-20 20:00:00,4.809280780764035e-09,0.1424140999233847,-0.06618466432982213,-0.033092329760270676
2013-12-20 21:00:00,4.122240700379908e-09,0.1398674616868673,-0.03049211942005021,-0.015246057648904755
2013-12-20 22:00:00,3.4352010179121704e-09,0.13524105510923443,-0.009245552676478407,-0.004622774620638695
2013-12-20 23:00:00,3.43520117840042e-09,0.09968346243058801,-0.004068112458773057,-0.0020340545117859396
2013-12-21 00:00:00,3.4352010391532615e-09,0.054655648273236136,0.004345855124613912,0.0021729292799074758
2013-12-21 01:00:00,3.435200932947809e-09,0.04098493600063283,-0.00012631766512497919,-6.315711496202312e-05
2013-12-21 02:00:00,3.4352008173018793e-09,0.0385606370851751,0.005973574539262836,0.002986788987231827
2013-12-21 03:00:00,3.435200663894026e-09,0.028183902121409796,0.009446630812224978,0.004723317123712821
2013-12-21 04:00:00,3.435200439682572e-09,0.014121930405490755,0.007603621530542188,0.003801812482871314
2013-12-21 05:00:00,3.435200807861396e-09,5.356102648537413e-07,-0.03154066735581131,-0.01577033196030525
2013-12-21 06:00:00,3.4351998496525703e-09,0.03564127139054716,-0.05934368851663192,-0.02967184254071604
2013-12-21 07:00:00,3.43519951451562e-09,0.08746582095663281,-0.07762463319938775,-0.03881231488209412
2013-12-21 08:00:00,1.4291443373180598e-09,5.953085589483991e-08,-0.12764054899904784,-0.06382027378495175
2013-12-21 09:00:00,7.755402240513786e-10,2.943811601944261e-08,-0.12249893755161999,-0.06124946838803988
2013-12-21 10:00:00,6.574280152859824e-10,2.8021436100652402e-08,-0.12288028430985524,-0.061440141826213615
2013-12-21 11:00:00,6.386168750571096e-10,2.7875235409487836e-08,-0.12073073088960448,-0.0603653651254938
2013-12-21 12:00:00,6.72929533607412e-10,2.8183494071852217e-08,-0.1213231336788265,-0.06066156650294848
2013-12-21 13:00:00,8.300062160659534e-10,3.1586524795275724e-08,-0.11796857292480604,-0.058984286047399914
2013-12-21 14:00:00,1.730712009269839e-09,6.823341814057749e-08,-0.10840087281931929,-0.05420043554430364
2013-12-21 15:00:00,3.4351993681882393e-09,5.044808954415309e-07,-0.07955929718123901,-0.03977964687301982
2013-12-21 16:00:00,3.4351993776287147e-09,4.887420537723715e-07,-0.11019721771997135,-0.055098607142385986
2013-12-21 17:00:00,3.435199370548358e-09,4.694366370531544e-07,-0.10383888179726093,-0.05191943918103078
2013-12-21 18:00:00,3.435199349307288e-09,4.7097014839864234e-07,-0.1044734487832573,-0.05223672267402898
2013-12-21 19:00:00,3.4351992973846725e-09,4.6834094126348023e-07,-0.07457366466030736,-0.037286830612554035
2013-12-21 20:00:00,3.4351992077001586e-09,4.6196937048437695e-07,-0.06618466432982213,-0.03309233044731146
2013-12-21 21:00:00,3.435199077893634e-09,4.6009705862514363e-07,-0.03049211942005021,-0.015246057992425567
2013-12-21 22:00:00,2.752564088111377e-09,7.533786089448649e-08,-0.009245552676478407,-0.004622774961957159
2013-12-21 23:00:00,2.1532845818650474e-09,5.7364511013642926e-08,-0.004068112458773057,-0.0020340551527442377
2013-12-22 00:00:00,2.0613499933233903e-09,4.169991627793543e-08,0.004345855124613912,0.002172928592981953
2013-12-22 01:00:00,2.061459512840341e-09,4.246691027128158e-08,-0.00012631766512497919,-6.315780183273318e-05
2013-12-22 02:00:00,2.061460109203197e-09,4.285269556866801e-08,0.005973574539262836,0.002986788300361473
2013-12-22 03:00:00,2.0614603415156615e-09,4.3108757314528835e-08,0.009446630812224978,0.004723316436842659
2013-12-22 04:00:00,2.0614610795330473e-09,4.364668163621619e-08,0.007603621530542188,0.003801811796001634
2013-12-22 05:00:00,2.061462249596242e-09,4.421738740132701e-08,-0.03154066735581131,-0.01577033264717453
2013-12-22 06:00:00,2.0614652314218908e-09,4.449836243278751e-08,-0.05934368851663192,-0.029671843227583344
2013-12-22 07:00:00,2.0611498289900054e-09,4.418811124144463e-08,-0.07762463319938775,-0.03881231556911896
2013-12-22 08:00:00,1.107221723333539e-09,3.616623894411059e-08,-0.12764054899904784,-0.06382027394591305
2013-12-22 09:00:00,8.358569281917696e-10,3.143316087109021e-08,-0.12249893755161999,-0.06124946835788153
2013-12-22 10:00:00,7.055822281448061e-10,3.045412259136831e-08,-0.12288028430985524,-0.06144014180213651
2013-12-22 11:00:00,6.746503818358122e-10,2.95033933860749e-08,-0.12073073088960448,-0.06036536510747705
2013-12-22 12:00:00,7.180427438662631e-10,2.974865125506713e-08,-0.1213231336788265,-0.06066156648039187
2013-12-22 13:00:00,8.590912540160476e-10,3.263551637846943e-08,-0.11796857292480604,-0.058984286032857394
2013-12-22 14:00:00,1.3309626935682267e-09,3.8322156665431645e-08,-0.10840087281931929,-0.0542004357441783
2013-12-22 15:00:00,2.0611200641433757e-09,5.2361291483703404e-08,-0.07955929718123901,-0.03977964756005947
2013-12-22 16:00:00,2.0611195005468845e-09,5.8161611123594356e-08,-0.11019721771997135,-0.055098607829425925
2013-12-22 17:00:00,2.0611195302843803e-09,5.6886966893055544e-08,-0.10383888179726093,-0.0519194398680707
2013-12-22 18:00:00,2.0611195642700905e-09,5.6697202975779864e-08,-0.1044734487832573,-0.05223672336106887
2013-12-22 19:00:00,2.061119591175445e-09,5.6895947166605996e-08,-0.07457366466030736,-0.037286831299593884
2013-12-22 20:00:00,2.0611196166647296e-09,5.769329238682424e-08,-0.06618466432982213,-0.033092331134351255
2013-12-22 21:00:00,2.0611196336575857e-09,5.87886610476536e-08,-0.03049211942005021,-0.01524605867946529
2013-12-22 22:00:00,2.0611200627273037e-09,5.950541041043076e-08,-0.009245552676478407,-0.004622775307679172
2013-12-22 23:00:00,2.0611204521471695e-09,5.602797114417326e-08,-0.004068112458773057,-0.0020340551988263025
2013-12-23 00:00:00,2.061120445066807e-09,5.6330880630510975e-08,0.004345855124613912,0.0021729285928671787
2013-12-23 01:00:00,2.0611204323221545e-09,5.605616169635614e-08,-0.00012631766512497919,-6.315780200227344e-05
2013-12-23 02:00:00,2.061120439402517e-09,5.595536069041395e-08,0.005973574539262836,0.002986788300191638
2013-12-23 03:00:00,2.061120496045418e-09,5.710350702503177e-08,0.009446630812224978,0.004723316436672737
2013-12-23 04:00:00,2.061119763936161e-09,6.349227721000505e-08,0.007603621530542188,0.0038018117958309758
2013-12-23 05:00:00,2.0611199027111833e-09,6.774727846999912e-08,-0.03154066735581131,-0.015770332647345706
2013-12-23 06:00:00,2.7481593944815518e-09,1.4413094561374032e-07,-0.05934368851663192,-0.029671842884236264
2013-12-23 07:00:00,3.4351993351465743e-09,0.05508344075553308,-0.07762463319938775,-0.03881231488209421
2013-12-23 08:00:00,8.878153709524252e-10,5.1832203784549046e-08,-0.12764054899904784,-0.06382027405561623
2013-12-23 09:00:00,5.974884102658631e-10,2.8892572820334917e-08,-0.12249893755161999,-0.06124946847706579
2013-12-23 10:00:00,5.64706301378304e-10,2.865566334044076e-08,-0.12288028430985524,-0.061440141872574475
2013-12-23 11:00:00,5.556098505732793e-10,2.877819787783662e-08,-0.12073073088960448,-0.060365365166997316
2013-12-23 12:00:00,5.807198673045348e-10,2.8799965350833432e-08,-0.1213231336788265,-0.06066156654905332
2013-12-23 13:00:00,7.088906074613152e-10,3.1984208038357765e-08,-0.11796857292480604,-0.058984286107957716
2013-12-23 14:00:00,9.809090754297513e-10,5.2209110177926394e-08,-0.10840087281931929,-0.054200435919205106
2013-12-23 15:00:00,3.4351997410870716e-09,0.08797991079639121,-0.07955929718123901,-0.03977964687301964
2013-12-23 16:00:00,3.745437145542785e-09,0.10515727632530045,-0.11019721771997135,-0.0550986069872671
2013-12-23 17:00:00,3.8659961636529346e-09,0.08095010530427674,-0.10383888179726093,-0.051919438965632385
2013-12-23 18:00:00,9.237189486741065e-09,0.07750658167357798,-0.1044734487832573,-0.05223671977303391
2013-12-23 19:00:00,9.944822765922497e-09,0.0788850283485327,-0.07457366466030736,-0.037286827357742296
2013-12-23 20:00:00,9.890013194907476e-09,0.07506989613555215,-0.06618466432982213,-0.03309232721990447
2013-12-23 21:00:00,9.789558455150458e-09,0.056857615726287086,-0.03049211942005021,-0.015246054815245878
2013-12-23 22:00:00,9.24213621941752e-09,9.743255950418545e-08,-0.009245552676478407,-0.004622771717171094
2013-12-23 23:00:00,2.152563630383632e-09,4.0457782090725164e-08,-0.004068112458773057,-0.0020340551531047133
2013-12-24 00:00:00,2.061122223655397e-09,4.013345076786648e-08,0.004345855124613912,0.0021729285928680678
2013-12-24 01:00:00,2.1041624254935024e-09,4.030250083556444e-08,-0.00012631766512497919,-6.315778048127685e-05
2013-12-24 02:00:00,5.47675756509657e-09,4.412006131144164e-08,0.005973574539262836,0.0029867900080102006
2013-12-24 03:00:00,4.996243453296817e-09,4.715893175551538e-08,0.009446630812224978,0.004723317904234216
2013-12-24 04:00:00,5.243194201435053e-09,4.791341852796951e-08,0.007603621530542188,0.003801813386868195
2013-12-24 05:00:00,5.3622204364818234e-09,4.819551666098107e-08,-0.03154066735581131,-0.015770330996795437
2013-12-24 06:00:00,5.449583406114442e-09,4.836775693772666e-08,-0.05934368851663192,-0.029671841533524257
2013-12-24 07:00:00,5.32110469470204e-09,4.7655379415732364e-08,-0.07762463319938775,-0.03881231393914153
2013-12-24 08:00:00,1.6772556699790055e-09,3.5067260733148774e-08,-0.12764054899904784,-0.06382027366089608
2013-12-24 09:00:00,1.1718908534859523e-09,3.184782127588066e-08,-0.12249893755161999,-0.06124946818986457
2013-12-24 10:00:00,1.0025676743999597e-09,3.037105269988254e-08,-0.12288028430985524,-0.06144014165364379
2013-12-24 11:00:00,9.127292847764728e-10,2.996610295219381e-08,-0.12073073088960448,-0.0603653649884376
2013-12-24 12:00:00,9.618948969336144e-10,3.120314072159245e-08,-0.1213231336788265,-0.0606615663584658
2013-12-24 13:00:00,1.3200854236254208e-09,3.393177084480782e-08,-0.11796857292480604,-0.05898428580236031
2013-12-24 14:00:00,1.2456584334793614e-09,3.5531594390322404e-08,-0.10840087281931929,-0.054200435786830425
2013-12-24 15:00:00,2.061121294710655e-09,4.0493319616325554e-08,-0.07955929718123901,-0.039779647560058855
2013-12-24 16:00:00,2.0611213088713913e-09,4.014789264640902e-08,-0.11019721771997135,-0.055098607829425016
2013-12-24 17:00:00,2.061121310287465e-09,3.977369384200751e-08,-0.10383888179726093,-0.05191943986806981
2013-12-24 18:00:00,2.061121467471656e-09,3.977515412251886e-08,-0.1044734487832573,-0.05223672336106792
2013-12-24 19:00:00,2.0611214915449126e-09,4.014038492522131e-08,-0.07457366466030736,-0.03728683129959293
2013-12-24 20:00:00,2.0611213839232994e-09,4.111405444107014e-08,-0.06618466432982213,-0.033092331134350374
2013-12-24 21:00:00,2.061121444814474e-09,4.2822642241361e-08,-0.03049211942005021,-0.015246058679464384
2013-12-24 22:00:00,2.0611215467717975e-09,4.6333101103861093e-08,-0.009245552676478407,-0.0046227753076784305
2013-12-24 23:00:00,2.0611215949183153e-09,4.8140640098512465e-08,-0.004068112458773057,-0.0020340551988257314
2013-12-25 00:00:00,2.061121594918315e-09,4.809033607459362e-08,0.004345855124613912,0.0021729285928677533
2013-12-25 01:00:00,2.061132192871195e-09,4.887082446980061e-08,-0.00012631766512497919,-6.315780199639316e-05
2013-12-25 02:00:00,2.0611217733436645e-09,4.975766629144837e-08,0.005973574539262836,0.002986788300192305
2013-12-25 03:00:00,2.061121626071945e-09,4.937013109735652e-08,0.009446630812224978,0.004723316436673302
2013-12-25 04:00:00,2.0791817272195075e-09,4.903797016085134e-08,0.007603621530542188,0.0038018118048619575
2013-12-25 05:00:00,2.1709751556172177e-09,4.8975440059670806e-08,-0.03154066735581131,-0.015770332592418078
2013-12-25 06:00:00,2.1944612278464677e-09,4.9623115755815295e-08,-0.05934368851663192,-0.029671843161085346
2013-12-25 07:00:00,2.1532473410609058e-09,4.997804131161809e-08,-0.07762463319938775,-0.038812315523070205
2013-12-25 08:00:00,1.0938946213010405e-09,3.80737685881204e-08,-0.12764054899904784,-0.06382027395257661
2013-12-25 09:00:00,7.627120921215848e-10,3.2552907662169324e-08,-0.12249893755161999,-0.06124946839445395
2013-12-25 10:00:00,7.160889107296219e-10,3.4210488676242356e-08,-0.12288028430985524,-0.06144014179688317
2013-12-25 11:00:00,7.589373559703549e-10,3.7375774255490664e-08,-0.12073073088960448,-0.06036536506533356
2013-12-25 12:00:00,8.499468482055371e-10,4.242482045864673e-08,-0.1213231336788265,-0.06066156641443982
2013-12-25 13:00:00,1.0217556511426738e-09,7.043708196705515e-08,-0.11796857292480604,-0.058984285951525196
2013-12-25 14:00:00,2.3732324749528363e-09,1.0115951617295794e-06,-0.10840087281931929,-0.05420043522304341
2013-12-25 15:00:00,4.12291822392008e-09,0.22451837675724787,-0.07955929718123901,-0.03977964652916039
2013-12-25 16:00:00,5.521708814932981e-09,0.23361189072444316,-0.11019721771997135,-0.05509860609913127
2013-12-25 17:00:00,5.518189636434415e-09,0.24267916736543232,-0.10383888179726093,-0.051919438139535645
2013-12-25 18:00:00,5.5290416850493774e-09,0.25553982920804746,-0.1044734487832573,-0.05223672162710781
2013-12-25 19:00:00,5.5415307301759535e-09,0.27095737760880184,-0.07457366466030736,-0.037286829559388314
2013-12-25 20:00:00,5.56697196919805e-09,0.28461966459105464,-0.06618466432982213,-0.03309232938142508
2013-12-25 21:00:00,5.7969254831822534e-09,0.30426181613953024,-0.03049211942005021,-0.015246056811562363
2013-12-25 22:00:00,6.202735927573878e-09,0.32866255145506496,-0.009245552676478407,-0.00462277323687124
2013-12-25 23:00:00,7.624804709689373e-09,0.37488001615207595,-0.004068112458773057,-0.002034052416984174
2013-12-26 00:00:00,8.15063365369331e-09,0.38598351766926564,0.004345855124613912,0.002172931637623783
2013-12-26 01:00:00,8.812115894463229e-09,0.3940832721848201,-0.00012631766512497919,-6.315442650454236e-05
2013-12-26 02:00:00,7.89382305159082e-09,0.3595966395307479,0.005973574539262836,0.002986791216542944
2013-12-26 03:00:00,7.2951388877585224e-09,0.34192661410387465,0.009446630812224978,0.004723319053681932
2013-12-26 04:00:00,9.054778661645785e-09,0.36938670290116715,0.007603621530542188,0.0038018152926604246
2013-12-26 05:00:00,1.2607971059058049e-08,0.4166083983792748,-0.03154066735581131,-0.015770327373920128
2013-12-26 06:00:00,1.621013034913431e-08,0.45078777269798714,-0.05934368851663192,-0.029671836153250787
2013-12-26 07:00:00,1.894938379772648e-08,0.49428527792355326,-0.07762463319938775,-0.03881230712500198
2013-12-26 08:00:00,5.71930637061619e-09,0.2778980176141517,-0.12764054899904784,-0.06382027163987074
2013-12-26 09:00:00,2.903742821206254e-09,0.1858542951507813,-0.12249893755161999,-0.061249467323938586
2013-12-26 10:00:00,2.433734035867702e-09,0.1636015694124559,-0.12288028430985524,-0.061440140938060606
2013-12-26 11:00:00,2.5791472961820103e-09,0.17023869457794286,-0.12073073088960448,-0.06036536415522859
2013-12-26 12:00:00,2.834498626088146e-09,0.17932763969425744,-0.1213231336788265,-0.060661565422163936
2013-12-26 13:00:00,3.560922246569384e-09,0.20803178077465106,-0.11796857292480604,-0.0589842846819419
2013-12-26 14:00:00,7.79993921351372e-09,0.28355514234745993,-0.10840087281931929,-0.05420043250969004
2013-12-26 15:00:00,1.7010544365827316e-08,0.39040504823520217,-0.07955929718123901,-0.039779640085347324
2013-12-26 16:00:00,1.805557411824611e-08,0.39556755913729313,-0.11019721771997135,-0.055098599832198614
2013-12-26 17:00:00,1.466408491873816e-08,0.3762390984531863,-0.10383888179726093,-0.05191943356658801
2013-12-26 18:00:00,1.0285966944328614e-08,0.3431560016763317,-0.1044734487832573,-0.05223671924864518
2013-12-26 19:00:00,8.111910950037404e-09,0.3118040562032554,-0.07457366466030736,-0.03728682827419821
2013-12-26 20:00:00,7.246623249296443e-09,0.28762005580780237,-0.06618466432982213,-0.03309232854159944
2013-12-26 21:00:00,6.803353388911071e-09,0.2711819254164248,-0.03049211942005021,-0.015246056308348412
2013-12-26 22:00:00,5.686366063084972e-09,0.25470868940088165,-0.009245552676478407,-0.0046227734950561716
2013-12-26 23:00:00,4.168205941702125e-09,0.23947798631072265,-0.004068112458773057,-0.0020340541452835577
2013-12-27 00:00:00,4.1659242526767926e-09,0.23110107173578,0.004345855124613912,0.002172929645269082
2013-12-27 01:00:00,3.4684474626757103e-09,0.22197131861571434,-0.00012631766512497919,-6.315709833875826e-05
2013-12-27 02:00:00,3.466464869418563e-09,0.2070044102476344,0.005973574539262836,0.002986789002863853
2013-12-27 03:00:00,3.457237474620507e-09,0.18628675918870496,0.009446630812224978,0.0047233171347312265
2013-12-27 04:00:00,3.4471204633640294e-09,0.16988498525018755,0.007603621530542188,0.0038018124888313256
2013-12-27 05:00:00,3.4388532287221715e-09,0.15838638010906564,-0.03154066735581131,-0.01577033195847904
2013-12-27 06:00:00,3.589574965133704e-09,0.1515020381801427,-0.05934368851663192,-0.02967184246352848
2013-12-27 07:00:00,3.6908784833127966e-09,0.1427990037979075,-0.07762463319938775,-0.03881231475425464
2013-12-27 08:00:00,8.708327078347606e-10,3.282920270681464e-08,-0.12764054899904784,-0.06382027406410756
2013-12-27 09:00:00,5.861769312947991e-10,2.7996214940433686e-08,-0.12249893755161999,-0.06124946848272153
2013-12-27 10:00:00,5.616710745245862e-10,2.7587102420817063e-08,-0.12288028430985524,-0.06144014187409209
2013-12-27 11:00:00,5.59167904269572e-10,2.729442156775182e-08,-0.12073073088960448,-0.06036536516521829
2013-12-27 12:00:00,5.888231567999683e-10,2.7767739366685867e-08,-0.1213231336788265,-0.06066156654500167
2013-12-27 13:00:00,7.831505941179719e-10,3.033034099413243e-08,-0.11796857292480604,-0.05898428607082772
2013-12-27 14:00:00,1.0226082827247276e-09,3.273724002069472e-08,-0.10840087281931929,-0.054200435898355506
2013-12-27 15:00:00,2.8721069343140998e-09,6.906687157969739e-08,-0.07955929718123901,-0.039779647154566035
2013-12-27 16:00:00,2.8719106360088922e-09,6.756424412712537e-08,-0.11019721771997135,-0.05509860742403035
2013-12-27 17:00:00,2.875229606042588e-09,6.682921708873566e-08,-0.10383888179726093,-0.05191943946101566
2013-12-27 18:00:00,2.8715486372355233e-09,6.664521060810044e-08,-0.1044734487832573,-0.05223672295585433
2013-12-27 19:00:00,2.7481593888172667e-09,6.628902615756498e-08,-0.07457366466030736,-0.037286830956073984
2013-12-27 20:00:00,2.7481596097244002e-09,6.538612279860833e-08,-0.06618466432982213,-0.03309233079083126
2013-12-27 21:00:00,2.7481593737125066e-09,6.790216335555354e-08,-0.03049211942005021,-0.015246058335945419
2013-12-27 22:00:00,2.0611203785114013e-09,6.425177086066414e-08,-0.009245552676478407,-0.004622775307679014
2013-12-27 23:00:00,2.0611204025846327e-09,6.708974238779761e-08,-0.004068112458773057,-0.0020340551988263273
2013-12-28 00:00:00,2.0611204139132124e-09,6.915628500260271e-08,0.004345855124613912,0.002172928592867163
2013-12-28 01:00:00,2.0611204153292848e-09,7.05346863895065e-08,-0.00012631766512497919,-6.315780200228193e-05
2013-12-28 02:00:00,2.0611204294900093e-09,7.197798164888588e-08,0.005973574539262836,0.002986788300191633
2013-12-28 03:00:00,2.0611204549793144e-09,7.371201250991252e-08,0.009446630812224978,0.004723316436672716
2013-12-28 04:00:00,2.0611202581452546e-09,7.614326251489428e-08,0.007603621530542188,0.003801811795831223
2013-12-28 05:00:00,2.061120260977399e-09,7.7666849029103e-08,-0.03154066735581131,-0.015770332647345526
2013-12-28 06:00:00,2.7481599892316107e-09,8.088544881185887e-08,-0.05934368851663192,-0.029671842884235966
2013-12-28 07:00:00,2.7481597003529783e-09,8.702838091156069e-08,-0.07762463319938775,-0.03881231522561403
2013-12-28 08:00:00,9.87630585013881e-10,5.3808391721385116e-08,-0.12764054899904784,-0.06382027400570862
2013-12-28 09:00:00,7.506825817839884e-10,3.707225517937022e-08,-0.12249893755161999,-0.0612494684004687
2013-12-28 10:00:00,7.40774251172977e-10,3.925861697355894e-08,-0.12288028430985524,-0.0614401417845405
2013-12-28 11:00:00,7.251445253042738e-10,3.919087731245636e-08,-0.12073073088960448,-0.06036536508222998
2013-12-28 12:00:00,7.362963543189941e-10,4.045582261009117e-08,-0.1213231336788265,-0.06066156647126507
2013-12-28 13:00:00,8.89195009881353e-10,6.105607941232625e-08,-0.11796857292480604,-0.05898428601780552
2013-12-28 14:00:00,2.1519067561587307e-09,0.1537564935147354,-0.10840087281931929,-0.05420043533370627
2013-12-28 15:00:00,4.8160938146563815e-09,0.2150445327559793,-0.07955929718123901,-0.0397796461825726
2013-12-28 16:00:00,5.539183375864892e-09,0.21895771222501345,-0.11019721771997135,-0.055098606090393985
2013-12-28 17:00:00,5.53573576473975e-09,0.2205851295523921,-0.10383888179726093,-0.05191943813076259
2013-12-28 18:00:00,5.532783004928313e-09,0.22644411001734532,-0.1044734487832573,-0.05223672162523715
2013-12-28 19:00:00,5.522373076864554e-09,0.22787072135399275,-0.07457366466030736,-0.037286829568967145
2013-12-28 20:00:00,5.522837903297835e-09,0.2301853335380686,-0.06618466432982213,-0.03309232940349211
2013-12-28 21:00:00,5.530362090904202e-09,0.22095055996210725,-0.03049211942005021,-0.01524605694484406
2013-12-28 22:00:00,4.835595136329398e-09,0.2142768408884217,-0.009245552676478407,-0.004622773920441635
2013-12-28 23:00:00,4.152511395498254e-09,0.21392205689918,-0.004068112458773057,-0.002034054153130831
2013-12-29 00:00:00,4.159151896578429e-09,0.2071666284621509,0.004345855124613912,0.002172929641882904
2013-12-29 01:00:00,4.1614413730358436e-09,0.20213984200906449,-0.00012631766512497919,-6.315675184180308e-05
2013-12-29 02:00:00,4.159772159184461e-09,0.19735581260879498,0.005973574539262836,0.002986789349517498
2013-12-29 03:00:00,4.154674844012179e-09,0.18808780491599497,0.009446630812224978,0.004723317483449911
2013-12-29 04:00:00,4.155419815165929e-09,0.18378835866256046,0.007603621530542188,0.0038018128429810017
2013-12-29 05:00:00,4.153480191984432e-09,0.17856717655736964,-0.03154066735581131,-0.01577033160116556
2013-12-29 06:00:00,4.149768081945786e-09,0.1741926972477457,-0.05934368851663192,-0.02967184218343192
2013-12-29 07:00:00,4.139627913643214e-09,0.1694157922419547,-0.07762463319938775,-0.03881231452987992
2013-12-29 08:00:00,1.7048549324054633e-09,0.09866423534808208,-0.12764054899904784,-0.06382027364709646
2013-12-29 09:00:00,6.95751960151506e-10,3.957935579536389e-08,-0.12249893755161999,-0.061249468427934016
2013-12-29 10:00:00,6.371165775494014e-10,3.746184147249542e-08,-0.12288028430985524,-0.06144014183636933
2013-12-29 11:00:00,6.432960954884023e-10,3.4460691029835165e-08,-0.12073073088960448,-0.06036536512315419
2013-12-29 12:00:00,7.070535110531878e-10,3.849344706615522e-08,-0.1213231336788265,-0.06066156648588649
2013-12-29 13:00:00,8.333108165806435e-10,4.364589054937779e-08,-0.11796857292480604,-0.05898428604574761
2013-12-29 14:00:00,2.023097549347003e-09,0.10482205494082507,-0.10840087281931929,-0.05420043539811087
2013-12-29 15:00:00,4.1236485275448e-09,0.17066963207765637,-0.07955929718123901,-0.03977964652879524
2013-12-29 16:00:00,4.151744871773556e-09,0.1684460967914833,-0.11019721771997135,-0.055098606784113234
2013-12-29 17:00:00,4.190760916892726e-09,0.16455641057360176,-0.10383888179726093,-0.051919438803250006
2013-12-29 18:00:00,4.162602997757519e-09,0.1613297546638893,-0.1044734487832573,-0.05223672231032715
2013-12-29 19:00:00,4.125314176450547e-09,0.1598472295924431,-0.07457366466030736,-0.037286830267496594
2013-12-29 20:00:00,4.122240374683289e-09,0.15916137109709053,-0.06618466432982213,-0.03309233010379088
2013-12-29 21:00:00,4.122240278390386e-09,0.15991598495313966,-0.03049211942005021,-0.015246057648904967
2013-12-29 22:00:00,4.122240960937239e-09,0.158413580202644,-0.009245552676478407,-0.004622774277118723
2013-12-29 23:00:00,4.122241501877023e-09,0.16312136182272194,-0.004068112458773057,-0.0020340541682657776
2013-12-30 00:00:00,3.435201548939524e-09,0.1657357039820499,0.004345855124613912,0.0021729292799077303
2013-12-30 01:00:00,3.4352017259486777e-09,0.16885932902464346,-0.00012631766512497919,-6.315711496162662e-05
2013-12-30 02:00:00,3.435201709427823e-09,0.1739118631343364,0.005973574539262836,0.0029867889872322727
2013-12-30 03:00:00,3.4352016598652583e-09,0.17548855073534317,0.009446630812224978,0.0047233171237133185
2013-12-30 04:00:00,3.435201645704526e-09,0.1794477088801314,0.007603621530542188,0.003801812482871917
2013-12-30 05:00:00,3.435201114677142e-09,0.18005793826479072,-0.03154066735581131,-0.015770331960305098
2013-12-30 06:00:00,3.4352006001707674e-09,0.1795830009288821,-0.05934368851663192,-0.02967184254071566
2013-12-30 07:00:00,3.4352003499979986e-09,0.17512898280144085,-0.07762463319938775,-0.038812314882093704
2013-12-30 08:00:00,1.0284285400617214e-09,5.626651797495235e-08,-0.12764054899904784,-0.06382027398530965
2013-12-30 09:00:00,6.108689683421916e-10,3.008674575953693e-08,-0.12249893755161999,-0.06124946847037551
2013-12-30 10:00:00,5.773170336259231e-10,2.991139080881987e-08,-0.12288028430985524,-0.06144014186626911
2013-12-30 11:00:00,5.676907486964802e-10,2.9857932107254184e-08,-0.12073073088960448,-0.06036536516095686
2013-12-30 12:00:00,5.948423586553581e-10,3.0823875866270516e-08,-0.1213231336788265,-0.06066156654199207
2013-12-30 13:00:00,6.297285660747361e-10,3.0634756515827386e-08,-0.11796857292480604,-0.05898428614753874
2013-12-30 14:00:00,7.813372029290974e-10,4.69238247633697e-08,-0.10840087281931929,-0.05420043601899104
2013-12-30 15:00:00,4.122240063147441e-09,0.15965480721152925,-0.07955929718123901,-0.039779646529499474
2013-12-30 16:00:00,4.122240082972449e-09,0.15187907552308727,-0.11019721771997135,-0.055098606798865635
2013-12-30 17:00:00,4.15028749653656e-09,0.14572591749856667,-0.10383888179726093,-0.051919438823486715
2013-12-30 18:00:00,4.125561040460692e-09,0.14135285402275888,-0.1044734487832573,-0.05223672232884813
2013-12-30 19:00:00,4.122239935700972e-09,0.13929978704270343,-0.07457366466030736,-0.03728683026903371
2013-12-30 20:00:00,4.132338942533941e-09,0.13842866284292976,-0.06618466432982213,-0.033092330098741594
2013-12-30 21:00:00,4.122240199090351e-09,0.14075442614720424,-0.03049211942005021,-0.015246057648905006
2013-12-30 22:00:00,3.4352013176475897e-09,0.1437420810709815,-0.009245552676478407,-0.0046227746206385445
2013-12-30 23:00:00,3.4352013436089275e-09,0.14849136625087947,-0.004068112458773057,-0.0020340545117858567
2013-12-31 00:00:00,3.4352013908113617e-09,0.15415374424026343,0.004345855124613912,0.0021729292799076514
2013-12-31 01:00:00,3.4352014592548924e-09,0.16117793226807628,-0.00012631766512497919,-6.315711496175997e-05
2013-12-31 02:00:00,3.4352015371389143e-09,0.16926292296971535,0.005973574539262836,0.002986788987232187
2013-12-31 03:00:00,3.4352016244634274e-09,0.1784391718820491,0.009446630812224978,0.004723317123713301
2013-12-31 04:00:00,3.435201688186724e-09,0.18664698691351458,0.007603621530542188,0.003801812482871938
2013-12-31 05:00:00,4.12224098925869e-09,0.1937396415191149,-0.03154066735581131,-0.015770331616785163
2013-12-31 06:00:00,4.122240575765543e-09,0.19829473564419806,-0.05934368851663192,-0.029671842197195673
2013-12-31 07:00:00,4.1222403860118665e-09,0.20277533804450512,-0.07762463319938775,-0.038812314538573686
2013-12-31 08:00:00,1.0649390251736072e-09,1.5847847816886768e-07,-0.12764054899904784,-0.0638202739670544
2013-12-31 09:00:00,6.665748816755041e-10,3.18530455314453e-08,-0.12249893755161999,-0.061249468442522555
2013-12-31 10:00:00,6.378035299584606e-10,3.0677012595788147e-08,-0.12288028430985524,-0.061440141836025856
2013-12-31 11:00:00,6.253139079726235e-10,3.0761275154022484e-08,-0.12073073088960448,-0.060365365132145285
2013-12-31 12:00:00,6.546654677713944e-10,3.089506871328199e-08,-0.1213231336788265,-0.06066156651208051
2013-12-31 13:00:00,5.784919822221277e-10,3.1094534833200004e-08,-0.11796857292480604,-0.058984286173157034
2013-12-31 14:00:00,1.0769731260181892e-09,6.798118586217758e-08,-0.10840087281931929,-0.05420043587117308
2013-12-31 15:00:00,3.4371131048004712e-09,0.17650601339372113,-0.07955929718123901,-0.03977964687206295
2013-12-31 16:00:00,4.122252249898484e-09,0.16456680332237297,-0.11019721771997135,-0.05509860679885955
2013-12-31 17:00:00,3.435199925176399e-09,0.15984507526776873,-0.10383888179726093,-0.0519194391810305
2013-12-31 18:00:00,3.4352000408222685e-09,0.15717803966331123,-0.1044734487832573,-0.05223672267402863
2013-12-31 19:00:00,3.435200784260186e-09,0.15557032718679067,-0.07457366466030736,-0.037286830612553286
2013-12-31 20:00:00,3.4352011642396916e-09,0.15511654875046937,-0.06618466432982213,-0.03309233044731048
2013-12-31 21:00:00,3.4352005128463064e-09,0.1559661034037307,-0.03049211942005021,-0.01524605799242485
2013-12-31 22:00:00,3.4352004609236554e-09,0.1536419741535382,-0.009245552676478407,-0.004622774620638973
2013-12-31 23:00:00,3.435200340557518e-09,0.15669618678778374,-0.004068112458773057,-0.0020340545117863585
