ts,mber,aer,moer
2013-01-01 00:00:00,0.00010618640737683966,8.617321197750326e-05,0.12620296309902065
2013-01-01 01:00:00,0.0001687910790381892,0.00013212093501041987,0.1285557051180251
2013-01-01 02:00:00,0.00019938042997228242,0.0001565198935664724,0.12995691796496334
2013-01-01 03:00:00,0.00021034566476602,0.00016454083064465152,0.13085965214959341
2013-01-01 04:00:00,0.00019452777020270893,0.00015244035702733657,0.1252123124047322
2013-01-01 05:00:00,0.0002529921346253245,0.0001908554554445673,0.15297419453070296
2013-01-01 06:00:00,0.0002447150492438224,0.00018425805707454414,0.20746755292269137
2013-01-01 07:00:00,4.3230082604041846e-07,2.4712747023894762e-06,0.23409223497844797
2013-01-01 08:00:00,4.760345031077279e-08,1.5478994185793105e-07,0.2459108231116921
2013-01-01 09:00:00,3.675187245277366e-08,1.225416448334048e-07,0.2537194326821675
2013-01-01 10:00:00,3.43572535480335e-08,1.1686868929164629e-07,0.2537630107118737
2013-01-01 11:00:00,3.4137274103842796e-08,1.1548979771788693e-07,0.25299008866763134
2013-01-01 12:00:00,3.8399661345706665e-08,1.2845846311652435e-07,0.24350395169885794
2013-01-01 13:00:00,7.032404564248567e-08,2.682299143722586e-07,0.22914672734273078
2013-01-01 14:00:00,3.1566320424904774e-07,4.811635219005926e-06,0.22095750069013992
2013-01-01 15:00:00,5.4759466583773295e-05,4.42406201017554e-05,0.24563365987475524
2013-01-01 16:00:00,0.3172825523725612,0.293552641214343,0.262875028563047
2013-01-01 17:00:00,0.2998621561930428,0.2538350769413529,0.262875028563047
2013-01-01 18:00:00,0.31278893392091023,0.278946408504965,0.2634835087743576
2013-01-01 19:00:00,0.3114729309386364,0.272927500879546,0.2632506275815203
2013-01-01 20:00:00,0.20487505950056514,0.18201552614524705,0.26445162059359856
2013-01-01 21:00:00,0.00020152958229589855,0.00013927281177143085,0.2591047304012058
2013-01-01 22:00:00,4.7447369576188414e-05,3.834913894746938e-05,0.19135581773758467
2013-01-01 23:00:00,4.5664622605136645e-05,3.6973700935179934e-05,0.136638139374854
2013-01-02 00:00:00,4.76662680291275e-05,3.845000280488934e-05,0.12620296309902065
2013-01-02 01:00:00,5.746727775473604e-05,4.543751530572733e-05,0.1285557051180251
2013-01-02 02:00:00,5.9129328626425696e-05,4.686766042113474e-05,0.12995691796496334
2013-01-02 03:00:00,7.277512119998089e-05,5.798342270511554e-05,0.13085965214959341
2013-01-02 04:00:00,7.449163943533541e-05,6.040945202963624e-05,0.1252123124047322
2013-01-02 05:00:00,9.571994354109849e-05,7.707274841103009e-05,0.15297419453070296
2013-01-02 06:00:00,0.00014163613861539235,0.00011337548175286674,0.20746755292269137
2013-01-02 07:00:00,5.888206077791594e-07,0.14934957128923484,0.23409223497844797
2013-01-02 08:00:00,2.151063257123851e-07,9.1529657866468e-06,0.2459108231116921
2013-01-02 09:00:00,2.034743085580557e-07,7.91299962773382e-06,0.2537194326821675
2013-01-02 10:00:00,2.2491512476337174e-07,9.733591171194356e-06,0.2537630107118737
2013-01-02 11:00:00,2.544312704173144e-07,1.0900320415530992e-05,0.25299008866763134
2013-01-02 12:00:00,3.2434396466629283e-07,3.191622566103908e-05,0.24350395169885794
2013-01-02 13:00:00,4.657192501151636e-07,2.6758861359174705e-05,0.22914672734273078
2013-01-02 14:00:00,1.0987088248567493e-06,0.17025778124348565,0.22095750069013992
2013-01-02 15:00:00,0.328942557157221,0.3157725045968336,0.24563365987475524
2013-01-02 16:00:00,0.3291560611476469,0.3161948659395954,0.262875028563047
2013-01-02 17:00:00,0.3297719850021823,0.3174165717570543,0.262875028563047
2013-01-02 18:00:00,0.3299088629015293,0.31768868022132807,0.2634835087743576
2013-01-02 19:00:00,0.3304054388880028,0.3186779301905017,0.2632506275815203
2013-01-02 20:00:00,0.33138723631514694,0.32064281819449536,0.26445162059359856
2013-01-02 21:00:00,0.3330992465097401,0.32409976058672213,0.2591047304012058
2013-01-02 22:00:00,0.33451536459341563,0.3238374169870951,0.19135581773758467
2013-01-02 23:00:00,0.0001772244319267161,0.00014415131550832156,0.136638139374854
2013-01-03 00:00:00,0.00014212463564605007,0.00011508621747919244,0.12620296309902065
2013-01-03 01:00:00,0.00014423396649453595,0.00011679456536719304,0.1285557051180251
2013-01-03 02:00:00,0.00015614050764477095,0.00012663401694973706,0.12995691796496334
2013-01-03 03:00:00,0.0001879535369798584,0.00015244016553368693,0.13085965214959341
2013-01-03 04:00:00,0.00020257353297945644,0.00016404576220582496,0.1252123124047322
2013-01-03 05:00:00,0.00021467053561518358,0.0001741190857245077,0.15297419453070296
2013-01-03 06:00:00,0.3288003202442719,0.3146305793600514,0.20746755292269137
2013-01-03 07:00:00,3.5331881193016306e-07,1.802449466671777e-05,0.23409223497844797
2013-01-03 08:00:00,8.232702269262053e-08,1.1614355394887438e-06,0.2459108231116921
2013-01-03 09:00:00,3.942682822655895e-08,2.1738723424444584e-07,0.2537194326821675
2013-01-03 10:00:00,3.139802757088432e-08,1.5688903796112593e-07,0.2537630107118737
2013-01-03 11:00:00,3.217962201622902e-08,1.6079446749929075e-07,0.25299008866763134
2013-01-03 12:00:00,3.9151393238347674e-08,2.5634387856720637e-07,0.24350395169885794
2013-01-03 13:00:00,8.547907903814495e-08,1.4517827750455332e-06,0.22914672734273078
2013-01-03 14:00:00,2.6598918335036725e-07,1.3003983114299285e-05,0.22095750069013992
2013-01-03 15:00:00,0.3368641917797935,0.3318431916965154,0.24563365987475524
2013-01-03 16:00:00,0.33394269073195043,0.32581989728116156,0.262875028563047
2013-01-03 17:00:00,0.33238033420281365,0.3226457320844949,0.262875028563047
2013-01-03 18:00:00,0.3305896767898607,0.31904740834450057,0.2634835087743576
2013-01-03 19:00:00,0.3285100635857344,0.31491987104235375,0.2632506275815203
2013-01-03 20:00:00,0.3268279845648371,0.31162048919258484,0.26445162059359856
2013-01-03 21:00:00,0.3248163821536306,0.30772262593428934,0.2591047304012058
2013-01-03 22:00:00,7.92070448240139e-05,6.152284212897416e-05,0.19135581773758467
2013-01-03 23:00:00,5.148574923788759e-05,4.205759852965154e-05,0.136638139374854
2013-01-04 00:00:00,5.746991948705171e-05,4.6636075744845866e-05,0.12620296309902065
2013-01-04 01:00:00,6.17613059465348e-05,5.019712152488348e-05,0.1285557051180251
2013-01-04 02:00:00,6.721929566326211e-05,5.4511906714552785e-05,0.12995691796496334
2013-01-04 03:00:00,6.97011876494534e-05,5.6651061759498716e-05,0.13085965214959341
2013-01-04 04:00:00,7.943450244748642e-05,6.460488467241965e-05,0.1252123124047322
2013-01-04 05:00:00,7.9329004279663e-05,6.42525693150279e-05,0.15297419453070296
2013-01-04 06:00:00,0.3229600773276443,0.29738662391535675,0.20746755292269137
2013-01-04 07:00:00,0.22612383182698986,0.24450290215782786,0.23409223497844797
2013-01-04 08:00:00,9.137444155748588e-08,6.582921743262518e-07,0.2459108231116921
2013-01-04 09:00:00,7.009619398835695e-08,3.946349357928396e-07,0.2537194326821675
2013-01-04 10:00:00,6.789669588333914e-08,3.852781773938074e-07,0.2537630107118737
2013-01-04 11:00:00,7.457750093151026e-08,4.574466347270204e-07,0.25299008866763134
2013-01-04 12:00:00,1.0552459600699852e-07,5.963898477748993e-07,0.24350395169885794
2013-01-04 13:00:00,1.5227411934492805e-07,1.3498884081406791e-06,0.22914672734273078
2013-01-04 14:00:00,2.9293180097290716e-07,1.1141116401248295e-05,0.22095750069013992
2013-01-04 15:00:00,0.3241253758914486,0.30639759441788783,0.24563365987475524
2013-01-04 16:00:00,0.3244880961856782,0.3070921992230071,0.262875028563047
2013-01-04 17:00:00,0.3246727133225055,0.3074470714863782,0.262875028563047
2013-01-04 18:00:00,0.32761276083693536,0.31315515283662126,0.2634835087743576
2013-01-04 19:00:00,0.3282581695967077,0.31442221896158473,0.2632506275815203
2013-01-04 20:00:00,0.32528124904476446,0.3077395528823016,0.26445162059359856
2013-01-04 21:00:00,0.3061609390095643,0.2710423583539862,0.2591047304012058
2013-01-04 22:00:00,0.000104530219385618,8.101282070258341e-05,0.19135581773758467
2013-01-04 23:00:00,9.53884555599459e-05,7.385567638409304e-05,0.136638139374854
2013-01-05 00:00:00,5.897367816979554e-05,4.6645660491427534e-05,0.12620296309902065
2013-01-05 01:00:00,3.592542304827215e-05,2.8521434042887346e-05,0.1285557051180251
2013-01-05 02:00:00,2.6276765327436703e-05,2.091685002325036e-05,0.12995691796496334
2013-01-05 03:00:00,2.0909440462121175e-05,1.689185376244411e-05,0.13085965214959341
2013-01-05 04:00:00,2.1312347172710483e-05,1.7231989107519964e-05,0.1252123124047322
2013-01-05 05:00:00,2.4220261521352627e-05,1.9571241787068184e-05,0.15297419453070296
2013-01-05 06:00:00,0.0001859364555756378,0.00012621762571382488,0.20746755292269137
2013-01-05 07:00:00,4.5102398229821067e-07,2.7483668144405875e-05,0.23409223497844797
2013-01-05 08:00:00,1.0200637226157041e-07,3.992971797934974e-06,0.2459108231116921
2013-01-05 09:00:00,8.22982908753879e-08,1.2284109383308526e-06,0.2537194326821675
2013-01-05 10:00:00,1.0880288954361936e-07,2.546592977417719e-06,0.2537630107118737
2013-01-05 11:00:00,1.1982001236842078e-07,4.804171129691491e-06,0.25299008866763134
2013-01-05 12:00:00,1.3444980225039055e-07,5.984931527972783e-06,0.24350395169885794
2013-01-05 13:00:00,1.7941170408847204e-07,1.987961086002685e-05,0.22914672734273078
2013-01-05 14:00:00,4.0629497177468834e-07,5.106587454379939e-05,0.22095750069013992
2013-01-05 15:00:00,0.28114954788032465,0.2339001690306434,0.24563365987475524
2013-01-05 16:00:00,0.27531106526602317,0.22537128658105912,0.262875028563047
2013-01-05 17:00:00,0.2714954073158087,0.21994354379075087,0.262875028563047
2013-01-05 18:00:00,0.2671230887272742,0.2138607068727943,0.2634835087743576
2013-01-05 19:00:00,0.2638134083065773,0.20935018939333308,0.2632506275815203
2013-01-05 20:00:00,0.26265116397520794,0.20778485801029098,0.26445162059359856
2013-01-05 21:00:00,0.09114721770122182,0.08057229782665416,0.2591047304012058
2013-01-05 22:00:00,9.418175674587159e-05,6.321256888059818e-05,0.19135581773758467
2013-01-05 23:00:00,8.124311247006337e-05,5.6324121148406626e-05,0.136638139374854
2013-01-06 00:00:00,8.766800263112575e-05,6.145510017793026e-05,0.12620296309902065
2013-01-06 01:00:00,6.835519717528041e-05,5.0793175400622323e-05,0.1285557051180251
2013-01-06 02:00:00,0.008853488847335177,0.037659125757776225,0.12995691796496334
2013-01-06 03:00:00,4.883852996462821e-05,3.836585920242972e-05,0.13085965214959341
2013-01-06 04:00:00,5.198813707731358e-05,4.100661920602507e-05,0.1252123124047322
2013-01-06 05:00:00,5.540735461097145e-05,4.3615854378699585e-05,0.15297419453070296
2013-01-06 06:00:00,0.16254337370734667,0.1803436258981852,0.20746755292269137
2013-01-06 07:00:00,0.2468578762881069,0.2540901302481623,0.23409223497844797
2013-01-06 08:00:00,1.1382601329624426e-07,5.925355185682095e-07,0.2459108231116921
2013-01-06 09:00:00,1.0967082849182321e-07,5.635165594903926e-07,0.2537194326821675
2013-01-06 10:00:00,1.0922284035270604e-07,6.838869203235547e-07,0.2537630107118737
2013-01-06 11:00:00,1.1614315301753944e-07,7.477583083387486e-07,0.25299008866763134
2013-01-06 12:00:00,1.7271781740812088e-07,6.609959894365705e-06,0.24350395169885794
2013-01-06 13:00:00,1.5788323629478782e-07,9.892714745177888e-07,0.22914672734273078
2013-01-06 14:00:00,4.7609406714187993e-07,0.11836748472526483,0.22095750069013992
2013-01-06 15:00:00,0.3327423119113508,0.3233763997387641,0.24563365987475524
2013-01-06 16:00:00,0.3339682792610564,0.3258697994770091,0.262875028563047
2013-01-06 17:00:00,0.3362472989682842,0.3305594089910076,0.262875028563047
2013-01-06 18:00:00,0.33560027541010445,0.3292207063305669,0.2634835087743576
2013-01-06 19:00:00,0.3330676035155013,0.3240353609919851,0.2632506275815203
2013-01-06 20:00:00,0.32875210811905425,0.31539535716183914,0.26445162059359856
2013-01-06 21:00:00,0.32123364419355077,0.30090257356069844,0.2591047304012058
2013-01-06 22:00:00,0.23976679893754074,0.20446923180911386,0.19135581773758467
2013-01-06 23:00:00,0.0001438166351200983,9.72270758052049e-05,0.136638139374854
2013-01-07 00:00:00,0.00014333765821915214,9.725214428982054e-05,0.12620296309902065
2013-01-07 01:00:00,0.00015368511662836897,0.000103689235293094,0.1285557051180251
2013-01-07 02:00:00,0.00017629988792688828,0.00011914066873896328,0.12995691796496334
2013-01-07 03:00:00,0.0002045495802548447,0.0001373325105436308,0.13085965214959341
2013-01-07 04:00:00,0.0002230207880588127,0.00014956802535114882,0.1252123124047322
2013-01-07 05:00:00,0.31947568731949094,0.29761240333562944,0.15297419453070296
2013-01-07 06:00:00,0.31569489762228664,0.2906577147273144,0.20746755292269137
2013-01-07 07:00:00,0.2597647701154053,0.25659223893993205,0.23409223497844797
2013-01-07 08:00:00,2.414117307378318e-07,0.19870562853696108,0.2459108231116921
2013-01-07 09:00:00,1.637521479420418e-07,0.05264299958397176,0.2537194326821675
2013-01-07 10:00:00,1.4275831841122267e-07,0.11492900652858841,0.2537630107118737
2013-01-07 11:00:00,1.3045251564305036e-07,0.0005870102250698371,0.25299008866763134
2013-01-07 12:00:00,1.4453496669408492e-07,3.450534586299179e-05,0.24350395169885794
2013-01-07 13:00:00,1.7487731318146274e-07,0.18675514642358548,0.22914672734273078
2013-01-07 14:00:00,0.22091502614926384,0.23466487266812647,0.22095750069013992
2013-01-07 15:00:00,0.32186962362823673,0.3021033459866392,0.24563365987475524
2013-01-07 16:00:00,0.32096907130538077,0.30040707603275396,0.262875028563047
2013-01-07 17:00:00,0.321277193693345,0.30098644043167805,0.262875028563047
2013-01-07 18:00:00,0.32252944398960465,0.30335378018460635,0.2634835087743576
2013-01-07 19:00:00,0.3245388474389257,0.30718943680392174,0.2632506275815203
2013-01-07 20:00:00,0.32774539077208176,0.31341478445342086,0.26445162059359856
2013-01-07 21:00:00,0.33098908488057777,0.31984407988998104,0.2591047304012058
2013-01-07 22:00:00,0.33657861709829345,0.3312458087662749,0.19135581773758467
2013-01-07 23:00:00,0.3209379331338489,0.3069239641502682,0.136638139374854
2013-01-08 00:00:00,0.0011519482160781756,0.0007691060584144792,0.12620296309902065
2013-01-08 01:00:00,0.0013731759304804064,0.0009083044220593754,0.1285557051180251
2013-01-08 02:00:00,0.0014584584863132429,0.0009826438982246898,0.12995691796496334
2013-01-08 03:00:00,0.001956192801299107,0.0013179325533342495,0.13085965214959341
2013-01-08 04:00:00,0.33579711918723143,0.328867913212793,0.1252123124047322
2013-01-08 05:00:00,0.34137882558466537,0.3413790020513677,0.15297419453070296
2013-01-08 06:00:00,0.34137870731029657,0.34137891657893227,0.20746755292269137
2013-01-08 07:00:00,0.24371310535868143,0.26944622536327273,0.23409223497844797
2013-01-08 08:00:00,1.6479513410506165e-07,0.18786611456545804,0.2459108231116921
2013-01-08 09:00:00,1.283512511679964e-07,0.16659527584090297,0.2537194326821675
2013-01-08 10:00:00,1.3300523208592804e-07,0.16963424671716168,0.2537630107118737
2013-01-08 11:00:00,1.459596779902455e-07,0.1775623725467064,0.25299008866763134
2013-01-08 12:00:00,1.6512023653143643e-07,0.19790879091664382,0.24350395169885794
2013-01-08 13:00:00,2.3295469072032566e-07,0.20824089944410618,0.22914672734273078
2013-01-08 14:00:00,0.25008418340761335,0.2745987040807402,0.22095750069013992
2013-01-08 15:00:00,0.34137770476565316,0.34137828061963754,0.24563365987475524
2013-01-08 16:00:00,0.34137734876948783,0.3413780505581921,0.262875028563047
2013-01-08 17:00:00,0.3413774102170813,0.34137809016112336,0.262875028563047
2013-01-08 18:00:00,0.34137753311233443,0.3413781781676701,0.2634835087743576
2013-01-08 19:00:00,0.34137782766113284,0.34137835573639286,0.2632506275815203
2013-01-08 20:00:00,0.3413785133116679,0.3413787960367445,0.26445162059359856
2013-01-08 21:00:00,0.3413788697239705,0.3413790247211825,0.2591047304012058
2013-01-08 22:00:00,0.341378949998955,0.3413790747244868,0.19135581773758467
2013-01-08 23:00:00,0.3413790228931138,0.3413791186815619,0.136638139374854
2013-01-09 00:00:00,0.341376804356287,0.34137840453653423,0.12620296309902065
2013-01-09 01:00:00,0.3353733170134639,0.33857539315448654,0.1285557051180251
2013-01-09 02:00:00,0.33535528596187175,0.3386524822695036,0.12995691796496334
2013-01-09 03:00:00,0.34137672630309324,0.34137672630309324,0.13085965214959341
2013-01-09 04:00:00,0.3413789923098646,0.3413790901177549,0.1252123124047322
2013-01-09 05:00:00,0.33785708023841804,0.33391316105113067,0.15297419453070296
2013-01-09 06:00:00,0.3368784845104853,0.3318702589263518,0.20746755292269137
2013-01-09 07:00:00,0.255944274070172,0.2740345417218509,0.23409223497844797
2013-01-09 08:00:00,1.784275832806842e-07,0.18538320610257836,0.2459108231116921
2013-01-09 09:00:00,1.2056299361409472e-07,0.12786050733322213,0.2537194326821675
2013-01-09 10:00:00,1.07193038798306e-07,0.14611640756066224,0.2537630107118737
2013-01-09 11:00:00,1.0449657514434276e-07,0.1103289882574258,0.25299008866763134
2013-01-09 12:00:00,1.426150080404559e-07,0.1470347227459068,0.24350395169885794
2013-01-09 13:00:00,2.66462812745923e-07,0.2267765201178006,0.22914672734273078
2013-01-09 14:00:00,0.24843521271209845,0.2732719509162163,0.22095750069013992
2013-01-09 15:00:00,0.3413784737944419,0.3413787718124674,0.24563365987475524
2013-01-09 16:00:00,0.3413784601393254,0.341378767101004,0.262875028563047
2013-01-09 17:00:00,0.3413784391739471,0.3413787576780786,0.262875028563047
2013-01-09 18:00:00,0.3374786774325877,0.3331217854946172,0.2634835087743576
2013-01-09 19:00:00,0.3332673721306779,0.3244411788698644,0.2632506275815203
2013-01-09 20:00:00,0.3308068038401548,0.3194788726729838,0.26445162059359856
2013-01-09 21:00:00,0.3291653550012616,0.3162121622050806,0.2591047304012058
2013-01-09 22:00:00,0.32760829245060336,0.3131451620836716,0.19135581773758467
2013-01-09 23:00:00,0.3259296579230049,0.3098731540041808,0.136638139374854
2013-01-10 00:00:00,0.3227226294507474,0.3037179148355175,0.12620296309902065
2013-01-10 01:00:00,0.3222367480821513,0.30279636831624973,0.1285557051180251
2013-01-10 02:00:00,0.3179238245707458,0.28968530541472925,0.12995691796496334
2013-01-10 03:00:00,0.318458973482224,0.29572557545746,0.13085965214959341
2013-01-10 04:00:00,0.31654684344180845,0.29220983375079607,0.1252123124047322
2013-01-10 05:00:00,0.3202245469879558,0.29901001480828093,0.15297419453070296
2013-01-10 06:00:00,0.3237305690441054,0.3056398767531555,0.20746755292269137
2013-01-10 07:00:00,0.2855039832520759,0.28367715441548674,0.23409223497844797
2013-01-10 08:00:00,4.0672252132822396e-07,0.2330126193215072,0.2459108231116921
2013-01-10 09:00:00,2.3935876743638864e-07,0.20637882550308317,0.2537194326821675
2013-01-10 10:00:00,1.6615150354545503e-07,0.1584760013729434,0.2537630107118737
2013-01-10 11:00:00,1.3771351124300855e-07,0.00017997161146352826,0.25299008866763134
2013-01-10 12:00:00,1.664751404857699e-07,7.744231581268877e-05,0.24350395169885794
2013-01-10 13:00:00,3.0646650453907537e-07,0.2311600845615416,0.22914672734273078
2013-01-10 14:00:00,0.26804384667198217,0.2851362690656356,0.22095750069013992
2013-01-10 15:00:00,0.3389539740952633,0.33621984900857965,0.24563365987475524
2013-01-10 16:00:00,0.3413783596567886,0.3413786910058807,0.262875028563047
2013-01-10 17:00:00,0.33880848169194766,0.33591333175811866,0.262875028563047
2013-01-10 18:00:00,0.3377800559055565,0.33375225222409644,0.2634835087743576
2013-01-10 19:00:00,0.33832785100096724,0.33490107666970653,0.2632506275815203
2013-01-10 20:00:00,0.3413788183437058,0.34137899649571357,0.26445162059359856
2013-01-10 21:00:00,0.34137882613675924,0.341378998051342,0.2591047304012058
2013-01-10 22:00:00,0.3413788324122638,0.3413790064517462,0.19135581773758467
2013-01-10 23:00:00,0.3413789334142357,0.3413790490880016,0.136638139374854
2013-01-11 00:00:00,0.3413787618398946,0.34137889407169775,0.12620296309902065
2013-01-11 01:00:00,0.3413775357802852,0.3413775357802852,0.1285557051180251
2013-01-11 02:00:00,0.3355877616747182,0.33876891435287204,0.12995691796496334
2013-01-11 03:00:00,0.3340659340659341,0.3380253368188216,0.13085965214959341
2013-01-11 04:00:00,0.3342047930283225,0.33810375670840787,0.1252123124047322
2013-01-11 05:00:00,0.34137887682632034,0.3413790344542513,0.15297419453070296
2013-01-11 06:00:00,0.34137856055229404,0.3413788235938918,0.20746755292269137
2013-01-11 07:00:00,0.2881859408309854,0.3039986776734284,0.23409223497844797
2013-01-11 08:00:00,3.7833874483851374e-07,0.16531729204549997,0.2459108231116921
2013-01-11 09:00:00,2.4893033081036227e-07,0.22711667110181763,0.2537194326821675
2013-01-11 10:00:00,2.81388371632577e-07,0.1448122999489219,0.2537630107118737
2013-01-11 11:00:00,3.5111713842692237e-07,0.21861650743357805,0.25299008866763134
2013-01-11 12:00:00,3.923736684309095e-07,0.22170451808780695,0.24350395169885794
2013-01-11 13:00:00,0.25036606463926986,0.27222071833847666,0.22914672734273078
2013-01-11 14:00:00,0.28369368828530445,0.2863399175226986,0.22095750069013992
2013-01-11 15:00:00,0.3142860830663764,0.2881074443208335,0.24563365987475524
2013-01-11 16:00:00,0.30677778702780295,0.27487919075671857,0.262875028563047
2013-01-11 17:00:00,0.2987645968630148,0.2614039639785896,0.262875028563047
2013-01-11 18:00:00,0.29303747958634035,0.25215502980436433,0.2634835087743576
2013-01-11 19:00:00,0.29175325434614613,0.25012278931770804,0.2632506275815203
2013-01-11 20:00:00,0.29357295221516483,0.2530064485628048,0.26445162059359856
2013-01-11 21:00:00,0.2940705871456477,0.25380020626890853,0.2591047304012058
2013-01-11 22:00:00,0.3020367339345727,0.26682822099766024,0.19135581773758467
2013-01-11 23:00:00,0.256171867457884,0.19601068261796017,0.136638139374854
2013-01-12 00:00:00,9.266427773978312e-05,6.515371860033567e-05,0.12620296309902065
2013-01-12 01:00:00,0.00011628641511602753,8.081563672298786e-05,0.1285557051180251
2013-01-12 02:00:00,0.00014736231047066714,0.00010156000519639095,0.12995691796496334
2013-01-12 03:00:00,0.0002045374040847958,0.00014065313035204233,0.13085965214959341
2013-01-12 04:00:00,0.000277458496008714,0.000190099006131942,0.1252123124047322
2013-01-12 05:00:00,0.0004616920190889244,0.0003062678301019847,0.15297419453070296
2013-01-12 06:00:00,0.3317677318402631,0.3214077647486724,0.20746755292269137
2013-01-12 07:00:00,2.760033065196121e-07,0.230396562537538,0.23409223497844797
2013-01-12 08:00:00,5.951235605207112e-08,2.83056364786464e-06,0.2459108231116921
2013-01-12 09:00:00,3.431124577385527e-08,2.0574195221249315e-07,0.2537194326821675
2013-01-12 10:00:00,3.156017072789958e-08,1.7582483057226284e-07,0.2537630107118737
2013-01-12 11:00:00,2.6587022440446616e-08,1.4659253195248793e-07,0.25299008866763134
2013-01-12 12:00:00,3.0395516860657645e-08,1.7806585621144402e-07,0.24350395169885794
2013-01-12 13:00:00,5.8323645775769964e-08,8.613691216698741e-07,0.22914672734273078
2013-01-12 14:00:00,1.409401181553863e-07,2.3402488749959247e-05,0.22095750069013992
2013-01-12 15:00:00,0.34137739159457264,0.3413780818473552,0.24563365987475524
2013-01-12 16:00:00,0.33890442698649875,0.33611876838138816,0.262875028563047
2013-01-12 17:00:00,0.3368910120534466,0.33189746223377165,0.262875028563047
2013-01-12 18:00:00,0.3360820577394565,0.3302176494620177,0.2634835087743576
2013-01-12 19:00:00,0.3355725748518534,0.32916385446189006,0.2632506275815203
2013-01-12 20:00:00,0.33516702426621275,0.3283269973785117,0.26445162059359856
2013-01-12 21:00:00,0.33442838472262537,0.32681010225486073,0.2591047304012058
2013-01-12 22:00:00,0.3325596811678925,0.32300575289750555,0.19135581773758467
2013-01-12 23:00:00,0.33330471949803886,0.3245168302137743,0.136638139374854
2013-01-13 00:00:00,0.0004041141817136836,0.00027241906555536483,0.12620296309902065
2013-01-13 01:00:00,0.0005664696710939219,0.0003766576088621588,0.1285557051180251
2013-01-13 02:00:00,0.0004747392607341992,0.00031452254943906084,0.12995691796496334
2013-01-13 03:00:00,0.00042068332542478834,0.0002787521259948732,0.13085965214959341
2013-01-13 04:00:00,0.00037507484955652667,0.00024947528771387034,0.1252123124047322
2013-01-13 05:00:00,0.0003426411051529868,0.00023053110541732593,0.15297419453070296
2013-01-13 06:00:00,0.17107139129073226,0.2045589579968546,0.20746755292269137
2013-01-13 07:00:00,0.21372685378907255,0.21451412858772195,0.23409223497844797
2013-01-13 08:00:00,3.621196911499261e-07,0.00010945408561421503,0.2459108231116921
2013-01-13 09:00:00,3.2134552512899917e-07,1.1941534141743066e-05,0.2537194326821675
2013-01-13 10:00:00,2.4027740747525245e-07,9.446649780603676e-06,0.2537630107118737
2013-01-13 11:00:00,2.590096758568372e-07,1.0818758444249886e-05,0.25299008866763134
2013-01-13 12:00:00,3.582954167208589e-07,1.5735350255561646e-05,0.24350395169885794
2013-01-13 13:00:00,4.529308846153477e-07,0.19450890188834885,0.22914672734273078
2013-01-13 14:00:00,0.2648483554317769,0.26513996880604135,0.22095750069013992
2013-01-13 15:00:00,0.3132451457753877,0.2862366913629157,0.24563365987475524
2013-01-13 16:00:00,0.30490564587110686,0.27167259989299314,0.262875028563047
2013-01-13 17:00:00,0.30288115826365214,0.2682458739497109,0.262875028563047
2013-01-13 18:00:00,0.30098217246537845,0.26506882712914276,0.2634835087743576
2013-01-13 19:00:00,0.29789031543234323,0.2599716410000843,0.2632506275815203
2013-01-13 20:00:00,0.29602299821452427,0.256937657850214,0.26445162059359856
2013-01-13 21:00:00,0.29531665775066146,0.2557985246838729,0.2591047304012058
2013-01-13 22:00:00,0.29418984487254796,0.25399070123974427,0.19135581773758467
2013-01-13 23:00:00,0.007010463083514981,0.07027414336202452,0.136638139374854
2013-01-14 00:00:00,0.00010767485452692651,7.09562168315899e-05,0.12620296309902065
2013-01-14 01:00:00,0.1342117305404281,0.12340348129412022,0.1285557051180251
2013-01-14 02:00:00,0.23933353309282496,0.17648468378651008,0.12995691796496334
2013-01-14 03:00:00,9.481203931985931e-05,6.0136787028387646e-05,0.13085965214959341
2013-01-14 04:00:00,0.26466146239357385,0.19692672248904108,0.1252123124047322
2013-01-14 05:00:00,0.28623516186444126,0.24155904154919638,0.15297419453070296
2013-01-14 06:00:00,0.28633637029492637,0.24171437296604598,0.20746755292269137
2013-01-14 07:00:00,0.23270765274906172,0.21587179092337763,0.23409223497844797
2013-01-14 08:00:00,2.9060231818635483e-07,0.18721548171247346,0.2459108231116921
2013-01-14 09:00:00,0.19668320266032396,0.1968605032183981,0.2537194326821675
2013-01-14 10:00:00,0.20773241886841876,0.2031818746947875,0.2537630107118737
2013-01-14 11:00:00,0.22927302881616965,0.23116724769484423,0.25299008866763134
2013-01-14 12:00:00,0.23135017109166306,0.23631319849463786,0.24350395169885794
2013-01-14 13:00:00,0.2486498397917976,0.24785624402627487,0.22914672734273078
2013-01-14 14:00:00,0.280705604630658,0.267453487991163,0.22095750069013992
2013-01-14 15:00:00,0.30998452325136266,0.2804546121396752,0.24563365987475524
2013-01-14 16:00:00,0.30776308184131723,0.2765810925627415,0.262875028563047
2013-01-14 17:00:00,0.30787355086094154,0.2767719912293366,0.262875028563047
2013-01-14 18:00:00,0.3094911851970072,0.27958961576396013,0.2634835087743576
2013-01-14 19:00:00,0.3140054634802362,0.2876014638538512,0.2632506275815203
2013-01-14 20:00:00,0.3170603388452286,0.29315056823791735,0.26445162059359856
2013-01-14 21:00:00,0.3192364954481535,0.297167681045427,0.2591047304012058
2013-01-14 22:00:00,0.325577084555599,0.3091905910526416,0.19135581773758467
2013-01-14 23:00:00,0.3276402049374964,0.3132079853272991,0.136638139374854
2013-01-15 00:00:00,0.316267134738731,0.2910943180541791,0.12620296309902065
2013-01-15 01:00:00,0.0009814591245957403,0.0006606194914555131,0.1285557051180251
2013-01-15 02:00:00,0.0010611242553181567,0.0007158678187426892,0.12995691796496334
2013-01-15 03:00:00,0.0008412670969910455,0.0005649522230506898,0.13085965214959341
2013-01-15 04:00:00,0.332923871287478,0.3237435712016386,0.1252123124047322
2013-01-15 05:00:00,0.3301778989214103,0.31822392973597613,0.15297419453070296
2013-01-15 06:00:00,0.32874912489517955,0.3153908620260471,0.20746755292269137
2013-01-15 07:00:00,0.24600057057755376,0.25825721199028356,0.23409223497844797
2013-01-15 08:00:00,2.8285886587172014e-07,0.2170823499236115,0.2459108231116921
2013-01-15 09:00:00,2.5216448891343417e-07,0.20879630981221015,0.2537194326821675
2013-01-15 10:00:00,2.4427554509477203e-07,0.2083306240459644,0.2537630107118737
2013-01-15 11:00:00,2.4139953796128434e-07,0.20988511072729787,0.25299008866763134
2013-01-15 12:00:00,2.590993608335445e-07,0.21443220608382416,0.24350395169885794
2013-01-15 13:00:00,3.01371632711962e-07,0.2276170219155134,0.22914672734273078
2013-01-15 14:00:00,0.24507098479111059,0.2631040325212459,0.22095750069013992
2013-01-15 15:00:00,0.33446199108826724,0.3268794897906753,0.24563365987475524
2013-01-15 16:00:00,0.3362935724809844,0.3306571521028802,0.262875028563047
2013-01-15 17:00:00,0.33847784056378943,0.33521933204349114,0.262875028563047
2013-01-15 18:00:00,0.3384881505412043,0.3352409599359679,0.2634835087743576
2013-01-15 19:00:00,0.33849797203202286,0.33525992594328546,0.2632506275815203
2013-01-15 20:00:00,0.33649800739422137,0.33107880944477336,0.26445162059359856
2013-01-15 21:00:00,0.3360389507799132,0.3301267898234626,0.2591047304012058
2013-01-15 22:00:00,0.3334257945557478,0.3247631747541402,0.19135581773758467
2013-01-15 23:00:00,0.33448800552320634,0.32693197900178084,0.136638139374854
2013-01-16 00:00:00,0.33064891220582243,0.3191627431537572,0.12620296309902065
2013-01-16 01:00:00,0.3261396184234411,0.3102804403170999,0.1285557051180251
2013-01-16 02:00:00,0.3247404897384518,0.3075762071566749,0.12995691796496334
2013-01-16 03:00:00,0.3243246617235367,0.30677728308062174,0.13085965214959341
2013-01-16 04:00:00,0.3202294188437932,0.29901897009185024,0.1252123124047322
2013-01-16 05:00:00,0.316508097542856,0.29213984933435794,0.15297419453070296
2013-01-16 06:00:00,0.31192616322877503,0.28388419812610066,0.20746755292269137
2013-01-16 07:00:00,0.2724059759280846,0.25331272984663705,0.23409223497844797
2013-01-16 08:00:00,0.22944291179454784,0.22081050817853654,0.2459108231116921
2013-01-16 09:00:00,0.21571223146541935,0.20889004052151303,0.2537194326821675
2013-01-16 10:00:00,0.2101010865661119,0.20187196545312447,0.2537630107118737
2013-01-16 11:00:00,0.2011995206170457,0.19208236638949763,0.25299008866763134
2013-01-16 12:00:00,0.20614414877764448,0.19855959044784663,0.24350395169885794
2013-01-16 13:00:00,0.21495333517127765,0.2055230726471777,0.22914672734273078
2013-01-16 14:00:00,0.23805082205386036,0.22003208044550399,0.22095750069013992
2013-01-16 15:00:00,0.29140092779718874,0.2495678411204134,0.24563365987475524
2013-01-16 16:00:00,0.2921913290916291,0.25081554741897477,0.262875028563047
2013-01-16 17:00:00,0.296319840519924,0.2574192216908865,0.262875028563047
2013-01-16 18:00:00,0.3014501123265508,0.2658497047175192,0.2634835087743576
2013-01-16 19:00:00,0.3052392039066861,0.27224084561523,0.2632506275815203
2013-01-16 20:00:00,0.31024827194027543,0.28091752782352053,0.26445162059359856
2013-01-16 21:00:00,0.31531463564166406,0.28996618432742943,0.2591047304012058
2013-01-16 22:00:00,0.32453321452401,0.3071776398837049,0.19135581773758467
2013-01-16 23:00:00,0.3250114324258328,0.3080977900047489,0.136638139374854
2013-01-17 00:00:00,0.3250003047920818,0.30792335737884896,0.12620296309902065
2013-01-17 01:00:00,0.03568293934511553,0.18107526144812677,0.1285557051180251
2013-01-17 02:00:00,0.008979628028273066,0.006368780191069678,0.12995691796496334
2013-01-17 03:00:00,0.3094942561572573,0.2748145800051567,0.13085965214959341
2013-01-17 04:00:00,0.3231285464922414,0.30449023471663705,0.1252123124047322
2013-01-17 05:00:00,0.32448761367574125,0.3070902469646954,0.15297419453070296
2013-01-17 06:00:00,0.3236258530827469,0.30543951029351113,0.20746755292269137
2013-01-17 07:00:00,0.26209856246551394,0.26219754640771814,0.23409223497844797
2013-01-17 08:00:00,0.21254756574154365,0.22352068815180487,0.2459108231116921
2013-01-17 09:00:00,3.236566207157877e-07,0.22022739810158004,0.2537194326821675
2013-01-17 10:00:00,0.21160970862866893,0.22302719786384984,0.2537630107118737
2013-01-17 11:00:00,0.20900024977626486,0.21856508652940082,0.25299008866763134
2013-01-17 12:00:00,0.21980724280741812,0.2231238616152076,0.24350395169885794
2013-01-17 13:00:00,0.22879479613800782,0.2224681831982826,0.22914672734273078
2013-01-17 14:00:00,0.2500966712914257,0.2278148229350554,0.22095750069013992
2013-01-17 15:00:00,0.284170987747254,0.23842440393613176,0.24563365987475524
2013-01-17 16:00:00,0.27755997310155256,0.2286253507848719,0.262875028563047
2013-01-17 17:00:00,0.27263700822824444,0.22155666516464656,0.262875028563047
2013-01-17 18:00:00,0.26765442329595024,0.21459329565302565,0.2634835087743576
2013-01-17 19:00:00,0.261436388260811,0.20616034816564976,0.2632506275815203
2013-01-17 20:00:00,0.25709169080119965,0.20043072737692708,0.26445162059359856
2013-01-17 21:00:00,0.25451921365422214,0.19709921286254706,0.2591047304012058
2013-01-17 22:00:00,0.25468161195465366,0.18002180606984977,0.19135581773758467
2013-01-17 23:00:00,5.775886798882477e-05,3.930821736112209e-05,0.136638139374854
2013-01-18 00:00:00,5.3243676770663604e-05,3.630644867416575e-05,0.12620296309902065
2013-01-18 01:00:00,9.332493533135649e-05,6.346225524378281e-05,0.1285557051180251
2013-01-18 02:00:00,0.0004430656385092702,0.000309991893890131,0.12995691796496334
2013-01-18 03:00:00,0.0004339799653843425,0.0003042715235466513,0.13085965214959341
2013-01-18 04:00:00,8.031413901163805e-05,5.421009061773858e-05,0.1252123124047322
2013-01-18 05:00:00,0.24378304132740047,0.18366357499114086,0.15297419453070296
2013-01-18 06:00:00,0.25096338857299283,0.1925672286035186,0.20746755292269137
2013-01-18 07:00:00,0.23043306732474028,0.19211418678851075,0.23409223497844797
2013-01-18 08:00:00,0.19362393760293414,0.17737526593392908,0.2459108231116921
2013-01-18 09:00:00,2.998854237757561e-07,0.1773879048424479,0.2537194326821675
2013-01-18 10:00:00,2.556330227761354e-07,0.1801360257972051,0.2537630107118737
2013-01-18 11:00:00,2.2370503238731554e-07,0.17752802912546645,0.25299008866763134
2013-01-18 12:00:00,2.372780412223141e-07,0.1733651906354916,0.24350395169885794
2013-01-18 13:00:00,3.0690172883881884e-07,0.19275712294972322,0.22914672734273078
2013-01-18 14:00:00,0.22228930978080344,0.22533986891879423,0.22095750069013992
2013-01-18 15:00:00,0.3055441976274479,0.272762027436684,0.24563365987475524
2013-01-18 16:00:00,0.3050122730858636,0.2718540817842683,0.262875028563047
2013-01-18 17:00:00,0.30937718566689004,0.27939007293234613,0.262875028563047
2013-01-18 18:00:00,0.3128880317877283,0.28559763348895867,0.2634835087743576
2013-01-18 19:00:00,0.3177300174137026,0.2943807965327122,0.2632506275815203
2013-01-18 20:00:00,0.3214390769081274,0.30128983980088614,0.26445162059359856
2013-01-18 21:00:00,0.32266539905906,0.3036096368932513,0.2591047304012058
2013-01-18 22:00:00,0.32395455235697773,0.3060677602569041,0.19135581773758467
2013-01-18 23:00:00,0.32129025557698715,0.2977137196247158,0.136638139374854
2013-01-19 00:00:00,0.0019466703905821918,0.0013196629980883187,0.12620296309902065
2013-01-19 01:00:00,0.32289341212294614,0.29743033254452766,0.1285557051180251
2013-01-19 02:00:00,0.3285130556195593,0.3149178979042613,0.12995691796496334
2013-01-19 03:00:00,0.0002969925441573243,0.00021049605571543415,0.13085965214959341
2013-01-19 04:00:00,0.19527577152095696,0.23072877249784973,0.1252123124047322
2013-01-19 05:00:00,0.3332826104984396,0.32447159923618607,0.15297419453070296
2013-01-19 06:00:00,0.3335699951162857,0.3250565965695679,0.20746755292269137
2013-01-19 07:00:00,0.23815904112165948,0.2554371395299349,0.23409223497844797
2013-01-19 08:00:00,1.7483152851468358e-07,7.710234188071522e-06,0.2459108231116921
2013-01-19 09:00:00,1.423725017763639e-07,6.598226721355589e-06,0.2537194326821675
2013-01-19 10:00:00,1.3140815998680665e-07,6.948125760057389e-06,0.2537630107118737
2013-01-19 11:00:00,1.0997769322448328e-07,6.389682540387377e-06,0.25299008866763134
2013-01-19 12:00:00,1.0074671069230759e-07,0.04259912522097029,0.24350395169885794
2013-01-19 13:00:00,1.282197399129891e-07,8.806443873390235e-05,0.22914672734273078
2013-01-19 14:00:00,2.2858982678691596e-07,0.13487662688865354,0.22095750069013992
2013-01-19 15:00:00,0.3004706836582349,0.28537231085944237,0.24563365987475524
2013-01-19 16:00:00,0.3118445445096693,0.2837391402418807,0.262875028563047
2013-01-19 17:00:00,0.3050104378313956,0.271851268064613,0.262875028563047
2013-01-19 18:00:00,0.2985125761595816,0.2609901915377788,0.2634835087743576
2013-01-19 19:00:00,0.29799210442406165,0.26013799509586377,0.2632506275815203
2013-01-19 20:00:00,0.2984196444362577,0.260837680907888,0.26445162059359856
2013-01-19 21:00:00,0.29922332522407113,0.26215777888489894,0.2591047304012058
2013-01-19 22:00:00,0.10964061118893988,0.11882406254465724,0.19135581773758467
2013-01-19 23:00:00,0.00017892327048880973,0.00012085993657581929,0.136638139374854
2013-01-20 00:00:00,0.2987251891548749,0.26133852152794923,0.12620296309902065
2013-01-20 01:00:00,0.29937319228369397,0.2601547484627018,0.1285557051180251
2013-01-20 02:00:00,0.048350271128030746,0.10190879854370248,0.12995691796496334
2013-01-20 03:00:00,0.2894819879838343,0.23243661760527207,0.13085965214959341
2013-01-20 04:00:00,0.29262799909091847,0.2371172166886534,0.1252123124047322
2013-01-20 05:00:00,0.2981820359942495,0.25208460825479534,0.15297419453070296
2013-01-20 06:00:00,0.3010409525403598,0.26516603159605495,0.20746755292269137
2013-01-20 07:00:00,0.2491454419529879,0.23658399830141044,0.23409223497844797
2013-01-20 08:00:00,3.066302349063567e-07,2.628913656590802e-05,0.2459108231116921
2013-01-20 09:00:00,1.931199939978306e-07,9.976937119418466e-06,0.2537194326821675
2013-01-20 10:00:00,1.9277113543331303e-07,6.861504365139848e-06,0.2537630107118737
2013-01-20 11:00:00,1.722735201322389e-07,6.016470235658395e-06,0.25299008866763134
2013-01-20 12:00:00,1.5512968492618043e-07,5.448205101684564e-06,0.24350395169885794
2013-01-20 13:00:00,1.9003380083707045e-07,6.438005533989113e-06,0.22914672734273078
2013-01-20 14:00:00,3.816467599716666e-07,1.50421527403331e-05,0.22095750069013992
2013-01-20 15:00:00,0.30170158863394114,0.2662677596870061,0.24563365987475524
2013-01-20 16:00:00,0.2977105238711993,0.2596779118382696,0.262875028563047
2013-01-20 17:00:00,0.2952823190080382,0.2557431466260259,0.262875028563047
2013-01-20 18:00:00,0.29293416153451535,0.2519903629573349,0.2634835087743576
2013-01-20 19:00:00,0.2927418230363908,0.25168517820551634,0.2632506275815203
2013-01-20 20:00:00,0.2940578515967595,0.2537793190906389,0.26445162059359856
2013-01-20 21:00:00,0.29381884524985485,0.2533968002408074,0.2591047304012058
2013-01-20 22:00:00,0.00812330987464147,0.07484531608791765,0.19135581773758467
2013-01-20 23:00:00,0.2835122728051348,0.22285847431754546,0.136638139374854
2013-01-21 00:00:00,2.0804620569191997e-05,1.6844671169559207e-05,0.12620296309902065
2013-01-21 01:00:00,1.9977139413235315e-05,1.6127484948012184e-05,0.1285557051180251
2013-01-21 02:00:00,1.981740292695878e-05,1.5962651556408745e-05,0.12995691796496334
2013-01-21 03:00:00,3.231890266177131e-05,2.4768321452208643e-05,0.13085965214959341
2013-01-21 04:00:00,0.08425197547550188,0.09543074598358141,0.1252123124047322
2013-01-21 05:00:00,0.28141323951428515,0.2342915304506417,0.15297419453070296
2013-01-21 06:00:00,0.27838855636979476,0.2298324291155519,0.20746755292269137
2013-01-21 07:00:00,0.2343214520703041,0.20902044925813304,0.23409223497844797
2013-01-21 08:00:00,0.20529971800488184,0.192716745070396,0.2459108231116921
2013-01-21 09:00:00,0.18431326593930106,0.18051865198248387,0.2537194326821675
2013-01-21 10:00:00,2.470671660429405e-07,0.18356239100933583,0.2537630107118737
2013-01-21 11:00:00,2.469247452083868e-07,0.1878201530937724,0.25299008866763134
2013-01-21 12:00:00,2.7960669683203515e-07,0.1950322881350503,0.24350395169885794
2013-01-21 13:00:00,0.22889332365037043,0.2256026083122575,0.22914672734273078
2013-01-21 14:00:00,0.25957033644542993,0.2490528346912656,0.22095750069013992
2013-01-21 15:00:00,0.31233099639921935,0.28460367586159346,0.24563365987475524
2013-01-21 16:00:00,0.31891251077425564,0.29656628544044233,0.262875028563047
2013-01-21 17:00:00,0.31904338418095435,0.29680911654793746,0.262875028563047
2013-01-21 18:00:00,0.3155028589015889,0.29030820112407224,0.2634835087743576
2013-01-21 19:00:00,0.3121501436201975,0.28428171142636516,0.2632506275815203
2013-01-21 20:00:00,0.31083369359873636,0.2819489590663118,0.26445162059359856
2013-01-21 21:00:00,0.3118597043588117,0.2837640278604093,0.2591047304012058
2013-01-21 22:00:00,0.3106290703164617,0.2815876098131277,0.19135581773758467
2013-01-21 23:00:00,0.30979290014127187,0.2801172957014314,0.136638139374854
2013-01-22 00:00:00,0.30965296537618997,0.2795967318235875,0.12620296309902065
2013-01-22 01:00:00,0.31357686831430476,0.2781921766060271,0.1285557051180251
2013-01-22 02:00:00,0.32032577659982414,0.2991942076005532,0.12995691796496334
2013-01-22 03:00:00,0.323594179856911,0.29942484783560935,0.13085965214959341
2013-01-22 04:00:00,0.3268100585067544,0.3078294381806484,0.1252123124047322
2013-01-22 05:00:00,0.32971348671075196,0.31729923673222077,0.15297419453070296
2013-01-22 06:00:00,0.3306785221502217,0.31922259722175284,0.20746755292269137
2013-01-22 07:00:00,0.26147875806292664,0.27354659131849707,0.23409223497844797
2013-01-22 08:00:00,2.4271762919730465e-07,0.2203896458351369,0.2459108231116921
2013-01-22 09:00:00,2.3338969208168581e-07,0.0001621707230590024,0.2537194326821675
2013-01-22 10:00:00,2.4412427207100844e-07,0.03215602248355674,0.2537630107118737
2013-01-22 11:00:00,2.261998395847288e-07,0.00012388273895158405,0.25299008866763134
2013-01-22 12:00:00,2.1168774617961833e-07,0.20443826801021045,0.24350395169885794
2013-01-22 13:00:00,2.2428257052048335e-07,0.20975432321622725,0.22914672734273078
2013-01-22 14:00:00,3.743229278075394e-07,0.2465605984377224,0.22095750069013992
2013-01-22 15:00:00,0.3371100942526298,0.33235207488036883,0.24563365987475524
2013-01-22 16:00:00,0.3360143430067261,0.33007644848406364,0.262875028563047
2013-01-22 17:00:00,0.3370822729416223,0.33229488192378864,0.262875028563047
2013-01-22 18:00:00,0.3384924450556942,0.3352480285485392,0.2634835087743576
2013-01-22 19:00:00,0.34137856296586105,0.34137883612801834,0.2632506275815203
2013-01-22 20:00:00,0.34137869889562233,0.34137891293330536,0.26445162059359856
2013-01-22 21:00:00,0.34137871889565274,0.3413789299125346,0.2591047304012058
2013-01-22 22:00:00,0.3413788517189095,0.3413790083151179,0.19135581773758467
2013-01-22 23:00:00,0.34137761461963456,0.34137838457851133,0.136638139374854
2013-01-23 00:00:00,0.3413772499893495,0.34137827629497264,0.12620296309902065
2013-01-23 01:00:00,0.34137886239124027,0.3413790111918295,0.1285557051180251
2013-01-23 02:00:00,0.34137886886425667,0.3413790171420424,0.12995691796496334
2013-01-23 03:00:00,0.34137891046476837,0.3413790488929204,0.13085965214959341
2013-01-23 04:00:00,0.34137896551186203,0.34137908401041134,0.1252123124047322
2013-01-23 05:00:00,0.34137886572345316,0.34137901765340634,0.15297419453070296
2013-01-23 06:00:00,0.34137743263019094,0.34137810616190106,0.20746755292269137
2013-01-23 07:00:00,4.95267605468925e-07,0.25623162566229074,0.23409223497844797
2013-01-23 08:00:00,1.8286203961230648e-07,0.19660210201880546,0.2459108231116921
2013-01-23 09:00:00,1.8051756552246076e-07,0.1955249805728673,0.2537194326821675
2013-01-23 10:00:00,1.20146930083738e-07,0.1609678243882807,0.2537630107118737
2013-01-23 11:00:00,9.628072687070565e-08,0.14080962735083805,0.25299008866763134
2013-01-23 12:00:00,1.3431007399723988e-07,0.1671085844547933,0.24350395169885794
2013-01-23 13:00:00,1.7448801436013095e-07,0.1864795217657922,0.22914672734273078
2013-01-23 14:00:00,2.954770151384694e-07,0.22250598947248168,0.22095750069013992
2013-01-23 15:00:00,0.2882834877587899,0.28917599676767797,0.24563365987475524
2013-01-23 16:00:00,0.326058190799505,0.31012571048770876,0.262875028563047
2013-01-23 17:00:00,0.32397413926031027,0.3061084093525124,0.262875028563047
2013-01-23 18:00:00,0.32015207603569207,0.29887608029552654,0.2634835087743576
2013-01-23 19:00:00,0.31817912289083244,0.2952098540715522,0.2632506275815203
2013-01-23 20:00:00,0.3148128246151944,0.2890586040730553,0.26445162059359856
2013-01-23 21:00:00,0.31269918977677374,0.2852606248606434,0.2591047304012058
2013-01-23 22:00:00,0.3048980537761557,0.271659541345606,0.19135581773758467
2013-01-23 23:00:00,0.30485375818068866,0.2715839427588549,0.136638139374854
2013-01-24 00:00:00,0.30180906879234193,0.2664471045519869,0.12620296309902065
2013-01-24 01:00:00,0.2995894807841873,0.2627519045410453,0.1285557051180251
2013-01-24 02:00:00,0.2920944737397358,0.23632454849694698,0.12995691796496334
2013-01-24 03:00:00,0.29596932958158106,0.2568403143533864,0.13085965214959341
2013-01-24 04:00:00,0.29498468404962414,0.2552645256946197,0.1252123124047322
2013-01-24 05:00:00,0.2916845570075891,0.25001467000808036,0.15297419453070296
2013-01-24 06:00:00,0.29008485848484067,0.24750535279345354,0.20746755292269137
2013-01-24 07:00:00,0.24520220675985663,0.21996724878888102,0.23409223497844797
2013-01-24 08:00:00,0.21030672898843825,0.1948609483482495,0.2459108231116921
2013-01-24 09:00:00,0.17517746594003322,0.16844232857019945,0.2537194326821675
2013-01-24 10:00:00,2.352324836614051e-07,0.16694767842127323,0.2537630107118737
2013-01-24 11:00:00,2.717045931057677e-07,0.17023259369253999,0.25299008866763134
2013-01-24 12:00:00,0.18480254906757934,0.1706622354821126,0.24350395169885794
2013-01-24 13:00:00,0.19941939690723554,0.17612697352704032,0.22914672734273078
2013-01-24 14:00:00,0.2104763280192562,0.17702628125460104,0.22095750069013992
2013-01-24 15:00:00,0.24890751452074486,0.18998479048115377,0.24563365987475524
2013-01-24 16:00:00,0.24540224300297817,0.1856442503282468,0.262875028563047
2013-01-24 17:00:00,0.24081885052625698,0.18008296160601647,0.262875028563047
2013-01-24 18:00:00,0.24043888185042417,0.17962676619278808,0.2634835087743576
2013-01-24 19:00:00,0.2386769069924885,0.17752645973468564,0.2632506275815203
2013-01-24 20:00:00,0.24040174334862854,0.17958196204196783,0.26445162059359856
2013-01-24 21:00:00,0.23906260909134394,0.1779844405852202,0.2591047304012058
2013-01-24 22:00:00,0.24559358318870173,0.1858781236348607,0.19135581773758467
2013-01-24 23:00:00,0.2419701439286034,0.18146649267722254,0.136638139374854
2013-01-25 00:00:00,0.238819939811819,0.17769577737976658,0.12620296309902065
2013-01-25 01:00:00,0.23709758111664314,0.17565891044565898,0.1285557051180251
2013-01-25 02:00:00,0.23837728981452388,0.17717059576147481,0.12995691796496334
2013-01-25 03:00:00,0.23962208253637016,0.17865032335509398,0.13085965214959341
2013-01-25 04:00:00,0.24101294062786704,0.18031451976571888,0.1252123124047322
2013-01-25 05:00:00,0.2431367940536457,0.18287825408643058,0.15297419453070296
2013-01-25 06:00:00,0.24602182777789727,0.1864053346115764,0.20746755292269137
2013-01-25 07:00:00,0.1934985377891136,0.16685153959793217,0.23409223497844797
2013-01-25 08:00:00,2.0361817275902424e-07,0.1459393354828693,0.2459108231116921
2013-01-25 09:00:00,1.4021174286666625e-07,1.3505681264626023e-05,0.2537194326821675
2013-01-25 10:00:00,1.258540079349379e-07,1.5309724560390092e-05,0.2537630107118737
2013-01-25 11:00:00,1.192100000977522e-07,1.1716797914090214e-05,0.25299008866763134
2013-01-25 12:00:00,1.2562108635356786e-07,1.5417724838663945e-05,0.24350395169885794
2013-01-25 13:00:00,1.4805397211318302e-07,1.3739811656933745e-05,0.22914672734273078
2013-01-25 14:00:00,2.6488503033154337e-07,0.16392264892578284,0.22095750069013992
2013-01-25 15:00:00,0.24538481734662065,0.20669461274713166,0.24563365987475524
2013-01-25 16:00:00,0.2659916829446509,0.2123115188140362,0.262875028563047
2013-01-25 17:00:00,0.26346676825237675,0.20888432851027186,0.262875028563047
2013-01-25 18:00:00,0.2648115593269191,0.210702843497324,0.2634835087743576
2013-01-25 19:00:00,0.2689182315611958,0.21634116177987628,0.2632506275815203
2013-01-25 20:00:00,0.2733176554743082,0.22252170096141627,0.26445162059359856
2013-01-25 21:00:00,0.2776637206849069,0.22877498862255072,0.2591047304012058
2013-01-25 22:00:00,0.26615118230395934,0.20063103673312885,0.19135581773758467
2013-01-25 23:00:00,0.21996442326185844,0.16001181268929543,0.136638139374854
2013-01-26 00:00:00,0.01156130821779035,0.07318070600398904,0.12620296309902065
2013-01-26 01:00:00,0.005895169691884049,0.06865291951525816,0.1285557051180251
2013-01-26 02:00:00,0.2712142001352111,0.20764372401307785,0.12995691796496334
2013-01-26 03:00:00,0.2948849836991161,0.24319272117509816,0.13085965214959341
2013-01-26 04:00:00,0.2997693499245056,0.2630578643627693,0.1252123124047322
2013-01-26 05:00:00,0.3006762896114122,0.2645600674056994,0.15297419453070296
2013-01-26 06:00:00,0.3018867403909068,0.2665759055279366,0.20746755292269137
2013-01-26 07:00:00,0.21864411864670885,0.22018068384416276,0.23409223497844797
2013-01-26 08:00:00,1.2753256560004165e-07,8.593263563098773e-07,0.2459108231116921
2013-01-26 09:00:00,1.1646061742528014e-07,7.469630970351543e-07,0.2537194326821675
2013-01-26 10:00:00,1.09884021993287e-07,8.573076935010145e-07,0.2537630107118737
2013-01-26 11:00:00,1.0903493848330547e-07,8.634562140257415e-07,0.25299008866763134
2013-01-26 12:00:00,1.358583052219857e-07,1.1609069492962719e-06,0.24350395169885794
2013-01-26 13:00:00,1.6271359413502102e-07,1.6229523585615582e-06,0.22914672734273078
2013-01-26 14:00:00,2.939290677881628e-07,5.699435051133729e-06,0.22095750069013992
2013-01-26 15:00:00,0.28942595928687587,0.2806214888152904,0.24563365987475524
2013-01-26 16:00:00,0.32435054462739293,0.30682796860082684,0.262875028563047
2013-01-26 17:00:00,0.3232704514244939,0.3047617643715923,0.262875028563047
2013-01-26 18:00:00,0.3228346977944441,0.30393167567910995,0.2634835087743576
2013-01-26 19:00:00,0.3226616033619196,0.29901114155867264,0.2632506275815203
2013-01-26 20:00:00,0.325456254269402,0.3089462670147865,0.26445162059359856
2013-01-26 21:00:00,0.32425174655497446,0.2996017801327366,0.2591047304012058
2013-01-26 22:00:00,8.126311097572665e-05,6.667680466035772e-05,0.19135581773758467
2013-01-26 23:00:00,7.530263090257642e-05,6.13793692151977e-05,0.136638139374854
2013-01-27 00:00:00,8.366113209639174e-05,6.769533283841535e-05,0.12620296309902065
2013-01-27 01:00:00,9.966426351711584e-05,8.046519708831454e-05,0.1285557051180251
2013-01-27 02:00:00,9.59355994980081e-05,7.751678088824836e-05,0.12995691796496334
2013-01-27 03:00:00,9.301948400422643e-05,7.573395640638793e-05,0.13085965214959341
2013-01-27 04:00:00,0.0001178091368898212,9.53747726593023e-05,0.1252123124047322
2013-01-27 05:00:00,0.0001693868908832098,0.0001358458998456938,0.15297419453070296
2013-01-27 06:00:00,0.00018201315319148003,0.00014696215065597513,0.20746755292269137
2013-01-27 07:00:00,3.2360778671528553e-07,1.4157326461285925e-05,0.23409223497844797
2013-01-27 08:00:00,1.0212646360839214e-07,7.14510632025381e-07,0.2459108231116921
2013-01-27 09:00:00,8.599110336044632e-08,1.2699824461967966e-06,0.2537194326821675
2013-01-27 10:00:00,7.40209082629804e-08,1.0658679908281784e-06,0.2537630107118737
2013-01-27 11:00:00,6.775527321868677e-08,9.756457962132767e-07,0.25299008866763134
2013-01-27 12:00:00,7.159927066528067e-08,1.2424835144687776e-06,0.24350395169885794
2013-01-27 13:00:00,1.0340776542424091e-07,2.672597933565095e-06,0.22914672734273078
2013-01-27 14:00:00,1.615821608123834e-07,2.963061834805047e-06,0.22095750069013992
2013-01-27 15:00:00,1.0534799075044647e-06,5.433351157144993e-05,0.24563365987475524
2013-01-27 16:00:00,0.3387485024156142,0.33578653473377384,0.262875028563047
2013-01-27 17:00:00,0.3367446014477421,0.33159126696524266,0.262875028563047
2013-01-27 18:00:00,0.3354413936564616,0.3288924314283166,0.2634835087743576
2013-01-27 19:00:00,0.33187540301290125,0.32162410779644135,0.2632506275815203
2013-01-27 20:00:00,0.32057944065260097,0.2945090604368225,0.26445162059359856
2013-01-27 21:00:00,0.2414225555098913,0.24192546467830536,0.2591047304012058
2013-01-27 22:00:00,0.0001402837238314491,0.00011392010888152788,0.19135581773758467
2013-01-27 23:00:00,0.00016636896252514215,0.0001347176721744241,0.136638139374854
2013-01-28 00:00:00,0.00014652888856521898,0.00011812290055000977,0.12620296309902065
2013-01-28 01:00:00,0.00015418195328101056,0.00012476261609621964,0.1285557051180251
2013-01-28 02:00:00,0.00018436127702392034,0.00014918718018206846,0.12995691796496334
2013-01-28 03:00:00,0.00027305146526653777,0.00022097218864796164,0.13085965214959341
2013-01-28 04:00:00,0.0003140414120956717,0.0002548915439306423,0.1252123124047322
2013-01-28 05:00:00,0.3373574107700744,0.3328681758719521,0.15297419453070296
2013-01-28 06:00:00,0.337546730526281,0.3332641363158343,0.20746755292269137
2013-01-28 07:00:00,0.2709208175768711,0.28790180790620457,0.23409223497844797
2013-01-28 08:00:00,2.7489269306014503e-07,0.15833968973744875,0.2459108231116921
2013-01-28 09:00:00,1.8156636165409227e-07,8.674785108890576e-06,0.2537194326821675
2013-01-28 10:00:00,1.5286954090448777e-07,9.181512094382982e-06,0.2537630107118737
2013-01-28 11:00:00,1.3187326550596768e-07,6.309758085550156e-06,0.25299008866763134
2013-01-28 12:00:00,1.3137253475538414e-07,6.3945144346684775e-06,0.24350395169885794
2013-01-28 13:00:00,1.5849414082822542e-07,7.78289026812552e-06,0.22914672734273078
2013-01-28 14:00:00,2.9304614322886675e-07,0.22179214677495354,0.22095750069013992
2013-01-28 15:00:00,0.311049942877711,0.31446021962239307,0.24563365987475524
2013-01-28 16:00:00,0.3362201196958373,0.33050316411078795,0.262875028563047
2013-01-28 17:00:00,0.33801735068707006,0.3342503377855682,0.262875028563047
2013-01-28 18:00:00,0.3378017283297484,0.33379819579722636,0.2634835087743576
2013-01-28 19:00:00,0.3366122415663616,0.3313166745006408,0.2632506275815203
2013-01-28 20:00:00,0.3356288672110643,0.32927932113735026,0.26445162059359856
2013-01-28 21:00:00,0.3343057580937228,0.3265589270168212,0.2591047304012058
2013-01-28 22:00:00,0.31487054350111493,0.3011745260063012,0.19135581773758467
2013-01-28 23:00:00,0.00013177164211137623,0.00010812120671802584,0.136638139374854
2013-01-29 00:00:00,9.273553159116403e-05,7.542189120392196e-05,0.12620296309902065
2013-01-29 01:00:00,8.194382044696115e-05,6.622756470489678e-05,0.1285557051180251
2013-01-29 02:00:00,7.339264579161705e-05,5.978328161858053e-05,0.12995691796496334
2013-01-29 03:00:00,8.04404480167316e-05,6.50976038313648e-05,0.13085965214959341
2013-01-29 04:00:00,0.00018265556973518334,0.00014370269877162582,0.1252123124047322
2013-01-29 05:00:00,0.32705148060294853,0.3120561797834892,0.15297419453070296
2013-01-29 06:00:00,0.3295255816640104,0.31692751884930753,0.20746755292269137
2013-01-29 07:00:00,2.47785901335309e-07,0.21503912615435877,0.23409223497844797
2013-01-29 08:00:00,1.0195351732689194e-07,4.685185251806537e-06,0.2459108231116921
2013-01-29 09:00:00,8.016326611920702e-08,1.3510788533528878e-06,0.2537194326821675
2013-01-29 10:00:00,6.308280059157248e-08,1.0872412903647263e-06,0.2537630107118737
2013-01-29 11:00:00,7.583334447135581e-08,1.239916850070376e-06,0.25299008866763134
2013-01-29 12:00:00,8.542604451092016e-08,1.4093085507673438e-06,0.24350395169885794
2013-01-29 13:00:00,9.8206684560743e-08,1.8321280322825844e-06,0.22914672734273078
2013-01-29 14:00:00,1.7656835127514243e-07,7.863586004913866e-06,0.22095750069013992
2013-01-29 15:00:00,0.2749195538908198,0.2806217447110933,0.24563365987475524
2013-01-29 16:00:00,0.32640830981404645,0.3108046518948674,0.262875028563047
2013-01-29 17:00:00,0.3270060072415496,0.31196901124787957,0.262875028563047
2013-01-29 18:00:00,0.32503404593350377,0.30814346887211974,0.2634835087743576
2013-01-29 19:00:00,0.3232414017257423,0.30470556135643917,0.2632506275815203
2013-01-29 20:00:00,0.32325549186999897,0.3047322577270474,0.26445162059359856
2013-01-29 21:00:00,0.31442536319791525,0.28090378748736106,0.2591047304012058
2013-01-29 22:00:00,0.3236730795159557,0.3055289313740566,0.19135581773758467
2013-01-29 23:00:00,0.00024294839550250436,0.0001721910661845317,0.136638139374854
2013-01-30 00:00:00,8.450125354486048e-05,6.570199668861937e-05,0.12620296309902065
2013-01-30 01:00:00,4.7218865700443515e-05,3.837666534641822e-05,0.1285557051180251
2013-01-30 02:00:00,4.5461989668625904e-05,3.69487659688205e-05,0.12995691796496334
2013-01-30 03:00:00,4.237482833089124e-05,3.4439630396034276e-05,0.13085965214959341
2013-01-30 04:00:00,7.177452233921974e-05,5.572191509246912e-05,0.1252123124047322
2013-01-30 05:00:00,0.01959320950227881,0.14587443192666794,0.15297419453070296
2013-01-30 06:00:00,0.32250242602146084,0.30330038496615924,0.20746755292269137
2013-01-30 07:00:00,2.9515023885033077e-07,1.1551435470228728e-05,0.23409223497844797
2013-01-30 08:00:00,1.495378085413604e-07,6.454281012633663e-06,0.2459108231116921
2013-01-30 09:00:00,8.295070837831187e-08,8.062491888938883e-07,0.2537194326821675
2013-01-30 10:00:00,6.390131008640188e-08,5.944423390854877e-07,0.2537630107118737
2013-01-30 11:00:00,6.06742910789827e-08,5.692669085846676e-07,0.25299008866763134
2013-01-30 12:00:00,6.675334302172282e-08,7.313894282930573e-07,0.24350395169885794
2013-01-30 13:00:00,9.246050249139448e-08,1.2787620499141485e-06,0.22914672734273078
2013-01-30 14:00:00,1.9794738949333364e-07,8.540677946080704e-06,0.22095750069013992
2013-01-30 15:00:00,0.27811225228133574,0.2746560612032382,0.24563365987475524
2013-01-30 16:00:00,0.31736028001114974,0.29370311334586274,0.262875028563047
2013-01-30 17:00:00,0.314394819604001,0.2883046233684937,0.262875028563047
2013-01-30 18:00:00,0.3110842707155779,0.2823930552300314,0.2634835087743576
2013-01-30 19:00:00,0.31003850480703865,0.28054900385107984,0.2632506275815203
2013-01-30 20:00:00,0.30850322601774305,0.27786472878446583,0.26445162059359856
2013-01-30 21:00:00,0.30225357263324043,0.2544546460018007,0.2591047304012058
2013-01-30 22:00:00,3.072020371566416e-05,2.51340445304093e-05,0.19135581773758467
2013-01-30 23:00:00,2.818406503523942e-05,2.275295560128027e-05,0.136638139374854
2013-01-31 00:00:00,2.9498886772432616e-05,2.3761064713553426e-05,0.12620296309902065
2013-01-31 01:00:00,2.5611418284286432e-05,2.0708076289672407e-05,0.1285557051180251
2013-01-31 02:00:00,2.4378344819719923e-05,1.9799848393537526e-05,0.12995691796496334
2013-01-31 03:00:00,2.2459368959790925e-05,1.8200374755941152e-05,0.13085965214959341
2013-01-31 04:00:00,4.846170576446152e-05,3.903648139016892e-05,0.1252123124047322
2013-01-31 05:00:00,7.335722893509608e-05,5.962322899755159e-05,0.15297419453070296
2013-01-31 06:00:00,0.32100655192294464,0.2981698470329582,0.20746755292269137
2013-01-31 07:00:00,1.961825956757383e-07,7.310460454269063e-06,0.23409223497844797
2013-01-31 08:00:00,4.3279798530806646e-08,1.774119658284356e-07,0.2459108231116921
2013-01-31 09:00:00,2.678435408294701e-08,1.0542153257551713e-07,0.2537194326821675
2013-01-31 10:00:00,2.465829019206213e-08,8.335498392212603e-08,0.2537630107118737
2013-01-31 11:00:00,2.5079034539680246e-08,8.499489634864423e-08,0.25299008866763134
2013-01-31 12:00:00,2.7617160972422334e-08,9.269227218849364e-08,0.24350395169885794
2013-01-31 13:00:00,3.3415840384827524e-08,1.3036634445435329e-07,0.22914672734273078
2013-01-31 14:00:00,9.247614726403702e-08,1.3259745673658067e-06,0.22095750069013992
2013-01-31 15:00:00,5.144528122337909e-07,1.715143567951692e-05,0.24563365987475524
2013-01-31 16:00:00,0.291449821579212,0.25043779604047767,0.262875028563047
2013-01-31 17:00:00,0.31204658450990497,0.27915293812720243,0.262875028563047
2013-01-31 18:00:00,0.008668108455111302,0.096423073964426,0.2634835087743576
2013-01-31 19:00:00,6.951573372773372e-05,4.808962463342933e-05,0.2632506275815203
2013-01-31 20:00:00,0.00011076701680687949,7.881771100806642e-05,0.26445162059359856
2013-01-31 21:00:00,2.322275894072902e-05,1.8820266731825198e-05,0.2591047304012058
2013-01-31 22:00:00,3.247748704350199e-05,2.5837975868139555e-05,0.19135581773758467
2013-01-31 23:00:00,3.704973686350636e-05,2.944591253439578e-05,0.136638139374854
2013-02-01 00:00:00,2.8334278947221092e-05,2.282310412064221e-05,0.1267933142468087
2013-02-01 01:00:00,2.867927449037275e-05,2.2997199584804514e-05,0.13027475925638946
2013-02-01 02:00:00,3.433401118875102e-05,2.7531804205741007e-05,0.1294592659154484
2013-02-01 03:00:00,4.721593782514288e-05,3.8204093102776616e-05,0.13168545280163185
2013-02-01 04:00:00,7.433772254295913e-05,6.028602759619826e-05,0.12544116712331735
2013-02-01 05:00:00,0.0001314999976377246,0.00010719658220380556,0.18905674015618026
2013-02-01 06:00:00,0.3322980030132635,0.31983608897020965,0.21711100413109355
2013-02-01 07:00:00,2.0389570265848904e-07,2.1476407967764032e-05,0.23908615122209192
2013-02-01 08:00:00,7.352583278666878e-08,4.631767056700908e-07,0.2524999917653523
2013-02-01 09:00:00,5.335237287452683e-08,2.3500245726704018e-07,0.2610040754118589
2013-02-01 10:00:00,4.835631517180066e-08,2.1422292048640893e-07,0.2633990670119662
2013-02-01 11:00:00,4.96090223651165e-08,2.1904728903241765e-07,0.26157140888326935
2013-02-01 12:00:00,5.98524307197341e-08,2.936137153972694e-07,0.2524621042187018
2013-02-01 13:00:00,1.019398871698747e-07,5.894841666868657e-07,0.23866685586575412
2013-02-01 14:00:00,3.2897929239844e-07,0.07590393644677974,0.23166023473580016
2013-02-01 15:00:00,0.2983887018247816,0.2949856443881526,0.23598265265176746
2013-02-01 16:00:00,0.319001513457014,0.29673319375560886,0.26259321745755365
2013-02-01 17:00:00,0.3131946077108368,0.28614734765363753,0.26533470465059894
2013-02-01 18:00:00,0.3020939616463066,0.2669253551869841,0.2660535298229673
2013-02-01 19:00:00,0.293266823645776,0.2525200212912074,0.26433221274252533
2013-02-01 20:00:00,0.2830569783926562,0.2367476169869003,0.26433221274252533
2013-02-01 21:00:00,0.2740934722816622,0.22362712949498056,0.2633797503457555
2013-02-01 22:00:00,0.004822167746128783,0.058800335982013285,0.2044836543124561
2013-02-01 23:00:00,9.126659200429336e-05,6.159605815404557e-05,0.13964568828158402
2013-02-02 00:00:00,0.13535342686221621,0.0991056028674408,0.1267933142468087
2013-02-02 01:00:00,0.0021600939542069444,0.016191963584862266,0.13027475925638946
2013-02-02 02:00:00,1.001964453922733e-05,8.125046938922119e-06,0.1294592659154484
2013-02-02 03:00:00,6.845690807290886e-06,5.634205184552683e-06,0.13168545280163185
2013-02-02 04:00:00,6.193313851723927e-06,5.104213054673548e-06,0.12544116712331735
2013-02-02 05:00:00,9.715170966647877e-06,7.813496351883797e-06,0.18905674015618026
2013-02-02 06:00:00,9.497529212054081e-06,7.736047170771109e-06,0.21711100413109355
2013-02-02 07:00:00,4.745328876204099e-07,6.174478332812912e-06,0.23908615122209192
2013-02-02 08:00:00,2.16883672788362e-07,4.116821800961294e-06,0.2524999917653523
2013-02-02 09:00:00,1.365851371013151e-07,3.687886831889031e-07,0.2610040754118589
2013-02-02 10:00:00,1.4465764838740475e-07,4.5097364081618103e-07,0.2633990670119662
2013-02-02 11:00:00,1.4698220185168665e-07,4.4141607862593734e-07,0.26157140888326935
2013-02-02 12:00:00,2.2195378145431883e-07,5.781570132937293e-07,0.2524621042187018
2013-02-02 13:00:00,2.919544506290669e-07,6.03711273256951e-07,0.23866685586575412
2013-02-02 14:00:00,6.427880029725732e-07,6.999161033897402e-06,0.23166023473580016
2013-02-02 15:00:00,1.0174752972100987e-05,9.177765947849499e-06,0.23598265265176746
2013-02-02 16:00:00,0.25170059530476124,0.19350034336697497,0.26259321745755365
2013-02-02 17:00:00,0.2409995129640047,0.1802985384582408,0.26533470465059894
2013-02-02 18:00:00,0.2367759208808077,0.1752809974556047,0.2660535298229673
2013-02-02 19:00:00,0.2285446946126949,0.14911510815657983,0.26433221274252533
2013-02-02 20:00:00,0.2392146410828032,0.17816426954493833,0.26433221274252533
2013-02-02 21:00:00,4.205737812493902e-05,3.0348887326266566e-05,0.2633797503457555
2013-02-02 22:00:00,5.0907491030462736e-05,3.6803081984663145e-05,0.2044836543124561
2013-02-02 23:00:00,9.75657406482797e-06,7.858766278948692e-06,0.13964568828158402
2013-02-03 00:00:00,6.88217569806829e-06,5.533813010070114e-06,0.1267933142468087
2013-02-03 01:00:00,2.345450416979043e-06,1.9147578780020267e-06,0.13027475925638946
2013-02-03 02:00:00,1.7774633642582335e-06,1.3773483842656387e-06,0.1294592659154484
2013-02-03 03:00:00,2.0208876980876586e-06,1.5994959810441957e-06,0.13168545280163185
2013-02-03 04:00:00,1.8364926881036322e-06,1.446639055546928e-06,0.12544116712331735
2013-02-03 05:00:00,2.0062634516106233e-06,1.5920700690131465e-06,0.18905674015618026
2013-02-03 06:00:00,2.305491820919261e-06,1.8365512557451434e-06,0.21711100413109355
2013-02-03 07:00:00,1.0559026232522132e-06,1.1910008281510227e-06,0.23908615122209192
2013-02-03 08:00:00,1.3776292570982696e-07,1.6640196274443095e-07,0.2524999917653523
2013-02-03 09:00:00,9.903345820627135e-08,1.6109669636890364e-07,0.2610040754118589
2013-02-03 10:00:00,4.8533889087347564e-08,1.3297595425073994e-07,0.2633990670119662
2013-02-03 11:00:00,4.154048513526357e-08,1.2021432097658075e-07,0.26157140888326935
2013-02-03 12:00:00,4.5885025554976703e-08,1.27353398472559e-07,0.2524621042187018
2013-02-03 13:00:00,4.508805403881428e-08,1.2778750117607096e-07,0.23866685586575412
2013-02-03 14:00:00,1.0443063467655567e-07,2.879617257222819e-07,0.23166023473580016
2013-02-03 15:00:00,5.869639991500764e-07,1.096547799706095e-05,0.23598265265176746
2013-02-03 16:00:00,3.340817511109618e-05,2.6751036182038274e-05,0.26259321745755365
2013-02-03 17:00:00,7.684538202968442e-05,5.911198859574184e-05,0.26533470465059894
2013-02-03 18:00:00,8.593643781921538e-05,6.606229558845705e-05,0.2660535298229673
2013-02-03 19:00:00,5.4543178273389075e-05,4.330932864256506e-05,0.26433221274252533
2013-02-03 20:00:00,8.093857918105575e-05,6.19179434903884e-05,0.26433221274252533
2013-02-03 21:00:00,6.640542941007077e-05,5.2475873090122845e-05,0.2633797503457555
2013-02-03 22:00:00,8.11302358985068e-05,6.317414684957632e-05,0.2044836543124561
2013-02-03 23:00:00,6.921410716928894e-05,5.5503900871787115e-05,0.13964568828158402
2013-02-04 00:00:00,6.233111573074923e-05,4.9832714189292124e-05,0.1267933142468087
2013-02-04 01:00:00,5.5493615711756074e-05,4.426476677167254e-05,0.13027475925638946
2013-02-04 02:00:00,3.268523033678003e-05,2.6686034047609677e-05,0.1294592659154484
2013-02-04 03:00:00,5.0032566652475605e-05,3.9908447470278236e-05,0.13168545280163185
2013-02-04 04:00:00,5.243841802769633e-05,4.224004762778943e-05,0.12544116712331735
2013-02-04 05:00:00,5.509598248013741e-05,4.480908997992415e-05,0.18905674015618026
2013-02-04 06:00:00,0.008081169566188368,0.1411320239590986,0.21711100413109355
2013-02-04 07:00:00,2.1104451337685864e-07,8.350900881943425e-06,0.23908615122209192
2013-02-04 08:00:00,6.389048999639977e-08,3.668607727015031e-07,0.2524999917653523
2013-02-04 09:00:00,5.887310699937406e-08,8.907943447955547e-07,0.2610040754118589
2013-02-04 10:00:00,5.239496094008057e-08,6.687126064269394e-07,0.2633990670119662
2013-02-04 11:00:00,4.786808147574176e-08,4.136610883090038e-07,0.26157140888326935
2013-02-04 12:00:00,4.893050156210625e-08,4.5494149446622413e-07,0.2524621042187018
2013-02-04 13:00:00,5.084861895786518e-08,3.1071093935746884e-07,0.23866685586575412
2013-02-04 14:00:00,9.519008317328706e-08,1.3886125866794312e-06,0.23166023473580016
2013-02-04 15:00:00,3.9946172532512445e-07,1.4908529410455065e-05,0.23598265265176746
2013-02-04 16:00:00,0.3208140195934684,0.3001149544781762,0.26259321745755365
2013-02-04 17:00:00,0.31476021134762766,0.2889631265240709,0.26533470465059894
2013-02-04 18:00:00,0.3067542693639981,0.26306830267489595,0.2660535298229673
2013-02-04 19:00:00,0.011417768760334585,0.0713785475687377,0.26433221274252533
2013-02-04 20:00:00,3.058887055998881e-05,2.4986957523658223e-05,0.26433221274252533
2013-02-04 21:00:00,3.18711575815628e-05,2.607591564395137e-05,0.2633797503457555
2013-02-04 22:00:00,3.1273649519977737e-05,2.536061463713914e-05,0.2044836543124561
2013-02-04 23:00:00,3.16977909694903e-05,2.558984007612232e-05,0.13964568828158402
2013-02-05 00:00:00,2.0759047222638684e-05,1.7074571458184155e-05,0.1267933142468087
2013-02-05 01:00:00,2.514412437827418e-05,2.049636511177551e-05,0.13027475925638946
2013-02-05 02:00:00,3.2860963659781625e-05,2.6732183260756394e-05,0.1294592659154484
2013-02-05 03:00:00,3.217999027274766e-05,2.625683984782039e-05,0.13168545280163185
2013-02-05 04:00:00,4.3709596599920004e-05,3.52877638017486e-05,0.12544116712331735
2013-02-05 05:00:00,0.30470546312679514,0.26152368029005696,0.18905674015618026
2013-02-05 06:00:00,0.016454424365435403,0.029372890758024524,0.21711100413109355
2013-02-05 07:00:00,2.3705515156254462e-07,8.629624275534909e-06,0.23908615122209192
2013-02-05 08:00:00,6.737692819124655e-08,3.5620946113701355e-07,0.2524999917653523
2013-02-05 09:00:00,5.4017790305487674e-08,2.1999487191953554e-07,0.2610040754118589
2013-02-05 10:00:00,4.508389639738642e-08,1.9721817489191215e-07,0.2633990670119662
2013-02-05 11:00:00,5.337845805835032e-08,2.534255018230417e-07,0.26157140888326935
2013-02-05 12:00:00,9.190833841708989e-08,3.303089735547013e-07,0.2524621042187018
2013-02-05 13:00:00,1.8717797783706676e-07,7.533984053102962e-07,0.23866685586575412
2013-02-05 14:00:00,4.181076572863517e-07,1.0431060920903774e-05,0.23166023473580016
2013-02-05 15:00:00,1.3132461715335413e-05,1.6021111529224954e-05,0.23598265265176746
2013-02-05 16:00:00,0.3096920472606667,0.27994219844604734,0.26259321745755365
2013-02-05 17:00:00,0.31594454189560645,0.29111206776075155,0.26533470465059894
2013-02-05 18:00:00,0.3182219608333276,0.295288746604604,0.2660535298229673
2013-02-05 19:00:00,0.3154428018533755,0.29019961162430635,0.26433221274252533
2013-02-05 20:00:00,0.31300334485596276,0.2858044476959189,0.26433221274252533
2013-02-05 21:00:00,0.30894965567317695,0.27864340068792276,0.2633797503457555
2013-02-05 22:00:00,0.3111413700555994,0.28249270112634667,0.2044836543124561
2013-02-05 23:00:00,0.29858661383183804,0.2528967228167911,0.13964568828158402
2013-02-06 00:00:00,0.07909528792355429,0.10312769307914207,0.1267933142468087
2013-02-06 01:00:00,0.26132707382547776,0.19858406343753018,0.13027475925638946
2013-02-06 02:00:00,0.2947853367821513,0.2427396842248339,0.1294592659154484
2013-02-06 03:00:00,0.2971215369401843,0.25675576722422916,0.13168545280163185
2013-02-06 04:00:00,0.17548358246584173,0.15186699745854368,0.12544116712331735
2013-02-06 05:00:00,0.30344442803762595,0.2691950364293569,0.18905674015618026
2013-02-06 06:00:00,0.3038472732697248,0.26987593769616997,0.21711100413109355
2013-02-06 07:00:00,0.21006703374243635,0.2139981070256299,0.23908615122209192
2013-02-06 08:00:00,2.9088533351057954e-07,8.510240829437132e-06,0.2524999917653523
2013-02-06 09:00:00,2.2082181322035356e-07,7.402178073587938e-06,0.2610040754118589
2013-02-06 10:00:00,2.2085719591808416e-07,1.1535663736660511e-05,0.2633990670119662
2013-02-06 11:00:00,2.888203421943414e-07,1.0363786446540148e-05,0.26157140888326935
2013-02-06 12:00:00,3.7235734501393505e-07,1.2732641131474304e-05,0.2524621042187018
2013-02-06 13:00:00,2.861251716795738e-07,1.0024739897071597e-05,0.23866685586575412
2013-02-06 14:00:00,3.7980500810883697e-07,1.4540219581327047e-05,0.23166023473580016
2013-02-06 15:00:00,0.27805392386712807,0.265348580335696,0.23598265265176746
2013-02-06 16:00:00,0.3125126125018689,0.28492811852879557,0.26259321745755365
2013-02-06 17:00:00,0.31741294418651683,0.29379840072417523,0.26533470465059894
2013-02-06 18:00:00,0.32194163643428714,0.3022394015280196,0.2660535298229673
2013-02-06 19:00:00,0.3250934711897402,0.30825682275091243,0.26433221274252533
2013-02-06 20:00:00,0.326739527581821,0.31144775835024935,0.26433221274252533
2013-02-06 21:00:00,0.3261094387408083,0.31022218378079325,0.2633797503457555
2013-02-06 22:00:00,0.3248304691102403,0.30621210190985104,0.2044836543124561
2013-02-06 23:00:00,0.3271148402351369,0.3121797483529848,0.13964568828158402
2013-02-07 00:00:00,0.010994929393009346,0.13678688078864173,0.1267933142468087
2013-02-07 01:00:00,0.31709084246444386,0.28666937626860667,0.13027475925638946
2013-02-07 02:00:00,0.32740432777359135,0.31274527669170077,0.1294592659154484
2013-02-07 03:00:00,0.3276167042938277,0.3131588672927005,0.13168545280163185
2013-02-07 04:00:00,0.32504720275631954,0.308167079911196,0.12544116712331735
2013-02-07 05:00:00,0.3201404598687403,0.2988524555534186,0.18905674015618026
2013-02-07 06:00:00,0.31607520007513695,0.2913493224413,0.21711100413109355
2013-02-07 07:00:00,1.3841472952801602e-07,0.16731423849927282,0.23908615122209192
2013-02-07 08:00:00,6.419359710434238e-08,4.6834156111281975e-05,0.2524999917653523
2013-02-07 09:00:00,5.111484316199461e-08,2.3368773064602308e-06,0.2610040754118589
2013-02-07 10:00:00,4.718655559242465e-08,2.1377973314973704e-06,0.2633990670119662
2013-02-07 11:00:00,4.735092974379194e-08,2.1363279627763885e-06,0.26157140888326935
2013-02-07 12:00:00,5.0491813617094296e-08,2.3104211872554137e-06,0.2524621042187018
2013-02-07 13:00:00,6.24209195222534e-08,1.5079272634259497e-05,0.23866685586575412
2013-02-07 14:00:00,9.853479984318186e-08,1.709268128689003e-05,0.23166023473580016
2013-02-07 15:00:00,3.459829438866026e-07,0.2211395726780102,0.23598265265176746
2013-02-07 16:00:00,0.3169045684854146,0.2928664809328261,0.26259321745755365
2013-02-07 17:00:00,0.3122797865456569,0.2845141931788346,0.26533470465059894
2013-02-07 18:00:00,0.3075959339423769,0.27629199287533207,0.2660535298229673
2013-02-07 19:00:00,0.3017170146618001,0.2662944752641573,0.26433221274252533
2013-02-07 20:00:00,0.2950747541899433,0.25540984652839066,0.26433221274252533
2013-02-07 21:00:00,0.28822210889225347,0.24461160981347635,0.2633797503457555
2013-02-07 22:00:00,0.28922455560502575,0.2461638485141144,0.2044836543124561
2013-02-07 23:00:00,0.10646045885619017,0.10156618344420153,0.13964568828158402
2013-02-08 00:00:00,0.0003707721077555697,0.0002519228579291496,0.1267933142468087
2013-02-08 01:00:00,0.28632905431708183,0.24170131919208993,0.13027475925638946
2013-02-08 02:00:00,0.2890473022575474,0.2458882939712812,0.1294592659154484
2013-02-08 03:00:00,0.2918855314950817,0.250329958766214,0.13168545280163185
2013-02-08 04:00:00,0.2911985574448489,0.23488977537088596,0.12544116712331735
2013-02-08 05:00:00,0.299499985471325,0.26261341122535914,0.18905674015618026
2013-02-08 06:00:00,0.3011858848246095,0.2654079196169934,0.21711100413109355
2013-02-08 07:00:00,1.8098504185776808e-07,0.17655969795872203,0.23908615122209192
2013-02-08 08:00:00,8.905697998051412e-08,7.975653255289354e-06,0.2524999917653523
2013-02-08 09:00:00,7.228417729176307e-08,1.4538069749501044e-06,0.2610040754118589
2013-02-08 10:00:00,5.848490671657378e-08,4.621584367904385e-07,0.2633990670119662
2013-02-08 11:00:00,5.627220848023629e-08,8.255111091838995e-07,0.26157140888326935
2013-02-08 12:00:00,7.501899387151084e-08,2.8535825681748924e-06,0.2524621042187018
2013-02-08 13:00:00,9.897198663487243e-08,1.06408152697991e-05,0.23866685586575412
2013-02-08 14:00:00,1.7329988212358641e-07,2.2098868827443242e-05,0.23166023473580016
2013-02-08 15:00:00,0.2367490997478208,0.2336245950401768,0.23598265265176746
2013-02-08 16:00:00,0.3094468786143998,0.27951352827597553,0.26259321745755365
2013-02-08 17:00:00,0.30923468457513525,0.2791425334962378,0.26533470465059894
2013-02-08 18:00:00,0.31032802911509133,0.2810597606566612,0.2660535298229673
2013-02-08 19:00:00,0.3136467561070915,0.2869578691514645,0.26433221274252533
2013-02-08 20:00:00,0.3182847132184368,0.29540437367702216,0.26433221274252533
2013-02-08 21:00:00,0.31948070811033036,0.2976220776783636,0.2633797503457555
2013-02-08 22:00:00,0.3173754789803689,0.28550313033723684,0.2044836543124561
2013-02-08 23:00:00,0.02289749774732984,0.057012082905103095,0.13964568828158402
2013-02-09 00:00:00,0.0002452706130859314,0.00016649083989182762,0.1267933142468087
2013-02-09 01:00:00,0.0002523188774712736,0.0001707460037669579,0.13027475925638946
2013-02-09 02:00:00,0.27699598765684896,0.23671743503286088,0.1294592659154484
2013-02-09 03:00:00,0.30176012970487076,0.2597817766371823,0.13168545280163185
2013-02-09 04:00:00,0.30937465132589737,0.2699347959317064,0.12544116712331735
2013-02-09 05:00:00,0.2730639511608736,0.2297227728707793,0.18905674015618026
2013-02-09 06:00:00,0.318614128050715,0.2960130323473175,0.21711100413109355
2013-02-09 07:00:00,0.21586046629273878,0.22991256946840527,0.23908615122209192
2013-02-09 08:00:00,1.7095023070374697e-07,4.771364035087305e-05,0.2524999917653523
2013-02-09 09:00:00,1.298248450252426e-07,5.296198259453128e-06,0.2610040754118589
2013-02-09 10:00:00,1.0496272694844015e-07,3.527171734422836e-06,0.2633990670119662
2013-02-09 11:00:00,1.0182488133996555e-07,1.034164027353951e-05,0.26157140888326935
2013-02-09 12:00:00,1.4250449258772676e-07,0.14135256742883912,0.2524621042187018
2013-02-09 13:00:00,1.9415282084026673e-07,0.11554700667039253,0.23866685586575412
2013-02-09 14:00:00,2.9597694813137177e-07,0.009382841539962473,0.23166023473580016
2013-02-09 15:00:00,0.2542012494425123,0.2619553478529429,0.23598265265176746
2013-02-09 16:00:00,0.32550320922487075,0.3090501093863166,0.26259321745755365
2013-02-09 17:00:00,0.3221904376604479,0.30271135093685986,0.26533470465059894
2013-02-09 18:00:00,0.32079086564831616,0.3000730792020765,0.2660535298229673
2013-02-09 19:00:00,0.32208312506876763,0.3025079560645974,0.26433221274252533
2013-02-09 20:00:00,0.3256963233085186,0.3094226161307534,0.26433221274252533
2013-02-09 21:00:00,0.32608574590619727,0.31017693502180754,0.2633797503457555
2013-02-09 22:00:00,0.32793250346633956,0.31378162081044336,0.2044836543124561
2013-02-09 23:00:00,0.00040895537598417247,0.00027702158748158206,0.13964568828158402
2013-02-10 00:00:00,0.0004513291863630229,0.0003041443454047069,0.1267933142468087
2013-02-10 01:00:00,0.0003296424144437752,0.00022382587496062623,0.13027475925638946
2013-02-10 02:00:00,0.02110728172499116,0.04157460330085864,0.1294592659154484
2013-02-10 03:00:00,0.006101415783462161,0.004350581882805072,0.13168545280163185
2013-02-10 04:00:00,0.0007662695982045714,0.0005144594416748779,0.12544116712331735
2013-02-10 05:00:00,0.0010399043593095848,0.000701133667677019,0.18905674015618026
2013-02-10 06:00:00,0.2390117801639789,0.23766582724907215,0.21711100413109355
2013-02-10 07:00:00,3.2705252132351777e-07,5.168226803258351e-05,0.23908615122209192
2013-02-10 08:00:00,9.466157021394177e-08,4.7373880035212403e-07,0.2524999917653523
2013-02-10 09:00:00,6.510919906517774e-08,3.3120238066615214e-07,0.2610040754118589
2013-02-10 10:00:00,5.350175171155314e-08,2.8065709051810375e-07,0.2633990670119662
2013-02-10 11:00:00,5.342179869230274e-08,2.7824820564253626e-07,0.26157140888326935
2013-02-10 12:00:00,7.684205780981693e-08,4.335781680426339e-07,0.2524621042187018
2013-02-10 13:00:00,1.116450526895269e-07,8.605140834432032e-07,0.23866685586575412
2013-02-10 14:00:00,1.6460773353939712e-07,2.706837895467372e-06,0.23166023473580016
2013-02-10 15:00:00,4.572455675614906e-07,1.9479336384894028e-05,0.23598265265176746
2013-02-10 16:00:00,0.33629042309251644,0.3306488760455541,0.26259321745755365
2013-02-10 17:00:00,0.33518779549237404,0.3283719629680919,0.26533470465059894
2013-02-10 18:00:00,0.33506883839185214,0.32812685863112223,0.2660535298229673
2013-02-10 19:00:00,0.3352770013738774,0.32855515718192035,0.26433221274252533
2013-02-10 20:00:00,0.33522212241718635,0.32844105549374997,0.26433221274252533
2013-02-10 21:00:00,0.335246993275341,0.3284917015038463,0.2633797503457555
2013-02-10 22:00:00,0.32190865520376793,0.30933770404347144,0.2044836543124561
2013-02-10 23:00:00,0.0003679169626674489,0.0002919992213354098,0.13964568828158402
2013-02-11 00:00:00,0.00032496215261156714,0.00026551772740218975,0.1267933142468087
2013-02-11 01:00:00,0.0004158521857141079,0.00033980789626727765,0.13027475925638946
2013-02-11 02:00:00,0.29043478260869565,0.32104890148830617,0.1294592659154484
2013-02-11 03:00:00,0.000398926005197982,0.0003259766014857066,0.13168545280163185
2013-02-11 04:00:00,0.0003959656572225103,0.00031640731587900275,0.12544116712331735
2013-02-11 05:00:00,0.33514426119662527,0.32828072581116186,0.18905674015618026
2013-02-11 06:00:00,0.332104216112164,0.3220867187562423,0.21711100413109355
2013-02-11 07:00:00,1.4850341476177073e-07,0.1718740385968321,0.23908615122209192
2013-02-11 08:00:00,6.017591120965212e-08,6.847369645776956e-07,0.2524999917653523
2013-02-11 09:00:00,4.267253082067988e-08,3.311592534682759e-07,0.2610040754118589
2013-02-11 10:00:00,3.841639476502863e-08,2.894299761417794e-07,0.2633990670119662
2013-02-11 11:00:00,4.405508818573085e-08,3.1958237468666287e-07,0.26157140888326935
2013-02-11 12:00:00,6.995422615165992e-08,6.24069586709065e-07,0.2524621042187018
2013-02-11 13:00:00,1.241846694336046e-07,4.2533949067310925e-06,0.23866685586575412
2013-02-11 14:00:00,2.1447454955183797e-07,6.465322196153088e-06,0.23166023473580016
2013-02-11 15:00:00,0.22610634277781028,0.20901671796052546,0.23598265265176746
2013-02-11 16:00:00,0.2754315318596385,0.22554611890573922,0.26259321745755365
2013-02-11 17:00:00,0.26699989427280035,0.21369246295757235,0.26533470465059894
2013-02-11 18:00:00,0.26272774022864415,0.2078890658399294,0.2660535298229673
2013-02-11 19:00:00,0.26074355761719137,0.20523798908511975,0.26433221274252533
2013-02-11 20:00:00,0.25955586323706337,0.2036643610740134,0.26433221274252533
2013-02-11 21:00:00,0.25990682370721924,0.20412810740242995,0.2633797503457555
2013-02-11 22:00:00,0.2563389035410265,0.18884426801579435,0.2044836543124561
2013-02-11 23:00:00,5.011771471562987e-05,3.41533184766398e-05,0.13964568828158402
2013-02-12 00:00:00,5.8420409063687484e-05,3.939803159055858e-05,0.1267933142468087
2013-02-12 01:00:00,5.913618153913236e-05,3.9933748375531595e-05,0.13027475925638946
2013-02-12 02:00:00,6.772788982522229e-05,4.5779459966838486e-05,0.1294592659154484
2013-02-12 03:00:00,6.219782518879483e-05,4.185643201181816e-05,0.13168545280163185
2013-02-12 04:00:00,0.18804528707230148,0.1320380345763449,0.12544116712331735
2013-02-12 05:00:00,0.2800708869408098,0.23230358425573333,0.18905674015618026
2013-02-12 06:00:00,0.2848148855146526,0.23939808260186576,0.21711100413109355
2013-02-12 07:00:00,0.23413972502509245,0.21911273948798823,0.23908615122209192
2013-02-12 08:00:00,0.20275955496378398,0.2046638236170457,0.2524999917653523
2013-02-12 09:00:00,2.3909746207309034e-07,0.14934586498692687,0.2610040754118589
2013-02-12 10:00:00,2.1457868507844775e-07,0.16596685409364784,0.2633990670119662
2013-02-12 11:00:00,2.3918378771625617e-07,0.21186913631976828,0.26157140888326935
2013-02-12 12:00:00,3.0880792250156384e-07,0.22485356525491418,0.2524621042187018
2013-02-12 13:00:00,0.22428151590838044,0.24377268870857352,0.23866685586575412
2013-02-12 14:00:00,0.24185603608059447,0.2568594780660018,0.23166023473580016
2013-02-12 15:00:00,0.28274379964430724,0.2849833077322457,0.23598265265176746
2013-02-12 16:00:00,0.3272514156787606,0.31244822056167276,0.26259321745755365
2013-02-12 17:00:00,0.32535484371600853,0.30876298975672256,0.26533470465059894
2013-02-12 18:00:00,0.32502665399994707,0.3081291129066683,0.2660535298229673
2013-02-12 19:00:00,0.32467682416056226,0.3074553121692952,0.26433221274252533
2013-02-12 20:00:00,0.32273391490136116,0.30374030458518503,0.26433221274252533
2013-02-12 21:00:00,0.3230675013998096,0.30437433427746347,0.2633797503457555
2013-02-12 22:00:00,0.32601369438159206,0.31003630117789976,0.2044836543124561
2013-02-12 23:00:00,0.32273119267251965,0.3037344258525028,0.13964568828158402
2013-02-13 00:00:00,0.3183449168742973,0.29551472153059,0.1267933142468087
2013-02-13 01:00:00,0.3151679153068449,0.2897000155114977,0.13027475925638946
2013-02-13 02:00:00,0.31102672279577304,0.28228929513957896,0.1294592659154484
2013-02-13 03:00:00,0.30792354096885727,0.27685779887174405,0.13168545280163185
2013-02-13 04:00:00,0.3006408616327656,0.264501214454979,0.12544116712331735
2013-02-13 05:00:00,0.2930574701434457,0.25218644729620404,0.18905674015618026
2013-02-13 06:00:00,0.28323889963006094,0.2370206450788623,0.21711100413109355
2013-02-13 07:00:00,0.22474108887735345,0.2022075766612885,0.23908615122209192
2013-02-13 08:00:00,3.8487104630994546e-07,0.05979925509679077,0.2524999917653523
2013-02-13 09:00:00,2.2970465350905012e-07,3.191061057022684e-05,0.2610040754118589
2013-02-13 10:00:00,1.9564194843142357e-07,0.1445713602317944,0.2633990670119662
2013-02-13 11:00:00,2.2836762025753242e-07,3.064096412914644e-05,0.26157140888326935
2013-02-13 12:00:00,2.586262690710202e-07,2.61926337499548e-05,0.2524621042187018
2013-02-13 13:00:00,2.938840632513445e-07,3.0761965986911425e-05,0.23866685586575412
2013-02-13 14:00:00,0.20770240669331344,0.18636162750182575,0.23166023473580016
2013-02-13 15:00:00,0.22800405084539238,0.18473914799902852,0.23598265265176746
2013-02-13 16:00:00,0.24897260084151165,0.19006663069652152,0.26259321745755365
2013-02-13 17:00:00,0.24727012791380765,0.18794773558904762,0.26533470465059894
2013-02-13 18:00:00,0.2452614628685194,0.18547112595639603,0.2660535298229673
2013-02-13 19:00:00,0.2473713879668335,0.1880729242436442,0.26433221274252533
2013-02-13 20:00:00,0.2528848413922632,0.19500600323645068,0.26433221274252533
2013-02-13 21:00:00,0.25794832045162713,0.20154993251572403,0.2633797503457555
2013-02-13 22:00:00,0.26396791726785623,0.20955896709383362,0.2044836543124561
2013-02-13 23:00:00,0.004057649620546359,0.028219730714269,0.13964568828158402
2013-02-14 00:00:00,8.571226540955345e-05,5.7217501850059947e-05,0.1267933142468087
2013-02-14 01:00:00,0.00018733867929744853,0.0001259936729723341,0.13027475925638946
2013-02-14 02:00:00,0.277067125188564,0.21251476074239928,0.1294592659154484
2013-02-14 03:00:00,0.000936480110043165,0.0006495135940197147,0.13168545280163185
2013-02-14 04:00:00,0.2967851264997757,0.2581714748315925,0.12544116712331735
2013-02-14 05:00:00,0.3026858994120103,0.26791718147478816,0.18905674015618026
2013-02-14 06:00:00,0.3090745939685279,0.2788612412272923,0.21711100413109355
2013-02-14 07:00:00,0.21592209443778101,0.2258679526423371,0.23908615122209192
2013-02-14 08:00:00,1.9946166294479514e-07,1.3173908646382104e-05,0.2524999917653523
2013-02-14 09:00:00,1.6423102139644856e-07,7.580200438246882e-06,0.2610040754118589
2013-02-14 10:00:00,1.5160196948392586e-07,6.862472768127785e-06,0.2633990670119662
2013-02-14 11:00:00,1.4843012415344967e-07,6.751618173658903e-06,0.26157140888326935
2013-02-14 12:00:00,1.6643200447502376e-07,7.592434722457332e-06,0.2524621042187018
2013-02-14 13:00:00,1.9908958324477994e-07,0.028609693032174536,0.23866685586575412
2013-02-14 14:00:00,3.3400410016011045e-07,0.23463932774837723,0.23166023473580016
2013-02-14 15:00:00,0.2594310233242868,0.27481975219329524,0.23598265265176746
2013-02-14 16:00:00,0.3320448605922282,0.3219667939427506,0.26259321745755365
2013-02-14 17:00:00,0.33008495962323076,0.31803987228334185,0.26533470465059894
2013-02-14 18:00:00,0.33086144450251626,0.31958924450074405,0.2660535298229673
2013-02-14 19:00:00,0.3324344907805763,0.3227529978682129,0.26433221274252533
2013-02-14 20:00:00,0.3335633964039536,0.32504353503970074,0.26433221274252533
2013-02-14 21:00:00,0.33453690144858766,0.32703243911759877,0.2633797503457555
2013-02-14 22:00:00,0.3370534549320226,0.33223375602400124,0.2044836543124561
2013-02-14 23:00:00,0.33699235767038677,0.33082643853886756,0.13964568828158402
2013-02-15 00:00:00,0.33470631677084656,0.32585620502322393,0.1267933142468087
2013-02-15 01:00:00,0.12019216626544214,0.29092791763772247,0.13027475925638946
2013-02-15 02:00:00,0.0033163921546815363,0.002241886174499644,0.1294592659154484
2013-02-15 03:00:00,0.3218704462668805,0.3155918323685065,0.13168545280163185
2013-02-15 04:00:00,0.33857184740960206,0.33541397197284534,0.12544116712331735
2013-02-15 05:00:00,0.3385160840218747,0.33529697523160384,0.18905674015618026
2013-02-15 06:00:00,0.3386039510033153,0.335482955325286,0.21711100413109355
2013-02-15 07:00:00,2.5819182413212264e-07,0.2216538390295724,0.23908615122209192
2013-02-15 08:00:00,1.307211478859294e-07,3.753996327558433e-05,0.2524999917653523
2013-02-15 09:00:00,1.180042873022652e-07,0.00020202339376796633,0.2610040754118589
2013-02-15 10:00:00,1.1427726756310901e-07,0.1667251326102168,0.2633990670119662
2013-02-15 11:00:00,1.1609156670082323e-07,5.40243206441679e-05,0.26157140888326935
2013-02-15 12:00:00,1.347363428716559e-07,0.16040157418990084,0.2524621042187018
2013-02-15 13:00:00,1.5896219306784954e-07,0.19473874293874371,0.23866685586575412
2013-02-15 14:00:00,2.386339969565813e-07,0.16585370371933933,0.23166023473580016
2013-02-15 15:00:00,0.2528741234591971,0.27683284678182196,0.23598265265176746
2013-02-15 16:00:00,0.33805144188912994,0.3343227164495162,0.26259321745755365
2013-02-15 17:00:00,0.335754076635778,0.32954009235946896,0.26533470465059894
2013-02-15 18:00:00,0.33458567869577105,0.3271344765410963,0.2660535298229673
2013-02-15 19:00:00,0.3342236784238873,0.3263922209193096,0.26433221274252533
2013-02-15 20:00:00,0.3345868797250565,0.32713532698962133,0.26433221274252533
2013-02-15 21:00:00,0.33498901895573263,0.32796072174793683,0.2633797503457555
2013-02-15 22:00:00,0.3348755397931879,0.3277273884008826,0.2044836543124561
2013-02-15 23:00:00,0.3335969510562074,0.3251113297386199,0.13964568828158402
2013-02-16 00:00:00,0.3333557678286759,0.32462021465972574,0.1267933142468087
2013-02-16 01:00:00,0.33243715441105176,0.3227572747037088,0.13027475925638946
2013-02-16 02:00:00,0.32078245894586804,0.2971438220642696,0.1294592659154484
2013-02-16 03:00:00,0.29472590994397546,0.2703158461198861,0.13168545280163185
2013-02-16 04:00:00,0.26948858130942727,0.25585499974022885,0.12544116712331735
2013-02-16 05:00:00,0.33051625082758257,0.3188976519703507,0.18905674015618026
2013-02-16 06:00:00,0.3302700167520782,0.31840676761998776,0.21711100413109355
2013-02-16 07:00:00,2.599141490569958e-07,0.0002642063390559659,0.23908615122209192
2013-02-16 08:00:00,1.411130261716685e-07,1.6041305808328077e-05,0.2524999917653523
2013-02-16 09:00:00,1.2209217082886252e-07,1.6272839392170608e-05,0.2610040754118589
2013-02-16 10:00:00,1.1640223111066426e-07,1.1412006781418582e-05,0.2633990670119662
2013-02-16 11:00:00,1.138715455803386e-07,1.106023630691382e-05,0.26157140888326935
2013-02-16 12:00:00,1.3183117422982665e-07,1.3161576079032505e-05,0.2524621042187018
2013-02-16 13:00:00,1.4445956835806005e-07,1.4601409889608576e-05,0.23866685586575412
2013-02-16 14:00:00,2.004399054605142e-07,1.874019595491389e-05,0.23166023473580016
2013-02-16 15:00:00,4.0832999310892106e-07,0.17960430181389078,0.23598265265176746
2013-02-16 16:00:00,0.33379399197460935,0.32551511833632946,0.26259321745755365
2013-02-16 17:00:00,0.332212745914721,0.3223064694225922,0.26533470465059894
2013-02-16 18:00:00,0.33098368389239186,0.31983460917188644,0.2660535298229673
2013-02-16 19:00:00,0.33051378836781486,0.31889381076864726,0.26433221274252533
2013-02-16 20:00:00,0.33005995494701557,0.3179886647712383,0.26433221274252533
2013-02-16 21:00:00,0.3295581534080098,0.3169909048486137,0.2633797503457555
2013-02-16 22:00:00,0.32815716209816675,0.31422297364277213,0.2044836543124561
2013-02-16 23:00:00,0.0003172768982669725,0.00021376497074811977,0.13964568828158402
2013-02-17 00:00:00,0.0002225633938458827,0.00015220150942440192,0.1267933142468087
2013-02-17 01:00:00,0.0004824708487375743,0.00032531103718555396,0.13027475925638946
2013-02-17 02:00:00,0.0004751520182332431,0.00032159417783319096,0.1294592659154484
2013-02-17 03:00:00,0.0036587531256970455,0.002580077677689013,0.13168545280163185
2013-02-17 04:00:00,0.003881409684350982,0.0027507253947067125,0.12544116712331735
2013-02-17 05:00:00,0.0005033517351766177,0.00034150396383712144,0.18905674015618026
2013-02-17 06:00:00,0.02267585342424814,0.10352690678358649,0.21711100413109355
2013-02-17 07:00:00,1.417406894128936e-07,2.1592347019139758e-05,0.23908615122209192
2013-02-17 08:00:00,7.509921380604421e-08,7.243100869693854e-06,0.2524999917653523
2013-02-17 09:00:00,6.00693983260596e-08,0.11072253112084476,0.2610040754118589
2013-02-17 10:00:00,6.508161831518225e-08,0.10744447472733831,0.2633990670119662
2013-02-17 11:00:00,6.665847878352275e-08,7.991862390022385e-06,0.26157140888326935
2013-02-17 12:00:00,9.485256697960664e-08,2.5421353658772402e-05,0.2524621042187018
2013-02-17 13:00:00,1.2810158147967543e-07,0.0043819845069569974,0.23866685586575412
2013-02-17 14:00:00,2.0046748516371464e-07,0.034393724065388424,0.23166023473580016
2013-02-17 15:00:00,4.300454246230895e-07,0.18454307527189603,0.23598265265176746
2013-02-17 16:00:00,0.3247145142323697,0.3075271216715452,0.26259321745755365
2013-02-17 17:00:00,0.3190426616433654,0.29680879095716256,0.26533470465059894
2013-02-17 18:00:00,0.31674723430942536,0.292578202024639,0.2660535298229673
2013-02-17 19:00:00,0.3176478369273414,0.29423018345199836,0.26433221274252533
2013-02-17 20:00:00,0.31830231257676356,0.29543650311806313,0.26433221274252533
2013-02-17 21:00:00,0.3201114661847811,0.29879827403942416,0.2633797503457555
2013-02-17 22:00:00,0.30150563537172304,0.26329266935745366,0.2044836543124561
2013-02-17 23:00:00,0.0002955157824181117,0.0001980027360378071,0.13964568828158402
2013-02-18 00:00:00,0.0002521714062120212,0.00017045319408144229,0.1267933142468087
2013-02-18 01:00:00,0.00027696772457411705,0.00018540098282223447,0.13027475925638946
2013-02-18 02:00:00,0.00025688583737126406,0.00017282103667825942,0.1294592659154484
2013-02-18 03:00:00,0.0003033555957386062,0.00020538294717903949,0.13168545280163185
2013-02-18 04:00:00,0.32448034271112924,0.30707568940686336,0.12544116712331735
2013-02-18 05:00:00,0.3255133578256442,0.30906733133416964,0.18905674015618026
2013-02-18 06:00:00,0.3252707932702546,0.30859946792831555,0.21711100413109355
2013-02-18 07:00:00,2.7009149079159073e-07,0.2127466339146227,0.23908615122209192
2013-02-18 08:00:00,1.2746778427020774e-07,2.037864979807281e-05,0.2524999917653523
2013-02-18 09:00:00,1.0942311218835736e-07,0.0758661416423906,0.2610040754118589
2013-02-18 10:00:00,1.0671821441004578e-07,2.895797618496039e-06,0.2633990670119662
2013-02-18 11:00:00,1.1806593070170378e-07,3.2246009002695546e-06,0.26157140888326935
2013-02-18 12:00:00,1.4293084923328855e-07,2.9089060379648497e-06,0.2524621042187018
2013-02-18 13:00:00,1.658540956228057e-07,1.0417661245686994e-05,0.23866685586575412
2013-02-18 14:00:00,2.7234033488056937e-07,0.21610033320504032,0.23166023473580016
2013-02-18 15:00:00,0.23377759315458851,0.25200389974392473,0.23598265265176746
2013-02-18 16:00:00,0.32996260543258726,0.31779657437438585,0.26259321745755365
2013-02-18 17:00:00,0.3264313147502307,0.3108495796948148,0.26533470465059894
2013-02-18 18:00:00,0.32458168714217056,0.307273064199005,0.2660535298229673
2013-02-18 19:00:00,0.3258690036292053,0.30975661557647544,0.26433221274252533
2013-02-18 20:00:00,0.32788008887465026,0.3136791790513429,0.26433221274252533
2013-02-18 21:00:00,0.3290441087879798,0.31597306200791997,0.2633797503457555
2013-02-18 22:00:00,0.3304060115480544,0.31867801189183803,0.2044836543124561
2013-02-18 23:00:00,0.3304283691866709,0.3187223046942528,0.13964568828158402
2013-02-19 00:00:00,0.33164168367254343,0.3211531944175055,0.1267933142468087
2013-02-19 01:00:00,0.0009156627320199824,0.0006216301902437341,0.13027475925638946
2013-02-19 02:00:00,0.29454182780061594,0.2808609537522547,0.1294592659154484
2013-02-19 03:00:00,0.3281186482133932,0.3131870097578863,0.13168545280163185
2013-02-19 04:00:00,0.0014958755661418066,0.0010438408346883728,0.12544116712331735
2013-02-19 05:00:00,0.3374207519915427,0.3330007970961628,0.18905674015618026
2013-02-19 06:00:00,0.3374863731254941,0.33313854549789906,0.21711100413109355
2013-02-19 07:00:00,1.587581051966132e-07,4.7795921195202705e-05,0.23908615122209192
2013-02-19 08:00:00,8.756448002033597e-08,3.385250183944499e-06,0.2524999917653523
2013-02-19 09:00:00,4.831617603106499e-08,3.5381280226669967e-07,0.2610040754118589
2013-02-19 10:00:00,4.330514447505605e-08,3.1711771189348485e-07,0.2633990670119662
2013-02-19 11:00:00,4.338935953045944e-08,2.616636493836684e-07,0.26157140888326935
2013-02-19 12:00:00,4.823370581008751e-08,3.1165491523329125e-07,0.2524621042187018
2013-02-19 13:00:00,6.536980201279969e-08,6.929065381617596e-07,0.23866685586575412
2013-02-19 14:00:00,1.080115253698146e-07,9.552798190652316e-06,0.23166023473580016
2013-02-19 15:00:00,2.73266684601058e-07,0.22298823567489057,0.23598265265176746
2013-02-19 16:00:00,0.33210527862084716,0.3220904859985483,0.26259321745755365
2013-02-19 17:00:00,0.3310850299269252,0.3200387993620575,0.26533470465059894
2013-02-19 18:00:00,0.33276553058939073,0.32342525352337054,0.2660535298229673
2013-02-19 19:00:00,0.33397021165685925,0.32587549739318156,0.26433221274252533
2013-02-19 20:00:00,0.33525793654534874,0.3285149253382358,0.26433221274252533
2013-02-19 21:00:00,0.3344907787921859,0.3239824603015919,0.2633797503457555
2013-02-19 22:00:00,0.3348794992330592,0.3248142296321932,0.2044836543124561
2013-02-19 23:00:00,0.3361312518111643,0.3290344190154635,0.13964568828158402
2013-02-20 00:00:00,0.33682973706233554,0.3317210268660417,0.1267933142468087
2013-02-20 01:00:00,0.3367755434757122,0.32948755333878166,0.13027475925638946
2013-02-20 02:00:00,0.338117113505278,0.33289951997741585,0.1294592659154484
2013-02-20 03:00:00,0.3413785593130673,0.3413787949726658,0.13168545280163185
2013-02-20 04:00:00,0.3413784949817719,0.34137879137732025,0.12544116712331735
2013-02-20 05:00:00,0.34137829564394984,0.3413786612142328,0.18905674015618026
2013-02-20 06:00:00,0.3413771450385102,0.3413779157835158,0.21711100413109355
2013-02-20 07:00:00,2.5343568502430163e-07,7.345520457683772e-05,0.23908615122209192
2013-02-20 08:00:00,1.1813883837742529e-07,7.633358850238382e-07,0.2524999917653523
2013-02-20 09:00:00,9.846726446930665e-08,5.938158960681025e-07,0.2610040754118589
2013-02-20 10:00:00,1.0570706749208102e-07,6.374761829791239e-07,0.2633990670119662
2013-02-20 11:00:00,1.2563561255012328e-07,7.576568694994925e-07,0.26157140888326935
2013-02-20 12:00:00,1.9525292624747018e-07,1.2770053373502244e-06,0.2524621042187018
2013-02-20 13:00:00,2.8684487454283646e-07,1.248382493501034e-05,0.23866685586575412
2013-02-20 14:00:00,3.665176421205373e-07,0.13483156730989468,0.23166023473580016
2013-02-20 15:00:00,0.2581757432815997,0.2722202598538857,0.23598265265176746
2013-02-20 16:00:00,0.33279069713485476,0.32347636400926705,0.26259321745755365
2013-02-20 17:00:00,0.33170319781747243,0.3212796887160779,0.26533470465059894
2013-02-20 18:00:00,0.32893493738838386,0.315758559136813,0.2660535298229673
2013-02-20 19:00:00,0.3254225310035028,0.3088936499431709,0.26433221274252533
2013-02-20 20:00:00,0.32166070495922416,0.30170862823755934,0.26433221274252533
2013-02-20 21:00:00,0.3178271960901709,0.2945600580914393,0.2633797503457555
2013-02-20 22:00:00,0.31591115527046837,0.29105043474510994,0.2044836543124561
2013-02-20 23:00:00,0.3115680150619337,0.2832475093563444,0.13964568828158402
2013-02-21 00:00:00,0.30866604615822557,0.27814807268358116,0.1267933142468087
2013-02-21 01:00:00,0.30759001444391865,0.2762794218746533,0.13027475925638946
2013-02-21 02:00:00,0.30750342972920097,0.2761296021509992,0.1294592659154484
2013-02-21 03:00:00,0.30852441170991635,0.27790194114585,0.13168545280163185
2013-02-21 04:00:00,0.3074566490067559,0.2751696246915376,0.12544116712331735
2013-02-21 05:00:00,0.3081597704756678,0.27726825446032705,0.18905674015618026
2013-02-21 06:00:00,0.30697756913560137,0.27522326749155973,0.21711100413109355
2013-02-21 07:00:00,2.53442517637144e-07,3.619283157401883e-05,0.23908615122209192
2013-02-21 08:00:00,1.371553876590737e-07,5.141127377816485e-06,0.2524999917653523
2013-02-21 09:00:00,1.0010020459480818e-07,8.5990281277245e-07,0.2610040754118589
2013-02-21 10:00:00,9.989026341062461e-08,7.740213814475609e-07,0.2633990670119662
2013-02-21 11:00:00,1.4858222285765888e-07,3.1255257338122902e-06,0.26157140888326935
2013-02-21 12:00:00,2.144714618911021e-07,7.104434146554759e-06,0.2524621042187018
2013-02-21 13:00:00,2.383666994569858e-07,8.069564730648823e-06,0.23866685586575412
2013-02-21 14:00:00,3.6114787420912565e-07,0.0347826164951876,0.23166023473580016
2013-02-21 15:00:00,0.24783387339608104,0.23493332713798556,0.23598265265176746
2013-02-21 16:00:00,0.30093065925230444,0.2649841082956545,0.26259321745755365
2013-02-21 17:00:00,0.3022325165052203,0.2671575199869969,0.26533470465059894
2013-02-21 18:00:00,0.3011693570371301,0.2653812209037595,0.2660535298229673
2013-02-21 19:00:00,0.29965780200148284,0.2628746168057442,0.26433221274252533
2013-02-21 20:00:00,0.29883339850187407,0.2615166555055466,0.26433221274252533
2013-02-21 21:00:00,0.2984255960960927,0.260847285797865,0.2633797503457555
2013-02-21 22:00:00,0.30546033665480554,0.27261828937632054,0.2044836543124561
2013-02-21 23:00:00,0.29493924846660236,0.24200496589661952,0.13964568828158402
2013-02-22 00:00:00,0.009053599438862832,0.06485115533979133,0.1267933142468087
2013-02-22 01:00:00,0.00023559268872634689,0.0001592041871741777,0.13027475925638946
2013-02-22 02:00:00,0.0006983507695396234,0.0004747461269770168,0.1294592659154484
2013-02-22 03:00:00,0.0006459001622892004,0.0004424958810139841,0.13168545280163185
2013-02-22 04:00:00,0.30957668253941933,0.2797381115073656,0.12544116712331735
2013-02-22 05:00:00,0.31249666908729007,0.28489878250840284,0.18905674015618026
2013-02-22 06:00:00,0.29131021350573033,0.27555776337915544,0.21711100413109355
2013-02-22 07:00:00,2.7972287047134117e-07,0.20809806009258813,0.23908615122209192
2013-02-22 08:00:00,1.7792276506210728e-07,9.9395302386801e-06,0.2524999917653523
2013-02-22 09:00:00,1.7283065020230045e-07,6.39472301462295e-05,0.2610040754118589
2013-02-22 10:00:00,1.7218525428727292e-07,3.451800611340648e-05,0.2633990670119662
2013-02-22 11:00:00,1.7000575320719572e-07,1.668296013258833e-05,0.26157140888326935
2013-02-22 12:00:00,2.1021252381050983e-07,0.15505474317750825,0.2524621042187018
2013-02-22 13:00:00,2.1007789346913258e-07,0.07626916568838293,0.23866685586575412
2013-02-22 14:00:00,2.586118806879866e-07,0.11518090316015679,0.23166023473580016
2013-02-22 15:00:00,0.24169717087023057,0.25939998748836535,0.23598265265176746
2013-02-22 16:00:00,0.32992774115703144,0.31772625176212815,0.26259321745755365
2013-02-22 17:00:00,0.3262887504959389,0.3105717442577853,0.26533470465059894
2013-02-22 18:00:00,0.32100934069023734,0.3004821317291964,0.2660535298229673
2013-02-22 19:00:00,0.31588359597969645,0.2910012323331113,0.26433221274252533
2013-02-22 20:00:00,0.3091773073105527,0.27904116049017935,0.26433221274252533
2013-02-22 21:00:00,0.3029189146673496,0.26830952683652376,0.2633797503457555
2013-02-22 22:00:00,0.27894972415540215,0.22028213623639314,0.2044836543124561
2013-02-22 23:00:00,0.00010207276745561819,6.995209362864857e-05,0.13964568828158402
2013-02-23 00:00:00,0.09753338147061742,0.11548049828555651,0.1267933142468087
2013-02-23 01:00:00,0.00015189595595418764,0.00010335929367556547,0.13027475925638946
2013-02-23 02:00:00,0.00011188228717882199,7.437280090301803e-05,0.1294592659154484
2013-02-23 03:00:00,0.2532051528350016,0.20316498537618138,0.13168545280163185
2013-02-23 04:00:00,0.31270976795316546,0.2748290778438524,0.12544116712331735
2013-02-23 05:00:00,0.3203848261881523,0.2993099560058133,0.18905674015618026
2013-02-23 06:00:00,0.3022111823623685,0.2897442399404912,0.21711100413109355
2013-02-23 07:00:00,2.257163998708225e-07,9.168117287967867e-06,0.23908615122209192
2013-02-23 08:00:00,1.4818225750853391e-07,2.937561986452409e-06,0.2524999917653523
2013-02-23 09:00:00,1.0490826978252621e-07,9.133339581697397e-07,0.2610040754118589
2013-02-23 10:00:00,8.734101842102142e-08,6.01029959282796e-07,0.2633990670119662
2013-02-23 11:00:00,8.438113371734813e-08,5.694476896568247e-07,0.26157140888326935
2013-02-23 12:00:00,1.20183182520036e-07,1.8193285733879954e-06,0.2524621042187018
2013-02-23 13:00:00,1.6241806719089264e-07,6.1476510835782424e-06,0.23866685586575412
2013-02-23 14:00:00,2.5369491581752606e-07,1.1050325569322084e-05,0.23166023473580016
2013-02-23 15:00:00,6.102126407989394e-07,1.702842824831709e-05,0.23598265265176746
2013-02-23 16:00:00,0.306369739258013,0.2741780863455661,0.26259321745755365
2013-02-23 17:00:00,0.29242368150940773,0.2511827162960912,0.26533470465059894
2013-02-23 18:00:00,0.27928459845632153,0.2311467277712107,0.2660535298229673
2013-02-23 19:00:00,0.267184313608367,0.21394573029793892,0.26433221274252533
2013-02-23 20:00:00,0.2581394290201174,0.2018007159449716,0.26433221274252533
2013-02-23 21:00:00,0.2520678931401154,0.19396612058223073,0.2633797503457555
2013-02-23 22:00:00,0.2582385094054042,0.20192992021463257,0.2044836543124561
2013-02-23 23:00:00,0.2610632738927303,0.20565984753289238,0.13964568828158402
2013-02-24 00:00:00,0.004181455975203154,0.0138075396522339,0.1267933142468087
2013-02-24 01:00:00,3.073946756655191e-05,2.2794073266598747e-05,0.13027475925638946
2013-02-24 02:00:00,1.4002060495986724e-05,1.1405163543328836e-05,0.1294592659154484
2013-02-24 03:00:00,5.604382066337669e-05,4.068739504501505e-05,0.13168545280163185
2013-02-24 04:00:00,2.2522930330393722e-05,1.7947372002146114e-05,0.12544116712331735
2013-02-24 05:00:00,1.945372988941375e-05,1.5810632985205964e-05,0.18905674015618026
2013-02-24 06:00:00,7.534702482809453e-05,5.400975580722909e-05,0.21711100413109355
2013-02-24 07:00:00,5.20126354295249e-07,1.0009641104318206e-05,0.23908615122209192
2013-02-24 08:00:00,2.299072327600202e-07,2.354897648725139e-06,0.2524999917653523
2013-02-24 09:00:00,1.5505433037284406e-07,1.32961423326541e-06,0.2610040754118589
2013-02-24 10:00:00,1.0308330409203609e-07,4.498503278751417e-07,0.2633990670119662
2013-02-24 11:00:00,1.0476672170295374e-07,4.621374573121261e-07,0.26157140888326935
2013-02-24 12:00:00,8.496743121890691e-08,4.1847754354447157e-07,0.2524621042187018
2013-02-24 13:00:00,1.0477437331146931e-07,5.097007781194021e-07,0.23866685586575412
2013-02-24 14:00:00,2.963641370265836e-07,3.3121398093959226e-06,0.23166023473580016
2013-02-24 15:00:00,8.742179573984847e-07,1.6718068061578087e-05,0.23598265265176746
2013-02-24 16:00:00,0.31214841945961225,0.2842802652009762,0.26259321745755365
2013-02-24 17:00:00,0.31226863313714404,0.284491017231334,0.26533470465059894
2013-02-24 18:00:00,0.3070152870012467,0.2662001922545793,0.2660535298229673
2013-02-24 19:00:00,0.310422268533239,0.2812232760869646,0.26433221274252533
2013-02-24 20:00:00,0.31219330348996105,0.28435801094000007,0.26433221274252533
2013-02-24 21:00:00,0.3166306574055522,0.292362011053378,0.2633797503457555
2013-02-24 22:00:00,0.30810899640825656,0.27453357207941087,0.2044836543124561
2013-02-24 23:00:00,0.33006655727715245,0.3180018785678235,0.13964568828158402
2013-02-25 00:00:00,0.0011455240839129614,0.0008171985418731813,0.1267933142468087
2013-02-25 01:00:00,0.000659548062356736,0.000472720738010908,0.13027475925638946
2013-02-25 02:00:00,0.0006342394244688474,0.00045473016916237045,0.1294592659154484
2013-02-25 03:00:00,0.000865751579107161,0.0006152053073851029,0.13168545280163185
2013-02-25 04:00:00,0.3368289131611762,0.3304207792948969,0.12544116712331735
2013-02-25 05:00:00,0.33800595774199516,0.33284116677305864,0.18905674015618026
2013-02-25 06:00:00,0.3008277943655615,0.3132492297924919,0.21711100413109355
2013-02-25 07:00:00,1.4474194402072747e-07,5.051054928640484e-05,0.23908615122209192
2013-02-25 08:00:00,8.865128276577731e-08,3.5036385190553403e-06,0.2524999917653523
2013-02-25 09:00:00,5.5246333641521923e-08,4.5215676874875205e-07,0.2610040754118589
2013-02-25 10:00:00,4.6711435165637396e-08,3.6218274258924654e-07,0.2633990670119662
2013-02-25 11:00:00,4.4688303884398975e-08,4.042454161601649e-07,0.26157140888326935
2013-02-25 12:00:00,6.744427100962809e-08,4.154400412093279e-06,0.2524621042187018
2013-02-25 13:00:00,7.600665734711041e-08,3.568668115436788e-06,0.23866685586575412
2013-02-25 14:00:00,1.0672810505610256e-07,5.031103550844404e-05,0.23166023473580016
2013-02-25 15:00:00,2.4384498015982416e-07,0.21992685663848663,0.23598265265176746
2013-02-25 16:00:00,0.33343783148723294,0.32478853075746184,0.26259321745755365
2013-02-25 17:00:00,0.32810982643481434,0.3141309677463202,0.26533470465059894
2013-02-25 18:00:00,0.32357437426200664,0.30534144269854485,0.2660535298229673
2013-02-25 19:00:00,0.321608378405979,0.3016093434507357,0.26433221274252533
2013-02-25 20:00:00,0.32079261065014647,0.3000741823876518,0.26433221274252533
2013-02-25 21:00:00,0.31891381234661426,0.2965685815060995,0.2633797503457555
2013-02-25 22:00:00,0.2714096300311548,0.2348624038060345,0.2044836543124561
2013-02-25 23:00:00,0.30270886092616006,0.2625129447677624,0.13964568828158402
2013-02-26 00:00:00,0.001544988177852893,0.0010759462089269228,0.1267933142468087
2013-02-26 01:00:00,0.00048767418085929494,0.00033655645180932304,0.13027475925638946
2013-02-26 02:00:00,0.0007788491991390646,0.000541900083730527,0.1294592659154484
2013-02-26 03:00:00,0.000950673632514402,0.0006564365027918034,0.13168545280163185
2013-02-26 04:00:00,0.0008709123856074525,0.00059281327901745,0.12544116712331735
2013-02-26 05:00:00,0.3321424267481144,0.3221623663301027,0.18905674015618026
2013-02-26 06:00:00,0.30967889946123867,0.31166997971336274,0.21711100413109355
2013-02-26 07:00:00,2.553488726315355e-07,0.0005018707910039151,0.23908615122209192
2013-02-26 08:00:00,1.454426270923581e-07,2.5606158785390057e-05,0.2524999917653523
2013-02-26 09:00:00,1.2230269059804184e-07,4.942695590648437e-06,0.2610040754118589
2013-02-26 10:00:00,1.2164207248958247e-07,5.789904107529577e-06,0.2633990670119662
2013-02-26 11:00:00,1.341344468459727e-07,6.384503579135374e-06,0.26157140888326935
2013-02-26 12:00:00,1.5401737081066256e-07,1.0086123475590444e-05,0.2524621042187018
2013-02-26 13:00:00,1.7558602329109094e-07,4.7325126355423485e-05,0.23866685586575412
2013-02-26 14:00:00,2.3966949576533963e-07,0.00016261119827162815,0.23166023473580016
2013-02-26 15:00:00,4.118857881897928e-07,0.2108383707714399,0.23598265265176746
2013-02-26 16:00:00,0.33065958343526236,0.319185160728663,0.26259321745755365
2013-02-26 17:00:00,0.3276062044654197,0.31314250033505625,0.26533470465059894
2013-02-26 18:00:00,0.32703206265516543,0.3120193459490973,0.2660535298229673
2013-02-26 19:00:00,0.32841322989053656,0.3147277911370361,0.26433221274252533
2013-02-26 20:00:00,0.3291668179702051,0.3162154624899277,0.26433221274252533
2013-02-26 21:00:00,0.32867486392145745,0.31524306739090396,0.2633797503457555
2013-02-26 22:00:00,0.328232921673032,0.31437175982130344,0.2044836543124561
2013-02-26 23:00:00,0.004300201595903693,0.0030203063745354586,0.13964568828158402
2013-02-27 00:00:00,0.0056845966571530075,0.004205203401355028,0.1267933142468087
2013-02-27 01:00:00,0.005285439619392272,0.0038609017865262885,0.13027475925638946
2013-02-27 02:00:00,0.29081472484111237,0.24699747283000906,0.1294592659154484
2013-02-27 03:00:00,0.3183361152564446,0.2954631774194408,0.13168545280163185
2013-02-27 04:00:00,0.3193496589556039,0.29737701241019204,0.12544116712331735
2013-02-27 05:00:00,0.3197810347604845,0.2981815699944903,0.18905674015618026
2013-02-27 06:00:00,0.2872552028724519,0.2788262444419121,0.21711100413109355
2013-02-27 07:00:00,2.343987695002196e-07,0.20704666409494266,0.23908615122209192
2013-02-27 08:00:00,1.474342007612249e-07,6.84044209343264e-05,0.2524999917653523
2013-02-27 09:00:00,1.3149118781397528e-07,5.562040455071964e-06,0.2610040754118589
2013-02-27 10:00:00,1.2445290502949036e-07,5.447410500040445e-06,0.2633990670119662
2013-02-27 11:00:00,1.196276118053492e-07,5.361272801342625e-06,0.26157140888326935
2013-02-27 12:00:00,1.5218652467461003e-07,1.877493196137643e-05,0.2524621042187018
2013-02-27 13:00:00,1.7536208708941574e-07,0.00012444320084998607,0.23866685586575412
2013-02-27 14:00:00,2.4731611776142435e-07,6.0627026891107824e-05,0.23166023473580016
2013-02-27 15:00:00,5.054667173228563e-07,0.21781743454229674,0.23598265265176746
2013-02-27 16:00:00,0.327810161783459,0.3135424986811188,0.26259321745755365
2013-02-27 17:00:00,0.3279535450795057,0.31382431868042987,0.26533470465059894
2013-02-27 18:00:00,0.327299691724862,0.31254276066253767,0.2660535298229673
2013-02-27 19:00:00,0.3276303910828904,0.3131894503526212,0.26433221274252533
2013-02-27 20:00:00,0.32895186183502234,0.31579048344082095,0.26433221274252533
2013-02-27 21:00:00,0.32972199087285287,0.31731645395874347,0.2633797503457555
2013-02-27 22:00:00,0.32934392857428163,0.316565498159128,0.2044836543124561
2013-02-27 23:00:00,0.330134080951453,0.3181358539377312,0.13964568828158402
2013-02-28 00:00:00,0.33240097398382173,0.32268270543287436,0.1267933142468087
2013-02-28 01:00:00,0.003846022600064419,0.0027419326510283505,0.13027475925638946
2013-02-28 02:00:00,0.001621069940670048,0.0011479485546673507,0.1294592659154484
2013-02-28 03:00:00,0.0014955254428197613,0.0010559522982331656,0.13168545280163185
2013-02-28 04:00:00,0.0023309241366619286,0.0016245516537583742,0.12544116712331735
2013-02-28 05:00:00,0.334710961855384,0.3273907966841256,0.18905674015618026
2013-02-28 06:00:00,0.29906841358589814,0.30434216374761797,0.21711100413109355
2013-02-28 07:00:00,1.9449292788462368e-07,8.742026898938613e-06,0.23908615122209192
2013-02-28 08:00:00,9.214573129985314e-08,5.839456446783923e-07,0.2524999917653523
2013-02-28 09:00:00,6.813392622567482e-08,3.404501862033596e-07,0.2610040754118589
2013-02-28 10:00:00,6.389195573825987e-08,3.192540042323394e-07,0.2633990670119662
2013-02-28 11:00:00,6.455438937764237e-08,2.891953459837462e-07,0.26157140888326935
2013-02-28 12:00:00,7.832811091097582e-08,4.3187658975291e-07,0.2524621042187018
2013-02-28 13:00:00,8.073835549049479e-08,4.312545233034921e-07,0.23866685586575412
2013-02-28 14:00:00,1.6990345851869712e-07,8.013812006252896e-06,0.23166023473580016
2013-02-28 15:00:00,2.761424011134062e-07,0.23814583399467112,0.23598265265176746
2013-02-28 16:00:00,0.34137753178460195,0.34137816250584924,0.26259321745755365
2013-02-28 17:00:00,0.3413775877224842,0.3413782022486103,0.26533470465059894
2013-02-28 18:00:00,0.3413777720666581,0.3413783169693115,0.2660535298229673
2013-02-28 19:00:00,0.3413778749628474,0.3413783835970931,0.26433221274252533
2013-02-28 20:00:00,0.3413780849596844,0.3413785219621408,0.26433221274252533
2013-02-28 21:00:00,0.3413781910954121,0.341378585832337,0.2633797503457555
2013-02-28 22:00:00,0.3389587811899011,0.33623074295159755,0.2044836543124561
2013-02-28 23:00:00,0.3381238850910468,0.3343092485682484,0.13964568828158402
2013-03-01 00:00:00,0.33766181584783,0.3335047470785446,0.13056645456361016
2013-03-01 01:00:00,0.3376893030501212,0.33356239380715,0.12317842153246682
2013-03-01 02:00:00,0.33228729656056505,0.3231530734103011,0.11521366679457098
2013-03-01 03:00:00,0.3387351792226718,0.3357590315241112,0.12026493790225169
2013-03-01 04:00:00,0.34137801632611614,0.34137847594758525,0.12653528220722607
2013-03-01 05:00:00,0.3387238859860667,0.3357359006761858,0.1276238241190532
2013-03-01 06:00:00,0.2911625961392143,0.3061975724668047,0.2012608901449139
2013-03-01 07:00:00,1.496192825141965e-07,5.429796421947836e-06,0.23111873675137554
2013-03-01 08:00:00,8.397640263086072e-08,8.784957853596257e-07,0.24065140176501978
2013-03-01 09:00:00,5.0345442231142454e-08,3.0361299814782194e-07,0.2435313922896875
2013-03-01 10:00:00,4.651348758111278e-08,2.0837446725460962e-07,0.248866589107567
2013-03-01 11:00:00,4.244940576307905e-08,1.9016789418701436e-07,0.2463795702060504
2013-03-01 12:00:00,4.4107950185433794e-08,2.4319745926750354e-07,0.23200058714910846
2013-03-01 13:00:00,4.5512880969097396e-08,2.1957586600251029e-07,0.2143935878148197
2013-03-01 14:00:00,8.488322523757754e-08,1.0924578175755808e-06,0.1969940775578528
2013-03-01 15:00:00,1.9391796189119367e-07,3.1629823707990215e-05,0.2018575880248211
2013-03-01 16:00:00,0.31652356708721724,0.3203567291791652,0.2301894530098044
2013-03-01 17:00:00,0.33480522765644954,0.32758507490179417,0.26062681481960426
2013-03-01 18:00:00,0.3332212760605879,0.32434894709256046,0.26275497104774037
2013-03-01 19:00:00,0.33354956581083917,0.32501640122362,0.2598449988557054
2013-03-01 20:00:00,0.332545609082177,0.32297803622605176,0.2625613911887294
2013-03-01 21:00:00,0.32997345381738685,0.3178165193492323,0.24856531606086676
2013-03-01 22:00:00,0.3279811950433358,0.313877394140948,0.1612749235008255
2013-03-01 23:00:00,0.3241319895105083,0.3064078321698776,0.12673782573127618
2013-03-02 00:00:00,0.31972260312693945,0.2980724389042435,0.13056645456361016
2013-03-02 01:00:00,0.3175349885834693,0.29402171644895664,0.12317842153246682
2013-03-02 02:00:00,0.3146427009870564,0.28874572833386836,0.11521366679457098
2013-03-02 03:00:00,0.3114721733700113,0.2826920563570698,0.12026493790225169
2013-03-02 04:00:00,0.3007322826149088,0.25208923293557073,0.12653528220722607
2013-03-02 05:00:00,0.28474373303319495,0.22953747197297894,0.1276238241190532
2013-03-02 06:00:00,5.845665800509495e-07,6.245870540733163e-05,0.2012608901449139
2013-03-02 07:00:00,8.295737544575219e-08,8.237412101664489e-07,0.23111873675137554
2013-03-02 08:00:00,2.2627544055319162e-08,8.71457872332119e-08,0.24065140176501978
2013-03-02 09:00:00,1.8532581888205323e-08,7.158616393695419e-08,0.2435313922896875
2013-03-02 10:00:00,1.752706175413662e-08,7.078146669967222e-08,0.248866589107567
2013-03-02 11:00:00,1.83990990525433e-08,7.357787505841103e-08,0.2463795702060504
2013-03-02 12:00:00,2.1034580071357852e-08,8.197822014670616e-08,0.23200058714910846
2013-03-02 13:00:00,3.106513260932366e-08,9.548315217981264e-08,0.2143935878148197
2013-03-02 14:00:00,5.2767544245453935e-08,2.312499232987863e-07,0.1969940775578528
2013-03-02 15:00:00,1.6439379234244676e-07,2.3280898423215883e-06,0.2018575880248211
2013-03-02 16:00:00,0.29845525142876744,0.2916188342418851,0.2301894530098044
2013-03-02 17:00:00,0.3257286194781294,0.3094859573312635,0.26062681481960426
2013-03-02 18:00:00,0.3268309113578654,0.31162751955316126,0.26275497104774037
2013-03-02 19:00:00,0.3289980467753135,0.3158828143952328,0.2598449988557054
2013-03-02 20:00:00,0.33107590117545704,0.3200191059508326,0.2625613911887294
2013-03-02 21:00:00,0.3327887608092145,0.3234708262472659,0.24856531606086676
2013-03-02 22:00:00,0.3349620009606417,0.32790638920679677,0.1612749235008255
2013-03-02 23:00:00,0.3346524189629222,0.32727035779965674,0.12673782573127618
2013-03-03 00:00:00,0.33599038372937845,0.3300269640532253,0.13056645456361016
2013-03-03 01:00:00,0.3368988601525533,0.331912661012837,0.12317842153246682
2013-03-03 02:00:00,0.008344927809874315,0.006163722052932355,0.11521366679457098
2013-03-03 03:00:00,0.0016372920191497923,0.0011767708986429005,0.12026493790225169
2013-03-03 04:00:00,0.0016245835745873508,0.0011672383322886607,0.12653528220722607
2013-03-03 05:00:00,0.3352989191802475,0.32712751330677836,0.1276238241190532
2013-03-03 06:00:00,4.940168995771093e-07,3.147634064144792e-05,0.2012608901449139
2013-03-03 07:00:00,2.9053019445931617e-08,1.251480073337734e-07,0.23111873675137554
2013-03-03 08:00:00,1.2088918224663783e-08,4.16591651962587e-08,0.24065140176501978
2013-03-03 09:00:00,1.0014139163367543e-08,3.450935968461138e-08,0.2435313922896875
2013-03-03 10:00:00,9.603461825187665e-09,3.2928869809115085e-08,0.248866589107567
2013-03-03 11:00:00,9.724846931395543e-09,3.327489720666763e-08,0.2463795702060504
2013-03-03 12:00:00,1.0136066043768244e-08,3.4927702014449976e-08,0.23200058714910846
2013-03-03 13:00:00,1.1918125244574827e-08,4.10706249439771e-08,0.2143935878148197
2013-03-03 14:00:00,2.4945595734502692e-08,7.880039945498491e-08,0.1969940775578528
2013-03-03 15:00:00,8.455558001466635e-08,4.0793656912699335e-07,0.2018575880248211
2013-03-03 16:00:00,0.3003218432855148,0.3070785887907056,0.2301894530098044
2013-03-03 17:00:00,0.33648253421363555,0.32899891949339677,0.26062681481960426
2013-03-03 18:00:00,0.3363690357717212,0.33021277343979444,0.26275497104774037
2013-03-03 19:00:00,0.33601428116734405,0.328234453582507,0.2598449988557054
2013-03-03 20:00:00,0.3358948761023626,0.32866380353991376,0.2625613911887294
2013-03-03 21:00:00,0.3359501332177222,0.3299437217274097,0.24856531606086676
2013-03-03 22:00:00,0.004508862448172987,0.0031623365644724974,0.1612749235008255
2013-03-03 23:00:00,0.20580469580994176,0.2280286970063195,0.12673782573127618
2013-03-04 00:00:00,0.3238320757509046,0.3039324344589394,0.13056645456361016
2013-03-04 01:00:00,0.0005654801850902457,0.00039669576430412826,0.12317842153246682
2013-03-04 02:00:00,0.0004892395661986853,0.00034570171680127395,0.11521366679457098
2013-03-04 03:00:00,0.30415616884189317,0.2665187587823167,0.12026493790225169
2013-03-04 04:00:00,0.003798122185282837,0.002805304041763762,0.12653528220722607
2013-03-04 05:00:00,0.32520090967689996,0.30845503908886385,0.1276238241190532
2013-03-04 06:00:00,0.23603341964181976,0.248849917525668,0.2012608901449139
2013-03-04 07:00:00,4.816600796118605e-08,2.2701172605586972e-07,0.23111873675137554
2013-03-04 08:00:00,1.2143989756398914e-08,4.089978943714778e-08,0.24065140176501978
2013-03-04 09:00:00,1.0059348749312117e-08,3.4306719898231176e-08,0.2435313922896875
2013-03-04 10:00:00,9.316053023843621e-09,3.188008433796611e-08,0.248866589107567
2013-03-04 11:00:00,9.34681127317786e-09,3.2056630730943186e-08,0.2463795702060504
2013-03-04 12:00:00,1.0256814374896628e-08,3.534562750574819e-08,0.23200058714910846
2013-03-04 13:00:00,1.2036979961690388e-08,4.148019719312424e-08,0.2143935878148197
2013-03-04 14:00:00,2.4901859282382204e-08,8.581324370807465e-08,0.1969940775578528
2013-03-04 15:00:00,9.911716506273895e-08,6.831260479847375e-07,0.2018575880248211
2013-03-04 16:00:00,0.3022660279168185,0.31428664839763015,0.2301894530098044
2013-03-04 17:00:00,0.33903311150572496,0.3363896843260686,0.26062681481960426
2013-03-04 18:00:00,0.3364620266284285,0.3310060593304702,0.26275497104774037
2013-03-04 19:00:00,0.3338899252379202,0.32571110519911795,0.2598449988557054
2013-03-04 20:00:00,0.33215596325187113,0.32219115866485043,0.2625613911887294
2013-03-04 21:00:00,0.33011774786216935,0.31810415934244407,0.24856531606086676
2013-03-04 22:00:00,0.23828200365237576,0.22572345157744667,0.1612749235008255
2013-03-04 23:00:00,0.00014408465943176662,0.00010887527725780537,0.12673782573127618
2013-03-05 00:00:00,0.00012037012807945233,9.121566528641476e-05,0.13056645456361016
2013-03-05 01:00:00,0.00012963240079206267,9.817315574667877e-05,0.12317842153246682
2013-03-05 02:00:00,0.00013548368366311014,0.00010303180788556157,0.11521366679457098
2013-03-05 03:00:00,0.00022965412333119542,0.0001665093923657041,0.12026493790225169
2013-03-05 04:00:00,0.32601958672049175,0.3100483181525383,0.12653528220722607
2013-03-05 05:00:00,0.3258994353683244,0.30981702788531224,0.1276238241190532
2013-03-05 06:00:00,4.1839719669694245e-07,0.00023515963685333697,0.2012608901449139
2013-03-05 07:00:00,3.851496983478678e-08,1.2612015189406618e-07,0.23111873675137554
2013-03-05 08:00:00,1.2472760271115404e-08,4.209960541408083e-08,0.24065140176501978
2013-03-05 09:00:00,1.0643904719000705e-08,3.594314324899372e-08,0.2435313922896875
2013-03-05 10:00:00,9.737062506235372e-09,3.294690105278775e-08,0.248866589107567
2013-03-05 11:00:00,9.78951907460381e-09,3.291567903686024e-08,0.2463795702060504
2013-03-05 12:00:00,1.1525879489438118e-08,3.8352107177187926e-08,0.23200058714910846
2013-03-05 13:00:00,2.324041132584261e-08,7.587435856212449e-08,0.2143935878148197
2013-03-05 14:00:00,5.027068059451062e-08,1.879374057654646e-07,0.1969940775578528
2013-03-05 15:00:00,2.3729797340411772e-07,9.17712797864895e-06,0.2018575880248211
2013-03-05 16:00:00,0.30181138568972715,0.2884997007745678,0.2301894530098044
2013-03-05 17:00:00,0.31621334437074256,0.29160304062585396,0.26062681481960426
2013-03-05 18:00:00,0.31166823098792756,0.2834269197089641,0.26275497104774037
2013-03-05 19:00:00,0.308327446501392,0.27756036639976145,0.2598449988557054
2013-03-05 20:00:00,0.30654440566083635,0.2744773163367299,0.2625613911887294
2013-03-05 21:00:00,0.2853549804691725,0.2305391091990986,0.24856531606086676
2013-03-05 22:00:00,0.00024870731367470305,0.00016951661090688805,0.1612749235008255
2013-03-05 23:00:00,0.0025646401495103724,0.0017711906528287591,0.12673782573127618
2013-03-06 00:00:00,0.0008999389540504312,0.0006240618044940616,0.13056645456361016
2013-03-06 01:00:00,0.0007650739056014435,0.0005374986955448403,0.12317842153246682
2013-03-06 02:00:00,0.0015859203361158502,0.0011650378428036418,0.11521366679457098
2013-03-06 03:00:00,0.2930886620042376,0.23829365442850953,0.12026493790225169
2013-03-06 04:00:00,0.0003515822124777849,0.00024138454616090112,0.12653528220722607
2013-03-06 05:00:00,0.29548065074889995,0.2560628126599382,0.1276238241190532
2013-03-06 06:00:00,0.258660450266704,0.23463914728276267,0.2012608901449139
2013-03-06 07:00:00,2.922288068272248e-07,2.0239264140255208e-05,0.23111873675137554
2013-03-06 08:00:00,1.6113530596095662e-07,9.229916491116083e-07,0.24065140176501978
2013-03-06 09:00:00,1.361707107616997e-07,1.031771849815822e-06,0.2435313922896875
2013-03-06 10:00:00,8.349460037079619e-08,3.2820842375432683e-07,0.248866589107567
2013-03-06 11:00:00,8.736020336337132e-08,4.0478164725124394e-07,0.2463795702060504
2013-03-06 12:00:00,1.6439439558838716e-07,8.280967543303899e-07,0.23200058714910846
2013-03-06 13:00:00,1.8776027765560692e-07,1.430329463634956e-06,0.2143935878148197
2013-03-06 14:00:00,3.0774860201350684e-07,6.76399574870569e-06,0.1969940775578528
2013-03-06 15:00:00,0.2208269722361728,0.20333696347691357,0.2018575880248211
2013-03-06 16:00:00,0.2804628898315484,0.2328832078780952,0.2301894530098044
2013-03-06 17:00:00,0.27974663294160185,0.23182599747322338,0.26062681481960426
2013-03-06 18:00:00,0.2791279208606908,0.23091614651188935,0.26275497104774037
2013-03-06 19:00:00,0.27813743592885615,0.22946604128618162,0.2598449988557054
2013-03-06 20:00:00,0.2774182144022019,0.2284179128493321,0.2625613911887294
2013-03-06 21:00:00,0.27793759857193523,0.22917322748823415,0.24856531606086676
2013-03-06 22:00:00,0.2797231002983168,0.2201951023526105,0.1612749235008255
2013-03-06 23:00:00,1.7229443250261816e-05,1.4065266078033723e-05,0.12673782573127618
2013-03-07 00:00:00,1.5992012135320332e-05,1.2813840811908251e-05,0.13056645456361016
2013-03-07 01:00:00,1.5490208779850337e-05,1.2383543213234404e-05,0.12317842153246682
2013-03-07 02:00:00,1.5675118817400636e-05,1.2502828479490779e-05,0.11521366679457098
2013-03-07 03:00:00,2.2384913955228283e-05,1.762057001344026e-05,0.12026493790225169
2013-03-07 04:00:00,2.7431352746681422e-05,2.166298378330169e-05,0.12653528220722607
2013-03-07 05:00:00,0.006869959377009582,0.0749336716088539,0.1276238241190532
2013-03-07 06:00:00,0.25841670954115875,0.2371869778542237,0.2012608901449139
2013-03-07 07:00:00,2.6686776041973503e-07,1.0776176357279911e-05,0.23111873675137554
2013-03-07 08:00:00,1.1906828387477791e-07,1.5221851297521783e-06,0.24065140176501978
2013-03-07 09:00:00,7.613949525627558e-08,7.597288233054839e-07,0.2435313922896875
2013-03-07 10:00:00,6.638264881979901e-08,7.41791630533172e-07,0.248866589107567
2013-03-07 11:00:00,7.400307810517444e-08,7.746455881741434e-07,0.2463795702060504
2013-03-07 12:00:00,1.0230703982487138e-07,1.2102716794813307e-06,0.23200058714910846
2013-03-07 13:00:00,1.3815351165762646e-07,1.777175676663276e-06,0.2143935878148197
2013-03-07 14:00:00,1.904992091306271e-07,2.1927218074993105e-06,0.1969940775578528
2013-03-07 15:00:00,3.491472601890772e-07,9.444512127919317e-06,0.2018575880248211
2013-03-07 16:00:00,0.2991372992169342,0.262016538955729,0.2301894530098044
2013-03-07 17:00:00,0.2955330367766323,0.25614727889414224,0.26062681481960426
2013-03-07 18:00:00,0.2945054525272464,0.2544965180181868,0.26275497104774037
2013-03-07 19:00:00,0.2957466563108718,0.25649182218942734,0.2598449988557054
2013-03-07 20:00:00,0.2966300791237772,0.2579207548887507,0.2625613911887294
2013-03-07 21:00:00,0.29775359419486086,0.25974808045541087,0.24856531606086676
2013-03-07 22:00:00,2.4847468723997158e-05,2.050924638684199e-05,0.1612749235008255
2013-03-07 23:00:00,2.478160094516429e-05,2.005113083219325e-05,0.12673782573127618
2013-03-08 00:00:00,2.594419168512242e-05,2.0741074333789846e-05,0.13056645456361016
2013-03-08 01:00:00,2.8142157707279008e-05,2.242922419633769e-05,0.12317842153246682
2013-03-08 02:00:00,3.08736973982321e-05,2.4606342361108082e-05,0.11521366679457098
2013-03-08 03:00:00,3.705806841145392e-05,2.9535520333372507e-05,0.12026493790225169
2013-03-08 04:00:00,4.6440594226986514e-05,3.766076227736648e-05,0.12653528220722607
2013-03-08 05:00:00,0.32023856876005186,0.2990367966713441,0.1276238241190532
2013-03-08 06:00:00,4.793115360820332e-07,0.13705025432886825,0.2012608901449139
2013-03-08 07:00:00,1.1997925438712393e-07,2.641003737343206e-06,0.23111873675137554
2013-03-08 08:00:00,5.0561393261662905e-08,2.3823136834980118e-07,0.24065140176501978
2013-03-08 09:00:00,4.6109665716543184e-08,1.9765192102501252e-07,0.2435313922896875
2013-03-08 10:00:00,4.640964411711166e-08,2.2224557418630842e-07,0.248866589107567
2013-03-08 11:00:00,6.027277989524759e-08,2.787924970132671e-07,0.2463795702060504
2013-03-08 12:00:00,1.3871697342075779e-07,1.7685493689477956e-06,0.23200058714910846
2013-03-08 13:00:00,1.3195901910864623e-07,1.2745686324157896e-06,0.2143935878148197
2013-03-08 14:00:00,1.7145932633287764e-07,2.665227807090992e-06,0.1969940775578528
2013-03-08 15:00:00,2.6852180324877146e-07,9.74149551570503e-06,0.2018575880248211
2013-03-08 16:00:00,0.29552143896355443,0.2796792103397379,0.2301894530098044
2013-03-08 17:00:00,0.3135878672420448,0.2868519029610435,0.26062681481960426
2013-03-08 18:00:00,0.3129821214526616,0.2857673919425406,0.26275497104774037
2013-03-08 19:00:00,0.31115131765857673,0.2825107356112514,0.2598449988557054
2013-03-08 20:00:00,0.3107700535006661,0.2818372735248462,0.2625613911887294
2013-03-08 21:00:00,0.31144949551625767,0.28303819118088536,0.24856531606086676
2013-03-08 22:00:00,0.3023260515879927,0.2580516415863116,0.1612749235008255
2013-03-08 23:00:00,5.47858858597923e-05,4.3899795883650665e-05,0.12673782573127618
2013-03-09 00:00:00,7.069323932703463e-05,5.7033850942352424e-05,0.13056645456361016
2013-03-09 01:00:00,8.93267566237094e-05,7.190816445691115e-05,0.12317842153246682
2013-03-09 02:00:00,5.6694534210790285e-05,4.6195974463127426e-05,0.11521366679457098
2013-03-09 03:00:00,9.108425293396392e-05,7.422337867978192e-05,0.12026493790225169
2013-03-09 04:00:00,0.031746031746031744,0.2788844621513944,0.12653528220722607
2013-03-09 05:00:00,0.023460410557184754,0.2733542319749216,0.1276238241190532
2013-03-09 06:00:00,7.684558111012662e-07,2.90445966127546e-05,0.2012608901449139
2013-03-09 07:00:00,1.5864995236535185e-07,8.74745684777028e-07,0.23111873675137554
2013-03-09 08:00:00,9.034963773861002e-08,3.1134990870734184e-07,0.24065140176501978
2013-03-09 09:00:00,5.917669243121227e-08,2.549077906754322e-07,0.2435313922896875
2013-03-09 10:00:00,4.9938643717706974e-08,2.151142452396186e-07,0.248866589107567
2013-03-09 11:00:00,4.816984223943138e-08,2.0749500165290525e-07,0.2463795702060504
2013-03-09 12:00:00,7.981613555014669e-08,2.750509011776322e-07,0.23200058714910846
2013-03-09 13:00:00,1.0070464804568912e-07,4.0137322879011303e-07,0.2143935878148197
2013-03-09 14:00:00,1.8826838682722246e-07,1.0380518336261127e-06,0.1969940775578528
2013-03-09 15:00:00,4.299260795846914e-07,7.639097549423806e-06,0.2018575880248211
2013-03-09 16:00:00,0.26475548060708265,0.3039430449069003,0.2301894530098044
2013-03-09 17:00:00,0.3413766008468595,0.34137755850600066,0.26062681481960426
2013-03-09 18:00:00,0.3375583482227113,0.3332904424500435,0.26275497104774037
2013-03-09 19:00:00,0.0026842819837252043,0.0019479962568029851,0.2598449988557054
2013-03-09 20:00:00,0.00028029784585227255,0.00019918988673330262,0.2625613911887294
2013-03-09 21:00:00,0.0001912302157101885,0.00013765851277356808,0.24856531606086676
2013-03-09 22:00:00,0.00012916964330595077,9.429800990916446e-05,0.1612749235008255
2013-03-09 23:00:00,3.8621443842782163e-05,3.115837336973306e-05,0.12673782573127618
2013-03-10 00:00:00,2.8658083149321046e-05,2.3047911542622045e-05,0.13056645456361016
2013-03-10 01:00:00,1.1460128881427981e-05,9.223707560261097e-06,0.12317842153246682
2013-03-10 02:00:00,1.5743262956858756e-05,1.296291745509056e-05,0.11521366679457098
2013-03-10 03:00:00,1.7495687066719925e-05,1.436464153851531e-05,0.12026493790225169
2013-03-10 04:00:00,2.5671313402581988e-05,2.1085209445556705e-05,0.12653528220722607
2013-03-10 05:00:00,3.217385320321989e-05,2.63204930956378e-05,0.1276238241190532
2013-03-10 06:00:00,3.537904400162461e-07,1.4725575780366934e-06,0.2012608901449139
2013-03-10 07:00:00,7.179043453242422e-08,2.8643858796775375e-07,0.23111873675137554
2013-03-10 08:00:00,5.460098772094768e-08,2.208916071777344e-07,0.24065140176501978
2013-03-10 09:00:00,4.9202364075189086e-08,2.014067049903345e-07,0.2435313922896875
2013-03-10 10:00:00,3.937600736131833e-08,1.658819143493949e-07,0.248866589107567
2013-03-10 11:00:00,3.2925115315277626e-08,1.3855551277885025e-07,0.2463795702060504
2013-03-10 12:00:00,4.5466801513116974e-08,1.8758527157482615e-07,0.23200058714910846
2013-03-10 13:00:00,4.491037864479161e-08,1.8579184372319722e-07,0.2143935878148197
2013-03-10 14:00:00,5.748317726075875e-08,2.3006090862555863e-07,0.1969940775578528
2013-03-10 15:00:00,1.9654188484453726e-07,9.403229126748152e-07,0.2018575880248211
2013-03-10 16:00:00,2.013990182804854e-06,1.7758972899539633e-05,0.2301894530098044
2013-03-10 17:00:00,0.0001476699078932922,0.00010778358899754347,0.26062681481960426
2013-03-10 18:00:00,0.00025437099115784316,0.00018295643795705548,0.26275497104774037
2013-03-10 19:00:00,8.036236697653023e-05,6.328857926656627e-05,0.2598449988557054
2013-03-10 20:00:00,6.769014160777624e-05,5.387312644491239e-05,0.2625613911887294
2013-03-10 21:00:00,7.514537213809988e-05,5.994409597186623e-05,0.24856531606086676
2013-03-10 22:00:00,8.048645226515378e-05,6.415447571856332e-05,0.1612749235008255
2013-03-10 23:00:00,3.513071195386738e-05,2.780770968751086e-05,0.12673782573127618
2013-03-11 00:00:00,2.9770871464857875e-05,2.25438235827718e-05,0.13056645456361016
2013-03-11 01:00:00,4.602652969171431e-05,3.485506103785094e-05,0.12317842153246682
2013-03-11 02:00:00,0.06382978723404255,0.24000000000000002,0.11521366679457098
2013-03-11 03:00:00,0.053030303030303025,0.2434554973821989,0.12026493790225169
2013-03-11 04:00:00,0.020356234096692113,0.2647058823529412,0.12653528220722607
2013-03-11 05:00:00,0.0012444856599820218,0.0009156990713981956,0.1276238241190532
2013-03-11 06:00:00,9.01748930779385e-07,6.769622035035734e-05,0.2012608901449139
2013-03-11 07:00:00,1.8241239517033275e-07,1.0502951539441614e-06,0.23111873675137554
2013-03-11 08:00:00,1.0197778365033842e-07,4.568472779580782e-07,0.24065140176501978
2013-03-11 09:00:00,5.587710735446525e-08,3.008681079901808e-07,0.2435313922896875
2013-03-11 10:00:00,4.4158610176632125e-08,2.092379048578698e-07,0.248866589107567
2013-03-11 11:00:00,4.002008528040054e-08,1.8962821741657774e-07,0.2463795702060504
2013-03-11 12:00:00,5.183221005504861e-08,2.322016580663042e-07,0.23200058714910846
2013-03-11 13:00:00,5.5874412201183646e-08,2.5031020896059903e-07,0.2143935878148197
2013-03-11 14:00:00,7.563597488395514e-08,3.7793626339498984e-07,0.1969940775578528
2013-03-11 15:00:00,2.14878764326773e-07,3.7486671405722415e-06,0.2018575880248211
2013-03-11 16:00:00,0.3020027710589929,0.3140968576672616,0.2301894530098044
2013-03-11 17:00:00,0.3384656736614338,0.33519342784017286,0.26062681481960426
2013-03-11 18:00:00,0.3371960253232099,0.33253320802739816,0.26275497104774037
2013-03-11 19:00:00,0.3374931354969754,0.33315329617135847,0.2598449988557054
2013-03-11 20:00:00,0.3375267115856673,0.3332231475085803,0.2625613911887294
2013-03-11 21:00:00,0.33738130009821404,0.33291866092466194,0.24856531606086676
2013-03-11 22:00:00,0.32720669476781755,0.3160028845671029,0.1612749235008255
2013-03-11 23:00:00,0.33636467841381396,0.32965695945103,0.12673782573127618
2013-03-12 00:00:00,0.008633693298624526,0.006029393011986737,0.13056645456361016
2013-03-12 01:00:00,0.006802759229045541,0.005303563651789724,0.12317842153246682
2013-03-12 02:00:00,0.030319465927428808,0.042549517390688026,0.11521366679457098
2013-03-12 03:00:00,0.017679493454797024,0.014620349406662224,0.12026493790225169
2013-03-12 04:00:00,0.33185592761377675,0.3215844484527602,0.12653528220722607
2013-03-12 05:00:00,0.33189711444995623,0.3216693795134793,0.1276238241190532
2013-03-12 06:00:00,0.25050574794933195,0.2673260399748454,0.2012608901449139
2013-03-12 07:00:00,1.9798430692240007e-07,1.9835906499099752e-05,0.23111873675137554
2013-03-12 08:00:00,7.788011571116072e-08,4.6061908204828745e-07,0.24065140176501978
2013-03-12 09:00:00,5.89243954987513e-08,2.6029404116360045e-07,0.2435313922896875
2013-03-12 10:00:00,5.055763197435329e-08,2.2244699635638664e-07,0.248866589107567
2013-03-12 11:00:00,5.1106827722951855e-08,2.2520460487982003e-07,0.2463795702060504
2013-03-12 12:00:00,6.608496914558877e-08,3.6437183576508835e-07,0.23200058714910846
2013-03-12 13:00:00,6.756905043429602e-08,3.725545837288136e-07,0.2143935878148197
2013-03-12 14:00:00,1.5593859185034514e-07,8.413051897883755e-06,0.1969940775578528
2013-03-12 15:00:00,2.777444195157256e-07,0.20723840971713225,0.2018575880248211
2013-03-12 16:00:00,0.30779745737324055,0.318248262333532,0.2301894530098044
2013-03-12 17:00:00,0.34137709449162207,0.3413778685841689,0.26062681481960426
2013-03-12 18:00:00,0.33687677543722583,0.33186793867278924,0.26275497104774037
2013-03-12 19:00:00,0.33344467090507407,0.3248032501815393,0.2598449988557054
2013-03-12 20:00:00,0.33041656540927083,0.3187003827861192,0.2625613911887294
2013-03-12 21:00:00,0.3269209067292968,0.3118019623511293,0.24856531606086676
2013-03-12 22:00:00,0.24017207067915142,0.2289182814906771,0.1612749235008255
2013-03-12 23:00:00,0.010227544638598216,0.1495055266369362,0.12673782573127618
2013-03-13 00:00:00,0.22121224784820664,0.22056885965066084,0.13056645456361016
2013-03-13 01:00:00,0.0035721441670931377,0.002523028064503969,0.12317842153246682
2013-03-13 02:00:00,0.003436256245481194,0.002440070960593815,0.11521366679457098
2013-03-13 03:00:00,0.004629184857833143,0.0032740550459897395,0.12026493790225169
2013-03-13 04:00:00,0.32500377353731735,0.3053650393950795,0.12653528220722607
2013-03-13 05:00:00,0.3338248250235538,0.32557638160533636,0.1276238241190532
2013-03-13 06:00:00,0.23078622150598008,0.25347666825750875,0.2012608901449139
2013-03-13 07:00:00,1.6163059081981478e-07,4.510372508152387e-05,0.23111873675137554
2013-03-13 08:00:00,1.3772516859970832e-07,1.7659361882101642e-05,0.24065140176501978
2013-03-13 09:00:00,1.2739931528601004e-07,5.855406227682888e-06,0.2435313922896875
2013-03-13 10:00:00,9.762165614274997e-08,1.2345777220659698e-06,0.248866589107567
2013-03-13 11:00:00,7.858288548837752e-08,6.222831608473586e-07,0.2463795702060504
2013-03-13 12:00:00,1.1731338333219955e-07,5.354706024579749e-06,0.23200058714910846
2013-03-13 13:00:00,1.1813428457028176e-07,5.422805442283274e-06,0.2143935878148197
2013-03-13 14:00:00,1.4375810054434366e-07,4.085211164744544e-05,0.1969940775578528
2013-03-13 15:00:00,2.7990017919909216e-07,0.2036657547090892,0.2018575880248211
2013-03-13 16:00:00,0.3089182444443709,0.312312722145271,0.2301894530098044
2013-03-13 17:00:00,0.3338349844505626,0.32559822741549493,0.26062681481960426
2013-03-13 18:00:00,0.33160510270430227,0.3210812164323776,0.26275497104774037
2013-03-13 19:00:00,0.33028251948993115,0.3184327738260092,0.2598449988557054
2013-03-13 20:00:00,0.3290373907199197,0.3159599800202651,0.2625613911887294
2013-03-13 21:00:00,0.3252292629040273,0.3085188110327031,0.24856531606086676
2013-03-13 22:00:00,0.0009896266644921791,0.000706331311096742,0.1612749235008255
2013-03-13 23:00:00,0.18537614017886975,0.16516513440428868,0.12673782573127618
2013-03-14 00:00:00,0.0002654850587656141,0.00018730829300295465,0.13056645456361016
2013-03-14 01:00:00,0.0005512510180016605,0.00040240454547847893,0.12317842153246682
2013-03-14 02:00:00,0.0003719143880605367,0.00027375101442485923,0.11521366679457098
2013-03-14 03:00:00,0.25577340646671176,0.19869982213205775,0.12026493790225169
2013-03-14 04:00:00,0.2475906260847125,0.18833320096318423,0.12653528220722607
2013-03-14 05:00:00,0.23966140447945875,0.17868812142956664,0.1276238241190532
2013-03-14 06:00:00,0.21256912049053142,0.16253698347447362,0.2012608901449139
2013-03-14 07:00:00,2.364733446822266e-05,2.3461322297761712e-05,0.23111873675137554
2013-03-14 08:00:00,3.252272908998756e-07,8.853844167772919e-07,0.24065140176501978
2013-03-14 09:00:00,2.1033995901399695e-07,3.355657435658937e-07,0.2435313922896875
2013-03-14 10:00:00,1.9662649495615683e-07,4.421969943642879e-07,0.248866589107567
2013-03-14 11:00:00,1.7724811943290245e-07,3.0747415600199627e-07,0.2463795702060504
2013-03-14 12:00:00,2.0682873186975533e-07,3.393617720114288e-07,0.23200058714910846
2013-03-14 13:00:00,3.231257617959106e-07,3.352048490465299e-07,0.2143935878148197
2013-03-14 14:00:00,3.958551551504798e-06,4.325939456135748e-06,0.1969940775578528
2013-03-14 15:00:00,0.20012231479966863,0.15654078824208925,0.2018575880248211
2013-03-14 16:00:00,0.23800301420577924,0.17672588131277484,0.2301894530098044
2013-03-14 17:00:00,0.23401352982297433,0.17205669090599926,0.26062681481960426
2013-03-14 18:00:00,0.2247555709662792,0.1615612372802066,0.26275497104774037
2013-03-14 19:00:00,0.22191967148584987,0.1584391451298548,0.2598449988557054
2013-03-14 20:00:00,0.22579654084499814,0.16271756595484485,0.2625613911887294
2013-03-14 21:00:00,0.2282810142473942,0.16550152737270832,0.24856531606086676
2013-03-14 22:00:00,0.24955923339779376,0.19079959426613194,0.1612749235008255
2013-03-14 23:00:00,2.302816006229271e-05,1.6821804502954113e-05,0.12673782573127618
2013-03-15 00:00:00,9.20258442954064e-06,7.338178911638679e-06,0.13056645456361016
2013-03-15 01:00:00,8.066089923312505e-06,6.44830957197355e-06,0.12317842153246682
2013-03-15 02:00:00,8.164614966963927e-06,6.52199827385443e-06,0.11521366679457098
2013-03-15 03:00:00,8.340742271468213e-06,6.667881162743599e-06,0.12026493790225169
2013-03-15 04:00:00,1.1481496668646386e-05,9.045973912842058e-06,0.12653528220722607
2013-03-15 05:00:00,4.098444079603275e-05,3.0236790074203943e-05,0.1276238241190532
2013-03-15 06:00:00,4.29763231080305e-07,7.161132413906858e-06,0.2012608901449139
2013-03-15 07:00:00,1.0008512440000469e-07,2.649330374439363e-07,0.23111873675137554
2013-03-15 08:00:00,3.894307912100434e-08,1.025226490644118e-07,0.24065140176501978
2013-03-15 09:00:00,3.2025422207153666e-08,6.609503858474131e-08,0.2435313922896875
2013-03-15 10:00:00,2.7942035811463126e-08,6.948990966554957e-08,0.248866589107567
2013-03-15 11:00:00,2.8412163781463524e-08,6.340096469217182e-08,0.2463795702060504
2013-03-15 12:00:00,3.2343273391544757e-08,6.500842877618035e-08,0.23200058714910846
2013-03-15 13:00:00,3.677151356930749e-08,7.03012848854528e-08,0.2143935878148197
2013-03-15 14:00:00,5.0501885210123944e-08,1.0581091762550228e-07,0.1969940775578528
2013-03-15 15:00:00,1.3825528030096735e-07,2.3375792193235227e-07,0.2018575880248211
2013-03-15 16:00:00,0.0001757240692897459,0.00017615609927753645,0.2301894530098044
2013-03-15 17:00:00,0.2641947576615973,0.20986620857038732,0.26062681481960426
2013-03-15 18:00:00,0.27249121382049507,0.22134942061183757,0.26275497104774037
2013-03-15 19:00:00,0.28072391430067156,0.23326897444341463,0.2598449988557054
2013-03-15 20:00:00,0.2881293521310557,0.24437473749617553,0.2625613911887294
2013-03-15 21:00:00,0.2960164847147325,0.2568269638715218,0.24856531606086676
2013-03-15 22:00:00,0.31585201957505643,0.29061759722164765,0.1612749235008255
2013-03-15 23:00:00,6.074895100789059e-05,4.655297922440972e-05,0.12673782573127618
2013-03-16 00:00:00,3.349799777973637e-05,2.6698750995602563e-05,0.13056645456361016
2013-03-16 01:00:00,9.79007018136585e-06,7.902192771973865e-06,0.12317842153246682
2013-03-16 02:00:00,5.545811359596325e-06,4.221481117759327e-06,0.11521366679457098
2013-03-16 03:00:00,3.4343771613918774e-06,2.4078482092488887e-06,0.12026493790225169
2013-03-16 04:00:00,4.18354778000037e-06,3.0528191587747307e-06,0.12653528220722607
2013-03-16 05:00:00,8.83799327049941e-06,7.0187303989307255e-06,0.1276238241190532
2013-03-16 06:00:00,1.6291834457627398e-07,5.207005713767531e-07,0.2012608901449139
2013-03-16 07:00:00,3.215106749206745e-08,1.0078083648363029e-07,0.23111873675137554
2013-03-16 08:00:00,1.4819192843467971e-08,4.719369060471251e-08,0.24065140176501978
2013-03-16 09:00:00,1.2539312232893448e-08,3.975960112611516e-08,0.2435313922896875
2013-03-16 10:00:00,1.2160799281666453e-08,3.77933707451485e-08,0.248866589107567
2013-03-16 11:00:00,1.3830803069743978e-08,4.360030333167031e-08,0.2463795702060504
2013-03-16 12:00:00,1.6686718400889082e-08,5.31001616733985e-08,0.23200058714910846
2013-03-16 13:00:00,1.7368632995661058e-08,5.633058301139466e-08,0.2143935878148197
2013-03-16 14:00:00,3.2503653031391434e-08,1.0622914046974913e-07,0.1969940775578528
2013-03-16 15:00:00,6.738153420846786e-08,2.606938504035781e-07,0.2018575880248211
2013-03-16 16:00:00,6.173285830927746e-07,2.4035878183282844e-05,0.2301894530098044
2013-03-16 17:00:00,0.016596915881374994,0.2067584099378059,0.26062681481960426
2013-03-16 18:00:00,0.31364693984071845,0.2863580015859885,0.26275497104774037
2013-03-16 19:00:00,0.32487169067851884,0.3029726513853829,0.2598449988557054
2013-03-16 20:00:00,0.00019079774559714417,0.00014904653819595024,0.2625613911887294
2013-03-16 21:00:00,0.0001837007348029392,0.00014656736225930576,0.24856531606086676
2013-03-16 22:00:00,0.00017908387677282122,0.00014277176112413557,0.1612749235008255
2013-03-16 23:00:00,6.765612133255497e-05,5.489578949294589e-05,0.12673782573127618
2013-03-17 00:00:00,4.2475359957004534e-05,3.438456320664184e-05,0.13056645456361016
2013-03-17 01:00:00,2.995853239807233e-05,2.3256081465303178e-05,0.12317842153246682
2013-03-17 02:00:00,2.4571703686753774e-05,1.892044989138047e-05,0.11521366679457098
2013-03-17 03:00:00,2.0734965668821123e-05,1.557660127461103e-05,0.12026493790225169
2013-03-17 04:00:00,2.4866424764341548e-05,1.946783206222155e-05,0.12653528220722607
2013-03-17 05:00:00,1.78980801496484e-05,1.3984141982991287e-05,0.1276238241190532
2013-03-17 06:00:00,8.32238523555596e-08,3.01837963802706e-07,0.2012608901449139
2013-03-17 07:00:00,2.890000038244334e-08,7.036310921601542e-08,0.23111873675137554
2013-03-17 08:00:00,1.9938109052324863e-08,6.5475760434254e-08,0.24065140176501978
2013-03-17 09:00:00,1.643576894920344e-08,5.358610733725989e-08,0.2435313922896875
2013-03-17 10:00:00,1.4980520978377025e-08,4.4875378991953586e-08,0.248866589107567
2013-03-17 11:00:00,1.4990441419980755e-08,4.440754832078185e-08,0.2463795702060504
2013-03-17 12:00:00,1.6603584391760643e-08,4.84962060558297e-08,0.23200058714910846
2013-03-17 13:00:00,2.1574386232803074e-08,4.967473151387155e-08,0.2143935878148197
2013-03-17 14:00:00,3.508474386575707e-08,9.894059767294187e-08,0.1969940775578528
2013-03-17 15:00:00,1.1781049108077979e-07,3.564780011872636e-07,0.2018575880248211
2013-03-17 16:00:00,9.771547330627024e-07,1.2128400820280468e-05,0.2301894530098044
2013-03-17 17:00:00,0.006734894303672289,0.02386206765499174,0.26062681481960426
2013-03-17 18:00:00,4.863218612633297e-05,3.604237717152073e-05,0.26275497104774037
2013-03-17 19:00:00,0.061677123484272234,0.08255892596557532,0.2598449988557054
2013-03-17 20:00:00,1.5230787256455355e-05,1.2406131076895184e-05,0.2625613911887294
2013-03-17 21:00:00,1.5612414841801094e-05,1.2632208282110953e-05,0.24856531606086676
2013-03-17 22:00:00,7.545739953834001e-06,6.139157896594745e-06,0.1612749235008255
2013-03-17 23:00:00,6.663436814592283e-06,5.385201011948311e-06,0.12673782573127618
2013-03-18 00:00:00,5.82249583971475e-06,4.743853605888919e-06,0.13056645456361016
2013-03-18 01:00:00,6.012846605004398e-06,4.8495652190450345e-06,0.12317842153246682
2013-03-18 02:00:00,5.2931160518480215e-06,4.2969715140086155e-06,0.11521366679457098
2013-03-18 03:00:00,5.419790272460361e-06,4.384417180050601e-06,0.12026493790225169
2013-03-18 04:00:00,1.0051223548006526e-05,8.140188677776175e-06,0.12653528220722607
2013-03-18 05:00:00,3.596182760318679e-05,2.603823332669937e-05,0.1276238241190532
2013-03-18 06:00:00,5.456085434659388e-07,7.192791740784744e-06,0.2012608901449139
2013-03-18 07:00:00,2.940553981256468e-07,5.159460239214989e-06,0.23111873675137554
2013-03-18 08:00:00,2.2171685560268515e-07,1.009664211345605e-06,0.24065140176501978
2013-03-18 09:00:00,1.537836585332284e-07,3.9895858510667657e-07,0.2435313922896875
2013-03-18 10:00:00,1.361355628859514e-07,3.994719095490593e-07,0.248866589107567
2013-03-18 11:00:00,1.4028918932909924e-07,4.1430850322628933e-07,0.2463795702060504
2013-03-18 12:00:00,1.0762695550106121e-07,4.780881947577646e-07,0.23200058714910846
2013-03-18 13:00:00,1.4516271184683257e-07,7.514448051369685e-07,0.2143935878148197
2013-03-18 14:00:00,2.7006502997131063e-07,4.836813819455745e-06,0.1969940775578528
2013-03-18 15:00:00,0.20272356473040626,0.16766753474977977,0.2018575880248211
2013-03-18 16:00:00,0.24127692337769058,0.1806314634703887,0.2301894530098044
2013-03-18 17:00:00,0.24208418569774046,0.18160339068327397,0.26062681481960426
2013-03-18 18:00:00,0.24280325806115155,0.18247292812601298,0.26275497104774037
2013-03-18 19:00:00,0.24697144663306134,0.18757588594484376,0.2598449988557054
2013-03-18 20:00:00,0.24917334190716534,0.1903164330167882,0.2625613911887294
2013-03-18 21:00:00,0.2482509186456,0.18916468080742166,0.24856531606086676
2013-03-18 22:00:00,0.00014613716162592625,0.00010533362189768682,0.1612749235008255
2013-03-18 23:00:00,5.926134952976364e-05,4.377236463539577e-05,0.12673782573127618
2013-03-19 00:00:00,2.4759261100556457e-05,1.8371179509518524e-05,0.13056645456361016
2013-03-19 01:00:00,9.614026297529551e-06,7.66436212043812e-06,0.12317842153246682
2013-03-19 02:00:00,9.65535757066054e-06,7.718863857088137e-06,0.11521366679457098
2013-03-19 03:00:00,1.5599792289662206e-05,1.1960785648335912e-05,0.12026493790225169
2013-03-19 04:00:00,4.587655555900339e-05,3.404222208173052e-05,0.12653528220722607
2013-03-19 05:00:00,7.925411363154724e-05,5.8998358546974845e-05,0.1276238241190532
2013-03-19 06:00:00,2.908727688331574e-07,5.680193901651923e-06,0.2012608901449139
2013-03-19 07:00:00,7.163297407343356e-08,2.420323735492267e-07,0.23111873675137554
2013-03-19 08:00:00,2.9117644806488063e-08,9.87289509794238e-08,0.24065140176501978
2013-03-19 09:00:00,2.183039715583107e-08,6.171422555173212e-08,0.2435313922896875
2013-03-19 10:00:00,1.836327876048456e-08,5.744058702288663e-08,0.248866589107567
2013-03-19 11:00:00,1.717105997107741e-08,6.849763712377582e-08,0.2463795702060504
2013-03-19 12:00:00,1.9459512052735282e-08,7.705821688180012e-08,0.23200058714910846
2013-03-19 13:00:00,2.480800567574092e-08,9.644765042721421e-08,0.2143935878148197
2013-03-19 14:00:00,4.7220921843294654e-08,1.9534162782298396e-07,0.1969940775578528
2013-03-19 15:00:00,9.536926703625564e-08,4.0278199580034507e-07,0.2018575880248211
2013-03-19 16:00:00,0.2572156100614071,0.26232883505905097,0.2301894530098044
2013-03-19 17:00:00,0.3212273962905119,0.3008926112457837,0.26062681481960426
2013-03-19 18:00:00,0.32119883275333055,0.3008396378893626,0.26275497104774037
2013-03-19 19:00:00,0.32318884829577554,0.30460651655345417,0.2598449988557054
2013-03-19 20:00:00,0.3249621262221148,0.30800417852177053,0.2625613911887294
2013-03-19 21:00:00,0.32534717129201135,0.3087470089881973,0.24856531606086676
2013-03-19 22:00:00,0.3169126555384154,0.29287909213312974,0.1612749235008255
2013-03-19 23:00:00,0.00021277408752492326,0.00015317136604238736,0.12673782573127618
2013-03-20 00:00:00,0.0002341380175600619,0.0001699590063051834,0.13056645456361016
2013-03-20 01:00:00,0.00017589926115960157,0.0001278606433489565,0.12317842153246682
2013-03-20 02:00:00,0.00019845485385551085,0.00014444311016388332,0.11521366679457098
2013-03-20 03:00:00,0.00016353285582980671,0.00011778091798055805,0.12026493790225169
2013-03-20 04:00:00,0.03950209757115877,0.14037764805537026,0.12653528220722607
2013-03-20 05:00:00,0.31566786270507374,0.29060924175036235,0.1276238241190532
2013-03-20 06:00:00,1.783958520110074e-07,1.2616094866664108e-05,0.2012608901449139
2013-03-20 07:00:00,3.296631767039297e-08,1.4552556577925577e-07,0.23111873675137554
2013-03-20 08:00:00,2.4288415018673422e-08,9.60585284816267e-08,0.24065140176501978
2013-03-20 09:00:00,1.7211402487597276e-08,6.964237484453906e-08,0.2435313922896875
2013-03-20 10:00:00,1.9154753713444313e-08,7.684746886595244e-08,0.248866589107567
2013-03-20 11:00:00,2.2718433363491548e-08,8.834344312138164e-08,0.2463795702060504
2013-03-20 12:00:00,3.516375320319814e-08,1.2585170055553787e-07,0.23200058714910846
2013-03-20 13:00:00,3.778633052476041e-08,1.1724299635405059e-07,0.2143935878148197
2013-03-20 14:00:00,4.6699711538216817e-08,2.004765893508348e-07,0.1969940775578528
2013-03-20 15:00:00,1.6486494356559637e-07,6.761292803439752e-06,0.2018575880248211
2013-03-20 16:00:00,8.544367643633223e-07,0.15251658961139472,0.2301894530098044
2013-03-20 17:00:00,0.3233489467285524,0.3049120720449008,0.26062681481960426
2013-03-20 18:00:00,0.3214691747855915,0.30134839966704585,0.26275497104774037
2013-03-20 19:00:00,0.3220590176524943,0.3024612170011481,0.2598449988557054
2013-03-20 20:00:00,0.3241465342475517,0.306436573214054,0.2625613911887294
2013-03-20 21:00:00,0.3269989292777698,0.311954147462121,0.24856531606086676
2013-03-20 22:00:00,0.32951707587370604,0.3147278061634701,0.1612749235008255
2013-03-20 23:00:00,0.0019081828990052411,0.001375308219312333,0.12673782573127618
2013-03-21 00:00:00,0.003341876557414667,0.002468126043072441,0.13056645456361016
2013-03-21 01:00:00,0.002537010879895469,0.0018788992385026647,0.12317842153246682
2013-03-21 02:00:00,0.0021471686020368345,0.001609029702261071,0.11521366679457098
2013-03-21 03:00:00,0.0012172038083676376,0.0009135045427275903,0.12026493790225169
2013-03-21 04:00:00,0.0006563116734220536,0.0004907164190202175,0.12653528220722607
2013-03-21 05:00:00,0.0005431271301394065,0.00040396077274184434,0.1276238241190532
2013-03-21 06:00:00,0.2373566115392367,0.20654736587807426,0.2012608901449139
2013-03-21 07:00:00,4.5740718622138617e-07,2.78193524360861e-05,0.23111873675137554
2013-03-21 08:00:00,1.7997947226131175e-07,3.858084024387136e-07,0.24065140176501978
2013-03-21 09:00:00,1.3987838469672282e-07,3.339007381497564e-07,0.2435313922896875
2013-03-21 10:00:00,1.0099553316955898e-07,3.0240504820388613e-07,0.248866589107567
2013-03-21 11:00:00,8.301960914866132e-08,2.4348871095237663e-07,0.2463795702060504
2013-03-21 12:00:00,8.255811947134072e-08,2.605483275378429e-07,0.23200058714910846
2013-03-21 13:00:00,1.2505219170457223e-07,3.3725665900032173e-06,0.2143935878148197
2013-03-21 14:00:00,1.6059841861547664e-07,0.13814272387831938,0.1969940775578528
2013-03-21 15:00:00,2.387063619034911e-07,3.0140105224572927e-05,0.2018575880248211
2013-03-21 16:00:00,0.10374604481444864,0.09616256929470218,0.2301894530098044
2013-03-21 17:00:00,0.2757136939583785,0.2259499095977504,0.26062681481960426
2013-03-21 18:00:00,0.27966054888144903,0.23169874357623163,0.26275497104774037
2013-03-21 19:00:00,0.28683093996396014,0.24247029822456342,0.2598449988557054
2013-03-21 20:00:00,0.2926788059563595,0.2515848832184338,0.2625613911887294
2013-03-21 21:00:00,0.29354950433628574,0.2529685453428838,0.24856531606086676
2013-03-21 22:00:00,0.30413904015148596,0.27036448998093354,0.1612749235008255
2013-03-21 23:00:00,0.00019897486322314467,0.00014887545319944385,0.12673782573127618
2013-03-22 00:00:00,5.8757756222327285e-05,4.371025843976615e-05,0.13056645456361016
2013-03-22 01:00:00,1.9597505546978174e-05,1.5806130591490645e-05,0.12317842153246682
2013-03-22 02:00:00,1.4246177230115761e-05,1.1812792348603324e-05,0.11521366679457098
2013-03-22 03:00:00,1.3474033951395198e-05,1.0875614799695387e-05,0.12026493790225169
2013-03-22 04:00:00,7.470749605375726e-05,5.628327084576054e-05,0.12653528220722607
2013-03-22 05:00:00,7.071722389522733e-05,5.228602099449568e-05,0.1276238241190532
2013-03-22 06:00:00,1.6232364018392326e-07,1.917583465828324e-06,0.2012608901449139
2013-03-22 07:00:00,2.2954172110152936e-08,6.930066401470736e-08,0.23111873675137554
2013-03-22 08:00:00,1.596315924202748e-08,4.564776925514099e-08,0.24065140176501978
2013-03-22 09:00:00,9.417812359628977e-09,2.9492047371733805e-08,0.2435313922896875
2013-03-22 10:00:00,9.40732413900042e-09,2.8671754213795425e-08,0.248866589107567
2013-03-22 11:00:00,9.471177603555573e-09,2.826928483967443e-08,0.2463795702060504
2013-03-22 12:00:00,9.597892916980579e-09,2.919297260632896e-08,0.23200058714910846
2013-03-22 13:00:00,1.0843472169572646e-08,3.341163684544432e-08,0.2143935878148197
2013-03-22 14:00:00,2.1476863383137745e-08,6.509933931331524e-08,0.1969940775578528
2013-03-22 15:00:00,4.913314514847411e-08,1.6856070195134828e-07,0.2018575880248211
2013-03-22 16:00:00,4.084937701125737e-07,8.42961081900848e-06,0.2301894530098044
2013-03-22 17:00:00,0.000142379413931871,0.00010567589957887029,0.26062681481960426
2013-03-22 18:00:00,0.00013763770187575985,0.0001022689227445717,0.26275497104774037
2013-03-22 19:00:00,6.786300795883842e-05,5.178673983602728e-05,0.2598449988557054
2013-03-22 20:00:00,7.552273866637779e-05,5.874088502180345e-05,0.2625613911887294
2013-03-22 21:00:00,6.26982977029867e-05,4.95161775441033e-05,0.24856531606086676
2013-03-22 22:00:00,8.02093513277846e-05,6.344188649255691e-05,0.1612749235008255
2013-03-22 23:00:00,3.176335033466659e-05,2.5055258776678183e-05,0.12673782573127618
2013-03-23 00:00:00,3.446790176647998e-05,2.589441913121117e-05,0.13056645456361016
2013-03-23 01:00:00,2.8601406285986963e-05,2.0355681609998705e-05,0.12317842153246682
2013-03-23 02:00:00,3.266698416682857e-05,2.3249962412560765e-05,0.11521366679457098
2013-03-23 03:00:00,2.5253498606405614e-05,1.7973557302496566e-05,0.12026493790225169
2013-03-23 04:00:00,1.9955824107265707e-05,1.4203200454502414e-05,0.12653528220722607
2013-03-23 05:00:00,1.8126833453675367e-05,1.2711437357885374e-05,0.1276238241190532
2013-03-23 06:00:00,6.676614079799558e-08,2.6891366623554425e-07,0.2012608901449139
2013-03-23 07:00:00,2.9279858655581514e-08,9.844651643186802e-08,0.23111873675137554
2013-03-23 08:00:00,1.4733446573130352e-08,5.00764410613246e-08,0.24065140176501978
2013-03-23 09:00:00,1.2586445358694469e-08,4.2847240018332404e-08,0.2435313922896875
2013-03-23 10:00:00,1.1748180615072003e-08,4.008544432928731e-08,0.248866589107567
2013-03-23 11:00:00,1.2520967847525614e-08,4.2630998503886426e-08,0.2463795702060504
2013-03-23 12:00:00,1.5150516594739594e-08,5.1456459984526914e-08,0.23200058714910846
2013-03-23 13:00:00,1.962473291351778e-08,6.63583596449068e-08,0.2143935878148197
2013-03-23 14:00:00,5.02281555365734e-08,1.6719278520776325e-07,0.1969940775578528
2013-03-23 15:00:00,1.2537826622921356e-07,4.79466143217496e-07,0.2018575880248211
2013-03-23 16:00:00,9.659756801132898e-07,3.24318811206788e-05,0.2301894530098044
2013-03-23 17:00:00,0.00014450606022290062,0.00010611935105108567,0.26062681481960426
2013-03-23 18:00:00,0.2808039061534826,0.24159281237599534,0.26275497104774037
2013-03-23 19:00:00,0.08550902544357858,0.1597525547741258,0.2598449988557054
2013-03-23 20:00:00,8.850803853329023e-05,6.640318649033909e-05,0.2625613911887294
2013-03-23 21:00:00,4.698469324120915e-05,3.764934919249419e-05,0.24856531606086676
2013-03-23 22:00:00,4.910672178197514e-05,3.940995203862823e-05,0.1612749235008255
2013-03-23 23:00:00,3.47586368802243e-05,2.8166170819350487e-05,0.12673782573127618
2013-03-24 00:00:00,2.5447813102504335e-05,2.0802391831056955e-05,0.13056645456361016
2013-03-24 01:00:00,2.7498560041619447e-05,2.2332423634463493e-05,0.12317842153246682
2013-03-24 02:00:00,2.2178228155260645e-05,1.849009613608606e-05,0.11521366679457098
2013-03-24 03:00:00,1.0721557162618039e-05,8.681979895483159e-06,0.12026493790225169
2013-03-24 04:00:00,9.150233338704572e-06,7.40957349516339e-06,0.12653528220722607
2013-03-24 05:00:00,8.563739556698021e-06,6.947813514509437e-06,0.1276238241190532
2013-03-24 06:00:00,4.814092736564277e-07,7.706009262942006e-07,0.2012608901449139
2013-03-24 07:00:00,1.5914233738398326e-07,3.0814111918292485e-07,0.23111873675137554
2013-03-24 08:00:00,1.0984660178369644e-07,1.9996768522206809e-07,0.24065140176501978
2013-03-24 09:00:00,8.862128673854521e-08,1.7677919010764865e-07,0.2435313922896875
2013-03-24 10:00:00,7.120468186923018e-08,1.672662627864778e-07,0.248866589107567
2013-03-24 11:00:00,5.9406069993419783e-08,1.3977871468602886e-07,0.2463795702060504
2013-03-24 12:00:00,6.01696350487001e-08,1.3441545842291283e-07,0.23200058714910846
2013-03-24 13:00:00,6.130730595691008e-08,1.3416438330066654e-07,0.2143935878148197
2013-03-24 14:00:00,8.12430093775556e-08,1.9797575858107452e-07,0.1969940775578528
2013-03-24 15:00:00,2.442347969130676e-07,7.211667455196944e-07,0.2018575880248211
2013-03-24 16:00:00,8.596827403750261e-06,1.0340230917086013e-05,0.2301894530098044
2013-03-24 17:00:00,0.005478896773518459,0.044289318087150115,0.26062681481960426
2013-03-24 18:00:00,4.2202845705422196e-05,3.150829014329313e-05,0.26275497104774037
2013-03-24 19:00:00,1.782709299679198e-05,1.4466142410671971e-05,0.2598449988557054
2013-03-24 20:00:00,0.00040106896241570906,0.0002974096529988748,0.2625613911887294
2013-03-24 21:00:00,1.759936360701197e-05,1.4101873020389483e-05,0.24856531606086676
2013-03-24 22:00:00,1.5115443406247203e-05,1.2164480289254193e-05,0.1612749235008255
2013-03-24 23:00:00,6.1114095458559775e-06,4.948717283143006e-06,0.12673782573127618
2013-03-25 00:00:00,3.960415746166192e-06,3.112299168598098e-06,0.13056645456361016
2013-03-25 01:00:00,3.8021849889736635e-06,2.9879508246568515e-06,0.12317842153246682
2013-03-25 02:00:00,2.7490092902294992e-06,2.050758377568714e-06,0.11521366679457098
2013-03-25 03:00:00,5.488551300605257e-06,4.444346302345803e-06,0.12026493790225169
2013-03-25 04:00:00,1.4815793165745632e-05,1.17537766743886e-05,0.12653528220722607
2013-03-25 05:00:00,3.6179934626857455e-05,2.668942300960833e-05,0.1276238241190532
2013-03-25 06:00:00,9.007644850306144e-06,1.030223692492602e-05,0.2012608901449139
2013-03-25 07:00:00,6.342829288775381e-07,3.5926269236171982e-06,0.23111873675137554
2013-03-25 08:00:00,3.886201580495976e-07,2.324242893168622e-06,0.24065140176501978
2013-03-25 09:00:00,3.1833474908923284e-07,1.9929736849637766e-06,0.2435313922896875
2013-03-25 10:00:00,2.477906674353133e-07,7.798400997510292e-07,0.248866589107567
2013-03-25 11:00:00,3.0450688459615385e-07,7.052311507933709e-07,0.2463795702060504
2013-03-25 12:00:00,4.4379166213101014e-07,1.500900754867314e-06,0.23200058714910846
2013-03-25 13:00:00,4.773681547942621e-07,3.4017784812879666e-06,0.2143935878148197
2013-03-25 14:00:00,5.102970285914322e-07,6.86139589550985e-06,0.1969940775578528
2013-03-25 15:00:00,0.1346766223705822,0.10763059959529074,0.2018575880248211
2013-03-25 16:00:00,0.2362459649501273,0.19230688740633123,0.2301894530098044
2013-03-25 17:00:00,0.26446161468368434,0.2102270144649216,0.26062681481960426
2013-03-25 18:00:00,0.2671574215272992,0.2139084160858705,0.26275497104774037
2013-03-25 19:00:00,0.2735128632016235,0.22279841855786353,0.2598449988557054
2013-03-25 20:00:00,0.279748097756676,0.231827511179947,0.2625613911887294
2013-03-25 21:00:00,0.2867791445605772,0.2423905767334151,0.24856531606086676
2013-03-25 22:00:00,5.046056318410315e-05,3.704665330381898e-05,0.1612749235008255
2013-03-25 23:00:00,2.4249670245354895e-05,1.919855646504226e-05,0.12673782573127618
2013-03-26 00:00:00,2.3932043503201716e-05,1.907371882707591e-05,0.13056645456361016
2013-03-26 01:00:00,1.4395800591820548e-05,1.1918312712965066e-05,0.12317842153246682
2013-03-26 02:00:00,1.0471526175075607e-05,8.540272629475029e-06,0.11521366679457098
2013-03-26 03:00:00,3.054593027630656e-05,2.4568971258557026e-05,0.12026493790225169
2013-03-26 04:00:00,3.321649180700131e-05,2.6676107952220368e-05,0.12653528220722607
2013-03-26 05:00:00,0.001495453465891763,0.001116426185600317,0.1276238241190532
2013-03-26 06:00:00,0.2485291488800094,0.24920534529616004,0.2012608901449139
2013-03-26 07:00:00,3.244667257547614e-07,1.0831617292130457e-05,0.23111873675137554
2013-03-26 08:00:00,2.043192326890457e-07,1.8555552499616416e-06,0.24065140176501978
2013-03-26 09:00:00,1.5128196717186357e-07,1.1904933549967853e-06,0.2435313922896875
2013-03-26 10:00:00,1.3684877460019234e-07,1.0883003952870282e-06,0.248866589107567
2013-03-26 11:00:00,1.2591720188472868e-07,9.646104561979616e-07,0.2463795702060504
2013-03-26 12:00:00,1.4685788738467249e-07,1.3315800301088785e-06,0.23200058714910846
2013-03-26 13:00:00,1.5319526923379188e-07,2.4747952633471762e-06,0.2143935878148197
2013-03-26 14:00:00,2.676498874498767e-07,1.2708702269526315e-05,0.1969940775578528
2013-03-26 15:00:00,3.52570629923401e-07,3.070649443016843e-05,0.2018575880248211
2013-03-26 16:00:00,0.278780734228651,0.2874619727103402,0.2301894530098044
2013-03-26 17:00:00,0.3311078866788812,0.32008285023107436,0.26062681481960426
2013-03-26 18:00:00,0.3292384898518866,0.31635820318798785,0.26275497104774037
2013-03-26 19:00:00,0.3292157794821645,0.3163130732777307,0.2598449988557054
2013-03-26 20:00:00,0.32984679713026543,0.3175651062873888,0.2625613911887294
2013-03-26 21:00:00,0.33061388339442455,0.31909376899950026,0.24856531606086676
2013-03-26 22:00:00,0.3331319483904422,0.32416617161764855,0.1612749235008255
2013-03-26 23:00:00,0.3317375326296503,0.3213467128747165,0.12673782573127618
2013-03-27 00:00:00,0.331788542422107,0.3214492838556729,0.13056645456361016
2013-03-27 01:00:00,0.3225697248034074,0.2989999956491401,0.12317842153246682
2013-03-27 02:00:00,0.013303872794478384,0.14869540698188458,0.11521366679457098
2013-03-27 03:00:00,0.3025455167355961,0.2743280147027791,0.12026493790225169
2013-03-27 04:00:00,0.3296228733064339,0.31711963037478347,0.12653528220722607
2013-03-27 05:00:00,0.3308572384163033,0.3195812154275304,0.1276238241190532
2013-03-27 06:00:00,3.346059652965933e-07,0.24189934393013826,0.2012608901449139
2013-03-27 07:00:00,1.6592380505097784e-07,7.331214430503335e-06,0.23111873675137554
2013-03-27 08:00:00,7.546802666490658e-08,4.058665987516559e-07,0.24065140176501978
2013-03-27 09:00:00,6.853989113507516e-08,3.3676786622335486e-07,0.2435313922896875
2013-03-27 10:00:00,6.291195297286219e-08,2.818374535873333e-07,0.248866589107567
2013-03-27 11:00:00,6.144315545306345e-08,2.752574313366103e-07,0.2463795702060504
2013-03-27 12:00:00,6.634164831689846e-08,3.2006373109013474e-07,0.23200058714910846
2013-03-27 13:00:00,7.460695340983769e-08,4.113593596286577e-07,0.2143935878148197
2013-03-27 14:00:00,1.5428743668453429e-07,7.177582615097397e-06,0.1969940775578528
2013-03-27 15:00:00,2.1643081028935883e-07,1.0208297989820649e-05,0.2018575880248211
2013-03-27 16:00:00,0.26563658294981696,0.28688391252272816,0.2301894530098044
2013-03-27 17:00:00,0.3413771177283916,0.34137788907033095,0.26062681481960426
2013-03-27 18:00:00,0.3413773630369753,0.3413780641511515,0.26275497104774037
2013-03-27 19:00:00,0.3413775273806297,0.34137815340262356,0.2598449988557054
2013-03-27 20:00:00,0.34137791247943167,0.3413784146658887,0.2625613911887294
2013-03-27 21:00:00,0.34137836410216305,0.3413786939056495,0.24856531606086676
2013-03-27 22:00:00,0.34137836520160764,0.34137871012693904,0.1612749235008255
2013-03-27 23:00:00,0.34137838645782814,0.34137871392434166,0.12673782573127618
2013-03-28 00:00:00,0.34137838381795904,0.3413787128494194,0.13056645456361016
2013-03-28 01:00:00,0.3413783309227948,0.34137868190126713,0.12317842153246682
2013-03-28 02:00:00,0.3413782800918169,0.34137864971809695,0.11521366679457098
2013-03-28 03:00:00,0.34137819726829277,0.34137859860618125,0.12026493790225169
2013-03-28 04:00:00,0.338846785398008,0.33599455644088755,0.12653528220722607
2013-03-28 05:00:00,0.3382555991201884,0.3347510802007298,0.1276238241190532
2013-03-28 06:00:00,2.0950039785434933e-07,0.19197961168785688,0.2012608901449139
2013-03-28 07:00:00,1.0163526052420418e-07,4.246621074154782e-06,0.23111873675137554
2013-03-28 08:00:00,5.450004510787068e-08,4.6494117645600194e-07,0.24065140176501978
2013-03-28 09:00:00,3.9729116395925846e-08,1.9684370887133124e-07,0.2435313922896875
2013-03-28 10:00:00,3.3795730574541886e-08,1.514005538243905e-07,0.248866589107567
2013-03-28 11:00:00,3.057413504977017e-08,1.3567281340522955e-07,0.2463795702060504
2013-03-28 12:00:00,3.0878927351042635e-08,1.3664601966332016e-07,0.23200058714910846
2013-03-28 13:00:00,5.049768716985785e-08,5.01135012745544e-07,0.2143935878148197
2013-03-28 14:00:00,6.879606068252846e-08,1.0147201241027457e-06,0.1969940775578528
2013-03-28 15:00:00,1.2832368983477637e-07,8.083706903671633e-06,0.2018575880248211
2013-03-28 16:00:00,0.23731044234422743,0.25534093911209615,0.2301894530098044
2013-03-28 17:00:00,0.32564052051238057,0.30931502395478144,0.26062681481960426
2013-03-28 18:00:00,0.31598317833961587,0.2911828057052891,0.26275497104774037
2013-03-28 19:00:00,0.30623536245038857,0.273946342873816,0.2598449988557054
2013-03-28 20:00:00,0.29814785938333505,0.26039256679436734,0.2625613911887294
2013-03-28 21:00:00,0.27139260427521983,0.2075121283127285,0.24856531606086676
2013-03-28 22:00:00,0.00011598531385956924,7.828765786577733e-05,0.1612749235008255
2013-03-28 23:00:00,0.2968055743023349,0.25820447743984554,0.12673782573127618
2013-03-29 00:00:00,0.2966778016321135,0.25799687228243706,0.13056645456361016
2013-03-29 01:00:00,0.2929988946393399,0.24351382479586225,0.12317842153246682
2013-03-29 02:00:00,0.29611011646812685,0.25707759079662285,0.11521366679457098
2013-03-29 03:00:00,0.2981632955917469,0.26041697540079256,0.12026493790225169
2013-03-29 04:00:00,0.3021894199159547,0.26708329444979706,0.12653528220722607
2013-03-29 05:00:00,0.306556746334804,0.27449784633252966,0.1276238241190532
2013-03-29 06:00:00,2.8881140640432786e-07,0.20894945389233843,0.2012608901449139
2013-03-29 07:00:00,1.6312026557447318e-07,6.40162850585577e-06,0.23111873675137554
2013-03-29 08:00:00,1.0077981549605702e-07,9.570210960945316e-07,0.24065140176501978
2013-03-29 09:00:00,9.4368454620839e-08,7.356040449395222e-07,0.2435313922896875
2013-03-29 10:00:00,9.673217166654991e-08,8.54273551562162e-07,0.248866589107567
2013-03-29 11:00:00,1.0778488163980468e-07,9.61646235780057e-07,0.2463795702060504
2013-03-29 12:00:00,1.294790383147896e-07,1.1228036609518626e-06,0.23200058714910846
2013-03-29 13:00:00,1.9099151937628062e-07,1.5391598404440668e-06,0.2143935878148197
2013-03-29 14:00:00,2.929466788708253e-07,4.517721412698582e-06,0.1969940775578528
2013-03-29 15:00:00,3.613388072549245e-07,1.8861449050465226e-05,0.2018575880248211
2013-03-29 16:00:00,0.272099494324965,0.26558468700961546,0.2301894530098044
2013-03-29 17:00:00,0.3159555054353004,0.2911318575347104,0.26062681481960426
2013-03-29 18:00:00,0.3176652766246825,0.294262214572933,0.26275497104774037
2013-03-29 19:00:00,0.32049653004884454,0.29951964188547603,0.2598449988557054
2013-03-29 20:00:00,0.3227142783785168,0.3037034188858571,0.2625613911887294
2013-03-29 21:00:00,0.324324109664207,0.306777070474801,0.24856531606086676
2013-03-29 22:00:00,0.32391934617368867,0.30132521945367985,0.1612749235008255
2013-03-29 23:00:00,0.326845424861497,0.30651628172582135,0.12673782573127618
2013-03-30 00:00:00,0.2979654271674921,0.27287398543531904,0.13056645456361016
2013-03-30 01:00:00,0.023059410513778203,0.02006610630631784,0.12317842153246682
2013-03-30 02:00:00,0.0005736728736948695,0.00040928694112523533,0.11521366679457098
2013-03-30 03:00:00,0.0006872524220875293,0.000490067346590265,0.12026493790225169
2013-03-30 04:00:00,0.0007396230082141345,0.0005276205288218801,0.12653528220722607
2013-03-30 05:00:00,0.002467463691025743,0.0018085256141348656,0.1276238241190532
2013-03-30 06:00:00,3.3814322343650395e-07,4.463459642197632e-05,0.2012608901449139
2013-03-30 07:00:00,1.1062352930166177e-07,5.484615106165695e-07,0.23111873675137554
2013-03-30 08:00:00,6.839888788196226e-08,3.417760073051477e-07,0.24065140176501978
2013-03-30 09:00:00,6.103487778582064e-08,2.2965124110964142e-07,0.2435313922896875
2013-03-30 10:00:00,6.852379865789289e-08,2.4915116492921983e-07,0.248866589107567
2013-03-30 11:00:00,8.112166603134882e-08,2.8106359612676015e-07,0.2463795702060504
2013-03-30 12:00:00,8.326132616308996e-08,2.796012315463003e-07,0.23200058714910846
2013-03-30 13:00:00,1.2200874961346102e-07,4.1554438202883876e-07,0.2143935878148197
2013-03-30 14:00:00,2.8049869301633993e-07,7.63293198499608e-07,0.1969940775578528
2013-03-30 15:00:00,5.034806033677985e-07,1.34601063982526e-06,0.2018575880248211
2013-03-30 16:00:00,0.13811529181863622,0.13276607881544678,0.2301894530098044
2013-03-30 17:00:00,0.2894117206962857,0.24160872259600605,0.26062681481960426
2013-03-30 18:00:00,0.2866865652523061,0.24166276964228445,0.26275497104774037
2013-03-30 19:00:00,0.28210075507651483,0.2306113362396536,0.2598449988557054
2013-03-30 20:00:00,0.003180199075748638,0.005496743777112302,0.2625613911887294
2013-03-30 21:00:00,0.002184084109233946,0.0017561230519539022,0.24856531606086676
2013-03-30 22:00:00,0.0004839529096059214,0.00035830187000945613,0.1612749235008255
2013-03-30 23:00:00,0.0005785465047175763,0.0004353489080493438,0.12673782573127618
2013-03-31 00:00:00,0.000373222837495351,0.00027739029034483224,0.13056645456361016
2013-03-31 01:00:00,0.00011303045052589789,8.33039391625349e-05,0.12317842153246682
2013-03-31 02:00:00,4.7617825466626444e-05,3.5795556733435244e-05,0.11521366679457098
2013-03-31 03:00:00,4.7392567680792134e-05,3.5675088595971894e-05,0.12026493790225169
2013-03-31 04:00:00,0.00011552826663795574,8.539427176575103e-05,0.12653528220722607
2013-03-31 05:00:00,4.178930978415343e-05,3.172885498278902e-05,0.1276238241190532
2013-03-31 06:00:00,4.7212289655760353e-07,3.320810972525624e-06,0.2012608901449139
2013-03-31 07:00:00,2.0607140982261018e-07,6.290145754502607e-07,0.23111873675137554
2013-03-31 08:00:00,9.063459168889857e-08,2.87452563380272e-07,0.24065140176501978
2013-03-31 09:00:00,5.085518158105334e-08,1.8616952552313446e-07,0.2435313922896875
2013-03-31 10:00:00,4.626978185478991e-08,1.7986587617452715e-07,0.248866589107567
2013-03-31 11:00:00,5.549820022111593e-08,2.1503589156898315e-07,0.2463795702060504
2013-03-31 12:00:00,5.99594865741116e-08,2.2648950255129095e-07,0.23200058714910846
2013-03-31 13:00:00,7.323526805450754e-08,2.5826534770668383e-07,0.2143935878148197
2013-03-31 14:00:00,1.2480060762919845e-07,4.191395583076852e-07,0.1969940775578528
2013-03-31 15:00:00,1.988127854752787e-07,6.038520238186843e-07,0.2018575880248211
2013-03-31 16:00:00,7.502423818780882e-07,3.213561086529723e-06,0.2301894530098044
2013-03-31 17:00:00,0.00012077523058614414,8.713191729506847e-05,0.26062681481960426
2013-03-31 18:00:00,0.00018413718392293086,0.00013291555440396558,0.26275497104774037
2013-03-31 19:00:00,0.00013422892118187006,9.638782520923895e-05,0.2598449988557054
2013-03-31 20:00:00,0.00011778249823232626,8.491287792420481e-05,0.2625613911887294
2013-03-31 21:00:00,0.00010677124817518717,7.802235807662198e-05,0.24856531606086676
2013-03-31 22:00:00,0.00015389614652220582,0.00011271528250608066,0.1612749235008255
2013-03-31 23:00:00,6.566055040395283e-05,5.2438982443175466e-05,0.12673782573127618
2013-04-01 00:00:00,7.972335512599431e-05,6.374000813665163e-05,0.10764582981736394
2013-04-01 01:00:00,8.626688345743959e-05,6.987383566497916e-05,0.1056084809632223
2013-04-01 02:00:00,9.758163147025358e-05,7.802069841143462e-05,0.1056084809632223
2013-04-01 03:00:00,0.0002795258142416766,0.0002150572331637536,0.1162129559403298
2013-04-01 04:00:00,0.0003879594472040581,0.00028653497470724327,0.11524457714189787
2013-04-01 05:00:00,0.00037918213067831657,0.0002815256632258261,0.15930528433909003
2013-04-01 06:00:00,1.9967470594305404e-07,8.170364673228621e-07,0.1823553420537883
2013-04-01 07:00:00,5.722418633644751e-08,1.903533823297652e-07,0.19105780510394763
2013-04-01 08:00:00,2.6822259374627767e-08,9.017356562825345e-08,0.1832074631880422
2013-04-01 09:00:00,2.499338112784282e-08,8.444086588745973e-08,0.1982692308192185
2013-04-01 10:00:00,2.181030171651655e-08,7.389465033674946e-08,0.19734648527435114
2013-04-01 11:00:00,2.4729917767335545e-08,8.224887337035424e-08,0.1733556716245208
2013-04-01 12:00:00,2.1664351451587917e-08,7.371530645539958e-08,0.15739454836189407
2013-04-01 13:00:00,2.3872698073596212e-08,8.083469011834613e-08,0.1527902942456704
2013-04-01 14:00:00,4.386717131655514e-08,1.4724389250125874e-07,0.1509009186431227
2013-04-01 15:00:00,8.537082546801247e-08,3.8863878805184457e-07,0.15469729464828816
2013-04-01 16:00:00,5.190645263386966e-07,9.68439356004714e-06,0.1588737381897865
2013-04-01 17:00:00,0.3345663040934705,0.32709586187537987,0.17306811598482996
2013-04-01 18:00:00,0.32781537524159204,0.31355355236031307,0.24054021593501432
2013-04-01 19:00:00,0.3202756879711541,0.29910653527679315,0.230236190811401
2013-04-01 20:00:00,0.31454869994818335,0.28858106227196517,0.207664503627157
2013-04-01 21:00:00,0.3133169628841968,0.28636544815622283,0.15042634410405362
2013-04-01 22:00:00,0.3085442005103572,0.2779363785050804,0.13457952528651296
2013-04-01 23:00:00,0.30562405254981573,0.260627688931449,0.12156387538454311
2013-04-02 00:00:00,0.00011747509537098873,8.397945989586109e-05,0.10764582981736394
2013-04-02 01:00:00,0.00017840415351416677,0.00012760108907790716,0.1056084809632223
2013-04-02 02:00:00,0.00016337206677023383,0.00011601884840609783,0.1056084809632223
2013-04-02 03:00:00,0.00016748823518954487,0.00011707630398503621,0.1162129559403298
2013-04-02 04:00:00,0.2607385689923411,0.19426858594366364,0.11524457714189787
2013-04-02 05:00:00,0.2881091219746852,0.24443376928823346,0.15930528433909003
2013-04-02 06:00:00,0.23664078130024455,0.21539166194539297,0.1823553420537883
2013-04-02 07:00:00,4.2649168971803474e-07,2.5249275813363345e-06,0.19105780510394763
2013-04-02 08:00:00,2.501651965875666e-07,4.663717367678096e-07,0.1832074631880422
2013-04-02 09:00:00,1.7307040131824264e-07,3.679779191838865e-07,0.1982692308192185
2013-04-02 10:00:00,1.5830078669158954e-07,4.02094463502076e-07,0.19734648527435114
2013-04-02 11:00:00,1.4862182793181547e-07,4.013423592272664e-07,0.1733556716245208
2013-04-02 12:00:00,1.5320905168269887e-07,4.800496074536169e-07,0.15739454836189407
2013-04-02 13:00:00,2.0891301472093024e-07,5.794954925614732e-07,0.1527902942456704
2013-04-02 14:00:00,2.7754881542443125e-07,9.243780573143978e-07,0.1509009186431227
2013-04-02 15:00:00,6.339538552913157e-07,9.999253851057518e-06,0.15469729464828816
2013-04-02 16:00:00,0.2768410686893385,0.2597845079396846,0.1588737381897865
2013-04-02 17:00:00,0.299422436866668,0.2624724990377218,0.17306811598482996
2013-04-02 18:00:00,0.29729312430141414,0.2589836950087478,0.24054021593501432
2013-04-02 19:00:00,0.2571866635806413,0.19472365883923481,0.230236190811401
2013-04-02 20:00:00,0.0041592103714637365,0.004245827480404286,0.207664503627157
2013-04-02 21:00:00,0.0003903224311951253,0.00028348633379652704,0.15042634410405362
2013-04-02 22:00:00,0.0011744985361050245,0.0008647690477612367,0.13457952528651296
2013-04-02 23:00:00,0.0011192240266406205,0.0008341764894509188,0.12156387538454311
2013-04-03 00:00:00,0.0012053905434571772,0.0009032061437066056,0.10764582981736394
2013-04-03 01:00:00,0.00012094518546817003,8.769973057697668e-05,0.1056084809632223
2013-04-03 02:00:00,0.00013261009825898243,9.61011885739825e-05,0.1056084809632223
2013-04-03 03:00:00,0.0001937377322500257,0.00013973618971849399,0.1162129559403298
2013-04-03 04:00:00,0.0014454370951933204,0.0010601552554153912,0.11524457714189787
2013-04-03 05:00:00,0.3195954372646368,0.2978288917310818,0.15930528433909003
2013-04-03 06:00:00,0.22594373111601967,0.2387799098828252,0.1823553420537883
2013-04-03 07:00:00,1.2843715816450356e-07,5.92282006489301e-07,0.19105780510394763
2013-04-03 08:00:00,7.649042355195215e-08,3.0756502739027345e-07,0.1832074631880422
2013-04-03 09:00:00,7.828664816714029e-08,3.1753365719649475e-07,0.1982692308192185
2013-04-03 10:00:00,8.08767476176187e-08,3.9789671161605015e-07,0.19734648527435114
2013-04-03 11:00:00,8.515357799049094e-08,3.95836081507795e-07,0.1733556716245208
2013-04-03 12:00:00,9.596841948026481e-08,3.439537688480782e-07,0.15739454836189407
2013-04-03 13:00:00,1.0635832395873339e-07,4.2385708094098116e-07,0.1527902942456704
2013-04-03 14:00:00,1.6617549069046682e-07,6.66253864961645e-07,0.1509009186431227
2013-04-03 15:00:00,2.1969428149333083e-07,9.736183625222039e-07,0.15469729464828816
2013-04-03 16:00:00,6.893776384851961e-07,2.602073867195497e-05,0.1588737381897865
2013-04-03 17:00:00,0.32624625692949,0.31048986877324797,0.17306811598482996
2013-04-03 18:00:00,0.3267478973115881,0.31146543494564466,0.24054021593501432
2013-04-03 19:00:00,0.3276605817806799,0.31324921414005463,0.230236190811401
2013-04-03 20:00:00,0.3290846345108842,0.31605366569438526,0.207664503627157
2013-04-03 21:00:00,0.3102989376285803,0.28191245328120146,0.15042634410405362
2013-04-03 22:00:00,0.00024251813714685973,0.00017943464580737127,0.13457952528651296
2013-04-03 23:00:00,0.0001562392495929179,0.00012082973195399339,0.12156387538454311
2013-04-04 00:00:00,0.00013137469270402337,0.00010323846588093496,0.10764582981736394
2013-04-04 01:00:00,0.00026883323987799107,0.00019865298455192163,0.1056084809632223
2013-04-04 02:00:00,0.0006595208024983988,0.00048470921934887397,0.1056084809632223
2013-04-04 03:00:00,0.006046231246373219,0.004558971231612676,0.1162129559403298
2013-04-04 04:00:00,0.3361746231368573,0.33040948666932435,0.11524457714189787
2013-04-04 05:00:00,0.33624496971967105,0.3305573766211147,0.15930528433909003
2013-04-04 06:00:00,1.5637224828089727e-07,2.9613777888093426e-05,0.1823553420537883
2013-04-04 07:00:00,4.7130389862019376e-08,2.1606375955118855e-07,0.19105780510394763
2013-04-04 08:00:00,2.609696947506637e-08,8.916810096343571e-08,0.1832074631880422
2013-04-04 09:00:00,1.666928633762177e-08,5.74433069744188e-08,0.1982692308192185
2013-04-04 10:00:00,1.628151141357287e-08,5.610701110685977e-08,0.19734648527435114
2013-04-04 11:00:00,1.674763964349411e-08,5.771331367367779e-08,0.1733556716245208
2013-04-04 12:00:00,1.8408140806372534e-08,6.34354978237078e-08,0.15739454836189407
2013-04-04 13:00:00,2.1574067401428104e-08,9.181646124447372e-08,0.1527902942456704
2013-04-04 14:00:00,5.5162492153135496e-08,2.423347175399194e-07,0.1509009186431227
2013-04-04 15:00:00,1.6449553707158371e-07,2.551139489822346e-06,0.15469729464828816
2013-04-04 16:00:00,0.26770275304112107,0.28320290543527327,0.1588737381897865
2013-04-04 17:00:00,0.3321790781791613,0.3222385838945618,0.17306811598482996
2013-04-04 18:00:00,0.3222013238552037,0.3027317752822017,0.24054021593501432
2013-04-04 19:00:00,0.3143356196247244,0.28819536851556204,0.230236190811401
2013-04-04 20:00:00,0.3109312606446229,0.28211543379476256,0.207664503627157
2013-04-04 21:00:00,0.30686019179177737,0.27502072474630196,0.15042634410405362
2013-04-04 22:00:00,0.0005225562685109197,0.0003742651190364297,0.13457952528651296
2013-04-04 23:00:00,0.00914637087826386,0.09050644509648778,0.12156387538454311
2013-04-05 00:00:00,0.00016738259137288625,0.0001221237671309943,0.10764582981736394
2013-04-05 01:00:00,0.005961067104273998,0.07693723130457382,0.1056084809632223
2013-04-05 02:00:00,0.2873389846148897,0.24312478920220992,0.1056084809632223
2013-04-05 03:00:00,0.2776354231790227,0.2129308703496268,0.1162129559403298
2013-04-05 04:00:00,0.2757939384730635,0.21339267898494654,0.11524457714189787
2013-04-05 05:00:00,0.273049631193076,0.21440553383606556,0.15930528433909003
2013-04-05 06:00:00,0.24069059193072076,0.2083953786366545,0.1823553420537883
2013-04-05 07:00:00,0.21669595656851717,0.19674437656948476,0.19105780510394763
2013-04-05 08:00:00,2.991280545407874e-07,1.1789970620846772e-06,0.1832074631880422
2013-04-05 09:00:00,1.454908938413472e-07,4.761808391973021e-07,0.1982692308192185
2013-04-05 10:00:00,1.2706238127608749e-07,4.844170380795541e-07,0.19734648527435114
2013-04-05 11:00:00,1.3992165059190776e-07,5.719704828197673e-07,0.1733556716245208
2013-04-05 12:00:00,1.4032999608956434e-07,6.218242874967283e-07,0.15739454836189407
2013-04-05 13:00:00,1.4127503602018956e-07,7.498951110995318e-07,0.1527902942456704
2013-04-05 14:00:00,2.7111790627260324e-07,4.313050869549723e-06,0.1509009186431227
2013-04-05 15:00:00,4.453356848541946e-07,7.12011838795776e-05,0.15469729464828816
2013-04-05 16:00:00,1.0705152403233118e-06,0.0011627453237040503,0.1588737381897865
2013-04-05 17:00:00,0.11360517024028466,0.2573052305129364,0.17306811598482996
2013-04-05 18:00:00,0.33195459919262066,0.31925900074193597,0.24054021593501432
2013-04-05 19:00:00,0.005431412680134083,0.004094126937160708,0.230236190811401
2013-04-05 20:00:00,0.010362573602405452,0.008210015069220844,0.207664503627157
2013-04-05 21:00:00,0.3375430664335609,0.3332553967926861,0.15042634410405362
2013-04-05 22:00:00,0.0014049265877523272,0.0010097709763801817,0.13457952528651296
2013-04-05 23:00:00,0.0014530187559895955,0.0010561993629849083,0.12156387538454311
2013-04-06 00:00:00,0.0009439117690893735,0.0006878770387972609,0.10764582981736394
2013-04-06 01:00:00,0.0016070314358691213,0.001171901384667342,0.1056084809632223
2013-04-06 02:00:00,0.0018789632256169852,0.0013702599564856515,0.1056084809632223
2013-04-06 03:00:00,0.0010992301985420737,0.0007984902392246048,0.1162129559403298
2013-04-06 04:00:00,0.0008698352813899945,0.000631403428534403,0.11524457714189787
2013-04-06 05:00:00,2.357790596954265e-06,0.00020924205872272823,0.15930528433909003
2013-04-06 06:00:00,4.519273571966042e-07,1.827313927203028e-05,0.1823553420537883
2013-04-06 07:00:00,1.3772056706278222e-07,6.475812994777236e-07,0.19105780510394763
2013-04-06 08:00:00,7.271889022247256e-08,2.4083196365171344e-07,0.1832074631880422
2013-04-06 09:00:00,7.005759802936384e-08,2.32180707521658e-07,0.1982692308192185
2013-04-06 10:00:00,6.923264543546056e-08,2.3098897235547078e-07,0.19734648527435114
2013-04-06 11:00:00,6.429118868043043e-08,2.1673847980117928e-07,0.1733556716245208
2013-04-06 12:00:00,6.555569646388313e-08,2.2079665475404316e-07,0.15739454836189407
2013-04-06 13:00:00,7.053868808973651e-08,2.778550165977426e-07,0.1527902942456704
2013-04-06 14:00:00,8.25222905085007e-08,3.65409869870071e-07,0.1509009186431227
2013-04-06 15:00:00,1.2357077119257882e-07,5.590141719538003e-07,0.15469729464828816
2013-04-06 16:00:00,4.6710034208677425e-07,0.0005521281195188993,0.1588737381897865
2013-04-06 17:00:00,0.001602342023320973,0.001158659779358129,0.17306811598482996
2013-04-06 18:00:00,0.27866179425643905,0.25263155227480655,0.24054021593501432
2013-04-06 19:00:00,0.01571231242028242,0.0485354782071563,0.230236190811401
2013-04-06 20:00:00,0.0006820121166208799,0.0004951779725772805,0.207664503627157
2013-04-06 21:00:00,0.28803022611544477,0.238790848488831,0.15042634410405362
2013-04-06 22:00:00,0.00020330190889374377,0.000148210743107027,0.13457952528651296
2013-04-06 23:00:00,0.00013701950717050573,0.00010090695618067893,0.12156387538454311
2013-04-07 00:00:00,3.492617186354833e-05,2.762336606158445e-05,0.10764582981736394
2013-04-07 01:00:00,2.5823733806432532e-05,2.062894824348291e-05,0.1056084809632223
2013-04-07 02:00:00,2.2495080229938128e-05,1.7969849642228952e-05,0.1056084809632223
2013-04-07 03:00:00,1.948278897549754e-05,1.5527807304409062e-05,0.1162129559403298
2013-04-07 04:00:00,1.7972124139598252e-05,1.4290911793430069e-05,0.11524457714189787
2013-04-07 05:00:00,1.0169082792313917e-05,1.0936152916580848e-05,0.15930528433909003
2013-04-07 06:00:00,1.544774914709115e-07,4.1360479080996404e-07,0.1823553420537883
2013-04-07 07:00:00,4.190156275370087e-08,1.2440071716847582e-07,0.19105780510394763
2013-04-07 08:00:00,2.902905363156364e-08,7.269089203718524e-08,0.1832074631880422
2013-04-07 09:00:00,2.6987580180662958e-08,6.725495736150596e-08,0.1982692308192185
2013-04-07 10:00:00,3.01842343035492e-08,7.52670493728511e-08,0.19734648527435114
2013-04-07 11:00:00,3.8121150796217405e-08,8.675821697375494e-08,0.1733556716245208
2013-04-07 12:00:00,4.756263531371569e-08,9.9496535920314e-08,0.15739454836189407
2013-04-07 13:00:00,6.050059889542847e-08,1.1281946417805733e-07,0.1527902942456704
2013-04-07 14:00:00,8.868838743817681e-08,1.6395780499980148e-07,0.1509009186431227
2013-04-07 15:00:00,1.3503489909449647e-07,1.7971794347079918e-07,0.15469729464828816
2013-04-07 16:00:00,5.765680219000524e-07,5.529474341627609e-07,0.1588737381897865
2013-04-07 17:00:00,0.00014444895219886103,0.0001079727215673505,0.17306811598482996
2013-04-07 18:00:00,0.1075613186062107,0.0865542721193642,0.24054021593501432
2013-04-07 19:00:00,0.2095832100690233,0.14021470936230757,0.230236190811401
2013-04-07 20:00:00,6.44851175389279e-05,4.7168322370144244e-05,0.207664503627157
2013-04-07 21:00:00,4.794293820720884e-05,3.515191576187353e-05,0.15042634410405362
2013-04-07 22:00:00,4.392357814151355e-05,3.246640503449484e-05,0.13457952528651296
2013-04-07 23:00:00,3.251234119071222e-05,2.4682165340474935e-05,0.12156387538454311
2013-04-08 00:00:00,2.1405689580397886e-05,1.711280009380465e-05,0.10764582981736394
2013-04-08 01:00:00,2.7207873294924885e-05,2.1834340861877204e-05,0.1056084809632223
2013-04-08 02:00:00,5.047052599444245e-05,3.952503921299944e-05,0.1056084809632223
2013-04-08 03:00:00,7.06143290283781e-05,5.3792184582831044e-05,0.1162129559403298
2013-04-08 04:00:00,0.00025444291595388805,0.00018603294051236776,0.11524457714189787
2013-04-08 05:00:00,1.5705462890052534e-06,0.0003102468214393998,0.15930528433909003
2013-04-08 06:00:00,1.6264633392317028e-07,1.826307709987905e-05,0.1823553420537883
2013-04-08 07:00:00,5.1776562593359616e-08,2.2494272374267593e-07,0.19105780510394763
2013-04-08 08:00:00,2.2480543819941516e-08,9.539108376106005e-08,0.1832074631880422
2013-04-08 09:00:00,1.925782969112354e-08,6.636360913444643e-08,0.1982692308192185
2013-04-08 10:00:00,1.7929165488845006e-08,6.178496580866331e-08,0.19734648527435114
2013-04-08 11:00:00,1.7726481384913735e-08,6.108650255496078e-08,0.1733556716245208
2013-04-08 12:00:00,1.9976501242058942e-08,6.884020591115244e-08,0.15739454836189407
2013-04-08 13:00:00,2.4405236852945682e-08,8.41018395903747e-08,0.1527902942456704
2013-04-08 14:00:00,4.5787427859761125e-08,1.8737095873015584e-07,0.1509009186431227
2013-04-08 15:00:00,9.523041150432131e-08,5.072574512434046e-07,0.15469729464828816
2013-04-08 16:00:00,4.226906468228907e-07,0.001394531348080448,0.1588737381897865
2013-04-08 17:00:00,0.3340422967862321,0.3260187724722269,0.17306811598482996
2013-04-08 18:00:00,0.33452548157081663,0.3270112448098202,0.24054021593501432
2013-04-08 19:00:00,0.3334736883157681,0.3248613251428773,0.230236190811401
2013-04-08 20:00:00,0.3302959843897205,0.3184596231555445,0.207664503627157
2013-04-08 21:00:00,0.32758508056115115,0.3130986694750991,0.15042634410405362
2013-04-08 22:00:00,0.0006573233425352143,0.0004730150588596463,0.13457952528651296
2013-04-08 23:00:00,0.00034158628189491914,0.00024876580685371684,0.12156387538454311
2013-04-09 00:00:00,0.00014836628621452583,0.00011102361463401378,0.10764582981736394
2013-04-09 01:00:00,0.00013670851466198822,0.00010534107332721887,0.1056084809632223
2013-04-09 02:00:00,0.0003118845006634634,0.00023051423279807067,0.1056084809632223
2013-04-09 03:00:00,0.0002519275624583607,0.00018174811234126777,0.1162129559403298
2013-04-09 04:00:00,0.3273442693455261,0.31262686385591476,0.11524457714189787
2013-04-09 05:00:00,0.29435259147410875,0.2926013538096775,0.15930528433909003
2013-04-09 06:00:00,3.935056806234114e-07,1.9157441802142985e-05,0.1823553420537883
2013-04-09 07:00:00,1.2286937439804756e-07,5.735380500271927e-07,0.19105780510394763
2013-04-09 08:00:00,4.265584080385217e-08,1.779521550717788e-07,0.1832074631880422
2013-04-09 09:00:00,3.137645659839614e-08,1.0516612093045235e-07,0.1982692308192185
2013-04-09 10:00:00,2.5140867633465998e-08,8.432038838533026e-08,0.19734648527435114
2013-04-09 11:00:00,2.450453884912424e-08,8.20774317807441e-08,0.1733556716245208
2013-04-09 12:00:00,2.707319853786318e-08,9.063809810211528e-08,0.15739454836189407
2013-04-09 13:00:00,3.07116865184449e-08,1.2795180222800428e-07,0.1527902942456704
2013-04-09 14:00:00,5.257335188489202e-08,2.3524187633882034e-07,0.1509009186431227
2013-04-09 15:00:00,9.453127499170583e-08,5.666371304577166e-07,0.15469729464828816
2013-04-09 16:00:00,3.873655308980179e-07,0.12658633569994268,0.1588737381897865
2013-04-09 17:00:00,0.32806831568609085,0.31405026360749416,0.17306811598482996
2013-04-09 18:00:00,0.3217245940001735,0.30182940832608557,0.24054021593501432
2013-04-09 19:00:00,0.3159525474119375,0.29112642809426437,0.230236190811401
2013-04-09 20:00:00,0.31273699061064286,0.2853280405672904,0.207664503627157
2013-04-09 21:00:00,0.2904264988433897,0.23853356782862734,0.15042634410405362
2013-04-09 22:00:00,0.009157900172978418,0.07855979088295373,0.13457952528651296
2013-04-09 23:00:00,0.08253964629934993,0.11317206526826236,0.12156387538454311
2013-04-10 00:00:00,0.0001115488438580588,8.217992224727895e-05,0.10764582981736394
2013-04-10 01:00:00,4.1158362046355096e-05,3.149923536539922e-05,0.1056084809632223
2013-04-10 02:00:00,8.326331120148265e-05,6.056952871068636e-05,0.1056084809632223
2013-04-10 03:00:00,0.07524985645166182,0.1457634558731976,0.1162129559403298
2013-04-10 04:00:00,0.3247251439318201,0.3075481663403084,0.11524457714189787
2013-04-10 05:00:00,0.29641530384855247,0.2958606974445118,0.15930528433909003
2013-04-10 06:00:00,1.8847563381116226e-07,4.8969438993934315e-05,0.1823553420537883
2013-04-10 07:00:00,5.6065797923390134e-08,2.4568595078058067e-07,0.19105780510394763
2013-04-10 08:00:00,2.3055890961129314e-08,9.718324975940991e-08,0.1832074631880422
2013-04-10 09:00:00,1.952915671851424e-08,8.202196703572142e-08,0.1982692308192185
2013-04-10 10:00:00,1.8255955839767797e-08,7.783363949973768e-08,0.19734648527435114
2013-04-10 11:00:00,1.7977885977751122e-08,7.695502865097281e-08,0.1733556716245208
2013-04-10 12:00:00,2.057714995978711e-08,8.768855289545381e-08,0.15739454836189407
2013-04-10 13:00:00,2.505396017551101e-08,1.0598915010268232e-07,0.1527902942456704
2013-04-10 14:00:00,6.076576260539868e-08,2.96087623722128e-07,0.1509009186431227
2013-04-10 15:00:00,9.960223846070719e-08,5.351526919401223e-07,0.15469729464828816
2013-04-10 16:00:00,4.2358540477185904e-07,0.0011617458437411608,0.1588737381897865
2013-04-10 17:00:00,0.3413770757877778,0.34137781258160677,0.17306811598482996
2013-04-10 18:00:00,0.3413775133108074,0.3413781520075128,0.24054021593501432
2013-04-10 19:00:00,0.3413777900925561,0.34137833092806363,0.230236190811401
2013-04-10 20:00:00,0.3413778395230204,0.34137832867545764,0.207664503627157
2013-04-10 21:00:00,0.3413763746747677,0.3413773027220384,0.15042634410405362
2013-04-10 22:00:00,0.34137756857653684,0.34137795522689185,0.13457952528651296
2013-04-10 23:00:00,0.3413658167372007,0.34137495274056723,0.12156387538454311
2013-04-11 00:00:00,0.34137127347324603,0.3413712734732461,0.10764582981736394
2013-04-11 01:00:00,0.3413711888477795,0.3413711888477796,0.1056084809632223
2013-04-11 02:00:00,0.3413708611731015,0.3413708611731015,0.1056084809632223
2013-04-11 03:00:00,0.3413777374004191,0.341378273669247,0.1162129559403298
2013-04-11 04:00:00,0.33192884748418916,0.32430079966633585,0.11524457714189787
2013-04-11 05:00:00,0.2294368852475073,0.2590613174975022,0.15930528433909003
2013-04-11 06:00:00,1.0851673520674094e-07,4.9776437996952656e-06,0.1823553420537883
2013-04-11 07:00:00,2.886195902956887e-08,1.1810870149260865e-07,0.19105780510394763
2013-04-11 08:00:00,1.6644045836437288e-08,5.698809511569522e-08,0.1832074631880422
2013-04-11 09:00:00,1.4688130738934204e-08,4.9772786400535116e-08,0.1982692308192185
2013-04-11 10:00:00,1.4504630392935804e-08,4.917070673339519e-08,0.19734648527435114
2013-04-11 11:00:00,1.4673727683993172e-08,4.886718832797433e-08,0.1733556716245208
2013-04-11 12:00:00,1.6208704839549707e-08,5.305043305731635e-08,0.15739454836189407
2013-04-11 13:00:00,1.8802406891092152e-08,7.602184458308983e-08,0.1527902942456704
2013-04-11 14:00:00,3.273188387604815e-08,1.4311587684668026e-07,0.1509009186431227
2013-04-11 15:00:00,9.137440617241947e-08,7.586796243290029e-07,0.15469729464828816
2013-04-11 16:00:00,3.028236144428544e-07,0.22595694243578607,0.1588737381897865
2013-04-11 17:00:00,0.3195964752975287,0.29783957642634473,0.17306811598482996
2013-04-11 18:00:00,0.31060861170925946,0.28155299902674497,0.24054021593501432
2013-04-11 19:00:00,0.3034359681967038,0.26918082019418915,0.230236190811401
2013-04-11 20:00:00,0.29987793904893656,0.26323766387174063,0.207664503627157
2013-04-11 21:00:00,0.2992772765296592,0.2622457366110859,0.15042634410405362
2013-04-11 22:00:00,0.2941703535330386,0.24543829411571463,0.13457952528651296
2013-04-11 23:00:00,0.09969859416810577,0.10591048648907066,0.12156387538454311
2013-04-12 00:00:00,0.22793363872329012,0.16329420256937008,0.10764582981736394
2013-04-12 01:00:00,0.0003783844712374937,0.0002823088441519721,0.1056084809632223
2013-04-12 02:00:00,3.5506036320655856e-05,2.588842357425132e-05,0.1056084809632223
2013-04-12 03:00:00,0.00013345829718676417,9.738725406139645e-05,0.1162129559403298
2013-04-12 04:00:00,0.26720918217363854,0.2139781345863048,0.11524457714189787
2013-04-12 05:00:00,0.24341616643063224,0.20303741608555168,0.15930528433909003
2013-04-12 06:00:00,2.403614459279286e-07,1.4702670677286473e-05,0.1823553420537883
2013-04-12 07:00:00,8.03124256156353e-08,2.3509633035967823e-07,0.19105780510394763
2013-04-12 08:00:00,5.479595575160818e-08,1.2720359457641719e-07,0.1832074631880422
2013-04-12 09:00:00,3.480403062694368e-08,1.0312771013176744e-07,0.1982692308192185
2013-04-12 10:00:00,2.6681204721495317e-08,8.740106839998292e-08,0.19734648527435114
2013-04-12 11:00:00,2.3988076390796885e-08,7.904744873173506e-08,0.1733556716245208
2013-04-12 12:00:00,2.551871704752119e-08,8.209254600284308e-08,0.15739454836189407
2013-04-12 13:00:00,3.507940609442941e-08,1.036338834325803e-07,0.1527902942456704
2013-04-12 14:00:00,9.390319073088367e-08,2.810520203545627e-07,0.1509009186431227
2013-04-12 15:00:00,1.3803518345662679e-07,3.577500838545557e-07,0.15469729464828816
2013-04-12 16:00:00,4.2950339835360303e-07,2.7986960564106954e-06,0.1588737381897865
2013-04-12 17:00:00,2.2447489200717015e-05,1.7946293977873736e-05,0.17306811598482996
2013-04-12 18:00:00,3.376075735447745e-05,2.6518833956192222e-05,0.24054021593501432
2013-04-12 19:00:00,3.6794672949016384e-05,2.9125710662221402e-05,0.230236190811401
2013-04-12 20:00:00,3.312179145267936e-05,2.6460030818653325e-05,0.207664503627157
2013-04-12 21:00:00,1.6404406175949853e-05,1.3287558408999191e-05,0.15042634410405362
2013-04-12 22:00:00,2.200328773763152e-05,1.782303337679215e-05,0.13457952528651296
2013-04-12 23:00:00,2.1966578257968984e-05,1.796887643916032e-05,0.12156387538454311
2013-04-13 00:00:00,2.1477824682960458e-05,1.6941621109840757e-05,0.10764582981736394
2013-04-13 01:00:00,3.0820986317793647e-05,2.4312539782840398e-05,0.1056084809632223
2013-04-13 02:00:00,5.2160965578504626e-05,4.037849374917164e-05,0.1056084809632223
2013-04-13 03:00:00,7.23080545610623e-05,5.6842594496633734e-05,0.1162129559403298
2013-04-13 04:00:00,7.366037279703545e-05,5.791065181277373e-05,0.11524457714189787
2013-04-13 05:00:00,9.784962860474534e-07,8.863411166308765e-06,0.15930528433909003
2013-04-13 06:00:00,5.2756907145311103e-08,2.2725425769941973e-07,0.1823553420537883
2013-04-13 07:00:00,1.9234735470213064e-08,6.628417329231526e-08,0.19105780510394763
2013-04-13 08:00:00,2.4050594369553835e-08,7.614373264077562e-08,0.1832074631880422
2013-04-13 09:00:00,2.4078780762267746e-08,7.344991977891575e-08,0.1982692308192185
2013-04-13 10:00:00,2.423686122176854e-08,7.26085979344179e-08,0.19734648527435114
2013-04-13 11:00:00,2.5159139735547756e-08,7.487839421187017e-08,0.1733556716245208
2013-04-13 12:00:00,2.60595232084485e-08,7.750042678516275e-08,0.15739454836189407
2013-04-13 13:00:00,1.4394040648382154e-08,4.9134183520536114e-08,0.1527902942456704
2013-04-13 14:00:00,1.74889319763706e-08,6.026812944247212e-08,0.1509009186431227
2013-04-13 15:00:00,4.121300705032286e-08,1.420226751036026e-07,0.15469729464828816
2013-04-13 16:00:00,1.9742610844197595e-07,8.844437201077157e-07,0.1588737381897865
2013-04-13 17:00:00,0.01391304347826087,0.15120967741935484,0.17306811598482996
2013-04-13 18:00:00,0.013311148086522466,0.22901199314677329,0.24054021593501432
2013-04-13 19:00:00,0.01359223300970874,0.15697036223929747,0.230236190811401
2013-04-13 20:00:00,0.00011631785940023879,9.43757965020238e-05,0.207664503627157
2013-04-13 21:00:00,7.473701911399264e-05,5.7569715521356965e-05,0.15042634410405362
2013-04-13 22:00:00,4.951408675768257e-05,3.7881760203046236e-05,0.13457952528651296
2013-04-13 23:00:00,6.0121043701318656e-05,4.4841038518452086e-05,0.12156387538454311
2013-04-14 00:00:00,6.92566960964874e-05,5.16605393668731e-05,0.10764582981736394
2013-04-14 01:00:00,0.05714285714285715,0.1971830985915493,0.1056084809632223
2013-04-14 02:00:00,0.04918032786885245,0.1842105263157895,0.1056084809632223
2013-04-14 03:00:00,4.735780818093673e-05,3.296267800782564e-05,0.1162129559403298
2013-04-14 04:00:00,4.1050528639585484e-05,2.8791517196419158e-05,0.11524457714189787
2013-04-14 05:00:00,5.153307018829926e-07,2.0680785125326496e-06,0.15930528433909003
2013-04-14 06:00:00,4.1417906692331595e-08,1.4014367272397596e-07,0.1823553420537883
2013-04-14 07:00:00,2.6546546728306685e-08,8.229813763635181e-08,0.19105780510394763
2013-04-14 08:00:00,2.560413271185276e-08,7.457823189871879e-08,0.1832074631880422
2013-04-14 09:00:00,2.512091575987279e-08,7.068049912306704e-08,0.1982692308192185
2013-04-14 10:00:00,2.572007794932584e-08,7.146361029192473e-08,0.19734648527435114
2013-04-14 11:00:00,2.7500818561864496e-08,7.648620829374375e-08,0.1733556716245208
2013-04-14 12:00:00,2.9384893517153286e-08,8.27795896160455e-08,0.15739454836189407
2013-04-14 13:00:00,3.072208418619119e-08,9.033224357267457e-08,0.1527902942456704
2013-04-14 14:00:00,3.127828387691888e-08,9.624060729266813e-08,0.1509009186431227
2013-04-14 15:00:00,4.846343215151e-08,1.5371649989066915e-07,0.15469729464828816
2013-04-14 16:00:00,1.5945224327580923e-07,5.479645165865686e-07,0.1588737381897865
2013-04-14 17:00:00,2.5477812984533406e-05,2.047152005255711e-05,0.17306811598482996
2013-04-14 18:00:00,3.1148989404713344e-05,2.5427182999562554e-05,0.24054021593501432
2013-04-14 19:00:00,2.081503986851062e-05,1.6912817668473094e-05,0.230236190811401
2013-04-14 20:00:00,1.818787611657113e-05,1.465321424069137e-05,0.207664503627157
2013-04-14 21:00:00,6.554537261373879e-06,4.502181799507997e-06,0.15042634410405362
2013-04-14 22:00:00,5.292777951557322e-06,3.4987856033242284e-06,0.13457952528651296
2013-04-14 23:00:00,6.029924505345193e-06,3.825000971348931e-06,0.12156387538454311
2013-04-15 00:00:00,7.0212885468741225e-06,4.45388146392989e-06,0.10764582981736394
2013-04-15 01:00:00,9.003376266099788e-06,5.71125059254225e-06,0.1056084809632223
2013-04-15 02:00:00,1.264639964028019e-05,8.02233079109893e-06,0.1056084809632223
2013-04-15 03:00:00,2.195924802751055e-05,1.4519391637490385e-05,0.1162129559403298
2013-04-15 04:00:00,3.191374451329086e-05,2.1411711024594676e-05,0.11524457714189787
2013-04-15 05:00:00,5.456677527273839e-07,2.205752228530862e-06,0.15930528433909003
2013-04-15 06:00:00,4.078320612824769e-08,1.4054135757962206e-07,0.1823553420537883
2013-04-15 07:00:00,1.494367914127642e-08,5.1496922521380215e-08,0.19105780510394763
2013-04-15 08:00:00,1.1388860554352904e-08,3.9246728512904264e-08,0.1832074631880422
2013-04-15 09:00:00,1.2644435569877092e-08,4.2140165861164417e-08,0.1982692308192185
2013-04-15 10:00:00,1.8685341943439247e-08,5.695636491720872e-08,0.19734648527435114
2013-04-15 11:00:00,2.4158226819006675e-08,6.919417535886781e-08,0.1733556716245208
2013-04-15 12:00:00,2.502040570462748e-08,7.23830970231809e-08,0.15739454836189407
2013-04-15 13:00:00,2.5569197176812892e-08,7.513226824515053e-08,0.1527902942456704
2013-04-15 14:00:00,1.5582925249634765e-08,5.268888990080828e-08,0.1509009186431227
2013-04-15 15:00:00,3.6588840454885644e-08,1.2199015222297167e-07,0.15469729464828816
2013-04-15 16:00:00,1.2927211204324204e-07,6.325402274078265e-07,0.1588737381897865
2013-04-15 17:00:00,2.321051400575978e-05,1.824492741828017e-05,0.17306811598482996
2013-04-15 18:00:00,6.315765374053178e-05,4.923167739324082e-05,0.24054021593501432
2013-04-15 19:00:00,1.4738185952019674e-05,1.1810688830867785e-05,0.230236190811401
2013-04-15 20:00:00,5.791136858076609e-06,4.060488124812444e-06,0.207664503627157
2013-04-15 21:00:00,5.418906782520486e-06,3.7993182720396555e-06,0.15042634410405362
2013-04-15 22:00:00,4.692344620226893e-06,3.1452274048218937e-06,0.13457952528651296
2013-04-15 23:00:00,6.997569152131462e-06,4.690433036951879e-06,0.12156387538454311
2013-04-16 00:00:00,1.0223388911869669e-05,6.616504113338825e-06,0.10764582981736394
2013-04-16 01:00:00,1.428794252436987e-05,9.30227565862795e-06,0.1056084809632223
2013-04-16 02:00:00,2.4150730280928727e-05,1.5631489859629226e-05,0.1056084809632223
2013-04-16 03:00:00,0.033112582781456956,0.13004484304932737,0.1162129559403298
2013-04-16 04:00:00,0.011185682326621925,0.0656660412757974,0.11524457714189787
2013-04-16 05:00:00,6.579188028193664e-07,3.6275902269545144e-06,0.15930528433909003
2013-04-16 06:00:00,3.821086684701262e-08,1.645961495210735e-07,0.1823553420537883
2013-04-16 07:00:00,2.1344666003895812e-08,7.355501945796901e-08,0.19105780510394763
2013-04-16 08:00:00,2.3323656231744506e-08,6.96022966530622e-08,0.1832074631880422
2013-04-16 09:00:00,2.315808253670302e-08,6.681330963220259e-08,0.1982692308192185
2013-04-16 10:00:00,2.3245062301299758e-08,6.604135083422527e-08,0.19734648527435114
2013-04-16 11:00:00,2.3884537464527132e-08,6.724307769078596e-08,0.1733556716245208
2013-04-16 12:00:00,2.4718022056953956e-08,7.023425917245816e-08,0.15739454836189407
2013-04-16 13:00:00,2.5471730721828856e-08,7.461835625554829e-08,0.1527902942456704
2013-04-16 14:00:00,2.5685889339820377e-08,7.858760547917894e-08,0.1509009186431227
2013-04-16 15:00:00,3.482308664782568e-08,1.1777676221492981e-07,0.15469729464828816
2013-04-16 16:00:00,1.2358734642302537e-07,5.637106117779595e-07,0.1588737381897865
2013-04-16 17:00:00,0.00012529945634997072,0.00010123979376329122,0.17306811598482996
2013-04-16 18:00:00,0.00015754963219469885,0.00012650023663847359,0.24054021593501432
2013-04-16 19:00:00,0.00010439866369710467,8.371134236369437e-05,0.230236190811401
2013-04-16 20:00:00,6.837561883222332e-05,5.5346162573817935e-05,0.207664503627157
2013-04-16 21:00:00,3.442825620882302e-05,2.4933444169549306e-05,0.15042634410405362
2013-04-16 22:00:00,1.9524913789996034e-05,1.3088225471311513e-05,0.13457952528651296
2013-04-16 23:00:00,2.497206250507245e-05,1.6258901748707415e-05,0.12156387538454311
2013-04-17 00:00:00,0.08064516129032256,0.21311475409836061,0.10764582981736394
2013-04-17 01:00:00,0.06349206349206349,0.20833333333333331,0.1056084809632223
2013-04-17 02:00:00,0.05681818181818181,0.18831168831168832,0.1056084809632223
2013-04-17 03:00:00,0.03144654088050314,0.13502109704641352,0.1162129559403298
2013-04-17 04:00:00,0.011811023622047246,0.06456953642384106,0.11524457714189787
2013-04-17 05:00:00,5.92298040583314e-07,3.265765662331465e-06,0.15930528433909003
2013-04-17 06:00:00,5.132113298278091e-08,2.100160524111639e-07,0.1823553420537883
2013-04-17 07:00:00,1.6030721017265953e-08,5.524287894258501e-08,0.19105780510394763
2013-04-17 08:00:00,2.319436614413007e-08,7.076755319716392e-08,0.1832074631880422
2013-04-17 09:00:00,2.3058565620711688e-08,6.717944569617946e-08,0.1982692308192185
2013-04-17 10:00:00,2.3141314496550175e-08,6.604413847002298e-08,0.19734648527435114
2013-04-17 11:00:00,2.3751157601732566e-08,6.74345676910635e-08,0.1733556716245208
2013-04-17 12:00:00,2.4566622062688766e-08,7.021888992238416e-08,0.15739454836189407
2013-04-17 13:00:00,2.518681818653499e-08,7.481979815283198e-08,0.1527902942456704
2013-04-17 14:00:00,1.586568240203893e-08,5.404535275226092e-08,0.1509009186431227
2013-04-17 15:00:00,3.829067369377111e-08,1.2888774579779226e-07,0.15469729464828816
2013-04-17 16:00:00,1.6574125588911834e-07,7.80033425239203e-07,0.1588737381897865
2013-04-17 17:00:00,0.00026246338796758335,0.00020626413526666416,0.17306811598482996
2013-04-17 18:00:00,0.0003282087407591228,0.0002599819216274868,0.24054021593501432
2013-04-17 19:00:00,0.00041659575224745787,0.0003308075830571511,0.230236190811401
2013-04-17 20:00:00,0.025316455696202535,0.24788732394366197,0.207664503627157
2013-04-17 21:00:00,0.025157232704402517,0.2476808905380334,0.15042634410405362
2013-04-17 22:00:00,0.024922118380062308,0.2474418604651163,0.13457952528651296
2013-04-17 23:00:00,0.0374331550802139,0.24570446735395188,0.12156387538454311
2013-04-18 00:00:00,0.03645833333333333,0.242320819112628,0.10764582981736394
2013-04-18 01:00:00,0.03846153846153846,0.23941068139963168,0.1056084809632223
2013-04-18 02:00:00,0.035175879396984924,0.23159784560143623,0.1056084809632223
2013-04-18 03:00:00,0.026717557251908396,0.21526717557251906,0.1162129559403298
2013-04-18 04:00:00,0.015325670498084292,0.20463629096722624,0.11524457714189787
2013-04-18 05:00:00,4.2957393139188834e-07,2.0354706669710004e-06,0.15930528433909003
2013-04-18 06:00:00,3.727496081096996e-08,1.2845183120020692e-07,0.1823553420537883
2013-04-18 07:00:00,1.4279294620837644e-08,4.9207415240088864e-08,0.19105780510394763
2013-04-18 08:00:00,2.3802114268023876e-08,7.085791217161786e-08,0.1832074631880422
2013-04-18 09:00:00,2.3494537854745938e-08,6.763269774124796e-08,0.1982692308192185
2013-04-18 10:00:00,2.3457838037210444e-08,6.655967587035283e-08,0.19734648527435114
2013-04-18 11:00:00,2.4205238834241327e-08,6.838989131752033e-08,0.1733556716245208
2013-04-18 12:00:00,2.5060388959039186e-08,7.159288541047695e-08,0.15739454836189407
2013-04-18 13:00:00,2.5775964467317464e-08,7.481514300390878e-08,0.1527902942456704
2013-04-18 14:00:00,2.5910792871298297e-08,7.93859701611557e-08,0.1509009186431227
2013-04-18 15:00:00,3.6280212104762166e-08,1.1247662505665499e-07,0.15469729464828816
2013-04-18 16:00:00,1.5766027112521508e-07,7.877939316885411e-07,0.1588737381897865
2013-04-18 17:00:00,0.00015152780225931046,0.00012366709190789497,0.17306811598482996
2013-04-18 18:00:00,0.00013420764705352836,0.0001062636519275046,0.24054021593501432
2013-04-18 19:00:00,5.981511691136488e-05,4.853673192868795e-05,0.230236190811401
2013-04-18 20:00:00,5.0593898586638375e-05,4.070503657513841e-05,0.207664503627157
2013-04-18 21:00:00,3.0072286258092886e-05,2.4287276686492494e-05,0.15042634410405362
2013-04-18 22:00:00,2.450678483236392e-05,1.9185815984381586e-05,0.13457952528651296
2013-04-18 23:00:00,1.7979467448174185e-05,1.3120445951094694e-05,0.12156387538454311
2013-04-19 00:00:00,2.087985081346594e-05,1.4508745636592784e-05,0.10764582981736394
2013-04-19 01:00:00,2.7839788974399582e-05,1.934535324615028e-05,0.1056084809632223
2013-04-19 02:00:00,6.496107748773861e-05,4.8812172063557365e-05,0.1056084809632223
2013-04-19 03:00:00,0.019662921348314606,0.15346534653465346,0.1162129559403298
2013-04-19 04:00:00,0.012750455373406194,0.14332603938730856,0.11524457714189787
2013-04-19 05:00:00,5.703863397795229e-07,3.685467464693221e-06,0.15930528433909003
2013-04-19 06:00:00,3.716695527633371e-08,1.6009940849779272e-07,0.1823553420537883
2013-04-19 07:00:00,2.1514453592796497e-08,7.414011002936023e-08,0.19105780510394763
2013-04-19 08:00:00,1.1173992380767469e-08,3.8506343924974935e-08,0.1832074631880422
2013-04-19 09:00:00,9.847366411464288e-09,3.389574294000718e-08,0.1982692308192185
2013-04-19 10:00:00,9.796221834307076e-09,3.346712625844029e-08,0.19734648527435114
2013-04-19 11:00:00,9.895708534017478e-09,3.351117181622652e-08,0.1733556716245208
2013-04-19 12:00:00,1.0070840558427102e-08,3.426569401552481e-08,0.15739454836189407
2013-04-19 13:00:00,1.7275336167820585e-08,4.3990912044565565e-08,0.1527902942456704
2013-04-19 14:00:00,2.2490925979686183e-08,7.589727033759543e-08,0.1509009186431227
2013-04-19 15:00:00,3.5888472552035626e-08,1.499105274008261e-07,0.15469729464828816
2013-04-19 16:00:00,2.1605734482931253e-07,2.234460133928629e-06,0.1588737381897865
2013-04-19 17:00:00,5.223856565779445e-05,4.280201337229535e-05,0.17306811598482996
2013-04-19 18:00:00,8.376997581908136e-05,6.631940068140114e-05,0.24054021593501432
2013-04-19 19:00:00,3.0503095073789755e-05,2.4762007936937838e-05,0.230236190811401
2013-04-19 20:00:00,2.5277825505804165e-05,2.073571337577722e-05,0.207664503627157
2013-04-19 21:00:00,1.3523810152093385e-05,1.0704720494296416e-05,0.15042634410405362
2013-04-19 22:00:00,9.69532442979373e-06,7.374289530448031e-06,0.13457952528651296
2013-04-19 23:00:00,1.0929671421930964e-05,8.403992881914626e-06,0.12156387538454311
2013-04-20 00:00:00,4.792038315860498e-06,3.359777340836068e-06,0.10764582981736394
2013-04-20 01:00:00,3.876979024712696e-06,2.5795132891116003e-06,0.1056084809632223
2013-04-20 02:00:00,3.4475591773532795e-06,2.2937975861258105e-06,0.1056084809632223
2013-04-20 03:00:00,3.6432220017819908e-06,2.5999289535203855e-06,0.1162129559403298
2013-04-20 04:00:00,4.472661971862483e-06,3.225610053581415e-06,0.11524457714189787
2013-04-20 05:00:00,3.688357676862836e-07,8.816026913024434e-07,0.15930528433909003
2013-04-20 06:00:00,4.748832432271399e-08,1.776327641786147e-07,0.1823553420537883
2013-04-20 07:00:00,2.6826936748342768e-08,8.705310968760735e-08,0.19105780510394763
2013-04-20 08:00:00,1.3124237629441405e-08,4.347858459598313e-08,0.1832074631880422
2013-04-20 09:00:00,1.0849392128901629e-08,3.629382436760563e-08,0.1982692308192185
2013-04-20 10:00:00,2.492130692367612e-08,6.760752738491489e-08,0.19734648527435114
2013-04-20 11:00:00,2.5855169424400584e-08,6.937616853857879e-08,0.1733556716245208
2013-04-20 12:00:00,2.704618778911952e-08,7.244457096083823e-08,0.15739454836189407
2013-04-20 13:00:00,2.7745213374979646e-08,7.652851722793239e-08,0.1527902942456704
2013-04-20 14:00:00,2.6741102486451886e-08,7.969266336010697e-08,0.1509009186431227
2013-04-20 15:00:00,4.396344785156931e-08,1.7368160493659628e-07,0.15469729464828816
2013-04-20 16:00:00,2.6225857459092807e-07,3.091826682936184e-06,0.1588737381897865
2013-04-20 17:00:00,3.0350489952532656e-05,2.486394797512506e-05,0.17306811598482996
2013-04-20 18:00:00,4.590990349402359e-05,3.6341540829174315e-05,0.24054021593501432
2013-04-20 19:00:00,1.64790327379056e-05,1.3535025013386471e-05,0.230236190811401
2013-04-20 20:00:00,1.3711235290891476e-05,1.1183157092881417e-05,0.207664503627157
2013-04-20 21:00:00,9.139354058576228e-06,7.252861729261092e-06,0.15042634410405362
2013-04-20 22:00:00,7.527921746112853e-06,5.826358211494472e-06,0.13457952528651296
2013-04-20 23:00:00,5.808377277337673e-06,4.290485658978964e-06,0.12156387538454311
2013-04-21 00:00:00,3.3340493601244843e-06,2.2897989599446906e-06,0.10764582981736394
2013-04-21 01:00:00,3.0499441424515626e-06,2.0946781428845423e-06,0.1056084809632223
2013-04-21 02:00:00,3.3439186937316016e-06,2.3444329730966943e-06,0.1056084809632223
2013-04-21 03:00:00,4.321387338191054e-06,3.0297722736594197e-06,0.1162129559403298
2013-04-21 04:00:00,5.904423486723098e-06,4.355022744509527e-06,0.11524457714189787
2013-04-21 05:00:00,2.3811172166263658e-07,8.027748265099239e-07,0.15930528433909003
2013-04-21 06:00:00,3.93199937371114e-08,1.5358902376656007e-07,0.1823553420537883
2013-04-21 07:00:00,2.346334267226513e-08,7.719957015279338e-08,0.19105780510394763
2013-04-21 08:00:00,1.1859253290892388e-08,3.963420109526638e-08,0.1832074631880422
2013-04-21 09:00:00,1.0240116445688966e-08,3.443921453880715e-08,0.1982692308192185
2013-04-21 10:00:00,1.0271873745852367e-08,3.449384333619002e-08,0.19734648527435114
2013-04-21 11:00:00,2.7328780340309458e-08,7.245515159705325e-08,0.1733556716245208
2013-04-21 12:00:00,2.9018804010886233e-08,7.728032006417357e-08,0.15739454836189407
2013-04-21 13:00:00,1.293031498318416e-08,4.3503135915395616e-08,0.1527902942456704
2013-04-21 14:00:00,1.759805161411749e-08,5.87676267068598e-08,0.1509009186431227
2013-04-21 15:00:00,4.279588788008044e-08,1.7357544778531153e-07,0.15469729464828816
2013-04-21 16:00:00,2.2031252874390018e-07,1.5068696338559833e-06,0.1588737381897865
2013-04-21 17:00:00,6.022658833422347e-05,4.884420270549064e-05,0.17306811598482996
2013-04-21 18:00:00,0.00013051151615821557,0.00010372580721860289,0.24054021593501432
2013-04-21 19:00:00,0.00012687954927402323,0.00010037294750190688,0.230236190811401
2013-04-21 20:00:00,3.111440329397817e-05,2.5097931143087735e-05,0.207664503627157
2013-04-21 21:00:00,2.896904014304269e-05,2.3536907160120612e-05,0.15042634410405362
2013-04-21 22:00:00,1.4923648953769304e-05,1.1127760307378635e-05,0.13457952528651296
2013-04-21 23:00:00,1.4845101964643207e-05,1.083317065876086e-05,0.12156387538454311
2013-04-22 00:00:00,1.504119029963555e-05,1.0847087477918831e-05,0.10764582981736394
2013-04-22 01:00:00,1.563364736119666e-05,1.1274346422614647e-05,0.1056084809632223
2013-04-22 02:00:00,1.638631054844162e-05,1.1817141551630074e-05,0.1056084809632223
2013-04-22 03:00:00,3.34915605351788e-05,2.651298952368678e-05,0.1162129559403298
2013-04-22 04:00:00,5.0596760682943835e-05,4.103602939241813e-05,0.11524457714189787
2013-04-22 05:00:00,4.211849786663791e-07,5.737925969279145e-06,0.15930528433909003
2013-04-22 06:00:00,9.020028883936494e-08,3.877156819466261e-07,0.1823553420537883
2013-04-22 07:00:00,3.212165971545028e-08,1.0839990111038354e-07,0.19105780510394763
2013-04-22 08:00:00,1.639517540484976e-08,5.5472256642950084e-08,0.1832074631880422
2013-04-22 09:00:00,2.1978610086984198e-08,6.889440099595124e-08,0.1982692308192185
2013-04-22 10:00:00,2.1968145244764846e-08,6.942793240892238e-08,0.19734648527435114
2013-04-22 11:00:00,2.4833666584583122e-08,7.608912258056563e-08,0.1733556716245208
2013-04-22 12:00:00,3.007178465787466e-08,7.43770832504511e-08,0.15739454836189407
2013-04-22 13:00:00,4.658286864075133e-08,1.494354738744576e-07,0.1527902942456704
2013-04-22 14:00:00,6.726210067611864e-08,2.6476294811283416e-07,0.1509009186431227
2013-04-22 15:00:00,1.4912242570888514e-07,1.1210415727056826e-06,0.15469729464828816
2013-04-22 16:00:00,4.092680384376357e-07,1.6352938363632506e-05,0.1588737381897865
2013-04-22 17:00:00,0.00014636573870788327,0.0001159785980827005,0.17306811598482996
2013-04-22 18:00:00,0.0003350253165357118,0.0002441942887041613,0.24054021593501432
2013-04-22 19:00:00,0.00020891999756893093,0.0001666965426452001,0.230236190811401
2013-04-22 20:00:00,0.00013073843316313907,0.00010773804192235086,0.207664503627157
2013-04-22 21:00:00,0.00011720419728913586,9.53137739799613e-05,0.15042634410405362
2013-04-22 22:00:00,8.354218880534672e-05,6.896242691810092e-05,0.13457952528651296
2013-04-22 23:00:00,8.338124523102908e-05,6.847149764647438e-05,0.12156387538454311
2013-04-23 00:00:00,9.056849288482832e-05,7.387694544937457e-05,0.10764582981736394
2013-04-23 01:00:00,7.254382916798757e-05,5.907887531261664e-05,0.1056084809632223
2013-04-23 02:00:00,6.653359946773121e-05,5.4189522810799345e-05,0.1056084809632223
2013-04-23 03:00:00,6.090138014442894e-05,4.9732934143648615e-05,0.1162129559403298
2013-04-23 04:00:00,5.461845165151581e-05,4.484960125467916e-05,0.11524457714189787
2013-04-23 05:00:00,5.639117884067632e-07,9.053437770416694e-06,0.15930528433909003
2013-04-23 06:00:00,4.846532547682945e-08,1.630970315922314e-07,0.1823553420537883
2013-04-23 07:00:00,2.1620896717754734e-08,7.358941193578684e-08,0.19105780510394763
2013-04-23 08:00:00,1.1408967172100268e-08,3.878237667333896e-08,0.1832074631880422
2013-04-23 09:00:00,1.0276961121916935e-08,3.4831510015535113e-08,0.1982692308192185
2013-04-23 10:00:00,9.87188085461149e-09,3.367291443321416e-08,0.19734648527435114
2013-04-23 11:00:00,1.0085408178303886e-08,3.4279361879223413e-08,0.1733556716245208
2013-04-23 12:00:00,1.0879312135037158e-08,3.6925903231710285e-08,0.15739454836189407
2013-04-23 13:00:00,1.2606715770202796e-08,4.271808534380351e-08,0.1527902942456704
2013-04-23 14:00:00,2.4334372578679235e-08,8.220953470293962e-08,0.1509009186431227
2013-04-23 15:00:00,3.7040425092710025e-08,1.558586794441136e-07,0.15469729464828816
2013-04-23 16:00:00,2.0895124445092658e-07,2.6230545614378785e-06,0.1588737381897865
2013-04-23 17:00:00,0.019138755980861247,0.20588235294117646,0.17306811598482996
2013-04-23 18:00:00,0.00033774738966575366,0.00026753516508220204,0.24054021593501432
2013-04-23 19:00:00,0.00014028506937159872,0.00011130383515788052,0.230236190811401
2013-04-23 20:00:00,6.533379753145644e-05,5.29848062706039e-05,0.207664503627157
2013-04-23 21:00:00,5.834114772690082e-05,4.746502554559122e-05,0.15042634410405362
2013-04-23 22:00:00,3.879726172401134e-05,3.1495065541057386e-05,0.13457952528651296
2013-04-23 23:00:00,3.858973524561791e-05,3.115347291127647e-05,0.12156387538454311
2013-04-24 00:00:00,4.2659128098357936e-05,3.4630371486308754e-05,0.10764582981736394
2013-04-24 01:00:00,4.127160568557639e-05,3.327877818516147e-05,0.1056084809632223
2013-04-24 02:00:00,4.389145577477263e-05,3.5631310039249555e-05,0.1056084809632223
2013-04-24 03:00:00,3.765915405771501e-05,3.059024857140886e-05,0.1162129559403298
2013-04-24 04:00:00,4.554880174533666e-05,3.7204150228252735e-05,0.11524457714189787
2013-04-24 05:00:00,6.165421495572496e-07,8.194947814672257e-06,0.15930528433909003
2013-04-24 06:00:00,3.4957417670387353e-08,1.4778598854835932e-07,0.1823553420537883
2013-04-24 07:00:00,2.072142697913492e-08,7.140731670072061e-08,0.19105780510394763
2013-04-24 08:00:00,1.0881800204935856e-08,3.749757671910452e-08,0.1832074631880422
2013-04-24 09:00:00,2.304072131835137e-08,6.63339823975315e-08,0.1982692308192185
2013-04-24 10:00:00,2.3347193238951686e-08,6.599269972257494e-08,0.19734648527435114
2013-04-24 11:00:00,2.3863175614526287e-08,6.716677085212341e-08,0.1733556716245208
2013-04-24 12:00:00,2.4587257095879328e-08,6.928724299737651e-08,0.15739454836189407
2013-04-24 13:00:00,2.5214121789175428e-08,7.283414359042011e-08,0.1527902942456704
2013-04-24 14:00:00,1.4680317012637698e-08,4.961071402902313e-08,0.1509009186431227
2013-04-24 15:00:00,3.4813481088864496e-08,1.1632948259156918e-07,0.15469729464828816
2013-04-24 16:00:00,2.291840309380107e-07,3.5280485780722445e-06,0.1588737381897865
2013-04-24 17:00:00,0.00022867532452956716,0.0001830423494202534,0.17306811598482996
2013-04-24 18:00:00,0.309407453180574,0.2990363420870175,0.24054021593501432
2013-04-24 19:00:00,0.00071407709889097,0.0005249625113110687,0.230236190811401
2013-04-24 20:00:00,0.00019173539121573023,0.00015227536415116615,0.207664503627157
2013-04-24 21:00:00,0.0001626379075244825,0.00012905306346042828,0.15042634410405362
2013-04-24 22:00:00,0.00010279710278177898,8.269767093810051e-05,0.13457952528651296
2013-04-24 23:00:00,5.3946591648209376e-05,4.402671666431489e-05,0.12156387538454311
2013-04-25 00:00:00,6.232572170069444e-05,5.09423778029077e-05,0.10764582981736394
2013-04-25 01:00:00,8.708252139588997e-05,7.035643255134732e-05,0.1056084809632223
2013-04-25 02:00:00,0.00011916110581506199,9.654721932548735e-05,0.1056084809632223
2013-04-25 03:00:00,0.0001966346695698257,0.00015568425934835327,0.1162129559403298
2013-04-25 04:00:00,0.0002757362156959081,0.00021250765818821396,0.11524457714189787
2013-04-25 05:00:00,5.519293414537779e-07,2.1592839935927047e-05,0.15930528433909003
2013-04-25 06:00:00,4.638775964330783e-08,1.8611300932775874e-07,0.1823553420537883
2013-04-25 07:00:00,2.1061672726893872e-08,7.257982439468744e-08,0.19105780510394763
2013-04-25 08:00:00,1.104882245379265e-08,3.807495447913122e-08,0.1832074631880422
2013-04-25 09:00:00,9.840913126913589e-09,3.382731044695341e-08,0.1982692308192185
2013-04-25 10:00:00,9.806847566588179e-09,3.347381344411113e-08,0.19734648527435114
2013-04-25 11:00:00,9.917158848235652e-09,3.38212473852688e-08,0.1733556716245208
2013-04-25 12:00:00,1.005073944948502e-08,3.45513404998025e-08,0.15739454836189407
2013-04-25 13:00:00,1.1451455821574592e-08,3.916081927919245e-08,0.1527902942456704
2013-04-25 14:00:00,1.4904686208474005e-08,5.075901799624181e-08,0.1509009186431227
2013-04-25 15:00:00,3.5402006302501184e-08,1.5074060820438724e-07,0.15469729464828816
2013-04-25 16:00:00,2.3170128259693115e-07,3.867486923215788e-06,0.1588737381897865
2013-04-25 17:00:00,0.2505458515283843,0.2972185430463576,0.17306811598482996
2013-04-25 18:00:00,0.3413684097203871,0.34137315718553063,0.24054021593501432
2013-04-25 19:00:00,0.3413759448215567,0.34137666896080854,0.230236190811401
2013-04-25 20:00:00,0.2263374485596708,0.2861842105263158,0.207664503627157
2013-04-25 21:00:00,0.2287308228730823,0.2879091516366066,0.15042634410405362
2013-04-25 22:00:00,0.04519774011299435,0.27308707124010556,0.13457952528651296
2013-04-25 23:00:00,0.046783625730994156,0.27092198581560284,0.12156387538454311
2013-04-26 00:00:00,0.04651162790697675,0.2672540381791483,0.10764582981736394
2013-04-26 01:00:00,0.044444444444444446,0.262699564586357,0.1056084809632223
2013-04-26 02:00:00,0.00015200499120866657,0.00012274557297633465,0.1056084809632223
2013-04-26 03:00:00,0.00015951545395241203,0.00013024933444021414,0.1162129559403298
2013-04-26 04:00:00,0.01851851851851852,0.23457730388423462,0.11524457714189787
2013-04-26 05:00:00,3.9419492781502483e-07,6.260393105332759e-06,0.15930528433909003
2013-04-26 06:00:00,3.6194690953079085e-08,1.5397490371256384e-07,0.1823553420537883
2013-04-26 07:00:00,2.2463850722140914e-08,7.741172703672883e-08,0.19105780510394763
2013-04-26 08:00:00,1.1668577600448851e-08,4.02107107591452e-08,0.1832074631880422
2013-04-26 09:00:00,1.0257776223975426e-08,3.505166205320342e-08,0.1982692308192185
2013-04-26 10:00:00,9.752068339335251e-09,3.3355634076385954e-08,0.19734648527435114
2013-04-26 11:00:00,9.789223625190911e-09,3.313190789925979e-08,0.1733556716245208
2013-04-26 12:00:00,1.5469199220711244e-08,3.897402119062569e-08,0.15739454836189407
2013-04-26 13:00:00,1.809997994522222e-08,6.011151557756615e-08,0.1527902942456704
2013-04-26 14:00:00,2.4243939807016943e-08,9.911792055043168e-08,0.1509009186431227
2013-04-26 15:00:00,6.594301853217752e-08,2.718794091847118e-07,0.15469729464828816
2013-04-26 16:00:00,2.5887333664173457e-07,3.8924567466109e-06,0.1588737381897865
2013-04-26 17:00:00,0.0130404495644117,0.11332958635632304,0.17306811598482996
2013-04-26 18:00:00,0.2804478531519213,0.22906156335778674,0.24054021593501432
2013-04-26 19:00:00,0.16593506329581295,0.1486722579945991,0.230236190811401
2013-04-26 20:00:00,3.1702996362323446e-05,2.4959537469819237e-05,0.207664503627157
2013-04-26 21:00:00,8.111127777259231e-06,6.656769541765447e-06,0.15042634410405362
2013-04-26 22:00:00,9.717441106233495e-06,7.989008746099125e-06,0.13457952528651296
2013-04-26 23:00:00,8.781109866756488e-06,7.167255064177649e-06,0.12156387538454311
2013-04-27 00:00:00,8.9512027458042e-06,7.248269316147672e-06,0.10764582981736394
2013-04-27 01:00:00,1.0741802985702659e-05,8.681295614365274e-06,0.1056084809632223
2013-04-27 02:00:00,1.1119054600323523e-05,9.09504432689495e-06,0.1056084809632223
2013-04-27 03:00:00,1.0244954976268701e-05,8.266064669129384e-06,0.1162129559403298
2013-04-27 04:00:00,1.0025297734350681e-05,8.118311264631726e-06,0.11524457714189787
2013-04-27 05:00:00,2.2804050856864494e-07,7.164168946327615e-07,0.15930528433909003
2013-04-27 06:00:00,6.771512477239677e-08,2.2407642185334791e-07,0.1823553420537883
2013-04-27 07:00:00,2.9017556927731337e-08,8.895645560000569e-08,0.19105780510394763
2013-04-27 08:00:00,2.2407435109636444e-08,6.902235000636644e-08,0.1832074631880422
2013-04-27 09:00:00,2.3052785037697445e-08,6.909804053216202e-08,0.1982692308192185
2013-04-27 10:00:00,2.0938981692510874e-08,6.58041966516741e-08,0.19734648527435114
2013-04-27 11:00:00,2.2380081703411872e-08,5.2245965530259826e-08,0.1733556716245208
2013-04-27 12:00:00,3.408251627127729e-08,1.0197162649689886e-07,0.15739454836189407
2013-04-27 13:00:00,5.2222410861175235e-08,1.8618115321946808e-07,0.1527902942456704
2013-04-27 14:00:00,6.190533094249444e-08,2.0576606727422805e-07,0.1509009186431227
2013-04-27 15:00:00,1.4817672979291716e-07,3.068181120867927e-07,0.15469729464828816
2013-04-27 16:00:00,7.110735664268039e-07,4.995816689760882e-06,0.1588737381897865
2013-04-27 17:00:00,1.1338809148483089e-05,9.30725131273794e-06,0.17306811598482996
2013-04-27 18:00:00,2.0517221642916525e-05,1.6277466674330483e-05,0.24054021593501432
2013-04-27 19:00:00,9.731081561060103e-06,7.951813578680896e-06,0.230236190811401
2013-04-27 20:00:00,8.265372684001247e-06,6.788390117719957e-06,0.207664503627157
2013-04-27 21:00:00,6.589158260771086e-06,5.351868824643295e-06,0.15042634410405362
2013-04-27 22:00:00,6.046283087780341e-06,4.905240592513095e-06,0.13457952528651296
2013-04-27 23:00:00,6.710896576960033e-06,5.4126015552633e-06,0.12156387538454311
2013-04-28 00:00:00,7.044995078940473e-06,5.7233317144667435e-06,0.10764582981736394
2013-04-28 01:00:00,7.916407428756733e-06,6.4312837375343765e-06,0.1056084809632223
2013-04-28 02:00:00,8.733464842062567e-06,7.095099900464495e-06,0.1056084809632223
2013-04-28 03:00:00,9.034415326732187e-06,7.324483854379017e-06,0.1162129559403298
2013-04-28 04:00:00,9.54407417438356e-06,7.737889229356016e-06,0.11524457714189787
2013-04-28 05:00:00,1.901916275743626e-07,5.946689687174628e-07,0.15930528433909003
2013-04-28 06:00:00,3.9437540742266054e-08,1.4573566513636124e-07,0.1823553420537883
2013-04-28 07:00:00,2.3341926300404196e-08,5.5177763964399235e-08,0.19105780510394763
2013-04-28 08:00:00,1.2230437712994986e-08,3.843240337389999e-08,0.1832074631880422
2013-04-28 09:00:00,1.1010835978397645e-08,3.474059734442179e-08,0.1982692308192185
2013-04-28 10:00:00,1.1165214826800136e-08,3.642746954315209e-08,0.19734648527435114
2013-04-28 11:00:00,1.1745196627129537e-08,3.781290623025531e-08,0.1733556716245208
2013-04-28 12:00:00,1.2780856853054868e-08,4.056822554485117e-08,0.15739454836189407
2013-04-28 13:00:00,1.4252301393930664e-08,4.4826701150054794e-08,0.1527902942456704
2013-04-28 14:00:00,1.7099520508925506e-08,5.282518882495808e-08,0.1509009186431227
2013-04-28 15:00:00,3.82313387483182e-08,1.145096897860935e-07,0.15469729464828816
2013-04-28 16:00:00,1.7935410640493238e-07,1.2081365824180004e-06,0.1588737381897865
2013-04-28 17:00:00,1.9235516457587293e-05,1.5628463885777766e-05,0.17306811598482996
2013-04-28 18:00:00,2.6386072521058814e-05,2.1599915787670094e-05,0.24054021593501432
2013-04-28 19:00:00,2.642426045819093e-05,2.1577349100103714e-05,0.230236190811401
2013-04-28 20:00:00,1.9036984237105095e-05,1.5608620142409454e-05,0.207664503627157
2013-04-28 21:00:00,1.391711673778735e-05,1.1253056763611752e-05,0.15042634410405362
2013-04-28 22:00:00,1.417606618610729e-05,1.1442694027790716e-05,0.13457952528651296
2013-04-28 23:00:00,1.3429514235285088e-05,1.0788424662701138e-05,0.12156387538454311
2013-04-29 00:00:00,1.5738649810378412e-05,1.2786568008076906e-05,0.10764582981736394
2013-04-29 01:00:00,1.6049250000378514e-05,1.3103037739114515e-05,0.1056084809632223
2013-04-29 02:00:00,1.8170185451202393e-05,1.470010268021722e-05,0.1056084809632223
2013-04-29 03:00:00,2.2315451218423637e-05,1.7962133666774398e-05,0.1162129559403298
2013-04-29 04:00:00,1.9073514623557698e-05,1.549707450261025e-05,0.11524457714189787
2013-04-29 05:00:00,2.969197460708398e-07,3.270153871906052e-06,0.15930528433909003
2013-04-29 06:00:00,3.6629216386045774e-08,1.4287121771310502e-07,0.1823553420537883
2013-04-29 07:00:00,2.291268915112275e-08,7.521274583270306e-08,0.19105780510394763
2013-04-29 08:00:00,1.8355924122116457e-08,6.006710396519471e-08,0.1832074631880422
2013-04-29 09:00:00,2.2494048805742587e-08,6.14211910034201e-08,0.1982692308192185
2013-04-29 10:00:00,1.681055351756546e-08,5.097557793832295e-08,0.19734648527435114
2013-04-29 11:00:00,1.0595009481421009e-08,3.520459112930202e-08,0.1733556716245208
2013-04-29 12:00:00,1.1287898986804397e-08,3.756220606517316e-08,0.15739454836189407
2013-04-29 13:00:00,1.3762737818131106e-08,4.56272164703666e-08,0.1527902942456704
2013-04-29 14:00:00,2.883061026617669e-08,9.559843228449558e-08,0.1509009186431227
2013-04-29 15:00:00,6.159756392722231e-08,2.4337826659747545e-07,0.15469729464828816
2013-04-29 16:00:00,2.7493113318777574e-07,1.219529758945371e-05,0.1588737381897865
2013-04-29 17:00:00,0.00013184149985260416,0.00010865146169612949,0.17306811598482996
2013-04-29 18:00:00,0.00014310295780804432,0.00011443559400545172,0.24054021593501432
2013-04-29 19:00:00,6.0900116275273545e-05,4.9431966331925463e-05,0.230236190811401
2013-04-29 20:00:00,4.0195938906518373e-05,3.2971770125389024e-05,0.207664503627157
2013-04-29 21:00:00,3.7123259443699885e-05,3.023259536160851e-05,0.15042634410405362
2013-04-29 22:00:00,3.798148688676157e-05,3.1112879559541685e-05,0.13457952528651296
2013-04-29 23:00:00,4.583219813768502e-05,3.730099916943109e-05,0.12156387538454311
2013-04-30 00:00:00,7.373302092379284e-05,6.0012925860954684e-05,0.10764582981736394
2013-04-30 01:00:00,0.00013662989847051487,0.00011163645155729958,0.1056084809632223
2013-04-30 02:00:00,0.00017236775023670223,0.00014158661670751272,0.1056084809632223
2013-04-30 03:00:00,0.00015271392863318788,0.00012354897467853638,0.1162129559403298
2013-04-30 04:00:00,0.00014379913136988473,0.00011718209031543288,0.11524457714189787
2013-04-30 05:00:00,2.763068276798654e-07,3.2772540543729214e-06,0.15930528433909003
2013-04-30 06:00:00,4.190051284691373e-08,1.7635513371616583e-07,0.1823553420537883
2013-04-30 07:00:00,2.6918104735007678e-08,6.848122796763914e-08,0.19105780510394763
2013-04-30 08:00:00,1.4672223947553491e-08,4.975492527425941e-08,0.1832074631880422
2013-04-30 09:00:00,1.7880738620411852e-08,6.0443302057081e-08,0.1982692308192185
2013-04-30 10:00:00,1.090853292771481e-08,3.737544853691799e-08,0.19734648527435114
2013-04-30 11:00:00,1.1289033172767533e-08,3.850248177853206e-08,0.1733556716245208
2013-04-30 12:00:00,1.1831920237239468e-08,3.997956224788107e-08,0.15739454836189407
2013-04-30 13:00:00,1.4352286340742513e-08,4.793889966718479e-08,0.1527902942456704
2013-04-30 14:00:00,3.1652717191106645e-08,1.302577362935255e-07,0.1509009186431227
2013-04-30 15:00:00,5.450042233285607e-08,2.207420860356702e-07,0.15469729464828816
2013-04-30 16:00:00,3.367213534413785e-07,5.66355568430998e-06,0.1588737381897865
2013-04-30 17:00:00,7.721162435665125e-05,6.286317067145211e-05,0.17306811598482996
2013-04-30 18:00:00,9.827184493774926e-05,7.921094088366653e-05,0.24054021593501432
2013-04-30 19:00:00,5.7965536709256775e-05,4.724832214765101e-05,0.230236190811401
2013-04-30 20:00:00,4.950011852141055e-05,4.043589475521304e-05,0.207664503627157
2013-04-30 21:00:00,4.833693328398362e-05,3.9219527257363934e-05,0.15042634410405362
2013-04-30 22:00:00,3.7860274934432886e-05,3.0855961613115194e-05,0.13457952528651296
2013-04-30 23:00:00,2.8770616418027967e-05,2.3206001648384484e-05,0.12156387538454311
2013-05-01 00:00:00,2.578573984122431e-05,2.0823779012245834e-05,0.10297964373207182
2013-05-01 01:00:00,2.7397735157836122e-05,2.2178287557291814e-05,0.09509313203862033
2013-05-01 02:00:00,3.006826096604512e-05,2.421518845289703e-05,0.09509313203862033
2013-05-01 03:00:00,3.674352432127362e-05,2.98136250916769e-05,0.09903638788534606
2013-05-01 04:00:00,4.1955718735711505e-05,3.34559795228817e-05,0.11150850691606448
2013-05-01 05:00:00,1.3594617809241614e-07,6.683059409430872e-07,0.1271455376225515
2013-05-01 06:00:00,3.8190929287661264e-08,1.620479595196419e-07,0.1427104866890336
2013-05-01 07:00:00,1.5714154501095633e-08,5.415210045674928e-08,0.15422458134090458
2013-05-01 08:00:00,2.6674912415592577e-08,7.863002977748714e-08,0.1568908121111982
2013-05-01 09:00:00,2.6577358944587567e-08,7.522778267333021e-08,0.1833117173122027
2013-05-01 10:00:00,2.700268738845697e-08,7.464929527799351e-08,0.18110775521142045
2013-05-01 11:00:00,2.8440322342044625e-08,7.745913135199975e-08,0.16048660116305297
2013-05-01 12:00:00,2.9827325140661945e-08,8.193744362959933e-08,0.13051083721915036
2013-05-01 13:00:00,1.2376873470319004e-08,4.265062593685432e-08,0.12941833219186033
2013-05-01 14:00:00,3.070844552727883e-08,9.482581517130545e-08,0.13512690173860056
2013-05-01 15:00:00,4.308190794088456e-08,1.8190272579536848e-07,0.1360848502500943
2013-05-01 16:00:00,2.514541684365748e-07,3.2680358186147096e-06,0.1331391810105962
2013-05-01 17:00:00,0.0003297084354197814,0.00026502657960116065,0.13245378734323235
2013-05-01 18:00:00,0.00021795641934815082,0.00017219295519067874,0.19811101423558786
2013-05-01 19:00:00,0.00011713131134216769,9.272957223333164e-05,0.2063669828128347
2013-05-01 20:00:00,8.491954003826068e-05,6.685308291347928e-05,0.17307226614602444
2013-05-01 21:00:00,3.51074463395221e-05,2.86344631437536e-05,0.13648807262539275
2013-05-01 22:00:00,1.3288011113439749e-05,1.0717347813661045e-05,0.13920552098313085
2013-05-01 23:00:00,1.7033596314738132e-05,1.3793257803535601e-05,0.12269592296570052
2013-05-02 00:00:00,1.9145119366628395e-05,1.553250757281654e-05,0.10297964373207182
2013-05-02 01:00:00,2.0902616798597017e-05,1.6958540242354293e-05,0.09509313203862033
2013-05-02 02:00:00,2.266775676805429e-05,1.8356230710805205e-05,0.09509313203862033
2013-05-02 03:00:00,1.5036517256193613e-05,1.1941024249423256e-05,0.09903638788534606
2013-05-02 04:00:00,4.520828690731479e-05,3.65045844817639e-05,0.11150850691606448
2013-05-02 05:00:00,4.5300790453492627e-07,2.9965069718229463e-06,0.1271455376225515
2013-05-02 06:00:00,1.54471115461567e-07,6.238603900264783e-07,0.1427104866890336
2013-05-02 07:00:00,7.203064601459209e-08,2.3836412488820166e-07,0.15422458134090458
2013-05-02 08:00:00,3.09882564011305e-08,1.315790373961835e-07,0.1568908121111982
2013-05-02 09:00:00,2.5176694447554467e-08,8.588096963450734e-08,0.1833117173122027
2013-05-02 10:00:00,2.3879083960132755e-08,8.128587975667018e-08,0.18110775521142045
2013-05-02 11:00:00,2.9238271111401066e-08,1.0075678166819023e-07,0.16048660116305297
2013-05-02 12:00:00,3.637552873649795e-08,1.2364836749481847e-07,0.13051083721915036
2013-05-02 13:00:00,4.23728568179784e-08,1.7975894182094662e-07,0.12941833219186033
2013-05-02 14:00:00,7.449545716769465e-08,3.09390605082013e-07,0.13512690173860056
2013-05-02 15:00:00,1.6964278353000642e-07,6.967236276641404e-07,0.1360848502500943
2013-05-02 16:00:00,5.526798166236003e-07,1.0531268217141449e-05,0.1331391810105962
2013-05-02 17:00:00,0.0002071322539441433,0.0001655403178893039,0.13245378734323235
2013-05-02 18:00:00,0.0006757853279496577,0.0004975205919256705,0.19811101423558786
2013-05-02 19:00:00,0.0001663856372671362,0.00013173486893905252,0.2063669828128347
2013-05-02 20:00:00,0.0001539917747860028,0.00012311622912578225,0.17307226614602444
2013-05-02 21:00:00,9.128860893715483e-05,7.49195142823678e-05,0.13648807262539275
2013-05-02 22:00:00,0.03433476394849785,0.25187969924812026,0.13920552098313085
2013-05-02 23:00:00,0.04166666666666667,0.25,0.12269592296570052
2013-05-03 00:00:00,0.03980099502487562,0.24683544303797464,0.10297964373207182
2013-05-03 01:00:00,0.04347826086956521,0.24425887265135696,0.09509313203862033
2013-05-03 02:00:00,0.039325842696629205,0.23493975903614453,0.09509313203862033
2013-05-03 03:00:00,0.0001615722837315251,0.00013140531211947213,0.09903638788534606
2013-05-03 04:00:00,0.00012733176290825746,0.0001023895046595549,0.11150850691606448
2013-05-03 05:00:00,2.463339655494559e-07,1.324215532172173e-06,0.1271455376225515
2013-05-03 06:00:00,5.583569720736923e-08,2.606152685814481e-07,0.1427104866890336
2013-05-03 07:00:00,2.487717000962622e-08,1.0602802546906268e-07,0.15422458134090458
2013-05-03 08:00:00,1.9717586455159102e-08,6.655511807027694e-08,0.1568908121111982
2013-05-03 09:00:00,1.757363565688332e-08,5.8735457608513114e-08,0.1833117173122027
2013-05-03 10:00:00,1.6450104784151625e-08,5.570031655232568e-08,0.18110775521142045
2013-05-03 11:00:00,1.601725900234559e-08,5.373566034237202e-08,0.16048660116305297
2013-05-03 12:00:00,1.664729365612924e-08,5.538591516423063e-08,0.13051083721915036
2013-05-03 13:00:00,1.8976579889465724e-08,6.268574373547669e-08,0.12941833219186033
2013-05-03 14:00:00,2.393754541201714e-08,9.870516849084127e-08,0.13512690173860056
2013-05-03 15:00:00,3.612477975775421e-08,1.483986112937101e-07,0.1360848502500943
2013-05-03 16:00:00,2.2145257609691832e-07,3.979377257416324e-06,0.1331391810105962
2013-05-03 17:00:00,2.1658464425701444e-06,0.000111770774740627,0.13245378734323235
2013-05-03 18:00:00,0.0002848814827036243,0.00020600462138136187,0.19811101423558786
2013-05-03 19:00:00,0.00017251936029205064,0.00013356329986071916,0.2063669828128347
2013-05-03 20:00:00,0.00020767754204728523,0.00015961496234223816,0.17307226614602444
2013-05-03 21:00:00,0.0001352546085533695,0.00010732326361865295,0.13648807262539275
2013-05-03 22:00:00,7.226426728353122e-05,5.971993944917444e-05,0.13920552098313085
2013-05-03 23:00:00,8.004119134742776e-05,6.534133848500722e-05,0.12269592296570052
2013-05-04 00:00:00,4.518119005905923e-05,3.64751545432034e-05,0.10297964373207182
2013-05-04 01:00:00,5.4529976023088155e-05,4.4268717474110136e-05,0.09509313203862033
2013-05-04 02:00:00,6.824360318076304e-05,5.571103969350356e-05,0.09509313203862033
2013-05-04 03:00:00,0.00012615231668373805,0.00010300992744025993,0.09903638788534606
2013-05-04 04:00:00,0.00013563851323993847,0.00010958296983241721,0.11150850691606448
2013-05-04 05:00:00,1.366210832699355e-07,7.032402017331722e-07,0.1271455376225515
2013-05-04 06:00:00,3.5895078112356336e-08,1.546206701921623e-07,0.1427104866890336
2013-05-04 07:00:00,1.5657557689370997e-08,5.3957050215007377e-08,0.15422458134090458
2013-05-04 08:00:00,1.2249082070632116e-08,4.2210335346235176e-08,0.1568908121111982
2013-05-04 09:00:00,2.440874841274486e-08,7.087111882401496e-08,0.1833117173122027
2013-05-04 10:00:00,2.468018795443939e-08,6.988968297934966e-08,0.18110775521142045
2013-05-04 11:00:00,2.5433209257845856e-08,7.131724520880048e-08,0.16048660116305297
2013-05-04 12:00:00,2.6462518217955274e-08,7.51489143842227e-08,0.13051083721915036
2013-05-04 13:00:00,2.6978746372926757e-08,7.979181199166008e-08,0.12941833219186033
2013-05-04 14:00:00,2.5314481807494503e-08,8.723527130220262e-08,0.13512690173860056
2013-05-04 15:00:00,4.507494746740247e-08,1.94163607640602e-07,0.1360848502500943
2013-05-04 16:00:00,2.816070964988318e-07,5.246345806424456e-06,0.1331391810105962
2013-05-04 17:00:00,2.3058423126676057e-06,0.00010773759490962208,0.13245378734323235
2013-05-04 18:00:00,0.022792022792022793,0.23879231473010065,0.19811101423558786
2013-05-04 19:00:00,0.00011672637004334439,9.511584056869919e-05,0.2063669828128347
2013-05-04 20:00:00,9.465147290871165e-05,7.777917412200458e-05,0.17307226614602444
2013-05-04 21:00:00,8.838846613012904e-05,7.26087289151335e-05,0.13648807262539275
2013-05-04 22:00:00,7.508000713260068e-05,6.142330970729601e-05,0.13920552098313085
2013-05-04 23:00:00,4.456697267000036e-05,3.620176899002505e-05,0.12269592296570052
2013-05-05 00:00:00,3.2284691225840087e-05,2.6353101441485698e-05,0.10297964373207182
2013-05-05 01:00:00,2.2634490024362945e-05,1.8302033764037073e-05,0.09509313203862033
2013-05-05 02:00:00,1.3015329074970732e-05,1.0510451054784871e-05,0.09509313203862033
2013-05-05 03:00:00,9.601255397635993e-06,7.648529922357359e-06,0.09903638788534606
2013-05-05 04:00:00,1.0331983052729978e-05,8.255520350034062e-06,0.11150850691606448
2013-05-05 05:00:00,1.5430958112818515e-07,4.1994576652392804e-07,0.1271455376225515
2013-05-05 06:00:00,7.023168308542954e-08,1.8499707627537368e-07,0.1427104866890336
2013-05-05 07:00:00,2.8189801879676263e-08,8.183306641603381e-08,0.15422458134090458
2013-05-05 08:00:00,2.516683852261799e-08,7.367210949458336e-08,0.1568908121111982
2013-05-05 09:00:00,2.6811326283920682e-08,7.826598960715708e-08,0.1833117173122027
2013-05-05 10:00:00,2.639784334899407e-08,7.860475382882528e-08,0.18110775521142045
2013-05-05 11:00:00,2.656815195920195e-08,9.062213694226026e-08,0.16048660116305297
2013-05-05 12:00:00,4.1109114875331164e-08,1.2501051650970139e-07,0.13051083721915036
2013-05-05 13:00:00,7.183273833078964e-08,1.9275665777881785e-07,0.12941833219186033
2013-05-05 14:00:00,9.000764794984631e-08,2.1686563501334713e-07,0.13512690173860056
2013-05-05 15:00:00,1.326916013647066e-07,3.0955010838510113e-07,0.1360848502500943
2013-05-05 16:00:00,3.2383119767737903e-07,8.808463098447364e-07,0.1331391810105962
2013-05-05 17:00:00,1.5834286065207727e-05,1.2923983827659646e-05,0.13245378734323235
2013-05-05 18:00:00,3.543997322121048e-05,2.8247474107618452e-05,0.19811101423558786
2013-05-05 19:00:00,3.569945240522884e-05,2.8454212168604096e-05,0.2063669828128347
2013-05-05 20:00:00,2.968898560900645e-05,2.4087838533568077e-05,0.17307226614602444
2013-05-05 21:00:00,1.817050660999638e-05,1.4750190448591592e-05,0.13648807262539275
2013-05-05 22:00:00,3.390739255330083e-05,2.7543275181996565e-05,0.13920552098313085
2013-05-05 23:00:00,2.2387992871663064e-05,1.7491076187475886e-05,0.12269592296570052
2013-05-06 00:00:00,1.1625338587986378e-05,8.273234413640024e-06,0.10297964373207182
2013-05-06 01:00:00,1.0833884055772838e-05,7.709970774070785e-06,0.09509313203862033
2013-05-06 02:00:00,1.3595148707135342e-05,9.80414584647361e-06,0.09509313203862033
2013-05-06 03:00:00,3.852623072513884e-05,3.0499522880149013e-05,0.09903638788534606
2013-05-06 04:00:00,5.293513280702978e-05,4.1950283128247074e-05,0.11150850691606448
2013-05-06 05:00:00,4.1430547073801895e-07,3.4215035284030037e-06,0.1271455376225515
2013-05-06 06:00:00,9.963016948984802e-08,3.9942568976622654e-07,0.1427104866890336
2013-05-06 07:00:00,7.900957598694615e-08,3.180403220425415e-07,0.15422458134090458
2013-05-06 08:00:00,8.129185107723084e-08,2.657606649367271e-07,0.1568908121111982
2013-05-06 09:00:00,6.702482798468876e-08,2.1964401635337562e-07,0.1833117173122027
2013-05-06 10:00:00,4.646692384456858e-08,1.5767006529748084e-07,0.18110775521142045
2013-05-06 11:00:00,3.1938955882741535e-08,1.0862273326080231e-07,0.16048660116305297
2013-05-06 12:00:00,3.000585054073843e-08,1.0200947443596662e-07,0.13051083721915036
2013-05-06 13:00:00,3.926662458244362e-08,1.6441289650814303e-07,0.12941833219186033
2013-05-06 14:00:00,7.685339847905588e-08,3.117581714310798e-07,0.13512690173860056
2013-05-06 15:00:00,2.0445608980897308e-07,7.172026529703608e-07,0.1360848502500943
2013-05-06 16:00:00,9.478291158886968e-07,1.4705581060696433e-05,0.1331391810105962
2013-05-06 17:00:00,0.00022324705360976088,0.00016500531896560482,0.13245378734323235
2013-05-06 18:00:00,0.0001503861137178427,0.00010998633809547489,0.19811101423558786
2013-05-06 19:00:00,0.0001161655801660591,8.566376460719862e-05,0.2063669828128347
2013-05-06 20:00:00,4.868080908094763e-05,3.8919581771415464e-05,0.17307226614602444
2013-05-06 21:00:00,4.919678744977953e-05,3.930146867605341e-05,0.13648807262539275
2013-05-06 22:00:00,1.3022868156482782e-05,1.0750082721886548e-05,0.13920552098313085
2013-05-06 23:00:00,1.639249764020089e-05,1.3531717696758755e-05,0.12269592296570052
2013-05-07 00:00:00,1.862514275748625e-05,1.5326588616809084e-05,0.10297964373207182
2013-05-07 01:00:00,1.670871693762636e-05,1.3569143333846248e-05,0.09509313203862033
2013-05-07 02:00:00,2.8330661174369172e-05,2.3224533967905848e-05,0.09509313203862033
2013-05-07 03:00:00,3.235980718393768e-05,2.6444965164892544e-05,0.09903638788534606
2013-05-07 04:00:00,3.6557332294076575e-05,2.9932917007107415e-05,0.11150850691606448
2013-05-07 05:00:00,3.990948926928619e-07,5.293926869013142e-06,0.1271455376225515
2013-05-07 06:00:00,9.454581993926344e-08,3.78444610119085e-07,0.1427104866890336
2013-05-07 07:00:00,3.6708539567516876e-08,1.4768508212014225e-07,0.15422458134090458
2013-05-07 08:00:00,3.0621283488443575e-08,1.2413146250116785e-07,0.1568908121111982
2013-05-07 09:00:00,2.665152220568851e-08,8.819298742279806e-08,0.1833117173122027
2013-05-07 10:00:00,2.1850713319085556e-08,7.2569144122417e-08,0.18110775521142045
2013-05-07 11:00:00,2.1524867844845137e-08,7.187918374286459e-08,0.16048660116305297
2013-05-07 12:00:00,2.433426954298166e-08,8.052920789001558e-08,0.13051083721915036
2013-05-07 13:00:00,3.1196747477022844e-08,1.2650289231152864e-07,0.12941833219186033
2013-05-07 14:00:00,4.370541119318308e-08,1.7463035207539615e-07,0.13512690173860056
2013-05-07 15:00:00,1.0785399535014464e-07,4.684894326991187e-07,0.1360848502500943
2013-05-07 16:00:00,4.4443483971374177e-07,7.192824607414574e-06,0.1331391810105962
2013-05-07 17:00:00,2.7757037102831496e-06,3.9654344382464044e-05,0.13245378734323235
2013-05-07 18:00:00,0.0003194679733356731,0.00025505734054349536,0.19811101423558786
2013-05-07 19:00:00,0.0001844507977497003,0.00015103095040056036,0.2063669828128347
2013-05-07 20:00:00,0.00015942400537732862,0.000129520340845729,0.17307226614602444
2013-05-07 21:00:00,0.03404255319148936,0.24968152866242038,0.13648807262539275
2013-05-07 22:00:00,0.03846153846153846,0.2514285714285714,0.13920552098313085
2013-05-07 23:00:00,0.00014841474500491624,0.00012058816353985508,0.12269592296570052
2013-05-08 00:00:00,0.00012280362693466043,9.92335419052961e-05,0.10297964373207182
2013-05-08 01:00:00,9.83345560116753e-05,7.974908124367284e-05,0.09509313203862033
2013-05-08 02:00:00,5.994917777867498e-05,4.85325877943483e-05,0.09509313203862033
2013-05-08 03:00:00,8.027757150901766e-05,6.564063843859016e-05,0.09903638788534606
2013-05-08 04:00:00,0.0001044482859884895,8.51020450886108e-05,0.11150850691606448
2013-05-08 05:00:00,2.6445260897799223e-07,3.417423430675222e-06,0.1271455376225515
2013-05-08 06:00:00,4.3097714917493953e-08,1.856465374581618e-07,0.1427104866890336
2013-05-08 07:00:00,2.6775367279721127e-08,9.226958425962705e-08,0.15422458134090458
2013-05-08 08:00:00,2.354734015544518e-08,7.401187326225325e-08,0.1568908121111982
2013-05-08 09:00:00,1.2629220447096886e-08,4.3458925898956846e-08,0.1833117173122027
2013-05-08 10:00:00,2.312422180489939e-08,7.123908056278018e-08,0.18110775521142045
2013-05-08 11:00:00,1.668330089084739e-08,5.462295620271969e-08,0.16048660116305297
2013-05-08 12:00:00,2.4312968985015237e-08,7.308728407789406e-08,0.13051083721915036
2013-05-08 13:00:00,2.4680829670276586e-08,7.496550485720715e-08,0.12941833219186033
2013-05-08 14:00:00,2.6562803507699668e-08,8.974671994809769e-08,0.13512690173860056
2013-05-08 15:00:00,4.353671490350857e-08,1.8032943880252404e-07,0.1360848502500943
2013-05-08 16:00:00,2.547893203527638e-07,3.067217474551396e-06,0.1331391810105962
2013-05-08 17:00:00,2.136592348862799e-06,2.9798764685115042e-05,0.13245378734323235
2013-05-08 18:00:00,0.0002286842567622214,0.00018109896890966683,0.19811101423558786
2013-05-08 19:00:00,0.00013669415856735977,0.00011074040715235374,0.2063669828128347
2013-05-08 20:00:00,0.00012378746101035054,0.0001009879235615456,0.17307226614602444
2013-05-08 21:00:00,0.00014908814207131838,0.00012221822588023314,0.13648807262539275
2013-05-08 22:00:00,0.0001387555935848664,0.00011353328320877498,0.13920552098313085
2013-05-08 23:00:00,0.00010436046825462515,8.43630857420977e-05,0.12269592296570052
2013-05-09 00:00:00,0.00010863043758011493,8.840556050883427e-05,0.10297964373207182
2013-05-09 01:00:00,9.013482271903552e-05,7.22396722219925e-05,0.09509313203862033
2013-05-09 02:00:00,0.00011409978222679498,9.224421300607924e-05,0.09509313203862033
2013-05-09 03:00:00,0.0001235564488229189,9.904226133291075e-05,0.09903638788534606
2013-05-09 04:00:00,0.00015619432526492024,0.00012720144109448032,0.11150850691606448
2013-05-09 05:00:00,2.56611136872018e-07,2.49793552975335e-06,0.1271455376225515
2013-05-09 06:00:00,3.868706919530509e-08,1.6343297100679485e-07,0.1427104866890336
2013-05-09 07:00:00,1.560896788275355e-08,5.3344478773098324e-08,0.15422458134090458
2013-05-09 08:00:00,1.1967412806731746e-08,4.0606024202144665e-08,0.1568908121111982
2013-05-09 09:00:00,1.125453958888405e-08,3.803612741748949e-08,0.1833117173122027
2013-05-09 10:00:00,1.1545112011427167e-08,3.908183424902641e-08,0.18110775521142045
2013-05-09 11:00:00,2.2958991831179228e-08,6.684899898261673e-08,0.16048660116305297
2013-05-09 12:00:00,2.3659742989890237e-08,6.963415762941512e-08,0.13051083721915036
2013-05-09 13:00:00,2.4417883755734234e-08,7.301208623822565e-08,0.12941833219186033
2013-05-09 14:00:00,2.6440551069382362e-08,8.660899811338899e-08,0.13512690173860056
2013-05-09 15:00:00,3.869502823060277e-08,1.541735758269894e-07,0.1360848502500943
2013-05-09 16:00:00,2.2202091092848535e-07,3.4884355780384193e-06,0.1331391810105962
2013-05-09 17:00:00,1.5633421284355912e-06,1.6602720452273555e-05,0.13245378734323235
2013-05-09 18:00:00,5.91648504850442e-05,4.698059184339344e-05,0.19811101423558786
2013-05-09 19:00:00,5.4954808828873055e-05,4.363672903482862e-05,0.2063669828128347
2013-05-09 20:00:00,6.29084011484619e-05,4.9680969790973375e-05,0.17307226614602444
2013-05-09 21:00:00,3.7806083871342987e-05,3.102262364882274e-05,0.13648807262539275
2013-05-09 22:00:00,4.0238727427890245e-05,3.2915657155217313e-05,0.13920552098313085
2013-05-09 23:00:00,5.179405246018152e-05,4.236918083079911e-05,0.12269592296570052
2013-05-10 00:00:00,7.040297882825976e-05,5.759452922496277e-05,0.10297964373207182
2013-05-10 01:00:00,7.69898926089703e-05,6.288573128689716e-05,0.09509313203862033
2013-05-10 02:00:00,7.114880096258024e-05,5.8461773307978255e-05,0.09509313203862033
2013-05-10 03:00:00,6.846851531658022e-05,5.599995207445963e-05,0.09903638788534606
2013-05-10 04:00:00,7.111322955927096e-05,5.806170948693669e-05,0.11150850691606448
2013-05-10 05:00:00,2.3102061674187928e-07,2.626394087992214e-06,0.1271455376225515
2013-05-10 06:00:00,3.3233165249953454e-08,1.431542916287121e-07,0.1427104866890336
2013-05-10 07:00:00,2.1492827768148872e-08,7.406560819217967e-08,0.15422458134090458
2013-05-10 08:00:00,2.372418790562727e-08,7.001468426724972e-08,0.1568908121111982
2013-05-10 09:00:00,2.3185945264266622e-08,6.65767071104073e-08,0.1833117173122027
2013-05-10 10:00:00,2.3034882644183392e-08,6.599178898815308e-08,0.18110775521142045
2013-05-10 11:00:00,2.342984869003716e-08,6.758101356365304e-08,0.16048660116305297
2013-05-10 12:00:00,2.391288554924718e-08,7.054112875822854e-08,0.13051083721915036
2013-05-10 13:00:00,2.0734622132937406e-08,6.47873589355385e-08,0.12941833219186033
2013-05-10 14:00:00,2.881645350335553e-08,1.2283836215844693e-07,0.13512690173860056
2013-05-10 15:00:00,6.829336219592935e-08,3.168200438101637e-07,0.1360848502500943
2013-05-10 16:00:00,3.411494074064219e-07,1.0529679984484642e-05,0.1331391810105962
2013-05-10 17:00:00,2.6384336674689707e-06,8.254443309906528e-05,0.13245378734323235
2013-05-10 18:00:00,0.00025982697098441354,0.0002078166517471037,0.19811101423558786
2013-05-10 19:00:00,0.0003098312264809933,0.00024782489900711984,0.2063669828128347
2013-05-10 20:00:00,0.00022286485340220085,0.0001778262085787748,0.17307226614602444
2013-05-10 21:00:00,0.00012776068242901102,0.00010184350796802534,0.13648807262539275
2013-05-10 22:00:00,5.07383312162863e-05,4.148531614824796e-05,0.13920552098313085
2013-05-10 23:00:00,5.255657164927411e-05,4.3155865396304905e-05,0.12269592296570052
2013-05-11 00:00:00,4.260011985471922e-05,3.495127533320216e-05,0.10297964373207182
2013-05-11 01:00:00,3.7250510520339406e-05,3.0436216380872277e-05,0.09509313203862033
2013-05-11 02:00:00,3.449289910605903e-05,2.8304098167648505e-05,0.09509313203862033
2013-05-11 03:00:00,3.98517096907822e-05,3.2775286803456225e-05,0.09903638788534606
2013-05-11 04:00:00,4.995178995009422e-05,4.088877581375577e-05,0.11150850691606448
2013-05-11 05:00:00,2.4535772450829857e-07,1.1023570731220344e-06,0.1271455376225515
2013-05-11 06:00:00,1.0304811515723047e-07,4.0519996902111166e-07,0.1427104866890336
2013-05-11 07:00:00,7.602971606246359e-08,2.483886664970862e-07,0.15422458134090458
2013-05-11 08:00:00,4.060412358019308e-08,1.3373916035746604e-07,0.1568908121111982
2013-05-11 09:00:00,3.22763766746114e-08,1.0765854928382304e-07,0.1833117173122027
2013-05-11 10:00:00,2.8764622046169958e-08,9.766578648225186e-08,0.18110775521142045
2013-05-11 11:00:00,2.7122855741612928e-08,9.216991353045e-08,0.16048660116305297
2013-05-11 12:00:00,4.614209056892583e-08,1.426444729157049e-07,0.13051083721915036
2013-05-11 13:00:00,6.710843102904158e-08,2.206252751955581e-07,0.12941833219186033
2013-05-11 14:00:00,8.838147447697684e-08,2.812785431796669e-07,0.13512690173860056
2013-05-11 15:00:00,1.1625766123455329e-07,4.3337739818411994e-07,0.1360848502500943
2013-05-11 16:00:00,5.955481879627502e-07,9.813667640870292e-06,0.1331391810105962
2013-05-11 17:00:00,8.46886457226941e-05,6.973203014862999e-05,0.13245378734323235
2013-05-11 18:00:00,6.480181445080461e-05,5.3374288883770517e-05,0.19811101423558786
2013-05-11 19:00:00,5.115801675263156e-05,4.1838740650014465e-05,0.2063669828128347
2013-05-11 20:00:00,4.364795219278473e-05,3.569578557292567e-05,0.17307226614602444
2013-05-11 21:00:00,4.544836992652351e-05,3.7193862547756345e-05,0.13648807262539275
2013-05-11 22:00:00,4.784359355144909e-05,3.9105209547134364e-05,0.13920552098313085
2013-05-11 23:00:00,4.184923030110957e-05,3.418957029473899e-05,0.12269592296570052
2013-05-12 00:00:00,3.812226573065134e-05,3.123122283019271e-05,0.10297964373207182
2013-05-12 01:00:00,3.95283460744952e-05,3.2313507953146186e-05,0.09509313203862033
2013-05-12 02:00:00,3.3545958802207996e-05,2.7342964441041772e-05,0.09509313203862033
2013-05-12 03:00:00,3.014182920449764e-05,2.4669741287112172e-05,0.09903638788534606
2013-05-12 04:00:00,2.898032718789395e-05,2.3446849954786666e-05,0.11150850691606448
2013-05-12 05:00:00,2.0814197280708382e-07,5.042612597757349e-07,0.1271455376225515
2013-05-12 06:00:00,7.141214323504912e-08,2.591915277132247e-07,0.1427104866890336
2013-05-12 07:00:00,4.5914202272875444e-08,1.3390846274144883e-07,0.15422458134090458
2013-05-12 08:00:00,2.5678574960292582e-08,7.293164642799804e-08,0.1568908121111982
2013-05-12 09:00:00,2.556131791445668e-08,7.339443009853468e-08,0.1833117173122027
2013-05-12 10:00:00,2.656985956049042e-08,8.180792487071051e-08,0.18110775521142045
2013-05-12 11:00:00,2.634377210571777e-08,8.329488927131424e-08,0.16048660116305297
2013-05-12 12:00:00,2.8440904727363288e-08,9.109243617486054e-08,0.13051083721915036
2013-05-12 13:00:00,4.712350506766959e-08,1.4988968868361325e-07,0.12941833219186033
2013-05-12 14:00:00,4.861677811684919e-08,1.539417358752364e-07,0.13512690173860056
2013-05-12 15:00:00,5.883261732076967e-08,2.2464237944083732e-07,0.1360848502500943
2013-05-12 16:00:00,2.4516030787371545e-07,2.4952942493398824e-06,0.1331391810105962
2013-05-12 17:00:00,1.5549759814522467e-06,2.392285122396744e-05,0.13245378734323235
2013-05-12 18:00:00,4.436114407390567e-05,3.648510881332885e-05,0.19811101423558786
2013-05-12 19:00:00,3.524301144136085e-05,2.8764340167609827e-05,0.2063669828128347
2013-05-12 20:00:00,2.1489106789085886e-05,1.760244912870088e-05,0.17307226614602444
2013-05-12 21:00:00,1.7478138960663493e-05,1.4396279655332057e-05,0.13648807262539275
2013-05-12 22:00:00,1.4764624099618481e-05,1.2213298047688648e-05,0.13920552098313085
2013-05-12 23:00:00,1.3332563007470679e-05,1.0950106463077778e-05,0.12269592296570052
2013-05-13 00:00:00,9.871459155754288e-06,8.102602092786367e-06,0.10297964373207182
2013-05-13 01:00:00,8.930504045462516e-06,7.37933487706783e-06,0.09509313203862033
2013-05-13 02:00:00,1.0353982898012339e-05,8.49443305269894e-06,0.09509313203862033
2013-05-13 03:00:00,1.0844016020835122e-05,8.883389800023236e-06,0.09903638788534606
2013-05-13 04:00:00,7.735489493297888e-06,6.336250417786562e-06,0.11150850691606448
2013-05-13 05:00:00,2.8974988065926803e-07,3.496804956652989e-06,0.1271455376225515
2013-05-13 06:00:00,3.904078712056926e-08,1.2365031253069877e-07,0.1427104866890336
2013-05-13 07:00:00,2.5166765051940184e-08,6.835560337055327e-08,0.15422458134090458
2013-05-13 08:00:00,1.302411420606104e-08,3.704566250212295e-08,0.1568908121111982
2013-05-13 09:00:00,1.134122282096507e-08,3.3113758758485715e-08,0.1833117173122027
2013-05-13 10:00:00,1.0695639070825126e-08,3.281798108998394e-08,0.18110775521142045
2013-05-13 11:00:00,1.0483236254284966e-08,3.2797389416355406e-08,0.16048660116305297
2013-05-13 12:00:00,1.1003146586334015e-08,3.473605422756581e-08,0.13051083721915036
2013-05-13 13:00:00,1.876249758237401e-08,5.945979350565072e-08,0.12941833219186033
2013-05-13 14:00:00,2.326998483308928e-08,7.241255590996071e-08,0.13512690173860056
2013-05-13 15:00:00,4.4779744724333157e-08,1.6012658292922863e-07,0.1360848502500943
2013-05-13 16:00:00,1.8541895900511977e-07,2.514868794314254e-06,0.1331391810105962
2013-05-13 17:00:00,1.2008250869172208e-06,1.4514685143464278e-05,0.13245378734323235
2013-05-13 18:00:00,6.845552644804308e-05,5.469149543482811e-05,0.19811101423558786
2013-05-13 19:00:00,7.272349949027034e-05,5.79678394426772e-05,0.2063669828128347
2013-05-13 20:00:00,4.851821413365282e-05,3.972269098468982e-05,0.17307226614602444
2013-05-13 21:00:00,4.673444507462221e-05,3.8490499695110166e-05,0.13648807262539275
2013-05-13 22:00:00,6.755662414352491e-05,5.517975194619246e-05,0.13920552098313085
2013-05-13 23:00:00,0.00012539515147107322,0.00010326743438843253,0.12269592296570052
2013-05-14 00:00:00,8.590573277590058e-05,7.028170413052032e-05,0.10297964373207182
2013-05-14 01:00:00,5.219827223718895e-05,4.241087833219512e-05,0.09509313203862033
2013-05-14 02:00:00,6.297674500826431e-05,5.080194016926011e-05,0.09509313203862033
2013-05-14 03:00:00,5.6340068654397955e-05,4.535337993040373e-05,0.09903638788534606
2013-05-14 04:00:00,5.548607163160887e-05,4.484128372939489e-05,0.11150850691606448
2013-05-14 05:00:00,1.714344766115715e-07,7.064497695601608e-07,0.1271455376225515
2013-05-14 06:00:00,3.794055961288387e-08,1.6088811785582346e-07,0.1427104866890336
2013-05-14 07:00:00,1.537464410005105e-08,5.2573440677171155e-08,0.15422458134090458
2013-05-14 08:00:00,1.0793311993300548e-08,3.696600104730226e-08,0.1568908121111982
2013-05-14 09:00:00,2.3184435008997648e-08,6.46760760979358e-08,0.1833117173122027
2013-05-14 10:00:00,2.312627053562235e-08,6.535894154396756e-08,0.18110775521142045
2013-05-14 11:00:00,2.2275790548315247e-08,6.336477522522197e-08,0.16048660116305297
2013-05-14 12:00:00,1.0976940275044254e-08,3.717266581063903e-08,0.13051083721915036
2013-05-14 13:00:00,1.2668950109788488e-08,4.275294964356652e-08,0.12941833219186033
2013-05-14 14:00:00,2.3485634725778088e-08,7.866811318096824e-08,0.13512690173860056
2013-05-14 15:00:00,3.4753196410759386e-08,1.4354567815830204e-07,0.1360848502500943
2013-05-14 16:00:00,1.6662972247676893e-07,2.4820845849438762e-06,0.1331391810105962
2013-05-14 17:00:00,1.1630253312732276e-06,4.423705120494608e-05,0.13245378734323235
2013-05-14 18:00:00,0.3347504329098734,0.3253340499620771,0.19811101423558786
2013-05-14 19:00:00,0.33626618254347046,0.3296834168971176,0.2063669828128347
2013-05-14 20:00:00,0.0004407919930134469,0.0003337939911283686,0.17307226614602444
2013-05-14 21:00:00,0.0001267074557871082,0.00010417487372079384,0.13648807262539275
2013-05-14 22:00:00,0.00017507884543895626,0.00014273304954927357,0.13920552098313085
2013-05-14 23:00:00,0.00020746187284999544,0.00016967993578267048,0.12269592296570052
2013-05-15 00:00:00,0.2213225371120108,0.2833876221498371,0.10297964373207182
2013-05-15 01:00:00,0.02985074626865672,0.2718855218855219,0.09509313203862033
2013-05-15 02:00:00,0.03418803418803419,0.2562277580071175,0.09509313203862033
2013-05-15 03:00:00,0.00025306991056279294,0.0002101161864690364,0.09903638788534606
2013-05-15 04:00:00,0.0004160664863711893,0.00033285544801154535,0.11150850691606448
2013-05-15 05:00:00,1.743569106884622e-07,8.377865056514189e-07,0.1271455376225515
2013-05-15 06:00:00,3.0767495798031816e-08,1.0491454068060003e-07,0.1427104866890336
2013-05-15 07:00:00,2.0076918959610315e-08,6.8717576327418e-08,0.15422458134090458
2013-05-15 08:00:00,1.0681162570845816e-08,3.6499658979123705e-08,0.1568908121111982
2013-05-15 09:00:00,9.840311038849115e-09,3.3318783159555824e-08,0.1833117173122027
2013-05-15 10:00:00,9.833812695644934e-09,3.3184739398603e-08,0.18110775521142045
2013-05-15 11:00:00,9.925126384946554e-09,3.3425978306832554e-08,0.16048660116305297
2013-05-15 12:00:00,1.0018195898938304e-08,3.386438746131941e-08,0.13051083721915036
2013-05-15 13:00:00,1.1219848522395879e-08,3.7751729891620116e-08,0.12941833219186033
2013-05-15 14:00:00,2.1609563563025757e-08,7.159612853003817e-08,0.13512690173860056
2013-05-15 15:00:00,3.356416190640144e-08,1.352311065803682e-07,0.1360848502500943
2013-05-15 16:00:00,1.973362662764803e-07,2.8181344547354156e-06,0.1331391810105962
2013-05-15 17:00:00,1.255481944207952e-06,1.8285485137218804e-05,0.13245378734323235
2013-05-15 18:00:00,4.742027932556292e-05,3.782694724358577e-05,0.19811101423558786
2013-05-15 19:00:00,3.391032261047829e-05,2.7110876630504633e-05,0.2063669828128347
2013-05-15 20:00:00,2.906930885413925e-05,2.322219330100442e-05,0.17307226614602444
2013-05-15 21:00:00,1.2371985959660208e-05,1.0083151369796114e-05,0.13648807262539275
2013-05-15 22:00:00,1.637753812846853e-05,1.3357417303526452e-05,0.13920552098313085
2013-05-15 23:00:00,1.2462661778764562e-05,1.0246117462634832e-05,0.12269592296570052
2013-05-16 00:00:00,1.4134113010451026e-05,1.1555838031596327e-05,0.10297964373207182
2013-05-16 01:00:00,1.7103103207167207e-05,1.4006765872525031e-05,0.09509313203862033
2013-05-16 02:00:00,1.3603789627110409e-05,1.11437757292263e-05,0.09509313203862033
2013-05-16 03:00:00,2.0436343284867016e-05,1.677847318988561e-05,0.09903638788534606
2013-05-16 04:00:00,2.4137048986729626e-05,1.9282585225046347e-05,0.11150850691606448
2013-05-16 05:00:00,2.7255747870976873e-07,3.2924268890152297e-06,0.1271455376225515
2013-05-16 06:00:00,5.759240701705888e-08,2.39126286877243e-07,0.1427104866890336
2013-05-16 07:00:00,3.2255452518140706e-08,9.072384861815597e-08,0.15422458134090458
2013-05-16 08:00:00,2.5347524488518007e-08,5.417202217296983e-08,0.1568908121111982
2013-05-16 09:00:00,2.186767209752247e-08,4.705219587396262e-08,0.1833117173122027
2013-05-16 10:00:00,2.4452802122398885e-08,7.089617072648666e-08,0.18110775521142045
2013-05-16 11:00:00,2.926390481021437e-08,7.908963245841678e-08,0.16048660116305297
2013-05-16 12:00:00,4.4990536915417894e-08,1.0900553397478122e-07,0.13051083721915036
2013-05-16 13:00:00,6.863892220418799e-08,1.817596111604521e-07,0.12941833219186033
2013-05-16 14:00:00,1.2880948413926961e-07,2.4377629222536765e-07,0.13512690173860056
2013-05-16 15:00:00,3.0248224710085885e-07,2.834553816235455e-06,0.1360848502500943
2013-05-16 16:00:00,5.298408344887176e-07,4.929034048369421e-06,0.1331391810105962
2013-05-16 17:00:00,6.810201649250328e-06,7.537539783034918e-06,0.13245378734323235
2013-05-16 18:00:00,2.1301077613723396e-05,1.701641315008113e-05,0.19811101423558786
2013-05-16 19:00:00,1.737647891909676e-05,1.3948985662920016e-05,0.2063669828128347
2013-05-16 20:00:00,1.0696867322898747e-05,8.782944075743513e-06,0.17307226614602444
2013-05-16 21:00:00,9.430748692049464e-06,7.745541213080218e-06,0.13648807262539275
2013-05-16 22:00:00,1.1472501531280965e-05,9.356853747630344e-06,0.13920552098313085
2013-05-16 23:00:00,9.422184533484089e-06,7.614878496315326e-06,0.12269592296570052
2013-05-17 00:00:00,8.793041122122314e-06,7.143517324081467e-06,0.10297964373207182
2013-05-17 01:00:00,7.374317919487197e-06,5.908859015151476e-06,0.09509313203862033
2013-05-17 02:00:00,7.273266313070477e-06,5.827890326597056e-06,0.09509313203862033
2013-05-17 03:00:00,1.2053006604507934e-05,9.784183613124948e-06,0.09903638788534606
2013-05-17 04:00:00,8.803727928809534e-06,7.054408299746511e-06,0.11150850691606448
2013-05-17 05:00:00,5.253377856294374e-07,1.7580203560142895e-06,0.1271455376225515
2013-05-17 06:00:00,1.4667312712900628e-07,4.879023070549299e-07,0.1427104866890336
2013-05-17 07:00:00,5.660036901931259e-08,2.0463034823583405e-07,0.15422458134090458
2013-05-17 08:00:00,3.448860622333794e-08,1.3076761005558986e-07,0.1568908121111982
2013-05-17 09:00:00,2.7824768143163254e-08,8.681050521124185e-08,0.1833117173122027
2013-05-17 10:00:00,2.5404732317321877e-08,6.635382607109508e-08,0.18110775521142045
2013-05-17 11:00:00,2.609677253906913e-08,7.417117137971305e-08,0.16048660116305297
2013-05-17 12:00:00,2.826931494111601e-08,8.506288025322651e-08,0.13051083721915036
2013-05-17 13:00:00,3.604595614295725e-08,1.0742567633728718e-07,0.12941833219186033
2013-05-17 14:00:00,5.759903602253312e-08,2.0874406046608484e-07,0.13512690173860056
2013-05-17 15:00:00,8.463148391066629e-08,2.868902131783632e-07,0.1360848502500943
2013-05-17 16:00:00,2.745530454878937e-07,8.381226987932393e-07,0.1331391810105962
2013-05-17 17:00:00,1.6947364451801485e-06,8.159040088933537e-06,0.13245378734323235
2013-05-17 18:00:00,3.7112850727965104e-05,2.8955000189108013e-05,0.19811101423558786
2013-05-17 19:00:00,2.7804958500147213e-05,2.2147159692581397e-05,0.2063669828128347
2013-05-17 20:00:00,1.70081628325322e-05,1.3809951363961053e-05,0.17307226614602444
2013-05-17 21:00:00,8.864892430977543e-06,7.216272859965852e-06,0.13648807262539275
2013-05-17 22:00:00,7.398179293569621e-06,5.971563848832433e-06,0.13920552098313085
2013-05-17 23:00:00,5.100718259603541e-06,4.008432326874924e-06,0.12269592296570052
2013-05-18 00:00:00,4.76467848545165e-06,3.6984504606082015e-06,0.10297964373207182
2013-05-18 01:00:00,5.296850643945698e-06,4.138070025967071e-06,0.09509313203862033
2013-05-18 02:00:00,5.944796282022493e-06,4.644290712184117e-06,0.09509313203862033
2013-05-18 03:00:00,5.675285533630407e-06,4.41369215580574e-06,0.09903638788534606
2013-05-18 04:00:00,5.790616145685468e-06,4.495081945343863e-06,0.11150850691606448
2013-05-18 05:00:00,1.3312393825338997e-07,3.503626677734685e-07,0.1271455376225515
2013-05-18 06:00:00,3.106633936138024e-08,1.191087208761212e-07,0.1427104866890336
2013-05-18 07:00:00,1.3570910395295651e-08,4.309618067155798e-08,0.15422458134090458
2013-05-18 08:00:00,1.1055096533821514e-08,3.5236574352039264e-08,0.1568908121111982
2013-05-18 09:00:00,1.008260318860007e-08,3.2179609589896944e-08,0.1833117173122027
2013-05-18 10:00:00,2.4194201825660598e-08,6.241417660628032e-08,0.18110775521142045
2013-05-18 11:00:00,1.017696158771999e-08,3.2716643684587675e-08,0.16048660116305297
2013-05-18 12:00:00,2.6041923355937248e-08,6.508538840921816e-08,0.13051083721915036
2013-05-18 13:00:00,1.1562895270348009e-08,3.740103271825045e-08,0.12941833219186033
2013-05-18 14:00:00,1.4329985445105431e-08,4.6185572533532385e-08,0.13512690173860056
2013-05-18 15:00:00,3.178340768814357e-08,1.0101397066145187e-07,0.1360848502500943
2013-05-18 16:00:00,1.5586762679046533e-07,1.7343959861914332e-06,0.1331391810105962
2013-05-18 17:00:00,1.011993642655937e-06,1.4954604596749475e-05,0.13245378734323235
2013-05-18 18:00:00,0.00011935084782766902,9.514712479606252e-05,0.19811101423558786
2013-05-18 19:00:00,9.026529791651282e-05,7.184633236803868e-05,0.2063669828128347
2013-05-18 20:00:00,7.43817808177551e-05,5.9426209957161333e-05,0.17307226614602444
2013-05-18 21:00:00,3.0156430684864143e-05,2.4629454504053416e-05,0.13648807262539275
2013-05-18 22:00:00,3.632722541350359e-05,2.951998202971094e-05,0.13920552098313085
2013-05-18 23:00:00,3.7758239387237714e-05,3.063517413989317e-05,0.12269592296570052
2013-05-19 00:00:00,3.485016313643932e-05,2.8445367275685287e-05,0.10297964373207182
2013-05-19 01:00:00,3.101795767427353e-05,2.5373337593292333e-05,0.09509313203862033
2013-05-19 02:00:00,2.621393599295251e-05,2.152353332098134e-05,0.09509313203862033
2013-05-19 03:00:00,2.1485475051526777e-05,1.7616411042704304e-05,0.09903638788534606
2013-05-19 04:00:00,1.911840657367291e-05,1.5594243688619726e-05,0.11150850691606448
2013-05-19 05:00:00,1.0185761812478904e-07,3.879137090891215e-07,0.1271455376225515
2013-05-19 06:00:00,3.452635985722337e-08,1.3534066639741092e-07,0.1427104866890336
2013-05-19 07:00:00,1.4930132058212466e-08,4.883548668731813e-08,0.15422458134090458
2013-05-19 08:00:00,2.6112832294930446e-08,6.824582442828402e-08,0.1568908121111982
2013-05-19 09:00:00,2.5485496802678777e-08,6.29559188951488e-08,0.1833117173122027
2013-05-19 10:00:00,2.5931417287705748e-08,6.43790618560786e-08,0.18110775521142045
2013-05-19 11:00:00,2.7425478461469055e-08,6.536242163719696e-08,0.16048660116305297
2013-05-19 12:00:00,2.923726552626713e-08,6.854166445155715e-08,0.13051083721915036
2013-05-19 13:00:00,3.04097094066415e-08,7.578708391801489e-08,0.12941833219186033
2013-05-19 14:00:00,3.077055769035702e-08,8.607381604390111e-08,0.13512690173860056
2013-05-19 15:00:00,5.3565722865412625e-08,1.9397627121896733e-07,0.1360848502500943
2013-05-19 16:00:00,1.3589294489693965e-07,5.064568179723292e-07,0.1331391810105962
2013-05-19 17:00:00,1.2522395521740915e-06,6.792113325166204e-06,0.13245378734323235
2013-05-19 18:00:00,1.047632503322232e-05,8.613066721755318e-06,0.19811101423558786
2013-05-19 19:00:00,9.009841269421765e-06,7.363706456671086e-06,0.2063669828128347
2013-05-19 20:00:00,7.992395618765794e-06,6.513696774585135e-06,0.17307226614602444
2013-05-19 21:00:00,7.911102067061094e-06,6.437941038166524e-06,0.13648807262539275
2013-05-19 22:00:00,7.405837989888133e-06,6.063042027491573e-06,0.13920552098313085
2013-05-19 23:00:00,7.633364880536023e-06,6.225580297807733e-06,0.12269592296570052
2013-05-20 00:00:00,8.629393439935108e-06,7.0225070631115585e-06,0.10297964373207182
2013-05-20 01:00:00,9.125321032052951e-06,7.442440264917969e-06,0.09509313203862033
2013-05-20 02:00:00,9.930776967438638e-06,8.123089001867979e-06,0.09509313203862033
2013-05-20 03:00:00,1.0673621123807778e-05,8.730790312475432e-06,0.09903638788534606
2013-05-20 04:00:00,1.2098815628193514e-05,9.882830088189154e-06,0.11150850691606448
2013-05-20 05:00:00,1.554684455490581e-07,4.837546085533991e-07,0.1271455376225515
2013-05-20 06:00:00,3.25996269320427e-08,1.28671125532914e-07,0.1427104866890336
2013-05-20 07:00:00,2.2078845308183917e-08,6.999504458416026e-08,0.15422458134090458
2013-05-20 08:00:00,1.80598943030238e-08,5.8508981969798986e-08,0.1568908121111982
2013-05-20 09:00:00,1.6708757605123302e-08,5.0040447466230383e-08,0.1833117173122027
2013-05-20 10:00:00,1.6453250548327882e-08,4.101221799543215e-08,0.18110775521142045
2013-05-20 11:00:00,1.6370466628309932e-08,4.497407534639066e-08,0.16048660116305297
2013-05-20 12:00:00,1.6837708695190894e-08,5.036519274715767e-08,0.13051083721915036
2013-05-20 13:00:00,1.8852721883088288e-08,6.089830758579108e-08,0.12941833219186033
2013-05-20 14:00:00,2.3192259252598215e-08,9.171388693706454e-08,0.13512690173860056
2013-05-20 15:00:00,3.4207472998758784e-08,1.3022033915123373e-07,0.1360848502500943
2013-05-20 16:00:00,1.6830186352959684e-07,2.0943029027187826e-06,0.1331391810105962
2013-05-20 17:00:00,1.0273800639723884e-06,2.15077570568805e-05,0.13245378734323235
2013-05-20 18:00:00,0.04559089744144003,0.14334417409806854,0.19811101423558786
2013-05-20 19:00:00,0.00969717485223475,0.09847260211335926,0.2063669828128347
2013-05-20 20:00:00,6.189143527063612e-05,4.8850859977647635e-05,0.17307226614602444
2013-05-20 21:00:00,3.971427997162851e-05,3.1725932187566334e-05,0.13648807262539275
2013-05-20 22:00:00,3.133673133052131e-05,2.497576202772413e-05,0.13920552098313085
2013-05-20 23:00:00,3.384317823277559e-05,2.7051745269600216e-05,0.12269592296570052
2013-05-21 00:00:00,3.11459422720342e-05,2.4956895628390716e-05,0.10297964373207182
2013-05-21 01:00:00,2.7261733026077567e-05,2.2096879603946822e-05,0.09509313203862033
2013-05-21 02:00:00,2.5533860524031183e-05,2.072291865888728e-05,0.09509313203862033
2013-05-21 03:00:00,1.987393301822108e-05,1.6339423404142205e-05,0.09903638788534606
2013-05-21 04:00:00,5.745935991691801e-05,4.5728714242863604e-05,0.11150850691606448
2013-05-21 05:00:00,2.169732938421274e-07,2.3311213481286664e-06,0.1271455376225515
2013-05-21 06:00:00,4.3301423972740026e-08,1.9905649573507433e-07,0.1427104866890336
2013-05-21 07:00:00,2.218906305076259e-08,9.256280565318326e-08,0.15422458134090458
2013-05-21 08:00:00,1.851125113844194e-08,6.129730442600814e-08,0.1568908121111982
2013-05-21 09:00:00,1.90484240400661e-08,6.223560854841557e-08,0.1833117173122027
2013-05-21 10:00:00,2.25383773911406e-08,7.424175365753392e-08,0.18110775521142045
2013-05-21 11:00:00,2.3874345689734383e-08,7.786391559956442e-08,0.16048660116305297
2013-05-21 12:00:00,3.0196920459670814e-08,9.702688206580584e-08,0.13051083721915036
2013-05-21 13:00:00,4.5039102723789286e-08,1.7452650464797246e-07,0.12941833219186033
2013-05-21 14:00:00,7.50012037693205e-08,2.6505940767668947e-07,0.13512690173860056
2013-05-21 15:00:00,2.112604257548261e-07,6.867147478172527e-07,0.1360848502500943
2013-05-21 16:00:00,4.4095599259193925e-07,6.4047990666729735e-06,0.1331391810105962
2013-05-21 17:00:00,1.8039401209135967e-06,1.5860402155970228e-05,0.13245378734323235
2013-05-21 18:00:00,3.081331463867747e-05,2.4802944255382785e-05,0.19811101423558786
2013-05-21 19:00:00,3.164539361020048e-05,2.547261644746097e-05,0.2063669828128347
2013-05-21 20:00:00,2.73237092101571e-05,2.22750493103195e-05,0.17307226614602444
2013-05-21 21:00:00,2.31647996352934e-05,1.9118592069756506e-05,0.13648807262539275
2013-05-21 22:00:00,3.954846947423134e-05,3.241120872201061e-05,0.13920552098313085
2013-05-21 23:00:00,5.037823982460312e-05,4.137925744619738e-05,0.12269592296570052
2013-05-22 00:00:00,7.653303506964968e-05,6.262526785464397e-05,0.10297964373207182
2013-05-22 01:00:00,7.906930662886584e-05,6.527390850143989e-05,0.09509313203862033
2013-05-22 02:00:00,0.00010751379661934091,8.841585420545217e-05,0.09509313203862033
2013-05-22 03:00:00,0.0001241291991873675,0.00010197745054715463,0.09903638788534606
2013-05-22 04:00:00,9.6005186773727e-05,7.870214909335125e-05,0.11150850691606448
2013-05-22 05:00:00,4.5845332632816653e-07,9.621617957152204e-06,0.1271455376225515
2013-05-22 06:00:00,1.3463212042358497e-07,8.699049762198907e-07,0.1427104866890336
2013-05-22 07:00:00,3.895678305897283e-08,1.6780914300955832e-07,0.15422458134090458
2013-05-22 08:00:00,3.059306148753602e-08,1.0437497901084404e-07,0.1568908121111982
2013-05-22 09:00:00,2.4260805012489344e-08,8.360419758004444e-08,0.1833117173122027
2013-05-22 10:00:00,2.1818923820274793e-08,7.518929987088681e-08,0.18110775521142045
2013-05-22 11:00:00,2.0973473128709324e-08,7.227584698574392e-08,0.16048660116305297
2013-05-22 12:00:00,1.8761972835702774e-08,6.465488223320634e-08,0.13051083721915036
2013-05-22 13:00:00,2.0657837259128064e-08,7.118808747561341e-08,0.12941833219186033
2013-05-22 14:00:00,2.7146429496637054e-08,1.1693518857818241e-07,0.13512690173860056
2013-05-22 15:00:00,6.326635324515269e-08,2.9977670587014706e-07,0.1360848502500943
2013-05-22 16:00:00,2.513291993509818e-07,4.3613624487992285e-06,0.1331391810105962
2013-05-22 17:00:00,1.1584926562426464e-06,4.609107915109768e-05,0.13245378734323235
2013-05-22 18:00:00,0.00021836372779968766,0.00017386730622250002,0.19811101423558786
2013-05-22 19:00:00,8.599285790227458e-05,6.844624823715672e-05,0.2063669828128347
2013-05-22 20:00:00,5.0809025293910074e-05,4.0498479491569975e-05,0.17307226614602444
2013-05-22 21:00:00,3.293624361527849e-05,2.600299323344332e-05,0.13648807262539275
2013-05-22 22:00:00,3.012336522170462e-05,2.4339629966550112e-05,0.13920552098313085
2013-05-22 23:00:00,9.440059544172764e-06,7.750614625737402e-06,0.12269592296570052
2013-05-23 00:00:00,1.7596600055323712e-06,1.2689462934343131e-06,0.10297964373207182
2013-05-23 01:00:00,1.0460545750382369e-06,7.333867113135734e-07,0.09509313203862033
2013-05-23 02:00:00,7.067859163717945e-07,4.6013009045679744e-07,0.09509313203862033
2013-05-23 03:00:00,5.401055896607686e-07,3.6882978203118845e-07,0.09903638788534606
2013-05-23 04:00:00,4.92569139846214e-07,3.628502638953666e-07,0.11150850691606448
2013-05-23 05:00:00,3.1513264677961935e-07,2.8438018513946317e-07,0.1271455376225515
2013-05-23 06:00:00,1.7785103659587425e-07,1.5980534271009823e-07,0.1427104866890336
2013-05-23 07:00:00,8.388638227057958e-08,1.3166712969607275e-07,0.15422458134090458
2013-05-23 08:00:00,6.044097737089809e-08,9.030282986267324e-08,0.1568908121111982
2013-05-23 09:00:00,5.0938847099036056e-08,8.417461004340722e-08,0.1833117173122027
2013-05-23 10:00:00,4.570580062828107e-08,9.07294733582768e-08,0.18110775521142045
2013-05-23 11:00:00,4.0287630584129145e-08,8.731320059248117e-08,0.16048660116305297
2013-05-23 12:00:00,3.998941720063202e-08,9.385241131128968e-08,0.13051083721915036
2013-05-23 13:00:00,4.941341255599096e-08,1.2126913853122439e-07,0.12941833219186033
2013-05-23 14:00:00,6.818495004054617e-08,2.0955466741320285e-07,0.13512690173860056
2013-05-23 15:00:00,9.796685467812304e-08,2.905392516979501e-07,0.1360848502500943
2013-05-23 16:00:00,2.856821423920932e-07,8.613032658897238e-07,0.1331391810105962
2013-05-23 17:00:00,1.67445602679632e-06,2.638919293681367e-05,0.13245378734323235
2013-05-23 18:00:00,0.00016964811167843137,0.00012489354653109658,0.19811101423558786
2013-05-23 19:00:00,0.0001529900524592974,0.0001127094424011645,0.2063669828128347
2013-05-23 20:00:00,0.00011148545545252119,8.434011107023462e-05,0.17307226614602444
2013-05-23 21:00:00,8.47913306034661e-05,6.727465553978045e-05,0.13648807262539275
2013-05-23 22:00:00,0.00012767554219287415,0.00010177395513242548,0.13920552098313085
2013-05-23 23:00:00,8.987293909610494e-05,7.226498914565266e-05,0.12269592296570052
2013-05-24 00:00:00,0.00010288638006784942,8.24523329414062e-05,0.10297964373207182
2013-05-24 01:00:00,0.00010867202782003914,8.709043223334588e-05,0.09509313203862033
2013-05-24 02:00:00,7.9459951747726e-05,6.402744153166238e-05,0.09509313203862033
2013-05-24 03:00:00,8.238333431778826e-05,6.633302401278826e-05,0.09903638788534606
2013-05-24 04:00:00,1.7379769470392801e-06,4.2093964770407496e-05,0.11150850691606448
2013-05-24 05:00:00,3.3666550825676366e-07,1.1317821779361635e-05,0.1271455376225515
2013-05-24 06:00:00,6.454054409550348e-08,3.2161045224707425e-07,0.1427104866890336
2013-05-24 07:00:00,3.0154285911580896e-08,1.2195446369922948e-07,0.15422458134090458
2013-05-24 08:00:00,2.1846326082588684e-08,8.74323366247081e-08,0.1568908121111982
2013-05-24 09:00:00,1.989421423994433e-08,7.921463610174508e-08,0.1833117173122027
2013-05-24 10:00:00,2.0600884115783067e-08,8.412373423573799e-08,0.18110775521142045
2013-05-24 11:00:00,2.0606662195707858e-08,8.220114184290917e-08,0.16048660116305297
2013-05-24 12:00:00,2.330591842611591e-08,9.201218484239483e-08,0.13051083721915036
2013-05-24 13:00:00,2.9418103730410694e-08,1.1442810033135175e-07,0.12941833219186033
2013-05-24 14:00:00,4.6212034926316596e-08,1.7585069178958749e-07,0.13512690173860056
2013-05-24 15:00:00,6.86207162831653e-08,2.568430215348661e-07,0.1360848502500943
2013-05-24 16:00:00,2.3070333834651687e-07,9.8081940020188e-07,0.1331391810105962
2013-05-24 17:00:00,1.3908653181647882e-06,4.792460949090809e-05,0.13245378734323235
2013-05-24 18:00:00,0.0010301313417460727,0.0007628240281600148,0.19811101423558786
2013-05-24 19:00:00,0.0007091176161180098,0.0005274799469706828,0.2063669828128347
2013-05-24 20:00:00,0.00015749419511074445,0.00012770537761263917,0.17307226614602444
2013-05-24 21:00:00,5.897761030415779e-05,4.700854206859933e-05,0.13648807262539275
2013-05-24 22:00:00,6.964586528458316e-05,5.6253319599964764e-05,0.13920552098313085
2013-05-24 23:00:00,4.7628352303258275e-05,3.743439347290979e-05,0.12269592296570052
2013-05-25 00:00:00,3.270172291363007e-05,2.5269229602958633e-05,0.10297964373207182
2013-05-25 01:00:00,3.4334413475422134e-05,2.7049313128704824e-05,0.09509313203862033
2013-05-25 02:00:00,3.894392495821422e-05,3.036541935434894e-05,0.09509313203862033
2013-05-25 03:00:00,3.7914609799085064e-05,2.9625182837838587e-05,0.09903638788534606
2013-05-25 04:00:00,1.4545690298980428e-06,1.2931847368279254e-05,0.11150850691606448
2013-05-25 05:00:00,1.1359100145717378e-07,5.178835914916339e-07,0.1271455376225515
2013-05-25 06:00:00,3.881470902029385e-08,1.6506630664017848e-07,0.1427104866890336
2013-05-25 07:00:00,2.5511277464293313e-08,8.711787224528478e-08,0.15422458134090458
2013-05-25 08:00:00,2.3819771699159954e-08,7.357040359776193e-08,0.1568908121111982
2013-05-25 09:00:00,2.31834309688073e-08,7.205556226022553e-08,0.1833117173122027
2013-05-25 10:00:00,1.5875252897739677e-08,5.4091367595157164e-08,0.18110775521142045
2013-05-25 11:00:00,1.701494269282226e-08,5.7715381358350255e-08,0.16048660116305297
2013-05-25 12:00:00,2.2955034931537467e-08,7.702422676702601e-08,0.13051083721915036
2013-05-25 13:00:00,2.2877569519957904e-08,7.708851703422551e-08,0.12941833219186033
2013-05-25 14:00:00,4.167840203117192e-08,1.0771986887954556e-07,0.13512690173860056
2013-05-25 15:00:00,6.311983015716103e-08,2.654148240832316e-07,0.1360848502500943
2013-05-25 16:00:00,1.6652276324542875e-07,8.247434379865677e-07,0.1331391810105962
2013-05-25 17:00:00,1.322469029841679e-06,2.2877962397157065e-05,0.13245378734323235
2013-05-25 18:00:00,0.00020752873766849056,0.00016472484103862627,0.19811101423558786
2013-05-25 19:00:00,0.0002195104648937181,0.00017504044037760445,0.2063669828128347
2013-05-25 20:00:00,0.00010371674411305125,8.490625242259688e-05,0.17307226614602444
2013-05-25 21:00:00,0.0001114030003537798,9.140254949764796e-05,0.13648807262539275
2013-05-25 22:00:00,0.00010976617061504728,9.031534903170814e-05,0.13920552098313085
2013-05-25 23:00:00,0.00011998500187476567,9.817657056215604e-05,0.12269592296570052
2013-05-26 00:00:00,0.00013840218521672437,0.00011325506021875563,0.10297964373207182
2013-05-26 01:00:00,0.00013440503665189982,0.00010898232306719852,0.09509313203862033
2013-05-26 02:00:00,0.00013792677039711025,0.00011081227542641278,0.09509313203862033
2013-05-26 03:00:00,0.00014771661215837292,0.00011923316708229426,0.09903638788534606
2013-05-26 04:00:00,1.5867615846289772e-06,5.7642890763144176e-06,0.11150850691606448
2013-05-26 05:00:00,2.1922760560778365e-07,8.345873936241863e-07,0.1271455376225515
2013-05-26 06:00:00,1.0983615338267346e-07,3.542028261017021e-07,0.1427104866890336
2013-05-26 07:00:00,4.302497313574459e-08,1.4233074023922912e-07,0.15422458134090458
2013-05-26 08:00:00,3.110376129231774e-08,1.0369865492345077e-07,0.1568908121111982
2013-05-26 09:00:00,2.4733363520403514e-08,8.218308011048449e-08,0.1833117173122027
2013-05-26 10:00:00,2.4030737331629093e-08,7.8214865366748e-08,0.18110775521142045
2013-05-26 11:00:00,2.5941822738617264e-08,8.068737168501607e-08,0.16048660116305297
2013-05-26 12:00:00,2.8008295777126233e-08,8.400634315095864e-08,0.13051083721915036
2013-05-26 13:00:00,2.922655901005202e-08,8.910963027489887e-08,0.12941833219186033
2013-05-26 14:00:00,2.9468192394115144e-08,9.141597587422697e-08,0.13512690173860056
2013-05-26 15:00:00,4.598246596607782e-08,1.4522980365366238e-07,0.1360848502500943
2013-05-26 16:00:00,8.619724642321654e-08,3.1015067326474323e-07,0.1331391810105962
2013-05-26 17:00:00,8.166190849946474e-07,5.22661083311843e-06,0.13245378734323235
2013-05-26 18:00:00,2.3566860605676445e-05,1.892625379105074e-05,0.19811101423558786
2013-05-26 19:00:00,2.2853417174006924e-05,1.8380739651062868e-05,0.2063669828128347
2013-05-26 20:00:00,1.4831597439759425e-05,1.1910272464003314e-05,0.17307226614602444
2013-05-26 21:00:00,1.222874526488873e-05,9.893035790388902e-06,0.13648807262539275
2013-05-26 22:00:00,9.147424677714399e-06,7.308813617131859e-06,0.13920552098313085
2013-05-26 23:00:00,8.880551507621628e-06,7.052250249163628e-06,0.12269592296570052
2013-05-27 00:00:00,8.816128401620492e-06,6.953781920259724e-06,0.10297964373207182
2013-05-27 01:00:00,8.97407045887874e-06,7.052458258781245e-06,0.09509313203862033
2013-05-27 02:00:00,1.1156967373984589e-05,8.838406349998757e-06,0.09509313203862033
2013-05-27 03:00:00,1.3335512338617422e-05,1.0764534990160275e-05,0.09903638788534606
2013-05-27 04:00:00,6.345582819969074e-06,7.636449633199847e-06,0.11150850691606448
2013-05-27 05:00:00,3.129481613262793e-07,8.392103340618754e-07,0.1271455376225515
2013-05-27 06:00:00,1.0277905573541176e-07,3.311966962885506e-07,0.1427104866890336
2013-05-27 07:00:00,4.4146908668639896e-08,1.3412621448912069e-07,0.15422458134090458
2013-05-27 08:00:00,2.9725099898134066e-08,9.198096178053068e-08,0.1568908121111982
2013-05-27 09:00:00,1.5579425069672357e-08,4.7906976819388855e-08,0.1833117173122027
2013-05-27 10:00:00,2.3113150451146733e-08,6.619069419855354e-08,0.18110775521142045
2013-05-27 11:00:00,2.2174160960238737e-08,6.309231423078922e-08,0.16048660116305297
2013-05-27 12:00:00,2.320254253461094e-08,7.046261578615201e-08,0.13051083721915036
2013-05-27 13:00:00,2.5711366666097586e-08,9.440467577548013e-08,0.12941833219186033
2013-05-27 14:00:00,3.003269599547636e-08,1.0672813600135838e-07,0.13512690173860056
2013-05-27 15:00:00,4.16227073068191e-08,1.370136715712507e-07,0.1360848502500943
2013-05-27 16:00:00,1.8683135726255124e-07,1.3957464733589499e-06,0.1331391810105962
2013-05-27 17:00:00,8.411040836864919e-07,2.1129323414042716e-05,0.13245378734323235
2013-05-27 18:00:00,0.013155411285094938,0.015542182686081978,0.19811101423558786
2013-05-27 19:00:00,4.387149543049764e-05,3.490622862960726e-05,0.2063669828128347
2013-05-27 20:00:00,6.688685722598273e-05,4.92600043526733e-05,0.17307226614602444
2013-05-27 21:00:00,4.631818408897591e-05,3.5242784760582444e-05,0.13648807262539275
2013-05-27 22:00:00,3.928497512590356e-05,3.0039444285636345e-05,0.13920552098313085
2013-05-27 23:00:00,2.5712220673566114e-05,2.0398695086524386e-05,0.12269592296570052
2013-05-28 00:00:00,6.339160506687387e-06,4.993532860148905e-06,0.10297964373207182
2013-05-28 01:00:00,6.371651180684185e-06,5.019128831361049e-06,0.09509313203862033
2013-05-28 02:00:00,6.245620475503375e-06,4.9001229826610716e-06,0.09509313203862033
2013-05-28 03:00:00,6.542981361112307e-06,5.070198187321369e-06,0.09903638788534606
2013-05-28 04:00:00,2.0412223925841828e-05,2.3971448057154375e-05,0.11150850691606448
2013-05-28 05:00:00,2.420435958638017e-07,3.0950209804429706e-06,0.1271455376225515
2013-05-28 06:00:00,5.977407164254232e-08,2.1371074801405067e-07,0.1427104866890336
2013-05-28 07:00:00,3.277404928054625e-08,1.2616508833019702e-07,0.15422458134090458
2013-05-28 08:00:00,2.7172641787184507e-08,8.334797016298252e-08,0.1568908121111982
2013-05-28 09:00:00,2.87639302155988e-08,8.707682657793731e-08,0.1833117173122027
2013-05-28 10:00:00,3.5498213161942287e-08,1.0803536818669548e-07,0.18110775521142045
2013-05-28 11:00:00,3.747975156421743e-08,1.131452969757139e-07,0.16048660116305297
2013-05-28 12:00:00,3.6973383021780614e-08,1.0992174863078035e-07,0.13051083721915036
2013-05-28 13:00:00,3.751222007459205e-08,1.0628012726088717e-07,0.12941833219186033
2013-05-28 14:00:00,4.239396756451673e-08,1.1471404889669128e-07,0.13512690173860056
2013-05-28 15:00:00,5.969978767770513e-08,1.9199335242216574e-07,0.1360848502500943
2013-05-28 16:00:00,2.5064108618966894e-07,2.379496253783265e-06,0.1331391810105962
2013-05-28 17:00:00,9.976454320746251e-07,7.911876161008882e-06,0.13245378734323235
2013-05-28 18:00:00,3.291680198014635e-05,2.6780906130752593e-05,0.19811101423558786
2013-05-28 19:00:00,3.820871798766145e-05,3.114667860861903e-05,0.2063669828128347
2013-05-28 20:00:00,3.5022686918303744e-05,2.823446703350312e-05,0.17307226614602444
2013-05-28 21:00:00,3.081258216688578e-05,2.4874786317414988e-05,0.13648807262539275
2013-05-28 22:00:00,4.9541248043120717e-05,3.960889049839302e-05,0.13920552098313085
2013-05-28 23:00:00,1.7744796116728817e-05,1.2797054971082653e-05,0.12269592296570052
2013-05-29 00:00:00,1.3602798289933934e-05,9.342582879658483e-06,0.10297964373207182
2013-05-29 01:00:00,1.3710809496739469e-05,9.190445359474763e-06,0.09509313203862033
2013-05-29 02:00:00,1.6225337487019733e-05,1.0876095766648493e-05,0.09509313203862033
2013-05-29 03:00:00,2.0291615884784205e-05,1.4482005346146605e-05,0.09903638788534606
2013-05-29 04:00:00,1.9463848820393444e-06,8.563819006539904e-06,0.11150850691606448
2013-05-29 05:00:00,2.3547763506420228e-07,9.446541657432066e-07,0.1271455376225515
2013-05-29 06:00:00,7.069174505806823e-08,2.8341363610103804e-07,0.1427104866890336
2013-05-29 07:00:00,2.8307367472666432e-08,9.662901857843463e-08,0.15422458134090458
2013-05-29 08:00:00,1.9201433870914598e-08,6.567086324825853e-08,0.1568908121111982
2013-05-29 09:00:00,1.0338531759041681e-08,3.533724816153661e-08,0.1833117173122027
2013-05-29 10:00:00,9.827296322834547e-09,3.364695237050981e-08,0.18110775521142045
2013-05-29 11:00:00,9.727700883625923e-09,3.322178509920216e-08,0.16048660116305297
2013-05-29 12:00:00,1.0837034736093742e-08,3.65898946340014e-08,0.13051083721915036
2013-05-29 13:00:00,2.1098266908182754e-08,7.007080321828893e-08,0.12941833219186033
2013-05-29 14:00:00,3.064848986462102e-08,1.251253359636125e-07,0.13512690173860056
2013-05-29 15:00:00,5.15028842044345e-08,2.056944027056219e-07,0.1360848502500943
2013-05-29 16:00:00,1.7800395830962174e-07,6.966536776481615e-07,0.1331391810105962
2013-05-29 17:00:00,1.1634952210888164e-06,1.4664038298748378e-05,0.13245378734323235
2013-05-29 18:00:00,9.917634049221217e-05,7.43988509791015e-05,0.19811101423558786
2013-05-29 19:00:00,0.0001147805698633907,8.526465103624702e-05,0.2063669828128347
2013-05-29 20:00:00,5.770819639365998e-05,4.578689215389261e-05,0.17307226614602444
2013-05-29 21:00:00,1.5061153537252013e-05,1.1998127029222701e-05,0.13648807262539275
2013-05-29 22:00:00,1.986135926071795e-05,1.5999526617180717e-05,0.13920552098313085
2013-05-29 23:00:00,1.746010729235931e-05,1.4099941698380602e-05,0.12269592296570052
2013-05-30 00:00:00,1.5424566329748434e-05,1.2359504618695376e-05,0.10297964373207182
2013-05-30 01:00:00,1.609836927263075e-05,1.2824473234761881e-05,0.09509313203862033
2013-05-30 02:00:00,1.7359407971520882e-05,1.3829189853305046e-05,0.09509313203862033
2013-05-30 03:00:00,2.1812009895550908e-05,1.7376737578490645e-05,0.09903638788534606
2013-05-30 04:00:00,1.7032769832531372e-06,1.2770905323492018e-05,0.11150850691606448
2013-05-30 05:00:00,6.576819174021038e-07,8.281599580461165e-06,0.1271455376225515
2013-05-30 06:00:00,2.404059976488293e-07,9.061944569732693e-07,0.1427104866890336
2013-05-30 07:00:00,9.635493767345094e-08,3.6419388487875003e-07,0.15422458134090458
2013-05-30 08:00:00,4.868056836575697e-08,1.9514659236386444e-07,0.1568908121111982
2013-05-30 09:00:00,3.2283598412525074e-08,1.0522157229877262e-07,0.1833117173122027
2013-05-30 10:00:00,3.138399100735675e-08,1.0259166552490691e-07,0.18110775521142045
2013-05-30 11:00:00,3.17887568443975e-08,1.0191564813795739e-07,0.16048660116305297
2013-05-30 12:00:00,3.19296875923799e-08,9.93834400454739e-08,0.13051083721915036
2013-05-30 13:00:00,3.239401942909061e-08,1.2491042777316412e-07,0.12941833219186033
2013-05-30 14:00:00,4.214617718789551e-08,1.5896606605436403e-07,0.13512690173860056
2013-05-30 15:00:00,7.264587060772775e-08,2.441801532520222e-07,0.1360848502500943
2013-05-30 16:00:00,2.9444408410097006e-07,3.248121683410965e-06,0.1331391810105962
2013-05-30 17:00:00,1.0570131767262612e-06,1.4183171795602444e-05,0.13245378734323235
2013-05-30 18:00:00,5.911751197129617e-05,4.8288535846037934e-05,0.19811101423558786
2013-05-30 19:00:00,6.216082965122664e-05,5.0668958200156715e-05,0.2063669828128347
2013-05-30 20:00:00,5.273583392691246e-05,4.298465469536796e-05,0.17307226614602444
2013-05-30 21:00:00,3.9558135625067996e-05,3.2194745520348814e-05,0.13648807262539275
2013-05-30 22:00:00,4.5421225086142614e-05,3.7346297237852696e-05,0.13920552098313085
2013-05-30 23:00:00,6.876930279388517e-05,5.617176690412486e-05,0.12269592296570052
2013-05-31 00:00:00,5.7238527252693785e-05,4.6825292920875794e-05,0.10297964373207182
2013-05-31 01:00:00,2.8268875879316634e-05,2.3094657568610378e-05,0.09509313203862033
2013-05-31 02:00:00,2.5770109401693846e-05,2.106749090282967e-05,0.09509313203862033
2013-05-31 03:00:00,2.7369416689306803e-05,2.2254397027393103e-05,0.09903638788534606
2013-05-31 04:00:00,1.372980902865377e-06,1.611141300672383e-05,0.11150850691606448
2013-05-31 05:00:00,2.9880708527945674e-07,2.7064164156901963e-06,0.1271455376225515
2013-05-31 06:00:00,5.847577170427188e-08,2.326892969314611e-07,0.1427104866890336
2013-05-31 07:00:00,4.126395227070165e-08,1.3212029579356064e-07,0.15422458134090458
2013-05-31 08:00:00,3.324629416580399e-08,1.0633136088068169e-07,0.1568908121111982
2013-05-31 09:00:00,3.140741198591013e-08,1.0193893373659243e-07,0.1833117173122027
2013-05-31 10:00:00,3.129243678179359e-08,1.0323913384672376e-07,0.18110775521142045
2013-05-31 11:00:00,3.1077657233185386e-08,1.0131601567946392e-07,0.16048660116305297
2013-05-31 12:00:00,3.535675234181324e-08,1.1303747375941017e-07,0.13051083721915036
2013-05-31 13:00:00,4.393919705628471e-08,1.3764168634464858e-07,0.12941833219186033
2013-05-31 14:00:00,5.115621486367355e-08,1.5748963826454348e-07,0.13512690173860056
2013-05-31 15:00:00,7.78339900619486e-08,2.8013006625729704e-07,0.1360848502500943
2013-05-31 16:00:00,4.0690146741457477e-07,4.505563734930738e-06,0.1331391810105962
2013-05-31 17:00:00,1.4983198216100422e-06,2.7850235806149783e-05,0.13245378734323235
2013-05-31 18:00:00,5.6926467564333805e-05,4.541103832442808e-05,0.19811101423558786
2013-05-31 19:00:00,5.516107032535002e-05,4.400235804417355e-05,0.2063669828128347
2013-05-31 20:00:00,5.418950996822644e-05,4.31929242245182e-05,0.17307226614602444
2013-05-31 21:00:00,2.7342815738021883e-05,2.2382217828465897e-05,0.13648807262539275
2013-05-31 22:00:00,2.0243363423374283e-05,1.6527017197050017e-05,0.13920552098313085
2013-05-31 23:00:00,2.3917936154117803e-05,1.9165640741191696e-05,0.12269592296570052
2013-06-01 00:00:00,3.391388365184699e-05,2.7453826096234397e-05,0.09542173669251414
2013-06-01 01:00:00,7.41960638260728e-05,5.990286117052814e-05,0.09542173669251414
2013-06-01 02:00:00,0.022292993630573247,0.19742489270386265,0.09542173669251414
2013-06-01 03:00:00,0.026515151515151512,0.18784530386740333,0.08930969013008924
2013-06-01 04:00:00,1.9946264762729206e-06,1.6369853067367226e-05,0.11833115594039728
2013-06-01 05:00:00,3.4702259386028544e-07,1.0479030542968349e-06,0.13969250430640837
2013-06-01 06:00:00,1.2740403991415687e-07,5.087633986656764e-07,0.16234183468214677
2013-06-01 07:00:00,6.793232436924046e-08,2.2330570564128458e-07,0.17907842664466686
2013-06-01 08:00:00,2.668241818753671e-08,8.894274470906294e-08,0.18337215804934412
2013-06-01 09:00:00,2.1732603094687913e-08,7.244492915334182e-08,0.20270572604227638
2013-06-01 10:00:00,2.4378072703701345e-08,8.202748146204552e-08,0.20965167894944528
2013-06-01 11:00:00,2.520921346838027e-08,8.687324334836278e-08,0.19042009785083716
2013-06-01 12:00:00,2.578515906033053e-08,8.885779162374696e-08,0.17058339134022266
2013-06-01 13:00:00,2.4621539242609446e-08,8.484730894191685e-08,0.15317622721349325
2013-06-01 14:00:00,4.1613116365503763e-08,1.3145133893704816e-07,0.14991775826625453
2013-06-01 15:00:00,5.5362544297186444e-08,1.9078252968127027e-07,0.15088070373672663
2013-06-01 16:00:00,2.2452366102508202e-07,2.2658872824976175e-06,0.15187058386527014
2013-06-01 17:00:00,8.449771180196442e-07,2.5567935734038148e-05,0.1512592221297071
2013-06-01 18:00:00,0.020671834625323,0.24084621643612694,0.1755162820319499
2013-06-01 19:00:00,0.01937046004842615,0.2609223300970874,0.21449059156872916
2013-06-01 20:00:00,0.02197802197802198,0.2551928783382789,0.21359707306371664
2013-06-01 21:00:00,0.025078369905956115,0.25067385444743934,0.15452090412012226
2013-06-01 22:00:00,0.02605863192182411,0.24760076775431863,0.13581532144948005
2013-06-01 23:00:00,0.03125000000000001,0.24290998766954375,0.0971156891348435
2013-06-02 00:00:00,0.00011900178502677542,9.608404899585156e-05,0.09542173669251414
2013-06-02 01:00:00,0.00012508142092494174,0.00010073458211109891,0.09542173669251414
2013-06-02 02:00:00,0.0001270509194675042,0.00010236047846648727,0.09542173669251414
2013-06-02 03:00:00,0.00011612918210217047,9.357718336868082e-05,0.08930969013008924
2013-06-02 04:00:00,8.135643964694561e-07,3.43278665519292e-06,0.11833115594039728
2013-06-02 05:00:00,1.0352520937197157e-07,4.4594260017119445e-07,0.13969250430640837
2013-06-02 06:00:00,4.4679663345289714e-08,1.5396883147356947e-07,0.16234183468214677
2013-06-02 07:00:00,1.977290404473636e-08,6.813888216869162e-08,0.17907842664466686
2013-06-02 08:00:00,2.516622480228596e-08,8.253078166038108e-08,0.18337215804934412
2013-06-02 09:00:00,2.462332165900615e-08,8.180660144301323e-08,0.20270572604227638
2013-06-02 10:00:00,2.5147672160460657e-08,8.474533898516948e-08,0.20965167894944528
2013-06-02 11:00:00,2.6682853552946027e-08,8.870035038079782e-08,0.19042009785083716
2013-06-02 12:00:00,2.8277304211480307e-08,9.373864737100355e-08,0.17058339134022266
2013-06-02 13:00:00,2.477373098606857e-08,8.537205809888701e-08,0.15317622721349325
2013-06-02 14:00:00,2.7656043173849e-08,9.300401155365585e-08,0.14991775826625453
2013-06-02 15:00:00,5.7254859644578246e-08,1.9017193048043217e-07,0.15088070373672663
2013-06-02 16:00:00,1.3624443177522611e-07,4.990250757211458e-07,0.15187058386527014
2013-06-02 17:00:00,8.961777012840323e-07,1.0078860851818563e-05,0.1512592221297071
2013-06-02 18:00:00,3.279508181297663e-05,2.6495032706421548e-05,0.1755162820319499
2013-06-02 19:00:00,3.200029377318873e-05,2.5616262243686642e-05,0.21449059156872916
2013-06-02 20:00:00,3.9033029350558764e-05,3.133546888263797e-05,0.21359707306371664
2013-06-02 21:00:00,3.0332941171736754e-05,2.4647487449080855e-05,0.15452090412012226
2013-06-02 22:00:00,2.399526614145707e-05,1.9454297433896537e-05,0.13581532144948005
2013-06-02 23:00:00,1.4278135890510863e-05,1.1220750556004691e-05,0.0971156891348435
2013-06-03 00:00:00,1.1799776006537749e-05,9.117179460737067e-06,0.09542173669251414
2013-06-03 01:00:00,1.195466089373748e-05,9.191610531810738e-06,0.09542173669251414
2013-06-03 02:00:00,1.2296083914263024e-05,9.454164363798852e-06,0.09542173669251414
2013-06-03 03:00:00,1.6983228657338293e-05,1.3487361431030919e-05,0.08930969013008924
2013-06-03 04:00:00,1.5974712030855158e-06,1.2145552298748203e-05,0.11833115594039728
2013-06-03 05:00:00,2.048392704084028e-07,7.907798235691135e-07,0.13969250430640837
2013-06-03 06:00:00,6.616635492020955e-08,2.6178935643013573e-07,0.16234183468214677
2013-06-03 07:00:00,4.9868677486994996e-08,1.5945474344176925e-07,0.17907842664466686
2013-06-03 08:00:00,4.2865453243799596e-08,1.2721355341524793e-07,0.18337215804934412
2013-06-03 09:00:00,2.509038749368632e-08,8.100523035583927e-08,0.20270572604227638
2013-06-03 10:00:00,2.4423934337034102e-08,8.009036595991258e-08,0.20965167894944528
2013-06-03 11:00:00,2.1067695202782572e-08,6.806978054430383e-08,0.19042009785083716
2013-06-03 12:00:00,1.874650078987912e-08,6.026796916998063e-08,0.17058339134022266
2013-06-03 13:00:00,2.8782784118795677e-08,9.28059402731285e-08,0.15317622721349325
2013-06-03 14:00:00,3.341276215151993e-08,1.0788796126520102e-07,0.14991775826625453
2013-06-03 15:00:00,4.529931568135773e-08,1.7979730155654963e-07,0.15088070373672663
2013-06-03 16:00:00,2.1975275068638395e-07,5.1206895100765635e-06,0.15187058386527014
2013-06-03 17:00:00,7.738607632956293e-07,2.5916221850961583e-05,0.1512592221297071
2013-06-03 18:00:00,0.00012153881397269133,9.718295610186103e-05,0.1755162820319499
2013-06-03 19:00:00,0.000106330053641901,8.501830314312087e-05,0.21449059156872916
2013-06-03 20:00:00,9.431896845916533e-05,7.506883313830327e-05,0.21359707306371664
2013-06-03 21:00:00,9.484818287690149e-05,7.558731706155478e-05,0.15452090412012226
2013-06-03 22:00:00,7.386405167405948e-05,6.0347197543198545e-05,0.13581532144948005
2013-06-03 23:00:00,6.119703855291037e-05,4.983610175024024e-05,0.0971156891348435
2013-06-04 00:00:00,6.171659256641795e-05,5.018307732084914e-05,0.09542173669251414
2013-06-04 01:00:00,5.6133679371589434e-05,4.575953561428768e-05,0.09542173669251414
2013-06-04 02:00:00,5.353742296992006e-05,4.3961865793964396e-05,0.09542173669251414
2013-06-04 03:00:00,4.987919502278627e-05,4.094551979240622e-05,0.08930969013008924
2013-06-04 04:00:00,4.781601886310894e-05,3.918955258780746e-05,0.11833115594039728
2013-06-04 05:00:00,6.08965139105526e-07,1.050972354734357e-05,0.13969250430640837
2013-06-04 06:00:00,1.452201442994486e-07,4.2543311484152145e-07,0.16234183468214677
2013-06-04 07:00:00,7.204762693969325e-08,2.7830957583839464e-07,0.17907842664466686
2013-06-04 08:00:00,5.527237878205397e-08,1.745437535372383e-07,0.18337215804934412
2013-06-04 09:00:00,4.907005458536515e-08,1.5586961927195877e-07,0.20270572604227638
2013-06-04 10:00:00,5.1154826168824275e-08,1.6645747123968622e-07,0.20965167894944528
2013-06-04 11:00:00,4.9648104167283127e-08,1.5827558329927225e-07,0.19042009785083716
2013-06-04 12:00:00,5.4063013902736534e-08,1.707534124358003e-07,0.17058339134022266
2013-06-04 13:00:00,6.32900950874608e-08,2.4484323821897184e-07,0.15317622721349325
2013-06-04 14:00:00,6.612723011328255e-08,2.512050221175974e-07,0.14991775826625453
2013-06-04 15:00:00,8.050031050311433e-08,2.974592105091467e-07,0.15088070373672663
2013-06-04 16:00:00,3.4131089236970064e-07,7.161751180380548e-06,0.15187058386527014
2013-06-04 17:00:00,9.571201785220559e-07,1.5894497196196378e-05,0.1512592221297071
2013-06-04 18:00:00,0.0001557692688945763,0.00012428021044782304,0.1755162820319499
2013-06-04 19:00:00,0.0001747413034430391,0.00013941780651864188,0.21449059156872916
2013-06-04 20:00:00,0.0001516761594493328,0.00012045566499400902,0.21359707306371664
2013-06-04 21:00:00,0.00013238532524814176,0.0001052874687533964,0.15452090412012226
2013-06-04 22:00:00,0.0002049285955853603,0.00016248924453459872,0.13581532144948005
2013-06-04 23:00:00,0.0001403617411048327,0.00011197506647162538,0.0971156891348435
2013-06-05 00:00:00,6.682778571167014e-05,5.446994689455278e-05,0.09542173669251414
2013-06-05 01:00:00,6.111762510072656e-05,5.0012941201734675e-05,0.09542173669251414
2013-06-05 02:00:00,6.551204212121947e-05,5.3307051341656705e-05,0.09542173669251414
2013-06-05 03:00:00,6.164689684932985e-05,5.00196218948853e-05,0.08930969013008924
2013-06-05 04:00:00,2.564761017171396e-06,6.592862219404657e-05,0.11833115594039728
2013-06-05 05:00:00,5.412080914668735e-07,9.792937624662213e-06,0.13969250430640837
2013-06-05 06:00:00,1.206232094615398e-07,4.6672208868648213e-07,0.16234183468214677
2013-06-05 07:00:00,5.877585642986123e-08,2.448259104157512e-07,0.17907842664466686
2013-06-05 08:00:00,4.533268912559908e-08,1.532514595924431e-07,0.18337215804934412
2013-06-05 09:00:00,3.834262078944823e-08,1.2957565936787853e-07,0.20270572604227638
2013-06-05 10:00:00,3.892208250578499e-08,1.3412779911303968e-07,0.20965167894944528
2013-06-05 11:00:00,3.774099085121899e-08,1.3005767613572893e-07,0.19042009785083716
2013-06-05 12:00:00,3.815926667963488e-08,1.314990760984496e-07,0.17058339134022266
2013-06-05 13:00:00,3.9631650232191935e-08,1.4795401225104746e-07,0.15317622721349325
2013-06-05 14:00:00,3.8022847422044605e-08,1.6135657767345828e-07,0.14991775826625453
2013-06-05 15:00:00,7.968276823801512e-08,3.513215222550767e-07,0.15088070373672663
2013-06-05 16:00:00,2.1990968858863887e-07,7.293892132618495e-06,0.15187058386527014
2013-06-05 17:00:00,7.496432400967677e-07,3.51942707601801e-05,0.1512592221297071
2013-06-05 18:00:00,0.29259745948313626,0.3196320219220982,0.1755162820319499
2013-06-05 19:00:00,0.3413546653453541,0.341354665345354,0.21449059156872916
2013-06-05 20:00:00,0.34137532383865093,0.34137652225437093,0.21359707306371664
2013-06-05 21:00:00,0.2933657942787584,0.32023681377825625,0.15452090412012226
2013-06-05 22:00:00,0.00040364745593741026,0.00032007740497854754,0.13581532144948005
2013-06-05 23:00:00,0.0002009671544306977,0.00016044282218924234,0.0971156891348435
2013-06-06 00:00:00,0.00023608595875094398,0.00018555312460883993,0.09542173669251414
2013-06-06 01:00:00,0.00023515939717399747,0.00018833722812379685,0.09542173669251414
2013-06-06 02:00:00,0.00011670588837161712,9.465119832260778e-05,0.09542173669251414
2013-06-06 03:00:00,0.0002982158062225083,0.0002347402610807134,0.08930969013008924
2013-06-06 04:00:00,1.3822750865649775e-06,5.320619551126485e-05,0.11833115594039728
2013-06-06 05:00:00,2.483214941404974e-07,1.1364826023900628e-05,0.13969250430640837
2013-06-06 06:00:00,5.563255255363848e-08,2.2765912962775447e-07,0.16234183468214677
2013-06-06 07:00:00,2.7690020667000725e-08,1.1927674968376158e-07,0.17907842664466686
2013-06-06 08:00:00,2.2903743642856e-08,7.892769621203294e-08,0.18337215804934412
2013-06-06 09:00:00,1.9948532387469685e-08,5.155789453736431e-08,0.20270572604227638
2013-06-06 10:00:00,1.9506514317495415e-08,5.0415476462299635e-08,0.20965167894944528
2013-06-06 11:00:00,2.0608907199918205e-08,5.326466626162242e-08,0.19042009785083716
2013-06-06 12:00:00,2.168612906391282e-08,5.6048796032004295e-08,0.17058339134022266
2013-06-06 13:00:00,2.4065575999253452e-08,8.293143894153111e-08,0.15317622721349325
2013-06-06 14:00:00,2.8966213509245278e-08,9.981923568244874e-08,0.14991775826625453
2013-06-06 15:00:00,4.212279510861679e-08,1.8144696551965736e-07,0.15088070373672663
2013-06-06 16:00:00,2.0908581357459328e-07,6.6196813393479676e-06,0.15187058386527014
2013-06-06 17:00:00,7.099537287657277e-07,2.369940168184716e-05,0.1512592221297071
2013-06-06 18:00:00,0.023121387283236997,0.2720496894409938,0.1755162820319499
2013-06-06 19:00:00,0.21262886597938144,0.2781289506953224,0.21449059156872916
2013-06-06 20:00:00,0.21883289124668434,0.28185328185328185,0.21359707306371664
2013-06-06 21:00:00,0.00028646926629293955,0.00023089270096945242,0.15452090412012226
2013-06-06 22:00:00,8.017919628373646e-05,6.518309601951942e-05,0.13581532144948005
2013-06-06 23:00:00,0.00010311550066106923,8.362872243329868e-05,0.0971156891348435
2013-06-07 00:00:00,7.96830889718605e-05,6.465466370509537e-05,0.09542173669251414
2013-06-07 01:00:00,7.661635890604975e-05,6.21663288085675e-05,0.09542173669251414
2013-06-07 02:00:00,7.46385549134771e-05,6.065666526714047e-05,0.09542173669251414
2013-06-07 03:00:00,6.609828180685539e-05,5.387705256604428e-05,0.08930969013008924
2013-06-07 04:00:00,1.6339879293226692e-06,2.705735246323111e-05,0.11833115594039728
2013-06-07 05:00:00,3.0178038355079626e-07,5.355594141477102e-06,0.13969250430640837
2013-06-07 06:00:00,4.539568238638446e-08,1.9263376941637632e-07,0.16234183468214677
2013-06-07 07:00:00,2.801613019357185e-08,9.654520700354377e-08,0.17907842664466686
2013-06-07 08:00:00,2.261696413892615e-08,5.794370313416719e-08,0.18337215804934412
2013-06-07 09:00:00,1.5203207554486e-08,5.2389577015068487e-08,0.20270572604227638
2013-06-07 10:00:00,1.5623906570663594e-08,5.3840866051866794e-08,0.20965167894944528
2013-06-07 11:00:00,1.520820014593637e-08,5.1932709878987373e-08,0.19042009785083716
2013-06-07 12:00:00,1.6716344997243847e-08,5.687887982392802e-08,0.17058339134022266
2013-06-07 13:00:00,1.96753846820539e-08,6.64495229156828e-08,0.15317622721349325
2013-06-07 14:00:00,4.01902418494692e-08,1.3297077079731833e-07,0.14991775826625453
2013-06-07 15:00:00,6.266746574648545e-08,2.549258515020546e-07,0.15088070373672663
2013-06-07 16:00:00,2.670591367740698e-07,6.581561966372999e-06,0.15187058386527014
2013-06-07 17:00:00,7.950943473860626e-07,3.244174461160811e-05,0.1512592221297071
2013-06-07 18:00:00,0.00019030944315456933,0.0001525468917010677,0.1755162820319499
2013-06-07 19:00:00,0.00012663755793668275,0.00010195509270301404,0.21449059156872916
2013-06-07 20:00:00,0.00013034894808398897,0.00010423052468079107,0.21359707306371664
2013-06-07 21:00:00,0.00016305201558140968,0.0001302870468677769,0.15452090412012226
2013-06-07 22:00:00,5.274866710711804e-05,4.319442165839633e-05,0.13581532144948005
2013-06-07 23:00:00,3.750792906588709e-05,3.066357975580519e-05,0.0971156891348435
2013-06-08 00:00:00,4.103698035414913e-05,3.3367758946957046e-05,0.09542173669251414
2013-06-08 01:00:00,4.237515930213804e-05,3.459044908285895e-05,0.09542173669251414
2013-06-08 02:00:00,4.679574606322309e-05,3.8111860961409386e-05,0.09542173669251414
2013-06-08 03:00:00,4.876566331903345e-05,3.971808232602683e-05,0.08930969013008924
2013-06-08 04:00:00,1.026142294272396e-06,8.217344982157298e-06,0.11833115594039728
2013-06-08 05:00:00,7.773738197910669e-08,3.05959734597472e-07,0.13969250430640837
2013-06-08 06:00:00,3.4512222935155273e-08,1.1711683188663463e-07,0.16234183468214677
2013-06-08 07:00:00,1.4954038240077782e-08,5.115021226570837e-08,0.17907842664466686
2013-06-08 08:00:00,2.4696470498979346e-08,7.350062289481009e-08,0.18337215804934412
2013-06-08 09:00:00,2.4256640692008972e-08,7.157207471645067e-08,0.20270572604227638
2013-06-08 10:00:00,2.4265708145311503e-08,7.184465009756008e-08,0.20965167894944528
2013-06-08 11:00:00,2.497276688555172e-08,7.473670282948393e-08,0.19042009785083716
2013-06-08 12:00:00,2.613546917963036e-08,8.11263517779773e-08,0.17058339134022266
2013-06-08 13:00:00,2.6613861217496327e-08,8.442469042706008e-08,0.15317622721349325
2013-06-08 14:00:00,2.144247449929598e-08,7.210900357525454e-08,0.14991775826625453
2013-06-08 15:00:00,4.291080158850638e-08,1.5586556657229367e-07,0.15088070373672663
2013-06-08 16:00:00,1.9756346460824636e-07,3.891538177616144e-06,0.15187058386527014
2013-06-08 17:00:00,6.666866672666848e-07,2.3690915395433687e-05,0.1512592221297071
2013-06-08 18:00:00,0.024691358024691357,0.23602484472049687,0.1755162820319499
2013-06-08 19:00:00,0.02711864406779661,0.24200426439232414,0.21449059156872916
2013-06-08 20:00:00,0.028985507246376812,0.247546346782988,0.21359707306371664
2013-06-08 21:00:00,0.030188679245283023,0.25055187637969095,0.15452090412012226
2013-06-08 22:00:00,0.030769230769230774,0.25083986562150057,0.13581532144948005
2013-06-08 23:00:00,0.03162055335968379,0.2505854800936768,0.0971156891348435
2013-06-09 00:00:00,0.00014971554047310114,0.00012231604272984023,0.09542173669251414
2013-06-09 01:00:00,0.00013297367121309982,0.00010849072274546933,0.09542173669251414
2013-06-09 02:00:00,0.00015776430451140176,0.00012911470787797344,0.09542173669251414
2013-06-09 03:00:00,0.00013456853079494592,0.00010860445406031594,0.08930969013008924
2013-06-09 04:00:00,0.009345794392523366,0.051229508196721306,0.11833115594039728
2013-06-09 05:00:00,8.39598369723859e-08,3.6166361792273727e-07,0.13969250430640837
2013-06-09 06:00:00,3.1740101553089725e-08,1.0937835540892373e-07,0.16234183468214677
2013-06-09 07:00:00,1.4057677469813738e-08,4.844375936894737e-08,0.17907842664466686
2013-06-09 08:00:00,2.5556827362672783e-08,7.491994101927643e-08,0.18337215804934412
2013-06-09 09:00:00,2.4967821471687292e-08,6.999549736464328e-08,0.20270572604227638
2013-06-09 10:00:00,2.5461003939097385e-08,7.056978814393861e-08,0.20965167894944528
2013-06-09 11:00:00,1.0478969324205767e-08,3.529903044153086e-08,0.19042009785083716
2013-06-09 12:00:00,1.07256898806634e-08,3.5938173798643675e-08,0.17058339134022266
2013-06-09 13:00:00,2.951608366080075e-08,7.783048458193665e-08,0.15317622721349325
2013-06-09 14:00:00,1.5198912268565025e-08,4.896159135747615e-08,0.14991775826625453
2013-06-09 15:00:00,3.4497922638592476e-08,1.0237987741255301e-07,0.15088070373672663
2013-06-09 16:00:00,1.2130163152392624e-07,4.899175723820693e-07,0.15187058386527014
2013-06-09 17:00:00,7.986665463342404e-07,8.958963789623211e-06,0.1512592221297071
2013-06-09 18:00:00,1.7135392992133696e-05,1.3985682140513525e-05,0.1755162820319499
2013-06-09 19:00:00,1.4986266585301228e-05,1.2308481528451629e-05,0.21449059156872916
2013-06-09 20:00:00,1.5487978464496356e-05,1.2750270273854127e-05,0.21359707306371664
2013-06-09 21:00:00,2.0554256957901456e-05,1.689891523547009e-05,0.15452090412012226
2013-06-09 22:00:00,1.853386534352519e-05,1.5195766825333813e-05,0.13581532144948005
2013-06-09 23:00:00,1.7069139663411406e-05,1.3974616595615405e-05,0.0971156891348435
2013-06-10 00:00:00,1.9122378441430544e-05,1.5547900843262374e-05,0.09542173669251414
2013-06-10 01:00:00,1.8941049625550018e-05,1.5410757093720347e-05,0.09542173669251414
2013-06-10 02:00:00,2.0853287138896697e-05,1.69449910871112e-05,0.09542173669251414
2013-06-10 03:00:00,2.372591819303407e-05,1.9379946153873963e-05,0.08930969013008924
2013-06-10 04:00:00,1.1844913364823037e-06,2.311719115573958e-05,0.11833115594039728
2013-06-10 05:00:00,2.173996045229444e-07,3.4156214814703627e-06,0.13969250430640837
2013-06-10 06:00:00,4.987865396367084e-08,2.5514490255643663e-07,0.16234183468214677
2013-06-10 07:00:00,2.5229282881854198e-08,1.0425845682567989e-07,0.17907842664466686
2013-06-10 08:00:00,2.272735347824834e-08,7.468709189339209e-08,0.18337215804934412
2013-06-10 09:00:00,2.4014960936424014e-08,7.794750399295833e-08,0.20270572604227638
2013-06-10 10:00:00,3.0331017560142614e-08,9.920987765289072e-08,0.20965167894944528
2013-06-10 11:00:00,3.319631958158828e-08,1.0513612210284931e-07,0.19042009785083716
2013-06-10 12:00:00,3.8903808427376694e-08,1.485259321079053e-07,0.17058339134022266
2013-06-10 13:00:00,4.221124270278419e-08,1.6322394717289597e-07,0.15317622721349325
2013-06-10 14:00:00,4.594636298162797e-08,1.763806050757823e-07,0.14991775826625453
2013-06-10 15:00:00,7.099124255581394e-08,2.670530603986963e-07,0.15088070373672663
2013-06-10 16:00:00,2.1938593985128595e-07,3.2504217471766077e-06,0.15187058386527014
2013-06-10 17:00:00,7.52931113767703e-07,0.0003307526074981479,0.1512592221297071
2013-06-10 18:00:00,0.04903269908812524,0.18021624559841382,0.1755162820319499
2013-06-10 19:00:00,0.3134192058085561,0.2800363846850053,0.21449059156872916
2013-06-10 20:00:00,0.2969796169196958,0.2602816577680293,0.21359707306371664
2013-06-10 21:00:00,0.00011623646310604715,9.128234502570574e-05,0.15452090412012226
2013-06-10 22:00:00,8.34045220415405e-05,6.683508094411843e-05,0.13581532144948005
2013-06-10 23:00:00,0.00010872494631293938,8.673260456823403e-05,0.0971156891348435
2013-06-11 00:00:00,0.00011705680873343112,9.295410050171763e-05,0.09542173669251414
2013-06-11 01:00:00,0.00011945629902533855,9.478216519239904e-05,0.09542173669251414
2013-06-11 02:00:00,0.0001512048909250328,0.00011998032655153547,0.09542173669251414
2013-06-11 03:00:00,0.0001699286093866504,0.00013464736782967945,0.08930969013008924
2013-06-11 04:00:00,1.2939052372917076e-06,4.2170263599934196e-05,0.11833115594039728
2013-06-11 05:00:00,2.194937889999308e-07,2.6568250986501087e-06,0.13969250430640837
2013-06-11 06:00:00,6.089520117041795e-08,2.88541433415346e-07,0.16234183468214677
2013-06-11 07:00:00,3.020549371277179e-08,1.3011232579737782e-07,0.17907842664466686
2013-06-11 08:00:00,2.442421639888295e-08,8.325150462005265e-08,0.18337215804934412
2013-06-11 09:00:00,2.35878571095421e-08,8.006943140675004e-08,0.20270572604227638
2013-06-11 10:00:00,2.3920314352478847e-08,8.142400045966562e-08,0.20965167894944528
2013-06-11 11:00:00,2.4331288794060308e-08,8.140733030813292e-08,0.19042009785083716
2013-06-11 12:00:00,2.857670491979314e-08,9.181922111438082e-08,0.17058339134022266
2013-06-11 13:00:00,2.9074253385045065e-08,1.1134339735620747e-07,0.15317622721349325
2013-06-11 14:00:00,3.085842459266674e-08,1.1521082074775447e-07,0.14991775826625453
2013-06-11 15:00:00,4.139951102209542e-08,1.4639258513358314e-07,0.15088070373672663
2013-06-11 16:00:00,1.9862386928086466e-07,4.472582024910171e-06,0.15187058386527014
2013-06-11 17:00:00,6.362634031868367e-07,1.4693883398244709e-05,0.1512592221297071
2013-06-11 18:00:00,0.012334719825078591,0.013034118555099087,0.1755162820319499
2013-06-11 19:00:00,0.298141754414199,0.25048514756529794,0.21449059156872916
2013-06-11 20:00:00,7.937778889477044e-05,5.831540995455837e-05,0.21359707306371664
2013-06-11 21:00:00,3.686017439106992e-05,2.946874959933577e-05,0.15452090412012226
2013-06-11 22:00:00,3.9240186326673834e-05,3.130023312242122e-05,0.13581532144948005
2013-06-11 23:00:00,1.591513786869706e-05,1.2970763375280868e-05,0.0971156891348435
2013-06-12 00:00:00,1.3662672042928117e-05,1.1118565935348222e-05,0.09542173669251414
2013-06-12 01:00:00,1.2227354363792143e-05,9.903908657421883e-06,0.09542173669251414
2013-06-12 02:00:00,1.3219409787759657e-05,1.0719340089129408e-05,0.09542173669251414
2013-06-12 03:00:00,1.3371535627449235e-05,1.084278191879703e-05,0.08930969013008924
2013-06-12 04:00:00,7.639344255432882e-06,8.396303836237126e-06,0.11833115594039728
2013-06-12 05:00:00,1.6413205198285307e-07,4.785961934262715e-07,0.13969250430640837
2013-06-12 06:00:00,4.289447453110549e-08,1.5280162232945934e-07,0.16234183468214677
2013-06-12 07:00:00,2.9866514004975884e-08,8.326595498514799e-08,0.17907842664466686
2013-06-12 08:00:00,1.6824664001785703e-08,4.6019071868030546e-08,0.18337215804934412
2013-06-12 09:00:00,1.5327602363246518e-08,4.1639362955638595e-08,0.20270572604227638
2013-06-12 10:00:00,1.579795128060326e-08,4.189327480870771e-08,0.20965167894944528
2013-06-12 11:00:00,1.5274316140417982e-08,4.143070799538606e-08,0.19042009785083716
2013-06-12 12:00:00,1.5327980970986055e-08,4.284294332862914e-08,0.17058339134022266
2013-06-12 13:00:00,1.6322718824347687e-08,4.6510254772827116e-08,0.15317622721349325
2013-06-12 14:00:00,2.7124125776994313e-08,7.734949277683365e-08,0.14991775826625453
2013-06-12 15:00:00,3.6482586843058513e-08,1.2561063411589345e-07,0.15088070373672663
2013-06-12 16:00:00,1.564055362286724e-07,1.4383981659577271e-06,0.15187058386527014
2013-06-12 17:00:00,6.187801955066965e-07,1.0261500534109401e-05,0.1512592221297071
2013-06-12 18:00:00,3.9203874490230105e-05,3.1319382128930694e-05,0.1755162820319499
2013-06-12 19:00:00,4.0048543689320385e-05,3.194599696965233e-05,0.21449059156872916
2013-06-12 20:00:00,3.8131979431052264e-05,3.046275013516099e-05,0.21359707306371664
2013-06-12 21:00:00,3.655479932195305e-05,2.9135751234535355e-05,0.15452090412012226
2013-06-12 22:00:00,1.8255287254034375e-05,1.4911900756613868e-05,0.13581532144948005
2013-06-12 23:00:00,7.928456052110692e-06,6.368126455048175e-06,0.0971156891348435
2013-06-13 00:00:00,5.044727022726653e-06,3.884261328365268e-06,0.09542173669251414
2013-06-13 01:00:00,2.9955476177241897e-06,2.1001790402631825e-06,0.09542173669251414
2013-06-13 02:00:00,3.2030550026825585e-06,2.245665784832923e-06,0.09542173669251414
2013-06-13 03:00:00,4.703266967623494e-06,3.4152695760602324e-06,0.08930969013008924
2013-06-13 04:00:00,8.56270773703298e-06,6.652609994630214e-06,0.11833115594039728
2013-06-13 05:00:00,1.1950909845174472e-07,3.04557364036218e-07,0.13969250430640837
2013-06-13 06:00:00,3.167438662972616e-08,1.0152809427045994e-07,0.16234183468214677
2013-06-13 07:00:00,1.4105616793131748e-08,4.631203220288634e-08,0.17907842664466686
2013-06-13 08:00:00,2.3082377265114075e-08,6.312840181202502e-08,0.18337215804934412
2013-06-13 09:00:00,2.2817432440805502e-08,6.08920173617451e-08,0.20270572604227638
2013-06-13 10:00:00,2.259879625929809e-08,6.194859027426182e-08,0.20965167894944528
2013-06-13 11:00:00,2.30162938213116e-08,6.361595253028514e-08,0.19042009785083716
2013-06-13 12:00:00,2.354565383372808e-08,6.662847466974868e-08,0.17058339134022266
2013-06-13 13:00:00,2.398685405261017e-08,7.048225651481592e-08,0.15317622721349325
2013-06-13 14:00:00,1.519896782593577e-08,5.123279915604722e-08,0.14991775826625453
2013-06-13 15:00:00,3.182160215826835e-08,1.062452846461247e-07,0.15088070373672663
2013-06-13 16:00:00,7.820271853373343e-08,2.536731636274666e-07,0.15187058386527014
2013-06-13 17:00:00,5.835494776283908e-07,1.7574836401084105e-05,0.1512592221297071
2013-06-13 18:00:00,0.00018168805932779845,0.00014553864117531276,0.1755162820319499
2013-06-13 19:00:00,0.00022075380064460112,0.000176574621279615,0.21449059156872916
2013-06-13 20:00:00,0.00026835885469677083,0.00021450907924437703,0.21359707306371664
2013-06-13 21:00:00,0.00014216946600347614,0.00011617198268856878,0.15452090412012226
2013-06-13 22:00:00,0.026143790849673207,0.22960372960372957,0.13581532144948005
2013-06-13 23:00:00,0.029914529914529912,0.22848200312989045,0.0971156891348435
2013-06-14 00:00:00,0.0457516339869281,0.23300970873786403,0.09542173669251414
2013-06-14 01:00:00,0.04216867469879518,0.22588235294117642,0.09542173669251414
2013-06-14 02:00:00,0.037037037037037035,0.212860310421286,0.09542173669251414
2013-06-14 03:00:00,0.03465346534653465,0.20179372197309411,0.08930969013008924
2013-06-14 04:00:00,0.00813953488372093,0.10413223140495868,0.11833115594039728
2013-06-14 05:00:00,1.2105091807134657e-07,4.953645221962805e-07,0.13969250430640837
2013-06-14 06:00:00,3.167410203894324e-08,1.0915094310189641e-07,0.16234183468214677
2013-06-14 07:00:00,1.4166129286357298e-08,4.8817410436527725e-08,0.17907842664466686
2013-06-14 08:00:00,1.1416161799754254e-08,3.934088052719455e-08,0.18337215804934412
2013-06-14 09:00:00,1.019936546687621e-08,3.5147708729215526e-08,0.20270572604227638
2013-06-14 10:00:00,1.0045064419123685e-08,3.4442762853087615e-08,0.20965167894944528
2013-06-14 11:00:00,2.170672512548224e-08,6.30478284925053e-08,0.19042009785083716
2013-06-14 12:00:00,1.1085109324424276e-08,3.719286204261822e-08,0.17058339134022266
2013-06-14 13:00:00,1.2527646401567932e-08,4.168888249844641e-08,0.15317622721349325
2013-06-14 14:00:00,1.5149693171370493e-08,5.009129388767498e-08,0.14991775826625453
2013-06-14 15:00:00,3.222676781975904e-08,1.0565348542880397e-07,0.15088070373672663
2013-06-14 16:00:00,1.434086486191253e-07,1.6497936108192869e-06,0.15187058386527014
2013-06-14 17:00:00,5.786158900363646e-07,1.1784463460676357e-05,0.1512592221297071
2013-06-14 18:00:00,0.00020707436747619275,0.00016511546695413207,0.1755162820319499
2013-06-14 19:00:00,0.00018261120745850578,0.00014537775261297384,0.21449059156872916
2013-06-14 20:00:00,0.00015218750985970908,0.00012132875909965694,0.21359707306371664
2013-06-14 21:00:00,6.812163117245844e-05,5.578604975143221e-05,0.15452090412012226
2013-06-14 22:00:00,9.630733597054923e-05,7.851170747044327e-05,0.13581532144948005
2013-06-14 23:00:00,9.80651609410494e-05,7.95367007369055e-05,0.0971156891348435
2013-06-15 00:00:00,8.671554050880343e-05,6.895413409895948e-05,0.09542173669251414
2013-06-15 01:00:00,0.0001436590491899226,0.00011675619307635776,0.09542173669251414
2013-06-15 02:00:00,0.03043478260869565,0.22459016393442627,0.09542173669251414
2013-06-15 03:00:00,0.029914529914529912,0.2126537785588752,0.08930969013008924
2013-06-15 04:00:00,0.00954653937947494,0.13880813953488372,0.11833115594039728
2013-06-15 05:00:00,8.424900771518714e-08,3.6290922551542183e-07,0.13969250430640837
2013-06-15 06:00:00,2.1715050803772833e-08,7.483170349883112e-08,0.16234183468214677
2013-06-15 07:00:00,2.4353479651961505e-08,7.661411576775964e-08,0.17907842664466686
2013-06-15 08:00:00,2.4020387640295128e-08,7.199466418745843e-08,0.18337215804934412
2013-06-15 09:00:00,2.331075523513524e-08,6.846653373375643e-08,0.20270572604227638
2013-06-15 10:00:00,2.3158958878813662e-08,6.745788355578664e-08,0.20965167894944528
2013-06-15 11:00:00,2.36999313768487e-08,6.87143485265625e-08,0.19042009785083716
2013-06-15 12:00:00,2.4752873192849973e-08,7.209247229328586e-08,0.17058339134022266
2013-06-15 13:00:00,2.5454146194692324e-08,7.51860754335692e-08,0.15317622721349325
2013-06-15 14:00:00,2.5518773702474988e-08,7.84790016089765e-08,0.14991775826625453
2013-06-15 15:00:00,2.1063853069514193e-08,7.130117151389855e-08,0.15088070373672663
2013-06-15 16:00:00,5.944976389922599e-08,2.560842545879031e-07,0.15187058386527014
2013-06-15 17:00:00,5.799319899257114e-07,1.4800719552281354e-05,0.1512592221297071
2013-06-15 18:00:00,0.014814814814814815,0.21479885057471268,0.1755162820319499
2013-06-15 19:00:00,0.015625000000000003,0.21710037174721192,0.21449059156872916
2013-06-15 20:00:00,0.015904572564612328,0.21604938271604943,0.21359707306371664
2013-06-15 21:00:00,0.018018018018018018,0.19617706237424548,0.15452090412012226
2013-06-15 22:00:00,0.020833333333333332,0.18926553672316385,0.13581532144948005
2013-06-15 23:00:00,0.024305555555555552,0.1839863713798978,0.0971156891348435
2013-06-16 00:00:00,0.0319634703196347,0.18329466357308585,0.09542173669251414
2013-06-16 01:00:00,0.05405405405405405,0.19736842105263155,0.09542173669251414
2013-06-16 02:00:00,0.042253521126760556,0.16799999999999998,0.09542173669251414
2013-06-16 03:00:00,0.03676470588235294,0.14953271028037385,0.08930969013008924
2013-06-16 04:00:00,1.0083920910799906e-06,3.4750004126562993e-06,0.11833115594039728
2013-06-16 05:00:00,7.986254484714481e-08,2.752113554406946e-07,0.13969250430640837
2013-06-16 06:00:00,2.2217519020306946e-08,7.656309931560435e-08,0.16234183468214677
2013-06-16 07:00:00,2.6162148470166407e-08,8.145243207493331e-08,0.17907842664466686
2013-06-16 08:00:00,2.4850852637724172e-08,7.418190846794461e-08,0.18337215804934412
2013-06-16 09:00:00,2.390834896999127e-08,6.971426102547813e-08,0.20270572604227638
2013-06-16 10:00:00,2.4010188099054946e-08,6.918365449682943e-08,0.20965167894944528
2013-06-16 11:00:00,2.524118329253769e-08,7.187211736659268e-08,0.19042009785083716
2013-06-16 12:00:00,2.6824899236289758e-08,7.642894030739262e-08,0.17058339134022266
2013-06-16 13:00:00,2.7698270277644004e-08,8.105028607964884e-08,0.15317622721349325
2013-06-16 14:00:00,2.7663220539410114e-08,8.410252893045521e-08,0.14991775826625453
2013-06-16 15:00:00,3.206744630538605e-08,8.18237264914297e-08,0.15088070373672663
2013-06-16 16:00:00,6.01389739521265e-08,2.5905308945937335e-07,0.15187058386527014
2013-06-16 17:00:00,5.783546576310318e-07,1.7438396683914484e-05,0.1512592221297071
2013-06-16 18:00:00,0.014519056261343014,0.17828054298642532,0.1755162820319499
2013-06-16 19:00:00,0.00017232800572808583,0.00014088485911149104,0.21449059156872916
2013-06-16 20:00:00,0.0001506541936810314,0.00012310840734493537,0.21359707306371664
2013-06-16 21:00:00,0.00014907665645905676,0.00012141272106454672,0.15452090412012226
2013-06-16 22:00:00,0.019662921348314606,0.161189358372457,0.13581532144948005
2013-06-16 23:00:00,0.05128205128205128,0.21176470588235297,0.0971156891348435
2013-06-17 00:00:00,0.06741573033707865,0.21649484536082475,0.09542173669251414
2013-06-17 01:00:00,0.08064516129032258,0.2285714285714286,0.09542173669251414
2013-06-17 02:00:00,0.07812499999999999,0.23021582733812948,0.09542173669251414
2013-06-17 03:00:00,0.038709677419354833,0.1603053435114504,0.08930969013008924
2013-06-17 04:00:00,0.007712082262210797,0.055921052631578955,0.11833115594039728
2013-06-17 05:00:00,1.4384344447742294e-07,6.444010889188739e-07,0.13969250430640837
2013-06-17 06:00:00,3.318988260417688e-08,1.4296785580307812e-07,0.16234183468214677
2013-06-17 07:00:00,1.4696544319968224e-08,5.064524543290515e-08,0.17907842664466686
2013-06-17 08:00:00,1.1728518848281031e-08,4.0417213762071396e-08,0.18337215804934412
2013-06-17 09:00:00,1.0325112389364614e-08,3.558103014990168e-08,0.20270572604227638
2013-06-17 10:00:00,9.804029941605482e-09,3.3785252044040474e-08,0.20965167894944528
2013-06-17 11:00:00,9.837418944586605e-09,3.390030376621442e-08,0.19042009785083716
2013-06-17 12:00:00,2.0088599361280973e-08,6.137599832664478e-08,0.17058339134022266
2013-06-17 13:00:00,1.1865651516672027e-08,4.0889487629112965e-08,0.15317622721349325
2013-06-17 14:00:00,1.477142086644443e-08,5.090336775090309e-08,0.14991775826625453
2013-06-17 15:00:00,3.1962021958420475e-08,1.3767872097716502e-07,0.15088070373672663
2013-06-17 16:00:00,1.4060903679415092e-07,2.491940993606095e-06,0.15187058386527014
2013-06-17 17:00:00,5.737025644791484e-07,2.4268245601770114e-05,0.1512592221297071
2013-06-17 18:00:00,0.00034122139817920776,0.000252688046937706,0.1755162820319499
2013-06-17 19:00:00,0.3335400084383161,0.32499882527437196,0.21449059156872916
2013-06-17 20:00:00,0.00016291218722799488,0.00012567166726432604,0.21359707306371664
2013-06-17 21:00:00,0.00012686003724303156,0.00010074435288621019,0.15452090412012226
2013-06-17 22:00:00,0.00010355826187813264,8.434167278480956e-05,0.13581532144948005
2013-06-17 23:00:00,7.792014601763123e-05,6.350841788113211e-05,0.0971156891348435
2013-06-18 00:00:00,8.596516364082937e-05,6.971315905590338e-05,0.09542173669251414
2013-06-18 01:00:00,8.193686612729956e-05,6.657695497984223e-05,0.09542173669251414
2013-06-18 02:00:00,9.910693638435875e-05,8.053386228268267e-05,0.09542173669251414
2013-06-18 03:00:00,0.00013624301014121887,0.00010980636093410194,0.08930969013008924
2013-06-18 04:00:00,0.00021812893843916624,0.00017503413570817925,0.11833115594039728
2013-06-18 05:00:00,1.38382650557487e-07,8.345303280004621e-07,0.13969250430640837
2013-06-18 06:00:00,3.3624361145544324e-08,1.44839388519387e-07,0.16234183468214677
2013-06-18 07:00:00,2.230210588749948e-08,7.685440406445029e-08,0.17907842664466686
2013-06-18 08:00:00,1.1847461867003962e-08,4.0827116345916334e-08,0.18337215804934412
2013-06-18 09:00:00,1.0408527902590917e-08,3.5868452486374675e-08,0.20270572604227638
2013-06-18 10:00:00,9.869387343568731e-09,3.401057745964284e-08,0.20965167894944528
2013-06-18 11:00:00,9.915926036235094e-09,3.4170952800465915e-08,0.19042009785083716
2013-06-18 12:00:00,1.0583607138746738e-08,3.647181691180735e-08,0.17058339134022266
2013-06-18 13:00:00,1.2020301399561557e-08,4.14227254319343e-08,0.15317622721349325
2013-06-18 14:00:00,2.2963286076242875e-08,7.913286053163711e-08,0.14991775826625453
2013-06-18 15:00:00,3.595304862617469e-08,1.5487034239447701e-07,0.15088070373672663
2013-06-18 16:00:00,1.927041347418143e-07,9.396274824665713e-06,0.15187058386527014
2013-06-18 17:00:00,0.26397460591031674,0.28297111109546347,0.1512592221297071
2013-06-18 18:00:00,0.34137708927280874,0.3413778838350144,0.1755162820319499
2013-06-18 19:00:00,0.3413771975623324,0.34137795518575725,0.21449059156872916
2013-06-18 20:00:00,0.34137727970569975,0.3413780000379229,0.21359707306371664
2013-06-18 21:00:00,0.341377558239944,0.3413781810646377,0.15452090412012226
2013-06-18 22:00:00,0.25460122699386506,0.3021189336978811,0.13581532144948005
2013-06-18 23:00:00,0.25306748466257667,0.3020689655172414,0.0971156891348435
2013-06-19 00:00:00,0.2507598784194529,0.30000000000000004,0.09542173669251414
2013-06-19 01:00:00,0.2459016393442623,0.29753761969904247,0.09542173669251414
2013-06-19 02:00:00,0.23843930635838154,0.2935222672064778,0.09542173669251414
2013-06-19 03:00:00,0.2247956403269755,0.2852459016393443,0.08930969013008924
2013-06-19 04:00:00,1.6781606687805897e-06,7.91388107388114e-05,0.11833115594039728
2013-06-19 05:00:00,1.8654515364085373e-07,2.5484099746970446e-06,0.13969250430640837
2013-06-19 06:00:00,4.5705275767980325e-08,1.870348504793201e-07,0.16234183468214677
2013-06-19 07:00:00,2.2649621246238638e-08,7.805194419327617e-08,0.17907842664466686
2013-06-19 08:00:00,1.1993030394302717e-08,4.1328753521952425e-08,0.18337215804934412
2013-06-19 09:00:00,1.0508192531040506e-08,3.62118994519578e-08,0.20270572604227638
2013-06-19 10:00:00,9.966675424052139e-09,3.434579676182161e-08,0.20965167894944528
2013-06-19 11:00:00,9.994567552752379e-09,3.444192222899441e-08,0.19042009785083716
2013-06-19 12:00:00,1.0648003981075729e-08,3.6693710803004106e-08,0.17058339134022266
2013-06-19 13:00:00,1.2308514516462008e-08,4.241592003513226e-08,0.15317622721349325
2013-06-19 14:00:00,2.3935092242414813e-08,8.248173349219866e-08,0.14991775826625453
2013-06-19 15:00:00,4.8439448098366576e-08,1.982235621671344e-07,0.15088070373672663
2013-06-19 16:00:00,1.8400576784479889e-07,1.4742091566340694e-05,0.15187058386527014
2013-06-19 17:00:00,6.055610182205741e-07,2.901723767373827e-05,0.1512592221297071
2013-06-19 18:00:00,0.33670727639318243,0.3315160998763595,0.1755162820319499
2013-06-19 19:00:00,0.33634833584980933,0.33077100687321304,0.21449059156872916
2013-06-19 20:00:00,0.33662294342750765,0.33133992269353163,0.21359707306371664
2013-06-19 21:00:00,0.00023228641194455912,0.00018841967622938586,0.15452090412012226
2013-06-19 22:00:00,0.0002494549786678197,0.0001994873311912302,0.13581532144948005
2013-06-19 23:00:00,0.00027811301594429577,0.00022625683755832826,0.0971156891348435
2013-06-20 00:00:00,0.22368421052631582,0.28586171310629516,0.09542173669251414
2013-06-20 01:00:00,0.21691973969631234,0.2815734989648033,0.09542173669251414
2013-06-20 02:00:00,0.03864734299516908,0.2781725888324873,0.09542173669251414
2013-06-20 03:00:00,0.03389830508474576,0.2702169625246549,0.08930969013008924
2013-06-20 04:00:00,1.2973550821939313e-06,6.048526785614508e-05,0.11833115594039728
2013-06-20 05:00:00,2.1561290217904064e-07,4.899195682095048e-06,0.13969250430640837
2013-06-20 06:00:00,4.5994861201134877e-08,1.8821987663712656e-07,0.16234183468214677
2013-06-20 07:00:00,2.273398855416425e-08,7.834265128858744e-08,0.17907842664466686
2013-06-20 08:00:00,1.202650094805809e-08,4.144408065463619e-08,0.18337215804934412
2013-06-20 09:00:00,1.0527082493513397e-08,3.605205906513388e-08,0.20270572604227638
2013-06-20 10:00:00,9.957721258139161e-09,3.4056766311911806e-08,0.20965167894944528
2013-06-20 11:00:00,1.0005101851561659e-08,3.4213581205939266e-08,0.19042009785083716
2013-06-20 12:00:00,1.071649838415298e-08,3.659747191800497e-08,0.17058339134022266
2013-06-20 13:00:00,1.8316777195290017e-08,6.218914303391994e-08,0.15317622721349325
2013-06-20 14:00:00,2.2646535939437305e-08,7.603362967440498e-08,0.14991775826625453
2013-06-20 15:00:00,5.4292161867737234e-08,2.3296339999831908e-07,0.15088070373672663
2013-06-20 16:00:00,1.6279087040310377e-07,6.317987260371001e-06,0.15187058386527014
2013-06-20 17:00:00,5.635882536936166e-07,5.6439755546979364e-05,0.1512592221297071
2013-06-20 18:00:00,0.3325006279429408,0.3228888331007679,0.1755162820319499
2013-06-20 19:00:00,0.329494679193805,0.31686767219582673,0.21449059156872916
2013-06-20 20:00:00,0.3241971087824863,0.30653445707458676,0.21359707306371664
2013-06-20 21:00:00,0.3086236570889992,0.2722410454095375,0.15452090412012226
2013-06-20 22:00:00,8.630967391061332e-05,6.93720842045858e-05,0.13581532144948005
2013-06-20 23:00:00,9.321007007702541e-05,7.469449104362125e-05,0.0971156891348435
2013-06-21 00:00:00,6.024044045029731e-05,4.960718075255312e-05,0.09542173669251414
2013-06-21 01:00:00,6.728506626644513e-05,5.504181118262386e-05,0.09542173669251414
2013-06-21 02:00:00,0.00013992038953836448,0.0001118813965448782,0.09542173669251414
2013-06-21 03:00:00,0.00013714775883938085,0.00010966621501173105,0.08930969013008924
2013-06-21 04:00:00,2.516379269941755e-06,5.784902754063797e-05,0.11833115594039728
2013-06-21 05:00:00,1.9231481957943988e-07,2.744518422755562e-06,0.13969250430640837
2013-06-21 06:00:00,4.55216070583983e-08,1.833836641059873e-07,0.16234183468214677
2013-06-21 07:00:00,2.2556724240324307e-08,7.706189701473769e-08,0.17907842664466686
2013-06-21 08:00:00,1.1943096257975945e-08,4.0748643034531884e-08,0.18337215804934412
2013-06-21 09:00:00,1.0459874063848465e-08,3.5656436171028074e-08,0.20270572604227638
2013-06-21 10:00:00,9.88484628550014e-09,3.3600052086800747e-08,0.20965167894944528
2013-06-21 11:00:00,9.874177503230883e-09,3.352204470628104e-08,0.19042009785083716
2013-06-21 12:00:00,1.0469231587924682e-08,3.5501123812481306e-08,0.17058339134022266
2013-06-21 13:00:00,1.189854286220127e-08,4.016447493059742e-08,0.15317622721349325
2013-06-21 14:00:00,2.2237391747265107e-08,7.440945724855171e-08,0.14991775826625453
2013-06-21 15:00:00,3.207051990898857e-08,1.3180565424992088e-07,0.15088070373672663
2013-06-21 16:00:00,1.6006808335857574e-07,8.70192092307963e-06,0.15187058386527014
2013-06-21 17:00:00,0.2513674964532697,0.26531885877556044,0.1512592221297071
2013-06-21 18:00:00,0.3303266693273845,0.3185229873031171,0.1755162820319499
2013-06-21 19:00:00,0.3294067459210851,0.31669339497489624,0.21449059156872916
2013-06-21 20:00:00,0.3292115071164721,0.31630636375032445,0.21359707306371664
2013-06-21 21:00:00,0.32972933699881907,0.31733167717272287,0.15452090412012226
2013-06-21 22:00:00,0.0003064683345646104,0.00022761469773765837,0.13581532144948005
2013-06-21 23:00:00,0.00027843255795359783,0.00020383702650049975,0.0971156891348435
2013-06-22 00:00:00,0.00035083184075927396,0.0002561597343794328,0.09542173669251414
2013-06-22 01:00:00,0.000413859180161972,0.00030448671974923024,0.09542173669251414
2013-06-22 02:00:00,0.00018389541446813798,0.00014583059346059661,0.09542173669251414
2013-06-22 03:00:00,0.0001527849926246517,0.000122171581776898,0.08930969013008924
2013-06-22 04:00:00,1.3712189708144612e-06,4.1544705581366954e-05,0.11833115594039728
2013-06-22 05:00:00,1.0479236166379983e-07,4.692813644893213e-07,0.13969250430640837
2013-06-22 06:00:00,3.5066057907433457e-08,1.1076990400237041e-07,0.16234183468214677
2013-06-22 07:00:00,2.409946504730472e-08,7.706108740283945e-08,0.17907842664466686
2013-06-22 08:00:00,2.3238195348240803e-08,7.050243258949566e-08,0.18337215804934412
2013-06-22 09:00:00,2.2332267447706458e-08,6.559117096924935e-08,0.20270572604227638
2013-06-22 10:00:00,2.1761324857311814e-08,6.342921520792183e-08,0.20965167894944528
2013-06-22 11:00:00,2.204188409837315e-08,6.378488521945784e-08,0.19042009785083716
2013-06-22 12:00:00,2.2658610443040864e-08,6.591226671939208e-08,0.17058339134022266
2013-06-22 13:00:00,2.3152266518334728e-08,6.916082741800777e-08,0.15317622721349325
2013-06-22 14:00:00,1.7970186077592947e-08,5.8721812007139575e-08,0.14991775826625453
2013-06-22 15:00:00,3.597307602319659e-08,1.4604080742340614e-07,0.15088070373672663
2013-06-22 16:00:00,1.7899690180975046e-07,4.037010055322002e-06,0.15187058386527014
2013-06-22 17:00:00,6.207670958676233e-07,2.114371319672422e-05,0.1512592221297071
2013-06-22 18:00:00,0.3283993013028221,0.3107388248182925,0.1755162820319499
2013-06-22 19:00:00,0.3311553024416209,0.320144117673015,0.21449059156872916
2013-06-22 20:00:00,0.2687355249554742,0.2594359190996256,0.21359707306371664
2013-06-22 21:00:00,0.000359857389849208,0.0002615249016221221,0.15452090412012226
2013-06-22 22:00:00,7.936132763910057e-05,6.210832355222284e-05,0.13581532144948005
2013-06-22 23:00:00,8.031019132448189e-05,6.330583046698601e-05,0.0971156891348435
2013-06-23 00:00:00,8.563992692723444e-05,6.807853060496527e-05,0.09542173669251414
2013-06-23 01:00:00,9.03211916095814e-05,7.211653021335448e-05,0.09542173669251414
2013-06-23 02:00:00,0.00011201949911832928,8.899847309576157e-05,0.09542173669251414
2013-06-23 03:00:00,0.00011762123952704786,9.376295302864037e-05,0.08930969013008924
2013-06-23 04:00:00,2.7088020830688026e-06,5.2446991991895724e-05,0.11833115594039728
2013-06-23 05:00:00,1.2212141506480007e-07,3.823157827529752e-07,0.13969250430640837
2013-06-23 06:00:00,3.756050810052455e-08,1.1529108488732702e-07,0.16234183468214677
2013-06-23 07:00:00,2.5653586689523673e-08,8.001792401497935e-08,0.17907842664466686
2013-06-23 08:00:00,2.4192734711289407e-08,7.267707137057383e-08,0.18337215804934412
2013-06-23 09:00:00,2.3176795633250663e-08,6.825485009579738e-08,0.20270572604227638
2013-06-23 10:00:00,2.3045728821577284e-08,6.892804771695744e-08,0.20965167894944528
2013-06-23 11:00:00,2.3738831547411583e-08,6.938513280422833e-08,0.19042009785083716
2013-06-23 12:00:00,2.4807505848276478e-08,7.2415959807694e-08,0.17058339134022266
2013-06-23 13:00:00,1.3564300454029694e-08,4.597533973577869e-08,0.15317622721349325
2013-06-23 14:00:00,2.4869050769719507e-08,8.398441786704661e-08,0.14991775826625453
2013-06-23 15:00:00,3.495973559066327e-08,1.4703725374090468e-07,0.15088070373672663
2013-06-23 16:00:00,1.6813538883610023e-07,2.8788952516497563e-06,0.15187058386527014
2013-06-23 17:00:00,5.669490663589079e-07,2.6068385617235272e-05,0.1512592221297071
2013-06-23 18:00:00,0.2550335570469799,0.30049610205528,0.1755162820319499
2013-06-23 19:00:00,0.24654622741764082,0.2962588473205258,0.21449059156872916
2013-06-23 20:00:00,0.25054704595186,0.2999499248873311,0.21359707306371664
2013-06-23 21:00:00,0.2461139896373057,0.2975206611570248,0.15452090412012226
2013-06-23 22:00:00,0.0003213941692283041,0.00024082345011425276,0.13581532144948005
2013-06-23 23:00:00,0.00043219853181899944,0.00032366047549302785,0.0971156891348435
2013-06-24 00:00:00,0.25384615384615394,0.30130784708249503,0.09542173669251414
2013-06-24 01:00:00,0.0006453667694783426,0.0005032801430357455,0.09542173669251414
2013-06-24 02:00:00,0.00022528580034517358,0.00017569733047444842,0.09542173669251414
2013-06-24 03:00:00,7.371224704413888e-05,5.8699788606924806e-05,0.08930969013008924
2013-06-24 04:00:00,1.5927320451316555e-06,2.16416577367246e-05,0.11833115594039728
2013-06-24 05:00:00,3.6214568967183586e-07,8.635890154270516e-06,0.13969250430640837
2013-06-24 06:00:00,8.757813611831807e-08,2.1716372797316787e-07,0.16234183468214677
2013-06-24 07:00:00,5.583827508272068e-08,1.7905893143383482e-07,0.17907842664466686
2013-06-24 08:00:00,5.8934962714795843e-08,1.9410625850209674e-07,0.18337215804934412
2013-06-24 09:00:00,6.43444759591772e-08,2.1103873858037733e-07,0.20270572604227638
2013-06-24 10:00:00,7.763114462154352e-08,2.654979282665662e-07,0.20965167894944528
2013-06-24 11:00:00,8.324391087440735e-08,2.7498185898845945e-07,0.19042009785083716
2013-06-24 12:00:00,7.324994169304642e-08,2.373581769069103e-07,0.17058339134022266
2013-06-24 13:00:00,6.178593098515627e-08,2.0144810026786423e-07,0.15317622721349325
2013-06-24 14:00:00,6.790660659527525e-08,2.1075697117672206e-07,0.14991775826625453
2013-06-24 15:00:00,2.1742236384148683e-07,3.3967165639334736e-06,0.15088070373672663
2013-06-24 16:00:00,3.170527913902412e-07,9.807316106247648e-06,0.15187058386527014
2013-06-24 17:00:00,9.095125922018391e-07,1.792614778115659e-05,0.1512592221297071
2013-06-24 18:00:00,3.6105236760090056e-05,2.9214179739358537e-05,0.1755162820319499
2013-06-24 19:00:00,3.415758747017384e-05,2.769996951148446e-05,0.21449059156872916
2013-06-24 20:00:00,3.7660459648178706e-05,3.060895249824612e-05,0.21359707306371664
2013-06-24 21:00:00,3.3004011487578085e-05,2.7046985531501952e-05,0.15452090412012226
2013-06-24 22:00:00,4.09877283500352e-05,3.375608650179631e-05,0.13581532144948005
2013-06-24 23:00:00,4.9232639997552715e-05,4.050428117325104e-05,0.0971156891348435
2013-06-25 00:00:00,5.056298412818014e-05,4.1560048013027516e-05,0.09542173669251414
2013-06-25 01:00:00,5.5370264213872535e-05,4.5511913599791724e-05,0.09542173669251414
2013-06-25 02:00:00,5.452271545606565e-05,4.476085205744525e-05,0.09542173669251414
2013-06-25 03:00:00,5.4905097615342435e-05,4.5130251729750356e-05,0.08930969013008924
2013-06-25 04:00:00,2.009188521405518e-06,2.5900775511618667e-05,0.11833115594039728
2013-06-25 05:00:00,4.951693751606206e-07,1.0623221053107815e-05,0.13969250430640837
2013-06-25 06:00:00,1.3525069771777433e-07,5.478817920589676e-07,0.16234183468214677
2013-06-25 07:00:00,5.2235789288347976e-08,2.096836640951016e-07,0.17907842664466686
2013-06-25 08:00:00,3.708550137749769e-08,1.4896251629389245e-07,0.18337215804934412
2013-06-25 09:00:00,3.101675785800255e-08,1.2633028633946905e-07,0.20270572604227638
2013-06-25 10:00:00,2.919580789462042e-08,1.226483978770936e-07,0.20965167894944528
2013-06-25 11:00:00,2.6910399537356414e-08,1.1307245928935408e-07,0.19042009785083716
2013-06-25 12:00:00,2.7762589841707244e-08,1.163417337701226e-07,0.17058339134022266
2013-06-25 13:00:00,3.2632605775246774e-08,1.3532478489674358e-07,0.15317622721349325
2013-06-25 14:00:00,3.652253106594318e-08,1.5047047150915353e-07,0.14991775826625453
2013-06-25 15:00:00,8.37183736681202e-08,3.498063135895743e-07,0.15088070373672663
2013-06-25 16:00:00,2.19685356746227e-07,9.263455842642842e-06,0.15187058386527014
2013-06-25 17:00:00,6.078024666295554e-07,2.1867293297674595e-05,0.1512592221297071
2013-06-25 18:00:00,9.97587161173427e-05,8.036693556179107e-05,0.1755162820319499
2013-06-25 19:00:00,9.06673279191466e-05,7.320472390411627e-05,0.21449059156872916
2013-06-25 20:00:00,8.519317038172186e-05,6.878376727768036e-05,0.21359707306371664
2013-06-25 21:00:00,8.598973406897724e-05,6.911524546886522e-05,0.15452090412012226
2013-06-25 22:00:00,0.00012613368346828116,0.00010093034025398826,0.13581532144948005
2013-06-25 23:00:00,0.00013962750871362924,0.00011224860443250859,0.0971156891348435
2013-06-26 00:00:00,9.991033047839565e-05,8.050253095078369e-05,0.09542173669251414
2013-06-26 01:00:00,7.972812708663456e-05,6.423917457602145e-05,0.09542173669251414
2013-06-26 02:00:00,6.93450017856338e-05,5.6002884018287673e-05,0.09542173669251414
2013-06-26 03:00:00,6.0986742479452454e-05,4.9331824640116845e-05,0.08930969013008924
2013-06-26 04:00:00,4.7174647230216734e-05,3.851241606804977e-05,0.11833115594039728
2013-06-26 05:00:00,2.3245406228292784e-07,6.5893610587594116e-06,0.13969250430640837
2013-06-26 06:00:00,4.314501487127767e-08,1.3708425910545991e-07,0.16234183468214677
2013-06-26 07:00:00,2.1418614832476445e-08,6.785557091014033e-08,0.17907842664466686
2013-06-26 08:00:00,1.7686873223640995e-08,5.666092896065206e-08,0.18337215804934412
2013-06-26 09:00:00,1.6915841809340093e-08,5.505912136039306e-08,0.20270572604227638
2013-06-26 10:00:00,1.9249747383960934e-08,6.439392148641262e-08,0.20965167894944528
2013-06-26 11:00:00,2.2108151529712747e-08,7.336224698438521e-08,0.19042009785083716
2013-06-26 12:00:00,2.4349160336250216e-08,7.977292795603171e-08,0.17058339134022266
2013-06-26 13:00:00,2.701691028940379e-08,1.0956604163281687e-07,0.15317622721349325
2013-06-26 14:00:00,2.90009441547379e-08,1.1649247856992717e-07,0.14991775826625453
2013-06-26 15:00:00,4.804119820993692e-08,2.0425743615676192e-07,0.15088070373672663
2013-06-26 16:00:00,1.6560605305028444e-07,6.2302301828559705e-06,0.15187058386527014
2013-06-26 17:00:00,5.311798593595087e-07,2.7396167828985887e-05,0.1512592221297071
2013-06-26 18:00:00,3.190842359316529e-05,2.5645168025812444e-05,0.1755162820319499
2013-06-26 19:00:00,2.5776557618370297e-05,2.076322440090399e-05,0.21449059156872916
2013-06-26 20:00:00,2.0750200142164807e-05,1.6795512800129184e-05,0.21359707306371664
2013-06-26 21:00:00,1.4185238582817292e-05,1.1589300687153943e-05,0.15452090412012226
2013-06-26 22:00:00,2.3124191108511812e-05,1.8875514993806373e-05,0.13581532144948005
2013-06-26 23:00:00,2.1340258669254025e-05,1.7443685019216585e-05,0.0971156891348435
2013-06-27 00:00:00,1.85571662864007e-05,1.513494537526441e-05,0.09542173669251414
2013-06-27 01:00:00,1.703566691171078e-05,1.392502937704017e-05,0.09542173669251414
2013-06-27 02:00:00,1.4801463737893991e-05,1.2071868535064353e-05,0.09542173669251414
2013-06-27 03:00:00,1.183527605059725e-05,9.671266286217268e-06,0.08930969013008924
2013-06-27 04:00:00,9.585389718941037e-06,1.091602179563e-05,0.11833115594039728
2013-06-27 05:00:00,2.0032920957563317e-07,1.813956101433108e-06,0.13969250430640837
2013-06-27 06:00:00,4.3869447594819154e-08,1.544648725864386e-07,0.16234183468214677
2013-06-27 07:00:00,2.1169856278339692e-08,6.585983213283758e-08,0.17907842664466686
2013-06-27 08:00:00,1.1147608567354104e-08,3.569630386057445e-08,0.18337215804934412
2013-06-27 09:00:00,9.967943393086139e-09,3.269325190643036e-08,0.20270572604227638
2013-06-27 10:00:00,1.4886916968969912e-08,4.991129722664133e-08,0.20965167894944528
2013-06-27 11:00:00,1.5885586583147953e-08,5.3810581050779665e-08,0.19042009785083716
2013-06-27 12:00:00,1.816374701487143e-08,6.162250958533001e-08,0.17058339134022266
2013-06-27 13:00:00,2.222558421226073e-08,9.397871070193283e-08,0.15317622721349325
2013-06-27 14:00:00,2.7423832590299823e-08,1.1549352577942537e-07,0.14991775826625453
2013-06-27 15:00:00,6.142387671392579e-08,2.652005942614916e-07,0.15088070373672663
2013-06-27 16:00:00,1.6367314285148447e-07,7.16358548915469e-06,0.15187058386527014
2013-06-27 17:00:00,5.073939990511733e-07,1.774051422372671e-05,0.1512592221297071
2013-06-27 18:00:00,0.00011006609758807792,8.403958501854332e-05,0.1755162820319499
2013-06-27 19:00:00,9.287894052237072e-05,7.118047000210603e-05,0.21449059156872916
2013-06-27 20:00:00,8.395607515488276e-05,6.67904320999692e-05,0.21359707306371664
2013-06-27 21:00:00,7.251153304669437e-05,5.8018672824171796e-05,0.15452090412012226
2013-06-27 22:00:00,8.512666848270227e-05,6.842982178028497e-05,0.13581532144948005
2013-06-27 23:00:00,6.520082179115785e-05,5.348921095184737e-05,0.0971156891348435
2013-06-28 00:00:00,7.027993087607546e-05,5.743755097335925e-05,0.09542173669251414
2013-06-28 01:00:00,7.145726469315866e-05,5.8230245485946874e-05,0.09542173669251414
2013-06-28 02:00:00,6.155854316743195e-05,5.0324893934815936e-05,0.09542173669251414
2013-06-28 03:00:00,5.897138090118338e-05,4.797818418997805e-05,0.08930969013008924
2013-06-28 04:00:00,1.1803346219144763e-06,2.9896633614549564e-05,0.11833115594039728
2013-06-28 05:00:00,1.795792115307914e-07,1.6112886719093591e-06,0.13969250430640837
2013-06-28 06:00:00,4.6251337747676644e-08,1.5694012119367362e-07,0.16234183468214677
2013-06-28 07:00:00,2.409857125354695e-08,8.185425871064372e-08,0.17907842664466686
2013-06-28 08:00:00,2.0395288150001744e-08,6.955991753045739e-08,0.18337215804934412
2013-06-28 09:00:00,1.2582217240335249e-08,4.335911003518852e-08,0.20270572604227638
2013-06-28 10:00:00,1.847790658918084e-08,5.793951615953121e-08,0.20965167894944528
2013-06-28 11:00:00,1.8492974241690966e-08,5.841724807273665e-08,0.19042009785083716
2013-06-28 12:00:00,1.984535572700914e-08,6.838829682702409e-08,0.17058339134022266
2013-06-28 13:00:00,2.225088366788551e-08,7.667782780608453e-08,0.15317622721349325
2013-06-28 14:00:00,2.6243223966767748e-08,9.043565613849423e-08,0.14991775826625453
2013-06-28 15:00:00,3.9008397181627705e-08,1.6803147054690616e-07,0.15088070373672663
2013-06-28 16:00:00,2.0702870207107633e-07,9.22981003022183e-06,0.15187058386527014
2013-06-28 17:00:00,6.350931685647616e-07,2.9269780524517215e-05,0.1512592221297071
2013-06-28 18:00:00,0.0004363855638365961,0.00034913840753120976,0.1755162820319499
2013-06-28 19:00:00,0.00021309097444191985,0.0001705437722584703,0.21449059156872916
2013-06-28 20:00:00,0.00013683509546528493,0.00010991276017359737,0.21359707306371664
2013-06-28 21:00:00,8.452393215897894e-05,6.885909801328603e-05,0.15452090412012226
2013-06-28 22:00:00,9.313232504849482e-05,7.560899705292004e-05,0.13581532144948005
2013-06-28 23:00:00,9.141079602431254e-05,7.380143396186188e-05,0.0971156891348435
2013-06-29 00:00:00,7.259860389728244e-05,5.849338123677773e-05,0.09542173669251414
2013-06-29 01:00:00,5.36108680577839e-05,4.3156060310300304e-05,0.09542173669251414
2013-06-29 02:00:00,5.07716571724868e-05,4.079323252175e-05,0.09542173669251414
2013-06-29 03:00:00,6.130586111022216e-05,4.901243421123525e-05,0.08930969013008924
2013-06-29 04:00:00,1.692346411705815e-06,1.0392521409625108e-05,0.11833115594039728
2013-06-29 05:00:00,1.7427356243916765e-07,5.777732515494282e-07,0.13969250430640837
2013-06-29 06:00:00,5.3840369871855075e-08,2.175300633073393e-07,0.16234183468214677
2013-06-29 07:00:00,2.2712093564104708e-08,7.428391306000238e-08,0.17907842664466686
2013-06-29 08:00:00,1.6273780050928306e-08,5.365452146048734e-08,0.18337215804934412
2013-06-29 09:00:00,1.4122180843761614e-08,4.695804162802214e-08,0.20270572604227638
2013-06-29 10:00:00,1.6257774955717075e-08,5.477124801957437e-08,0.20965167894944528
2013-06-29 11:00:00,1.875240898133877e-08,6.325532141519266e-08,0.19042009785083716
2013-06-29 12:00:00,2.10071341067712e-08,7.113121437298658e-08,0.17058339134022266
2013-06-29 13:00:00,2.4845630371656343e-08,8.425164377853164e-08,0.15317622721349325
2013-06-29 14:00:00,3.866951850068996e-08,1.202878137454744e-07,0.14991775826625453
2013-06-29 15:00:00,4.63239498356712e-08,1.947166594160673e-07,0.15088070373672663
2013-06-29 16:00:00,1.9640111648142688e-07,4.068747390840943e-06,0.15187058386527014
2013-06-29 17:00:00,5.644787095565117e-07,2.4975093314560557e-05,0.1512592221297071
2013-06-29 18:00:00,0.0002955543400983439,0.00022158401691189898,0.1755162820319499
2013-06-29 19:00:00,0.00016502416056850825,0.00012931483068392933,0.21449059156872916
2013-06-29 20:00:00,8.760181071887316e-05,7.041520867007874e-05,0.21359707306371664
2013-06-29 21:00:00,6.759167581885267e-05,5.416549923602026e-05,0.15452090412012226
2013-06-29 22:00:00,5.653713188864196e-05,4.502794546865649e-05,0.13581532144948005
2013-06-29 23:00:00,3.0137550326525496e-05,2.4489802165765858e-05,0.0971156891348435
2013-06-30 00:00:00,1.579096017158908e-05,1.2201169631234558e-05,0.09542173669251414
2013-06-30 01:00:00,1.0415598400164087e-05,7.824130871468549e-06,0.09542173669251414
2013-06-30 02:00:00,1.5003343602288512e-05,1.1914802080646466e-05,0.09542173669251414
2013-06-30 03:00:00,1.546162877503229e-05,1.2322491729032445e-05,0.08930969013008924
2013-06-30 04:00:00,1.4747270132825711e-06,1.8471218254280898e-06,0.11833115594039728
2013-06-30 05:00:00,1.0363709192247325e-07,3.5655565243040583e-07,0.13969250430640837
2013-06-30 06:00:00,4.17297684519473e-08,1.352861864280627e-07,0.16234183468214677
2013-06-30 07:00:00,2.7189224344856267e-08,7.980146194283243e-08,0.17907842664466686
2013-06-30 08:00:00,2.5622456258591773e-08,7.059494534367257e-08,0.18337215804934412
2013-06-30 09:00:00,2.4630703548829944e-08,6.63122657358613e-08,0.20270572604227638
2013-06-30 10:00:00,2.4897153283145906e-08,6.967086265242896e-08,0.20965167894944528
2013-06-30 11:00:00,2.6255128036741954e-08,7.246393155361375e-08,0.19042009785083716
2013-06-30 12:00:00,2.8102683439528455e-08,7.22888964300264e-08,0.17058339134022266
2013-06-30 13:00:00,2.935442515317286e-08,7.248450236036723e-08,0.15317622721349325
2013-06-30 14:00:00,2.970818378914427e-08,7.448936122923909e-08,0.14991775826625453
2013-06-30 15:00:00,2.924251376660787e-08,7.804776548613276e-08,0.15088070373672663
2013-06-30 16:00:00,5.5949348830706174e-08,1.9174647495837056e-07,0.15187058386527014
2013-06-30 17:00:00,5.119476748520488e-07,8.211682717070765e-06,0.1512592221297071
2013-06-30 18:00:00,4.6284435457006655e-05,3.722099436474146e-05,0.1755162820319499
2013-06-30 19:00:00,4.5548340768183756e-05,3.643699434820683e-05,0.21449059156872916
2013-06-30 20:00:00,4.8694959575429585e-05,3.858651446057591e-05,0.21359707306371664
2013-06-30 21:00:00,3.478994329239243e-05,2.7949299117986263e-05,0.15452090412012226
2013-06-30 22:00:00,4.8301164058053815e-05,3.9127655237394426e-05,0.13581532144948005
2013-06-30 23:00:00,4.6317404488445976e-05,3.697232338864828e-05,0.0971156891348435
2013-07-01 00:00:00,3.816556064429697e-05,3.0662238820922225e-05,0.1211285505646596
2013-07-01 01:00:00,2.7343744522487077e-05,2.1489917015210647e-05,0.10946494257858508
2013-07-01 02:00:00,2.392720907957827e-05,1.8519833870553767e-05,0.108562208393955
2013-07-01 03:00:00,2.0885453729023172e-05,1.5689983850523764e-05,0.10872836794805771
2013-07-01 04:00:00,1.952077283520485e-05,1.4785202687527417e-05,0.11700315506828932
2013-07-01 05:00:00,1.3134204347795963e-07,5.633230549920833e-07,0.13303761269903655
2013-07-01 06:00:00,3.379939773529164e-08,1.4269039078959787e-07,0.1989053850289886
2013-07-01 07:00:00,1.4721580428789435e-08,4.9997138601261426e-08,0.2252724097872121
2013-07-01 08:00:00,1.1612992248757354e-08,3.952269117750675e-08,0.23709637011611623
2013-07-01 09:00:00,1.0073837095637816e-08,3.431572843954899e-08,0.2533939345648531
2013-07-01 10:00:00,9.611580416549074e-09,3.2774433781815e-08,0.2566402417949039
2013-07-01 11:00:00,2.1866773924650554e-08,6.27653173323827e-08,0.250518183382696
2013-07-01 12:00:00,2.257801358455859e-08,6.581894227528202e-08,0.2383273447955617
2013-07-01 13:00:00,2.3140222354165203e-08,6.886394233278379e-08,0.22609360179167556
2013-07-01 14:00:00,1.4464733129145305e-08,4.875942730004739e-08,0.21970003446575814
2013-07-01 15:00:00,3.006395926950832e-08,1.0055612902343507e-07,0.21643119960034266
2013-07-01 16:00:00,7.252638255955177e-08,3.729997645177886e-07,0.223150010155829
2013-07-01 17:00:00,5.195269732884558e-07,2.1483089286100575e-05,0.23116442115495836
2013-07-01 18:00:00,0.0005729774769446003,0.00042870611175310487,0.24097512774034638
2013-07-01 19:00:00,0.11752515237600461,0.2491690360492041,0.2606361344860635
2013-07-01 20:00:00,0.018677826491551988,0.18947767689283362,0.2561320855986919
2013-07-01 21:00:00,0.0002489151199440991,0.00020056726733182887,0.19051648419389353
2013-07-01 22:00:00,0.0003988831272437177,0.0003193092517327224,0.12903209929763046
2013-07-01 23:00:00,0.0004763802033710395,0.00038023176775651974,0.1285557051180251
2013-07-02 00:00:00,0.00048077623508501,0.0003819954002847442,0.1211285505646596
2013-07-02 01:00:00,0.23098591549295772,0.28914057295136575,0.10946494257858508
2013-07-02 02:00:00,0.22357723577235772,0.2845953002610966,0.108562208393955
2013-07-02 03:00:00,0.024242424242424242,0.2753623188405797,0.10872836794805771
2013-07-02 04:00:00,0.010217113665389528,0.21481118195193724,0.11700315506828932
2013-07-02 05:00:00,2.493871488949584e-07,2.7623539528118733e-06,0.13303761269903655
2013-07-02 06:00:00,3.264254171020457e-08,1.406101458563104e-07,0.1989053850289886
2013-07-02 07:00:00,2.1318243579394492e-08,7.346397256076546e-08,0.2252724097872121
2013-07-02 08:00:00,1.1368282567803323e-08,3.917587360092427e-08,0.23709637011611623
2013-07-02 09:00:00,9.969822295046014e-09,3.435667731557607e-08,0.2533939345648531
2013-07-02 10:00:00,9.397451657323768e-09,3.238424594358072e-08,0.2566402417949039
2013-07-02 11:00:00,9.41407392283872e-09,3.242599744941967e-08,0.250518183382696
2013-07-02 12:00:00,9.887807008991774e-09,3.407407228834029e-08,0.2383273447955617
2013-07-02 13:00:00,1.1136739905042254e-08,3.8038318280302844e-08,0.22609360179167556
2013-07-02 14:00:00,2.0598794741174394e-08,7.001189653814626e-08,0.21970003446575814
2013-07-02 15:00:00,2.93400501444929e-08,1.2375689192849382e-07,0.21643119960034266
2013-07-02 16:00:00,9.049380987952778e-08,4.355132916103591e-07,0.223150010155829
2013-07-02 17:00:00,5.291034685642434e-07,1.9778428176975524e-05,0.23116442115495836
2013-07-02 18:00:00,0.3364531044717599,0.3308063616125952,0.24097512774034638
2013-07-02 19:00:00,0.335971323880057,0.329989198190739,0.2606361344860635
2013-07-02 20:00:00,0.33644618249262825,0.3309738424363537,0.2561320855986919
2013-07-02 21:00:00,0.000231483754750678,0.00018427482164980365,0.19051648419389353
2013-07-02 22:00:00,0.2377521613832853,0.29304523970290347,0.12903209929763046
2013-07-02 23:00:00,0.23462088698140202,0.2910195813639433,0.1285557051180251
2013-07-03 00:00:00,0.2289855072463768,0.28818244644091223,0.1211285505646596
2013-07-03 01:00:00,0.22081575246132207,0.28417508417508414,0.10946494257858508
2013-07-03 02:00:00,0.04705882352941177,0.26080000000000003,0.108562208393955
2013-07-03 03:00:00,0.028368794326241138,0.25415444770283485,0.10872836794805771
2013-07-03 04:00:00,0.009791921664626684,0.21027131782945735,0.11700315506828932
2013-07-03 05:00:00,1.7799352808412147e-07,8.893956467640678e-07,0.13303761269903655
2013-07-03 06:00:00,3.351571093637757e-08,1.443713800139711e-07,0.1989053850289886
2013-07-03 07:00:00,2.2264188568474642e-08,7.672367945744391e-08,0.2252724097872121
2013-07-03 08:00:00,1.7853303334229373e-08,6.15235643172494e-08,0.23709637011611623
2013-07-03 09:00:00,1.0437355462196892e-08,3.596781901684053e-08,0.2533939345648531
2013-07-03 10:00:00,9.792903208394038e-09,3.3532635952309044e-08,0.2566402417949039
2013-07-03 11:00:00,9.670518052021322e-09,3.309387652254377e-08,0.250518183382696
2013-07-03 12:00:00,1.0100007547735642e-08,3.45261276039066e-08,0.2383273447955617
2013-07-03 13:00:00,1.6925198605216947e-08,5.7675278511757105e-08,0.22609360179167556
2013-07-03 14:00:00,2.096154755025049e-08,8.907396479351543e-08,0.21970003446575814
2013-07-03 15:00:00,4.003059097731896e-08,1.3542526661193402e-07,0.21643119960034266
2013-07-03 16:00:00,1.4882009291508095e-07,4.339598639201058e-06,0.223150010155829
2013-07-03 17:00:00,5.421823639869462e-07,0.20181746018445704,0.23116442115495836
2013-07-03 18:00:00,0.3141197780288946,0.2953001393250056,0.24097512774034638
2013-07-03 19:00:00,0.3308951861621034,0.3195019829256139,0.2606361344860635
2013-07-03 20:00:00,0.3275791048335519,0.30740196446879353,0.2561320855986919
2013-07-03 21:00:00,0.28752033862172144,0.258062419505832,0.19051648419389353
2013-07-03 22:00:00,0.0001078661731680945,8.630934597433294e-05,0.12903209929763046
2013-07-03 23:00:00,0.00014503696684630741,0.00011570426518149588,0.1285557051180251
2013-07-04 00:00:00,0.00023310566679875992,0.00018654216509769817,0.1211285505646596
2013-07-04 01:00:00,0.00034038063064021343,0.0002724333865196635,0.10946494257858508
2013-07-04 02:00:00,0.000354938750881801,0.0002847657651529399,0.108562208393955
2013-07-04 03:00:00,0.22727272727272727,0.2868369351669941,0.10872836794805771
2013-07-04 04:00:00,0.01282051282051282,0.24864376130198917,0.11700315506828932
2013-07-04 05:00:00,2.4007899799429003e-07,6.4116786865821e-06,0.13303761269903655
2013-07-04 06:00:00,4.6457949527758435e-08,2.2013305281978536e-07,0.1989053850289886
2013-07-04 07:00:00,2.2818385156269274e-08,9.829183469546597e-08,0.2252724097872121
2013-07-04 08:00:00,1.8113629369168163e-08,6.171832710087951e-08,0.23709637011611623
2013-07-04 09:00:00,1.5907809872444076e-08,5.3700097360961534e-08,0.2533939345648531
2013-07-04 10:00:00,1.5161203466817385e-08,5.13681157061327e-08,0.2566402417949039
2013-07-04 11:00:00,1.527990486079291e-08,5.14459223743281e-08,0.250518183382696
2013-07-04 12:00:00,1.640157959895426e-08,5.471070898800794e-08,0.2383273447955617
2013-07-04 13:00:00,1.8569497635480872e-08,6.124837134838549e-08,0.22609360179167556
2013-07-04 14:00:00,2.3036981381396464e-08,7.490792224562664e-08,0.21970003446575814
2013-07-04 15:00:00,4.374662549467591e-08,1.6525302129272133e-07,0.21643119960034266
2013-07-04 16:00:00,1.605798280663752e-07,6.582263513886675e-06,0.223150010155829
2013-07-04 17:00:00,5.361006491441725e-07,1.8353946179037042e-05,0.23116442115495836
2013-07-04 18:00:00,0.02491166105132264,0.0620825301244453,0.24097512774034638
2013-07-04 19:00:00,0.27429472784841014,0.23205154603239536,0.2606361344860635
2013-07-04 20:00:00,0.011348589573601995,0.09158807413677587,0.2561320855986919
2013-07-04 21:00:00,5.366225585960329e-05,4.055660272486621e-05,0.19051648419389353
2013-07-04 22:00:00,3.04344350598825e-05,2.4404939537726375e-05,0.12903209929763046
2013-07-04 23:00:00,3.2722412705294794e-05,2.6363360607018535e-05,0.1285557051180251
2013-07-05 00:00:00,3.28894423451159e-05,2.649794128290926e-05,0.1211285505646596
2013-07-05 01:00:00,2.8778282316174125e-05,2.3366192578271685e-05,0.10946494257858508
2013-07-05 02:00:00,3.563351641042209e-05,2.86826773111846e-05,0.108562208393955
2013-07-05 03:00:00,4.1471803977955204e-05,3.3130331532796065e-05,0.10872836794805771
2013-07-05 04:00:00,4.3441464613086204e-05,3.4626915286326376e-05,0.11700315506828932
2013-07-05 05:00:00,2.735314583230546e-07,3.4412473197977606e-06,0.13303761269903655
2013-07-05 06:00:00,4.6577299190853345e-08,2.0264645026377706e-07,0.1989053850289886
2013-07-05 07:00:00,2.279446355304324e-08,9.135050429680496e-08,0.2252724097872121
2013-07-05 08:00:00,1.7992654966418992e-08,5.748742775105833e-08,0.23709637011611623
2013-07-05 09:00:00,1.5811752026717434e-08,5.065929826047705e-08,0.2533939345648531
2013-07-05 10:00:00,1.5412026107746182e-08,5.054974234922698e-08,0.2566402417949039
2013-07-05 11:00:00,1.607670991417743e-08,3.95251884781669e-08,0.250518183382696
2013-07-05 12:00:00,1.1683274080537867e-08,3.790652910444114e-08,0.2383273447955617
2013-07-05 13:00:00,2.0258657542365396e-08,6.461061510947771e-08,0.22609360179167556
2013-07-05 14:00:00,2.5937526372520304e-08,8.035791307339002e-08,0.21970003446575814
2013-07-05 15:00:00,3.537387950288852e-08,1.3203941048945371e-07,0.21643119960034266
2013-07-05 16:00:00,1.6470291721601096e-07,5.595984716378212e-06,0.223150010155829
2013-07-05 17:00:00,5.629455846242674e-07,1.311591674326064e-05,0.23116442115495836
2013-07-05 18:00:00,0.29906930498540074,0.24811412909744432,0.24097512774034638
2013-07-05 19:00:00,0.28810635142666025,0.22954547857528634,0.2606361344860635
2013-07-05 20:00:00,0.005714967044771124,0.06821216984618463,0.2561320855986919
2013-07-05 21:00:00,2.3971380786400764e-05,1.925156296716962e-05,0.19051648419389353
2013-07-05 22:00:00,1.255992533607462e-05,1.0233226480788694e-05,0.12903209929763046
2013-07-05 23:00:00,1.490203295991706e-05,1.2186820074111562e-05,0.1285557051180251
2013-07-06 00:00:00,2.475955264807084e-05,2.055613889799587e-05,0.1211285505646596
2013-07-06 01:00:00,7.799028008798632e-06,6.282365087082307e-06,0.10946494257858508
2013-07-06 02:00:00,7.740781857671534e-06,6.2509346116381555e-06,0.108562208393955
2013-07-06 03:00:00,6.298028523286719e-06,4.94940302920934e-06,0.10872836794805771
2013-07-06 04:00:00,1.4957657675680963e-06,1.5420284312709408e-06,0.11700315506828932
2013-07-06 05:00:00,2.0011212682690368e-07,5.635114827926891e-07,0.13303761269903655
2013-07-06 06:00:00,5.606143106968612e-08,1.886951953674575e-07,0.1989053850289886
2013-07-06 07:00:00,2.354744328866136e-08,6.75259797766443e-08,0.2252724097872121
2013-07-06 08:00:00,1.835520545734032e-08,5.39597910388206e-08,0.23709637011611623
2013-07-06 09:00:00,2.2032526089485283e-08,6.198470660631607e-08,0.2533939345648531
2013-07-06 10:00:00,2.1828806255384964e-08,6.596684420653281e-08,0.2566402417949039
2013-07-06 11:00:00,2.233059258805204e-08,6.613902167721316e-08,0.250518183382696
2013-07-06 12:00:00,2.3255511361427754e-08,6.72677369697958e-08,0.2383273447955617
2013-07-06 13:00:00,2.3702778909058744e-08,7.059365397994579e-08,0.22609360179167556
2013-07-06 14:00:00,2.4328668043620618e-08,7.49805865888748e-08,0.21970003446575814
2013-07-06 15:00:00,5.567752955683415e-08,1.6632066193960244e-07,0.21643119960034266
2013-07-06 16:00:00,1.5902424251425976e-07,6.359016986315813e-07,0.223150010155829
2013-07-06 17:00:00,7.657741823829055e-07,1.8770815532092133e-05,0.23116442115495836
2013-07-06 18:00:00,3.7088828193083986e-05,2.9720066691829658e-05,0.24097512774034638
2013-07-06 19:00:00,3.456530359963071e-05,2.7760550708894935e-05,0.2606361344860635
2013-07-06 20:00:00,2.7892286413548958e-05,2.229926899034193e-05,0.2561320855986919
2013-07-06 21:00:00,2.285665327707626e-05,1.8185239252955554e-05,0.19051648419389353
2013-07-06 22:00:00,2.1526903247333357e-05,1.7443740226335975e-05,0.12903209929763046
2013-07-06 23:00:00,1.5673920336509006e-05,1.2703225686026037e-05,0.1285557051180251
2013-07-07 00:00:00,1.4438874809745492e-05,1.1942334358704249e-05,0.1211285505646596
2013-07-07 01:00:00,6.729996871953536e-06,5.4346475209792125e-06,0.10946494257858508
2013-07-07 02:00:00,5.718506516714719e-06,4.6178437204270065e-06,0.108562208393955
2013-07-07 03:00:00,6.035569876621636e-06,4.8739439410302646e-06,0.10872836794805771
2013-07-07 04:00:00,1.273117830556292e-06,1.2469689630081407e-06,0.11700315506828932
2013-07-07 05:00:00,1.4168449618463138e-07,3.952713260064763e-07,0.13303761269903655
2013-07-07 06:00:00,4.729672792565143e-08,1.2971121117562393e-07,0.1989053850289886
2013-07-07 07:00:00,2.141277552995977e-08,6.227885896255643e-08,0.2252724097872121
2013-07-07 08:00:00,2.3575710299314275e-08,6.452030620175958e-08,0.23709637011611623
2013-07-07 09:00:00,2.281761284233664e-08,6.182729870302865e-08,0.2533939345648531
2013-07-07 10:00:00,2.2896136416646122e-08,6.295889855799411e-08,0.2566402417949039
2013-07-07 11:00:00,2.3810823767116617e-08,6.74557596459544e-08,0.250518183382696
2013-07-07 12:00:00,2.5074684320381146e-08,6.924792520448501e-08,0.2383273447955617
2013-07-07 13:00:00,2.605892357805021e-08,7.212105136229591e-08,0.22609360179167556
2013-07-07 14:00:00,2.6195788634040256e-08,7.416137643440499e-08,0.21970003446575814
2013-07-07 15:00:00,3.4224177259334724e-08,9.859513395794255e-08,0.21643119960034266
2013-07-07 16:00:00,1.8358668908382532e-07,6.680952693717508e-07,0.223150010155829
2013-07-07 17:00:00,9.25921746418043e-07,2.382538861033957e-05,0.23116442115495836
2013-07-07 18:00:00,4.047457706438524e-05,3.30671365494101e-05,0.24097512774034638
2013-07-07 19:00:00,4.5256823771668875e-05,3.644002251261104e-05,0.2606361344860635
2013-07-07 20:00:00,3.214964050171523e-05,2.6189454057810613e-05,0.2561320855986919
2013-07-07 21:00:00,2.8970577396388648e-05,2.336351686346643e-05,0.19051648419389353
2013-07-07 22:00:00,2.310703331880158e-05,1.886265809337641e-05,0.12903209929763046
2013-07-07 23:00:00,1.4187694466908293e-05,1.1641562520683589e-05,0.1285557051180251
2013-07-08 00:00:00,1.3999444170216648e-05,1.1373244489078804e-05,0.1211285505646596
2013-07-08 01:00:00,7.631452548874002e-06,6.177228330996672e-06,0.10946494257858508
2013-07-08 02:00:00,7.092908193470994e-06,5.7135487830957326e-06,0.108562208393955
2013-07-08 03:00:00,1.2529044081302492e-05,1.0330142161120835e-05,0.10872836794805771
2013-07-08 04:00:00,9.304406049793735e-06,1.1023632380607782e-05,0.11700315506828932
2013-07-08 05:00:00,1.700777112275032e-07,6.616418184246152e-07,0.13303761269903655
2013-07-08 06:00:00,4.2350463126312886e-08,1.5488811558874642e-07,0.1989053850289886
2013-07-08 07:00:00,2.5924591257555516e-08,8.167701590463178e-08,0.2252724097872121
2013-07-08 08:00:00,1.3358468003333232e-08,4.268704762601374e-08,0.23709637011611623
2013-07-08 09:00:00,2.0101832870044718e-08,5.6827402952238985e-08,0.2533939345648531
2013-07-08 10:00:00,1.9807379572023536e-08,5.739792902962753e-08,0.2566402417949039
2013-07-08 11:00:00,2.0092037404019963e-08,5.882643612978523e-08,0.250518183382696
2013-07-08 12:00:00,2.0527877447750524e-08,6.06906592470515e-08,0.2383273447955617
2013-07-08 13:00:00,2.0862737405825213e-08,6.235111722290617e-08,0.22609360179167556
2013-07-08 14:00:00,2.5584442039393184e-08,8.182089399486117e-08,0.21970003446575814
2013-07-08 15:00:00,3.6459417241425076e-08,1.3890463398638207e-07,0.21643119960034266
2013-07-08 16:00:00,1.826311519389139e-07,6.98200339444688e-06,0.223150010155829
2013-07-08 17:00:00,6.312534531536555e-07,1.779136264926104e-05,0.23116442115495836
2013-07-08 18:00:00,0.01992676824073938,0.10409102316293077,0.24097512774034638
2013-07-08 19:00:00,0.007748203009823428,0.15610689185873355,0.2606361344860635
2013-07-08 20:00:00,5.808542055943958e-05,4.6895344207094885e-05,0.2561320855986919
2013-07-08 21:00:00,5.251059148120042e-05,4.229906139808568e-05,0.19051648419389353
2013-07-08 22:00:00,6.378668502903446e-05,5.115223586653908e-05,0.12903209929763046
2013-07-08 23:00:00,7.157711718605625e-05,5.748755902740436e-05,0.1285557051180251
2013-07-09 00:00:00,7.443853046611153e-05,5.951507012407199e-05,0.1211285505646596
2013-07-09 01:00:00,6.316159376989351e-05,5.015316269754997e-05,0.10946494257858508
2013-07-09 02:00:00,6.152220272131952e-05,4.911073279337993e-05,0.108562208393955
2013-07-09 03:00:00,6.185271510790281e-05,4.918749957499281e-05,0.10872836794805771
2013-07-09 04:00:00,2.24399017356703e-06,4.804530460605555e-05,0.11700315506828932
2013-07-09 05:00:00,2.1528904029927882e-07,1.6431789571084943e-06,0.13303761269903655
2013-07-09 06:00:00,3.928497521373416e-08,1.5958334533311433e-07,0.1989053850289886
2013-07-09 07:00:00,2.5667616414105314e-08,8.518318377473308e-08,0.2252724097872121
2013-07-09 08:00:00,1.3790121168140755e-08,4.618470037583262e-08,0.23709637011611623
2013-07-09 09:00:00,1.234899303995316e-08,4.157025204495891e-08,0.2533939345648531
2013-07-09 10:00:00,1.1657269945365931e-08,3.974286485666334e-08,0.2566402417949039
2013-07-09 11:00:00,1.2193765469163299e-08,4.1626109177760455e-08,0.250518183382696
2013-07-09 12:00:00,1.3210525557574839e-08,4.508364512383945e-08,0.2383273447955617
2013-07-09 13:00:00,1.4920619246879653e-08,5.080429679372305e-08,0.22609360179167556
2013-07-09 14:00:00,2.8562285647781833e-08,9.638878454802962e-08,0.21970003446575814
2013-07-09 15:00:00,4.0415849452577424e-08,1.6780572822081337e-07,0.21643119960034266
2013-07-09 16:00:00,1.8867508909119786e-07,1.5768104703867195e-05,0.223150010155829
2013-07-09 17:00:00,6.186786030391812e-07,2.665035624938577e-05,0.23116442115495836
2013-07-09 18:00:00,0.3413732893607268,0.34137533387412494,0.24097512774034638
2013-07-09 19:00:00,0.3373421556992681,0.3314170835621138,0.2606361344860635
2013-07-09 20:00:00,0.33627725646857903,0.328447107923306,0.2561320855986919
2013-07-09 21:00:00,0.00026518673299530014,0.00021368024120417702,0.19051648419389353
2013-07-09 22:00:00,0.0003118114555020634,0.0002495718600387457,0.12903209929763046
2013-07-09 23:00:00,0.24092888243831642,0.29518072289156627,0.1285557051180251
2013-07-10 00:00:00,0.0002549309832301764,0.0002038762494386437,0.1211285505646596
2013-07-10 01:00:00,0.00022316779242419733,0.00017806296761855824,0.10946494257858508
2013-07-10 02:00:00,0.0002512734997829911,0.0001995876409473272,0.108562208393955
2013-07-10 03:00:00,0.00023493017758386713,0.00018642362289966375,0.10872836794805771
2013-07-10 04:00:00,2.5655078374660996e-06,7.16601934186e-05,0.11700315506828932
2013-07-10 05:00:00,1.8283277629772953e-07,9.675272308678498e-07,0.13303761269903655
2013-07-10 06:00:00,3.8307456540030944e-08,1.6253589632359625e-07,0.1989053850289886
2013-07-10 07:00:00,2.4688977113211227e-08,8.507972044250217e-08,0.2252724097872121
2013-07-10 08:00:00,1.8571503936360257e-08,6.399853264164359e-08,0.23709637011611623
2013-07-10 09:00:00,1.0679123365713683e-08,3.6800975645385725e-08,0.2533939345648531
2013-07-10 10:00:00,1.10219047129885e-08,3.798222451833209e-08,0.2566402417949039
2013-07-10 11:00:00,1.8809252436795086e-08,6.093462518293241e-08,0.250518183382696
2013-07-10 12:00:00,1.9385385574931377e-08,6.376442107106452e-08,0.2383273447955617
2013-07-10 13:00:00,1.571727859847644e-08,5.374454575156957e-08,0.22609360179167556
2013-07-10 14:00:00,2.822961578024983e-08,1.2013496057579052e-07,0.21970003446575814
2013-07-10 15:00:00,6.471838861049554e-08,3.1652426840135947e-07,0.21643119960034266
2013-07-10 16:00:00,1.8789671749601695e-07,1.112165652046806e-05,0.223150010155829
2013-07-10 17:00:00,0.2571438137162478,0.27746075543545196,0.23116442115495836
2013-07-10 18:00:00,0.22192866578599738,0.283989834815756,0.24097512774034638
2013-07-10 19:00:00,0.26049700085689803,0.30393325387365916,0.2606361344860635
2013-07-10 20:00:00,0.2390438247011952,0.2945499081445192,0.2561320855986919
2013-07-10 21:00:00,0.0003993254767248576,0.0003218310668952993,0.19051648419389353
2013-07-10 22:00:00,0.2409288824383164,0.2950600801068091,0.12903209929763046
2013-07-10 23:00:00,0.00025699737274372566,0.0002056855774855264,0.1285557051180251
2013-07-11 00:00:00,0.00013488602131199134,0.00010834454449594973,0.1211285505646596
2013-07-11 01:00:00,8.800633645622484e-05,7.169123111329489e-05,0.10946494257858508
2013-07-11 02:00:00,0.0001411796112683576,0.00011288954285392481,0.108562208393955
2013-07-11 03:00:00,0.0001861709929796611,0.00014854240224265112,0.10872836794805771
2013-07-11 04:00:00,0.0001803490324502699,0.00014446751196746908,0.11700315506828932
2013-07-11 05:00:00,2.105367508139952e-07,2.59973147662437e-06,0.13303761269903655
2013-07-11 06:00:00,5.099868168407847e-08,2.0522898613154326e-07,0.1989053850289886
2013-07-11 07:00:00,2.544597851840315e-08,1.096103841896579e-07,0.2252724097872121
2013-07-11 08:00:00,2.0440709463502713e-08,7.04399124565724e-08,0.23709637011611623
2013-07-11 09:00:00,1.2462742553244936e-08,4.294742255740896e-08,0.2533939345648531
2013-07-11 10:00:00,1.3271915421215195e-08,4.5735896840260674e-08,0.2566402417949039
2013-07-11 11:00:00,1.4435752068614403e-08,4.927774866523672e-08,0.250518183382696
2013-07-11 12:00:00,1.4250971536826698e-08,4.810163905192656e-08,0.2383273447955617
2013-07-11 13:00:00,2.2696039194667666e-08,7.600331067887873e-08,0.22609360179167556
2013-07-11 14:00:00,3.1928968857569366e-08,1.3277819654545658e-07,0.21970003446575814
2013-07-11 15:00:00,1.1698088903269742e-07,1.1087072846736123e-06,0.21643119960034266
2013-07-11 16:00:00,2.818969181901316e-07,3.4741201890528816e-05,0.223150010155829
2013-07-11 17:00:00,8.217105795647975e-07,2.6951095813386494e-05,0.23116442115495836
2013-07-11 18:00:00,0.32744895114814343,0.312720178113838,0.24097512774034638
2013-07-11 19:00:00,0.32448172490539695,0.3049056679855681,0.2606361344860635
2013-07-11 20:00:00,0.32169377614797956,0.2944480439347855,0.2561320855986919
2013-07-11 21:00:00,0.2641059507574009,0.22509210047146336,0.19051648419389353
2013-07-11 22:00:00,4.2026986895428504e-05,3.3244678321982096e-05,0.12903209929763046
2013-07-11 23:00:00,6.059015541374863e-05,4.847835013916139e-05,0.1285557051180251
2013-07-12 00:00:00,7.600475075478211e-05,6.081298150776295e-05,0.1211285505646596
2013-07-12 01:00:00,5.915019695946608e-05,4.732638577707196e-05,0.10946494257858508
2013-07-12 02:00:00,4.5321203731171096e-05,3.639843960467168e-05,0.108562208393955
2013-07-12 03:00:00,5.138447099377567e-05,4.111309328309722e-05,0.10872836794805771
2013-07-12 04:00:00,6.415897356064065e-05,5.108709821758876e-05,0.11700315506828932
2013-07-12 05:00:00,4.791464963460588e-07,1.5876879890436887e-05,0.13303761269903655
2013-07-12 06:00:00,1.0687869804303179e-07,4.3467205080446926e-07,0.1989053850289886
2013-07-12 07:00:00,3.401288662108093e-08,1.397988512616553e-07,0.2252724097872121
2013-07-12 08:00:00,2.25665849655995e-08,7.544492655219495e-08,0.23709637011611623
2013-07-12 09:00:00,1.2032641089876202e-08,4.0543534529897035e-08,0.2533939345648531
2013-07-12 10:00:00,1.1133634453610767e-08,3.742367173167684e-08,0.2566402417949039
2013-07-12 11:00:00,1.0701352861818386e-08,3.615697411105967e-08,0.250518183382696
2013-07-12 12:00:00,1.1068585543959081e-08,3.7548746310489535e-08,0.2383273447955617
2013-07-12 13:00:00,1.244661313125278e-08,4.210206096377375e-08,0.22609360179167556
2013-07-12 14:00:00,2.3011430245301924e-08,9.686901331334785e-08,0.21970003446575814
2013-07-12 15:00:00,4.296253532661597e-08,1.9748849393883132e-07,0.21643119960034266
2013-07-12 16:00:00,1.5317224897184089e-07,6.824467816233366e-06,0.223150010155829
2013-07-12 17:00:00,5.281887746680664e-07,2.4404858556156276e-05,0.23116442115495836
2013-07-12 18:00:00,0.33877213038826115,0.33473405675567935,0.24097512774034638
2013-07-12 19:00:00,0.3413770775672107,0.3413778089297988,0.2606361344860635
2013-07-12 20:00:00,0.33806970680348997,0.33281197653291106,0.2561320855986919
2013-07-12 21:00:00,0.32065419245077303,0.31497689779122195,0.19051648419389353
2013-07-12 22:00:00,0.00021731133514251566,0.000174302739858079,0.12903209929763046
2013-07-12 23:00:00,0.00035158988522496454,0.00028142165049341116,0.1285557051180251
2013-07-13 00:00:00,0.0003145786351835358,0.00025178901220094364,0.1211285505646596
2013-07-13 01:00:00,0.00019251242632920554,0.00015406317217465744,0.10946494257858508
2013-07-13 02:00:00,0.0002325345419492314,0.00018638847339791695,0.108562208393955
2013-07-13 03:00:00,0.00024369386733305863,0.00019445898447125137,0.10872836794805771
2013-07-13 04:00:00,0.00027790628119032007,0.000220147243853331,0.11700315506828932
2013-07-13 05:00:00,1.887383120654615e-07,1.4646654558939932e-06,0.13303761269903655
2013-07-13 06:00:00,3.728273810592729e-08,1.6059810846905451e-07,0.1989053850289886
2013-07-13 07:00:00,2.4091611339478176e-08,8.302116395575007e-08,0.2252724097872121
2013-07-13 08:00:00,1.2637534844605998e-08,4.354976698343334e-08,0.23709637011611623
2013-07-13 09:00:00,2.1951491068201703e-08,6.709618344411905e-08,0.2533939345648531
2013-07-13 10:00:00,1.8577839624644418e-08,5.888706769181789e-08,0.2566402417949039
2013-07-13 11:00:00,2.2285014956476366e-08,6.862901144936081e-08,0.250518183382696
2013-07-13 12:00:00,2.3127174959032817e-08,7.200228434447312e-08,0.2383273447955617
2013-07-13 13:00:00,2.3629722996791414e-08,7.555947612688435e-08,0.22609360179167556
2013-07-13 14:00:00,1.7906561930350303e-08,6.17072408101701e-08,0.21970003446575814
2013-07-13 15:00:00,3.52024364216423e-08,1.5163703092752493e-07,0.21643119960034266
2013-07-13 16:00:00,1.6073224144305248e-07,6.804186191979624e-06,0.223150010155829
2013-07-13 17:00:00,5.521528370095899e-07,2.9306996551488527e-05,0.23116442115495836
2013-07-13 18:00:00,0.0003246461161763728,0.00025988244141326663,0.24097512774034638
2013-07-13 19:00:00,0.000187105289556707,0.00014973787402708494,0.2606361344860635
2013-07-13 20:00:00,0.000152965362560161,0.00012240769850263813,0.2561320855986919
2013-07-13 21:00:00,0.00016222787739481577,0.0001295273251256283,0.19051648419389353
2013-07-13 22:00:00,0.0001092953365335891,8.738807011509149e-05,0.12903209929763046
2013-07-13 23:00:00,0.00016716325974435166,0.000133365040516482,0.1285557051180251
2013-07-14 00:00:00,0.00018851390489987627,0.00015040619975728974,0.1211285505646596
2013-07-14 01:00:00,0.00011471823073738984,9.347903741471816e-05,0.10946494257858508
2013-07-14 02:00:00,0.00018239741823728004,0.00014596988580715294,0.108562208393955
2013-07-14 03:00:00,0.00018576281848921267,0.00014832891886373882,0.10872836794805771
2013-07-14 04:00:00,2.5155262999846873e-06,2.6929712104920555e-05,0.11700315506828932
2013-07-14 05:00:00,1.2834926607643548e-07,4.884130180886075e-07,0.13303761269903655
2013-07-14 06:00:00,3.995387564779716e-08,1.3584732083385532e-07,0.1989053850289886
2013-07-14 07:00:00,1.679369233618087e-08,5.7178322405745895e-08,0.2252724097872121
2013-07-14 08:00:00,1.2664272072331838e-08,4.2958754349486617e-08,0.23709637011611623
2013-07-14 09:00:00,2.2674210179883698e-08,6.554961169884896e-08,0.2533939345648531
2013-07-14 10:00:00,2.2994757942518743e-08,6.724010824043663e-08,0.2566402417949039
2013-07-14 11:00:00,2.407037996165902e-08,7.193892478806096e-08,0.250518183382696
2013-07-14 12:00:00,2.535867242886709e-08,7.595890930640107e-08,0.2383273447955617
2013-07-14 13:00:00,2.64067761055012e-08,7.874691529876467e-08,0.22609360179167556
2013-07-14 14:00:00,2.6607384704015862e-08,8.054320674381022e-08,0.21970003446575814
2013-07-14 15:00:00,2.2099729315885422e-08,7.260942828525148e-08,0.21643119960034266
2013-07-14 16:00:00,9.755916529236696e-08,4.0901088096365985e-07,0.223150010155829
2013-07-14 17:00:00,5.470183465850808e-07,2.2127521359232655e-05,0.23116442115495836
2013-07-14 18:00:00,0.07544382186802989,0.2772669083258544,0.24097512774034638
2013-07-14 19:00:00,0.322842571411192,0.3128821819017359,0.2606361344860635
2013-07-14 20:00:00,0.05477809835384809,0.25920973510282846,0.2561320855986919
2013-07-14 21:00:00,0.061473774619844226,0.06799134867247227,0.19051648419389353
2013-07-14 22:00:00,0.0006871346257063171,0.0005043358651896688,0.12903209929763046
2013-07-14 23:00:00,0.00015414329755227872,0.00012334743735931556,0.1285557051180251
2013-07-15 00:00:00,0.0001719849987387767,0.0001372097059263942,0.1211285505646596
2013-07-15 01:00:00,0.00016577633055599376,0.00013165193282248762,0.10946494257858508
2013-07-15 02:00:00,0.00012760182045263847,0.00010133063862008124,0.108562208393955
2013-07-15 03:00:00,0.00012749602444214693,0.00010124825631228307,0.10872836794805771
2013-07-15 04:00:00,2.4643204898083413e-06,5.5772796398350716e-05,0.11700315506828932
2013-07-15 05:00:00,2.5862494804871363e-07,1.0583025488555451e-05,0.13303761269903655
2013-07-15 06:00:00,5.705067710382182e-08,3.012482607281043e-07,0.1989053850289886
2013-07-15 07:00:00,3.186041772576005e-08,1.0833002655927261e-07,0.2252724097872121
2013-07-15 08:00:00,1.7462358227915697e-08,5.939420068342678e-08,0.23709637011611623
2013-07-15 09:00:00,1.3456986803964357e-08,4.5681576139544326e-08,0.2533939345648531
2013-07-15 10:00:00,1.089658691710772e-08,3.7332939122384824e-08,0.2566402417949039
2013-07-15 11:00:00,1.0449167441424542e-08,3.5799767568219074e-08,0.250518183382696
2013-07-15 12:00:00,1.166453109515244e-08,3.987796505256649e-08,0.2383273447955617
2013-07-15 13:00:00,1.4528759785328567e-08,4.924181545783929e-08,0.22609360179167556
2013-07-15 14:00:00,2.932890623270053e-08,9.791358232082803e-08,0.21970003446575814
2013-07-15 15:00:00,4.408383281418008e-08,1.803047409761324e-07,0.21643119960034266
2013-07-15 16:00:00,2.396521425186128e-07,9.89398766004249e-06,0.223150010155829
2013-07-15 17:00:00,8.259093545900378e-07,3.942605759428412e-05,0.23116442115495836
2013-07-15 18:00:00,0.3322367492022741,0.3206951232896111,0.24097512774034638
2013-07-15 19:00:00,0.3295776368086078,0.3122167839009879,0.2606361344860635
2013-07-15 20:00:00,0.327487317660631,0.30715269204583917,0.2561320855986919
2013-07-15 21:00:00,0.011915554126332462,0.15564031350383484,0.19051648419389353
2013-07-15 22:00:00,9.869463581892087e-05,7.772466166441995e-05,0.12903209929763046
2013-07-15 23:00:00,5.486564032664226e-05,4.4195839810837835e-05,0.1285557051180251
2013-07-16 00:00:00,4.6594882478443546e-05,3.744883047471116e-05,0.1211285505646596
2013-07-16 01:00:00,4.035435008954533e-05,3.243305550720222e-05,0.10946494257858508
2013-07-16 02:00:00,3.9606143151394005e-05,3.183180647007277e-05,0.108562208393955
2013-07-16 03:00:00,3.957873915965753e-05,3.180992452450612e-05,0.10872836794805771
2013-07-16 04:00:00,0.00012624693945968542,9.237137152449361e-05,0.11700315506828932
2013-07-16 05:00:00,2.9307750207407284e-07,9.634429258190779e-06,0.13303761269903655
2013-07-16 06:00:00,4.6294686698624514e-08,1.9384923941092144e-07,0.1989053850289886
2013-07-16 07:00:00,2.2284604257741055e-08,7.024158892093467e-08,0.2252724097872121
2013-07-16 08:00:00,1.191033204094122e-08,3.792207003231738e-08,0.23709637011611623
2013-07-16 09:00:00,1.0781588858599332e-08,3.4487723366314604e-08,0.2533939345648531
2013-07-16 10:00:00,1.0453772276916852e-08,3.431995555050956e-08,0.2566402417949039
2013-07-16 11:00:00,1.0859531010737385e-08,3.582165729398974e-08,0.250518183382696
2013-07-16 12:00:00,1.1868358470308877e-08,3.901886269857742e-08,0.2383273447955617
2013-07-16 13:00:00,1.2814679430574335e-08,4.2063296828035175e-08,0.22609360179167556
2013-07-16 14:00:00,2.247784005280014e-08,7.354367076489179e-08,0.21970003446575814
2013-07-16 15:00:00,3.074724380937812e-08,1.2395894935766208e-07,0.21643119960034266
2013-07-16 16:00:00,1.4965170436455457e-07,6.223211512103889e-06,0.223150010155829
2013-07-16 17:00:00,5.526715694622154e-07,0.009635798181969232,0.23116442115495836
2013-07-16 18:00:00,0.3274518708818161,0.31284153337895676,0.24097512774034638
2013-07-16 19:00:00,0.32902177911401703,0.3159302938396995,0.2606361344860635
2013-07-16 20:00:00,0.33254108553975287,0.3229700052902142,0.2561320855986919
2013-07-16 21:00:00,0.33403668604652514,0.3237533598556472,0.19051648419389353
2013-07-16 22:00:00,0.2940269572525594,0.28980411999851907,0.12903209929763046
2013-07-16 23:00:00,0.00028605298100932983,0.00022452293569370262,0.1285557051180251
2013-07-17 00:00:00,0.0002448145937476684,0.00019306399212887563,0.1211285505646596
2013-07-17 01:00:00,0.00021433542461009677,0.00017191585669590917,0.10946494257858508
2013-07-17 02:00:00,0.0002546648932171693,0.00020381690970219216,0.108562208393955
2013-07-17 03:00:00,0.0004183687637477073,0.0003290059078256169,0.10872836794805771
2013-07-17 04:00:00,0.000821651456706495,0.0006065185645643416,0.11700315506828932
2013-07-17 05:00:00,3.5332466362939955e-07,1.3904258189990256e-05,0.13303761269903655
2013-07-17 06:00:00,4.594550133008781e-08,1.8801791885973903e-07,0.1989053850289886
2013-07-17 07:00:00,2.1848630546408686e-08,7.529167855098755e-08,0.2252724097872121
2013-07-17 08:00:00,1.1507090487921983e-08,3.96541519517957e-08,0.23709637011611623
2013-07-17 09:00:00,1.0123198157407867e-08,3.488518372480418e-08,0.2533939345648531
2013-07-17 10:00:00,9.782452298696049e-09,3.37109473528803e-08,0.2566402417949039
2013-07-17 11:00:00,9.954350988833125e-09,3.430332120039156e-08,0.250518183382696
2013-07-17 12:00:00,1.0638801630915524e-08,3.6661982579014116e-08,0.2383273447955617
2013-07-17 13:00:00,1.204806532287526e-08,4.120020757282578e-08,0.22609360179167556
2013-07-17 14:00:00,2.2036514313233907e-08,7.458533073366992e-08,0.21970003446575814
2013-07-17 15:00:00,3.07079814168808e-08,1.2805558008294192e-07,0.21643119960034266
2013-07-17 16:00:00,1.5081854123933172e-07,6.411412046046578e-06,0.223150010155829
2013-07-17 17:00:00,0.2401402737386337,0.24381191748306222,0.23116442115495836
2013-07-17 18:00:00,0.33492188939308637,0.3278252759727935,0.24097512774034638
2013-07-17 19:00:00,0.3372207456074918,0.33258475007517524,0.2606361344860635
2013-07-17 20:00:00,0.33754679574293167,0.33220053478067163,0.2561320855986919
2013-07-17 21:00:00,0.3327873590039186,0.3225341902506663,0.19051648419389353
2013-07-17 22:00:00,0.02011004601514822,0.0160132438300855,0.12903209929763046
2013-07-17 23:00:00,0.0004540133795768991,0.0003548795041656801,0.1285557051180251
2013-07-18 00:00:00,0.00029756417844794414,0.00023673390817057673,0.1211285505646596
2013-07-18 01:00:00,0.0003096260656442049,0.0002473201321201923,0.10946494257858508
2013-07-18 02:00:00,0.00026249249226981857,0.00020950922241766507,0.108562208393955
2013-07-18 03:00:00,0.0003541735450370682,0.0002756552225385816,0.10872836794805771
2013-07-18 04:00:00,0.0006048983899406685,0.00044261814872055826,0.11700315506828932
2013-07-18 05:00:00,3.041999055763494e-07,5.39697329102682e-06,0.13303761269903655
2013-07-18 06:00:00,4.739306844146758e-08,1.939416210202095e-07,0.1989053850289886
2013-07-18 07:00:00,2.2509120132749785e-08,7.756778254213462e-08,0.2252724097872121
2013-07-18 08:00:00,1.7704409759499228e-08,6.058028522450277e-08,0.23709637011611623
2013-07-18 09:00:00,1.0508513758778676e-08,3.6005106514244156e-08,0.2533939345648531
2013-07-18 10:00:00,1.0667771108121338e-08,3.6545023935437516e-08,0.2566402417949039
2013-07-18 11:00:00,1.0959280928700425e-08,3.776630134363484e-08,0.250518183382696
2013-07-18 12:00:00,1.1529453687155896e-08,3.949869968552567e-08,0.2383273447955617
2013-07-18 13:00:00,1.2675731991040922e-08,4.3681389062056784e-08,0.22609360179167556
2013-07-18 14:00:00,2.2953833146674036e-08,7.910025777060169e-08,0.21970003446575814
2013-07-18 15:00:00,3.196808987892406e-08,1.3770485030909004e-07,0.21643119960034266
2013-07-18 16:00:00,1.5774103480800434e-07,8.034686471925346e-06,0.223150010155829
2013-07-18 17:00:00,5.805414971787861e-07,2.7818451409948518e-05,0.23116442115495836
2013-07-18 18:00:00,0.34137681626668387,0.3413776955728399,0.24097512774034638
2013-07-18 19:00:00,0.34137688772181224,0.3413777402500249,0.2606361344860635
2013-07-18 20:00:00,0.34137772070169004,0.3413782846697242,0.2561320855986919
2013-07-18 21:00:00,0.0008421810901213218,0.0006395873506667081,0.19051648419389353
2013-07-18 22:00:00,0.28532853285328535,0.3162291169451073,0.12903209929763046
2013-07-18 23:00:00,0.27777777777777785,0.31403887688984883,0.1285557051180251
2013-07-19 00:00:00,0.274896265560166,0.31303179579041646,0.1211285505646596
2013-07-19 01:00:00,0.2825904121110177,0.31622696060715577,0.10946494257858508
2013-07-19 02:00:00,0.27805280528052806,0.3138869005010737,0.108562208393955
2013-07-19 03:00:00,0.2703137570394208,0.3101983002832861,0.10872836794805771
2013-07-19 04:00:00,0.22566086395873633,0.2830249918857514,0.11700315506828932
2013-07-19 05:00:00,2.8445453815570057e-07,1.2957201200431085e-05,0.13303761269903655
2013-07-19 06:00:00,3.6224920385775607e-08,1.5604150254568187e-07,0.1989053850289886
2013-07-19 07:00:00,2.3109647938302415e-08,7.963725918630218e-08,0.2252724097872121
2013-07-19 08:00:00,1.8157990606254087e-08,6.257353237403867e-08,0.23709637011611623
2013-07-19 09:00:00,1.1702314989983843e-08,3.979005493733305e-08,0.2533939345648531
2013-07-19 10:00:00,1.895697797259822e-08,5.891147167697344e-08,0.2566402417949039
2013-07-19 11:00:00,1.1707964746358097e-08,3.99857988436117e-08,0.250518183382696
2013-07-19 12:00:00,1.1718437081109818e-08,4.038217977615411e-08,0.2383273447955617
2013-07-19 13:00:00,2.0013968549209237e-08,6.847166340151931e-08,0.22609360179167556
2013-07-19 14:00:00,2.5526558009639135e-08,1.0882197793042406e-07,0.21970003446575814
2013-07-19 15:00:00,4.936815914675233e-08,2.3044319232786735e-07,0.21643119960034266
2013-07-19 16:00:00,1.8786125131561583e-07,0.1329991718005006,0.223150010155829
2013-07-19 17:00:00,6.611235315103457e-07,8.484149627557559e-05,0.23116442115495836
2013-07-19 18:00:00,0.3385173103736003,0.3339748369590229,0.24097512774034638
2013-07-19 19:00:00,0.33862850401449723,0.33534959096755373,0.2606361344860635
2013-07-19 20:00:00,0.33849634536006157,0.3340027690053298,0.2561320855986919
2013-07-19 21:00:00,0.34137211117954713,0.34137546194639845,0.19051648419389353
2013-07-19 22:00:00,0.0004659983964771336,0.0003670649729473115,0.12903209929763046
2013-07-19 23:00:00,0.0002008583670214761,0.0001607374430236677,0.1285557051180251
2013-07-20 00:00:00,0.00035780720227099804,0.000285750571501143,0.1211285505646596
2013-07-20 01:00:00,0.0004721072764244984,0.00037709873402567865,0.10946494257858508
2013-07-20 02:00:00,0.23850574712643682,0.2941961307538359,0.108562208393955
2013-07-20 03:00:00,0.22833562585969738,0.287303664921466,0.10872836794805771
2013-07-20 04:00:00,0.016563146997929608,0.2511467889908257,0.11700315506828932
2013-07-20 05:00:00,2.6126258081382315e-07,7.785298971294386e-06,0.13303761269903655
2013-07-20 06:00:00,3.6953267173846156e-08,1.5917890849749012e-07,0.1989053850289886
2013-07-20 07:00:00,2.334752229711727e-08,7.375226883769387e-08,0.2252724097872121
2013-07-20 08:00:00,1.213674929343335e-08,4.182331830149251e-08,0.23709637011611623
2013-07-20 09:00:00,1.0566636126446603e-08,3.641313488957701e-08,0.2533939345648531
2013-07-20 10:00:00,1.0247278932428643e-08,3.531258800007281e-08,0.2566402417949039
2013-07-20 11:00:00,1.1053572415398844e-08,3.8091277872048655e-08,0.250518183382696
2013-07-20 12:00:00,1.2785315175662816e-08,4.3502471886581924e-08,0.2383273447955617
2013-07-20 13:00:00,1.4731666126616063e-08,4.948931572997548e-08,0.22609360179167556
2013-07-20 14:00:00,1.7680147062756066e-08,5.840121221060136e-08,0.21970003446575814
2013-07-20 15:00:00,3.595805047532228e-08,1.1600585910792595e-07,0.21643119960034266
2013-07-20 16:00:00,1.5302418193053732e-07,1.441809225968197e-06,0.223150010155829
2013-07-20 17:00:00,6.165219086069464e-07,2.7712731778576115e-05,0.23116442115495836
2013-07-20 18:00:00,0.3135778282844921,0.2837068120078849,0.24097512774034638
2013-07-20 19:00:00,0.3223930045742703,0.29561789461286375,0.2606361344860635
2013-07-20 20:00:00,0.3170054750753473,0.28533704478357635,0.2561320855986919
2013-07-20 21:00:00,0.24588962909047501,0.22299731786744986,0.19051648419389353
2013-07-20 22:00:00,4.467355339095144e-05,3.566196244140339e-05,0.12903209929763046
2013-07-20 23:00:00,6.771272102623735e-05,5.388082312164801e-05,0.1285557051180251
2013-07-21 00:00:00,7.835888941233683e-05,6.250683222509767e-05,0.1211285505646596
2013-07-21 01:00:00,5.5240443235924905e-05,4.386262306936552e-05,0.10946494257858508
2013-07-21 02:00:00,5.315895467453591e-05,4.2077773166322236e-05,0.108562208393955
2013-07-21 03:00:00,5.5957595814509146e-05,4.4256099836809506e-05,0.10872836794805771
2013-07-21 04:00:00,5.6420986935407014e-05,4.511044628151766e-05,0.11700315506828932
2013-07-21 05:00:00,1.9113732903626034e-07,7.322875795340066e-07,0.13303761269903655
2013-07-21 06:00:00,4.009842988315705e-08,1.2643108131130529e-07,0.1989053850289886
2013-07-21 07:00:00,1.652991686840328e-08,5.364279935806735e-08,0.2252724097872121
2013-07-21 08:00:00,2.3243844184565097e-08,6.587452875214851e-08,0.23709637011611623
2013-07-21 09:00:00,2.2436792246813867e-08,6.203654340134736e-08,0.2533939345648531
2013-07-21 10:00:00,2.2347956793354258e-08,6.197046767926773e-08,0.2566402417949039
2013-07-21 11:00:00,2.3206297650796323e-08,6.332053469664133e-08,0.250518183382696
2013-07-21 12:00:00,2.4478842685358908e-08,6.683275162384789e-08,0.2383273447955617
2013-07-21 13:00:00,2.5160804905722904e-08,6.965527985105751e-08,0.22609360179167556
2013-07-21 14:00:00,2.5307312708708622e-08,7.191104574876458e-08,0.21970003446575814
2013-07-21 15:00:00,3.158054900089564e-08,9.841669517196887e-08,0.21643119960034266
2013-07-21 16:00:00,9.715328818607078e-08,3.5932469842914576e-07,0.223150010155829
2013-07-21 17:00:00,6.012465343773981e-07,1.6203951196332593e-05,0.23116442115495836
2013-07-21 18:00:00,0.28742557189136986,0.2468096803268104,0.24097512774034638
2013-07-21 19:00:00,0.3192309447793445,0.2885061750457782,0.2606361344860635
2013-07-21 20:00:00,0.31593840673936374,0.2839255227495077,0.2561320855986919
2013-07-21 21:00:00,0.0010066775418736663,0.0007514860547694434,0.19051648419389353
2013-07-21 22:00:00,0.00019641047055678958,0.00015476113786137564,0.12903209929763046
2013-07-21 23:00:00,0.00014426766344613734,0.00011648862538198348,0.1285557051180251
2013-07-22 00:00:00,0.0001544092682768019,0.00012439994498447378,0.1211285505646596
2013-07-22 01:00:00,0.00022730543796000818,0.00017721139081406555,0.10946494257858508
2013-07-22 02:00:00,0.00020463930363421988,0.00015991243812553312,0.108562208393955
2013-07-22 03:00:00,0.0001276171058885742,0.00010104930517119821,0.10872836794805771
2013-07-22 04:00:00,0.0188685916188508,0.20870034996834014,0.11700315506828932
2013-07-22 05:00:00,4.473066353522201e-07,2.4985610559736737e-05,0.13303761269903655
2013-07-22 06:00:00,5.8858643786192926e-08,2.5723241840412076e-07,0.1989053850289886
2013-07-22 07:00:00,2.1865864828882515e-08,7.39752550059579e-08,0.2252724097872121
2013-07-22 08:00:00,1.1505588390842906e-08,3.904235410715342e-08,0.23709637011611623
2013-07-22 09:00:00,1.0048119994488205e-08,3.4275439341403265e-08,0.2533939345648531
2013-07-22 10:00:00,9.466708770800595e-09,3.243164390522008e-08,0.2566402417949039
2013-07-22 11:00:00,9.443435009444522e-09,3.254268030488635e-08,0.250518183382696
2013-07-22 12:00:00,9.980461450228118e-09,3.439331169776203e-08,0.2383273447955617
2013-07-22 13:00:00,1.1262103192252724e-08,3.854906856969541e-08,0.22609360179167556
2013-07-22 14:00:00,2.0948535585986156e-08,7.133358227168356e-08,0.21970003446575814
2013-07-22 15:00:00,3.013987827085871e-08,1.2667648409418397e-07,0.21643119960034266
2013-07-22 16:00:00,1.5255044609659545e-07,8.973409264577701e-06,0.223150010155829
2013-07-22 17:00:00,0.25551399774167705,0.2636239493728503,0.23116442115495836
2013-07-22 18:00:00,0.3364132967002645,0.3309052170128024,0.24097512774034638
2013-07-22 19:00:00,0.33707027859617816,0.33227104308718647,0.2606361344860635
2013-07-22 20:00:00,0.3370770289605351,0.33228457077620266,0.2561320855986919
2013-07-22 21:00:00,0.33356502813146044,0.32313671095118796,0.19051648419389353
2013-07-22 22:00:00,0.328761924244708,0.32075910609474595,0.12903209929763046
2013-07-22 23:00:00,0.09394518092765984,0.15554469296343973,0.1285557051180251
2013-07-23 00:00:00,0.0052087295076691555,0.003812517105298008,0.1211285505646596
2013-07-23 01:00:00,0.00016749556792601135,0.0001349412262730871,0.10946494257858508
2013-07-23 02:00:00,0.00018668571010858136,0.00015006884915444316,0.108562208393955
2013-07-23 03:00:00,0.0008201420988544611,0.0005937490139366581,0.10872836794805771
2013-07-23 04:00:00,0.3375857846474919,0.3333501755276371,0.11700315506828932
2013-07-23 05:00:00,4.2820271544752e-07,2.2986129364377683e-05,0.13303761269903655
2013-07-23 06:00:00,4.7295567334096204e-08,2.2410199656033997e-07,0.1989053850289886
2013-07-23 07:00:00,2.2227195186691998e-08,7.659624271939947e-08,0.2252724097872121
2013-07-23 08:00:00,1.1693917235879785e-08,4.0297988716301224e-08,0.23709637011611623
2013-07-23 09:00:00,1.0200776112789534e-08,3.5152533632263446e-08,0.2533939345648531
2013-07-23 10:00:00,9.667683249340826e-09,3.331545625950449e-08,0.2566402417949039
2013-07-23 11:00:00,9.730634768179813e-09,3.3532390545582727e-08,0.250518183382696
2013-07-23 12:00:00,1.0290631514034066e-08,3.546217953897757e-08,0.2383273447955617
2013-07-23 13:00:00,1.1629920643410938e-08,3.9775440195045236e-08,0.22609360179167556
2013-07-23 14:00:00,2.155921054281615e-08,7.319456769681088e-08,0.21970003446575814
2013-07-23 15:00:00,3.099307611580266e-08,1.3029037102736844e-07,0.21643119960034266
2013-07-23 16:00:00,1.572167200846502e-07,6.989611535433811e-06,0.223150010155829
2013-07-23 17:00:00,0.263271555009497,0.28104497314182914,0.23116442115495836
2013-07-23 18:00:00,0.33744413468704004,0.33305177239837713,0.24097512774034638
2013-07-23 19:00:00,0.3361708501324199,0.33040183952887175,0.2606361344860635
2013-07-23 20:00:00,0.33475749597607435,0.32549754541077325,0.2561320855986919
2013-07-23 21:00:00,0.3338575338512798,0.3228659243413437,0.19051648419389353
2013-07-23 22:00:00,0.29560134032200164,0.27051082230591217,0.12903209929763046
2013-07-23 23:00:00,0.0021038158074043905,0.0015391209236876229,0.1285557051180251
2013-07-24 00:00:00,0.0022185947473072785,0.0016291686557252992,0.1211285505646596
2013-07-24 01:00:00,0.0006398034079654947,0.000465752819517652,0.10946494257858508
2013-07-24 02:00:00,0.00011307478262054213,9.027254940733308e-05,0.108562208393955
2013-07-24 03:00:00,0.0038409288780809994,0.002815817217632101,0.10872836794805771
2013-07-24 04:00:00,0.3361580166258613,0.32971284268299456,0.11700315506828932
2013-07-24 05:00:00,3.585991056986553e-07,0.00035718983652603263,0.13303761269903655
2013-07-24 06:00:00,6.129336953336082e-08,3.062696534688772e-07,0.1989053850289886
2013-07-24 07:00:00,2.3187596583585897e-08,9.988224083569953e-08,0.2252724097872121
2013-07-24 08:00:00,1.832799728965576e-08,6.315935870429333e-08,0.23709637011611623
2013-07-24 09:00:00,1.0978919009815467e-08,3.783404267434092e-08,0.2533939345648531
2013-07-24 10:00:00,1.5826845531264316e-08,5.454025809840908e-08,0.2566402417949039
2013-07-24 11:00:00,1.542605030950236e-08,5.315909177000643e-08,0.250518183382696
2013-07-24 12:00:00,1.5972448080772204e-08,5.504200649983716e-08,0.2383273447955617
2013-07-24 13:00:00,1.8418352581872694e-08,7.852561026138752e-08,0.22609360179167556
2013-07-24 14:00:00,2.6850246215415283e-08,1.1370152494666037e-07,0.21970003446575814
2013-07-24 15:00:00,7.570558093517864e-08,3.6909761056134377e-07,0.21643119960034266
2013-07-24 16:00:00,2.447231719010812e-07,0.04715042338320888,0.223150010155829
2013-07-24 17:00:00,0.2362525082615113,0.24992152054711178,0.23116442115495836
2013-07-24 18:00:00,0.3376205897175749,0.33342012619435235,0.24097512774034638
2013-07-24 19:00:00,0.33771450381839485,0.33361637971898744,0.2606361344860635
2013-07-24 20:00:00,0.33858306249177406,0.3354394522507581,0.2561320855986919
2013-07-24 21:00:00,0.3413724090049368,0.3413761308038565,0.19051648419389353
2013-07-24 22:00:00,0.34136976012307874,0.34136976012307874,0.12903209929763046
2013-07-24 23:00:00,0.3362762918722409,0.33913010243082103,0.1285557051180251
2013-07-25 00:00:00,0.3348977889027952,0.33868600535267196,0.1211285505646596
2013-07-25 01:00:00,0.34134919114359963,0.34134919114359963,0.10946494257858508
2013-07-25 02:00:00,0.3411520118247152,0.34130468537275277,0.108562208393955
2013-07-25 03:00:00,0.34137601347037533,0.34137704140889213,0.10872836794805771
2013-07-25 04:00:00,0.341376817700059,0.34137769560606973,0.11700315506828932
2013-07-25 05:00:00,0.24297923373235109,0.26884801117473833,0.13303761269903655
2013-07-25 06:00:00,1.2800189120965663e-07,2.126730148143769e-06,0.1989053850289886
2013-07-25 07:00:00,4.025184006506951e-08,1.6471826916678254e-07,0.2252724097872121
2013-07-25 08:00:00,2.282388276485229e-08,9.831550087870792e-08,0.23709637011611623
2013-07-25 09:00:00,1.9828550586687482e-08,6.83303170433326e-08,0.2533939345648531
2013-07-25 10:00:00,1.8205126039185005e-08,6.273590071014843e-08,0.2566402417949039
2013-07-25 11:00:00,1.7880784020882658e-08,6.161819959661954e-08,0.250518183382696
2013-07-25 12:00:00,1.8527634000078448e-08,6.311657729657372e-08,0.2383273447955617
2013-07-25 13:00:00,2.039913102965675e-08,8.649565982654759e-08,0.22609360179167556
2013-07-25 14:00:00,2.4166297184121307e-08,1.023398582657096e-07,0.21970003446575814
2013-07-25 15:00:00,5.596550599617229e-08,2.4680876738404675e-07,0.21643119960034266
2013-07-25 16:00:00,1.71039644381213e-07,0.11587076068892431,0.223150010155829
2013-07-25 17:00:00,6.700605232167596e-07,0.25826281915631405,0.23116442115495836
2013-07-25 18:00:00,0.3413771946787807,0.34137795146283684,0.24097512774034638
2013-07-25 19:00:00,0.3385363785353575,0.33534194474060763,0.2606361344860635
2013-07-25 20:00:00,0.3383629183853475,0.3349764657537321,0.2561320855986919
2013-07-25 21:00:00,0.34137801629857123,0.3413784764376336,0.19051648419389353
2013-07-25 22:00:00,0.3360034453057708,0.3389581236937843,0.12903209929763046
2013-07-25 23:00:00,0.333855421686747,0.3379962192816635,0.1285557051180251
2013-07-26 00:00:00,0.3392019577187139,0.34056578562247874,0.1211285505646596
2013-07-26 01:00:00,0.3413699391394806,0.3413699391394806,0.10946494257858508
2013-07-26 02:00:00,0.3413738078764287,0.34137625265746413,0.108562208393955
2013-07-26 03:00:00,0.34136967952720987,0.34137498077089196,0.10872836794805771
2013-07-26 04:00:00,0.34137586948751236,0.34137708941121453,0.11700315506828932
2013-07-26 05:00:00,3.409993394842794e-07,0.2525762042039373,0.13303761269903655
2013-07-26 06:00:00,7.477506725082612e-08,6.764070643910859e-07,0.1989053850289886
2013-07-26 07:00:00,3.106919017775205e-08,1.271411234350266e-07,0.2252724097872121
2013-07-26 08:00:00,1.8151455417275552e-08,6.255096144111661e-08,0.23709637011611623
2013-07-26 09:00:00,1.5803811400981228e-08,5.446087952259991e-08,0.2533939345648531
2013-07-26 10:00:00,1.5031950033998515e-08,5.180099855576225e-08,0.2566402417949039
2013-07-26 11:00:00,1.517157266018886e-08,5.228214207848126e-08,0.250518183382696
2013-07-26 12:00:00,1.624979787282671e-08,5.599773623551496e-08,0.2383273447955617
2013-07-26 13:00:00,1.841796857505328e-08,7.882601204165079e-08,0.22609360179167556
2013-07-26 14:00:00,2.3060365734325833e-08,9.778567596304223e-08,0.21970003446575814
2013-07-26 15:00:00,5.4871867330799166e-08,2.5717161155322897e-07,0.21643119960034266
2013-07-26 16:00:00,1.6814852104863217e-07,0.03663654132420516,0.223150010155829
2013-07-26 17:00:00,6.808339126095207e-07,0.24629809076498232,0.23116442115495836
2013-07-26 18:00:00,0.33419219098569514,0.32632911896508104,0.24097512774034638
2013-07-26 19:00:00,0.33207703611287387,0.3220327693204563,0.2606361344860635
2013-07-26 20:00:00,0.3327375332437638,0.3233672808463672,0.2561320855986919
2013-07-26 21:00:00,0.33120636471770004,0.31710290377753786,0.19051648419389353
2013-07-26 22:00:00,0.32110515949871876,0.307585234430784,0.12903209929763046
2013-07-26 23:00:00,0.3412206501536244,0.34134060624989926,0.1285557051180251
2013-07-27 00:00:00,0.34136952444403157,0.34137537662982725,0.1211285505646596
2013-07-27 01:00:00,0.335612968591692,0.3388046658307686,0.10946494257858508
2013-07-27 02:00:00,0.34137043676459944,0.34137524749245884,0.108562208393955
2013-07-27 03:00:00,0.34133858120068405,0.3413705116103149,0.10872836794805771
2013-07-27 04:00:00,0.3404981930955855,0.34119494451590926,0.11700315506828932
2013-07-27 05:00:00,3.629146583498724e-07,1.688269613530856e-05,0.13303761269903655
2013-07-27 06:00:00,5.022706967578214e-08,2.3799239395781014e-07,0.1989053850289886
2013-07-27 07:00:00,2.363170405153671e-08,8.1436238824963e-08,0.2252724097872121
2013-07-27 08:00:00,1.2285743920683728e-08,4.233746655849514e-08,0.23709637011611623
2013-07-27 09:00:00,1.0656336272199913e-08,3.672241367758613e-08,0.2533939345648531
2013-07-27 10:00:00,9.995956285823914e-09,3.444670049760369e-08,0.2566402417949039
2013-07-27 11:00:00,9.99829983910386e-09,3.419085624870764e-08,0.250518183382696
2013-07-27 12:00:00,1.0609284976735804e-08,3.608060777603396e-08,0.2383273447955617
2013-07-27 13:00:00,1.2070370258607686e-08,4.0777728745957103e-08,0.22609360179167556
2013-07-27 14:00:00,2.2628563334011055e-08,7.593128294824465e-08,0.21970003446575814
2013-07-27 15:00:00,3.283381032286461e-08,1.36590855251347e-07,0.21643119960034266
2013-07-27 16:00:00,1.6871117547255e-07,7.51948112146709e-06,0.223150010155829
2013-07-27 17:00:00,0.24888559154964954,0.253843414425529,0.23116442115495836
2013-07-27 18:00:00,0.33183432549925684,0.32154418890662545,0.24097512774034638
2013-07-27 19:00:00,0.3282776189721907,0.3144624417135787,0.2606361344860635
2013-07-27 20:00:00,0.3263988853966967,0.31052011278928776,0.2561320855986919
2013-07-27 21:00:00,0.010579007066516852,0.15826538820127822,0.19051648419389353
2013-07-27 22:00:00,0.0031023534625804136,0.002277570114962955,0.12903209929763046
2013-07-27 23:00:00,0.00021428811400127669,0.00017055751567832909,0.1285557051180251
2013-07-28 00:00:00,0.0001595581584681648,0.00012767990589817617,0.1211285505646596
2013-07-28 01:00:00,0.00023348678920357088,0.0001821183098051539,0.10946494257858508
2013-07-28 02:00:00,0.00026856388433690273,0.00020824158023569514,0.108562208393955
2013-07-28 03:00:00,0.00014794494665515195,0.00011758844579681572,0.10872836794805771
2013-07-28 04:00:00,0.00013267953604231508,0.00010456814450636662,0.11700315506828932
2013-07-28 05:00:00,2.504556539712699e-07,9.710233196478797e-07,0.13303761269903655
2013-07-28 06:00:00,3.755915802133098e-08,1.2742527192712314e-07,0.1989053850289886
2013-07-28 07:00:00,2.2730381623559333e-08,7.371955400849336e-08,0.2252724097872121
2013-07-28 08:00:00,2.130890525893447e-08,6.5931120950287e-08,0.23709637011611623
2013-07-28 09:00:00,2.029341147811994e-08,6.14620651370664e-08,0.2533939345648531
2013-07-28 10:00:00,1.9987242742574697e-08,5.982084360236006e-08,0.2566402417949039
2013-07-28 11:00:00,2.0344952742743772e-08,5.999581274223919e-08,0.250518183382696
2013-07-28 12:00:00,2.1058627302645078e-08,6.219344800887793e-08,0.2383273447955617
2013-07-28 13:00:00,2.1347914129467076e-08,6.452488620411232e-08,0.22609360179167556
2013-07-28 14:00:00,1.5035395990945475e-08,5.07375679021664e-08,0.21970003446575814
2013-07-28 15:00:00,3.2954460297224185e-08,1.1071501073285152e-07,0.21643119960034266
2013-07-28 16:00:00,1.720256565085015e-07,7.398620794912398e-06,0.223150010155829
2013-07-28 17:00:00,7.238675228330438e-07,3.828269808466668e-05,0.23116442115495836
2013-07-28 18:00:00,0.3344910478447705,0.32694150837486063,0.24097512774034638
2013-07-28 19:00:00,0.32624441725782966,0.3104862772431111,0.2606361344860635
2013-07-28 20:00:00,0.32125679690892683,0.30094813151270255,0.2561320855986919
2013-07-28 21:00:00,0.2615526136296777,0.22773445527641314,0.19051648419389353
2013-07-28 22:00:00,0.00027087066617101943,0.0001971685954066196,0.12903209929763046
2013-07-28 23:00:00,0.00020886408535490263,0.0001557931323082172,0.1285557051180251
2013-07-29 00:00:00,6.457146524713172e-05,5.16639110632655e-05,0.1211285505646596
2013-07-29 01:00:00,5.79998574461335e-05,4.651058777309091e-05,0.10946494257858508
2013-07-29 02:00:00,3.4833337624396665e-05,2.8487935905238752e-05,0.108562208393955
2013-07-29 03:00:00,5.0524234588282264e-05,4.042427563722194e-05,0.10872836794805771
2013-07-29 04:00:00,0.0003127772848269743,0.0002281462202794542,0.11700315506828932
2013-07-29 05:00:00,3.738120894287483e-07,0.0003000306818137539,0.13303761269903655
2013-07-29 06:00:00,7.622966549851056e-08,4.6833987087224486e-07,0.1989053850289886
2013-07-29 07:00:00,3.202555818886598e-08,1.2858233515712488e-07,0.2252724097872121
2013-07-29 08:00:00,1.876633198685944e-08,7.873328226692647e-08,0.23709637011611623
2013-07-29 09:00:00,1.6308081047183632e-08,6.772738191817879e-08,0.2533939345648531
2013-07-29 10:00:00,1.5443766435642337e-08,5.1967818166405784e-08,0.2566402417949039
2013-07-29 11:00:00,1.545911396469636e-08,5.098880962617057e-08,0.250518183382696
2013-07-29 12:00:00,1.64965696208302e-08,5.339585917247954e-08,0.2383273447955617
2013-07-29 13:00:00,1.9372175431889413e-08,7.663916184224421e-08,0.22609360179167556
2013-07-29 14:00:00,3.39574203491777e-08,1.2430260351410526e-07,0.21970003446575814
2013-07-29 15:00:00,7.83662333066209e-08,5.593409362289806e-07,0.21643119960034266
2013-07-29 16:00:00,2.1619661828492632e-07,7.439766871735669e-06,0.223150010155829
2013-07-29 17:00:00,0.25820573108562345,0.24329829754196963,0.23116442115495836
2013-07-29 18:00:00,0.30121282142397343,0.2654517178956076,0.24097512774034638
2013-07-29 19:00:00,0.30122110487539283,0.2654676761189482,0.2606361344860635
2013-07-29 20:00:00,0.30612311366162503,0.27375391243586084,0.2561320855986919
2013-07-29 21:00:00,0.2534498378094041,0.20649845646745008,0.19051648419389353
2013-07-29 22:00:00,3.849200386589572e-05,3.1075420673056e-05,0.12903209929763046
2013-07-29 23:00:00,5.4934819975527506e-05,4.3405039911688336e-05,0.1285557051180251
2013-07-30 00:00:00,4.594733439030654e-05,3.709474613636594e-05,0.1211285505646596
2013-07-30 01:00:00,4.7305280352179265e-05,3.819118008091906e-05,0.10946494257858508
2013-07-30 02:00:00,8.359347185342338e-05,6.749199591839885e-05,0.108562208393955
2013-07-30 03:00:00,0.00014458535090141738,0.00011428203938254676,0.10872836794805771
2013-07-30 04:00:00,8.375784094486918e-05,6.747777479224428e-05,0.11700315506828932
2013-07-30 05:00:00,4.628217326969612e-07,1.4410552244785763e-05,0.13303761269903655
2013-07-30 06:00:00,1.0259124557713753e-07,3.8489968655545984e-07,0.1989053850289886
2013-07-30 07:00:00,4.004999895269253e-08,1.1839776682868121e-07,0.2252724097872121
2013-07-30 08:00:00,2.130222322569895e-08,6.498529403103982e-08,0.23709637011611623
2013-07-30 09:00:00,1.907145691570029e-08,5.793881017076703e-08,0.2533939345648531
2013-07-30 10:00:00,1.7455898000998564e-08,5.5511432832862846e-08,0.2566402417949039
2013-07-30 11:00:00,1.4510846861656805e-08,4.6061469699204905e-08,0.250518183382696
2013-07-30 12:00:00,1.3278475877417787e-08,4.150502814479305e-08,0.2383273447955617
2013-07-30 13:00:00,2.02264653496006e-08,6.254923178362694e-08,0.22609360179167556
2013-07-30 14:00:00,2.388120951448402e-08,7.253260707884518e-08,0.21970003446575814
2013-07-30 15:00:00,5.497444633805757e-08,2.843282909037807e-07,0.21643119960034266
2013-07-30 16:00:00,1.654687590329137e-07,9.62851253350334e-06,0.223150010155829
2013-07-30 17:00:00,7.339208492051362e-07,5.009492509691932e-05,0.23116442115495836
2013-07-30 18:00:00,0.31082295088620127,0.27421671082756355,0.24097512774034638
2013-07-30 19:00:00,0.30492090019569784,0.2683218802066374,0.2606361344860635
2013-07-30 20:00:00,0.0013938584255492419,0.0010087707150816874,0.2561320855986919
2013-07-30 21:00:00,0.0009248413594335825,0.00067665951782185,0.19051648419389353
2013-07-30 22:00:00,4.008423484628783e-05,3.250612736872985e-05,0.12903209929763046
2013-07-30 23:00:00,2.9385809041829774e-05,2.393725982115763e-05,0.1285557051180251
2013-07-31 00:00:00,3.697160669693885e-05,2.9781137417261975e-05,0.1211285505646596
2013-07-31 01:00:00,3.655766829025292e-05,2.9447742334239815e-05,0.10946494257858508
2013-07-31 02:00:00,2.8020737153282923e-05,2.2746874545486893e-05,0.108562208393955
2013-07-31 03:00:00,4.091742789104429e-05,3.303411535305692e-05,0.10872836794805771
2013-07-31 04:00:00,0.0011189016910405337,0.0008288044017390625,0.11700315506828932
2013-07-31 05:00:00,5.201291610739238e-07,1.594556876110557e-05,0.13303761269903655
2013-07-31 06:00:00,4.9212251493355003e-08,2.4864470979387937e-07,0.1989053850289886
2013-07-31 07:00:00,2.263656970734703e-08,7.318698903665004e-08,0.2252724097872121
2013-07-31 08:00:00,1.1772745836742085e-08,3.8008837672402445e-08,0.23709637011611623
2013-07-31 09:00:00,1.0254140568127171e-08,3.3286846864734774e-08,0.2533939345648531
2013-07-31 10:00:00,9.828493573423252e-09,3.155293293011156e-08,0.2566402417949039
2013-07-31 11:00:00,1.021703224229733e-08,3.269949905103192e-08,0.250518183382696
2013-07-31 12:00:00,1.1719848232184538e-08,3.7269259029363146e-08,0.2383273447955617
2013-07-31 13:00:00,2.0462456286651455e-08,6.457530153356331e-08,0.22609360179167556
2013-07-31 14:00:00,2.4542948933486156e-08,7.626881225072372e-08,0.21970003446575814
2013-07-31 15:00:00,3.3764064505479925e-08,1.2710105565137515e-07,0.21643119960034266
2013-07-31 16:00:00,1.6898571394774288e-07,5.656872161445568e-06,0.223150010155829
2013-07-31 17:00:00,7.588185385060097e-07,0.16918278112906784,0.23116442115495836
2013-07-31 18:00:00,0.31712897141778135,0.2847107498913838,0.24097512774034638
2013-07-31 19:00:00,0.3180707065117354,0.2939629944115433,0.2606361344860635
2013-07-31 20:00:00,0.31830295750446325,0.28671292319471403,0.2561320855986919
2013-07-31 21:00:00,0.3091218236713827,0.27081170873325405,0.19051648419389353
2013-07-31 22:00:00,0.0012285700159818344,0.0008982319423533425,0.12903209929763046
2013-07-31 23:00:00,0.0013280718605731248,0.0009754761165733304,0.1285557051180251
2013-08-01 00:00:00,7.469345537953654e-05,5.8075446144233254e-05,0.13119197125779883
2013-08-01 01:00:00,7.199872925954132e-05,5.6653533753015576e-05,0.12634598122644303
2013-08-01 02:00:00,7.088959128861931e-05,5.5451594491383714e-05,0.12523796596548806
2013-08-01 03:00:00,9.289681432339253e-05,7.238692923609608e-05,0.13102581170369612
2013-08-01 04:00:00,0.018209251985363138,0.16537104002548275,0.12131785154544265
2013-08-01 05:00:00,6.136931825591466e-07,0.0004282730445662266,0.14011812574227128
2013-08-01 06:00:00,4.976960715667044e-08,2.2628577531822056e-07,0.18397277177989654
2013-08-01 07:00:00,2.2438523941837732e-08,7.450741101623364e-08,0.21648875453350405
2013-08-01 08:00:00,1.171967812068117e-08,3.8701913628213685e-08,0.22573664476597086
2013-08-01 09:00:00,1.0258589443848885e-08,3.3839305824879413e-08,0.24176122040012504
2013-08-01 10:00:00,9.810386709649372e-09,3.2321250214400995e-08,0.24555925919624402
2013-08-01 11:00:00,9.905920746541887e-09,3.288885768832589e-08,0.23611232823970152
2013-08-01 12:00:00,1.0530766368466431e-08,3.508116619794575e-08,0.22644734678773848
2013-08-01 13:00:00,1.864598454061422e-08,5.6533539462156016e-08,0.21362310173893773
2013-08-01 14:00:00,1.4603853070371395e-08,4.827374330940249e-08,0.2050844745409719
2013-08-01 15:00:00,3.1361086521986614e-08,1.2734244085338385e-07,0.20839645190270914
2013-08-01 16:00:00,1.6367637432606763e-07,7.053893241125096e-06,0.21305816220396423
2013-08-01 17:00:00,0.2717761078843511,0.2809990842955968,0.2315131205205917
2013-08-01 18:00:00,0.33181136465915845,0.3214975977273367,0.26189535604425745
2013-08-01 19:00:00,0.3313796768104907,0.32062890635744723,0.25443543605283364
2013-08-01 20:00:00,0.3317790732267081,0.3214318787681977,0.23761095386218545
2013-08-01 21:00:00,0.33200385278987754,0.32188442185739224,0.16974018096930704
2013-08-01 22:00:00,0.31238375520917594,0.29262131742721986,0.1291907313876311
2013-08-01 23:00:00,0.06527714194401016,0.10513042964510821,0.13796079422508137
2013-08-02 00:00:00,0.0003340408687166781,0.00025773990564821977,0.13119197125779883
2013-08-02 01:00:00,0.0004769901918891794,0.0003746347759062636,0.12634598122644303
2013-08-02 02:00:00,0.0007585964832825715,0.0005950273082633034,0.12523796596548806
2013-08-02 03:00:00,0.3333333333333333,0.3380452903584329,0.13102581170369612
2013-08-02 04:00:00,0.34137071745155795,0.3413737038633061,0.12131785154544265
2013-08-02 05:00:00,6.458792580397436e-07,0.03868523892650438,0.14011812574227128
2013-08-02 06:00:00,5.0036548571447166e-08,2.0475928912877005e-07,0.18397277177989654
2013-08-02 07:00:00,2.244698471150836e-08,7.735368056579729e-08,0.21648875453350405
2013-08-02 08:00:00,1.1744574093385091e-08,4.047257130081976e-08,0.22573664476597086
2013-08-02 09:00:00,1.0220676256359255e-08,3.522112828137201e-08,0.24176122040012504
2013-08-02 10:00:00,9.625958684721135e-09,3.316965917043288e-08,0.24555925919624402
2013-08-02 11:00:00,1.8219732451245637e-08,5.5813963353165614e-08,0.23611232823970152
2013-08-02 12:00:00,1.869690080172311e-08,5.7651389341552384e-08,0.22644734678773848
2013-08-02 13:00:00,1.918412266757758e-08,5.982730489478292e-08,0.21362310173893773
2013-08-02 14:00:00,1.4323944689462684e-08,4.846683292244365e-08,0.2050844745409719
2013-08-02 15:00:00,3.13335096783258e-08,1.2993730014181445e-07,0.20839645190270914
2013-08-02 16:00:00,1.654637589279074e-07,7.355578895266769e-06,0.21305816220396423
2013-08-02 17:00:00,8.262999712654184e-07,3.0816359684706774e-05,0.2315131205205917
2013-08-02 18:00:00,0.3334591912956409,0.3248276789214357,0.26189535604425745
2013-08-02 19:00:00,0.33137276097387025,0.32061603689907825,0.25443543605283364
2013-08-02 20:00:00,0.32955771341407014,0.3129835924252802,0.23761095386218545
2013-08-02 21:00:00,0.00015179196196896637,0.00011864597126353664,0.16974018096930704
2013-08-02 22:00:00,0.00022284867460750781,0.00017218803268056302,0.1291907313876311
2013-08-02 23:00:00,0.00019744111556609103,0.00015800363479854894,0.13796079422508137
2013-08-03 00:00:00,0.00028381113907429697,0.0002266378050359845,0.13119197125779883
2013-08-03 01:00:00,0.0003013880189184527,0.00023959364045344868,0.12634598122644303
2013-08-03 02:00:00,0.00028685724418853306,0.0002278603132661215,0.12523796596548806
2013-08-03 03:00:00,0.0002721631527379613,0.00021669331944909322,0.13102581170369612
2013-08-03 04:00:00,0.0002771534314636743,0.00021953484022996272,0.12131785154544265
2013-08-03 05:00:00,4.962592392097734e-07,2.855168897191662e-06,0.14011812574227128
2013-08-03 06:00:00,3.781828959801516e-08,1.3032416713870262e-07,0.18397277177989654
2013-08-03 07:00:00,1.506141083172236e-08,5.190270246731694e-08,0.21648875453350405
2013-08-03 08:00:00,2.101712944389075e-08,6.542124889360402e-08,0.22573664476597086
2013-08-03 09:00:00,2.0337197651712598e-08,6.177786549891469e-08,0.24176122040012504
2013-08-03 10:00:00,1.980685660689492e-08,5.970669325763958e-08,0.24555925919624402
2013-08-03 11:00:00,1.9911186352387043e-08,5.9297793161470145e-08,0.23611232823970152
2013-08-03 12:00:00,2.0344646034794923e-08,6.051411857169676e-08,0.22644734678773848
2013-08-03 13:00:00,2.0582180773231985e-08,6.249663592326945e-08,0.21362310173893773
2013-08-03 14:00:00,1.4663908747141082e-08,4.9445853520787674e-08,0.2050844745409719
2013-08-03 15:00:00,3.2217433136583625e-08,1.341020300097099e-07,0.20839645190270914
2013-08-03 16:00:00,1.71811929250167e-07,7.523600400763987e-06,0.21305816220396423
2013-08-03 17:00:00,8.710947461444803e-07,7.293744690784528e-05,0.2315131205205917
2013-08-03 18:00:00,0.3283502329330565,0.31455406186083984,0.26189535604425745
2013-08-03 19:00:00,0.3318792445058589,0.32163422250086254,0.25443543605283364
2013-08-03 20:00:00,0.3357967328375387,0.32798000419478485,0.23761095386218545
2013-08-03 21:00:00,0.33801418599925953,0.3326301830806427,0.16974018096930704
2013-08-03 22:00:00,0.3413564003350272,0.34137296225443103,0.1291907313876311
2013-08-03 23:00:00,0.33433685923515044,0.3384443919078658,0.13796079422508137
2013-08-04 00:00:00,0.0004088065803083289,0.00033021333558411485,0.13119197125779883
2013-08-04 01:00:00,0.0003065405787707723,0.0002470211744330309,0.12634598122644303
2013-08-04 02:00:00,0.00024368367510213434,0.00019547400460489096,0.12523796596548806
2013-08-04 03:00:00,0.00023811880406982334,0.0001905864111026502,0.13102581170369612
2013-08-04 04:00:00,0.0002856277318561475,0.00022643348008999042,0.12131785154544265
2013-08-04 05:00:00,3.904444847903745e-07,4.3253709861683644e-06,0.14011812574227128
2013-08-04 06:00:00,3.8561034334449346e-08,1.661045025881075e-07,0.18397277177989654
2013-08-04 07:00:00,1.591990530076172e-08,5.4861144523072045e-08,0.21648875453350405
2013-08-04 08:00:00,1.2389824262113173e-08,4.2695633205913914e-08,0.22573664476597086
2013-08-04 09:00:00,2.0109114670386425e-08,6.179094933907589e-08,0.24176122040012504
2013-08-04 10:00:00,1.1219497817745967e-08,3.804765424939935e-08,0.24555925919624402
2013-08-04 11:00:00,1.7710464474109987e-08,5.5146677029094924e-08,0.23611232823970152
2013-08-04 12:00:00,1.2363193460098142e-08,4.163783441810562e-08,0.22644734678773848
2013-08-04 13:00:00,1.2070109326584344e-08,4.1145901845545936e-08,0.21362310173893773
2013-08-04 14:00:00,1.518475527101956e-08,5.1254035037975906e-08,0.2050844745409719
2013-08-04 15:00:00,3.366767693264839e-08,1.1222153908399392e-07,0.20839645190270914
2013-08-04 16:00:00,1.813052856473841e-07,4.652652303977851e-06,0.21305816220396423
2013-08-04 17:00:00,0.2764677087403629,0.2828163420453832,0.2315131205205917
2013-08-04 18:00:00,0.3305458378459001,0.31433586280910764,0.26189535604425745
2013-08-04 19:00:00,0.3302242077907176,0.3163157009721217,0.25443543605283364
2013-08-04 20:00:00,0.32626678727918446,0.3054811242649789,0.23761095386218545
2013-08-04 21:00:00,0.3259728480109992,0.3042665175764404,0.16974018096930704
2013-08-04 22:00:00,0.3183919601986357,0.29023591032210144,0.1291907313876311
2013-08-04 23:00:00,0.013867156646505488,0.10237582115065597,0.13796079422508137
2013-08-05 00:00:00,0.0010669408813704395,0.0007777658706647393,0.13119197125779883
2013-08-05 01:00:00,0.0012387432999851483,0.0009023484872257283,0.12634598122644303
2013-08-05 02:00:00,0.001281983699780004,0.000934276929889825,0.12523796596548806
2013-08-05 03:00:00,0.001283530439856681,0.0009376730975474656,0.13102581170369612
2013-08-05 04:00:00,0.2866970910354309,0.25311270973554034,0.12131785154544265
2013-08-05 05:00:00,4.647591980928606e-07,0.19567416291920572,0.14011812574227128
2013-08-05 06:00:00,5.108575035663281e-08,2.3327967653355222e-07,0.18397277177989654
2013-08-05 07:00:00,2.364031264313471e-08,8.036177208984894e-08,0.21648875453350405
2013-08-05 08:00:00,1.2192569912515935e-08,4.172018867100062e-08,0.22573664476597086
2013-08-05 09:00:00,1.0530792429335396e-08,3.6289713392689246e-08,0.24176122040012504
2013-08-05 10:00:00,9.871252267408138e-09,3.401669760627051e-08,0.24555925919624402
2013-08-05 11:00:00,9.818610161298312e-09,3.38351514877553e-08,0.23611232823970152
2013-08-05 12:00:00,1.0411024813027495e-08,3.58766530352875e-08,0.22644734678773848
2013-08-05 13:00:00,1.1897963351845692e-08,4.100066930517591e-08,0.21362310173893773
2013-08-05 14:00:00,2.25360952750387e-08,7.044883761403312e-08,0.2050844745409719
2013-08-05 15:00:00,3.337267266906816e-08,1.4041313194158647e-07,0.20839645190270914
2013-08-05 16:00:00,1.8100759279337275e-07,1.111404300757395e-05,0.21305816220396423
2013-08-05 17:00:00,0.2827235136227979,0.2928770941070135,0.2315131205205917
2013-08-05 18:00:00,0.33399051582293193,0.32591680613704355,0.26189535604425745
2013-08-05 19:00:00,0.3326928960659254,0.32327761497715196,0.25443543605283364
2013-08-05 20:00:00,0.3317119469769679,0.3212966254288912,0.23761095386218545
2013-08-05 21:00:00,0.29316451984960873,0.274301038801702,0.16974018096930704
2013-08-05 22:00:00,0.33582683431481775,0.33904292188749663,0.1291907313876311
2013-08-05 23:00:00,0.2581648522550544,0.30458590006844627,0.13796079422508137
2013-08-06 00:00:00,0.2565687789799073,0.304109589041096,0.13119197125779883
2013-08-06 01:00:00,0.25421133231240434,0.3023255813953488,0.12634598122644303
2013-08-06 02:00:00,0.24924924924924924,0.29966101694915254,0.12523796596548806
2013-08-06 03:00:00,0.28181818181818186,0.31416639897205273,0.13102581170369612
2013-08-06 04:00:00,0.3204802259887006,0.3324902137910268,0.12131785154544265
2013-08-06 05:00:00,5.135982520197091e-07,4.8997216117540224e-05,0.14011812574227128
2013-08-06 06:00:00,5.0956485721757035e-08,2.0852383311626914e-07,0.18397277177989654
2013-08-06 07:00:00,2.3506325050602853e-08,8.10042119152538e-08,0.21648875453350405
2013-08-06 08:00:00,1.2204902841284298e-08,4.2058895439298996e-08,0.22573664476597086
2013-08-06 09:00:00,1.0580196945922466e-08,3.6460044012012923e-08,0.24176122040012504
2013-08-06 10:00:00,9.945379775366094e-09,3.427241800738474e-08,0.24555925919624402
2013-08-06 11:00:00,9.967827689830888e-09,3.434977376766687e-08,0.23611232823970152
2013-08-06 12:00:00,1.068898783863081e-08,3.6834942296658566e-08,0.22644734678773848
2013-08-06 13:00:00,1.2372236552708883e-08,4.226836811430914e-08,0.21362310173893773
2013-08-06 14:00:00,2.382917607144674e-08,8.098124871087975e-08,0.2050844745409719
2013-08-06 15:00:00,5.9132979248995785e-08,2.5821470353972626e-07,0.20839645190270914
2013-08-06 16:00:00,1.900714198111726e-07,0.12466521770560218,0.21305816220396423
2013-08-06 17:00:00,0.285446832731853,0.29577065191622176,0.2315131205205917
2013-08-06 18:00:00,0.3334036711743241,0.32472059387086505,0.26189535604425745
2013-08-06 19:00:00,0.32650239022626304,0.31098765956887164,0.25443543605283364
2013-08-06 20:00:00,0.32250474325363615,0.30330577811049086,0.23761095386218545
2013-08-06 21:00:00,0.29772338299150763,0.25684807375828406,0.16974018096930704
2013-08-06 22:00:00,0.29850577453240246,0.27322825348196983,0.1291907313876311
2013-08-06 23:00:00,0.10174969445144282,0.22564211259843284,0.13796079422508137
2013-08-07 00:00:00,0.2770349879616823,0.27602753874394065,0.13119197125779883
2013-08-07 01:00:00,0.30952197504801054,0.30356628855711143,0.12634598122644303
2013-08-07 02:00:00,0.3307750246134313,0.32133980317690836,0.12523796596548806
2013-08-07 03:00:00,0.30666772222614735,0.3077105107817874,0.13102581170369612
2013-08-07 04:00:00,0.33770166210591107,0.3335908852786019,0.12131785154544265
2013-08-07 05:00:00,0.25536132656462535,0.27492839722895623,0.14011812574227128
2013-08-07 06:00:00,8.935884948898354e-08,9.567985546755e-07,0.18397277177989654
2013-08-07 07:00:00,3.124053265420581e-08,1.278422829940326e-07,0.21648875453350405
2013-08-07 08:00:00,1.8268809491654972e-08,6.295536203566919e-08,0.22573664476597086
2013-08-07 09:00:00,1.582762534206466e-08,5.4542910614519033e-08,0.24176122040012504
2013-08-07 10:00:00,1.49177066206045e-08,5.140730033615533e-08,0.24555925919624402
2013-08-07 11:00:00,1.4895322081400414e-08,5.133016256082828e-08,0.23611232823970152
2013-08-07 12:00:00,1.5817771010536967e-08,5.450894965410325e-08,0.22644734678773848
2013-08-07 13:00:00,1.8078105623754575e-08,7.721678025237883e-08,0.21362310173893773
2013-08-07 14:00:00,2.2867603936575698e-08,9.68468192905822e-08,0.2050844745409719
2013-08-07 15:00:00,5.6799117323541074e-08,2.7722124550592103e-07,0.20839645190270914
2013-08-07 16:00:00,1.8548115643605934e-07,0.15675980757662064,0.21305816220396423
2013-08-07 17:00:00,0.28776688171786313,0.2987836309390678,0.2315131205205917
2013-08-07 18:00:00,0.33069663655219744,0.3192608892241329,0.26189535604425745
2013-08-07 19:00:00,0.3252796792340646,0.30861775026105975,0.25443543605283364
2013-08-07 20:00:00,0.32449887016320283,0.30691785022087376,0.23761095386218545
2013-08-07 21:00:00,0.32634986815612993,0.31069004956792184,0.16974018096930704
2013-08-07 22:00:00,0.3275314194533522,0.3073312929855457,0.1291907313876311
2013-08-07 23:00:00,0.3012628754016885,0.2672355121901319,0.13796079422508137
2013-08-08 00:00:00,0.029330813112536217,0.08099605268159567,0.13119197125779883
2013-08-08 01:00:00,0.0026664081370070224,0.001951566202446283,0.12634598122644303
2013-08-08 02:00:00,0.0033382941084444152,0.0024431455589719792,0.12523796596548806
2013-08-08 03:00:00,0.024788501470859654,0.15494354358004203,0.13102581170369612
2013-08-08 04:00:00,0.33364749904138463,0.3240549319666662,0.12131785154544265
2013-08-08 05:00:00,5.270576925256104e-07,0.08783104351896658,0.14011812574227128
2013-08-08 06:00:00,9.001092102504794e-08,7.421294258876159e-07,0.18397277177989654
2013-08-08 07:00:00,3.1546655630594976e-08,1.268394372008667e-07,0.21648875453350405
2013-08-08 08:00:00,1.839250003385753e-08,6.271918657061795e-08,0.22573664476597086
2013-08-08 09:00:00,1.5930423894879678e-08,5.448401242932878e-08,0.24176122040012504
2013-08-08 10:00:00,1.503765277879282e-08,5.143125797706847e-08,0.24555925919624402
2013-08-08 11:00:00,1.50362901614862e-08,5.127783422802613e-08,0.23611232823970152
2013-08-08 12:00:00,1.5970130064944718e-08,5.4433731291387394e-08,0.22644734678773848
2013-08-08 13:00:00,1.8285305363593878e-08,6.233119673072042e-08,0.21362310173893773
2013-08-08 14:00:00,2.3155727182031908e-08,9.83764443506589e-08,0.2050844745409719
2013-08-08 15:00:00,5.7932043187503994e-08,2.5220084522591273e-07,0.20839645190270914
2013-08-08 16:00:00,1.94104921911226e-07,1.100648885341372e-05,0.21305816220396423
2013-08-08 17:00:00,0.28534650277121937,0.28680348664969446,0.2315131205205917
2013-08-08 18:00:00,0.3236473866977429,0.30548277634349424,0.26189535604425745
2013-08-08 19:00:00,0.31722818445812523,0.29346015032836786,0.25443543605283364
2013-08-08 20:00:00,0.3128585031139612,0.2762190896645954,0.23761095386218545
2013-08-08 21:00:00,0.31473143371939205,0.2791814510959797,0.16974018096930704
2013-08-08 22:00:00,0.3008800346990708,0.2616034024214056,0.1291907313876311
2013-08-08 23:00:00,0.02567646192530299,0.025124506091987107,0.13796079422508137
2013-08-09 00:00:00,0.0016518422911364244,0.0012052500231508345,0.13119197125779883
2013-08-09 01:00:00,0.0019320468111906919,0.0014092297737792164,0.12634598122644303
2013-08-09 02:00:00,0.002057589923163334,0.0015010397727491132,0.12523796596548806
2013-08-09 03:00:00,0.3086476939469472,0.2766687218335575,0.13102581170369612
2013-08-09 04:00:00,0.32875966799562023,0.3154129326684111,0.12131785154544265
2013-08-09 05:00:00,5.211399101711137e-07,0.20941981387451317,0.14011812574227128
2013-08-09 06:00:00,9.53265310227326e-08,1.0251525573455694e-06,0.18397277177989654
2013-08-09 07:00:00,3.2990931452762267e-08,1.3087916078628895e-07,0.21648875453350405
2013-08-09 08:00:00,1.9095489196071376e-08,7.878639247860557e-08,0.22573664476597086
2013-08-09 09:00:00,1.6567376172282683e-08,4.100119188642539e-08,0.24176122040012504
2013-08-09 10:00:00,1.0464735064590151e-08,3.4944571619388765e-08,0.24555925919624402
2013-08-09 11:00:00,1.0601426618077857e-08,3.5621926487306375e-08,0.23611232823970152
2013-08-09 12:00:00,1.1186828538584044e-08,3.749562273756685e-08,0.22644734678773848
2013-08-09 13:00:00,2.077161998487411e-08,6.851830965398601e-08,0.21362310173893773
2013-08-09 14:00:00,3.118808418075603e-08,1.2626966037552495e-07,0.2050844745409719
2013-08-09 15:00:00,9.513697098040782e-08,4.3715468077721584e-07,0.20839645190270914
2013-08-09 16:00:00,3.2998215827717966e-07,0.09521375340905469,0.21305816220396423
2013-08-09 17:00:00,0.28998807044861247,0.2734599728610238,0.2315131205205917
2013-08-09 18:00:00,0.31575343507262027,0.29076552255231464,0.26189535604425745
2013-08-09 19:00:00,0.3053218591274459,0.26154171101582335,0.25443543605283364
2013-08-09 20:00:00,0.25370605854884826,0.19746405117028495,0.23761095386218545
2013-08-09 21:00:00,0.20909877386972872,0.16761681296772898,0.16974018096930704
2013-08-09 22:00:00,0.21780653417213705,0.19230199201637432,0.1291907313876311
2013-08-09 23:00:00,0.2654077255799393,0.21303571294321944,0.13796079422508137
2013-08-10 00:00:00,0.00975325816191311,0.032546362299673365,0.13119197125779883
2013-08-10 01:00:00,0.0004371951280695039,0.00031947913299007507,0.12634598122644303
2013-08-10 02:00:00,0.0003770620715300652,0.00027549515107257383,0.12523796596548806
2013-08-10 03:00:00,8.668111067737412e-05,6.274880380930827e-05,0.13102581170369612
2013-08-10 04:00:00,0.0003808942939985644,0.00027929882306068914,0.12131785154544265
2013-08-10 05:00:00,7.119758304486087e-06,8.452492735632484e-06,0.14011812574227128
2013-08-10 06:00:00,1.5514850019302417e-07,3.074032454572717e-07,0.18397277177989654
2013-08-10 07:00:00,6.336042132145762e-08,1.585042273077423e-07,0.21648875453350405
2013-08-10 08:00:00,4.1480689722657206e-08,9.288950141258225e-08,0.22573664476597086
2013-08-10 09:00:00,2.2196803675808447e-08,5.325246733159162e-08,0.24176122040012504
2013-08-10 10:00:00,1.830001063047618e-08,5.1554631524709864e-08,0.24555925919624402
2013-08-10 11:00:00,1.522053068769866e-08,4.370369139787726e-08,0.23611232823970152
2013-08-10 12:00:00,1.4399910202159981e-08,4.1328147807971575e-08,0.22644734678773848
2013-08-10 13:00:00,2.3116351570889006e-08,6.608667349837654e-08,0.21362310173893773
2013-08-10 14:00:00,2.6067997380583353e-08,7.37089870910994e-08,0.2050844745409719
2013-08-10 15:00:00,3.5560006509377726e-08,1.1909508316425538e-07,0.20839645190270914
2013-08-10 16:00:00,1.9387381524014435e-07,6.049445119104658e-06,0.21305816220396423
2013-08-10 17:00:00,1.1811467133337735e-06,2.248433742120847e-05,0.2315131205205917
2013-08-10 18:00:00,0.3081533259614697,0.26632034554443684,0.26189535604425745
2013-08-10 19:00:00,0.30923828911805734,0.2694464404959477,0.25443543605283364
2013-08-10 20:00:00,0.2809712390620021,0.23073092280329474,0.23761095386218545
2013-08-10 21:00:00,0.0010456174441573927,0.0007643437120760052,0.16974018096930704
2013-08-10 22:00:00,6.928635885158277e-05,5.6189978316688735e-05,0.1291907313876311
2013-08-10 23:00:00,6.208218409611518e-05,5.0122327698879444e-05,0.13796079422508137
2013-08-11 00:00:00,3.563849708639376e-05,2.8971372841489305e-05,0.13119197125779883
2013-08-11 01:00:00,3.560300345912635e-05,2.878517111129464e-05,0.12634598122644303
2013-08-11 02:00:00,3.460811575361429e-05,2.7882252494142848e-05,0.12523796596548806
2013-08-11 03:00:00,4.4350797064461065e-05,3.54585239464578e-05,0.13102581170369612
2013-08-11 04:00:00,2.8532510227478286e-05,2.2978289888789367e-05,0.12131785154544265
2013-08-11 05:00:00,3.935454454080449e-07,1.1494276108128481e-06,0.14011812574227128
2013-08-11 06:00:00,3.855772317364404e-08,1.2274770868642267e-07,0.18397277177989654
2013-08-11 07:00:00,1.5199106432373556e-08,4.981487577922841e-08,0.21648875453350405
2013-08-11 08:00:00,2.3214643323429696e-08,6.502907047373505e-08,0.22573664476597086
2013-08-11 09:00:00,2.252296638728804e-08,6.170053983884698e-08,0.24176122040012504
2013-08-11 10:00:00,2.2561178357711364e-08,6.247387762184221e-08,0.24555925919624402
2013-08-11 11:00:00,2.3265366009400303e-08,6.410594661585307e-08,0.23611232823970152
2013-08-11 12:00:00,2.4284323383746538e-08,6.725248399991949e-08,0.22644734678773848
2013-08-11 13:00:00,2.4970999305681368e-08,7.106464999047601e-08,0.21362310173893773
2013-08-11 14:00:00,2.5066342147774682e-08,7.509815704616719e-08,0.2050844745409719
2013-08-11 15:00:00,3.278329914709111e-08,1.0835145180290856e-07,0.20839645190270914
2013-08-11 16:00:00,1.8360706967087312e-07,4.619628349808008e-06,0.21305816220396423
2013-08-11 17:00:00,1.2340249683356907e-06,3.7438761333954e-05,0.2315131205205917
2013-08-11 18:00:00,0.002844277865987662,0.002083288974725405,0.26189535604425745
2013-08-11 19:00:00,0.0030541697615078514,0.00223504165806137,0.25443543605283364
2013-08-11 20:00:00,0.0030449720655946963,0.0022324090969780587,0.23761095386218545
2013-08-11 21:00:00,0.0001246942736783909,0.00010113362212099331,0.16974018096930704
2013-08-11 22:00:00,0.00014879766549861676,0.00011825892346231609,0.1291907313876311
2013-08-11 23:00:00,9.953554078378844e-05,7.964426044177699e-05,0.13796079422508137
2013-08-12 00:00:00,4.323220072653155e-05,3.5335419739751175e-05,0.13119197125779883
2013-08-12 01:00:00,4.634429983649733e-05,3.769370945837297e-05,0.12634598122644303
2013-08-12 02:00:00,0.00010540535472135156,8.395207502517105e-05,0.12523796596548806
2013-08-12 03:00:00,0.00011499128800760064,9.145327043427451e-05,0.13102581170369612
2013-08-12 04:00:00,0.0001057844203270213,8.38159332740392e-05,0.12131785154544265
2013-08-12 05:00:00,8.064637261184669e-07,2.3972809022977876e-05,0.14011812574227128
2013-08-12 06:00:00,3.865043751973186e-08,1.6044782657053237e-07,0.18397277177989654
2013-08-12 07:00:00,1.500099494098946e-08,5.1078588238899665e-08,0.21648875453350405
2013-08-12 08:00:00,1.1714776814465173e-08,3.985038591038996e-08,0.22573664476597086
2013-08-12 09:00:00,1.973143523766578e-08,5.908797198225632e-08,0.24176122040012504
2013-08-12 10:00:00,9.690802869402153e-09,3.337369631600031e-08,0.24555925919624402
2013-08-12 11:00:00,9.678611494393537e-09,3.335313481152815e-08,0.23611232823970152
2013-08-12 12:00:00,1.0293181777348297e-08,3.547098563161266e-08,0.22644734678773848
2013-08-12 13:00:00,1.1720349942223657e-08,4.006162639927374e-08,0.21362310173893773
2013-08-12 14:00:00,1.4732622170508755e-08,5.0020546877515184e-08,0.2050844745409719
2013-08-12 15:00:00,3.297805851046289e-08,1.3812378797527085e-07,0.20839645190270914
2013-08-12 16:00:00,1.866314536660938e-07,8.338153196471771e-06,0.21305816220396423
2013-08-12 17:00:00,0.27760907077450037,0.27922782178929023,0.2315131205205917
2013-08-12 18:00:00,0.3341358169431402,0.3262141981810292,0.26189535604425745
2013-08-12 19:00:00,0.33172650827563654,0.32132650139168384,0.25443543605283364
2013-08-12 20:00:00,0.3303024899435865,0.31821847545299264,0.23761095386218545
2013-08-12 21:00:00,0.0025734022496870022,0.0018597405055039483,0.16974018096930704
2013-08-12 22:00:00,0.00022885929401704252,0.00018328702418482577,0.1291907313876311
2013-08-12 23:00:00,0.0002446057794746281,0.00019663958886382183,0.13796079422508137
2013-08-13 00:00:00,0.00023641604666795794,0.00018877115542500906,0.13119197125779883
2013-08-13 01:00:00,0.0002452948746812007,0.00019643944665684304,0.12634598122644303
2013-08-13 02:00:00,0.00038626893313049805,0.0003094015108974552,0.12523796596548806
2013-08-13 03:00:00,0.25259515570934254,0.30068457082675093,0.13102581170369612
2013-08-13 04:00:00,0.33098071399261386,0.3370369096350314,0.12131785154544265
2013-08-13 05:00:00,7.309983600965539e-07,0.000718160553739337,0.14011812574227128
2013-08-13 06:00:00,5.199610107236109e-08,2.463746695303765e-07,0.18397277177989654
2013-08-13 07:00:00,2.3006766067501714e-08,7.928267414910116e-08,0.21648875453350405
2013-08-13 08:00:00,1.1943946152964233e-08,4.1159600962607824e-08,0.22573664476597086
2013-08-13 09:00:00,1.0388047595540953e-08,3.579787406986272e-08,0.24176122040012504
2013-08-13 10:00:00,9.842467663335284e-09,3.39177632456179e-08,0.24555925919624402
2013-08-13 11:00:00,9.942250042935608e-09,3.426161877446259e-08,0.23611232823970152
2013-08-13 12:00:00,1.6124292409614042e-08,5.556527793571437e-08,0.22644734678773848
2013-08-13 13:00:00,1.8603045474809807e-08,6.342248265278825e-08,0.21362310173893773
2013-08-13 14:00:00,2.3635842759688217e-08,9.988200273137327e-08,0.2050844745409719
2013-08-13 15:00:00,6.013973057448814e-08,2.602189898931345e-07,0.20839645190270914
2013-08-13 16:00:00,2.1191172213266158e-07,9.913436243404109e-06,0.21305816220396423
2013-08-13 17:00:00,0.22605999802389826,0.21484614466983493,0.2315131205205917
2013-08-13 18:00:00,0.26576954646044454,0.20881447179386978,0.26189535604425745
2013-08-13 19:00:00,0.157920685035934,0.1282175131942689,0.25443543605283364
2013-08-13 20:00:00,2.2307208703954165e-05,1.7834130438171717e-05,0.23761095386218545
2013-08-13 21:00:00,2.4536197408605132e-05,1.9484551975766477e-05,0.16974018096930704
2013-08-13 22:00:00,3.648338319395703e-05,2.9141652726141015e-05,0.1291907313876311
2013-08-13 23:00:00,2.8792116926521306e-05,2.3400495360864825e-05,0.13796079422508137
2013-08-14 00:00:00,3.796806793996928e-05,3.0789836275045604e-05,0.13119197125779883
2013-08-14 01:00:00,4.4085270473757305e-05,3.567112183284129e-05,0.12634598122644303
2013-08-14 02:00:00,4.137227344879521e-05,3.355087480910452e-05,0.12523796596548806
2013-08-14 03:00:00,9.03330247700309e-05,6.678831008374477e-05,0.13102581170369612
2013-08-14 04:00:00,8.512169663554389e-05,6.255586419121884e-05,0.12131785154544265
2013-08-14 05:00:00,5.86833969119036e-07,4.788031980238463e-05,0.14011812574227128
2013-08-14 06:00:00,1.0779719071034856e-07,4.6207036228424604e-07,0.18397277177989654
2013-08-14 07:00:00,3.717107962136944e-08,1.0978538046823481e-07,0.21648875453350405
2013-08-14 08:00:00,2.791843602857046e-08,8.544332600792096e-08,0.22573664476597086
2013-08-14 09:00:00,1.6956375383493866e-08,5.2700530657453354e-08,0.24176122040012504
2013-08-14 10:00:00,1.647605627008184e-08,5.0921315867143754e-08,0.24555925919624402
2013-08-14 11:00:00,1.5462012629727545e-08,4.894753439827749e-08,0.23611232823970152
2013-08-14 12:00:00,1.695984399928453e-08,5.3385043510078346e-08,0.22644734678773848
2013-08-14 13:00:00,2.959728659179875e-08,8.35816791968141e-08,0.21362310173893773
2013-08-14 14:00:00,3.730652092119848e-08,1.3774478326987862e-07,0.2050844745409719
2013-08-14 15:00:00,9.138661755574209e-08,3.6008501781104677e-07,0.20839645190270914
2013-08-14 16:00:00,2.98031801706925e-07,1.100687288624208e-05,0.21305816220396423
2013-08-14 17:00:00,1.6381882150275612e-05,1.7721076608355383e-05,0.2315131205205917
2013-08-14 18:00:00,0.19748710963646718,0.14830117770806345,0.26189535604425745
2013-08-14 19:00:00,0.17662772913241312,0.13126754352651757,0.25443543605283364
2013-08-14 20:00:00,0.0003293558976690396,0.00023591179722618958,0.23761095386218545
2013-08-14 21:00:00,2.168858709074857e-05,1.723061973250572e-05,0.16974018096930704
2013-08-14 22:00:00,5.1940847817921486e-05,3.971063746490672e-05,0.1291907313876311
2013-08-14 23:00:00,5.7268588831094236e-05,4.225463040679836e-05,0.13796079422508137
2013-08-15 00:00:00,5.9405075208158485e-05,4.38474504020789e-05,0.13119197125779883
2013-08-15 01:00:00,4.14486134581778e-05,3.2728519041536655e-05,0.12634598122644303
2013-08-15 02:00:00,6.81318139155706e-05,5.08298579426494e-05,0.12523796596548806
2013-08-15 03:00:00,7.150566065466764e-05,5.244610188800012e-05,0.13102581170369612
2013-08-15 04:00:00,7.398517160039522e-05,5.450021528416679e-05,0.12131785154544265
2013-08-15 05:00:00,8.004629076995227e-07,1.4690676582510625e-05,0.14011812574227128
2013-08-15 06:00:00,7.020347893339855e-08,2.3222547743855174e-07,0.18397277177989654
2013-08-15 07:00:00,2.5064506640903695e-08,7.474886041391267e-08,0.21648875453350405
2013-08-15 08:00:00,2.4682153105172827e-08,6.930273298879306e-08,0.22573664476597086
2013-08-15 09:00:00,2.4109867315202807e-08,6.224839248389566e-08,0.24176122040012504
2013-08-15 10:00:00,2.411590169880973e-08,6.440129684569453e-08,0.24555925919624402
2013-08-15 11:00:00,2.481821803134623e-08,6.584326535781612e-08,0.23611232823970152
2013-08-15 12:00:00,2.5630265529807194e-08,6.987659356847099e-08,0.22644734678773848
2013-08-15 13:00:00,1.4309725084495173e-08,4.657001316569199e-08,0.21362310173893773
2013-08-15 14:00:00,1.7986123597727615e-08,5.76124911255159e-08,0.2050844745409719
2013-08-15 15:00:00,3.777463291367227e-08,1.1675670538380637e-07,0.20839645190270914
2013-08-15 16:00:00,1.5656466235369294e-07,8.528283528187139e-07,0.21305816220396423
2013-08-15 17:00:00,1.6253129489292134e-06,0.000581217982102553,0.2315131205205917
2013-08-15 18:00:00,0.21966079270555722,0.19886877273489303,0.26189535604425745
2013-08-15 19:00:00,0.3002362872238451,0.2541776661136584,0.25443543605283364
2013-08-15 20:00:00,0.14458612457144418,0.1514232754155753,0.23761095386218545
2013-08-15 21:00:00,5.5648568162341197e-05,4.2282378926080136e-05,0.16974018096930704
2013-08-15 22:00:00,3.903556751601164e-05,3.1443790021055326e-05,0.1291907313876311
2013-08-15 23:00:00,3.9297893419851826e-05,3.1441691170319504e-05,0.13796079422508137
2013-08-16 00:00:00,4.3528128965140495e-05,3.498803294826333e-05,0.13119197125779883
2013-08-16 01:00:00,5.5504882906695944e-05,4.43412842883473e-05,0.12634598122644303
2013-08-16 02:00:00,6.598743599218709e-05,5.263757515275713e-05,0.12523796596548806
2013-08-16 03:00:00,7.631381164363761e-05,6.101557717956259e-05,0.13102581170369612
2013-08-16 04:00:00,8.695012716456097e-05,6.824444297732018e-05,0.12131785154544265
2013-08-16 05:00:00,9.356277576897199e-07,1.8770376123143056e-05,0.14011812574227128
2013-08-16 06:00:00,5.175389084134037e-08,2.0041121850527154e-07,0.18397277177989654
2013-08-16 07:00:00,1.5047482217280515e-08,5.0759958106029975e-08,0.21648875453350405
2013-08-16 08:00:00,1.166848664914803e-08,3.924791362138629e-08,0.22573664476597086
2013-08-16 09:00:00,1.004751202176022e-08,3.36591368078182e-08,0.24176122040012504
2013-08-16 10:00:00,2.1124197915525412e-08,5.967084977473472e-08,0.24555925919624402
2013-08-16 11:00:00,2.115228422036636e-08,6.008315373289536e-08,0.23611232823970152
2013-08-16 12:00:00,1.0135466335466657e-08,3.43007054090133e-08,0.22644734678773848
2013-08-16 13:00:00,1.1576329649554231e-08,3.90907316012191e-08,0.21362310173893773
2013-08-16 14:00:00,1.4667880785830834e-08,4.913345234028713e-08,0.2050844745409719
2013-08-16 15:00:00,3.314136272621646e-08,1.0911582618579964e-07,0.20839645190270914
2013-08-16 16:00:00,1.6972126966833116e-07,2.5466702795429045e-06,0.21305816220396423
2013-08-16 17:00:00,0.2992729760152231,0.2966988422416629,0.2315131205205917
2013-08-16 18:00:00,0.32747692742645734,0.30716843207945943,0.26189535604425745
2013-08-16 19:00:00,0.29074557338840834,0.2574361351592497,0.25443543605283364
2013-08-16 20:00:00,0.3204828991736762,0.29175257068598665,0.23761095386218545
2013-08-16 21:00:00,0.0017614177688545956,0.0012740156964985447,0.16974018096930704
2013-08-16 22:00:00,8.05605686745627e-05,6.451388290093851e-05,0.1291907313876311
2013-08-16 23:00:00,0.0001221931221564642,9.520085680771127e-05,0.13796079422508137
2013-08-17 00:00:00,0.0001905224787363305,0.00014694152034227154,0.13119197125779883
2013-08-17 01:00:00,0.00023285737743091378,0.0001795160803592385,0.12634598122644303
2013-08-17 02:00:00,0.0002853082297726822,0.00021870113616143965,0.12523796596548806
2013-08-17 03:00:00,0.0003525230519600858,0.0002676413665109593,0.13102581170369612
2013-08-17 04:00:00,0.00028145203830289874,0.0002202403922516865,0.12131785154544265
2013-08-17 05:00:00,7.619969894587513e-07,1.0512129793266558e-05,0.14011812574227128
2013-08-17 06:00:00,3.923197549330188e-08,1.6558052648491986e-07,0.18397277177989654
2013-08-17 07:00:00,1.502351706243368e-08,5.177202806118991e-08,0.21648875453350405
2013-08-17 08:00:00,2.3011114034417473e-08,6.995808557495143e-08,0.22573664476597086
2013-08-17 09:00:00,2.2585081927779932e-08,6.659310403934706e-08,0.24176122040012504
2013-08-17 10:00:00,2.2346556975463238e-08,6.451986806267661e-08,0.24555925919624402
2013-08-17 11:00:00,2.2635053404239603e-08,6.578272013587026e-08,0.23611232823970152
2013-08-17 12:00:00,2.3300719587967786e-08,6.750495444175005e-08,0.22644734678773848
2013-08-17 13:00:00,2.366625170260932e-08,7.012784455083285e-08,0.21362310173893773
2013-08-17 14:00:00,1.4894384589125817e-08,5.0405348153614605e-08,0.2050844745409719
2013-08-17 15:00:00,3.39125583222526e-08,1.1272995078097618e-07,0.20839645190270914
2013-08-17 16:00:00,2.0064013231012886e-07,3.944879749306478e-06,0.21305816220396423
2013-08-17 17:00:00,1.979347978034186e-06,5.371807490336015e-05,0.2315131205205917
2013-08-17 18:00:00,0.0025543925424182067,0.0018729077790255856,0.26189535604425745
2013-08-17 19:00:00,0.001963549848124367,0.001440309832779527,0.25443543605283364
2013-08-17 20:00:00,8.75494641287167e-05,7.005482661905899e-05,0.23761095386218545
2013-08-17 21:00:00,0.00010806916426512968,8.562405567492622e-05,0.16974018096930704
2013-08-17 22:00:00,0.00021687785439240617,0.0001720287914788125,0.1291907313876311
2013-08-17 23:00:00,7.634360302746773e-05,6.082663395545463e-05,0.13796079422508137
2013-08-18 00:00:00,9.351256575102278e-05,7.338492657994233e-05,0.13119197125779883
2013-08-18 01:00:00,0.05384615384615384,0.23611111111111108,0.12634598122644303
2013-08-18 02:00:00,0.03910614525139665,0.22147651006711408,0.12523796596548806
2013-08-18 03:00:00,0.028925619834710738,0.2011173184357542,0.13102581170369612
2013-08-18 04:00:00,0.019073569482288825,0.16104294478527606,0.12131785154544265
2013-08-18 05:00:00,4.4738870954193995e-07,1.8308114387556958e-06,0.14011812574227128
2013-08-18 06:00:00,3.957856428124813e-08,1.3639029756703124e-07,0.18397277177989654
2013-08-18 07:00:00,2.5153108860114688e-08,7.94675025694327e-08,0.21648875453350405
2013-08-18 08:00:00,2.381034469950298e-08,7.36198843773949e-08,0.22573664476597086
2013-08-18 09:00:00,2.299968967668704e-08,7.003395158430368e-08,0.24176122040012504
2013-08-18 10:00:00,2.296042593794316e-08,6.864197742298437e-08,0.24555925919624402
2013-08-18 11:00:00,2.3745991409507677e-08,6.826026745772126e-08,0.23611232823970152
2013-08-18 12:00:00,2.48132394314334e-08,7.044464714108941e-08,0.22644734678773848
2013-08-18 13:00:00,2.5540406915892685e-08,7.406635471399389e-08,0.21362310173893773
2013-08-18 14:00:00,2.5523431339481168e-08,7.806063351902525e-08,0.2050844745409719
2013-08-18 15:00:00,3.478845517284325e-08,1.0688668792571629e-07,0.20839645190270914
2013-08-18 16:00:00,1.8285203673267545e-07,2.6013517561917603e-06,0.21305816220396423
2013-08-18 17:00:00,2.2279207484031383e-06,7.8714911576916e-05,0.2315131205205917
2013-08-18 18:00:00,0.33289909917058874,0.3204178851372606,0.26189535604425745
2013-08-18 19:00:00,0.3345518995656653,0.32552668167933346,0.25443543605283364
2013-08-18 20:00:00,0.33371321331408965,0.3220333813960198,0.23761095386218545
2013-08-18 21:00:00,0.31454226816468733,0.29359600771838035,0.16974018096930704
2013-08-18 22:00:00,0.029786434832981084,0.17886789079250717,0.1291907313876311
2013-08-18 23:00:00,0.00023609137610667834,0.00018363518160993846,0.13796079422508137
2013-08-19 00:00:00,0.0003340159042074526,0.0002573769015616154,0.13119197125779883
2013-08-19 01:00:00,0.001164022718850148,0.0008407913457425361,0.12634598122644303
2013-08-19 02:00:00,0.3413484891514697,0.34137264719988003,0.12523796596548806
2013-08-19 03:00:00,0.3413774043918807,0.341377834108457,0.13102581170369612
2013-08-19 04:00:00,0.34137689500395285,0.34137775342785576,0.12131785154544265
2013-08-19 05:00:00,0.2701040360138883,0.2903374944998109,0.14011812574227128
2013-08-19 06:00:00,8.203582846444996e-08,7.656453111345195e-07,0.18397277177989654
2013-08-19 07:00:00,3.2276016228122744e-08,1.3207968303323023e-07,0.21648875453350405
2013-08-19 08:00:00,1.8712699041365893e-08,6.448503060620765e-08,0.22573664476597086
2013-08-19 09:00:00,1.605794735112918e-08,5.533662082664002e-08,0.24176122040012504
2013-08-19 10:00:00,1.502191035757114e-08,5.1766361208180106e-08,0.24555925919624402
2013-08-19 11:00:00,1.50428341694408e-08,5.156800734232164e-08,0.23611232823970152
2013-08-19 12:00:00,1.6071782581139534e-08,6.854650803798289e-08,0.22644734678773848
2013-08-19 13:00:00,2.4670513116266416e-08,8.391236932674175e-08,0.21362310173893773
2013-08-19 14:00:00,3.1648746012594274e-08,1.2689255317627787e-07,0.2050844745409719
2013-08-19 15:00:00,6.048396364478301e-08,2.9147338337931336e-07,0.20839645190270914
2013-08-19 16:00:00,2.2021204713495733e-07,0.1273691352720503,0.21305816220396423
2013-08-19 17:00:00,0.3137408106084158,0.3158096590560158,0.2315131205205917
2013-08-19 18:00:00,0.3354690267232963,0.32895188943146425,0.26189535604425745
2013-08-19 19:00:00,0.3331478162512049,0.32299978387615663,0.25443543605283364
2013-08-19 20:00:00,0.3288487334740219,0.3107759252911895,0.23761095386218545
2013-08-19 21:00:00,0.30063892706122336,0.2769907822407298,0.16974018096930704
2013-08-19 22:00:00,0.3351213424524243,0.3255610327298603,0.1291907313876311
2013-08-19 23:00:00,0.32133660052064045,0.3010958692296704,0.13796079422508137
2013-08-20 00:00:00,0.2949097820987048,0.25502835291298936,0.13119197125779883
2013-08-20 01:00:00,0.2780539058934195,0.22692975143197833,0.12634598122644303
2013-08-20 02:00:00,0.2698529756033259,0.20137694871562553,0.12523796596548806
2013-08-20 03:00:00,0.2334473894006293,0.1610499417469395,0.13102581170369612
2013-08-20 04:00:00,0.25210884101475767,0.1784760656983121,0.12131785154544265
2013-08-20 05:00:00,0.22557895089090654,0.20267703276060955,0.14011812574227128
2013-08-20 06:00:00,1.6487501113936795e-07,1.6767778379506002e-06,0.18397277177989654
2013-08-20 07:00:00,4.7445298980406445e-08,1.6529282284738707e-07,0.21648875453350405
2013-08-20 08:00:00,2.7663382263985772e-08,9.425328544646456e-08,0.22573664476597086
2013-08-20 09:00:00,2.6537806391469677e-08,9.22649665308834e-08,0.24176122040012504
2013-08-20 10:00:00,2.6796164311292757e-08,1.0026023144633284e-07,0.24555925919624402
2013-08-20 11:00:00,2.732253575864189e-08,9.422527286524023e-08,0.23611232823970152
2013-08-20 12:00:00,2.8950365698124458e-08,9.326873275604923e-08,0.22644734678773848
2013-08-20 13:00:00,3.3196505085223234e-08,9.781032801162988e-08,0.21362310173893773
2013-08-20 14:00:00,5.7390164479350555e-08,1.3849911916018098e-07,0.2050844745409719
2013-08-20 15:00:00,1.0256799909608875e-07,2.7265729043119723e-07,0.20839645190270914
2013-08-20 16:00:00,3.548092891200748e-07,1.0730206590831858e-05,0.21305816220396423
2013-08-20 17:00:00,0.25040394022578216,0.19185690357380364,0.2315131205205917
2013-08-20 18:00:00,0.2460070101333722,0.18638131209158704,0.26189535604425745
2013-08-20 19:00:00,0.2418469255087554,0.17967106699487828,0.25443543605283364
2013-08-20 20:00:00,3.7768273778450555e-05,2.5817374103401964e-05,0.23761095386218545
2013-08-20 21:00:00,3.999085447244743e-05,2.7877584537299865e-05,0.16974018096930704
2013-08-20 22:00:00,0.14225558799345717,0.12273291953156956,0.1291907313876311
2013-08-20 23:00:00,0.2884052349768106,0.24446972044090998,0.13796079422508137
2013-08-21 00:00:00,0.2854068309841126,0.2402955634432209,0.13119197125779883
2013-08-21 01:00:00,0.28181933914714763,0.2348954112349124,0.12634598122644303
2013-08-21 02:00:00,0.28076229038751466,0.23332496739641517,0.12523796596548806
2013-08-21 03:00:00,0.27910016593658327,0.2295246909951907,0.13102581170369612
2013-08-21 04:00:00,0.2779787151958861,0.21479023140598352,0.12131785154544265
2013-08-21 05:00:00,0.19142208286601903,0.15651735140697376,0.14011812574227128
2013-08-21 06:00:00,2.008292296271083e-07,1.7100388084757387e-06,0.18397277177989654
2013-08-21 07:00:00,5.137362982676229e-08,1.520556032064026e-07,0.21648875453350405
2013-08-21 08:00:00,3.644488460146407e-08,9.542905863026966e-08,0.22573664476597086
2013-08-21 09:00:00,2.7961180337608512e-08,7.828411960837532e-08,0.24176122040012504
2013-08-21 10:00:00,2.4268680699669948e-08,7.507142764822874e-08,0.24555925919624402
2013-08-21 11:00:00,2.243076939296095e-08,7.182730962180562e-08,0.23611232823970152
2013-08-21 12:00:00,2.3787488854471203e-08,7.647848883808563e-08,0.22644734678773848
2013-08-21 13:00:00,2.879707228229286e-08,9.153922753402321e-08,0.21362310173893773
2013-08-21 14:00:00,3.530698974476706e-08,1.3733197032878693e-07,0.2050844745409719
2013-08-21 15:00:00,6.561154983731946e-08,2.6654092719581176e-07,0.20839645190270914
2013-08-21 16:00:00,2.883198320363987e-07,0.1217109063531294,0.21305816220396423
2013-08-21 17:00:00,0.3167247358053048,0.29253764922890557,0.2315131205205917
2013-08-21 18:00:00,0.3132852259760201,0.28630958782448895,0.26189535604425745
2013-08-21 19:00:00,0.3110143304367461,0.2822690407240162,0.25443543605283364
2013-08-21 20:00:00,0.31401383624694007,0.28761629403225397,0.23761095386218545
2013-08-21 21:00:00,0.25697543479041657,0.21369014322266328,0.16974018096930704
2013-08-21 22:00:00,0.30466731934841096,0.2660471256726346,0.1291907313876311
2013-08-21 23:00:00,0.29951520557210676,0.25682425149854504,0.13796079422508137
2013-08-22 00:00:00,0.212665484741591,0.19332303044032845,0.13119197125779883
2013-08-22 01:00:00,0.27177436656669174,0.22937357342349907,0.12634598122644303
2013-08-22 02:00:00,0.27754224525691823,0.23801478041973845,0.12523796596548806
2013-08-22 03:00:00,0.31523621500323923,0.2823345310348707,0.13102581170369612
2013-08-22 04:00:00,0.3241320373175398,0.30537664027104505,0.12131785154544265
2013-08-22 05:00:00,6.202105692408893e-07,0.12821469514090011,0.14011812574227128
2013-08-22 06:00:00,1.3731083862712384e-07,1.5605789435764882e-06,0.18397277177989654
2013-08-22 07:00:00,3.082348484463191e-08,1.25948441091223e-07,0.21648875453350405
2013-08-22 08:00:00,2.092959493559615e-08,6.967674865994193e-08,0.22573664476597086
2013-08-22 09:00:00,1.786793796330558e-08,5.99620724900982e-08,0.24176122040012504
2013-08-22 10:00:00,1.1422456889491712e-08,3.856033430190306e-08,0.24555925919624402
2013-08-22 11:00:00,1.7159791700034117e-08,5.336531138035787e-08,0.23611232823970152
2013-08-22 12:00:00,1.8712110899196457e-08,6.353181659345056e-08,0.22644734678773848
2013-08-22 13:00:00,2.1451000748175158e-08,7.260711718923037e-08,0.21362310173893773
2013-08-22 14:00:00,2.7536412706501415e-08,1.15686430603312e-07,0.2050844745409719
2013-08-22 15:00:00,7.168270299530762e-08,3.7869599301059754e-07,0.20839645190270914
2013-08-22 16:00:00,2.7028774766043995e-07,0.1541975389894415,0.21305816220396423
2013-08-22 17:00:00,0.33229018843869046,0.32246371733895096,0.2315131205205917
2013-08-22 18:00:00,0.33049650995617025,0.31886072166114704,0.26189535604425745
2013-08-22 19:00:00,0.3282424518645761,0.3143923403400899,0.25443543605283364
2013-08-22 20:00:00,0.3272542851144939,0.31245330218446676,0.23761095386218545
2013-08-22 21:00:00,0.3032286261659645,0.27052904616499895,0.16974018096930704
2013-08-22 22:00:00,0.2756098242005404,0.2313067240569988,0.1291907313876311
2013-08-22 23:00:00,0.26753755462492446,0.2300232214954823,0.13796079422508137
2013-08-23 00:00:00,0.16547764173338753,0.198328338278789,0.13119197125779883
2013-08-23 01:00:00,0.0009648927484598827,0.0006875240602844088,0.12634598122644303
2013-08-23 02:00:00,0.19750733493624065,0.2324970073805251,0.12523796596548806
2013-08-23 03:00:00,0.3337941862169778,0.32551504774540263,0.13102581170369612
2013-08-23 04:00:00,0.3279411406063596,0.3105310955762559,0.12131785154544265
2013-08-23 05:00:00,0.2590951545319637,0.2737421630471941,0.14011812574227128
2013-08-23 06:00:00,1.0307958329666134e-07,7.720641787784951e-07,0.18397277177989654
2013-08-23 07:00:00,2.9146547978555258e-08,1.2396326423042493e-07,0.21648875453350405
2013-08-23 08:00:00,2.2052618635994675e-08,7.507839498308145e-08,0.22573664476597086
2013-08-23 09:00:00,1.2926282291081162e-08,4.389256565938276e-08,0.24176122040012504
2013-08-23 10:00:00,1.216575766964036e-08,4.131558404825131e-08,0.24555925919624402
2013-08-23 11:00:00,1.164130713648856e-08,3.94089064039803e-08,0.23611232823970152
2013-08-23 12:00:00,1.1898202737212477e-08,4.0208276863740335e-08,0.22644734678773848
2013-08-23 13:00:00,2.0283451910055142e-08,6.824401368203757e-08,0.21362310173893773
2013-08-23 14:00:00,2.683835556349852e-08,1.1179751639283257e-07,0.2050844745409719
2013-08-23 15:00:00,7.301963271562864e-08,4.195786423442124e-07,0.20839645190270914
2013-08-23 16:00:00,2.934092686300858e-07,1.2638996728908624e-05,0.21305816220396423
2013-08-23 17:00:00,0.3330304217296503,0.3232103051019339,0.2315131205205917
2013-08-23 18:00:00,0.33299005287835187,0.32388082831371934,0.26189535604425745
2013-08-23 19:00:00,0.3307764600832469,0.3166851884556516,0.25443543605283364
2013-08-23 20:00:00,0.32418340879004914,0.30165305878142323,0.23761095386218545
2013-08-23 21:00:00,0.059224290783462266,0.21619388475619525,0.16974018096930704
2013-08-23 22:00:00,0.00016171749793011288,0.000129505858030149,0.1291907313876311
2013-08-23 23:00:00,0.00011511940864685458,9.211407640633396e-05,0.13796079422508137
2013-08-24 00:00:00,9.039139473922084e-05,7.216196089410796e-05,0.13119197125779883
2013-08-24 01:00:00,9.505369381534582e-05,7.599877363254576e-05,0.12634598122644303
2013-08-24 02:00:00,0.00010828612003392415,8.669668011334659e-05,0.12523796596548806
2013-08-24 03:00:00,0.00027116036917251715,0.00021638167355909815,0.13102581170369612
2013-08-24 04:00:00,0.020512820512820513,0.26549210206561363,0.12131785154544265
2013-08-24 05:00:00,6.734418767709114e-07,9.448446128441181e-06,0.14011812574227128
2013-08-24 06:00:00,7.509997120416771e-08,3.234986020115748e-07,0.18397277177989654
2013-08-24 07:00:00,4.2352089949288604e-08,1.4594796811421228e-07,0.21648875453350405
2013-08-24 08:00:00,2.0646336879424278e-08,7.114868077672481e-08,0.22573664476597086
2013-08-24 09:00:00,1.9245690007111377e-08,6.632196708566786e-08,0.24176122040012504
2013-08-24 10:00:00,1.905866127293847e-08,6.567753345790061e-08,0.24555925919624402
2013-08-24 11:00:00,1.9300565457351462e-08,6.651112596452357e-08,0.23611232823970152
2013-08-24 12:00:00,2.579022207573376e-08,8.809100041124549e-08,0.22644734678773848
2013-08-24 13:00:00,2.6548443732883223e-08,9.063520094466047e-08,0.21362310173893773
2013-08-24 14:00:00,3.250805530647462e-08,1.120246942755073e-07,0.2050844745409719
2013-08-24 15:00:00,1.0889444710345671e-07,1.2061783834097721e-06,0.20839645190270914
2013-08-24 16:00:00,2.714022560719639e-07,1.297638873005315e-05,0.21305816220396423
2013-08-24 17:00:00,0.022598870056497175,0.2719459791282996,0.2315131205205917
2013-08-24 18:00:00,0.00040184710298435357,0.00031707099037892077,0.26189535604425745
2013-08-24 19:00:00,0.00027978307597199495,0.00022611753176346997,0.25443543605283364
2013-08-24 20:00:00,0.00029425964625409234,0.00023835010876709962,0.23761095386218545
2013-08-24 21:00:00,0.00029045498817309033,0.00023526668524402128,0.16974018096930704
2013-08-24 22:00:00,0.00015851371430099272,0.00012770981574773953,0.1291907313876311
2013-08-24 23:00:00,0.00015489760407828179,0.00012336518499993148,0.13796079422508137
2013-08-25 00:00:00,0.0001252061942370455,0.00010086983801437382,0.13119197125779883
2013-08-25 01:00:00,0.00011268668824005792,9.07822183542877e-05,0.12634598122644303
2013-08-25 02:00:00,8.408039098394824e-05,6.773387861388783e-05,0.12523796596548806
2013-08-25 03:00:00,6.957626795413498e-05,5.5796922377790255e-05,0.13102581170369612
2013-08-25 04:00:00,7.145495195730609e-05,5.717555845773977e-05,0.12131785154544265
2013-08-25 05:00:00,1.0748586661621997e-06,2.7416985757633967e-05,0.14011812574227128
2013-08-25 06:00:00,8.744662076088296e-08,3.1853501753131796e-07,0.18397277177989654
2013-08-25 07:00:00,5.075819375140241e-08,1.579925945447764e-07,0.21648875453350405
2013-08-25 08:00:00,2.8830443749252757e-08,8.752798050716864e-08,0.22573664476597086
2013-08-25 09:00:00,2.4744643935213967e-08,7.431481761383424e-08,0.24176122040012504
2013-08-25 10:00:00,2.3677715323988865e-08,7.517132555208007e-08,0.24555925919624402
2013-08-25 11:00:00,2.383328957144147e-08,7.374316799506687e-08,0.23611232823970152
2013-08-25 12:00:00,2.7451190958939277e-08,8.52093421520316e-08,0.22644734678773848
2013-08-25 13:00:00,5.062797334923232e-08,1.5783236605987002e-07,0.21362310173893773
2013-08-25 14:00:00,6.17444842005744e-08,2.429241971075923e-07,0.2050844745409719
2013-08-25 15:00:00,1.4535260201070907e-07,5.910494785931995e-07,0.20839645190270914
2013-08-25 16:00:00,5.079307030141877e-07,2.0263304410108325e-05,0.21305816220396423
2013-08-25 17:00:00,0.00017493276680408373,0.00014190179445588424,0.2315131205205917
2013-08-25 18:00:00,0.0002135900341836119,0.00016492239100940526,0.26189535604425745
2013-08-25 19:00:00,0.00014570191899475725,0.00011381009002887719,0.25443543605283364
2013-08-25 20:00:00,0.0001158796640891077,9.167521060193036e-05,0.23761095386218545
2013-08-25 21:00:00,7.642060612589419e-05,6.21146453744856e-05,0.16974018096930704
2013-08-25 22:00:00,4.804118393705088e-05,3.814081024908913e-05,0.1291907313876311
2013-08-25 23:00:00,6.304693629849787e-05,5.0289187626280905e-05,0.13796079422508137
2013-08-26 00:00:00,9.688700873617317e-05,7.805089549809453e-05,0.13119197125779883
2013-08-26 01:00:00,0.0001124694012088428,9.060593584936854e-05,0.12634598122644303
2013-08-26 02:00:00,9.7111687801134e-05,7.840757382002754e-05,0.12523796596548806
2013-08-26 03:00:00,9.220398632270508e-05,7.444473988657359e-05,0.13102581170369612
2013-08-26 04:00:00,0.0003722203480099352,0.0002669851141288813,0.12131785154544265
2013-08-26 05:00:00,0.22201831760405946,0.23447310517801886,0.14011812574227128
2013-08-26 06:00:00,3.4960140850911474e-07,1.3089650623446277e-05,0.18397277177989654
2013-08-26 07:00:00,6.434740184173846e-08,2.606261992714559e-07,0.21648875453350405
2013-08-26 08:00:00,4.132603168475114e-08,1.6840259428911774e-07,0.22573664476597086
2013-08-26 09:00:00,3.599611601908154e-08,1.4877492478386128e-07,0.24176122040012504
2013-08-26 10:00:00,3.134113315935453e-08,1.3215082077156823e-07,0.24555925919624402
2013-08-26 11:00:00,2.8479416459035113e-08,1.2267710191899946e-07,0.23611232823970152
2013-08-26 12:00:00,2.576377372780225e-08,1.1097927841524728e-07,0.22644734678773848
2013-08-26 13:00:00,2.533989199563661e-08,1.0915337657602014e-07,0.21362310173893773
2013-08-26 14:00:00,4.932138995489401e-08,2.209535484935931e-07,0.2050844745409719
2013-08-26 15:00:00,1.1096283548104909e-07,5.162115520975755e-06,0.20839645190270914
2013-08-26 16:00:00,2.6894839798029166e-07,1.2974902426127192e-05,0.21305816220396423
2013-08-26 17:00:00,0.34137728899677316,0.34137800680730324,0.2315131205205917
2013-08-26 18:00:00,0.3413775965915901,0.3413781998250119,0.26189535604425745
2013-08-26 19:00:00,0.34137783843913133,0.3413783574703394,0.25443543605283364
2013-08-26 20:00:00,0.34137772385616344,0.34137805321781145,0.23761095386218545
2013-08-26 21:00:00,0.34137790605714263,0.3413782068949458,0.16974018096930704
2013-08-26 22:00:00,0.34137792508257564,0.34137821158521336,0.1291907313876311
2013-08-26 23:00:00,0.3413780407547769,0.3413784737637302,0.13796079422508137
2013-08-27 00:00:00,0.3413779935392496,0.3413784608124652,0.13119197125779883
2013-08-27 01:00:00,0.3413779407854585,0.3413784317919951,0.12634598122644303
2013-08-27 02:00:00,0.34137784567940704,0.34137837458509424,0.12523796596548806
2013-08-27 03:00:00,0.34137769608252955,0.34137827883406097,0.13102581170369612
2013-08-27 04:00:00,0.3413773610611878,0.34137805469071647,0.12131785154544265
2013-08-27 05:00:00,0.28314733510514845,0.30024383700435314,0.14011812574227128
2013-08-27 06:00:00,1.8415939603452796e-07,8.884518728099439e-06,0.18397277177989654
2013-08-27 07:00:00,7.614800156042486e-08,3.8049476258799693e-07,0.21648875453350405
2013-08-27 08:00:00,4.47609786679135e-08,2.120921423515028e-07,0.22573664476597086
2013-08-27 09:00:00,2.726401840168564e-08,1.1744168693364383e-07,0.24176122040012504
2013-08-27 10:00:00,2.5507634664623838e-08,1.0987593388225936e-07,0.24555925919624402
2013-08-27 11:00:00,2.5846953177098437e-08,1.1133757007920676e-07,0.23611232823970152
2013-08-27 12:00:00,3.275286173421179e-08,1.1286820651114815e-07,0.22644734678773848
2013-08-27 13:00:00,4.305162117552538e-08,1.9286576480459124e-07,0.21362310173893773
2013-08-27 14:00:00,5.158662400108951e-08,2.8443256401228187e-07,0.2050844745409719
2013-08-27 15:00:00,1.3985314720277975e-07,6.67176180430825e-06,0.20839645190270914
2013-08-27 16:00:00,3.954750730825577e-07,0.2115895079177117,0.21305816220396423
2013-08-27 17:00:00,0.3413772006117866,0.3413779531537723,0.2315131205205917
2013-08-27 18:00:00,0.33791891830519794,0.33404458895416367,0.26189535604425745
2013-08-27 19:00:00,0.3357613783356833,0.32955366132000263,0.25443543605283364
2013-08-27 20:00:00,0.33458147838521857,0.3271247864149877,0.23761095386218545
2013-08-27 21:00:00,0.31919173571774107,0.30028389049628307,0.16974018096930704
2013-08-27 22:00:00,0.0004083373301262343,0.00027509202418340344,0.1291907313876311
2013-08-27 23:00:00,0.33846305386950226,0.3351859269582904,0.13796079422508137
2013-08-28 00:00:00,0.3413782154334807,0.3413786004806044,0.13119197125779883
2013-08-28 01:00:00,0.3384281094315068,0.33511255178393423,0.12634598122644303
2013-08-28 02:00:00,0.3413781350504182,0.34137854746304147,0.12523796596548806
2013-08-28 03:00:00,0.3413780523630239,0.3413784951481381,0.13102581170369612
2013-08-28 04:00:00,0.3413776428062751,0.34137824276925305,0.12131785154544265
2013-08-28 05:00:00,0.28898350770145753,0.30458927973332645,0.14011812574227128
2013-08-28 06:00:00,2.962149456764829e-07,0.23468911114841876,0.18397277177989654
2013-08-28 07:00:00,9.757915293996326e-08,4.875813615669172e-07,0.21648875453350405
2013-08-28 08:00:00,8.659080884630406e-08,5.221939594273796e-07,0.22573664476597086
2013-08-28 09:00:00,6.12615489697791e-08,2.5069398031239477e-07,0.24176122040012504
2013-08-28 10:00:00,5.081652177754111e-08,2.0795093391147485e-07,0.24555925919624402
2013-08-28 11:00:00,5.764928669038696e-08,3.178601274785988e-07,0.23611232823970152
2013-08-28 12:00:00,7.391564638025471e-08,4.77594857768006e-07,0.22644734678773848
2013-08-28 13:00:00,7.732691774235712e-08,6.439753513326889e-07,0.21362310173893773
2013-08-28 14:00:00,7.395057879860866e-08,3.591788660839623e-07,0.2050844745409719
2013-08-28 15:00:00,1.7076220242685108e-07,2.610836492993016e-06,0.20839645190270914
2013-08-28 16:00:00,0.23373317631653348,0.2532023478887801,0.21305816220396423
2013-08-28 17:00:00,0.3293185346279595,0.3165179602928245,0.2315131205205917
2013-08-28 18:00:00,0.32939807271075133,0.31667510573184504,0.26189535604425745
2013-08-28 19:00:00,0.32945741574849535,0.3167897833770485,0.25443543605283364
2013-08-28 20:00:00,0.3290600015923343,0.31070545163630287,0.23761095386218545
2013-08-28 21:00:00,0.3217841633147641,0.2984281697310916,0.16974018096930704
2013-08-28 22:00:00,0.32613886764162076,0.30644701955572945,0.1291907313876311
2013-08-28 23:00:00,0.32751272315411406,0.3129582981013186,0.13796079422508137
2013-08-29 00:00:00,0.32633661669446207,0.31066395562703986,0.13119197125779883
2013-08-29 01:00:00,0.3246487627077447,0.3074005497200211,0.12634598122644303
2013-08-29 02:00:00,0.3241314257886636,0.3064074037024483,0.12523796596548806
2013-08-29 03:00:00,0.324019024879983,0.3061922125958032,0.13102581170369612
2013-08-29 04:00:00,0.3247168017059005,0.3075324213069237,0.12131785154544265
2013-08-29 05:00:00,0.2770162117005894,0.2768883951795272,0.14011812574227128
2013-08-29 06:00:00,1.5695211547908851e-07,3.1779368674959375e-06,0.18397277177989654
2013-08-29 07:00:00,2.9047600632362397e-08,1.1864744194216816e-07,0.21648875453350405
2013-08-29 08:00:00,2.0762317556325055e-08,6.8420262017446e-08,0.22573664476597086
2013-08-29 09:00:00,1.8413799920363998e-08,6.071055942301493e-08,0.24176122040012504
2013-08-29 10:00:00,1.1981457711711596e-08,4.0120171749841445e-08,0.24555925919624402
2013-08-29 11:00:00,1.8878200086959287e-08,6.334366871506191e-08,0.23611232823970152
2013-08-29 12:00:00,2.036892467965453e-08,6.851276911301861e-08,0.22644734678773848
2013-08-29 13:00:00,2.2631353336598134e-08,7.605047475079242e-08,0.21362310173893773
2013-08-29 14:00:00,2.8819463420593462e-08,1.196280381484244e-07,0.2050844745409719
2013-08-29 15:00:00,7.236000701197413e-08,3.7654388582511604e-07,0.20839645190270914
2013-08-29 16:00:00,2.944844751097673e-07,0.14734354647524475,0.21305816220396423
2013-08-29 17:00:00,0.33017963462576716,0.3182295572180765,0.2315131205205917
2013-08-29 18:00:00,0.3289894461762157,0.31586620266893084,0.26189535604425745
2013-08-29 19:00:00,0.3271614825476525,0.3122715112388464,0.25443543605283364
2013-08-29 20:00:00,0.32472653693096726,0.3006350136905775,0.23761095386218545
2013-08-29 21:00:00,0.3116035152261654,0.2789297324265799,0.16974018096930704
2013-08-29 22:00:00,0.0002949881597412337,0.0002018121077728204,0.1291907313876311
2013-08-29 23:00:00,0.32836958767921526,0.3146415343080651,0.13796079422508137
2013-08-30 00:00:00,0.3244374767942316,0.30555832787662535,0.13119197125779883
2013-08-30 01:00:00,0.3242387690479305,0.30661296943612415,0.12634598122644303
2013-08-30 02:00:00,0.32381340622363,0.3057982817297124,0.12523796596548806
2013-08-30 03:00:00,0.3123872696252736,0.2813400851943095,0.13102581170369612
2013-08-30 04:00:00,0.33059913923767903,0.31906587034001277,0.12131785154544265
2013-08-30 05:00:00,0.2991820565483938,0.3006313678532502,0.14011812574227128
2013-08-30 06:00:00,8.279554864635902e-08,6.84372290313463e-07,0.18397277177989654
2013-08-30 07:00:00,2.2206302113009588e-08,9.391886141688449e-08,0.21648875453350405
2013-08-30 08:00:00,1.7370846525646854e-08,5.866346987257574e-08,0.22573664476597086
2013-08-30 09:00:00,1.0326916510990122e-08,3.490498785949983e-08,0.24176122040012504
2013-08-30 10:00:00,1.0327166440075728e-08,3.532884252223647e-08,0.24555925919624402
2013-08-30 11:00:00,1.6570616835301508e-08,5.673284616207969e-08,0.23611232823970152
2013-08-30 12:00:00,1.849538627040869e-08,6.330376159655674e-08,0.22644734678773848
2013-08-30 13:00:00,2.135768937651373e-08,7.300277147113256e-08,0.21362310173893773
2013-08-30 14:00:00,2.6314464055678883e-08,1.1212879454212646e-07,0.2050844745409719
2013-08-30 15:00:00,5.3259300065745947e-08,2.4750951148113933e-07,0.20839645190270914
2013-08-30 16:00:00,2.787583587000536e-07,0.14400168396551377,0.21305816220396423
2013-08-30 17:00:00,0.3363926374574141,0.3308628352871054,0.2315131205205917
2013-08-30 18:00:00,0.3364440046927551,0.3309686919177102,0.26189535604425745
2013-08-30 19:00:00,0.33588213442038944,0.32980435933737384,0.25443543605283364
2013-08-30 20:00:00,0.33386763751698895,0.3255817412244139,0.23761095386218545
2013-08-30 21:00:00,0.3267610197703509,0.3085789530243669,0.16974018096930704
2013-08-30 22:00:00,0.0003123839762383336,0.00024474444024137344,0.1291907313876311
2013-08-30 23:00:00,0.0434014157905342,0.2575370319582849,0.13796079422508137
2013-08-31 00:00:00,0.00020972769780874668,0.00016533446128176918,0.13119197125779883
2013-08-31 01:00:00,0.00018709854119492854,0.00014972443252068873,0.12634598122644303
2013-08-31 02:00:00,0.00016927208898172066,0.00013535350234124564,0.12523796596548806
2013-08-31 03:00:00,0.0001810415484867669,0.00014477086959475372,0.13102581170369612
2013-08-31 04:00:00,0.00023122315965904905,0.00017816220788005575,0.12131785154544265
2013-08-31 05:00:00,1.6308554591153712e-06,3.64792117710889e-05,0.14011812574227128
2013-08-31 06:00:00,4.164482048791905e-08,1.747006649689644e-07,0.18397277177989654
2013-08-31 07:00:00,2.2271972694917828e-08,7.618022595969183e-08,0.21648875453350405
2013-08-31 08:00:00,1.1532670053342865e-08,3.9398552725684457e-08,0.22573664476597086
2013-08-31 09:00:00,2.290566674513385e-08,6.570536325448256e-08,0.24176122040012504
2013-08-31 10:00:00,2.269430692545484e-08,6.574691499243585e-08,0.24555925919624402
2013-08-31 11:00:00,1.0772480229886452e-08,3.7122456152370076e-08,0.23611232823970152
2013-08-31 12:00:00,1.1887348778510128e-08,4.096457901408786e-08,0.22644734678773848
2013-08-31 13:00:00,1.3569869732643038e-08,4.638913227881365e-08,0.21362310173893773
2013-08-31 14:00:00,2.5762807090728318e-08,8.750235253720725e-08,0.2050844745409719
2013-08-31 15:00:00,4.061090826864896e-08,1.701565047349224e-07,0.20839645190270914
2013-08-31 16:00:00,2.933999390314927e-07,1.2375809691696551e-05,0.21305816220396423
2013-08-31 17:00:00,0.00034875903270775114,0.0002593955114879485,0.2315131205205917
2013-08-31 18:00:00,0.000288115007563019,0.00022398891404201438,0.26189535604425745
2013-08-31 19:00:00,0.0005125924919233446,0.0003788767127181761,0.25443543605283364
2013-08-31 20:00:00,0.0006049012017461571,0.00043892821039648067,0.23761095386218545
2013-08-31 21:00:00,0.0003909744295299523,0.0002934707773404852,0.16974018096930704
2013-08-31 22:00:00,0.0001498272899966221,0.00011980378378009597,0.1291907313876311
2013-08-31 23:00:00,9.302172878147008e-05,7.540666745283797e-05,0.13796079422508137
2013-09-01 00:00:00,8.176772566156646e-05,6.58348907303083e-05,0.10153378325493903
2013-09-01 01:00:00,8.086757547757577e-05,6.529757308573507e-05,0.09134703898423087
2013-09-01 02:00:00,7.529435832158929e-05,6.0623189309143264e-05,0.09745908554665576
2013-09-01 03:00:00,7.732779635686549e-05,6.235353534191482e-05,0.1178325740880721
2013-09-01 04:00:00,0.0001384800292637043,0.00010837858051808628,0.12252061351623054
2013-09-01 05:00:00,1.167503701959655e-06,4.246766767678009e-06,0.11588677169634169
2013-09-01 06:00:00,4.657822248870485e-08,1.943315860159924e-07,0.17902536493274512
2013-09-01 07:00:00,1.7378351129358655e-08,5.931331257940754e-08,0.19187451010063583
2013-09-01 08:00:00,2.5014100448422783e-08,7.547492715844022e-08,0.19218464804952237
2013-09-01 09:00:00,2.427444149516724e-08,7.095512903185779e-08,0.20103969000293037
2013-09-01 10:00:00,2.4587813581295205e-08,7.31030048935334e-08,0.20019890187983844
2013-09-01 11:00:00,2.5995795595995084e-08,7.892244268866781e-08,0.190076342023381
2013-09-01 12:00:00,2.746570481036002e-08,8.449043869231191e-08,0.16253086815508547
2013-09-01 13:00:00,2.834763974929291e-08,8.843977598381623e-08,0.13695756397662331
2013-09-01 14:00:00,2.1530376583941363e-08,7.323176368432077e-08,0.13889689866074745
2013-09-01 15:00:00,5.376538238791239e-08,2.1910156352190343e-07,0.139234991480765
2013-09-01 16:00:00,4.330798048066012e-07,1.7400819811820002e-05,0.1543471768179118
2013-09-01 17:00:00,0.00014646044262955947,0.00011040484293748938,0.23653379411986078
2013-09-01 18:00:00,0.00010742540798772943,8.439948607517054e-05,0.2526044555776405
2013-09-01 19:00:00,0.00013647180807380138,0.00010156132641761772,0.20973705757442526
2013-09-01 20:00:00,0.00010936725749574639,8.096014881246402e-05,0.16635459023639335
2013-09-01 21:00:00,9.189793321845595e-05,6.87264093695277e-05,0.12810409048416685
2013-09-01 22:00:00,4.7552720836997055e-05,3.819083187945484e-05,0.13472079383351065
2013-09-01 23:00:00,2.485913158766987e-05,2.033421650230395e-05,0.12598196950463864
2013-09-02 00:00:00,2.045146030527781e-05,1.6728757955441933e-05,0.10153378325493903
2013-09-02 01:00:00,2.024623785965495e-05,1.637893096683051e-05,0.09134703898423087
2013-09-02 02:00:00,2.8865304865728222e-05,2.3804195744889184e-05,0.09745908554665576
2013-09-02 03:00:00,5.71558619571622e-05,4.569687896562253e-05,0.1178325740880721
2013-09-02 04:00:00,5.0919885779078264e-05,4.132656091806172e-05,0.12252061351623054
2013-09-02 05:00:00,1.115260966186821e-06,2.7605086021141237e-05,0.11588677169634169
2013-09-02 06:00:00,1.7223004739874244e-07,7.661723915562071e-07,0.17902536493274512
2013-09-02 07:00:00,4.9179396685193916e-08,1.5798317623990958e-07,0.19187451010063583
2013-09-02 08:00:00,3.300111296253466e-08,1.0921906773789335e-07,0.19218464804952237
2013-09-02 09:00:00,2.047840943374792e-08,6.87166474625111e-08,0.20103969000293037
2013-09-02 10:00:00,2.0164881582287443e-08,6.794078973762524e-08,0.20019890187983844
2013-09-02 11:00:00,2.17697574072933e-08,7.343326683033105e-08,0.190076342023381
2013-09-02 12:00:00,2.392018656597353e-08,8.083707600574711e-08,0.16253086815508547
2013-09-02 13:00:00,2.5040010493767597e-08,8.487203323707643e-08,0.13695756397662331
2013-09-02 14:00:00,4.621498715985905e-08,1.8272690168487392e-07,0.13889689866074745
2013-09-02 15:00:00,9.275753438378026e-08,4.5357079630937903e-07,0.139234991480765
2013-09-02 16:00:00,3.6141202050055473e-07,1.0121339884166562e-05,0.1543471768179118
2013-09-02 17:00:00,0.00023754219218728,0.0001949678623697916,0.23653379411986078
2013-09-02 18:00:00,0.33456018096508927,0.3270827399961812,0.2526044555776405
2013-09-02 19:00:00,0.3333608866149478,0.32131554626148356,0.20973705757442526
2013-09-02 20:00:00,0.06613750442831379,0.0646077847859521,0.16635459023639335
2013-09-02 21:00:00,0.0001520725577329351,0.0001236953831519226,0.12810409048416685
2013-09-02 22:00:00,9.363100472272534e-05,7.559541132463333e-05,0.13472079383351065
2013-09-02 23:00:00,0.00010701088932495467,8.620567744780054e-05,0.12598196950463864
2013-09-03 00:00:00,0.00011676433370121134,9.406407094925235e-05,0.10153378325493903
2013-09-03 01:00:00,0.00011405038966071385,9.187762560961836e-05,0.09134703898423087
2013-09-03 02:00:00,0.0001588241431304571,0.00012581668508982415,0.09745908554665576
2013-09-03 03:00:00,0.2810782699159649,0.2594374895139935,0.1178325740880721
2013-09-03 04:00:00,0.3273946386793654,0.3081859341585132,0.12252061351623054
2013-09-03 05:00:00,1.4957221411935528e-06,0.0015229544503646316,0.11588677169634169
2013-09-03 06:00:00,1.208050552428574e-07,1.699091098218068e-06,0.17902536493274512
2013-09-03 07:00:00,3.842895181892347e-08,1.487605078746375e-07,0.19187451010063583
2013-09-03 08:00:00,2.242563988592017e-08,7.462864459946984e-08,0.19218464804952237
2013-09-03 09:00:00,1.9702426761695936e-08,6.544752828955775e-08,0.20103969000293037
2013-09-03 10:00:00,1.8420851278747563e-08,6.162177734151842e-08,0.20019890187983844
2013-09-03 11:00:00,1.8327143544236197e-08,6.068366827515472e-08,0.190076342023381
2013-09-03 12:00:00,2.3541271210910965e-08,7.568793664410072e-08,0.16253086815508547
2013-09-03 13:00:00,3.3996871811837106e-08,1.0630831127147956e-07,0.13695756397662331
2013-09-03 14:00:00,4.933916763508489e-08,1.8098521546253702e-07,0.13889689866074745
2013-09-03 15:00:00,1.1625060999601331e-07,4.4749020335929977e-07,0.139234991480765
2013-09-03 16:00:00,0.22182510498548727,0.21404598653743212,0.1543471768179118
2013-09-03 17:00:00,0.3153356634194389,0.29000653328793047,0.23653379411986078
2013-09-03 18:00:00,0.31652208775539215,0.29216634740618613,0.2526044555776405
2013-09-03 19:00:00,0.3181979303580055,0.29524399189408507,0.20973705757442526
2013-09-03 20:00:00,0.32073078822097517,0.29995858419798793,0.16635459023639335
2013-09-03 21:00:00,0.3238875282959632,0.3059405747069155,0.12810409048416685
2013-09-03 22:00:00,0.32893775188074326,0.315762584874798,0.13472079383351065
2013-09-03 23:00:00,0.3287125965903695,0.31531785198117024,0.12598196950463864
2013-09-04 00:00:00,0.32851238174191566,0.31492298353072934,0.10153378325493903
2013-09-04 01:00:00,0.331635597203656,0.3211421098158411,0.09134703898423087
2013-09-04 02:00:00,0.3328878956207148,0.3236714865433998,0.09745908554665576
2013-09-04 03:00:00,0.33464086014253436,0.32724735891888124,0.1178325740880721
2013-09-04 04:00:00,0.3362057184574614,0.33047452671027583,0.12252061351623054
2013-09-04 05:00:00,0.30390904397814683,0.310499206809875,0.11588677169634169
2013-09-04 06:00:00,1.0644632399253153e-07,8.56721138445829e-07,0.17902536493274512
2013-09-04 07:00:00,2.4272563803629842e-08,1.0339338752139415e-07,0.19187451010063583
2013-09-04 08:00:00,1.8680143036594985e-08,6.385072483768508e-08,0.19218464804952237
2013-09-04 09:00:00,1.595155644174841e-08,4.097372733645259e-08,0.20103969000293037
2013-09-04 10:00:00,1.5263030397556256e-08,4.791979682772861e-08,0.20019890187983844
2013-09-04 11:00:00,1.5661694534581267e-08,4.0260845905065774e-08,0.190076342023381
2013-09-04 12:00:00,1.74111184024361e-08,5.964356854329605e-08,0.16253086815508547
2013-09-04 13:00:00,2.0869833222345243e-08,7.117284738790669e-08,0.13695756397662331
2013-09-04 14:00:00,2.7572517490235856e-08,1.1648496099943726e-07,0.13889689866074745
2013-09-04 15:00:00,7.025252903835598e-08,3.053773450366773e-07,0.139234991480765
2013-09-04 16:00:00,3.2392238916732267e-07,0.15668274160803303,0.1543471768179118
2013-09-04 17:00:00,0.3364253188851547,0.3309303019519012,0.23653379411986078
2013-09-04 18:00:00,0.33690233083643645,0.3319213430679519,0.2526044555776405
2013-09-04 19:00:00,0.33751045845033395,0.3331895258988186,0.20973705757442526
2013-09-04 20:00:00,0.33811612075796893,0.33445784455659155,0.16635459023639335
2013-09-04 21:00:00,0.3385450181666401,0.3353588789649438,0.12810409048416685
2013-09-04 22:00:00,0.3413780404605864,0.341378499858323,0.13472079383351065
2013-09-04 23:00:00,0.3413780343212158,0.3413783300599272,0.12598196950463864
2013-09-05 00:00:00,0.3413736082866029,0.34137643519182065,0.10153378325493903
2013-09-05 01:00:00,0.30382896487206745,0.30998545094878155,0.09134703898423087
2013-09-05 02:00:00,0.34137497593517646,0.3413767261393377,0.09745908554665576
2013-09-05 03:00:00,0.34137768363152005,0.3413782692579726,0.1178325740880721
2013-09-05 04:00:00,0.34137699192375465,0.341377814564295,0.12252061351623054
2013-09-05 05:00:00,0.3103125886619785,0.3200349604218607,0.11588677169634169
2013-09-05 06:00:00,9.284731231635383e-08,5.999192348731396e-07,0.17902536493274512
2013-09-05 07:00:00,2.620697810061047e-08,9.031081256363384e-08,0.19187451010063583
2013-09-05 08:00:00,1.9142010794345787e-08,6.59645281356935e-08,0.19218464804952237
2013-09-05 09:00:00,1.1565276766932431e-08,3.985469655167102e-08,0.20103969000293037
2013-09-05 10:00:00,1.0788054663245587e-08,3.717633400675783e-08,0.20019890187983844
2013-09-05 11:00:00,1.0769397877149213e-08,3.711203874919922e-08,0.190076342023381
2013-09-05 12:00:00,1.1990488760619439e-08,4.131998467813649e-08,0.16253086815508547
2013-09-05 13:00:00,2.0725231962668277e-08,7.142040016957344e-08,0.13695756397662331
2013-09-05 14:00:00,2.5914051211866286e-08,8.834434937062786e-08,0.13889689866074745
2013-09-05 15:00:00,8.222250162646386e-08,5.526687441024199e-07,0.139234991480765
2013-09-05 16:00:00,3.393383208148599e-07,0.1145979487240253,0.1543471768179118
2013-09-05 17:00:00,0.3365306169244961,0.3311487828091457,0.23653379411986078
2013-09-05 18:00:00,0.3372194965545594,0.3325821523065044,0.2526044555776405
2013-09-05 19:00:00,0.3369608838008164,0.3310976598576846,0.20973705757442526
2013-09-05 20:00:00,0.33677220450306333,0.32953215281067677,0.16635459023639335
2013-09-05 21:00:00,0.33442495016519536,0.325256771359395,0.12810409048416685
2013-09-05 22:00:00,0.27803203661327236,0.3133501259445844,0.13472079383351065
2013-09-05 23:00:00,0.26323751891074126,0.30687124749833217,0.12598196950463864
2013-09-06 00:00:00,0.2589147286821705,0.304853041695147,0.10153378325493903
2013-09-06 01:00:00,0.25787106446776614,0.304116865869854,0.09134703898423087
2013-09-06 02:00:00,0.28972653362897266,0.3185404339250493,0.09745908554665576
2013-09-06 03:00:00,0.3413774454190865,0.3413781083822044,0.1178325740880721
2013-09-06 04:00:00,0.34137698933228694,0.34137780615714514,0.12252061351623054
2013-09-06 05:00:00,0.30442195446531994,0.3110192789583663,0.11588677169634169
2013-09-06 06:00:00,7.183100153620652e-08,3.9605399522933167e-07,0.17902536493274512
2013-09-06 07:00:00,2.2205116880518598e-08,7.65201605084336e-08,0.19187451010063583
2013-09-06 08:00:00,1.713670026918443e-08,5.9054102681915494e-08,0.19218464804952237
2013-09-06 09:00:00,9.955661267864215e-09,3.430784951417598e-08,0.20103969000293037
2013-09-06 10:00:00,9.667396136154447e-09,3.331446637935077e-08,0.20019890187983844
2013-09-06 11:00:00,1.0026588507403934e-08,3.455226631273283e-08,0.190076342023381
2013-09-06 12:00:00,1.6000200535846716e-08,5.513765349530129e-08,0.16253086815508547
2013-09-06 13:00:00,1.827213156967715e-08,6.296686090316612e-08,0.13695756397662331
2013-09-06 14:00:00,2.4022225170549995e-08,1.0347745436328661e-07,0.13889689866074745
2013-09-06 15:00:00,1.0668894900929708e-07,2.0335884471955206e-06,0.139234991480765
2013-09-06 16:00:00,3.45609408317557e-07,1.7529045460853677e-05,0.1543471768179118
2013-09-06 17:00:00,0.3413771754357878,0.34137775472143944,0.23653379411986078
2013-09-06 18:00:00,0.3365023372204568,0.33108974257599233,0.2526044555776405
2013-09-06 19:00:00,0.33192908708666546,0.31797981199508546,0.20973705757442526
2013-09-06 20:00:00,0.327569162447261,0.3072447388397667,0.16635459023639335
2013-09-06 21:00:00,0.3275464672786774,0.3126511900352665,0.12810409048416685
2013-09-06 22:00:00,0.026219181397958948,0.10599161165449487,0.13472079383351065
2013-09-06 23:00:00,0.3230564989367118,0.30057748562917674,0.12598196950463864
2013-09-07 00:00:00,0.3310776791462463,0.31569208702274304,0.10153378325493903
2013-09-07 01:00:00,0.331865387311596,0.31733781625515867,0.09134703898423087
2013-09-07 02:00:00,0.3340782761028404,0.3235062376362746,0.09745908554665576
2013-09-07 03:00:00,0.3349224136256737,0.3250915105141852,0.1178325740880721
2013-09-07 04:00:00,0.3359398900088458,0.3291037055384686,0.12252061351623054
2013-09-07 05:00:00,0.305447745366316,0.3053404843944006,0.11588677169634169
2013-09-07 06:00:00,7.265087254133827e-08,3.2546686594585604e-07,0.17902536493274512
2013-09-07 07:00:00,2.304603093611618e-08,7.941801683086175e-08,0.19187451010063583
2013-09-07 08:00:00,1.1895239411587947e-08,4.0991761229877443e-08,0.19218464804952237
2013-09-07 09:00:00,1.0216102440863888e-08,3.520534204451971e-08,0.20103969000293037
2013-09-07 10:00:00,9.718817079427339e-09,3.346666088474322e-08,0.20019890187983844
2013-09-07 11:00:00,9.82894220098402e-09,3.380353544078432e-08,0.190076342023381
2013-09-07 12:00:00,1.0276514333150384e-08,3.541355679382107e-08,0.16253086815508547
2013-09-07 13:00:00,1.1917177404614542e-08,4.106739666975856e-08,0.13695756397662331
2013-09-07 14:00:00,2.3758231484764735e-08,8.119854959632107e-08,0.13889689866074745
2013-09-07 15:00:00,6.721874768515439e-08,2.9673138058520354e-07,0.139234991480765
2013-09-07 16:00:00,3.592790275897551e-07,1.71280836641793e-05,0.1543471768179118
2013-09-07 17:00:00,0.3347776452818314,0.3275289901991851,0.23653379411986078
2013-09-07 18:00:00,0.33049442511856914,0.3188557718973456,0.2526044555776405
2013-09-07 19:00:00,0.3281079687490811,0.3124102599999006,0.20973705757442526
2013-09-07 20:00:00,0.32816016083598265,0.30995462455164635,0.16635459023639335
2013-09-07 21:00:00,0.3257872349354478,0.30317651682977015,0.12810409048416685
2013-09-07 22:00:00,0.0017597245710448725,0.001278602054607108,0.13472079383351065
2013-09-07 23:00:00,0.0038739641935023822,0.002839511915780288,0.12598196950463864
2013-09-08 00:00:00,0.00043513560104321337,0.00032890255206648595,0.10153378325493903
2013-09-08 01:00:00,0.0002998804091380426,0.00024001051267765941,0.09134703898423087
2013-09-08 02:00:00,0.0004232944548426416,0.00033885207343737066,0.09745908554665576
2013-09-08 03:00:00,0.23446327683615825,0.29155672823219,0.1178325740880721
2013-09-08 04:00:00,0.21586475942782835,0.2801013941698352,0.12252061351623054
2013-09-08 05:00:00,2.196529538242815e-06,0.00011421590779300102,0.11588677169634169
2013-09-08 06:00:00,4.421353451159651e-08,1.857264953740916e-07,0.17902536493274512
2013-09-08 07:00:00,2.3064495749194213e-08,7.875286490617393e-08,0.19187451010063583
2013-09-08 08:00:00,1.199518726697437e-08,4.13362545733334e-08,0.19218464804952237
2013-09-08 09:00:00,1.0450426551925444e-08,3.54144964681676e-08,0.20103969000293037
2013-09-08 10:00:00,9.9229991637839e-09,3.3821121130341103e-08,0.20019890187983844
2013-09-08 11:00:00,1.0114410213138995e-08,3.4396346991001976e-08,0.190076342023381
2013-09-08 12:00:00,1.0633110780729728e-08,3.6384436353596905e-08,0.16253086815508547
2013-09-08 13:00:00,1.3355334733702507e-08,4.5622636095189146e-08,0.13695756397662331
2013-09-08 14:00:00,2.992606914248695e-08,1.2667529770215064e-07,0.13889689866074745
2013-09-08 15:00:00,9.191104158224638e-08,3.954207058067971e-07,0.139234991480765
2013-09-08 16:00:00,5.434125492977073e-07,2.275114586268455e-05,0.1543471768179118
2013-09-08 17:00:00,0.3309817424109707,0.3198309300665166,0.23653379411986078
2013-09-08 18:00:00,0.32578419108699863,0.3077776638318661,0.2526044555776405
2013-09-08 19:00:00,0.3119106993884681,0.2780228859632204,0.20973705757442526
2013-09-08 20:00:00,0.3224992364938955,0.30103905952411397,0.16635459023639335
2013-09-08 21:00:00,0.323613953180669,0.30541628518696146,0.12810409048416685
2013-09-08 22:00:00,0.32039704660525115,0.2986195687788688,0.13472079383351065
2013-09-08 23:00:00,0.32091701317197924,0.2994864093599199,0.12598196950463864
2013-09-09 00:00:00,0.32025841813633515,0.29316271887588785,0.10153378325493903
2013-09-09 01:00:00,0.31949136676920564,0.2890147212958049,0.09134703898423087
2013-09-09 02:00:00,0.3201914900722225,0.2915828646621916,0.09745908554665576
2013-09-09 03:00:00,0.32204850099937155,0.30087769100466877,0.1178325740880721
2013-09-09 04:00:00,0.32247599023705187,0.30325172277086054,0.12252061351623054
2013-09-09 05:00:00,0.2945773413782039,0.27966065636086346,0.11588677169634169
2013-09-09 06:00:00,5.132696896027216e-07,1.7691348093814763e-05,0.17902536493274512
2013-09-09 07:00:00,2.3525234157578e-07,2.243229524879842e-06,0.19187451010063583
2013-09-09 08:00:00,7.53424006028899e-08,3.272211788493987e-07,0.19218464804952237
2013-09-09 09:00:00,4.167841361176977e-08,1.6877442482379248e-07,0.20103969000293037
2013-09-09 10:00:00,3.852967720773991e-08,1.548972852350689e-07,0.20019890187983844
2013-09-09 11:00:00,3.999198294048653e-08,1.61711898544801e-07,0.190076342023381
2013-09-09 12:00:00,5.947990149592994e-08,1.903350660882606e-07,0.16253086815508547
2013-09-09 13:00:00,7.888922239307657e-08,2.855205954120267e-07,0.13695756397662331
2013-09-09 14:00:00,1.350669956610538e-07,5.329911407682903e-07,0.13889689866074745
2013-09-09 15:00:00,2.913984071143173e-07,1.7334947556185277e-05,0.139234991480765
2013-09-09 16:00:00,8.057547000678848e-07,0.1201312587198314,0.1543471768179118
2013-09-09 17:00:00,0.31109759949491833,0.28241652105856097,0.23653379411986078
2013-09-09 18:00:00,0.31939777655411306,0.29746905444664506,0.2526044555776405
2013-09-09 19:00:00,0.32597517322806857,0.3099631450213769,0.20973705757442526
2013-09-09 20:00:00,0.3251532504685795,0.308372928769574,0.16635459023639335
2013-09-09 21:00:00,0.32265533108122735,0.303589829643608,0.12810409048416685
2013-09-09 22:00:00,0.309684531658174,0.2769955080376338,0.13472079383351065
2013-09-09 23:00:00,0.026325958526916035,0.08930673952786844,0.12598196950463864
2013-09-10 00:00:00,0.1798954442371455,0.2103562016936373,0.10153378325493903
2013-09-10 01:00:00,0.3291602633405195,0.31232729804418075,0.09134703898423087
2013-09-10 02:00:00,0.33213431570712365,0.3221226536217236,0.09745908554665576
2013-09-10 03:00:00,0.3335305230698606,0.324977547893073,0.1178325740880721
2013-09-10 04:00:00,0.33361957193406216,0.3251599980119956,0.12252061351623054
2013-09-10 05:00:00,0.30556434888599043,0.30527657814233744,0.11588677169634169
2013-09-10 06:00:00,1.7638874385814398e-07,0.13928939425702233,0.17902536493274512
2013-09-10 07:00:00,6.103534027989562e-08,2.6488600243744025e-07,0.19187451010063583
2013-09-10 08:00:00,3.57324170445809e-08,1.424404531246724e-07,0.19218464804952237
2013-09-10 09:00:00,3.0461875367536815e-08,1.1550283105139097e-07,0.20103969000293037
2013-09-10 10:00:00,2.1041505716682523e-08,8.845117064623128e-08,0.20019890187983844
2013-09-10 11:00:00,2.6570756686193803e-08,8.963449049145e-08,0.190076342023381
2013-09-10 12:00:00,2.7644530373474015e-08,1.1067905696573587e-07,0.16253086815508547
2013-09-10 13:00:00,3.392694661560175e-08,1.7774705044767018e-07,0.13695756397662331
2013-09-10 14:00:00,7.163557692577475e-08,4.4828483978872624e-07,0.13889689866074745
2013-09-10 15:00:00,1.9278369192626235e-07,8.740580442567625e-06,0.139234991480765
2013-09-10 16:00:00,0.2699630688836956,0.27577003780383136,0.1543471768179118
2013-09-10 17:00:00,0.33172661170855844,0.3213272157860083,0.23653379411986078
2013-09-10 18:00:00,0.3284978607694217,0.3148958607698716,0.2526044555776405
2013-09-10 19:00:00,0.3222144193063944,0.3019540286159452,0.20973705757442526
2013-09-10 20:00:00,0.31628613760453317,0.2842102695828352,0.16635459023639335
2013-09-10 21:00:00,0.005018976328248555,0.003910692086759843,0.12810409048416685
2013-09-10 22:00:00,8.384012745869991e-05,6.441079410763534e-05,0.13472079383351065
2013-09-10 23:00:00,9.89625263549578e-05,7.836127103468552e-05,0.12598196950463864
2013-09-11 00:00:00,0.00012611777576867263,0.00010160107308998544,0.10153378325493903
2013-09-11 01:00:00,9.725973622690814e-05,7.835013283428701e-05,0.09134703898423087
2013-09-11 02:00:00,3.944058050832255e-05,3.1769861125012904e-05,0.09745908554665576
2013-09-11 03:00:00,2.5290494080272328e-05,2.0508745995930574e-05,0.1178325740880721
2013-09-11 04:00:00,0.297287736206455,0.2589883697791763,0.12252061351623054
2013-09-11 05:00:00,0.281490602276347,0.25629227511102254,0.11588677169634169
2013-09-11 06:00:00,2.8933836237163275e-07,0.07900022209837408,0.17902536493274512
2013-09-11 07:00:00,1.0367238051462678e-07,4.528636764307147e-07,0.19187451010063583
2013-09-11 08:00:00,6.069422172193998e-08,2.901590144519268e-07,0.19218464804952237
2013-09-11 09:00:00,5.546313779124683e-08,2.3814853800612518e-07,0.20103969000293037
2013-09-11 10:00:00,4.333099764812345e-08,1.9169177858010273e-07,0.20019890187983844
2013-09-11 11:00:00,3.959568842548735e-08,1.7904703679595654e-07,0.190076342023381
2013-09-11 12:00:00,4.390726105901789e-08,1.9872227718097563e-07,0.16253086815508547
2013-09-11 13:00:00,6.756284821131885e-08,2.899496632887047e-07,0.13695756397662331
2013-09-11 14:00:00,1.286493698732422e-07,6.863502895703073e-07,0.13889689866074745
2013-09-11 15:00:00,3.0153849841893947e-07,0.09196988098979532,0.139234991480765
2013-09-11 16:00:00,0.29128941307672657,0.303255672048831,0.1543471768179118
2013-09-11 17:00:00,0.34137738744012275,0.34137807956573885,0.23653379411986078
2013-09-11 18:00:00,0.3413774481345046,0.3413781137949432,0.2526044555776405
2013-09-11 19:00:00,0.3374501600648789,0.33306316089155624,0.20973705757442526
2013-09-11 20:00:00,0.3343901708527324,0.3267330188288647,0.16635459023639335
2013-09-11 21:00:00,0.3312580017875967,0.3158757393158938,0.12810409048416685
2013-09-11 22:00:00,0.3335840495185016,0.3239018322555843,0.13472079383351065
2013-09-11 23:00:00,0.34137824689322377,0.34137862298016247,0.12598196950463864
2013-09-12 00:00:00,0.3413782124968789,0.3413785810385884,0.10153378325493903
2013-09-12 01:00:00,0.34137818386250995,0.3413784745650609,0.09134703898423087
2013-09-12 02:00:00,0.34137820240051636,0.3413785957939704,0.09745908554665576
2013-09-12 03:00:00,0.3384225655637491,0.33510109349981443,0.1178325740880721
2013-09-12 04:00:00,0.3371696665681227,0.3324778368232846,0.12252061351623054
2013-09-12 05:00:00,0.31400305765025616,0.3177710515036082,0.11588677169634169
2013-09-12 06:00:00,3.944744128116874e-07,0.2508109296270634,0.17902536493274512
2013-09-12 07:00:00,2.2625717323620872e-07,1.0671762603863296e-05,0.19187451010063583
2013-09-12 08:00:00,1.0586911481795585e-07,6.38453363873051e-07,0.19218464804952237
2013-09-12 09:00:00,7.686726773897838e-08,3.443554493104209e-07,0.20103969000293037
2013-09-12 10:00:00,5.4962560671624904e-08,2.959437768380314e-07,0.20019890187983844
2013-09-12 11:00:00,7.063019694340477e-08,3.1641420342468724e-07,0.190076342023381
2013-09-12 12:00:00,7.613192334575076e-08,3.410612074870648e-07,0.16253086815508547
2013-09-12 13:00:00,8.432446055618795e-08,4.213506633795698e-07,0.13695756397662331
2013-09-12 14:00:00,1.6196053880060286e-07,5.703254140771801e-06,0.13889689866074745
2013-09-12 15:00:00,2.06937175632444e-07,0.13435327347703926,0.139234991480765
2013-09-12 16:00:00,0.26782201156599106,0.2885790663821723,0.1543471768179118
2013-09-12 17:00:00,0.34137737751623637,0.3413780598363413,0.23653379411986078
2013-09-12 18:00:00,0.33882864467013635,0.3359575470467279,0.2526044555776405
2013-09-12 19:00:00,0.3388535019708195,0.33600896142075426,0.20973705757442526
2013-09-12 20:00:00,0.3387285152420581,0.3347901677167541,0.16635459023639335
2013-09-12 21:00:00,0.30928304028077397,0.3099345917496737,0.12810409048416685
2013-09-12 22:00:00,0.3386458630920228,0.33545268115655774,0.13472079383351065
2013-09-12 23:00:00,0.33586337150470424,0.32951782275163305,0.12598196950463864
2013-09-13 00:00:00,0.33383130738576194,0.32219887908275013,0.10153378325493903
2013-09-13 01:00:00,0.3322434602466603,0.31956523801950004,0.09134703898423087
2013-09-13 02:00:00,0.33571232470823664,0.32704779317445404,0.09745908554665576
2013-09-13 03:00:00,0.33642278524595715,0.3309230445449529,0.1178325740880721
2013-09-13 04:00:00,0.33683239976328117,0.33177534987261376,0.12252061351623054
2013-09-13 05:00:00,0.3375741341305026,0.33332609638944716,0.11588677169634169
2013-09-13 06:00:00,1.2514666211091102e-07,9.07960086074616e-06,0.17902536493274512
2013-09-13 07:00:00,4.886330872959869e-08,3.578194717133675e-07,0.19187451010063583
2013-09-13 08:00:00,2.4496405498504826e-08,1.0024399335221934e-07,0.19218464804952237
2013-09-13 09:00:00,1.6036102612347932e-08,6.907664298070024e-08,0.20103969000293037
2013-09-13 10:00:00,2.1691620245650332e-08,8.876626436814554e-08,0.20019890187983844
2013-09-13 11:00:00,2.5736197439253505e-08,1.0455284498086143e-07,0.190076342023381
2013-09-13 12:00:00,4.505490598095407e-08,1.9924951749621894e-07,0.16253086815508547
2013-09-13 13:00:00,6.45922570496926e-08,3.1408406334321763e-07,0.13695756397662331
2013-09-13 14:00:00,1.1328981053506493e-07,6.441436917098844e-07,0.13889689866074745
2013-09-13 15:00:00,2.5189853564768894e-07,1.499969746577934e-05,0.139234991480765
2013-09-13 16:00:00,0.25223474179060823,0.25385895402799413,0.1543471768179118
2013-09-13 17:00:00,0.3322511593754658,0.3223842351605967,0.23653379411986078
2013-09-13 18:00:00,0.333098587185792,0.32398322195747015,0.2526044555776405
2013-09-13 19:00:00,0.3299109862412188,0.31476201625463346,0.20973705757442526
2013-09-13 20:00:00,0.3338028902078339,0.32295573069742256,0.16635459023639335
2013-09-13 21:00:00,0.3327690584952276,0.32141572736116675,0.12810409048416685
2013-09-13 22:00:00,0.32984517938555197,0.31328704480830954,0.13472079383351065
2013-09-13 23:00:00,0.048828251734457366,0.06130626232133194,0.12598196950463864
2013-09-14 00:00:00,0.00020859703425836964,0.00015574927031378058,0.10153378325493903
2013-09-14 01:00:00,0.00014408108731930026,0.00010967004982153695,0.09134703898423087
2013-09-14 02:00:00,0.0011862179342025062,0.0008704960327824358,0.09745908554665576
2013-09-14 03:00:00,0.3031449847794415,0.2690042390866852,0.1178325740880721
2013-09-14 04:00:00,0.32707172036757737,0.31203492709510194,0.12252061351623054
2013-09-14 05:00:00,0.02200650531823124,0.12151040047608852,0.11588677169634169
2013-09-14 06:00:00,6.194850728567101e-08,3.0707448139449846e-07,0.17902536493274512
2013-09-14 07:00:00,2.4890167159375824e-08,1.043691616847671e-07,0.19187451010063583
2013-09-14 08:00:00,1.944940081809496e-08,6.570222372461308e-08,0.19218464804952237
2013-09-14 09:00:00,1.685195105991189e-08,5.677691371200793e-08,0.20103969000293037
2013-09-14 10:00:00,1.564964680807691e-08,5.305170939504394e-08,0.20019890187983844
2013-09-14 11:00:00,1.6283035544927608e-08,5.460701576467685e-08,0.190076342023381
2013-09-14 12:00:00,1.9587130706686047e-08,6.422005627357354e-08,0.16253086815508547
2013-09-14 13:00:00,2.628304656149459e-08,1.0386490737424503e-07,0.13695756397662331
2013-09-14 14:00:00,3.493277955096566e-08,1.3506415223077e-07,0.13889689866074745
2013-09-14 15:00:00,9.609028612535448e-08,3.824996691745651e-07,0.139234991480765
2013-09-14 16:00:00,6.298424551447855e-07,2.2741614123186798e-05,0.1543471768179118
2013-09-14 17:00:00,0.3237781411441606,0.2991842659879016,0.23653379411986078
2013-09-14 18:00:00,0.3271954117442919,0.30768934843252554,0.2526044555776405
2013-09-14 19:00:00,0.3271729290872705,0.30796918641818144,0.20973705757442526
2013-09-14 20:00:00,0.3024152468387583,0.2734635031135247,0.16635459023639335
2013-09-14 21:00:00,0.00010626366704392403,8.522156163221414e-05,0.12810409048416685
2013-09-14 22:00:00,9.375464184314848e-05,7.518827619590093e-05,0.13472079383351065
2013-09-14 23:00:00,9.159628215511589e-05,7.562569395991199e-05,0.12598196950463864
2013-09-15 00:00:00,7.10281455603463e-05,5.771097710218162e-05,0.10153378325493903
2013-09-15 01:00:00,3.688803329145005e-05,2.8404337827338347e-05,0.09134703898423087
2013-09-15 02:00:00,3.1721139462980935e-05,2.4425552702598045e-05,0.09745908554665576
2013-09-15 03:00:00,3.322541587959892e-05,2.5547434538369603e-05,0.1178325740880721
2013-09-15 04:00:00,0.00016288012023150963,0.00013186283741792746,0.12252061351623054
2013-09-15 05:00:00,5.043131596672559e-05,4.007875990150902e-05,0.11588677169634169
2013-09-15 06:00:00,8.397484869306794e-08,3.685367819977957e-07,0.17902536493274512
2013-09-15 07:00:00,3.517749267097461e-08,1.4700783054850355e-07,0.19187451010063583
2013-09-15 08:00:00,2.8167051912130182e-08,9.515534256371345e-08,0.19218464804952237
2013-09-15 09:00:00,1.591105136758828e-08,5.34319912305813e-08,0.20103969000293037
2013-09-15 10:00:00,1.3646335789284858e-08,4.5986544187714406e-08,0.20019890187983844
2013-09-15 11:00:00,1.237888698134367e-08,4.096722869044408e-08,0.190076342023381
2013-09-15 12:00:00,1.3364963747535837e-08,4.325952987165168e-08,0.16253086815508547
2013-09-15 13:00:00,2.58772138279895e-08,8.091728044896359e-08,0.13695756397662331
2013-09-15 14:00:00,3.890922450686092e-08,1.455509569970571e-07,0.13889689866074745
2013-09-15 15:00:00,1.6940313226391556e-07,1.3628841617111527e-06,0.139234991480765
2013-09-15 16:00:00,9.68883225228169e-07,1.6975581264708233e-05,0.1543471768179118
2013-09-15 17:00:00,0.014332817784727298,0.09451572139453626,0.23653379411986078
2013-09-15 18:00:00,5.324199373519208e-05,4.2663351114808595e-05,0.2526044555776405
2013-09-15 19:00:00,4.68105781754985e-05,3.813085594620194e-05,0.20973705757442526
2013-09-15 20:00:00,5.090809616600701e-05,4.146877613108852e-05,0.16635459023639335
2013-09-15 21:00:00,5.0500948109667376e-05,4.077140969800088e-05,0.12810409048416685
2013-09-15 22:00:00,5.7628723822325785e-05,4.642185069209764e-05,0.13472079383351065
2013-09-15 23:00:00,7.698929199533983e-05,6.201906479988817e-05,0.12598196950463864
2013-09-16 00:00:00,0.00012595156024392112,0.00010146791003239449,0.10153378325493903
2013-09-16 01:00:00,0.00017506947410606468,0.0001407306965979305,0.09134703898423087
2013-09-16 02:00:00,0.00027110081809631024,0.00021713767820692972,0.09745908554665576
2013-09-16 03:00:00,0.00043811494447025035,0.0003531205140799861,0.1178325740880721
2013-09-16 04:00:00,0.22896551724137934,0.28858625162127105,0.12252061351623054
2013-09-16 05:00:00,0.32340342679127726,0.33376006607474706,0.11588677169634169
2013-09-16 06:00:00,1.6093457928884622e-07,6.654960637120975e-06,0.17902536493274512
2013-09-16 07:00:00,4.661409566249127e-08,3.052060326253362e-07,0.19187451010063583
2013-09-16 08:00:00,1.971167820280587e-08,8.490945374725628e-08,0.19218464804952237
2013-09-16 09:00:00,1.6742414839190694e-08,7.211913619737336e-08,0.20103969000293037
2013-09-16 10:00:00,1.651109772794912e-08,7.112271665259703e-08,0.20019890187983844
2013-09-16 11:00:00,1.8885801899647273e-08,8.135192097457042e-08,0.190076342023381
2013-09-16 12:00:00,2.2388824764392508e-08,9.644144257238389e-08,0.16253086815508547
2013-09-16 13:00:00,4.21569459761351e-08,2.1064900143802085e-07,0.13695756397662331
2013-09-16 14:00:00,7.688160478883655e-08,9.367444038676415e-07,0.13889689866074745
2013-09-16 15:00:00,1.4845319472110093e-07,6.842231396816121e-06,0.139234991480765
2013-09-16 16:00:00,0.27324325792872,0.29256334494166636,0.1543471768179118
2013-09-16 17:00:00,0.3413772976813487,0.3413780178862251,0.23653379411986078
2013-09-16 18:00:00,0.34137736156644627,0.34137805470949173,0.2526044555776405
2013-09-16 19:00:00,0.3413777154044791,0.3413782846465078,0.20973705757442526
2013-09-16 20:00:00,0.3318958075142298,0.3212371598222744,0.16635459023639335
2013-09-16 21:00:00,0.32001349192444933,0.2957898766338787,0.12810409048416685
2013-09-16 22:00:00,3.376052601340049e-05,2.731653873421026e-05,0.13472079383351065
2013-09-16 23:00:00,4.897136517499558e-05,3.914112714345292e-05,0.12598196950463864
2013-09-17 00:00:00,3.641154965581215e-05,2.933001093515082e-05,0.10153378325493903
2013-09-17 01:00:00,2.876604248397896e-05,2.317122294486353e-05,0.09134703898423087
2013-09-17 02:00:00,2.654735071832973e-05,2.1432037830718332e-05,0.09745908554665576
2013-09-17 03:00:00,2.6667909027087206e-05,2.1529397209220515e-05,0.1178325740880721
2013-09-17 04:00:00,0.3016533999952429,0.2545216843968376,0.12252061351623054
2013-09-17 05:00:00,0.31012704343303277,0.2699392248933071,0.11588677169634169
2013-09-17 06:00:00,7.443503575254333e-07,4.093390324564689e-05,0.17902536493274512
2013-09-17 07:00:00,3.022440837382951e-07,7.190477621723642e-07,0.19187451010063583
2013-09-17 08:00:00,2.2857379006521394e-07,3.949079655594688e-07,0.19218464804952237
2013-09-17 09:00:00,1.4786971495155047e-07,2.8728131950085967e-07,0.20103969000293037
2013-09-17 10:00:00,1.2265069041668096e-07,2.879394405768578e-07,0.20019890187983844
2013-09-17 11:00:00,1.020355458782323e-07,2.6418666917928514e-07,0.190076342023381
2013-09-17 12:00:00,9.289178153896601e-08,2.9866559097619616e-07,0.16253086815508547
2013-09-17 13:00:00,9.796330181076737e-08,3.5281045500861846e-07,0.13695756397662331
2013-09-17 14:00:00,1.8454271777694994e-07,1.7287921325551366e-06,0.13889689866074745
2013-09-17 15:00:00,2.683655818189296e-07,7.252047734059468e-06,0.139234991480765
2013-09-17 16:00:00,9.8994598483477e-07,1.99061254003588e-05,0.1543471768179118
2013-09-17 17:00:00,0.31610724115358596,0.29140899687921606,0.23653379411986078
2013-09-17 18:00:00,0.3195305640308296,0.2977158299534132,0.2526044555776405
2013-09-17 19:00:00,0.3211937585299886,0.30082835190365154,0.20973705757442526
2013-09-17 20:00:00,0.3191869915149991,0.29608155937036906,0.16635459023639335
2013-09-17 21:00:00,0.2736377014356133,0.23352023750730241,0.12810409048416685
2013-09-17 22:00:00,5.4149569592472295e-05,4.371668257032529e-05,0.13472079383351065
2013-09-17 23:00:00,4.980912004988113e-05,4.012212272536867e-05,0.12598196950463864
2013-09-18 00:00:00,4.7572893996701996e-05,3.8148487692333384e-05,0.10153378325493903
2013-09-18 01:00:00,5.199576015295524e-05,4.188364197185175e-05,0.09134703898423087
2013-09-18 02:00:00,5.492582036345011e-05,4.43434906440206e-05,0.09745908554665576
2013-09-18 03:00:00,0.0010785812931782305,0.0007697103208388766,0.1178325740880721
2013-09-18 04:00:00,0.3278779008564451,0.31367593950734607,0.12252061351623054
2013-09-18 05:00:00,0.3294871704293416,0.3168541877569917,0.11588677169634169
2013-09-18 06:00:00,1.4824291929740715e-07,6.5866773058318e-06,0.17902536493274512
2013-09-18 07:00:00,5.6215676464690554e-08,3.319069684049775e-07,0.19187451010063583
2013-09-18 08:00:00,2.0084938266632473e-08,8.495975473410196e-08,0.19218464804952237
2013-09-18 09:00:00,1.7512507549642007e-08,5.876371716552818e-08,0.20103969000293037
2013-09-18 10:00:00,1.7165475943375078e-08,5.790511287959974e-08,0.20019890187983844
2013-09-18 11:00:00,1.804101928824306e-08,5.961777138993231e-08,0.190076342023381
2013-09-18 12:00:00,3.320271881791149e-08,1.0579484730031289e-07,0.16253086815508547
2013-09-18 13:00:00,4.312590488256078e-08,1.8370302802293668e-07,0.13695756397662331
2013-09-18 14:00:00,7.617116788757623e-08,3.3132784776285155e-07,0.13889689866074745
2013-09-18 15:00:00,2.440258804087726e-07,0.13103156090440038,0.139234991480765
2013-09-18 16:00:00,0.28754759915285044,0.28738381852509876,0.1543471768179118
2013-09-18 17:00:00,0.3272044389896941,0.3123574078833697,0.23653379411986078
2013-09-18 18:00:00,0.3251030505884499,0.30827662201056794,0.2526044555776405
2013-09-18 19:00:00,0.3218313157583928,0.29426174637041275,0.20973705757442526
2013-09-18 20:00:00,0.17289963370789327,0.19340508138195464,0.16635459023639335
2013-09-18 21:00:00,0.0006066618212295624,0.0004060385461989181,0.12810409048416685
2013-09-18 22:00:00,0.0001595656737708637,0.0001110920913820764,0.13472079383351065
2013-09-18 23:00:00,0.0005118529767300497,0.0003642591098062236,0.12598196950463864
2013-09-19 00:00:00,0.001483550117193323,0.0010936526878691376,0.10153378325493903
2013-09-19 01:00:00,0.30661881938079866,0.2668979469075752,0.09134703898423087
2013-09-19 02:00:00,0.009083128575626088,0.14278783791380995,0.09745908554665576
2013-09-19 03:00:00,0.3015878779655057,0.26166915301094607,0.1178325740880721
2013-09-19 04:00:00,0.3191968765079435,0.2889618485564697,0.12252061351623054
2013-09-19 05:00:00,0.3266229494405765,0.3112224807589047,0.11588677169634169
2013-09-19 06:00:00,0.2381460403021929,0.25323411745569563,0.17902536493274512
2013-09-19 07:00:00,1.6471091126772853e-07,6.385307113625066e-07,0.19187451010063583
2013-09-19 08:00:00,5.958301186643349e-08,2.375535744678432e-07,0.19218464804952237
2013-09-19 09:00:00,4.456985675812589e-08,1.8047409606571163e-07,0.20103969000293037
2013-09-19 10:00:00,3.018671722257569e-08,1.2703772211539998e-07,0.20019890187983844
2013-09-19 11:00:00,2.4404936666382785e-08,1.0320876035957933e-07,0.190076342023381
2013-09-19 12:00:00,2.5094033827376585e-08,1.0556181337714347e-07,0.16253086815508547
2013-09-19 13:00:00,3.57155877387923e-08,1.1904015069530759e-07,0.13695756397662331
2013-09-19 14:00:00,5.474952453870405e-08,2.3412065407907966e-07,0.13889689866074745
2013-09-19 15:00:00,1.490824089540684e-07,6.6342909275846916e-06,0.139234991480765
2013-09-19 16:00:00,0.2794465320446122,0.2905550016327121,0.1543471768179118
2013-09-19 17:00:00,0.3353303523099971,0.32866592500949493,0.23653379411986078
2013-09-19 18:00:00,0.3341224095955338,0.3261851241990791,0.2526044555776405
2013-09-19 19:00:00,0.3310149116219992,0.3154365868442815,0.20973705757442526
2013-09-19 20:00:00,0.3281899484133016,0.30867480324879115,0.16635459023639335
2013-09-19 21:00:00,0.03615272937695803,0.06650717369864541,0.12810409048416685
2013-09-19 22:00:00,7.13210407747088e-05,5.762108834301e-05,0.13472079383351065
2013-09-19 23:00:00,7.431964734598711e-05,5.8896696289442444e-05,0.12598196950463864
2013-09-20 00:00:00,5.644390478933333e-05,4.577362795338243e-05,0.10153378325493903
2013-09-20 01:00:00,8.198731721930846e-05,6.507445619688662e-05,0.09134703898423087
2013-09-20 02:00:00,0.20218735533388094,0.20336963375818942,0.09745908554665576
2013-09-20 03:00:00,0.32524853035160356,0.30834046852312774,0.1178325740880721
2013-09-20 04:00:00,0.3286653947770674,0.3152255498875365,0.12252061351623054
2013-09-20 05:00:00,0.3302053018751938,0.31828218468263647,0.11588677169634169
2013-09-20 06:00:00,1.2450832053309984e-07,7.828112286442636e-06,0.17902536493274512
2013-09-20 07:00:00,3.775727524170131e-08,2.2535302823507977e-07,0.19187451010063583
2013-09-20 08:00:00,1.7272237453009152e-08,7.440138800848626e-08,0.19218464804952237
2013-09-20 09:00:00,1.5121054550812163e-08,6.513501109108113e-08,0.20103969000293037
2013-09-20 10:00:00,1.448368263968708e-08,6.227118479094892e-08,0.20019890187983844
2013-09-20 11:00:00,1.9528933799794936e-08,6.727021390464896e-08,0.190076342023381
2013-09-20 12:00:00,2.126750139908258e-08,8.703068941214041e-08,0.16253086815508547
2013-09-20 13:00:00,2.51925128380888e-08,1.1937036408574177e-07,0.13695756397662331
2013-09-20 14:00:00,4.518621737227506e-08,2.2578563161591804e-07,0.13889689866074745
2013-09-20 15:00:00,1.3903583480061036e-07,1.0345817251214573e-05,0.139234991480765
2013-09-20 16:00:00,9.139040679469397e-07,0.23973286466455265,0.1543471768179118
2013-09-20 17:00:00,0.3378803849621586,0.33396437818081226,0.23653379411986078
2013-09-20 18:00:00,0.33738954228296625,0.3326962263557098,0.2526044555776405
2013-09-20 19:00:00,0.33474402907242395,0.3255406199570022,0.20973705757442526
2013-09-20 20:00:00,0.33212241408915116,0.3214493048868579,0.16635459023639335
2013-09-20 21:00:00,0.11310911633368373,0.28112854478481264,0.12810409048416685
2013-09-20 22:00:00,0.0013336048719279458,0.0009038829903948225,0.13472079383351065
2013-09-20 23:00:00,0.0022768456417317875,0.001571772133991527,0.12598196950463864
2013-09-21 00:00:00,0.32096219931271475,0.33215547703180204,0.10153378325493903
2013-09-21 01:00:00,0.34137257611202776,0.34137257611202776,0.09134703898423087
2013-09-21 02:00:00,0.3306756215263284,0.32116670763023075,0.09745908554665576
2013-09-21 03:00:00,0.3218734963056055,0.3109345681463417,0.1178325740880721
2013-09-21 04:00:00,0.3339470946902885,0.3241460682454119,0.12252061351623054
2013-09-21 05:00:00,0.31764024804472113,0.30805748250379444,0.11588677169634169
2013-09-21 06:00:00,1.8327849248098675e-07,2.7874818640811736e-06,0.17902536493274512
2013-09-21 07:00:00,5.084997254609983e-08,2.0462839488873164e-07,0.19187451010063583
2013-09-21 08:00:00,2.5114313238137923e-08,8.520797384740061e-08,0.19218464804952237
2013-09-21 09:00:00,2.02754348893236e-08,6.787374542168963e-08,0.20103969000293037
2013-09-21 10:00:00,1.953850226972594e-08,6.580597063494108e-08,0.20019890187983844
2013-09-21 11:00:00,2.1814394521992523e-08,7.305117455148374e-08,0.190076342023381
2013-09-21 12:00:00,2.8098101336364433e-08,1.1656189863045288e-07,0.16253086815508547
2013-09-21 13:00:00,3.7123874821758995e-08,1.5062126602978038e-07,0.13695756397662331
2013-09-21 14:00:00,5.162205087525187e-08,2.0184969407862215e-07,0.13889689866074745
2013-09-21 15:00:00,1.6565993742195865e-07,9.933037051531913e-07,0.139234991480765
2013-09-21 16:00:00,1.315200661808973e-06,0.14187526510063864,0.1543471768179118
2013-09-21 17:00:00,0.3252396616909703,0.30258376566154893,0.23653379411986078
2013-09-21 18:00:00,0.31978359560424036,0.28970626937224814,0.2526044555776405
2013-09-21 19:00:00,0.3079705503804042,0.2683958549920113,0.20973705757442526
2013-09-21 20:00:00,0.00013169046920854797,9.395222977785626e-05,0.16635459023639335
2013-09-21 21:00:00,8.969079805455938e-05,6.745122871881818e-05,0.12810409048416685
2013-09-21 22:00:00,4.653865285927073e-05,3.7598710221883476e-05,0.13472079383351065
2013-09-21 23:00:00,4.627857527781781e-05,3.7362596120723746e-05,0.12598196950463864
2013-09-22 00:00:00,4.405340447379676e-05,3.52200361731433e-05,0.10153378325493903
2013-09-22 01:00:00,1.9630853893739527e-05,1.6080049232424105e-05,0.09134703898423087
2013-09-22 02:00:00,2.7423080544329864e-05,2.288967497119335e-05,0.09745908554665576
2013-09-22 03:00:00,3.093347961432137e-05,2.5406942271399237e-05,0.1178325740880721
2013-09-22 04:00:00,6.171109929699176e-05,4.8493611053133804e-05,0.12252061351623054
2013-09-22 05:00:00,1.942387929494696e-05,1.560771295106449e-05,0.11588677169634169
2013-09-22 06:00:00,7.24513162022317e-08,2.671367936799484e-07,0.17902536493274512
2013-09-22 07:00:00,2.5402959956281172e-08,8.396022997014842e-08,0.19187451010063583
2013-09-22 08:00:00,1.2321468467683392e-08,4.067819976003218e-08,0.19218464804952237
2013-09-22 09:00:00,1.0834578185737206e-08,3.571158996752339e-08,0.20103969000293037
2013-09-22 10:00:00,1.0838558869011988e-08,3.585368484094731e-08,0.20019890187983844
2013-09-22 11:00:00,1.2498308666379722e-08,4.1236104817951745e-08,0.190076342023381
2013-09-22 12:00:00,1.506828207088705e-08,4.961118751130631e-08,0.16253086815508547
2013-09-22 13:00:00,2.5643458920349863e-08,6.344845482074522e-08,0.13695756397662331
2013-09-22 14:00:00,3.3536850968170315e-08,1.0951721980315922e-07,0.13889689866074745
2013-09-22 15:00:00,5.85444697352217e-08,2.3217358448757265e-07,0.139234991480765
2013-09-22 16:00:00,1.1255215385429223e-06,3.600635366170426e-05,0.1543471768179118
2013-09-22 17:00:00,0.019857248401504428,0.21369080845115065,0.23653379411986078
2013-09-22 18:00:00,0.021044499839403583,0.19547848103341348,0.2526044555776405
2013-09-22 19:00:00,0.32663184629617564,0.3089949681310943,0.20973705757442526
2013-09-22 20:00:00,0.25837873996594496,0.27803480737053937,0.16635459023639335
2013-09-22 21:00:00,0.0002888943477042414,0.00023502691370144507,0.12810409048416685
2013-09-22 22:00:00,0.00024485906590691523,0.0001972875401613147,0.13472079383351065
2013-09-22 23:00:00,0.00017837110645961294,0.00014273576670904606,0.12598196950463864
2013-09-23 00:00:00,0.00013063850751014023,0.0001045330941843179,0.10153378325493903
2013-09-23 01:00:00,9.64021106254871e-05,7.730942267487112e-05,0.09134703898423087
2013-09-23 02:00:00,8.601112030520475e-05,6.928709958284494e-05,0.09745908554665576
2013-09-23 03:00:00,0.3283746373577191,0.3141140924340952,0.1178325740880721
2013-09-23 04:00:00,0.3265525768844789,0.30485604535866473,0.12252061351623054
2013-09-23 05:00:00,0.32465980295513974,0.30454105188587893,0.11588677169634169
2013-09-23 06:00:00,1.483807624712408e-07,3.238554236845058e-06,0.17902536493274512
2013-09-23 07:00:00,2.7395690338293398e-08,1.1452626044395511e-07,0.19187451010063583
2013-09-23 08:00:00,1.475285881820233e-08,5.003446405155411e-08,0.19218464804952237
2013-09-23 09:00:00,1.368316553576216e-08,4.6376219860522236e-08,0.20103969000293037
2013-09-23 10:00:00,1.1939887276360019e-08,4.035723599767988e-08,0.20019890187983844
2013-09-23 11:00:00,1.0895622335066973e-08,3.628005453889898e-08,0.190076342023381
2013-09-23 12:00:00,1.2319512292190696e-08,4.122433237155077e-08,0.16253086815508547
2013-09-23 13:00:00,1.5256806068815703e-08,5.128457573241698e-08,0.13695756397662331
2013-09-23 14:00:00,3.058660863829653e-08,1.2783290500787963e-07,0.13889689866074745
2013-09-23 15:00:00,1.0115172773321225e-07,4.7577609005962344e-07,0.139234991480765
2013-09-23 16:00:00,1.4124770097296712e-06,0.19923378875557554,0.1543471768179118
2013-09-23 17:00:00,0.3288887190073359,0.3149729065034025,0.23653379411986078
2013-09-23 18:00:00,0.3295375454534795,0.3136134178836494,0.2526044555776405
2013-09-23 19:00:00,0.30918169020079506,0.2850453120346556,0.20973705757442526
2013-09-23 20:00:00,0.054200414942623044,0.11558757959059662,0.16635459023639335
2013-09-23 21:00:00,0.11591812809570345,0.24536417635799782,0.12810409048416685
2013-09-23 22:00:00,0.3268700461456448,0.3117026943610723,0.13472079383351065
2013-09-23 23:00:00,0.32432629968316085,0.2999100784587028,0.12598196950463864
2013-09-24 00:00:00,0.2165279751273448,0.22496557812508056,0.10153378325493903
2013-09-24 01:00:00,0.27869119199567977,0.25920757896396346,0.09134703898423087
2013-09-24 02:00:00,0.30601185621591787,0.28291809516329464,0.09745908554665576
2013-09-24 03:00:00,0.3214308155021548,0.29899593217195236,0.1178325740880721
2013-09-24 04:00:00,0.3311870092590316,0.3176648224818651,0.12252061351623054
2013-09-24 05:00:00,0.33249284791599104,0.32287389338537026,0.11588677169634169
2013-09-24 06:00:00,1.1756075144966683e-07,1.7342325980838606e-06,0.17902536493274512
2013-09-24 07:00:00,3.162883661445218e-08,1.4801670532683593e-07,0.19187451010063583
2013-09-24 08:00:00,1.7866595243165524e-08,6.104932029594573e-08,0.19218464804952237
2013-09-24 09:00:00,1.5237495799847774e-08,5.201205379346663e-08,0.20103969000293037
2013-09-24 10:00:00,1.4676684527963435e-08,5.0188542670894974e-08,0.20019890187983844
2013-09-24 11:00:00,1.509802885922792e-08,5.1671696949424444e-08,0.190076342023381
2013-09-24 12:00:00,1.6373711405968302e-08,5.605055146923162e-08,0.16253086815508547
2013-09-24 13:00:00,1.946957947324313e-08,8.386659816592026e-08,0.13695756397662331
2013-09-24 14:00:00,3.6884826676862374e-08,1.7477240144858354e-07,0.13889689866074745
2013-09-24 15:00:00,1.50987273697915e-07,7.950826883556987e-06,0.139234991480765
2013-09-24 16:00:00,0.3036582486626632,0.3152878863681581,0.1543471768179118
2013-09-24 17:00:00,0.3413774767411281,0.3413781255174591,0.23653379411986078
2013-09-24 18:00:00,0.3413777361204257,0.34137830019983384,0.2526044555776405
2013-09-24 19:00:00,0.34137791832550635,0.3413784153196352,0.20973705757442526
2013-09-24 20:00:00,0.34137812544377755,0.3413785508834407,0.16635459023639335
2013-09-24 21:00:00,0.34136752286929484,0.3413755197097862,0.12810409048416685
2013-09-24 22:00:00,0.30343711062870105,0.30461272716620996,0.13472079383351065
2013-09-24 23:00:00,0.31877005453008306,0.30530659853930137,0.12598196950463864
2013-09-25 00:00:00,0.33568608551803913,0.3271734674644652,0.10153378325493903
2013-09-25 01:00:00,0.3375663733276269,0.33207131084629987,0.09134703898423087
2013-09-25 02:00:00,0.32440228085688244,0.3150735644858301,0.09745908554665576
2013-09-25 03:00:00,0.3379630078818607,0.3341363216456485,0.1178325740880721
2013-09-25 04:00:00,0.3380757192057715,0.3343738256221973,0.12252061351623054
2013-09-25 05:00:00,0.3413758909032538,0.34137710442054847,0.11588677169634169
2013-09-25 06:00:00,1.8795506417314514e-07,6.861489241913522e-06,0.17902536493274512
2013-09-25 07:00:00,6.231773930784634e-08,3.436005730097906e-07,0.19187451010063583
2013-09-25 08:00:00,2.7295673753081532e-08,1.175780520342453e-07,0.19218464804952237
2013-09-25 09:00:00,2.0064885559390148e-08,6.914473921326943e-08,0.20103969000293037
2013-09-25 10:00:00,1.709787819435099e-08,5.8920263197994106e-08,0.20019890187983844
2013-09-25 11:00:00,1.7234820767687865e-08,7.380210656895283e-08,0.190076342023381
2013-09-25 12:00:00,1.852698523640745e-08,7.893702517800617e-08,0.16253086815508547
2013-09-25 13:00:00,2.924766081230377e-08,1.361804733456219e-07,0.13695756397662331
2013-09-25 14:00:00,7.197241704412943e-08,5.773113171268087e-07,0.13889689866074745
2013-09-25 15:00:00,1.699985749869452e-07,5.0972601074012604e-05,0.139234991480765
2013-09-25 16:00:00,0.3077281278928134,0.3124389244610644,0.1543471768179118
2013-09-25 17:00:00,0.3361723640489135,0.33040583158418296,0.23653379411986078
2013-09-25 18:00:00,0.3339841656118672,0.32590354143919104,0.2526044555776405
2013-09-25 19:00:00,0.32994642184066536,0.3177634204067144,0.20973705757442526
2013-09-25 20:00:00,0.3260066042820475,0.31002350534394074,0.16635459023639335
2013-09-25 21:00:00,0.32299781964145735,0.30415882958882556,0.12810409048416685
2013-09-25 22:00:00,0.3176920597294785,0.28887333601200454,0.13472079383351065
2013-09-25 23:00:00,0.3141632194641997,0.27802163751591996,0.12598196950463864
2013-09-26 00:00:00,0.042044227977625505,0.12847948895609787,0.10153378325493903
2013-09-26 01:00:00,0.0002366117529357827,0.00016550828555954257,0.09134703898423087
2013-09-26 02:00:00,0.3086828911625697,0.2776314637010896,0.09745908554665576
2013-09-26 03:00:00,0.3091319868477411,0.2789600392697675,0.1178325740880721
2013-09-26 04:00:00,0.3114327588687053,0.2830093256412084,0.12252061351623054
2013-09-26 05:00:00,0.3141263073366472,0.2878211930396459,0.11588677169634169
2013-09-26 06:00:00,1.425198441958811e-07,0.13504774500050967,0.17902536493274512
2013-09-26 07:00:00,4.3228993845254705e-08,2.468762657919253e-07,0.19187451010063583
2013-09-26 08:00:00,2.868846583171804e-08,1.131316637973698e-07,0.19218464804952237
2013-09-26 09:00:00,1.9360211230746244e-08,7.948609800068884e-08,0.20103969000293037
2013-09-26 10:00:00,1.8251072706798343e-08,7.524077650407517e-08,0.20019890187983844
2013-09-26 11:00:00,2.4979400425196858e-08,9.609787935195498e-08,0.190076342023381
2013-09-26 12:00:00,2.6865936872745443e-08,1.1712199528179365e-07,0.16253086815508547
2013-09-26 13:00:00,3.975160652142597e-08,1.6113832176136035e-07,0.13695756397662331
2013-09-26 14:00:00,9.528688325669034e-08,3.878989046381431e-06,0.13889689866074745
2013-09-26 15:00:00,1.9943605466821473e-07,0.19455982865239013,0.139234991480765
2013-09-26 16:00:00,0.3048973617279109,0.2962817678104907,0.1543471768179118
2013-09-26 17:00:00,0.3242067990481866,0.30655284079662243,0.23653379411986078
2013-09-26 18:00:00,0.32503242687873335,0.3081397897031896,0.2526044555776405
2013-09-26 19:00:00,0.32727540394334176,0.3124947204931897,0.20973705757442526
2013-09-26 20:00:00,0.33237729728281373,0.3226376346136732,0.16635459023639335
2013-09-26 21:00:00,0.335826890419932,0.3296884168310418,0.12810409048416685
2013-09-26 22:00:00,0.3330996319036603,0.32410080547634035,0.13472079383351065
2013-09-26 23:00:00,0.3347272944651278,0.32732806245232776,0.12598196950463864
2013-09-27 00:00:00,0.3349731555553052,0.3250102822765547,0.10153378325493903
2013-09-27 01:00:00,0.3363629466342906,0.3294506195250821,0.09134703898423087
2013-09-27 02:00:00,0.33589663654513596,0.32748255625756195,0.09745908554665576
2013-09-27 03:00:00,0.33689190469606023,0.33179475664291214,0.1178325740880721
2013-09-27 04:00:00,0.3356572539582764,0.3293395178715418,0.12252061351623054
2013-09-27 05:00:00,0.3336344326118568,0.32519094546121796,0.11588677169634169
2013-09-27 06:00:00,3.476512335013416e-07,0.00011834816305076993,0.17902536493274512
2013-09-27 07:00:00,1.2553187226619826e-07,5.82173918917587e-07,0.19187451010063583
2013-09-27 08:00:00,8.721328333308587e-08,2.7930104006994113e-07,0.19218464804952237
2013-09-27 09:00:00,6.446540792657201e-08,2.546136761967887e-07,0.20103969000293037
2013-09-27 10:00:00,4.7363805574419946e-08,1.9524730062146178e-07,0.20019890187983844
2013-09-27 11:00:00,4.123182779345703e-08,1.7157910807483197e-07,0.190076342023381
2013-09-27 12:00:00,4.1307217570195733e-08,1.7367035199784814e-07,0.16253086815508547
2013-09-27 13:00:00,8.415263922115857e-08,3.701091060292126e-07,0.13695756397662331
2013-09-27 14:00:00,2.2658264793262452e-07,5.0264423809515795e-06,0.13889689866074745
2013-09-27 15:00:00,4.253792535200266e-07,0.21725600675920775,0.139234991480765
2013-09-27 16:00:00,0.34137713144156484,0.34137789603915825,0.1543471768179118
2013-09-27 17:00:00,0.34137751819987133,0.341378159796105,0.23653379411986078
2013-09-27 18:00:00,0.34137770447521104,0.3413782770060223,0.2526044555776405
2013-09-27 19:00:00,0.341377857990734,0.3413783727464548,0.20973705757442526
2013-09-27 20:00:00,0.34137794426608087,0.34137842706184685,0.16635459023639335
2013-09-27 21:00:00,0.3413782138604733,0.3413785882749902,0.12810409048416685
2013-09-27 22:00:00,0.3413659462115149,0.34137547559144815,0.13472079383351065
2013-09-27 23:00:00,0.3413781914381153,0.34137846965225416,0.12598196950463864
2013-09-28 00:00:00,0.34137741342718225,0.3413779148826699,0.10153378325493903
2013-09-28 01:00:00,0.34137668990992587,0.34137755474945536,0.09134703898423087
2013-09-28 02:00:00,0.34137799978037964,0.34137827868636933,0.09745908554665576
2013-09-28 03:00:00,0.3413779697570917,0.3413784370601393,0.1178325740880721
2013-09-28 04:00:00,0.3413777106239066,0.3413782726901991,0.12252061351623054
2013-09-28 05:00:00,0.3413768237754488,0.3413777065904616,0.11588677169634169
2013-09-28 06:00:00,3.8069604561500025e-07,1.811972959788139e-05,0.17902536493274512
2013-09-28 07:00:00,1.0841739950730255e-07,3.736125402115092e-07,0.19187451010063583
2013-09-28 08:00:00,7.000264750012846e-08,2.412333877140399e-07,0.19218464804952237
2013-09-28 09:00:00,6.822812957540679e-08,2.3511829065711037e-07,0.20103969000293037
2013-09-28 10:00:00,3.6580224547708384e-08,1.2605841203304439e-07,0.20019890187983844
2013-09-28 11:00:00,5.4016962406534907e-08,1.8614594242099582e-07,0.190076342023381
2013-09-28 12:00:00,5.952049102024272e-08,2.051112247237378e-07,0.16253086815508547
2013-09-28 13:00:00,6.936888214150618e-08,2.390492485476911e-07,0.13695756397662331
2013-09-28 14:00:00,1.2816337241408368e-07,4.416582312244807e-07,0.13889689866074745
2013-09-28 15:00:00,3.8282629744856806e-07,1.826234564453156e-05,0.139234991480765
2013-09-28 16:00:00,0.34135531157781074,0.3413705841621454,0.1543471768179118
2013-09-28 17:00:00,0.3413768761568846,0.3413776593355053,0.23653379411986078
2013-09-28 18:00:00,0.3413772175788804,0.3413779388939712,0.2526044555776405
2013-09-28 19:00:00,0.24573863636363635,0.29795396419437353,0.20973705757442526
2013-09-28 20:00:00,0.000397708058470229,0.0003236051330074372,0.16635459023639335
2013-09-28 21:00:00,0.00032372120432041813,0.00026104792093977256,0.12810409048416685
2013-09-28 22:00:00,0.0007463922821921227,0.0005429699110704848,0.13472079383351065
2013-09-28 23:00:00,0.0006567485769099495,0.0004834891377890538,0.12598196950463864
2013-09-29 00:00:00,0.00020646380975479316,0.00016746868466431688,0.10153378325493903
2013-09-29 01:00:00,0.00016872782270974852,0.0001362427785217842,0.09134703898423087
2013-09-29 02:00:00,0.0001282949981180824,0.00010358946797053137,0.09745908554665576
2013-09-29 03:00:00,0.00012158275751966634,9.629656062491689e-05,0.1178325740880721
2013-09-29 04:00:00,0.00014622868546380283,0.00010813502066672928,0.12252061351623054
2013-09-29 05:00:00,9.330221261138654e-05,7.184228389097809e-05,0.11588677169634169
2013-09-29 06:00:00,8.024898048685855e-07,1.1847175358523014e-05,0.17902536493274512
2013-09-29 07:00:00,1.9265357030172002e-07,6.488747797556779e-07,0.19187451010063583
2013-09-29 08:00:00,1.1935470164427811e-07,3.327126910793939e-07,0.19218464804952237
2013-09-29 09:00:00,1.181595748208878e-07,3.1638769287310153e-07,0.20103969000293037
2013-09-29 10:00:00,1.0457663612935934e-07,3.026176670292161e-07,0.20019890187983844
2013-09-29 11:00:00,1.0404818540831717e-07,2.839396413225234e-07,0.190076342023381
2013-09-29 12:00:00,1.2126104698243098e-07,2.9233582580807317e-07,0.16253086815508547
2013-09-29 13:00:00,2.6492991332129064e-07,6.761804409482535e-07,0.13695756397662331
2013-09-29 14:00:00,5.924496147522326e-07,1.0875760587893577e-05,0.13889689866074745
2013-09-29 15:00:00,1.003230779320956e-06,1.5250967475973034e-05,0.139234991480765
2013-09-29 16:00:00,3.238104730411705e-05,2.5394349929656613e-05,0.1543471768179118
2013-09-29 17:00:00,2.0125354200417353e-05,1.6254085543050044e-05,0.23653379411986078
2013-09-29 18:00:00,0.0066144771866510094,0.04193382139230729,0.2526044555776405
2013-09-29 19:00:00,0.0124985557627483,0.06660750785911877,0.20973705757442526
2013-09-29 20:00:00,1.617486414558302e-05,1.2989296906137516e-05,0.16635459023639335
2013-09-29 21:00:00,2.216523935374643e-05,1.7461087763220466e-05,0.12810409048416685
2013-09-29 22:00:00,1.766196071171318e-05,1.4322401281010917e-05,0.13472079383351065
2013-09-29 23:00:00,2.1289620014910428e-05,1.7187130353863357e-05,0.12598196950463864
2013-09-30 00:00:00,1.0669116160256221e-05,8.777718699914527e-06,0.10153378325493903
2013-09-30 01:00:00,1.051381249023607e-05,8.65966873756636e-06,0.09134703898423087
2013-09-30 02:00:00,2.3989933477070615e-05,1.9323713453212732e-05,0.09745908554665576
2013-09-30 03:00:00,2.5089331623228366e-05,2.02093094070248e-05,0.1178325740880721
2013-09-30 04:00:00,0.21859883437306613,0.1723409606066829,0.12252061351623054
2013-09-30 05:00:00,0.30464368891183585,0.2712252795201554,0.11588677169634169
2013-09-30 06:00:00,6.355540199864262e-07,0.0113543416689017,0.17902536493274512
2013-09-30 07:00:00,4.2939175852295675e-07,2.365052750131496e-05,0.19187451010063583
2013-09-30 08:00:00,2.911979956259565e-07,2.0657363049401726e-06,0.19218464804952237
2013-09-30 09:00:00,1.8834563186362087e-07,5.958418918218403e-07,0.20103969000293037
2013-09-30 10:00:00,1.6790485302112883e-07,6.221616956626557e-07,0.20019890187983844
2013-09-30 11:00:00,1.699438352618843e-07,5.989367385874722e-07,0.190076342023381
2013-09-30 12:00:00,2.0553165427947937e-07,7.989778926926123e-07,0.16253086815508547
2013-09-30 13:00:00,3.957465360182033e-07,1.117581983511185e-05,0.13695756397662331
2013-09-30 14:00:00,4.86188242850055e-07,1.40452536968186e-05,0.13889689866074745
2013-09-30 15:00:00,8.123424055733188e-07,1.7296043796471297e-05,0.139234991480765
2013-09-30 16:00:00,0.3103277495432678,0.2810577821859129,0.1543471768179118
2013-09-30 17:00:00,0.31030737009834924,0.2810222972780753,0.23653379411986078
2013-09-30 18:00:00,0.30904328666831477,0.2788063297231252,0.2526044555776405
2013-09-30 19:00:00,0.30966018635593723,0.2798853869842199,0.20973705757442526
2013-09-30 20:00:00,0.31193770155657463,0.28390363882491737,0.16635459023639335
2013-09-30 21:00:00,0.2657056711012306,0.21845102317961287,0.12810409048416685
2013-09-30 22:00:00,5.405765848119344e-05,4.3381129092124404e-05,0.13472079383351065
2013-09-30 23:00:00,5.343077045883513e-05,4.284618606077194e-05,0.12598196950463864
2013-10-01 00:00:00,5.211454777601167e-05,4.1696307678752405e-05,0.08720662034516884
2013-10-01 01:00:00,4.8576247736522435e-05,3.8865233659191653e-05,0.08523499242180597
2013-10-01 02:00:00,4.389662397940349e-05,3.520046226232338e-05,0.08720662034516884
2013-10-01 03:00:00,0.0010857246352981252,0.0008020305610029227,0.11086615542552329
2013-10-01 04:00:00,0.31585263842677097,0.2903764236928088,0.12693280405977564
2013-10-01 05:00:00,0.3168112420496223,0.29269533495065403,0.15110721232838745
2013-10-01 06:00:00,2.2925862803383677e-07,1.3800828455949072e-05,0.1722214787972973
2013-10-01 07:00:00,5.231939599559376e-08,2.1335575316226753e-07,0.18013195411525873
2013-10-01 08:00:00,3.002071369203323e-08,9.547766005355772e-08,0.17776247126184347
2013-10-01 09:00:00,2.9219238285430292e-08,9.217923416324651e-08,0.1788781254925198
2013-10-01 10:00:00,2.7840729275653453e-08,9.150021278374484e-08,0.18259991593067812
2013-10-01 11:00:00,2.9125240582982077e-08,9.503526132899115e-08,0.16900656945493694
2013-10-01 12:00:00,3.3057648704653675e-08,1.3368853604939005e-07,0.1264571527186973
2013-10-01 13:00:00,5.081723967233298e-08,2.2306570349599722e-07,0.12769162344055626
2013-10-01 14:00:00,9.324171725433877e-08,5.493121809209975e-07,0.13535521153250613
2013-10-01 15:00:00,2.944861553407844e-07,1.2384443639898542e-05,0.13079890229694516
2013-10-01 16:00:00,0.3219080668969705,0.2977872724137392,0.21753957568794385
2013-10-01 17:00:00,0.32874163052395816,0.3153770200246632,0.25227171424876127
2013-10-01 18:00:00,0.32753779817613393,0.31300875411063267,0.23873034705149543
2013-10-01 19:00:00,0.32365424107358215,0.29857333929809343,0.2014677367415964
2013-10-01 20:00:00,0.3195283652232292,0.29099695344069343,0.16596044661401788
2013-10-01 21:00:00,0.1550586173381815,0.19910925054190864,0.1293322327965529
2013-10-01 22:00:00,6.928657222005583e-05,5.598607990546604e-05,0.13813662724439807
2013-10-01 23:00:00,1.6952607713690795e-05,1.3498787719719831e-05,0.09509313203862033
2013-10-02 00:00:00,1.4752205362500409e-05,1.1746623122895167e-05,0.08720662034516884
2013-10-02 01:00:00,1.3596923288198345e-05,1.0724551736718586e-05,0.08523499242180597
2013-10-02 02:00:00,5.181654681342368e-05,4.152070330786951e-05,0.08720662034516884
2013-10-02 03:00:00,5.705335006898269e-05,4.547290630729381e-05,0.11086615542552329
2013-10-02 04:00:00,0.31962688076148066,0.2977939786092829,0.12693280405977564
2013-10-02 05:00:00,0.3192348610236131,0.2971666976780386,0.15110721232838745
2013-10-02 06:00:00,2.178050748037917e-07,7.985843456927997e-06,0.1722214787972973
2013-10-02 07:00:00,4.378834805632609e-08,1.6281398505634976e-07,0.18013195411525873
2013-10-02 08:00:00,2.3312225563623955e-08,7.378986557441923e-08,0.17776247126184347
2013-10-02 09:00:00,2.1171769957145515e-08,6.663381397524974e-08,0.1788781254925198
2013-10-02 10:00:00,2.0738155424995347e-08,6.833846781123197e-08,0.18259991593067812
2013-10-02 11:00:00,2.449681400561246e-08,7.941178736159817e-08,0.16900656945493694
2013-10-02 12:00:00,3.060696144931798e-08,1.2065656573334713e-07,0.1264571527186973
2013-10-02 13:00:00,3.563703141817709e-08,1.3554789067375842e-07,0.12769162344055626
2013-10-02 14:00:00,8.171479076772567e-08,3.7413126428143803e-07,0.13535521153250613
2013-10-02 15:00:00,2.472951933666032e-07,1.847459206473376e-05,0.13079890229694516
2013-10-02 16:00:00,0.23007184454576138,0.18986597126070623,0.21753957568794385
2013-10-02 17:00:00,0.30577334683335206,0.2731550831901227,0.25227171424876127
2013-10-02 18:00:00,0.30430606096922025,0.2683560241865566,0.23873034705149543
2013-10-02 19:00:00,0.08236221272918055,0.12683591790627,0.2014677367415964
2013-10-02 20:00:00,0.01582402613111449,0.03319887179416906,0.16596044661401788
2013-10-02 21:00:00,0.00010917751713811781,7.953994756015345e-05,0.1293322327965529
2013-10-02 22:00:00,4.85817494756244e-05,3.904600754133183e-05,0.13813662724439807
2013-10-02 23:00:00,4.6322109260298056e-05,3.691988673148497e-05,0.09509313203862033
2013-10-03 00:00:00,1.0770412752989304e-05,8.47587638442846e-06,0.08720662034516884
2013-10-03 01:00:00,1.2412111904291029e-05,9.945471466318043e-06,0.08523499242180597
2013-10-03 02:00:00,1.1009737823374831e-05,8.705714465798207e-06,0.08720662034516884
2013-10-03 03:00:00,5.040285628404483e-05,4.121489012284699e-05,0.11086615542552329
2013-10-03 04:00:00,0.00011315057800582696,8.337360329893983e-05,0.12693280405977564
2013-10-03 05:00:00,0.3120201806341567,0.2746381086075688,0.15110721232838745
2013-10-03 06:00:00,8.779900587995208e-08,4.5754785385152885e-07,0.1722214787972973
2013-10-03 07:00:00,2.2677122614204185e-08,9.160350152308227e-08,0.18013195411525873
2013-10-03 08:00:00,1.6563126514063e-08,5.436770280090988e-08,0.17776247126184347
2013-10-03 09:00:00,9.878334383614311e-09,3.2676102411332573e-08,0.1788781254925198
2013-10-03 10:00:00,9.883543394211216e-09,3.282906440457561e-08,0.18259991593067812
2013-10-03 11:00:00,1.1150877743014173e-08,3.690618836738625e-08,0.16900656945493694
2013-10-03 12:00:00,2.068305699194982e-08,6.285749737342804e-08,0.1264571527186973
2013-10-03 13:00:00,2.4631500235464827e-08,8.184322621741901e-08,0.12769162344055626
2013-10-03 14:00:00,4.674466036621099e-08,2.126663765188403e-07,0.13535521153250613
2013-10-03 15:00:00,2.0408838527131886e-07,9.275982486702556e-06,0.13079890229694516
2013-10-03 16:00:00,0.03181061712190528,0.23710171965081664,0.21753957568794385
2013-10-03 17:00:00,0.32984497755931985,0.31728454532901157,0.25227171424876127
2013-10-03 18:00:00,0.000254697144920658,0.00018311664530305805,0.23873034705149543
2013-10-03 19:00:00,0.00023777008510151074,0.00017034780089822868,0.2014677367415964
2013-10-03 20:00:00,0.00013445290110508936,0.00010206287702918838,0.16596044661401788
2013-10-03 21:00:00,0.00011682459983908512,9.004528117189892e-05,0.1293322327965529
2013-10-03 22:00:00,7.449621931686968e-05,5.987592736888184e-05,0.13813662724439807
2013-10-03 23:00:00,8.431543785006876e-05,6.741206909445322e-05,0.09509313203862033
2013-10-04 00:00:00,2.713056312196816e-05,2.17395439587166e-05,0.08720662034516884
2013-10-04 01:00:00,3.315415673843821e-05,2.6638783296313365e-05,0.08523499242180597
2013-10-04 02:00:00,3.854478359198838e-05,3.0970463242592394e-05,0.08720662034516884
2013-10-04 03:00:00,0.0001345217235337132,0.00010729277269144955,0.11086615542552329
2013-10-04 04:00:00,0.00012676100434423708,0.00010189857236428099,0.12693280405977564
2013-10-04 05:00:00,0.006325959957449984,0.004842162040371832,0.15110721232838745
2013-10-04 06:00:00,8.725632689082061e-08,3.652673667212432e-07,0.1722214787972973
2013-10-04 07:00:00,2.1878648196215944e-08,6.816786348778023e-08,0.18013195411525873
2013-10-04 08:00:00,1.0667230237774592e-08,3.654756063352237e-08,0.17776247126184347
2013-10-04 09:00:00,9.608852166589091e-09,3.271565909954425e-08,0.1788781254925198
2013-10-04 10:00:00,2.194336713178742e-08,6.169262952140075e-08,0.18259991593067812
2013-10-04 11:00:00,9.774019584711292e-09,3.308660390863053e-08,0.16900656945493694
2013-10-04 12:00:00,1.0436399996591473e-08,3.568437615346958e-08,0.1264571527186973
2013-10-04 13:00:00,1.9421440593254058e-08,6.692746141829843e-08,0.12769162344055626
2013-10-04 14:00:00,2.9652745592193502e-08,1.2773132794921378e-07,0.13535521153250613
2013-10-04 15:00:00,1.9547427691682628e-07,9.093588178335368e-06,0.13079890229694516
2013-10-04 16:00:00,0.33841901071976066,0.3341429524326271,0.21753957568794385
2013-10-04 17:00:00,0.3346755738593676,0.32680459484363156,0.25227171424876127
2013-10-04 18:00:00,0.331164635674624,0.3159823976728513,0.23873034705149543
2013-10-04 19:00:00,0.31540138763031395,0.2873848649714266,0.2014677367415964
2013-10-04 20:00:00,0.0001062260656350394,8.390339073662638e-05,0.16596044661401788
2013-10-04 21:00:00,0.00010628038725242668,8.506873053022546e-05,0.1293322327965529
2013-10-04 22:00:00,8.059518822595995e-05,6.511453341883787e-05,0.13813662724439807
2013-10-04 23:00:00,8.689288828819962e-05,6.983975080421889e-05,0.09509313203862033
2013-10-05 00:00:00,9.041310619672913e-05,7.266960127466408e-05,0.08720662034516884
2013-10-05 01:00:00,0.00011305052541253224,9.045799167704615e-05,0.08523499242180597
2013-10-05 02:00:00,0.00019654228321743013,0.000145690506176337,0.08720662034516884
2013-10-05 03:00:00,0.00013498140171027572,0.00010356239265389235,0.11086615542552329
2013-10-05 04:00:00,0.00017453985956767477,0.00013247602025329483,0.12693280405977564
2013-10-05 05:00:00,0.00035125352220021676,0.0002546716644735684,0.15110721232838745
2013-10-05 06:00:00,1.4161088327381056e-07,1.1403465772559968e-06,0.1722214787972973
2013-10-05 07:00:00,2.810856062048187e-08,1.1616710089154535e-07,0.18013195411525873
2013-10-05 08:00:00,2.5375577579865196e-08,8.435721314979924e-08,0.17776247126184347
2013-10-05 09:00:00,2.6110610009822637e-08,8.645565344072642e-08,0.1788781254925198
2013-10-05 10:00:00,2.9107446636663163e-08,9.587432410099543e-08,0.18259991593067812
2013-10-05 11:00:00,3.5276479407355146e-08,1.135086524287782e-07,0.16900656945493694
2013-10-05 12:00:00,4.645016677467879e-08,1.4517595894830374e-07,0.1264571527186973
2013-10-05 13:00:00,8.109101473038556e-08,2.8992451281237464e-07,0.12769162344055626
2013-10-05 14:00:00,2.2940556687592378e-07,3.2591236450506826e-06,0.13535521153250613
2013-10-05 15:00:00,4.817717154836914e-07,0.1355093040171625,0.13079890229694516
2013-10-05 16:00:00,0.32566919513106696,0.3093708665275709,0.21753957568794385
2013-10-05 17:00:00,0.32228221856653816,0.3028842690819416,0.25227171424876127
2013-10-05 18:00:00,0.3217216733243157,0.3018236285117895,0.23873034705149543
2013-10-05 19:00:00,0.3014512129650326,0.26159456870988473,0.2014677367415964
2013-10-05 20:00:00,0.2852878569456048,0.24866516624345006,0.16596044661401788
2013-10-05 21:00:00,0.019583324519229343,0.17881068287929344,0.1293322327965529
2013-10-05 22:00:00,0.00037868804829936686,0.0002636225606294712,0.13813662724439807
2013-10-05 23:00:00,0.0004952462062638285,0.00035009174334786765,0.09509313203862033
2013-10-06 00:00:00,0.000577240456309695,0.0004134211791917817,0.08720662034516884
2013-10-06 01:00:00,0.0006152487794110564,0.0004423705561971019,0.08523499242180597
2013-10-06 02:00:00,0.0007160677114704761,0.0005158175272731688,0.08720662034516884
2013-10-06 03:00:00,0.01472755811595626,0.18541648636202507,0.11086615542552329
2013-10-06 04:00:00,0.03307387546470484,0.0445234647055982,0.12693280405977564
2013-10-06 05:00:00,0.03320791854097802,0.05598223672163762,0.15110721232838745
2013-10-06 06:00:00,3.369547545579449e-07,6.233486251293756e-06,0.1722214787972973
2013-10-06 07:00:00,8.706523214507577e-08,4.3797525790173053e-07,0.18013195411525873
2013-10-06 08:00:00,5.4567018687144004e-08,2.4939049247038526e-07,0.17776247126184347
2013-10-06 09:00:00,4.504163598158297e-08,2.0703492439202195e-07,0.1788781254925198
2013-10-06 10:00:00,3.802166978531493e-08,1.4415516169660247e-07,0.18259991593067812
2013-10-06 11:00:00,4.0873019076357645e-08,1.3738540597421812e-07,0.16900656945493694
2013-10-06 12:00:00,4.9672697900809445e-08,1.965563086443851e-07,0.1264571527186973
2013-10-06 13:00:00,6.501660377773125e-08,3.354096442508466e-07,0.12769162344055626
2013-10-06 14:00:00,1.405404381359402e-07,7.198786086699165e-07,0.13535521153250613
2013-10-06 15:00:00,5.398151092764594e-07,0.15249164261782397,0.13079890229694516
2013-10-06 16:00:00,0.3350364544282647,0.32806135104824885,0.21753957568794385
2013-10-06 17:00:00,0.3339760462186632,0.3258874695708809,0.25227171424876127
2013-10-06 18:00:00,0.3336349488960605,0.32519125895759887,0.23873034705149543
2013-10-06 19:00:00,0.3314463169882816,0.32074375836567104,0.2014677367415964
2013-10-06 20:00:00,0.32900486920295013,0.3156458969188467,0.16596044661401788
2013-10-06 21:00:00,0.00044373130918814156,0.0003000583153948855,0.1293322327965529
2013-10-06 22:00:00,0.0008943373067510752,0.0006279689722062464,0.13813662724439807
2013-10-06 23:00:00,0.0005222066491947058,0.00037146344459586044,0.09509313203862033
2013-10-07 00:00:00,0.00010891742650655805,8.817552148766918e-05,0.08720662034516884
2013-10-07 01:00:00,0.00038392408528692277,0.0002774692457614687,0.08523499242180597
2013-10-07 02:00:00,0.31163527749574915,0.27736467763751377,0.08720662034516884
2013-10-07 03:00:00,0.3213277927832709,0.3010313106415186,0.11086615542552329
2013-10-07 04:00:00,0.3190942831410025,0.29690566477708097,0.12693280405977564
2013-10-07 05:00:00,0.31956853169318644,0.2977883443637898,0.15110721232838745
2013-10-07 06:00:00,2.425669600028914e-07,0.11425133679991611,0.1722214787972973
2013-10-07 07:00:00,8.948430781446261e-08,1.383817486097651e-06,0.18013195411525873
2013-10-07 08:00:00,3.6999194398040775e-08,1.8454005093763062e-07,0.17776247126184347
2013-10-07 09:00:00,3.175459717058759e-08,1.4030066432364558e-07,0.1788781254925198
2013-10-07 10:00:00,2.3580558458365966e-08,9.350171029900084e-08,0.18259991593067812
2013-10-07 11:00:00,3.658011883710047e-08,1.346359889637321e-07,0.16900656945493694
2013-10-07 12:00:00,5.018948349387716e-08,2.0472229378972413e-07,0.1264571527186973
2013-10-07 13:00:00,9.756493151078396e-08,4.5665176692536804e-07,0.12769162344055626
2013-10-07 14:00:00,2.94893314049768e-07,9.634675200376343e-06,0.13535521153250613
2013-10-07 15:00:00,0.17406818438621904,0.17169362263411983,0.13079890229694516
2013-10-07 16:00:00,0.3124479847056615,0.28481409904850036,0.21753957568794385
2013-10-07 17:00:00,0.3115445918364088,0.283208013832295,0.25227171424876127
2013-10-07 18:00:00,0.3107425095908957,0.2817895054643246,0.23873034705149543
2013-10-07 19:00:00,0.3120308738365609,0.2840709422983184,0.2014677367415964
2013-10-07 20:00:00,0.31254377437517433,0.28498398602985314,0.16596044661401788
2013-10-07 21:00:00,0.31466313116274436,0.2887845171576611,0.1293322327965529
2013-10-07 22:00:00,0.0008523090435994605,0.0005957490011109746,0.13813662724439807
2013-10-07 23:00:00,0.0002460967712773259,0.0001678877382829747,0.09509313203862033
2013-10-08 00:00:00,0.00022771715467267942,0.00015626852368565998,0.08720662034516884
2013-10-08 01:00:00,0.0007453050361627922,0.0005154625527099381,0.08523499242180597
2013-10-08 02:00:00,0.16661571259307947,0.20140990833223063,0.08720662034516884
2013-10-08 03:00:00,0.3248773277617854,0.30647596411034067,0.11086615542552329
2013-10-08 04:00:00,0.32583062366729854,0.3096838734492851,0.12693280405977564
2013-10-08 05:00:00,0.3272432334831628,0.3124339810948057,0.15110721232838745
2013-10-08 06:00:00,2.2053423481112498e-07,0.010082477609890887,0.1722214787972973
2013-10-08 07:00:00,9.285885461063598e-08,1.8835759093428887e-06,0.18013195411525873
2013-10-08 08:00:00,4.078532003208761e-08,1.7613956779062548e-07,0.17776247126184347
2013-10-08 09:00:00,2.7584037649784e-08,1.3779089559862292e-07,0.1788781254925198
2013-10-08 10:00:00,2.005186789933698e-08,8.325358564868032e-08,0.18259991593067812
2013-10-08 11:00:00,3.208218814960165e-08,1.242716747820213e-07,0.16900656945493694
2013-10-08 12:00:00,4.7272476212903605e-08,2.0413167521132474e-07,0.1264571527186973
2013-10-08 13:00:00,1.0175840145854795e-07,4.780016757543748e-07,0.12769162344055626
2013-10-08 14:00:00,2.67146095955338e-07,1.0428035718163806e-05,0.13535521153250613
2013-10-08 15:00:00,5.646216540873668e-07,0.22381179202229953,0.13079890229694516
2013-10-08 16:00:00,0.3270112495544725,0.31197939122186774,0.21753957568794385
2013-10-08 17:00:00,0.3251944351820427,0.30845254618678436,0.25227171424876127
2013-10-08 18:00:00,0.32320692789776273,0.30464092576058094,0.23873034705149543
2013-10-08 19:00:00,0.3234768230093702,0.30515540283032777,0.2014677367415964
2013-10-08 20:00:00,0.3249015133202781,0.3078871186604853,0.16596044661401788
2013-10-08 21:00:00,0.3276725067648296,0.30759095069936665,0.1293322327965529
2013-10-08 22:00:00,0.00027220851537658404,0.0002067245037719673,0.13813662724439807
2013-10-08 23:00:00,0.0003534978541686483,0.0002786378237404547,0.09509313203862033
2013-10-09 00:00:00,0.0004913271573050476,0.0003892584006310956,0.08720662034516884
2013-10-09 01:00:00,0.3018867924528302,0.32505747126436785,0.08523499242180597
2013-10-09 02:00:00,0.29668874172185433,0.3230769230769231,0.08720662034516884
2013-10-09 03:00:00,0.3413785226362041,0.3413787986446366,0.11086615542552329
2013-10-09 04:00:00,0.34137835213172185,0.34137869411009436,0.12693280405977564
2013-10-09 05:00:00,0.3413782348238219,0.34137862179481104,0.15110721232838745
2013-10-09 06:00:00,3.823177651309185e-07,0.25998126658346377,0.1722214787972973
2013-10-09 07:00:00,2.0355733231703942e-07,1.7470114760241305e-05,0.18013195411525873
2013-10-09 08:00:00,1.801962436200957e-07,8.635104525223615e-06,0.17776247126184347
2013-10-09 09:00:00,2.0410516722846616e-07,3.824470182298427e-06,0.1788781254925198
2013-10-09 10:00:00,1.3527642587778507e-07,1.204269726661656e-06,0.18259991593067812
2013-10-09 11:00:00,1.9174152803754188e-07,1.7226682923621066e-06,0.16900656945493694
2013-10-09 12:00:00,2.409478672243526e-07,4.359129815975702e-06,0.1264571527186973
2013-10-09 13:00:00,2.90285231002274e-07,8.471426176475565e-06,0.12769162344055626
2013-10-09 14:00:00,3.991034340904874e-07,2.1617194806681684e-05,0.13535521153250613
2013-10-09 15:00:00,0.2576784865077764,0.27271509629058616,0.13079890229694516
2013-10-09 16:00:00,0.34137842406043944,0.3413787286888791,0.21753957568794385
2013-10-09 17:00:00,0.34137823192764827,0.34137861712813217,0.25227171424876127
2013-10-09 18:00:00,0.3413784793683581,0.34137877011259293,0.23873034705149543
2013-10-09 19:00:00,0.3413785661236926,0.3413788245832794,0.2014677367415964
2013-10-09 20:00:00,0.3413781288335106,0.34137843058712813,0.16596044661401788
2013-10-09 21:00:00,0.3413741453736995,0.34137716947852415,0.1293322327965529
2013-10-09 22:00:00,0.28793103448275864,0.3194842406876791,0.13813662724439807
2013-10-09 23:00:00,0.28571428571428575,0.3180515759312322,0.09509313203862033
2013-10-10 00:00:00,0.2702020202020202,0.3122994652406417,0.08720662034516884
2013-10-10 01:00:00,0.2837606837606838,0.3173352435530087,0.08523499242180597
2013-10-10 02:00:00,0.28183361629881154,0.31646471846044194,0.08720662034516884
2013-10-10 03:00:00,0.33167907361455745,0.33722391811815405,0.11086615542552329
2013-10-10 04:00:00,0.34137786302794093,0.34137838172700735,0.12693280405977564
2013-10-10 05:00:00,0.3413773014479142,0.3413780180554385,0.15110721232838745
2013-10-10 06:00:00,3.1722080735867684e-07,0.23678284673782724,0.1722214787972973
2013-10-10 07:00:00,1.3883355070328825e-07,1.549471188037262e-05,0.18013195411525873
2013-10-10 08:00:00,6.588703764907881e-08,3.893414810565514e-07,0.17776247126184347
2013-10-10 09:00:00,5.7678879161871425e-08,3.034537273036408e-07,0.1788781254925198
2013-10-10 10:00:00,4.5174918050665785e-08,2.148926298237699e-07,0.18259991593067812
2013-10-10 11:00:00,4.3940617805437876e-08,2.0277367821453442e-07,0.16900656945493694
2013-10-10 12:00:00,4.9206423890765917e-08,2.4179976704859323e-07,0.1264571527186973
2013-10-10 13:00:00,9.045304077408574e-08,1.2219023779608798e-06,0.12769162344055626
2013-10-10 14:00:00,1.6216215997078164e-07,8.677043363299801e-06,0.13535521153250613
2013-10-10 15:00:00,0.21234384358859468,0.206854400618047,0.13079890229694516
2013-10-10 16:00:00,0.2845195617452174,0.23895213934615336,0.21753957568794385
2013-10-10 17:00:00,0.2761565177740176,0.2265904250872881,0.25227171424876127
2013-10-10 18:00:00,0.27311744693600065,0.22223784427783358,0.23873034705149543
2013-10-10 19:00:00,0.2725511886155851,0.22143441286426074,0.2014677367415964
2013-10-10 20:00:00,0.27011613498099585,0.21740300725151943,0.16596044661401788
2013-10-10 21:00:00,0.27266568209620756,0.22097609114998393,0.1293322327965529
2013-10-10 22:00:00,0.24384215050400906,0.17335659527394223,0.13813662724439807
2013-10-10 23:00:00,3.99671349257094e-05,2.9250884839266388e-05,0.09509313203862033
2013-10-11 00:00:00,1.5062428776715736e-05,1.2268944088049792e-05,0.08720662034516884
2013-10-11 01:00:00,1.530993299229689e-05,1.2415125435998145e-05,0.08523499242180597
2013-10-11 02:00:00,1.5711684903105756e-05,1.2684036193413805e-05,0.08720662034516884
2013-10-11 03:00:00,1.6891967070576862e-05,1.3707193021257726e-05,0.11086615542552329
2013-10-11 04:00:00,0.26948567510382454,0.204139867310925,0.12693280405977564
2013-10-11 05:00:00,0.2939279092950979,0.2535737595541001,0.15110721232838745
2013-10-11 06:00:00,3.501168558771097e-07,5.274228907049332e-05,0.1722214787972973
2013-10-11 07:00:00,1.1517587903814552e-07,4.183714398341907e-06,0.18013195411525873
2013-10-11 08:00:00,4.8865751628754144e-08,1.963825963205273e-07,0.17776247126184347
2013-10-11 09:00:00,3.85948644206797e-08,1.896758739002925e-07,0.1788781254925198
2013-10-11 10:00:00,4.294034824725485e-08,1.7908179323278144e-07,0.18259991593067812
2013-10-11 11:00:00,4.785500515355337e-08,2.0157613308812992e-07,0.16900656945493694
2013-10-11 12:00:00,5.417182301164003e-08,2.2657587771246727e-07,0.1264571527186973
2013-10-11 13:00:00,6.989738044049581e-08,2.8611680174809443e-07,0.12769162344055626
2013-10-11 14:00:00,2.0792970603599925e-07,5.563857767240106e-06,0.13535521153250613
2013-10-11 15:00:00,0.23388547375609614,0.2337806717898093,0.13079890229694516
2013-10-11 16:00:00,0.31892455054536106,0.2894659488486943,0.21753957568794385
2013-10-11 17:00:00,0.32137299823916116,0.29356597634230075,0.25227171424876127
2013-10-11 18:00:00,0.3213422010299513,0.2933469197162826,0.23873034705149543
2013-10-11 19:00:00,0.3187166146272938,0.28977141658982536,0.2014677367415964
2013-10-11 20:00:00,0.3022703815360052,0.27218175931747923,0.16596044661401788
2013-10-11 21:00:00,0.00015153414288734282,0.00012106190404888352,0.1293322327965529
2013-10-11 22:00:00,8.667413690465377e-05,7.065049139522244e-05,0.13813662724439807
2013-10-11 23:00:00,8.990206058752882e-05,7.279676937643745e-05,0.09509313203862033
2013-10-12 00:00:00,0.0001065683327705327,8.662117608020852e-05,0.08720662034516884
2013-10-12 01:00:00,0.0001227159856791923,9.9527024475206e-05,0.08523499242180597
2013-10-12 02:00:00,0.00012569292008126124,0.00010217010206997993,0.08720662034516884
2013-10-12 03:00:00,0.00011351711844903182,9.056473815216259e-05,0.11086615542552329
2013-10-12 04:00:00,0.00012106143604702352,9.361425663162103e-05,0.12693280405977564
2013-10-12 05:00:00,0.00012617973641670726,9.785099070813355e-05,0.15110721232838745
2013-10-12 06:00:00,1.9753979982501927e-07,1.2077274135923746e-05,0.1722214787972973
2013-10-12 07:00:00,4.7458754095132834e-08,2.2438447527763965e-07,0.18013195411525873
2013-10-12 08:00:00,2.8017125552045067e-08,1.1027757771748445e-07,0.17776247126184347
2013-10-12 09:00:00,1.9064107988004226e-08,7.867337637976842e-08,0.1788781254925198
2013-10-12 10:00:00,1.9406223886499984e-08,7.939614930475519e-08,0.18259991593067812
2013-10-12 11:00:00,2.311273928888634e-08,9.324858545470396e-08,0.16900656945493694
2013-10-12 12:00:00,3.1695739830548655e-08,1.244503763209298e-07,0.1264571527186973
2013-10-12 13:00:00,4.9335784115818054e-08,1.9009484211862984e-07,0.12769162344055626
2013-10-12 14:00:00,1.7003862325304017e-07,7.870086514385413e-07,0.13535521153250613
2013-10-12 15:00:00,8.884841350051645e-07,2.7206848773995915e-05,0.13079890229694516
2013-10-12 16:00:00,0.057170728535764326,0.2140696566029908,0.21753957568794385
2013-10-12 17:00:00,0.31320871299280467,0.2943886864872494,0.25227171424876127
2013-10-12 18:00:00,0.0003185544706022892,0.0002476915644897404,0.23873034705149543
2013-10-12 19:00:00,0.0003365435917761411,0.0002625928239197037,0.2014677367415964
2013-10-12 20:00:00,0.0002542980218696299,0.00020459268106355768,0.16596044661401788
2013-10-12 21:00:00,0.00023209716196748064,0.00018637358920653828,0.1293322327965529
2013-10-12 22:00:00,0.00015590777929794808,0.00012502925283620968,0.13813662724439807
2013-10-12 23:00:00,0.00015910171984879625,0.00012480910826957197,0.09509313203862033
2013-10-13 00:00:00,0.00019841408243950116,0.00015420358507029777,0.08720662034516884
2013-10-13 01:00:00,0.00010100259933160047,8.272674493172218e-05,0.08523499242180597
2013-10-13 02:00:00,0.00023957138501299493,0.0001911521016475304,0.08720662034516884
2013-10-13 03:00:00,0.00035027756843680676,0.0002789049565942195,0.11086615542552329
2013-10-13 04:00:00,0.024242424242424242,0.2755806654111739,0.12693280405977564
2013-10-13 05:00:00,0.017937219730941704,0.2551143200962695,0.15110721232838745
2013-10-13 06:00:00,1.928578043594118e-07,1.0633573214560755e-06,0.1722214787972973
2013-10-13 07:00:00,4.8446060317928875e-08,2.0868488621136598e-07,0.18013195411525873
2013-10-13 08:00:00,3.415574678978676e-08,1.1770266410073553e-07,0.17776247126184347
2013-10-13 09:00:00,2.797850437622046e-08,9.641553708098169e-08,0.1788781254925198
2013-10-13 10:00:00,2.238319536543107e-08,7.713384168434547e-08,0.18259991593067812
2013-10-13 11:00:00,2.3276082369058908e-08,8.021076983990833e-08,0.16900656945493694
2013-10-13 12:00:00,2.5933661072568502e-08,8.936891248757772e-08,0.1264571527186973
2013-10-13 13:00:00,2.997777268066819e-08,1.0330513768818665e-07,0.12769162344055626
2013-10-13 14:00:00,4.482390637027048e-08,1.930821920126969e-07,0.13535521153250613
2013-10-13 15:00:00,3.7846679128947333e-07,3.463992974859236e-05,0.13079890229694516
2013-10-13 16:00:00,0.34137709139079664,0.34137783234142577,0.21753957568794385
2013-10-13 17:00:00,0.3413774785236729,0.3413779665944835,0.25227171424876127
2013-10-13 18:00:00,0.3413777094258838,0.34137817934767334,0.23873034705149543
2013-10-13 19:00:00,0.3413775400584224,0.3413779134897922,0.2014677367415964
2013-10-13 20:00:00,0.341375619599372,0.34137698696361973,0.16596044661401788
2013-10-13 21:00:00,0.32956573468173705,0.3361061946902655,0.1293322327965529
2013-10-13 22:00:00,0.2742857142857143,0.3126153846153846,0.13813662724439807
2013-10-13 23:00:00,0.26817447495961233,0.3091922005571031,0.09509313203862033
2013-10-14 00:00:00,0.267741935483871,0.30983949755757156,0.08720662034516884
2013-10-14 01:00:00,0.266025641025641,0.3085476025017374,0.08523499242180597
2013-10-14 02:00:00,0.30201342281879195,0.3237753882915173,0.08720662034516884
2013-10-14 03:00:00,0.34137635990448106,0.34137722899389483,0.11086615542552329
2013-10-14 04:00:00,0.34137766379644136,0.3413782334093003,0.12693280405977564
2013-10-14 05:00:00,0.3413767598578862,0.34137766348666376,0.15110721232838745
2013-10-14 06:00:00,2.5592098797785577e-07,0.16825416831957898,0.1722214787972973
2013-10-14 07:00:00,9.42030257150575e-08,1.4608253085619563e-06,0.18013195411525873
2013-10-14 08:00:00,4.098640631527566e-08,1.9420697541314975e-07,0.17776247126184347
2013-10-14 09:00:00,2.6871547286085688e-08,1.1575108331438873e-07,0.1788781254925198
2013-10-14 10:00:00,2.3294820679265787e-08,1.0034407984980498e-07,0.18259991593067812
2013-10-14 11:00:00,2.314221991852565e-08,9.96867397370026e-08,0.16900656945493694
2013-10-14 12:00:00,2.4937647568529485e-08,1.0742067232206907e-07,0.1264571527186973
2013-10-14 13:00:00,5.0190701074453425e-08,2.2484791935334707e-07,0.12769162344055626
2013-10-14 14:00:00,1.3107882559532973e-07,5.632111175559651e-06,0.13535521153250613
2013-10-14 15:00:00,0.24889916977881496,0.27364539276768196,0.13079890229694516
2013-10-14 16:00:00,0.3413771280050631,0.3413778976051433,0.21753957568794385
2013-10-14 17:00:00,0.341377476209281,0.341378117622668,0.25227171424876127
2013-10-14 18:00:00,0.3413778019306725,0.34137834386247645,0.23873034705149543
2013-10-14 19:00:00,0.34137795213700745,0.34137843311416394,0.2014677367415964
2013-10-14 20:00:00,0.34137842005936825,0.34137874206699875,0.16596044661401788
2013-10-14 21:00:00,0.34137852324596024,0.34137880015395955,0.1293322327965529
2013-10-14 22:00:00,0.34137349787403765,0.34137349787403765,0.13813662724439807
2013-10-14 23:00:00,0.002549807866590335,0.0017417068472560641,0.09509313203862033
2013-10-15 00:00:00,0.08213965980304387,0.07954720960058939,0.08720662034516884
2013-10-15 01:00:00,0.05659099407239916,0.24079969925048358,0.08523499242180597
2013-10-15 02:00:00,0.3059161890878211,0.2835052370917785,0.08720662034516884
2013-10-15 03:00:00,0.3301371963119111,0.31320579076046917,0.11086615542552329
2013-10-15 04:00:00,0.33146342154455694,0.32079570494366527,0.12693280405977564
2013-10-15 05:00:00,0.33041049049570365,0.31868798178496266,0.15110721232838745
2013-10-15 06:00:00,2.6435847352676247e-07,0.1971289953587873,0.1722214787972973
2013-10-15 07:00:00,9.140109364836091e-08,4.841679026842108e-06,0.18013195411525873
2013-10-15 08:00:00,5.500172571843135e-08,8.625676165250116e-07,0.17776247126184347
2013-10-15 09:00:00,4.655049215507831e-08,3.7852840450028913e-07,0.1788781254925198
2013-10-15 10:00:00,3.3278390488780416e-08,1.805894838048254e-07,0.18259991593067812
2013-10-15 11:00:00,4.851622897777648e-08,3.0039608425293087e-07,0.16900656945493694
2013-10-15 12:00:00,6.791667830548313e-08,6.193322184412643e-07,0.1264571527186973
2013-10-15 13:00:00,9.818780656687905e-08,2.955496634117881e-06,0.12769162344055626
2013-10-15 14:00:00,1.6128762036265078e-07,1.0740577696356103e-05,0.13535521153250613
2013-10-15 15:00:00,0.24856563746666907,0.26361550508165993,0.13079890229694516
2013-10-15 16:00:00,0.329725431783545,0.31732379225715185,0.21753957568794385
2013-10-15 17:00:00,0.3274862068035321,0.3129070206476418,0.25227171424876127
2013-10-15 18:00:00,0.32531020279599093,0.3086752586605854,0.23873034705149543
2013-10-15 19:00:00,0.3243896137798562,0.3069024173600766,0.2014677367415964
2013-10-15 20:00:00,0.3236121824791424,0.3054126202885397,0.16596044661401788
2013-10-15 21:00:00,0.2936100839554827,0.2526644549158316,0.1293322327965529
2013-10-15 22:00:00,0.3055733045502713,0.26392044811264737,0.13813662724439807
2013-10-15 23:00:00,0.00021448440879139543,0.0001466190438791859,0.09509313203862033
2013-10-16 00:00:00,0.0002569729990393615,0.00017397155975433206,0.08720662034516884
2013-10-16 01:00:00,0.00028502438667362675,0.00019206971103296098,0.08523499242180597
2013-10-16 02:00:00,0.011635444424890192,0.1630257363231066,0.08720662034516884
2013-10-16 03:00:00,0.002739612479795623,0.0019009365117294843,0.11086615542552329
2013-10-16 04:00:00,0.3304451636894045,0.31875631497232343,0.12693280405977564
2013-10-16 05:00:00,0.32862142327365246,0.3151378597416603,0.15110721232838745
2013-10-16 06:00:00,0.2820631279159971,0.2782770833319104,0.1722214787972973
2013-10-16 07:00:00,0.23889722186357057,0.24018694146350553,0.18013195411525873
2013-10-16 08:00:00,3.611418094188764e-07,0.17076800364964426,0.17776247126184347
2013-10-16 09:00:00,1.5613610298222106e-07,0.1509223384784216,0.1788781254925198
2013-10-16 10:00:00,8.061958976419426e-08,0.002234988290588023,0.18259991593067812
2013-10-16 11:00:00,7.139730769498854e-08,2.9573654408549e-06,0.16900656945493694
2013-10-16 12:00:00,8.379221967873266e-08,3.334117226345176e-06,0.1264571527186973
2013-10-16 13:00:00,9.788947478050823e-08,3.807971575323765e-06,0.12769162344055626
2013-10-16 14:00:00,1.3285477272799737e-07,2.160442866232195e-05,0.13535521153250613
2013-10-16 15:00:00,0.22230134748443117,0.21738772312484717,0.13079890229694516
2013-10-16 16:00:00,0.2925890441456938,0.25144322127076885,0.21753957568794385
2013-10-16 17:00:00,0.2911600634772994,0.24918881094667697,0.25227171424876127
2013-10-16 18:00:00,0.2840110677257849,0.23818252241713564,0.23873034705149543
2013-10-16 19:00:00,0.27425909673045595,0.22386334485742515,0.2014677367415964
2013-10-16 20:00:00,0.2660228159308854,0.21164111832957272,0.16596044661401788
2013-10-16 21:00:00,0.1902247526585657,0.1270205928214946,0.1293322327965529
2013-10-16 22:00:00,2.080754906703141e-05,1.6193609648157043e-05,0.13813662724439807
2013-10-16 23:00:00,2.0270627924602147e-05,1.5775748658275805e-05,0.09509313203862033
2013-10-17 00:00:00,7.108660664282521e-06,5.836818541390044e-06,0.08720662034516884
2013-10-17 01:00:00,3.284037599854831e-06,2.6453336880599845e-06,0.08523499242180597
2013-10-17 02:00:00,2.994816614187259e-06,2.3781742734677597e-06,0.08720662034516884
2013-10-17 03:00:00,1.2621548937775001e-05,1.01207355778033e-05,0.11086615542552329
2013-10-17 04:00:00,0.21066365611192217,0.14459556971160045,0.12693280405977564
2013-10-17 05:00:00,0.2810422412601486,0.23374126273608292,0.15110721232838745
2013-10-17 06:00:00,3.1554279671891594e-07,0.1900164533253799,0.1722214787972973
2013-10-17 07:00:00,4.319602088622642e-08,1.976275508173358e-07,0.18013195411525873
2013-10-17 08:00:00,2.83142528420449e-08,1.0712725522606218e-07,0.17776247126184347
2013-10-17 09:00:00,2.426437453090898e-08,7.954677390327484e-08,0.1788781254925198
2013-10-17 10:00:00,1.7107043498415944e-08,7.087285333568898e-08,0.18259991593067812
2013-10-17 11:00:00,1.7988644236598185e-08,7.43985539063799e-08,0.16900656945493694
2013-10-17 12:00:00,2.659848022135681e-08,8.728668171518155e-08,0.1264571527186973
2013-10-17 13:00:00,3.122438380825231e-08,1.221166240496788e-07,0.12769162344055626
2013-10-17 14:00:00,6.681116764167322e-08,2.812251869474175e-07,0.13535521153250613
2013-10-17 15:00:00,3.9801157397756553e-07,1.7516115998063422e-05,0.13079890229694516
2013-10-17 16:00:00,0.3257601455327774,0.3038624410116955,0.21753957568794385
2013-10-17 17:00:00,0.3152243730782362,0.2880278615495672,0.25227171424876127
2013-10-17 18:00:00,0.28908841053654566,0.2662487310834903,0.23873034705149543
2013-10-17 19:00:00,0.00010451675084333126,8.519736260561748e-05,0.2014677367415964
2013-10-17 20:00:00,0.00011511390417422317,9.362952578095208e-05,0.16596044661401788
2013-10-17 21:00:00,0.0002204845037166133,0.00017213230743886134,0.1293322327965529
2013-10-17 22:00:00,0.0001602612064579474,0.00012824169323136285,0.13813662724439807
2013-10-17 23:00:00,6.562916335005003e-05,5.29663702991642e-05,0.09509313203862033
2013-10-18 00:00:00,4.507292395457725e-05,3.6588785112852134e-05,0.08720662034516884
2013-10-18 01:00:00,2.993570866333539e-05,2.433989499275447e-05,0.08523499242180597
2013-10-18 02:00:00,8.109872157147826e-05,6.444877724227058e-05,0.08720662034516884
2013-10-18 03:00:00,0.00019572030555989084,0.00014362903801377647,0.11086615542552329
2013-10-18 04:00:00,0.00020797735454994247,0.00014782103785062947,0.12693280405977564
2013-10-18 05:00:00,0.32230846734314655,0.30291218586643487,0.15110721232838745
2013-10-18 06:00:00,2.1918296426712194e-07,8.57545873284066e-06,0.1722214787972973
2013-10-18 07:00:00,3.38050692712774e-08,1.540044488805193e-07,0.18013195411525873
2013-10-18 08:00:00,1.796159390920914e-08,6.152116935747444e-08,0.17776247126184347
2013-10-18 09:00:00,1.5521884965292677e-08,5.348930648693749e-08,0.1788781254925198
2013-10-18 10:00:00,1.483716368644347e-08,5.112970508168809e-08,0.18259991593067812
2013-10-18 11:00:00,1.5486051803475913e-08,5.3365806545206766e-08,0.16900656945493694
2013-10-18 12:00:00,1.7261555290758184e-08,5.94842964307712e-08,0.1264571527186973
2013-10-18 13:00:00,2.2196046999448844e-08,9.485059112753785e-08,0.12769162344055626
2013-10-18 14:00:00,6.072047122194557e-08,2.720199922139508e-07,0.13535521153250613
2013-10-18 15:00:00,3.832329821801454e-07,5.752106967072447e-05,0.13079890229694516
2013-10-18 16:00:00,0.3413770416916962,0.3413778526357364,0.21753957568794385
2013-10-18 17:00:00,0.3367095733724277,0.33151988231466406,0.25227171424876127
2013-10-18 18:00:00,0.33175226379174794,0.321377913024647,0.23873034705149543
2013-10-18 19:00:00,0.32919025212832065,0.31626291010269353,0.2014677367415964
2013-10-18 20:00:00,0.3305772376733491,0.3190214579174107,0.16596044661401788
2013-10-18 21:00:00,0.3317474883564048,0.3213675529594503,0.1293322327965529
2013-10-18 22:00:00,0.00027970653492740864,0.0002054347624397849,0.13813662724439807
2013-10-18 23:00:00,0.00013754736476649676,0.0001098123975955816,0.09509313203862033
2013-10-19 00:00:00,0.0001236307890116955,0.00010031367444260893,0.08720662034516884
2013-10-19 01:00:00,0.0001876265594245175,0.00015321267834913339,0.08523499242180597
2013-10-19 02:00:00,0.23093681917211326,0.29019211324570277,0.08720662034516884
2013-10-19 03:00:00,0.22245322245322244,0.28500986193293887,0.11086615542552329
2013-10-19 04:00:00,0.22267206477732793,0.28394255874673635,0.12693280405977564
2013-10-19 05:00:00,0.001085181767946131,0.0007878892319547403,0.15110721232838745
2013-10-19 06:00:00,1.3601641859629534e-07,7.87446695764547e-07,0.1722214787972973
2013-10-19 07:00:00,2.564359789115257e-08,8.697240113492024e-08,0.18013195411525873
2013-10-19 08:00:00,1.8308228622369387e-08,6.309126073578636e-08,0.17776247126184347
2013-10-19 09:00:00,1.0569170773088973e-08,3.6134809561355536e-08,0.1788781254925198
2013-10-19 10:00:00,1.01764008358916e-08,3.488511633488596e-08,0.18259991593067812
2013-10-19 11:00:00,2.4838955390776136e-08,7.082906223021044e-08,0.16900656945493694
2013-10-19 12:00:00,1.2041165445378419e-08,4.077140538662329e-08,0.1264571527186973
2013-10-19 13:00:00,1.5547434698539326e-08,5.214195059452415e-08,0.12769162344055626
2013-10-19 14:00:00,3.953236740913152e-08,1.6171162134745195e-07,0.13535521153250613
2013-10-19 15:00:00,4.3455257923251496e-07,1.6423618363105202e-05,0.13079890229694516
2013-10-19 16:00:00,6.903934660496934e-05,5.599144030856283e-05,0.21753957568794385
2013-10-19 17:00:00,5.296887365020561e-05,4.2794285771471845e-05,0.25227171424876127
2013-10-19 18:00:00,4.445327003045714e-05,3.6153616717432376e-05,0.23873034705149543
2013-10-19 19:00:00,4.9719907026272344e-05,3.949025142602227e-05,0.2014677367415964
2013-10-19 20:00:00,0.00014799919857526797,0.00010725719137268951,0.16596044661401788
2013-10-19 21:00:00,4.744448566462008e-05,3.8303514991617895e-05,0.1293322327965529
2013-10-19 22:00:00,4.263425230693683e-05,3.4342641707000625e-05,0.13813662724439807
2013-10-19 23:00:00,3.683468460412256e-05,2.9537405556979454e-05,0.09509313203862033
2013-10-20 00:00:00,3.394417068527932e-05,2.7260772656839232e-05,0.08720662034516884
2013-10-20 01:00:00,2.2663146324604244e-05,1.8582636522937094e-05,0.08523499242180597
2013-10-20 02:00:00,1.9849664313819794e-05,1.63594544780854e-05,0.08720662034516884
2013-10-20 03:00:00,3.248722808928435e-05,2.5913358626270147e-05,0.11086615542552329
2013-10-20 04:00:00,3.38428632785243e-05,2.7056623905285298e-05,0.12693280405977564
2013-10-20 05:00:00,3.307964254739711e-05,2.6386627835350092e-05,0.15110721232838745
2013-10-20 06:00:00,1.5043980324279013e-07,4.642356846007756e-07,0.1722214787972973
2013-10-20 07:00:00,2.869698059457561e-08,1.0896216731852677e-07,0.18013195411525873
2013-10-20 08:00:00,1.4048921421102068e-08,4.4747658055803975e-08,0.17776247126184347
2013-10-20 09:00:00,1.2608412171212958e-08,4.019750703402357e-08,0.1788781254925198
2013-10-20 10:00:00,1.2032179172816442e-08,3.8116051274283914e-08,0.18259991593067812
2013-10-20 11:00:00,1.2819100336437929e-08,3.9413915082719955e-08,0.16900656945493694
2013-10-20 12:00:00,1.5303312065988984e-08,4.4801826875134116e-08,0.1264571527186973
2013-10-20 13:00:00,2.965535407499311e-08,1.038713977918603e-07,0.12769162344055626
2013-10-20 14:00:00,7.082488665406468e-08,2.4666600066846487e-07,0.13535521153250613
2013-10-20 15:00:00,6.319347931764314e-07,1.2703333699347064e-05,0.13079890229694516
2013-10-20 16:00:00,0.18815170111642388,0.14464059866440906,0.21753957568794385
2013-10-20 17:00:00,0.206402166321212,0.15226038497738686,0.25227171424876127
2013-10-20 18:00:00,0.05535021753161601,0.08949616343941988,0.23873034705149543
2013-10-20 19:00:00,1.9271948131055484e-05,1.543092257134601e-05,0.2014677367415964
2013-10-20 20:00:00,1.7522159726519198e-05,1.417742171058046e-05,0.16596044661401788
2013-10-20 21:00:00,1.7051990285707125e-05,1.3704398652067449e-05,0.1293322327965529
2013-10-20 22:00:00,1.241056122212588e-05,1.0192780641700531e-05,0.13813662724439807
2013-10-20 23:00:00,8.342169759695661e-06,6.908436680693034e-06,0.09509313203862033
2013-10-21 00:00:00,4.05781688160646e-06,3.2698314515499517e-06,0.08720662034516884
2013-10-21 01:00:00,3.328483965773024e-06,2.631878288893805e-06,0.08523499242180597
2013-10-21 02:00:00,3.632496157679394e-06,2.8722690465905016e-06,0.08720662034516884
2013-10-21 03:00:00,1.28689933973318e-05,1.0549291866582318e-05,0.11086615542552329
2013-10-21 04:00:00,0.012831166805625406,0.023000006785617807,0.12693280405977564
2013-10-21 05:00:00,0.10887252255486186,0.13396802793245904,0.15110721232838745
2013-10-21 06:00:00,4.266954999039135e-07,0.00013239550245975522,0.1722214787972973
2013-10-21 07:00:00,9.479216940088675e-08,3.4880303877207377e-07,0.18013195411525873
2013-10-21 08:00:00,3.9286378646438896e-08,1.4875998879936458e-07,0.17776247126184347
2013-10-21 09:00:00,3.4625513643525766e-08,1.0846996979057105e-07,0.1788781254925198
2013-10-21 10:00:00,3.128693292069067e-08,1.2770582571415547e-07,0.18259991593067812
2013-10-21 11:00:00,2.988952324088275e-08,1.2126885837868616e-07,0.16900656945493694
2013-10-21 12:00:00,3.501923355528018e-08,1.4000763937683499e-07,0.1264571527186973
2013-10-21 13:00:00,5.772447160137108e-08,1.8202923023103685e-07,0.12769162344055626
2013-10-21 14:00:00,1.6811789637342556e-07,1.501264091173055e-06,0.13535521153250613
2013-10-21 15:00:00,0.25590618002258636,0.24572771781473488,0.13079890229694516
2013-10-21 16:00:00,0.32234740666878187,0.3030080898151768,0.21753957568794385
2013-10-21 17:00:00,0.32130019860597087,0.3010300498232567,0.25227171424876127
2013-10-21 18:00:00,0.3195786835326467,0.29780443856063166,0.23873034705149543
2013-10-21 19:00:00,0.3176273345264249,0.2938978402369005,0.2014677367415964
2013-10-21 20:00:00,0.31780075048794343,0.2873593882494374,0.16596044661401788
2013-10-21 21:00:00,0.12797731348176458,0.16935302084318138,0.1293322327965529
2013-10-21 22:00:00,3.596818332506354e-05,2.897243686059623e-05,0.13813662724439807
2013-10-21 23:00:00,2.113939355623869e-05,1.7393420775342897e-05,0.09509313203862033
2013-10-22 00:00:00,2.5857988314118986e-05,2.0873886414399176e-05,0.08720662034516884
2013-10-22 01:00:00,2.7698592266477152e-05,2.2289150479527415e-05,0.08523499242180597
2013-10-22 02:00:00,2.166852941766131e-05,1.7828841418601358e-05,0.08720662034516884
2013-10-22 03:00:00,4.174190928949203e-05,3.3617440815802684e-05,0.11086615542552329
2013-10-22 04:00:00,0.3152271339055081,0.27998228092446065,0.12693280405977564
2013-10-22 05:00:00,0.3206406026755198,0.29946931951131106,0.15110721232838745
2013-10-22 06:00:00,2.9060949893473464e-07,0.11638002831765627,0.1722214787972973
2013-10-22 07:00:00,4.3567591005754036e-08,1.6747100788186432e-07,0.18013195411525873
2013-10-22 08:00:00,2.278598634496601e-08,7.669981408923813e-08,0.17776247126184347
2013-10-22 09:00:00,2.0171850177697863e-08,6.772927387846206e-08,0.1788781254925198
2013-10-22 10:00:00,1.9037628825254554e-08,6.355040175213541e-08,0.18259991593067812
2013-10-22 11:00:00,2.072178537245026e-08,6.764267950714122e-08,0.16900656945493694
2013-10-22 12:00:00,2.253072712401764e-08,7.317616771494678e-08,0.1264571527186973
2013-10-22 13:00:00,2.882404829549999e-08,1.165553022195844e-07,0.12769162344055626
2013-10-22 14:00:00,1.3076467274023895e-07,5.678621097608025e-06,0.13535521153250613
2013-10-22 15:00:00,7.436459865844405e-07,2.2896176164814855e-05,0.13079890229694516
2013-10-22 16:00:00,0.023533254687232222,0.06342655419312525,0.21753957568794385
2013-10-22 17:00:00,0.0001760417606861451,0.00012520334334399633,0.25227171424876127
2013-10-22 18:00:00,0.00026995777269339286,0.00019098049908198284,0.23873034705149543
2013-10-22 19:00:00,6.12420399100072e-05,4.947779984015035e-05,0.2014677367415964
2013-10-22 20:00:00,0.00011043260805129253,8.366655828208126e-05,0.16596044661401788
2013-10-22 21:00:00,5.01337855878258e-05,4.06742893297781e-05,0.1293322327965529
2013-10-22 22:00:00,3.5137305448596266e-05,2.8755826381075818e-05,0.13813662724439807
2013-10-22 23:00:00,3.3335483426844324e-05,2.7199758036164436e-05,0.09509313203862033
2013-10-23 00:00:00,2.949263254212118e-05,2.4053840687168332e-05,0.08720662034516884
2013-10-23 01:00:00,3.563547070354031e-05,2.86715889280327e-05,0.08523499242180597
2013-10-23 02:00:00,2.7046247492256024e-05,2.2058589525980717e-05,0.08720662034516884
2013-10-23 03:00:00,3.693421948760668e-05,2.975102072743586e-05,0.11086615542552329
2013-10-23 04:00:00,3.561984102392881e-05,2.8756848530521817e-05,0.12693280405977564
2013-10-23 05:00:00,3.3899701946512765e-05,2.72045191220016e-05,0.15110721232838745
2013-10-23 06:00:00,2.6643154970510357e-07,3.049656579898758e-06,0.1722214787972973
2013-10-23 07:00:00,2.7709592936381404e-08,1.0467568489562317e-07,0.18013195411525873
2013-10-23 08:00:00,1.9762639761141362e-08,5.780932538940007e-08,0.17776247126184347
2013-10-23 09:00:00,1.1383758126331315e-08,3.6657796518546745e-08,0.1788781254925198
2013-10-23 10:00:00,1.6419966072299837e-08,4.84287375353675e-08,0.18259991593067812
2013-10-23 11:00:00,1.7021209573223013e-08,5.4618010848912027e-08,0.16900656945493694
2013-10-23 12:00:00,1.9429898664594074e-08,6.152071864771267e-08,0.1264571527186973
2013-10-23 13:00:00,2.5742556042230973e-08,9.947969202997357e-08,0.12769162344055626
2013-10-23 14:00:00,9.148014741293916e-08,4.6973208606789166e-07,0.13535521153250613
2013-10-23 15:00:00,6.962468292484243e-07,1.687493907318315e-05,0.13079890229694516
2013-10-23 16:00:00,0.015678878791715627,0.07806861984513701,0.21753957568794385
2013-10-23 17:00:00,0.018137522939398115,0.059270894158871316,0.25227171424876127
2013-10-23 18:00:00,9.513131519043252e-05,7.124080534175962e-05,0.23873034705149543
2013-10-23 19:00:00,0.0011043626433087947,0.0007960912891286731,0.2014677367415964
2013-10-23 20:00:00,4.7780272398929314e-05,3.8595092325250105e-05,0.16596044661401788
2013-10-23 21:00:00,4.437236223577188e-05,3.600790353522563e-05,0.1293322327965529
2013-10-23 22:00:00,4.3811587626890274e-05,3.5106063810352116e-05,0.13813662724439807
2013-10-23 23:00:00,3.8513968915172984e-05,3.0987850021851395e-05,0.09509313203862033
2013-10-24 00:00:00,4.259386366114786e-05,3.431014443028776e-05,0.08720662034516884
2013-10-24 01:00:00,4.3561721842660825e-05,3.5089802690433736e-05,0.08523499242180597
2013-10-24 02:00:00,3.331488780223379e-05,2.7317001329625357e-05,0.08720662034516884
2013-10-24 03:00:00,5.316060619743785e-05,4.320750582699888e-05,0.11086615542552329
2013-10-24 04:00:00,0.00012025817291021624,9.12439041222542e-05,0.12693280405977564
2013-10-24 05:00:00,0.31000521844702034,0.27512305740680904,0.15110721232838745
2013-10-24 06:00:00,3.4350872001179615e-07,0.0002013118433991778,0.1722214787972973
2013-10-24 07:00:00,6.890113886830238e-08,3.149714841652921e-07,0.18013195411525873
2013-10-24 08:00:00,3.089289582333712e-08,1.2623419594152687e-07,0.17776247126184347
2013-10-24 09:00:00,2.684556503480411e-08,8.910009306950221e-08,0.1788781254925198
2013-10-24 10:00:00,2.6075655332717937e-08,8.754384004007058e-08,0.18259991593067812
2013-10-24 11:00:00,2.59790094453097e-08,8.727035161508294e-08,0.16900656945493694
2013-10-24 12:00:00,2.980526077159144e-08,1.254017296660573e-07,0.1264571527186973
2013-10-24 13:00:00,5.4801153739649917e-08,2.1848644641178329e-07,0.12769162344055626
2013-10-24 14:00:00,2.001182248442824e-07,9.153817186495647e-06,0.13535521153250613
2013-10-24 15:00:00,0.24031415350308663,0.25946888376607785,0.13079890229694516
2013-10-24 16:00:00,0.3387395137843075,0.33577018130135194,0.21753957568794385
2013-10-24 17:00:00,0.34137723220718746,0.3413779709409488,0.25227171424876127
2013-10-24 18:00:00,0.34137738924076455,0.34137806837108725,0.23873034705149543
2013-10-24 19:00:00,0.34137721516143604,0.341377802060991,0.2014677367415964
2013-10-24 20:00:00,0.34137777424410887,0.34137812012900864,0.16596044661401788
2013-10-24 21:00:00,0.31021671826625397,0.32763764578247906,0.1293322327965529
2013-10-24 22:00:00,0.0012266886432557762,0.0008711896165623143,0.13813662724439807
2013-10-24 23:00:00,0.0004929447285723089,0.00039464602265268167,0.09509313203862033
2013-10-25 00:00:00,0.0004989390376784998,0.00039138504616015925,0.08720662034516884
2013-10-25 01:00:00,0.00037778360916815225,0.00030667921490120986,0.08523499242180597
2013-10-25 02:00:00,0.0002925175072603896,0.00023744077800550798,0.08720662034516884
2013-10-25 03:00:00,0.00032404132120638377,0.00025548867180567766,0.11086615542552329
2013-10-25 04:00:00,0.33734356412930677,0.332840982857162,0.12693280405977564
2013-10-25 05:00:00,0.3373047967800859,0.3327605545558373,0.15110721232838745
2013-10-25 06:00:00,2.9217375704809847e-07,0.0788025294472568,0.1722214787972973
2013-10-25 07:00:00,4.8038132746635296e-08,2.1244368454972662e-07,0.18013195411525873
2013-10-25 08:00:00,2.029703204416261e-08,8.74309045947033e-08,0.17776247126184347
2013-10-25 09:00:00,1.732596947288926e-08,7.463283704122039e-08,0.1788781254925198
2013-10-25 10:00:00,1.6704918982228756e-08,7.19576116706458e-08,0.18259991593067812
2013-10-25 11:00:00,1.7271201911576627e-08,7.439691369462528e-08,0.16900656945493694
2013-10-25 12:00:00,1.958258480262827e-08,8.367957290749313e-08,0.1264571527186973
2013-10-25 13:00:00,3.451539143555959e-08,1.3914140001645384e-07,0.12769162344055626
2013-10-25 14:00:00,1.265228207630275e-07,4.838548861556875e-06,0.13535521153250613
2013-10-25 15:00:00,8.579904597895801e-07,0.23144269851722876,0.13079890229694516
2013-10-25 16:00:00,0.33460074679462065,0.3266523287898566,0.21753957568794385
2013-10-25 17:00:00,0.33233186141703946,0.318553383341375,0.25227171424876127
2013-10-25 18:00:00,0.3315609359769387,0.31928215457192505,0.23873034705149543
2013-10-25 19:00:00,0.00013506994693680656,0.00010717474962898743,0.2014677367415964
2013-10-25 20:00:00,0.00010836969447320384,8.701675063695562e-05,0.16596044661401788
2013-10-25 21:00:00,0.00011321651904490547,9.05637145703894e-05,0.1293322327965529
2013-10-25 22:00:00,7.645858206303203e-05,6.008094640110818e-05,0.13813662724439807
2013-10-25 23:00:00,7.21083884643954e-05,5.8086131159528414e-05,0.09509313203862033
2013-10-26 00:00:00,8.569422648054844e-05,6.872110184591395e-05,0.08720662034516884
2013-10-26 01:00:00,8.586958995718934e-05,6.870654641259338e-05,0.08523499242180597
2013-10-26 02:00:00,8.404395194913619e-05,6.724596581257698e-05,0.08720662034516884
2013-10-26 03:00:00,9.072942081835751e-05,7.276069516520784e-05,0.11086615542552329
2013-10-26 04:00:00,0.00010190090960290985,8.141664970486466e-05,0.12693280405977564
2013-10-26 05:00:00,0.00014341996472001052,0.00011143537503068944,0.15110721232838745
2013-10-26 06:00:00,2.704302835558105e-07,3.1944553004762215e-06,0.1722214787972973
2013-10-26 07:00:00,2.9256877933605434e-08,1.2196469809870942e-07,0.18013195411525873
2013-10-26 08:00:00,1.3742291845436707e-08,4.677178371709923e-08,0.17776247126184347
2013-10-26 09:00:00,2.4472202502385492e-08,7.177818051517944e-08,0.1788781254925198
2013-10-26 10:00:00,2.4635909587591428e-08,7.218555687195943e-08,0.18259991593067812
2013-10-26 11:00:00,2.5548648279781408e-08,7.440522278532713e-08,0.16900656945493694
2013-10-26 12:00:00,2.650010221751928e-08,7.848613509557468e-08,0.1264571527186973
2013-10-26 13:00:00,2.6926148091911734e-08,6.785775831623972e-08,0.12769162344055626
2013-10-26 14:00:00,6.499230458617549e-08,2.164158422834923e-07,0.13535521153250613
2013-10-26 15:00:00,9.410071999989651e-07,4.10304369654238e-05,0.13079890229694516
2013-10-26 16:00:00,0.00020307993377244478,0.00015940575954196065,0.21753957568794385
2013-10-26 17:00:00,0.00016039294989580874,0.00012590760001797029,0.25227171424876127
2013-10-26 18:00:00,0.0001503148070333665,0.00011669805422250179,0.23873034705149543
2013-10-26 19:00:00,0.00010266073701029005,8.111938487076493e-05,0.2014677367415964
2013-10-26 20:00:00,0.00011117107506083096,8.6892228854682e-05,0.16596044661401788
2013-10-26 21:00:00,0.00010650837882982113,8.370941016872374e-05,0.1293322327965529
2013-10-26 22:00:00,8.92414370970776e-05,7.113790621069248e-05,0.13813662724439807
2013-10-26 23:00:00,7.658921466987973e-05,6.100321168045131e-05,0.09509313203862033
2013-10-27 00:00:00,8.043083795851028e-05,6.391791483745922e-05,0.08720662034516884
2013-10-27 01:00:00,8.974332315147907e-05,7.120277102109708e-05,0.08523499242180597
2013-10-27 02:00:00,8.033698838540633e-05,6.415225829454936e-05,0.08720662034516884
2013-10-27 03:00:00,9.080787640002357e-05,7.194270780444419e-05,0.11086615542552329
2013-10-27 04:00:00,9.597107606260339e-05,7.638518057579045e-05,0.12693280405977564
2013-10-27 05:00:00,7.9738226650835e-05,6.346575601294471e-05,0.15110721232838745
2013-10-27 06:00:00,2.1267372944779565e-07,7.312864980520637e-07,0.1722214787972973
2013-10-27 07:00:00,3.10564063325793e-08,8.357307523560796e-08,0.18013195411525873
2013-10-27 08:00:00,2.7044768760803965e-08,7.925704760602305e-08,0.17776247126184347
2013-10-27 09:00:00,2.6111244292963255e-08,7.393951169366777e-08,0.1788781254925198
2013-10-27 10:00:00,2.5682106145351762e-08,7.293022960022511e-08,0.18259991593067812
2013-10-27 11:00:00,2.6412172356011472e-08,7.306554094100637e-08,0.16900656945493694
2013-10-27 12:00:00,2.8028132845950257e-08,7.688069570033464e-08,0.1264571527186973
2013-10-27 13:00:00,2.9199232083555585e-08,8.328950223278335e-08,0.12769162344055626
2013-10-27 14:00:00,5.680501123205486e-08,2.0221689028709132e-07,0.13535521153250613
2013-10-27 15:00:00,1.139532800098456e-06,1.830352908680366e-05,0.13079890229694516
2013-10-27 16:00:00,2.5716600640555135e-05,2.0818467598964313e-05,0.21753957568794385
2013-10-27 17:00:00,2.1676322148567432e-05,1.762870927348891e-05,0.25227171424876127
2013-10-27 18:00:00,1.96491647516575e-05,1.6015356641133545e-05,0.23873034705149543
2013-10-27 19:00:00,1.9692302467634168e-05,1.6050501610063728e-05,0.2014677367415964
2013-10-27 20:00:00,2.060738104304372e-05,1.6738891695526226e-05,0.16596044661401788
2013-10-27 21:00:00,1.8148804548025213e-05,1.4727092766414492e-05,0.1293322327965529
2013-10-27 22:00:00,2.045815924384672e-05,1.6515959768158883e-05,0.13813662724439807
2013-10-27 23:00:00,2.5555422475778545e-05,2.0584908375647655e-05,0.09509313203862033
2013-10-28 00:00:00,3.190605626921331e-05,2.5642851561329124e-05,0.08720662034516884
2013-10-28 01:00:00,3.586899330133921e-05,2.907047350715908e-05,0.08523499242180597
2013-10-28 02:00:00,5.052756906659349e-05,4.1132303295801714e-05,0.08720662034516884
2013-10-28 03:00:00,5.532374388439337e-05,4.4565533617184075e-05,0.11086615542552329
2013-10-28 04:00:00,5.794211931329513e-05,4.6780136818264735e-05,0.12693280405977564
2013-10-28 05:00:00,7.246680980511575e-05,5.6762955043739604e-05,0.15110721232838745
2013-10-28 06:00:00,5.579573293763e-07,1.6316780628106638e-05,0.1722214787972973
2013-10-28 07:00:00,6.20776325180145e-08,1.8618598874796615e-07,0.18013195411525873
2013-10-28 08:00:00,2.795536162403505e-08,8.952009908621686e-08,0.17776247126184347
2013-10-28 09:00:00,1.4446600190202493e-08,4.6802768884569144e-08,0.1788781254925198
2013-10-28 10:00:00,2.2695197965048694e-08,6.600995453217828e-08,0.18259991593067812
2013-10-28 11:00:00,2.275732325541962e-08,6.585100646760599e-08,0.16900656945493694
2013-10-28 12:00:00,1.8239963870279566e-08,5.5170858735864465e-08,0.1264571527186973
2013-10-28 13:00:00,3.42652166373206e-08,1.2106741654425473e-07,0.12769162344055626
2013-10-28 14:00:00,1.7056032071480468e-07,5.707751248222871e-06,0.13535521153250613
2013-10-28 15:00:00,1.3129822654620566e-05,1.5214969640906474e-05,0.13079890229694516
2013-10-28 16:00:00,2.1007578829996104e-05,1.7160472492064983e-05,0.21753957568794385
2013-10-28 17:00:00,2.002278040884839e-05,1.6355941603812474e-05,0.25227171424876127
2013-10-28 18:00:00,1.940628617253304e-05,1.5852304567185118e-05,0.23873034705149543
2013-10-28 19:00:00,1.9789794462246705e-05,1.612997182346732e-05,0.2014677367415964
2013-10-28 20:00:00,1.985885231530435e-05,1.6186249491633852e-05,0.16596044661401788
2013-10-28 21:00:00,2.0368576092609454e-05,1.652840769681403e-05,0.1293322327965529
2013-10-28 22:00:00,1.825787934731381e-05,1.48718163448334e-05,0.13813662724439807
2013-10-28 23:00:00,1.426952386440659e-05,1.1774475457012904e-05,0.09509313203862033
2013-10-29 00:00:00,1.071216878569235e-05,8.875857381813243e-06,0.08720662034516884
2013-10-29 01:00:00,1.0455340873753915e-05,8.647352324840676e-06,0.08523499242180597
2013-10-29 02:00:00,1.1676412300790578e-05,9.630349247300497e-06,0.08720662034516884
2013-10-29 03:00:00,1.3305396572831616e-05,1.0963422272653966e-05,0.11086615542552329
2013-10-29 04:00:00,2.4817176373867598e-05,2.0201896944564772e-05,0.12693280405977564
2013-10-29 05:00:00,2.6883035152969328e-05,2.1897987107827732e-05,0.15110721232838745
2013-10-29 06:00:00,4.2056435636121204e-07,1.0727461903198943e-05,0.1722214787972973
2013-10-29 07:00:00,6.051700158590855e-08,2.2933152295500936e-07,0.18013195411525873
2013-10-29 08:00:00,2.365529485414307e-08,9.344472251586536e-08,0.17776247126184347
2013-10-29 09:00:00,1.9059642232980417e-08,7.712013547971832e-08,0.1788781254925198
2013-10-29 10:00:00,1.740734655476234e-08,7.081731347345183e-08,0.18259991593067812
2013-10-29 11:00:00,1.790882142637184e-08,7.315962429196849e-08,0.16900656945493694
2013-10-29 12:00:00,2.088938535685281e-08,8.572606251582253e-08,0.1264571527186973
2013-10-29 13:00:00,4.720902153071288e-08,2.2444243951131144e-07,0.12769162344055626
2013-10-29 14:00:00,1.4439330975980192e-07,6.480157959286632e-06,0.13535521153250613
2013-10-29 15:00:00,1.2841800574542158e-06,3.847363185807384e-05,0.13079890229694516
2013-10-29 16:00:00,0.3096321715041268,0.2823096899670503,0.21753957568794385
2013-10-29 17:00:00,0.2991067442947387,0.2665210926018564,0.25227171424876127
2013-10-29 18:00:00,0.2752838049046382,0.24514999259977913,0.23873034705149543
2013-10-29 19:00:00,0.16290424340155008,0.19763271569301133,0.2014677367415964
2013-10-29 20:00:00,0.02347947761828894,0.11368769055599523,0.16596044661401788
2013-10-29 21:00:00,0.0001433515745148836,0.0001062625537829911,0.1293322327965529
2013-10-29 22:00:00,7.071760691618196e-05,5.682140374506176e-05,0.13813662724439807
2013-10-29 23:00:00,7.653494377722756e-05,6.24465682031518e-05,0.09509313203862033
2013-10-30 00:00:00,8.520484799508705e-05,6.908265957611267e-05,0.08720662034516884
2013-10-30 01:00:00,8.66712130129301e-05,6.971258142102001e-05,0.08523499242180597
2013-10-30 02:00:00,8.245610570181503e-05,6.617371698658542e-05,0.08720662034516884
2013-10-30 03:00:00,6.756472566484139e-05,5.458935827520217e-05,0.11086615542552329
2013-10-30 04:00:00,6.912017059023659e-05,5.59683950204546e-05,0.12693280405977564
2013-10-30 05:00:00,7.296240017111602e-05,5.88525959418481e-05,0.15110721232838745
2013-10-30 06:00:00,4.379606559139661e-07,0.18004345728788942,0.1722214787972973
2013-10-30 07:00:00,6.723766053445307e-08,3.7478717576371705e-07,0.18013195411525873
2013-10-30 08:00:00,4.283582912543598e-08,1.9231114684796133e-07,0.17776247126184347
2013-10-30 09:00:00,4.136212039022142e-08,1.6071581810335964e-07,0.1788781254925198
2013-10-30 10:00:00,3.04904793021022e-08,1.205995495655064e-07,0.18259991593067812
2013-10-30 11:00:00,3.2275834618924656e-08,1.2420675459682368e-07,0.16900656945493694
2013-10-30 12:00:00,5.3063688431777637e-08,2.122108823264517e-07,0.1264571527186973
2013-10-30 13:00:00,9.739443208108702e-08,4.404401693615776e-07,0.12769162344055626
2013-10-30 14:00:00,2.9813234989408857e-07,8.245755543245894e-06,0.13535521153250613
2013-10-30 15:00:00,0.2727798216238473,0.22811545063988944,0.13079890229694516
2013-10-30 16:00:00,0.2642726464188655,0.20118341357713465,0.21753957568794385
2013-10-30 17:00:00,0.2982591506776018,0.260574537168039,0.25227171424876127
2013-10-30 18:00:00,0.22840697293235943,0.17713106788497981,0.23873034705149543
2013-10-30 19:00:00,0.1123906904596579,0.1295260876399011,0.2014677367415964
2013-10-30 20:00:00,0.13142950653974214,0.1368214203550815,0.16596044661401788
2013-10-30 21:00:00,2.960175824294789e-05,2.404119838004001e-05,0.1293322327965529
2013-10-30 22:00:00,3.296539775054439e-05,2.645151879308471e-05,0.13813662724439807
2013-10-30 23:00:00,2.6401148466774323e-05,2.1676785784394198e-05,0.09509313203862033
2013-10-31 00:00:00,2.0206242801526002e-05,1.6522529165249978e-05,0.08720662034516884
2013-10-31 01:00:00,2.7131264513930438e-05,2.196479163331489e-05,0.08523499242180597
2013-10-31 02:00:00,2.766447676783055e-05,2.2343563420325154e-05,0.08720662034516884
2013-10-31 03:00:00,2.303928159743048e-05,1.8839235272314336e-05,0.11086615542552329
2013-10-31 04:00:00,3.294840260422596e-05,2.6737197536193926e-05,0.12693280405977564
2013-10-31 05:00:00,0.013090156999153897,0.011076403288782318,0.15110721232838745
2013-10-31 06:00:00,8.523403454663271e-07,0.10435045955602491,0.1722214787972973
2013-10-31 07:00:00,1.1863252666141473e-07,4.3453689915204125e-07,0.18013195411525873
2013-10-31 08:00:00,4.9490462692934444e-08,1.5441823579507616e-07,0.17776247126184347
2013-10-31 09:00:00,4.445936500734091e-08,1.439868102322355e-07,0.1788781254925198
2013-10-31 10:00:00,3.912565992109424e-08,1.3034745548080418e-07,0.18259991593067812
2013-10-31 11:00:00,4.048971937682219e-08,1.357112768821845e-07,0.16900656945493694
2013-10-31 12:00:00,4.765982778852012e-08,1.6082808881870588e-07,0.1264571527186973
2013-10-31 13:00:00,8.532304360180308e-08,3.414902288502161e-07,0.12769162344055626
2013-10-31 14:00:00,3.096754334362528e-07,1.6773637790532417e-05,0.13535521153250613
2013-10-31 15:00:00,2.4042405995695206e-06,0.25637843713172437,0.13079890229694516
2013-10-31 16:00:00,0.33716865553594066,0.3319959956419242,0.21753957568794385
2013-10-31 17:00:00,0.3358441210103918,0.3286115094104135,0.25227171424876127
2013-10-31 18:00:00,0.33502551272050857,0.327655240504053,0.23873034705149543
2013-10-31 19:00:00,0.0034554294490658157,0.0024259161296682776,0.2014677367415964
2013-10-31 20:00:00,0.32821518482214984,0.31283241215215263,0.16596044661401788
2013-10-31 21:00:00,0.0007202572347266883,0.0005101433815986677,0.1293322327965529
2013-10-31 22:00:00,0.00029688506306844065,0.00023512592456895943,0.13813662724439807
2013-10-31 23:00:00,0.2630744849445325,0.306999306999307,0.09509313203862033
2013-11-01 00:00:00,0.2614173228346457,0.30598052851182206,0.10619790987552778
2013-11-01 01:00:00,0.2585669781931464,0.3041057759220599,0.0994964344007974
2013-11-01 02:00:00,0.2542113323124043,0.30221300138312596,0.09745908554665576
2013-11-01 03:00:00,0.24665676077265974,0.2983651226158038,0.09745908554665576
2013-11-01 04:00:00,0.23446327683615822,0.2911978821972204,0.11842200300037758
2013-11-01 05:00:00,0.2155844155844156,0.27992400253324895,0.1373506815604874
2013-11-01 06:00:00,4.4732932093843425e-07,1.3632370048228241e-05,0.16755846588465712
2013-11-01 07:00:00,4.153694850718492e-08,1.6997720534107025e-07,0.2038907092126052
2013-11-01 08:00:00,2.0585027440493437e-08,7.093719622623574e-08,0.21356693190977333
2013-11-01 09:00:00,1.756549890566356e-08,6.05317587892946e-08,0.2122480232594053
2013-11-01 10:00:00,1.7031415240209947e-08,5.869126978611092e-08,0.2182640480058083
2013-11-01 11:00:00,1.8199058756813802e-08,6.271503974542126e-08,0.21675757020661643
2013-11-01 12:00:00,2.06073942916405e-08,7.101431449740186e-08,0.2103318988041106
2013-11-01 13:00:00,2.63710578905462e-08,1.1359520860862658e-07,0.187598727193826
2013-11-01 14:00:00,1.124101423431968e-07,1.0099314165259311e-06,0.18825649147134363
2013-11-01 15:00:00,1.3576921405917366e-06,7.615890167461877e-05,0.21903842816492797
2013-11-01 16:00:00,0.34132475079087454,0.34136769893095253,0.2509047160940418
2013-11-01 17:00:00,0.34135233071104537,0.3413708561873667,0.2514342273340249
2013-11-01 18:00:00,0.3413436081873636,0.3413719170464705,0.24840393891389728
2013-11-01 19:00:00,0.34104074273269913,0.34125716253575294,0.2415309292277407
2013-11-01 20:00:00,0.00212659125143988,0.0015643597811547682,0.2345354279384843
2013-11-01 21:00:00,0.00025203483121367373,0.00020158083138836584,0.20074581595486715
2013-11-01 22:00:00,0.00020486104355528902,0.00016372483633535662,0.15025428543283495
2013-11-01 23:00:00,0.00014965526157791553,0.00012002073617685788,0.13275430021124038
2013-11-02 00:00:00,0.00013175012287474033,0.0001062129099421211,0.10619790987552778
2013-11-02 01:00:00,0.00011441552963362216,9.258518976649891e-05,0.0994964344007974
2013-11-02 02:00:00,9.962690618486221e-05,8.031355271482218e-05,0.09745908554665576
2013-11-02 03:00:00,0.00014284456612365592,0.0001080312058448384,0.09745908554665576
2013-11-02 04:00:00,5.3464927487791906e-05,4.3386869459395764e-05,0.11842200300037758
2013-11-02 05:00:00,4.594227210751218e-05,3.712565098581083e-05,0.1373506815604874
2013-11-02 06:00:00,5.857651740637826e-07,2.1507034906110536e-05,0.16755846588465712
2013-11-02 07:00:00,1.0397500607214035e-07,6.483347923067298e-07,0.2038907092126052
2013-11-02 08:00:00,5.9121808674235893e-08,2.232601721198536e-07,0.21356693190977333
2013-11-02 09:00:00,3.959305701695179e-08,1.6381068202905087e-07,0.2122480232594053
2013-11-02 10:00:00,4.038045250940789e-08,1.618233394757305e-07,0.2182640480058083
2013-11-02 11:00:00,5.449029303108659e-08,2.1697444023916838e-07,0.21675757020661643
2013-11-02 12:00:00,7.435369905935137e-08,2.808110835011414e-07,0.2103318988041106
2013-11-02 13:00:00,1.4018957555923726e-07,4.076764978463295e-07,0.187598727193826
2013-11-02 14:00:00,5.485162258984541e-07,9.216043129413785e-06,0.18825649147134363
2013-11-02 15:00:00,0.04986565940002765,0.08541095085984426,0.21903842816492797
2013-11-02 16:00:00,0.0799325331060478,0.09901691830992469,0.2509047160940418
2013-11-02 17:00:00,0.07712933174165058,0.09993897292310386,0.2514342273340249
2013-11-02 18:00:00,0.0011026767736255082,0.0008100761430261593,0.24840393891389728
2013-11-02 19:00:00,2.9224491585172955e-05,2.326215550003692e-05,0.2415309292277407
2013-11-02 20:00:00,3.054920587841302e-05,2.4306044124520207e-05,0.2345354279384843
2013-11-02 21:00:00,2.2393164158118272e-05,1.813103370583341e-05,0.20074581595486715
2013-11-02 22:00:00,2.3233709705434353e-05,1.888286291453667e-05,0.15025428543283495
2013-11-02 23:00:00,2.2602057822054817e-05,1.8246744009677815e-05,0.13275430021124038
2013-11-03 00:00:00,2.4088444642504992e-05,1.940316137234331e-05,0.10619790987552778
2013-11-03 01:00:00,2.3737602822429578e-05,1.916354396144914e-05,0.0994964344007974
2013-11-03 02:00:00,2.3355768002372722e-05,1.881304006636395e-05,0.09745908554665576
2013-11-03 03:00:00,2.1760175339822497e-05,1.752778577469327e-05,0.09745908554665576
2013-11-03 04:00:00,2.1538307436762364e-05,1.7349151757085047e-05,0.11842200300037758
2013-11-03 05:00:00,1.8301055673244572e-05,1.4708450193460844e-05,0.1373506815604874
2013-11-03 06:00:00,6.851861386452617e-07,2.2793688045831822e-06,0.16755846588465712
2013-11-03 07:00:00,8.442484456014214e-08,1.6522128675535981e-07,0.2038907092126052
2013-11-03 08:00:00,4.345089436279394e-08,1.1859590231549645e-07,0.21356693190977333
2013-11-03 09:00:00,3.8659426151333764e-08,1.0844559862693414e-07,0.2122480232594053
2013-11-03 10:00:00,4.8060326860205394e-08,1.2580038819651528e-07,0.2182640480058083
2013-11-03 11:00:00,7.916655561358172e-08,1.3451661923685406e-07,0.21675757020661643
2013-11-03 12:00:00,1.8593278994475474e-07,1.6379039640602923e-07,0.2103318988041106
2013-11-03 13:00:00,2.420326248360713e-07,2.7710299054876306e-07,0.187598727193826
2013-11-03 14:00:00,1.4141231721905603e-06,1.5759760651994734e-06,0.18825649147134363
2013-11-03 15:00:00,1.2291060400604553e-05,9.5835034340264e-06,0.21903842816492797
2013-11-03 16:00:00,1.9459319474256472e-05,1.5027500599324042e-05,0.2509047160940418
2013-11-03 17:00:00,2.542531673825095e-05,1.9241666864227577e-05,0.2514342273340249
2013-11-03 18:00:00,2.666684912405541e-05,2.0638253405964165e-05,0.24840393891389728
2013-11-03 19:00:00,3.25838673158233e-05,2.4928162782373267e-05,0.2415309292277407
2013-11-03 20:00:00,3.2756801223913214e-05,2.512892555574446e-05,0.2345354279384843
2013-11-03 21:00:00,3.602196037584359e-05,2.9211794705505665e-05,0.20074581595486715
2013-11-03 22:00:00,5.050855608742752e-05,4.078318995124547e-05,0.15025428543283495
2013-11-03 23:00:00,0.00012768496517719973,0.0001028181014957328,0.13275430021124038
2013-11-04 00:00:00,0.00017854495599678406,0.00014342065081754648,0.10619790987552778
2013-11-04 01:00:00,0.00010421397086177375,8.33242068968528e-05,0.0994964344007974
2013-11-04 02:00:00,7.645519319510554e-05,6.303741550617036e-05,0.09745908554665576
2013-11-04 03:00:00,2.379561156043689e-05,1.9294191245385568e-05,0.09745908554665576
2013-11-04 04:00:00,5.048637529412666e-05,4.080448447562e-05,0.11842200300037758
2013-11-04 05:00:00,4.881680992145787e-05,3.9412603744179686e-05,0.1373506815604874
2013-11-04 06:00:00,9.304527292213913e-07,2.309983633765955e-05,0.16755846588465712
2013-11-04 07:00:00,1.377859810039428e-07,6.673455092511824e-07,0.2038907092126052
2013-11-04 08:00:00,8.929937071090658e-08,3.539314565845281e-07,0.21356693190977333
2013-11-04 09:00:00,5.6463445410166977e-08,2.155972244013331e-07,0.2122480232594053
2013-11-04 10:00:00,7.498188700046673e-08,2.7532391514461867e-07,0.2182640480058083
2013-11-04 11:00:00,7.147640139420153e-08,2.668639708328354e-07,0.21675757020661643
2013-11-04 12:00:00,7.793539050135307e-08,3.248953128484748e-07,0.2103318988041106
2013-11-04 13:00:00,1.846329062781904e-07,3.902677504783484e-06,0.187598727193826
2013-11-04 14:00:00,3.9049555301223637e-07,1.608453604650066e-05,0.18825649147134363
2013-11-04 15:00:00,0.3162850793761269,0.2917336598237223,0.21903842816492797
2013-11-04 16:00:00,0.3100276495931408,0.28053120406875603,0.2509047160940418
2013-11-04 17:00:00,0.30347045721500415,0.2692398202586911,0.2514342273340249
2013-11-04 18:00:00,0.2980465503323069,0.2602274267372178,0.24840393891389728
2013-11-04 19:00:00,0.2974114007873813,0.25919065672701513,0.2415309292277407
2013-11-04 20:00:00,3.333738445853336e-05,2.6543471147204597e-05,0.2345354279384843
2013-11-04 21:00:00,9.849872985008407e-05,7.135402409167319e-05,0.20074581595486715
2013-11-04 22:00:00,3.1548804489224854e-05,2.5884890007666132e-05,0.15025428543283495
2013-11-04 23:00:00,2.8567018138507704e-05,2.3217581366117317e-05,0.13275430021124038
2013-11-05 00:00:00,2.454444548109405e-05,1.968159882468423e-05,0.10619790987552778
2013-11-05 01:00:00,1.5999485770913468e-05,1.2988531674748446e-05,0.0994964344007974
2013-11-05 02:00:00,1.4776246794429354e-05,1.1956534142701117e-05,0.09745908554665576
2013-11-05 03:00:00,9.156265584974782e-06,7.5033022569182866e-06,0.09745908554665576
2013-11-05 04:00:00,2.0262672592806706e-05,1.6284801519445336e-05,0.11842200300037758
2013-11-05 05:00:00,5.4048840813519356e-05,4.075144775664398e-05,0.1373506815604874
2013-11-05 06:00:00,0.29097053345387675,0.24889171862123807,0.16755846588465712
2013-11-05 07:00:00,6.338359705399379e-07,6.755130767459004e-06,0.2038907092126052
2013-11-05 08:00:00,2.8081877994686575e-07,4.69374609640155e-07,0.21356693190977333
2013-11-05 09:00:00,2.3757024179946723e-07,3.7345605367379347e-07,0.2122480232594053
2013-11-05 10:00:00,1.8213447986745565e-07,4.121237542831206e-07,0.2182640480058083
2013-11-05 11:00:00,2.0294775937961632e-07,4.802703451709597e-07,0.21675757020661643
2013-11-05 12:00:00,2.0802967068944735e-07,5.158336196802836e-07,0.2103318988041106
2013-11-05 13:00:00,3.702436647606522e-07,8.287980407604341e-07,0.187598727193826
2013-11-05 14:00:00,1.0127077095159335e-06,1.3845465615662078e-05,0.18825649147134363
2013-11-05 15:00:00,0.29656545887351615,0.2578169825224521,0.21903842816492797
2013-11-05 16:00:00,0.2970233824306006,0.2585598791209944,0.2509047160940418
2013-11-05 17:00:00,0.29924119166220536,0.26218805836142817,0.2514342273340249
2013-11-05 18:00:00,0.30510415036882166,0.2720115800031784,0.24840393891389728
2013-11-05 19:00:00,0.3121492146753885,0.2842811819039808,0.2415309292277407
2013-11-05 20:00:00,0.31591903744718797,0.2910662182524273,0.2345354279384843
2013-11-05 21:00:00,0.32031485426885214,0.2991801945766009,0.20074581595486715
2013-11-05 22:00:00,0.3300901065477948,0.3159423279735365,0.15025428543283495
2013-11-05 23:00:00,0.00017638573721122247,0.00013952249483132576,0.13275430021124038
2013-11-06 00:00:00,2.799231793431299e-05,2.0845416970509957e-05,0.10619790987552778
2013-11-06 01:00:00,1.9405041429763457e-05,1.380989543454063e-05,0.0994964344007974
2013-11-06 02:00:00,2.2872882151688137e-05,1.6278084669914806e-05,0.09745908554665576
2013-11-06 03:00:00,2.64735675361608e-05,1.8840867935982917e-05,0.09745908554665576
2013-11-06 04:00:00,0.0001016871473174644,8.308011118099023e-05,0.11842200300037758
2013-11-06 05:00:00,0.28606904036352443,0.2897447323807217,0.1373506815604874
2013-11-06 06:00:00,0.2674228624506047,0.2836514222058038,0.16755846588465712
2013-11-06 07:00:00,5.475852154576429e-08,2.6868735617988105e-07,0.2038907092126052
2013-11-06 08:00:00,4.858384363130572e-08,2.153765200311802e-07,0.21356693190977333
2013-11-06 09:00:00,4.541202534953749e-08,2.2427908138103358e-07,0.2122480232594053
2013-11-06 10:00:00,4.15511423717899e-08,1.8277964493043393e-07,0.2182640480058083
2013-11-06 11:00:00,4.314425157986052e-08,2.0994620736556312e-07,0.21675757020661643
2013-11-06 12:00:00,6.67016259417031e-08,7.984155347902224e-07,0.2103318988041106
2013-11-06 13:00:00,1.1666424831401932e-07,1.9551765988823233e-06,0.187598727193826
2013-11-06 14:00:00,2.917038938568291e-07,0.13444394717911526,0.18825649147134363
2013-11-06 15:00:00,0.3359936239165882,0.33003528202874105,0.21903842816492797
2013-11-06 16:00:00,0.33636587107325655,0.33080601994557396,0.2509047160940418
2013-11-06 17:00:00,0.336342206779868,0.33075677551924043,0.2514342273340249
2013-11-06 18:00:00,0.3369018288388142,0.3319195359583314,0.24840393891389728
2013-11-06 19:00:00,0.33847438125534685,0.33521075147915574,0.2415309292277407
2013-11-06 20:00:00,0.3413780234338624,0.34137848479644367,0.2345354279384843
2013-11-06 21:00:00,0.34137813200013095,0.34137838090907235,0.20074581595486715
2013-11-06 22:00:00,0.29043683589138136,0.3195355880868249,0.15025428543283495
2013-11-06 23:00:00,0.27392739273927397,0.3125442948263643,0.13275430021124038
2013-11-07 00:00:00,0.2713815789473684,0.3112535612535613,0.10619790987552778
2013-11-07 01:00:00,0.26960784313725494,0.310589907604833,0.0994964344007974
2013-11-07 02:00:00,0.26731078904991945,0.30888575458392104,0.09745908554665576
2013-11-07 03:00:00,0.26224328593996843,0.3068340306834031,0.09745908554665576
2013-11-07 04:00:00,0.2570162481536189,0.30323005932762026,0.11842200300037758
2013-11-07 05:00:00,0.3239104038046422,0.3151829558745056,0.1373506815604874
2013-11-07 06:00:00,0.273885877588221,0.2888895075033265,0.16755846588465712
2013-11-07 07:00:00,5.802263950557285e-08,2.853268259401677e-07,0.2038907092126052
2013-11-07 08:00:00,3.2271666503049326e-08,1.3206184834471908e-07,0.21356693190977333
2013-11-07 09:00:00,2.018770582711938e-08,8.695996787443706e-08,0.2122480232594053
2013-11-07 10:00:00,1.7598186176068655e-08,7.580542237904534e-08,0.2182640480058083
2013-11-07 11:00:00,1.7252535652609335e-08,7.431650626134153e-08,0.21675757020661643
2013-11-07 12:00:00,1.9631001688809266e-08,8.456192461001127e-08,0.2103318988041106
2013-11-07 13:00:00,4.4158083005061406e-08,1.9782258055128144e-07,0.187598727193826
2013-11-07 14:00:00,1.438352766767737e-07,2.8637758957980844e-05,0.18825649147134363
2013-11-07 15:00:00,0.31817402045421145,0.32167970575734645,0.21903842816492797
2013-11-07 16:00:00,0.33755403723615146,0.3332811421370057,0.2509047160940418
2013-11-07 17:00:00,0.33743340427493673,0.33302850458550265,0.2514342273340249
2013-11-07 18:00:00,0.3373895900679523,0.3329367427551768,0.24840393891389728
2013-11-07 19:00:00,0.3375359996823341,0.3332424095742392,0.2415309292277407
2013-11-07 20:00:00,0.33765147615283514,0.33348373649969676,0.2345354279384843
2013-11-07 21:00:00,0.33758008988501403,0.33220202551032224,0.20074581595486715
2013-11-07 22:00:00,0.32752218256466736,0.30849064396452847,0.15025428543283495
2013-11-07 23:00:00,0.0001249698984022809,0.0001012700957846323,0.13275430021124038
2013-11-08 00:00:00,0.0001572553464609154,0.0001269065182161298,0.10619790987552778
2013-11-08 01:00:00,0.0001608538899270936,0.00012806258767921486,0.0994964344007974
2013-11-08 02:00:00,0.00012970632003752938,0.0001050309105969887,0.09745908554665576
2013-11-08 03:00:00,0.00014209718360276149,0.00011457303692751984,0.09745908554665576
2013-11-08 04:00:00,0.2872596149230595,0.27321533054103353,0.11842200300037758
2013-11-08 05:00:00,0.33242428437347504,0.32273376980207796,0.1373506815604874
2013-11-08 06:00:00,0.2807688998235278,0.28830447191135833,0.16755846588465712
2013-11-08 07:00:00,1.21713536723956e-07,2.1156331856291444e-06,0.2038907092126052
2013-11-08 08:00:00,5.36280346857977e-08,2.3229589450778703e-07,0.21356693190977333
2013-11-08 09:00:00,3.830293778170375e-08,1.7760947719003462e-07,0.2122480232594053
2013-11-08 10:00:00,3.8625311639877686e-08,1.546812232878248e-07,0.2182640480058083
2013-11-08 11:00:00,4.127117190483133e-08,1.728077008088342e-07,0.21675757020661643
2013-11-08 12:00:00,5.157471664012589e-08,2.355722768564897e-07,0.2103318988041106
2013-11-08 13:00:00,8.625288272228313e-08,4.214563305494364e-07,0.187598727193826
2013-11-08 14:00:00,2.2246569857010174e-07,0.21262532379065333,0.18825649147134363
2013-11-08 15:00:00,0.32757466921925216,0.31308219141159854,0.21903842816492797
2013-11-08 16:00:00,0.3231102430650205,0.30445777987744976,0.2509047160940418
2013-11-08 17:00:00,0.31970708277628984,0.29804522452141324,0.2514342273340249
2013-11-08 18:00:00,0.3166924691720191,0.292477812903554,0.24840393891389728
2013-11-08 19:00:00,0.3142819112855222,0.2881001318704624,0.2415309292277407
2013-11-08 20:00:00,0.31046041139701847,0.28129173051586726,0.2345354279384843
2013-11-08 21:00:00,0.30576701936537165,0.2731435284283001,0.20074581595486715
2013-11-08 22:00:00,0.29385744624355353,0.2534599337387574,0.15025428543283495
2013-11-08 23:00:00,2.1101251839798866e-05,1.657522719969679e-05,0.13275430021124038
2013-11-09 00:00:00,1.6406566580021545e-05,1.3126239289976178e-05,0.10619790987552778
2013-11-09 01:00:00,8.537993986115828e-06,7.015678155869312e-06,0.0994964344007974
2013-11-09 02:00:00,8.268545482695325e-06,6.819627964196294e-06,0.09745908554665576
2013-11-09 03:00:00,5.648599130554133e-06,4.635767494626563e-06,0.09745908554665576
2013-11-09 04:00:00,7.050580341101854e-06,5.780142422709296e-06,0.11842200300037758
2013-11-09 05:00:00,1.434116298864525e-05,1.149126448437978e-05,0.1373506815604874
2013-11-09 06:00:00,1.1139785368742595e-06,1.157068589868939e-06,0.16755846588465712
2013-11-09 07:00:00,5.840216978077258e-08,1.639111265245083e-07,0.2038907092126052
2013-11-09 08:00:00,2.9106345261854217e-08,9.736705842627182e-08,0.21356693190977333
2013-11-09 09:00:00,2.6424363940016405e-08,9.259347451685913e-08,0.2122480232594053
2013-11-09 10:00:00,2.9851613599121485e-08,9.976841091336054e-08,0.2182640480058083
2013-11-09 11:00:00,3.696328934241914e-08,1.1705956943757882e-07,0.21675757020661643
2013-11-09 12:00:00,6.982270653268573e-08,1.6512146856392197e-07,0.2103318988041106
2013-11-09 13:00:00,1.4331594223037558e-07,4.151053516627253e-07,0.187598727193826
2013-11-09 14:00:00,5.275562060030491e-07,1.0249352645245082e-05,0.18825649147134363
2013-11-09 15:00:00,2.242648484235702e-05,1.8236530542324347e-05,0.21903842816492797
2013-11-09 16:00:00,4.16269264216398e-05,3.100466766622344e-05,0.2509047160940418
2013-11-09 17:00:00,3.635626613370066e-05,2.7369510237073118e-05,0.2514342273340249
2013-11-09 18:00:00,2.198339363171525e-05,1.7411537196192392e-05,0.24840393891389728
2013-11-09 19:00:00,2.705366559555756e-05,2.1592970141833637e-05,0.2415309292277407
2013-11-09 20:00:00,2.9676471215006822e-05,2.371610269300141e-05,0.2345354279384843
2013-11-09 21:00:00,2.8514473242344684e-05,2.312355093919554e-05,0.20074581595486715
2013-11-09 22:00:00,2.2096939134736018e-05,1.7980762069236e-05,0.15025428543283495
2013-11-09 23:00:00,2.5886885814274206e-05,2.1008903387100616e-05,0.13275430021124038
2013-11-10 00:00:00,4.544149823649118e-05,3.732388644526168e-05,0.10619790987552778
2013-11-10 01:00:00,2.9131568931308392e-05,2.340744676518601e-05,0.0994964344007974
2013-11-10 02:00:00,3.894995033881332e-05,3.0494387954531943e-05,0.09745908554665576
2013-11-10 03:00:00,8.95948027389322e-05,7.21933544298358e-05,0.09745908554665576
2013-11-10 04:00:00,9.118643979480443e-05,7.126478548516438e-05,0.11842200300037758
2013-11-10 05:00:00,7.813571653056583e-05,6.263224537643544e-05,0.1373506815604874
2013-11-10 06:00:00,1.1291999989030628e-06,1.0237607852445961e-05,0.16755846588465712
2013-11-10 07:00:00,9.480770797284282e-08,3.9638238264474493e-07,0.2038907092126052
2013-11-10 08:00:00,4.582914805003925e-08,1.8655614251645582e-07,0.21356693190977333
2013-11-10 09:00:00,4.797332913172257e-08,1.8943762007345684e-07,0.2122480232594053
2013-11-10 10:00:00,5.14610089198396e-08,2.0556662920146325e-07,0.2182640480058083
2013-11-10 11:00:00,5.558502900250794e-08,2.1022790428693518e-07,0.21675757020661643
2013-11-10 12:00:00,5.487273649733312e-08,1.9810538350587253e-07,0.2103318988041106
2013-11-10 13:00:00,1.120888396415363e-07,3.9783422110294793e-07,0.187598727193826
2013-11-10 14:00:00,3.2580978801023237e-07,5.699015816345214e-06,0.18825649147134363
2013-11-10 15:00:00,0.3141887109895084,0.27844689380347976,0.21903842816492797
2013-11-10 16:00:00,0.31133969219244045,0.28284407909682846,0.2509047160940418
2013-11-10 17:00:00,0.30544288255952307,0.2725879652285137,0.2514342273340249
2013-11-10 18:00:00,0.3083222594524926,0.277550117217103,0.24840393891389728
2013-11-10 19:00:00,0.31491061674437154,0.2892343601838226,0.2415309292277407
2013-11-10 20:00:00,0.31436009566798323,0.28823940644820595,0.2345354279384843
2013-11-10 21:00:00,0.2682990607112485,0.20934825979803443,0.20074581595486715
2013-11-10 22:00:00,0.27284636159608217,0.20777105017632846,0.15025428543283495
2013-11-10 23:00:00,3.2768607176573846e-05,2.399246300144092e-05,0.13275430021124038
2013-11-11 00:00:00,1.0494715296795573e-05,8.420158812917287e-06,0.10619790987552778
2013-11-11 01:00:00,8.296068078534178e-06,6.712348376947404e-06,0.0994964344007974
2013-11-11 02:00:00,8.419232235631638e-06,6.727121346485913e-06,0.09745908554665576
2013-11-11 03:00:00,7.882203889910458e-06,6.281338796313226e-06,0.09745908554665576
2013-11-11 04:00:00,1.74405759269287e-05,1.2891231178292827e-05,0.11842200300037758
2013-11-11 05:00:00,1.829583342756985e-05,1.3018385410715381e-05,0.1373506815604874
2013-11-11 06:00:00,3.0146625145608208e-05,2.3179228870742348e-05,0.16755846588465712
2013-11-11 07:00:00,1.7291790154529982e-05,1.6494035766911424e-05,0.2038907092126052
2013-11-11 08:00:00,3.8104730810293506e-07,3.750962289280875e-07,0.21356693190977333
2013-11-11 09:00:00,2.837689173602862e-07,2.96230005976906e-07,0.2122480232594053
2013-11-11 10:00:00,2.510544811237366e-07,3.294920892117573e-07,0.2182640480058083
2013-11-11 11:00:00,2.1059295922453496e-07,3.2253888355991514e-07,0.21675757020661643
2013-11-11 12:00:00,3.2180523871396405e-07,3.322159644863033e-07,0.2103318988041106
2013-11-11 13:00:00,2.332491572729747e-06,2.500386194461537e-06,0.187598727193826
2013-11-11 14:00:00,0.18215902509260135,0.1301688950070853,0.18825649147134363
2013-11-11 15:00:00,0.19458542632989137,0.1145850872102,0.21903842816492797
2013-11-11 16:00:00,0.2147810302909078,0.15076340043365494,0.2509047160940418
2013-11-11 17:00:00,0.21749451510964626,0.15364974900262487,0.2514342273340249
2013-11-11 18:00:00,0.2196475522966517,0.1559664965635005,0.24840393891389728
2013-11-11 19:00:00,0.22087816662228582,0.15730191359175075,0.2415309292277407
2013-11-11 20:00:00,3.903662945976781e-05,2.6225522692457002e-05,0.2345354279384843
2013-11-11 21:00:00,0.19564130196492296,0.11848971411190588,0.20074581595486715
2013-11-11 22:00:00,0.00012413453161360866,8.810208683926952e-05,0.15025428543283495
2013-11-11 23:00:00,9.63045248626903e-06,7.721895243761213e-06,0.13275430021124038
2013-11-12 00:00:00,6.75891977715227e-06,5.557175834379027e-06,0.10619790987552778
2013-11-12 01:00:00,7.5477879254328865e-06,6.1273009233464516e-06,0.0994964344007974
2013-11-12 02:00:00,4.3051810256868285e-06,3.5111522511383053e-06,0.09745908554665576
2013-11-12 03:00:00,6.2158277883260605e-06,5.120380996637674e-06,0.09745908554665576
2013-11-12 04:00:00,1.631480456303675e-05,1.2976359667956914e-05,0.11842200300037758
2013-11-12 05:00:00,0.27002542737185203,0.21766410094346916,0.1373506815604874
2013-11-12 06:00:00,0.2743011866779739,0.2239235473886912,0.16755846588465712
2013-11-12 07:00:00,3.093781688300645e-07,7.472471120452802e-06,0.2038907092126052
2013-11-12 08:00:00,1.821501200536262e-07,7.201365006028601e-07,0.21356693190977333
2013-11-12 09:00:00,1.6861284104139067e-07,5.448686404216624e-07,0.2122480232594053
2013-11-12 10:00:00,1.4943301527611878e-07,5.127810845569919e-07,0.2182640480058083
2013-11-12 11:00:00,2.1195877034521589e-07,1.1613692100560197e-06,0.21675757020661643
2013-11-12 12:00:00,2.243965164235997e-07,1.0608599228377643e-06,0.2103318988041106
2013-11-12 13:00:00,3.9227362183489127e-07,2.4488405397451164e-05,0.187598727193826
2013-11-12 14:00:00,0.22226542371324748,0.2006077342432331,0.18825649147134363
2013-11-12 15:00:00,0.3069364489791184,0.275152635139882,0.21903842816492797
2013-11-12 16:00:00,0.309058344736347,0.27883434891049996,0.2509047160940418
2013-11-12 17:00:00,0.31161833412800743,0.2833382487327775,0.2514342273340249
2013-11-12 18:00:00,0.3124930716667433,0.28489344284893964,0.24840393891389728
2013-11-12 19:00:00,0.3139979983764495,0.2875886405605236,0.2415309292277407
2013-11-12 20:00:00,0.3173204013846736,0.2936279345795253,0.2345354279384843
2013-11-12 21:00:00,0.32227338571284353,0.30286662410331866,0.20074581595486715
2013-11-12 22:00:00,0.0007078930958466173,0.0004734521379184458,0.15025428543283495
2013-11-12 23:00:00,0.00036081965447320124,0.0002432566750628793,0.13275430021124038
2013-11-13 00:00:00,0.0011973388665359897,0.0008472096603104232,0.10619790987552778
2013-11-13 01:00:00,0.21794830724491437,0.23720365417977154,0.0994964344007974
2013-11-13 02:00:00,0.2873829350374307,0.2655817573222657,0.09745908554665576
2013-11-13 03:00:00,0.0005318061193549222,0.00036444558604811143,0.09745908554665576
2013-11-13 04:00:00,0.0019159850125850513,0.001300975348050995,0.11842200300037758
2013-11-13 05:00:00,0.32822034670279204,0.3143470773511023,0.1373506815604874
2013-11-13 06:00:00,0.32547956813816187,0.3090025704035089,0.16755846588465712
2013-11-13 07:00:00,4.370453874366387e-07,0.21317881605327443,0.2038907092126052
2013-11-13 08:00:00,3.120652906121672e-07,0.04865783226406034,0.21356693190977333
2013-11-13 09:00:00,3.746911491112467e-07,1.2529360732983464e-05,0.2122480232594053
2013-11-13 10:00:00,3.721977752901526e-07,2.063649327130005e-05,0.2182640480058083
2013-11-13 11:00:00,3.849352139599835e-07,2.0579892681113563e-05,0.21675757020661643
2013-11-13 12:00:00,4.1990373077116487e-07,1.4512850966606004e-05,0.2103318988041106
2013-11-13 13:00:00,5.255497661139308e-07,0.057070230592063,0.187598727193826
2013-11-13 14:00:00,0.2550985546046016,0.2399294179517662,0.18825649147134363
2013-11-13 15:00:00,0.2935348508714053,0.2529457541964819,0.21903842816492797
2013-11-13 16:00:00,0.28861057777362503,0.24521251386525986,0.2509047160940418
2013-11-13 17:00:00,0.2859195821070852,0.24107753601554252,0.2514342273340249
2013-11-13 18:00:00,0.28304284599762514,0.2367261989746171,0.24840393891389728
2013-11-13 19:00:00,0.28313238063222446,0.23686050512392948,0.2415309292277407
2013-11-13 20:00:00,0.284657874357509,0.23916020502555693,0.2345354279384843
2013-11-13 21:00:00,0.2069745191442613,0.14985900654791234,0.20074581595486715
2013-11-13 22:00:00,7.580805542064792e-05,5.052718410406273e-05,0.15025428543283495
2013-11-13 23:00:00,0.00033834374080205984,0.0002379074426848042,0.13275430021124038
2013-11-14 00:00:00,5.3098186190752654e-05,3.833582298894696e-05,0.10619790987552778
2013-11-14 01:00:00,0.2117203239278469,0.1554172253629899,0.0994964344007974
2013-11-14 02:00:00,0.2008637948484951,0.15378888233373422,0.09745908554665576
2013-11-14 03:00:00,0.0001633288489140656,0.0001187619818332478,0.09745908554665576
2013-11-14 04:00:00,0.014791219881417936,0.02483973470896513,0.11842200300037758
2013-11-14 05:00:00,0.30818017586958957,0.26662535250150465,0.1373506815604874
2013-11-14 06:00:00,0.32029541881068935,0.29914269959671663,0.16755846588465712
2013-11-14 07:00:00,2.793556034456419e-07,0.11092641556526407,0.2038907092126052
2013-11-14 08:00:00,2.0558423312840868e-07,8.753610234814048e-06,0.21356693190977333
2013-11-14 09:00:00,2.1269513449245098e-07,9.372866880455317e-06,0.2122480232594053
2013-11-14 10:00:00,1.8571113459428406e-07,8.443643892764435e-06,0.2182640480058083
2013-11-14 11:00:00,1.917466214125466e-07,8.829238265468293e-06,0.21675757020661643
2013-11-14 12:00:00,2.134861609597591e-07,0.15598826016375616,0.2103318988041106
2013-11-14 13:00:00,2.734806746932333e-07,0.12932265905899476,0.187598727193826
2013-11-14 14:00:00,0.2611544967133974,0.28324640479028745,0.18825649147134363
2013-11-14 15:00:00,0.3385656076488495,0.33540160650529954,0.21903842816492797
2013-11-14 16:00:00,0.3346365306550118,0.3272371885249525,0.2509047160940418
2013-11-14 17:00:00,0.3308084302486486,0.3194824551983644,0.2514342273340249
2013-11-14 18:00:00,0.32901976837019903,0.3159246545009699,0.24840393891389728
2013-11-14 19:00:00,0.32806289241377906,0.31403809537293326,0.2415309292277407
2013-11-14 20:00:00,0.3274033186686043,0.31274426261360966,0.2345354279384843
2013-11-14 21:00:00,0.32492851103598475,0.30300309760378363,0.20074581595486715
2013-11-14 22:00:00,0.26734453983332057,0.2332203192961105,0.15025428543283495
2013-11-14 23:00:00,0.00019880460164099488,0.00013443037446585172,0.13275430021124038
2013-11-15 00:00:00,0.00017217993275995207,0.00011720533023401407,0.10619790987552778
2013-11-15 01:00:00,0.00023699820269334544,0.0001569049323407681,0.0994964344007974
2013-11-15 02:00:00,0.0012994041406426888,0.0008980809375925119,0.09745908554665576
2013-11-15 03:00:00,0.0029236477205646307,0.002131524260164353,0.09745908554665576
2013-11-15 04:00:00,0.00012271574918319545,8.219527901524257e-05,0.11842200300037758
2013-11-15 05:00:00,0.2965739894668494,0.2578293447202002,0.1373506815604874
2013-11-15 06:00:00,0.2947704514888063,0.254921259814098,0.16755846588465712
2013-11-15 07:00:00,3.227916514028059e-07,0.19433692238050843,0.2038907092126052
2013-11-15 08:00:00,2.0158180740314732e-07,0.17832108467896224,0.21356693190977333
2013-11-15 09:00:00,1.9976301613987787e-07,0.1766818399407772,0.2122480232594053
2013-11-15 10:00:00,2.0250440744514543e-07,0.17534675807807062,0.2182640480058083
2013-11-15 11:00:00,2.789096776110928e-07,0.1863307065163668,0.21675757020661643
2013-11-15 12:00:00,3.1812245400138204e-07,0.11259851750468183,0.2103318988041106
2013-11-15 13:00:00,0.214761055314242,0.21240925198953528,0.187598727193826
2013-11-15 14:00:00,0.2519518853416069,0.23982144050025608,0.18825649147134363
2013-11-15 15:00:00,0.3063347234066198,0.2741168919166136,0.21903842816492797
2013-11-15 16:00:00,0.3069768508385562,0.2752219525170639,0.2509047160940418
2013-11-15 17:00:00,0.3054077362325425,0.2725292555537185,0.2514342273340249
2013-11-15 18:00:00,0.30366381184476876,0.26956601113099726,0.24840393891389728
2013-11-15 19:00:00,0.3036985673170125,0.26962449745795153,0.2415309292277407
2013-11-15 20:00:00,0.30488644159859385,0.2716399663466538,0.2345354279384843
2013-11-15 21:00:00,0.28598384197280546,0.23028216179272118,0.20074581595486715
2013-11-15 22:00:00,0.3062515430813972,0.2739730351212111,0.15025428543283495
2013-11-15 23:00:00,0.00016156742643694437,0.00010890314677018625,0.13275430021124038
2013-11-16 00:00:00,0.00010160736348905319,7.216900500582517e-05,0.10619790987552778
2013-11-16 01:00:00,4.239328983321136e-05,3.389438263458343e-05,0.0994964344007974
2013-11-16 02:00:00,4.445075957609932e-05,3.52753900613358e-05,0.09745908554665576
2013-11-16 03:00:00,8.199804659809376e-05,6.357865832249955e-05,0.09745908554665576
2013-11-16 04:00:00,6.818815251813993e-05,5.039600317256103e-05,0.11842200300037758
2013-11-16 05:00:00,0.3073761140761255,0.2654509835365308,0.1373506815604874
2013-11-16 06:00:00,0.3170019408281333,0.2930451862230866,0.16755846588465712
2013-11-16 07:00:00,1.2004346894053807e-07,1.1879599549337639e-05,0.2038907092126052
2013-11-16 08:00:00,4.584236477581978e-08,2.3409797339628698e-07,0.21356693190977333
2013-11-16 09:00:00,3.7534538437743295e-08,1.7540057711628515e-07,0.2122480232594053
2013-11-16 10:00:00,3.385552593076661e-08,1.6129232034481322e-07,0.2182640480058083
2013-11-16 11:00:00,3.3459108352236616e-08,1.4223126900620038e-07,0.21675757020661643
2013-11-16 12:00:00,3.788160144864092e-08,1.7853881225688406e-07,0.2103318988041106
2013-11-16 13:00:00,5.238056740872505e-08,2.656020429312337e-07,0.187598727193826
2013-11-16 14:00:00,1.9438698824041338e-07,8.501379326702775e-06,0.18825649147134363
2013-11-16 15:00:00,0.31763104318775964,0.28699153123516047,0.21903842816492797
2013-11-16 16:00:00,0.3222962538789169,0.3029104586997931,0.2509047160940418
2013-11-16 17:00:00,0.3208073787303745,0.3001023334183799,0.2514342273340249
2013-11-16 18:00:00,0.322750065914094,0.30377088901859,0.24840393891389728
2013-11-16 19:00:00,0.29783366697787833,0.26232396729134216,0.2415309292277407
2013-11-16 20:00:00,0.17463235294117646,0.20706565089934065,0.2345354279384843
2013-11-16 21:00:00,0.3275461379858742,0.313023398630807,0.20074581595486715
2013-11-16 22:00:00,0.3286525312632056,0.3125027817289787,0.15025428543283495
2013-11-16 23:00:00,0.2793050863019228,0.25942088175038897,0.13275430021124038
2013-11-17 00:00:00,0.27257983550218173,0.2622417324760066,0.10619790987552778
2013-11-17 01:00:00,0.23003942001945404,0.2560642245412263,0.0994964344007974
2013-11-17 02:00:00,0.26590768366007395,0.26994431585807055,0.09745908554665576
2013-11-17 03:00:00,0.02279155553643638,0.017210422932907747,0.09745908554665576
2013-11-17 04:00:00,0.2998215122224874,0.2878696259965433,0.11842200300037758
2013-11-17 05:00:00,0.32849485190226163,0.3147894892282684,0.1373506815604874
2013-11-17 06:00:00,0.33723384566316994,0.3326116098314695,0.16755846588465712
2013-11-17 07:00:00,1.8095932828259266e-07,7.3365665405596604e-06,0.2038907092126052
2013-11-17 08:00:00,8.826260490396743e-08,5.61623936861488e-07,0.21356693190977333
2013-11-17 09:00:00,6.77167952522834e-08,4.4337583607993977e-07,0.2122480232594053
2013-11-17 10:00:00,6.202166950302099e-08,3.7402752842609225e-07,0.2182640480058083
2013-11-17 11:00:00,6.199098120490481e-08,3.738424289623549e-07,0.21675757020661643
2013-11-17 12:00:00,8.284224565169684e-08,5.709574228009658e-07,0.2103318988041106
2013-11-17 13:00:00,1.4689227091613277e-07,3.165035884958586e-05,0.187598727193826
2013-11-17 14:00:00,3.5712850822958014e-07,6.186931700619105e-05,0.18825649147134363
2013-11-17 15:00:00,0.34137801406777296,0.34137847618450745,0.21903842816492797
2013-11-17 16:00:00,0.34137762069371036,0.34137822154470393,0.2509047160940418
2013-11-17 17:00:00,0.3413778250372455,0.34137836582287356,0.2514342273340249
2013-11-17 18:00:00,0.3413779133126639,0.34137840511491685,0.24840393891389728
2013-11-17 19:00:00,0.34137828289618183,0.34137864544437163,0.2415309292277407
2013-11-17 20:00:00,0.34137869213033933,0.34137891266089526,0.2345354279384843
2013-11-17 21:00:00,0.3413782016084432,0.34137851336556746,0.20074581595486715
2013-11-17 22:00:00,0.3322949117341641,0.33724247226624404,0.15025428543283495
2013-11-17 23:00:00,0.3293441838200096,0.3356720017540013,0.13275430021124038
2013-11-18 00:00:00,0.33044667274384687,0.3364505403158769,0.10619790987552778
2013-11-18 01:00:00,0.3305008944543828,0.336322869955157,0.0994964344007974
2013-11-18 02:00:00,0.3306451612903226,0.33640081799591004,0.09745908554665576
2013-11-18 03:00:00,0.33033303330333036,0.3363431151241535,0.09745908554665576
2013-11-18 04:00:00,0.29317079541874136,0.305043859180968,0.11842200300037758
2013-11-18 05:00:00,0.33745882012796385,0.33307991309710744,0.1373506815604874
2013-11-18 06:00:00,0.3366072877146212,0.3313059436087685,0.16755846588465712
2013-11-18 07:00:00,2.6146944433210946e-07,0.22167455312785248,0.2038907092126052
2013-11-18 08:00:00,1.3691611544951692e-07,0.11859335301595213,0.21356693190977333
2013-11-18 09:00:00,1.08073889577935e-07,6.926600738577474e-06,0.2122480232594053
2013-11-18 10:00:00,9.819547886903259e-08,4.790228188282827e-06,0.2182640480058083
2013-11-18 11:00:00,8.795884045223993e-08,4.290864541005841e-06,0.21675757020661643
2013-11-18 12:00:00,9.60103003690648e-08,0.00540264175259371,0.2103318988041106
2013-11-18 13:00:00,1.235248431620507e-07,1.8223190507681063e-05,0.187598727193826
2013-11-18 14:00:00,2.6771501188169425e-07,0.16177348714935905,0.18825649147134363
2013-11-18 15:00:00,0.33588798671854686,0.32981516036467473,0.21903842816492797
2013-11-18 16:00:00,0.3320479985000687,0.3219728818826073,0.2509047160940418
2013-11-18 17:00:00,0.32864695716077413,0.3151888457241678,0.2514342273340249
2013-11-18 18:00:00,0.3264485178617698,0.3108819812677563,0.24840393891389728
2013-11-18 19:00:00,0.3244736620092666,0.3070642977537453,0.2415309292277407
2013-11-18 20:00:00,0.3210414435959985,0.30054205115392224,0.2345354279384843
2013-11-18 21:00:00,0.3175932970827583,0.29412954822377546,0.20074581595486715
2013-11-18 22:00:00,0.28626694268781216,0.23903100106799643,0.15025428543283495
2013-11-18 23:00:00,0.0002422638802535064,0.00016325724948224835,0.13275430021124038
2013-11-19 00:00:00,0.012473531602978517,0.10974546330373185,0.10619790987552778
2013-11-19 01:00:00,0.00012277940156364036,8.409395073567848e-05,0.0994964344007974
2013-11-19 02:00:00,0.00011501644212320352,7.888951394520849e-05,0.09745908554665576
2013-11-19 03:00:00,0.00010701253306651779,7.364811708269411e-05,0.09745908554665576
2013-11-19 04:00:00,0.00011841816453407216,7.877684997197741e-05,0.11842200300037758
2013-11-19 05:00:00,0.29186619660485097,0.23593461966623414,0.1373506815604874
2013-11-19 06:00:00,0.29702652811706154,0.2585641907369289,0.16755846588465712
2013-11-19 07:00:00,2.978367077487729e-07,3.079324388433419e-05,0.2038907092126052
2013-11-19 08:00:00,1.346326166194036e-07,2.7246407975241074e-05,0.21356693190977333
2013-11-19 09:00:00,1.0587734540984454e-07,4.079006081351787e-06,0.2122480232594053
2013-11-19 10:00:00,1.1143590653792514e-07,4.295206154246568e-06,0.2182640480058083
2013-11-19 11:00:00,1.1614621234352873e-07,4.4365930231380755e-06,0.21675757020661643
2013-11-19 12:00:00,1.3348772523634172e-07,2.3454507373939838e-05,0.2103318988041106
2013-11-19 13:00:00,2.810765230834095e-07,0.00013237839771428625,0.187598727193826
2013-11-19 14:00:00,0.24972860136623387,0.22719168335993778,0.18825649147134363
2013-11-19 15:00:00,0.2889668939524181,0.2457648457265354,0.21903842816492797
2013-11-19 16:00:00,0.2864912435382924,0.24195067859008496,0.2509047160940418
2013-11-19 17:00:00,0.28544033043715084,0.24034762640489918,0.2514342273340249
2013-11-19 18:00:00,0.2879583416518059,0.24420441883211735,0.24840393891389728
2013-11-19 19:00:00,0.2938704234500724,0.25348067785293615,0.2415309292277407
2013-11-19 20:00:00,0.29116354016126744,0.24919416938159236,0.2345354279384843
2013-11-19 21:00:00,0.29259552960924196,0.25145321879738924,0.20074581595486715
2013-11-19 22:00:00,0.21994610675930154,0.17185997731326222,0.15025428543283495
2013-11-19 23:00:00,0.000338590288373961,0.00022654322681123787,0.13275430021124038
2013-11-20 00:00:00,0.00013583262799913144,9.269706362220407e-05,0.10619790987552778
2013-11-20 01:00:00,0.00013837320154037205,9.476858559800214e-05,0.0994964344007974
2013-11-20 02:00:00,0.00012599083943092115,8.612627452540859e-05,0.09745908554665576
2013-11-20 03:00:00,0.00011482742462742485,7.839633167728415e-05,0.09745908554665576
2013-11-20 04:00:00,0.0003149400630630698,0.00021489867277172,0.11842200300037758
2013-11-20 05:00:00,0.30052338419937735,0.26430622926762615,0.1373506815604874
2013-11-20 06:00:00,0.30060791928711933,0.26444665608879725,0.16755846588465712
2013-11-20 07:00:00,3.6465705530949567e-07,6.224211518389192e-05,0.2038907092126052
2013-11-20 08:00:00,0.19701089849905723,0.20102385259959524,0.21356693190977333
2013-11-20 09:00:00,3.1089911246075873e-07,8.7675983851258e-06,0.2122480232594053
2013-11-20 10:00:00,2.455730696222368e-07,3.56432829590516e-06,0.2182640480058083
2013-11-20 11:00:00,2.1084781908052278e-07,2.821580143615357e-06,0.21675757020661643
2013-11-20 12:00:00,4.2478810640028765e-07,0.01111217271509384,0.2103318988041106
2013-11-20 13:00:00,4.5968113758210475e-07,0.19824527944691198,0.187598727193826
2013-11-20 14:00:00,0.26762867867434215,0.2673539814948984,0.18825649147134363
2013-11-20 15:00:00,0.32514028383260496,0.3083471509182989,0.21903842816492797
2013-11-20 16:00:00,0.3165461932935623,0.29220921773423125,0.2509047160940418
2013-11-20 17:00:00,0.31098352402709306,0.2822136449806257,0.2514342273340249
2013-11-20 18:00:00,0.31502586565421986,0.2894433224674178,0.24840393891389728
2013-11-20 19:00:00,0.32314714002466066,0.3045261961933889,0.2415309292277407
2013-11-20 20:00:00,0.3283188531554467,0.31454143626356335,0.2345354279384843
2013-11-20 21:00:00,0.3291424329559876,0.3161671354491724,0.20074581595486715
2013-11-20 22:00:00,0.3169004592465442,0.28946669520967006,0.15025428543283495
2013-11-20 23:00:00,0.029065672184495687,0.024927975633755317,0.13275430021124038
2013-11-21 00:00:00,0.00040344102761949305,0.00027828729648424113,0.10619790987552778
2013-11-21 01:00:00,0.001008503292418322,0.0006807578939880137,0.0994964344007974
2013-11-21 02:00:00,0.31615899190585295,0.29417840589077887,0.09745908554665576
2013-11-21 03:00:00,0.0015264718991047641,0.0010892431826978913,0.09745908554665576
2013-11-21 04:00:00,0.0005767770010170845,0.0003949884270906713,0.11842200300037758
2013-11-21 05:00:00,0.3323800894347463,0.32264238722276245,0.1373506815604874
2013-11-21 06:00:00,0.3337356077155109,0.32539467956145884,0.16755846588465712
2013-11-21 07:00:00,0.23690036601273518,0.2553601294156217,0.2038907092126052
2013-11-21 08:00:00,3.1964473405677994e-07,0.23375686212149183,0.21356693190977333
2013-11-21 09:00:00,3.2602941705469304e-07,0.22209585937028611,0.2122480232594053
2013-11-21 10:00:00,2.9048622746698337e-07,0.20653473140591852,0.2182640480058083
2013-11-21 11:00:00,2.690757758344063e-07,0.20633285866047202,0.21675757020661643
2013-11-21 12:00:00,3.292712360465368e-07,0.22580698546827957,0.2103318988041106
2013-11-21 13:00:00,3.9620361220594154e-07,0.2413806416575279,0.187598727193826
2013-11-21 14:00:00,0.2541095664960651,0.2712741141261472,0.18825649147134363
2013-11-21 15:00:00,0.3372134428066229,0.3325688168150118,0.21903842816492797
2013-11-21 16:00:00,0.33791225678397613,0.3340300537126587,0.2509047160940418
2013-11-21 17:00:00,0.33712002140636566,0.3323737833780585,0.2514342273340249
2013-11-21 18:00:00,0.3323620886635479,0.322606690413321,0.24840393891389728
2013-11-21 19:00:00,0.32754882259295137,0.31302976246583786,0.2415309292277407
2013-11-21 20:00:00,0.3236374579767757,0.3054620411856916,0.2345354279384843
2013-11-21 21:00:00,0.3183062129529236,0.2954440211639503,0.20074581595486715
2013-11-21 22:00:00,0.29275560966600994,0.24475516769698077,0.15025428543283495
2013-11-21 23:00:00,0.00015460997201883865,0.00010579301220258711,0.13275430021124038
2013-11-22 00:00:00,0.0001601808811796706,0.00010969823661572413,0.10619790987552778
2013-11-22 01:00:00,0.00018990605458909994,0.00012775445152655524,0.0994964344007974
2013-11-22 02:00:00,0.00019197377554652304,0.0001285374294715494,0.09745908554665576
2013-11-22 03:00:00,0.00020516839763217736,0.00013711054660664872,0.09745908554665576
2013-11-22 04:00:00,0.0001800019878480397,0.00012245834260394729,0.11842200300037758
2013-11-22 05:00:00,0.31552712289283,0.2903521165688112,0.1373506815604874
2013-11-22 06:00:00,0.3138923873357983,0.2873977804451415,0.16755846588465712
2013-11-22 07:00:00,0.24491222275280836,0.24450946532131665,0.2038907092126052
2013-11-22 08:00:00,0.2187620807244437,0.22747516413354538,0.21356693190977333
2013-11-22 09:00:00,2.9963531011861324e-07,0.21753164778902376,0.2122480232594053
2013-11-22 10:00:00,2.2822700142242478e-07,0.20788060998837743,0.2182640480058083
2013-11-22 11:00:00,2.4229215648802366e-07,0.2149690760923258,0.21675757020661643
2013-11-22 12:00:00,3.2266552701202526e-07,0.08593427108564436,0.2103318988041106
2013-11-22 13:00:00,0.24520203866028803,0.25744997252382873,0.187598727193826
2013-11-22 14:00:00,0.2792524351241349,0.2806869459001737,0.18825649147134363
2013-11-22 15:00:00,0.3228107307008756,0.3038863999238107,0.21903842816492797
2013-11-22 16:00:00,0.316619792141997,0.29234398339461154,0.2509047160940418
2013-11-22 17:00:00,0.31149147107194713,0.2831127333781803,0.2514342273340249
2013-11-22 18:00:00,0.3066606207456942,0.27467704342367844,0.24840393891389728
2013-11-22 19:00:00,0.3025764277491351,0.26773380321640167,0.2415309292277407
2013-11-22 20:00:00,0.29691251802448115,0.25837880026234067,0.2345354279384843
2013-11-22 21:00:00,0.2911954760146178,0.2421724368068209,0.20074581595486715
2013-11-22 22:00:00,0.0001004832052880379,6.761130675479622e-05,0.15025428543283495
2013-11-22 23:00:00,8.029903313456516e-05,5.485865010566314e-05,0.13275430021124038
2013-11-23 00:00:00,7.414464761562907e-05,5.134888680808849e-05,0.10619790987552778
2013-11-23 01:00:00,6.747361365441352e-05,4.671715959669652e-05,0.0994964344007974
2013-11-23 02:00:00,6.336076541907888e-05,4.36347338274653e-05,0.09745908554665576
2013-11-23 03:00:00,6.021111365576399e-05,4.136541918522135e-05,0.09745908554665576
2013-11-23 04:00:00,5.6677728478765855e-05,3.904868649039885e-05,0.11842200300037758
2013-11-23 05:00:00,5.09344133080619e-05,3.503289972456478e-05,0.1373506815604874
2013-11-23 06:00:00,4.891681835202043e-05,3.329324175621113e-05,0.16755846588465712
2013-11-23 07:00:00,5.649410706438329e-07,2.750874536524398e-05,0.2038907092126052
2013-11-23 08:00:00,4.013600486608923e-07,2.5384829338511466e-05,0.21356693190977333
2013-11-23 09:00:00,2.9840656118442343e-07,2.0336409760465786e-05,0.2122480232594053
2013-11-23 10:00:00,2.8569228740815526e-07,2.076500582147936e-05,0.2182640480058083
2013-11-23 11:00:00,3.312049139548264e-07,2.0028280246288075e-05,0.21675757020661643
2013-11-23 12:00:00,3.781335394665301e-07,2.4285902740556724e-05,0.2103318988041106
2013-11-23 13:00:00,4.853180374029759e-07,2.806468444443249e-05,0.187598727193826
2013-11-23 14:00:00,0.095281911435489,0.10052778048382974,0.18825649147134363
2013-11-23 15:00:00,0.2901194551651691,0.2475591073814964,0.21903842816492797
2013-11-23 16:00:00,0.29589283688547163,0.2567276372861618,0.2509047160940418
2013-11-23 17:00:00,0.3049055199927933,0.2716724179109665,0.2514342273340249
2013-11-23 18:00:00,0.3107050653963146,0.2817221209454453,0.24840393891389728
2013-11-23 19:00:00,0.3170648932170113,0.2931586776722464,0.2415309292277407
2013-11-23 20:00:00,0.30107256000998583,0.2597675646365212,0.2345354279384843
2013-11-23 21:00:00,0.1406440893131429,0.17844438158988485,0.20074581595486715
2013-11-23 22:00:00,0.00028473926773833595,0.00019164527824528263,0.15025428543283495
2013-11-23 23:00:00,0.0002858516373952578,0.00019878265708138596,0.13275430021124038
2013-11-24 00:00:00,0.00025318997916976,0.0001778568137861086,0.10619790987552778
2013-11-24 01:00:00,0.0002439966910845969,0.0001784505225978647,0.0994964344007974
2013-11-24 02:00:00,6.271904721129334e-05,5.0783986251759255e-05,0.09745908554665576
2013-11-24 03:00:00,6.65619318678481e-05,5.3979675688180625e-05,0.09745908554665576
2013-11-24 04:00:00,6.862280236508901e-05,5.565130284917281e-05,0.11842200300037758
2013-11-24 05:00:00,6.984259750510461e-05,5.664085588379017e-05,0.1373506815604874
2013-11-24 06:00:00,7.801281278700072e-05,6.317002338133133e-05,0.16755846588465712
2013-11-24 07:00:00,3.3917986139923736e-07,1.3014937320120758e-05,0.2038907092126052
2013-11-24 08:00:00,1.3839928603683513e-07,7.305216168547286e-07,0.21356693190977333
2013-11-24 09:00:00,1.3685852425234325e-07,7.336272271953184e-07,0.2122480232594053
2013-11-24 10:00:00,1.2066547006742185e-07,6.506494252748563e-07,0.2182640480058083
2013-11-24 11:00:00,1.1299119163606658e-07,6.274267747241375e-07,0.21675757020661643
2013-11-24 12:00:00,1.2742980930358412e-07,6.556472444078567e-07,0.2103318988041106
2013-11-24 13:00:00,1.7808309293006204e-07,9.494715648186606e-07,0.187598727193826
2013-11-24 14:00:00,6.347423025594397e-07,2.7499374795118242e-05,0.18825649147134363
2013-11-24 15:00:00,0.3287601762158321,0.31541298273875396,0.21903842816492797
2013-11-24 16:00:00,0.3056099020815088,0.27315442018813046,0.2509047160940418
2013-11-24 17:00:00,0.2996008488412053,0.25986359714037405,0.2514342273340249
2013-11-24 18:00:00,0.315988048048694,0.2911911357681847,0.24840393891389728
2013-11-24 19:00:00,0.3075851080017806,0.27616434717421773,0.2415309292277407
2013-11-24 20:00:00,0.29669169977486265,0.2580190682801568,0.2345354279384843
2013-11-24 21:00:00,0.25435197166159507,0.1869741254597459,0.20074581595486715
2013-11-24 22:00:00,0.2992545227120021,0.2622084497949978,0.15025428543283495
2013-11-24 23:00:00,0.0002355538545569705,0.0001694139508576717,0.13275430021124038
2013-11-25 00:00:00,1.423065316983513e-05,1.1488312715375275e-05,0.10619790987552778
2013-11-25 01:00:00,1.2977932901428767e-05,1.0453487805031597e-05,0.0994964344007974
2013-11-25 02:00:00,1.1631497619081487e-05,9.326835736021664e-06,0.09745908554665576
2013-11-25 03:00:00,9.789503269988957e-06,7.885239954230876e-06,0.09745908554665576
2013-11-25 04:00:00,0.2369013270069537,0.16513640364477034,0.11842200300037758
2013-11-25 05:00:00,0.14090819983354083,0.08752340255171595,0.1373506815604874
2013-11-25 06:00:00,3.849176411478683e-05,2.6005913872017336e-05,0.16755846588465712
2013-11-25 07:00:00,0.14555506319855327,0.12771295334095975,0.2038907092126052
2013-11-25 08:00:00,6.403144486929736e-08,1.7930696635973255e-07,0.21356693190977333
2013-11-25 09:00:00,6.569957505383457e-08,1.5859471606484466e-07,0.2122480232594053
2013-11-25 10:00:00,8.16968688008416e-08,2.1286302808273994e-07,0.2182640480058083
2013-11-25 11:00:00,1.2536617107956635e-07,3.1233876162137046e-07,0.21675757020661643
2013-11-25 12:00:00,1.606078815587541e-07,3.4167683209476575e-07,0.2103318988041106
2013-11-25 13:00:00,3.3911904333161404e-07,4.461642009749564e-06,0.187598727193826
2013-11-25 14:00:00,0.0009986381175374212,0.0009990533286911138,0.18825649147134363
2013-11-25 15:00:00,0.2588620394415329,0.20275011899043197,0.21903842816492797
2013-11-25 16:00:00,0.25918097306584564,0.2031702078918338,0.2509047160940418
2013-11-25 17:00:00,0.2522008938091048,0.19413550458796835,0.2514342273340249
2013-11-25 18:00:00,0.24510720419225523,0.18528162628826378,0.24840393891389728
2013-11-25 19:00:00,0.2431690487432187,0.18291762437845302,0.2415309292277407
2013-11-25 20:00:00,0.18377045117683136,0.11351387312404372,0.2345354279384843
2013-11-25 21:00:00,3.2677513152931455e-05,2.258483254883048e-05,0.20074581595486715
2013-11-25 22:00:00,4.178601678821388e-05,2.9284412981557358e-05,0.15025428543283495
2013-11-25 23:00:00,3.3112456850488135e-05,2.3205510484434e-05,0.13275430021124038
2013-11-26 00:00:00,2.6873064769168993e-05,1.8951674889130375e-05,0.10619790987552778
2013-11-26 01:00:00,2.3716196562123004e-05,1.6852491138551724e-05,0.0994964344007974
2013-11-26 02:00:00,2.3762522317264436e-05,1.6825878831577348e-05,0.09745908554665576
2013-11-26 03:00:00,3.0133689271440797e-05,2.087174669193843e-05,0.09745908554665576
2013-11-26 04:00:00,2.18837501929474e-05,1.5547275158321857e-05,0.11842200300037758
2013-11-26 05:00:00,0.22357083547884052,0.160251072712699,0.1373506815604874
2013-11-26 06:00:00,0.2244669738603102,0.16124117948173655,0.16755846588465712
2013-11-26 07:00:00,2.3272195143407047e-07,2.0397216402304267e-05,0.2038907092126052
2013-11-26 08:00:00,1.1184010823661995e-07,2.9599489768508302e-06,0.21356693190977333
2013-11-26 09:00:00,7.533496184083289e-08,3.4978884801862225e-07,0.2122480232594053
2013-11-26 10:00:00,7.325216131112383e-08,2.817022788775354e-07,0.2182640480058083
2013-11-26 11:00:00,1.0667151869688851e-07,4.062560388871995e-07,0.21675757020661643
2013-11-26 12:00:00,2.0167879445290543e-07,1.3880370651737216e-06,0.2103318988041106
2013-11-26 13:00:00,3.3024264743641715e-07,9.664686732747785e-06,0.187598727193826
2013-11-26 14:00:00,0.19942646375862783,0.15638950659224543,0.18825649147134363
2013-11-26 15:00:00,0.23195717971846105,0.1696843957445108,0.21903842816492797
2013-11-26 16:00:00,0.23167201078911737,0.16935721303906537,0.2509047160940418
2013-11-26 17:00:00,0.23350384635499533,0.1714664267029435,0.2514342273340249
2013-11-26 18:00:00,0.2344708494780662,0.172587598195915,0.24840393891389728
2013-11-26 19:00:00,0.23268147046774568,0.1705170513581027,0.2415309292277407
2013-11-26 20:00:00,0.23026044825798028,0.16774427395888566,0.2345354279384843
2013-11-26 21:00:00,0.17649358218173808,0.1053684870580813,0.20074581595486715
2013-11-26 22:00:00,0.03653796292827695,0.051305550579753965,0.15025428543283495
2013-11-26 23:00:00,0.11339827261181727,0.07667440394589856,0.13275430021124038
2013-11-27 00:00:00,0.23151813054865322,0.16917905144136666,0.10619790987552778
2013-11-27 01:00:00,0.23270873417619858,0.17054526966943187,0.0994964344007974
2013-11-27 02:00:00,0.22519567105234645,0.1446718667838778,0.09745908554665576
2013-11-27 03:00:00,0.0028361407445173775,0.014967884243114068,0.09745908554665576
2013-11-27 04:00:00,5.608688479582357e-05,3.795470044520794e-05,0.11842200300037758
2013-11-27 05:00:00,0.24003772368165405,0.17914646865963044,0.1373506815604874
2013-11-27 06:00:00,0.24259168022719582,0.18221770136967902,0.16755846588465712
2013-11-27 07:00:00,2.5780233637183026e-05,2.6196293645998645e-05,0.2038907092126052
2013-11-27 08:00:00,3.06371223194385e-07,3.2128678243289088e-06,0.21356693190977333
2013-11-27 09:00:00,1.8227950916138337e-07,4.977714055171854e-07,0.2122480232594053
2013-11-27 10:00:00,1.265970053984761e-07,3.967697950718018e-07,0.2182640480058083
2013-11-27 11:00:00,1.3728695227276765e-07,3.7144169592292366e-07,0.21675757020661643
2013-11-27 12:00:00,2.1179221537743397e-07,1.0821655199462842e-06,0.2103318988041106
2013-11-27 13:00:00,3.593075729864842e-07,7.156165338588397e-06,0.187598727193826
2013-11-27 14:00:00,0.243305019532651,0.21951977989128382,0.18825649147134363
2013-11-27 15:00:00,0.29285290028056793,0.2518622968001803,0.21903842816492797
2013-11-27 16:00:00,0.2957781013729915,0.2565427431944381,0.2509047160940418
2013-11-27 17:00:00,0.2995756431160467,0.262738971097397,0.2514342273340249
2013-11-27 18:00:00,0.30224548778358823,0.2671788246387655,0.24840393891389728
2013-11-27 19:00:00,0.3044191609899576,0.2708456827487003,0.2415309292277407
2013-11-27 20:00:00,0.30602355429088923,0.2735828508502999,0.2345354279384843
2013-11-27 21:00:00,0.30736781569806626,0.27589639451416686,0.20074581595486715
2013-11-27 22:00:00,0.3097562729861315,0.2799668757250903,0.15025428543283495
2013-11-27 23:00:00,0.028166629066535595,0.11452175263692636,0.13275430021124038
2013-11-28 00:00:00,0.0002452953875114464,0.00016277742754935133,0.10619790987552778
2013-11-28 01:00:00,0.00017176773679025473,0.00011814587777724503,0.0994964344007974
2013-11-28 02:00:00,0.0001827147683283346,0.00012673014684143796,0.09745908554665576
2013-11-28 03:00:00,0.00024339226476833965,0.00016583389284001202,0.09745908554665576
2013-11-28 04:00:00,0.3098904090837742,0.27460921618498274,0.11842200300037758
2013-11-28 05:00:00,0.3261175892553051,0.3102383074827748,0.1373506815604874
2013-11-28 06:00:00,0.3272130271872855,0.3123722338649076,0.16755846588465712
2013-11-28 07:00:00,1.8096497309842575e-07,0.15315986079655056,0.2038907092126052
2013-11-28 08:00:00,8.810105208294125e-08,4.060661006571548e-06,0.21356693190977333
2013-11-28 09:00:00,6.981096290767267e-08,3.251693940833327e-06,0.2122480232594053
2013-11-28 10:00:00,6.294822826900281e-08,1.5168358488797429e-06,0.2182640480058083
2013-11-28 11:00:00,6.41624197226873e-08,1.3473676250692958e-06,0.21675757020661643
2013-11-28 12:00:00,7.564203827456879e-08,2.6636682830761583e-06,0.2103318988041106
2013-11-28 13:00:00,1.0546686853904196e-07,1.4434970288492704e-05,0.187598727193826
2013-11-28 14:00:00,3.019718155612519e-07,0.2321434212648949,0.18825649147134363
2013-11-28 15:00:00,0.3333210502594482,0.3245504547212905,0.21903842816492797
2013-11-28 16:00:00,0.33031753630002547,0.31850229674389563,0.2509047160940418
2013-11-28 17:00:00,0.3309065930151358,0.3196794168450098,0.2514342273340249
2013-11-28 18:00:00,0.3311797683701291,0.3202266454845398,0.24840393891389728
2013-11-28 19:00:00,0.33242729077617045,0.3227382976682619,0.2415309292277407
2013-11-28 20:00:00,0.3328019868132787,0.3234968062822518,0.2345354279384843
2013-11-28 21:00:00,0.3335908613872693,0.32509950465314164,0.20074581595486715
2013-11-28 22:00:00,0.3324163864720496,0.3227158379812049,0.15025428543283495
2013-11-28 23:00:00,0.3301374826493331,0.3135973546659078,0.13275430021124038
2013-11-29 00:00:00,0.0006287507679036403,0.0004184944883385472,0.10619790987552778
2013-11-29 01:00:00,0.0005084405874541496,0.00034746607280980674,0.0994964344007974
2013-11-29 02:00:00,0.018978203463074543,0.19171877054617084,0.09745908554665576
2013-11-29 03:00:00,0.31271353150150866,0.28861762467530844,0.09745908554665576
2013-11-29 04:00:00,0.0006423251589464124,0.00043256100803318234,0.11842200300037758
2013-11-29 05:00:00,0.3263741765170368,0.30669166207240933,0.1373506815604874
2013-11-29 06:00:00,0.33295396482646317,0.32380476528414637,0.16755846588465712
2013-11-29 07:00:00,1.5823363477038553e-07,0.16283588103801622,0.2038907092126052
2013-11-29 08:00:00,7.61237359736902e-08,4.38498511129823e-06,0.21356693190977333
2013-11-29 09:00:00,6.595803932571656e-08,3.0905804735936997e-06,0.2122480232594053
2013-11-29 10:00:00,6.10214791182439e-08,1.0181610488755305e-06,0.2182640480058083
2013-11-29 11:00:00,4.570925508426902e-08,2.730412364622986e-07,0.21675757020661643
2013-11-29 12:00:00,6.03040376232411e-08,5.79386101115621e-07,0.2103318988041106
2013-11-29 13:00:00,9.624785786857461e-08,9.188776919453074e-06,0.187598727193826
2013-11-29 14:00:00,2.8095613743999636e-07,0.22584981826245198,0.18825649147134363
2013-11-29 15:00:00,0.334498750195455,0.32695511331830973,0.21903842816492797
2013-11-29 16:00:00,0.33296298075041775,0.3238237924849974,0.2509047160940418
2013-11-29 17:00:00,0.33290420402719073,0.3237045033149267,0.2514342273340249
2013-11-29 18:00:00,0.33299259446022506,0.32388358377169174,0.24840393891389728
2013-11-29 19:00:00,0.3335323907232183,0.3249806023252865,0.2415309292277407
2013-11-29 20:00:00,0.3328289436481024,0.3235507354693898,0.2345354279384843
2013-11-29 21:00:00,0.3176284776984132,0.2912700305636258,0.20074581595486715
2013-11-29 22:00:00,0.00022730615973085125,0.00016061443818703088,0.15025428543283495
2013-11-29 23:00:00,0.0002468681146587308,0.00017985111420206672,0.13275430021124038
2013-11-30 00:00:00,0.00012333174451858913,9.829204589969987e-05,0.10619790987552778
2013-11-30 01:00:00,0.00010698194951861326,8.662496989782297e-05,0.0994964344007974
2013-11-30 02:00:00,0.0001068725445712907,8.653648118437293e-05,0.09745908554665576
2013-11-30 03:00:00,0.00013868402374270485,0.000110492349206261,0.09745908554665576
2013-11-30 04:00:00,0.2028924904789463,0.242536642722563,0.11842200300037758
2013-11-30 05:00:00,0.3209989237684759,0.2972397488715521,0.1373506815604874
2013-11-30 06:00:00,0.32952776553678,0.31693067705607414,0.16755846588465712
2013-11-30 07:00:00,2.4328086383439283e-07,0.06863590416026605,0.2038907092126052
2013-11-30 08:00:00,1.261892886966907e-07,6.101268576777247e-06,0.21356693190977333
2013-11-30 09:00:00,1.081280036607817e-07,4.566269517678772e-06,0.2122480232594053
2013-11-30 10:00:00,1.1148002328148807e-07,2.684211255121285e-06,0.2182640480058083
2013-11-30 11:00:00,1.1660900035782932e-07,4.812209610588038e-06,0.21675757020661643
2013-11-30 12:00:00,1.429446581715252e-07,6.539952078209186e-06,0.2103318988041106
2013-11-30 13:00:00,2.3666177210678325e-07,0.21958940475647645,0.187598727193826
2013-11-30 14:00:00,0.2733969849296137,0.2835207472169491,0.18825649147134363
2013-11-30 15:00:00,0.3277204560557827,0.3133663394687169,0.21903842816492797
2013-11-30 16:00:00,0.32144161391517095,0.3012953915743865,0.2509047160940418
2013-11-30 17:00:00,0.3200681879699538,0.29871847305431093,0.2514342273340249
2013-11-30 18:00:00,0.31839997146719484,0.2956179789967198,0.24840393891389728
2013-11-30 19:00:00,0.31580092611496674,0.2908509061759817,0.2415309292277407
2013-11-30 20:00:00,0.31164621773689466,0.28338730560245845,0.2345354279384843
2013-11-30 21:00:00,0.305567013889697,0.2728009740481941,0.20074581595486715
2013-11-30 22:00:00,0.0003679474868307646,0.0002551659517307598,0.15025428543283495
2013-11-30 23:00:00,7.283916072751925e-05,5.1999004052024525e-05,0.13275430021124038
2013-12-01 00:00:00,0.16684261156951657,0.13707643736792752,0.12447573777420484
2013-12-01 01:00:00,4.205082738354755e-05,3.0838091048914446e-05,0.12350443401034443
2013-12-01 02:00:00,2.5250321746079863e-05,1.990788858310118e-05,0.12367059356444712
2013-12-01 03:00:00,1.7915200029315784e-05,1.4467033270873267e-05,0.12050303387047094
2013-12-01 04:00:00,1.642196302835945e-05,1.3414465438575311e-05,0.12890779881802472
2013-12-01 05:00:00,1.6560277625617144e-05,1.3587058541271945e-05,0.1668993411464156
2013-12-01 06:00:00,0.1441388557503925,0.11434429312389607,0.20337368369019054
2013-12-01 07:00:00,1.410285987840902e-07,4.817470970978387e-06,0.22124059767889503
2013-12-01 08:00:00,3.1539171824871945e-08,1.0416673976613318e-07,0.23742500821618437
2013-12-01 09:00:00,2.7758550162597443e-08,9.469854942207394e-08,0.24352719030054595
2013-12-01 10:00:00,2.6974126209090762e-08,9.366167719245632e-08,0.24801799386564305
2013-12-01 11:00:00,2.9488097247498438e-08,1.1654473447525737e-07,0.24183986042114694
2013-12-01 12:00:00,5.000328921636466e-08,1.977179708157203e-07,0.22589462882240796
2013-12-01 13:00:00,1.1412111158397105e-07,7.174237080537106e-07,0.21131123593768364
2013-12-01 14:00:00,3.3931192461710557e-07,7.198193340042347e-06,0.2143319433187159
2013-12-01 15:00:00,0.28066520785098015,0.23318428200948702,0.2502751762354805
2013-12-01 16:00:00,0.27982831331834124,0.23194725317887702,0.2576184717661894
2013-12-01 17:00:00,0.2801553303645836,0.23242946892585153,0.2585239483283205
2013-12-01 18:00:00,0.2808265024207218,0.2334221384413978,0.2585239483283205
2013-12-01 19:00:00,0.2815305675013853,0.23446732667447037,0.2570885942225316
2013-12-01 20:00:00,0.2820834631186662,0.2352911727788942,0.2594126138386206
2013-12-01 21:00:00,0.28277022304464067,0.23631755145629843,0.2511499975172901
2013-12-01 22:00:00,0.2854825707905221,0.240410999357687,0.18328604969408438
2013-12-01 23:00:00,0.051205449569318065,0.0828975556003831,0.1386649816250805
2013-12-02 00:00:00,6.143507853178735e-05,4.354474193101366e-05,0.12447573777420484
2013-12-02 01:00:00,6.284450381274144e-05,4.467231845581193e-05,0.12350443401034443
2013-12-02 02:00:00,6.184055481097028e-05,4.429047821062045e-05,0.12367059356444712
2013-12-02 03:00:00,8.589694090974075e-05,5.820297380577396e-05,0.12050303387047094
2013-12-02 04:00:00,9.068403492969992e-05,6.143031108385553e-05,0.12890779881802472
2013-12-02 05:00:00,0.2816335928937348,0.23461978610442408,0.1668993411464156
2013-12-02 06:00:00,0.2796420275250827,0.23167246772444944,0.20337368369019054
2013-12-02 07:00:00,2.827467275335547e-07,0.10948207483513056,0.22124059767889503
2013-12-02 08:00:00,1.5018367651367218e-07,4.610331422242161e-06,0.23742500821618437
2013-12-02 09:00:00,6.94329454164819e-08,3.786655493409527e-07,0.24352719030054595
2013-12-02 10:00:00,5.772913666114609e-08,2.995452423948059e-07,0.24801799386564305
2013-12-02 11:00:00,6.705364067742057e-08,3.751807874832863e-07,0.24183986042114694
2013-12-02 12:00:00,8.474328863873424e-08,4.352018122964002e-07,0.22589462882240796
2013-12-02 13:00:00,1.4485324121439741e-07,4.431789312179641e-06,0.21131123593768364
2013-12-02 14:00:00,0.19175862025306256,0.1849030546726567,0.2143319433187159
2013-12-02 15:00:00,0.27745816034757637,0.22847814634650065,0.2502751762354805
2013-12-02 16:00:00,0.2760167092343801,0.22638956499713242,0.2576184717661894
2013-12-02 17:00:00,0.2768727289408192,0.22762749948942254,0.2585239483283205
2013-12-02 18:00:00,0.2774194814013994,0.2284208201066069,0.2585239483283205
2013-12-02 19:00:00,0.2777839909187169,0.22895091680719415,0.2570885942225316
2013-12-02 20:00:00,0.27799524303714096,0.22925872851545862,0.2594126138386206
2013-12-02 21:00:00,0.2792606924028806,0.2311110655785736,0.2511499975172901
2013-12-02 22:00:00,0.28083141832852754,0.23342843939768543,0.18328604969408438
2013-12-02 23:00:00,0.025236067771430455,0.07505668839545801,0.1386649816250805
2013-12-03 00:00:00,0.002802444593976592,0.002038514072378182,0.12447573777420484
2013-12-03 01:00:00,0.00011832476709959587,8.011188475329784e-05,0.12350443401034443
2013-12-03 02:00:00,0.00013594680028753347,9.201079653601947e-05,0.12367059356444712
2013-12-03 03:00:00,0.00016190954935740558,0.00010872678690741992,0.12050303387047094
2013-12-03 04:00:00,0.0001722608595045572,0.00011424422368511244,0.12890779881802472
2013-12-03 05:00:00,0.3103560249088722,0.2811078224025183,0.1668993411464156
2013-12-03 06:00:00,0.31239996798572894,0.2847301086518257,0.20337368369019054
2013-12-03 07:00:00,1.7559019278047263e-07,0.17392459774514812,0.22124059767889503
2013-12-03 08:00:00,3.984604825780407e-08,2.00407880138051e-07,0.23742500821618437
2013-12-03 09:00:00,1.9025686357184493e-08,7.770727805122913e-08,0.24352719030054595
2013-12-03 10:00:00,1.6607961582197538e-08,6.860293229239085e-08,0.24801799386564305
2013-12-03 11:00:00,1.7153901020378647e-08,7.045099675244389e-08,0.24183986042114694
2013-12-03 12:00:00,2.6570365565119755e-08,1.1935006166220936e-07,0.22589462882240796
2013-12-03 13:00:00,6.51880672013727e-08,7.090633189961226e-07,0.21131123593768364
2013-12-03 14:00:00,1.9760884894401662e-07,0.1985114659893963,0.2143319433187159
2013-12-03 15:00:00,0.3227450676005358,0.3037636731205093,0.2502751762354805
2013-12-03 16:00:00,0.32149017668376156,0.3013882402316776,0.2576184717661894
2013-12-03 17:00:00,0.321753763629241,0.30188530610276404,0.2585239483283205
2013-12-03 18:00:00,0.32384793098209785,0.3058656995336958,0.2585239483283205
2013-12-03 19:00:00,0.3273451043584948,0.3126315019572779,0.2570885942225316
2013-12-03 20:00:00,0.3306693656018926,0.3192054436195223,0.2594126138386206
2013-12-03 21:00:00,0.3333293300042039,0.3245674520908711,0.2511499975172901
2013-12-03 22:00:00,0.33452505342259964,0.3270085129909739,0.18328604969408438
2013-12-03 23:00:00,0.3290089171542665,0.3130821516139341,0.1386649816250805
2013-12-04 00:00:00,0.0009455230146815603,0.000636089086756062,0.12447573777420484
2013-12-04 01:00:00,0.0011586019316633914,0.0007623068869445595,0.12350443401034443
2013-12-04 02:00:00,0.15905104260757916,0.27309247420280675,0.12367059356444712
2013-12-04 03:00:00,0.0048433641207493916,0.0032810613881287514,0.12050303387047094
2013-12-04 04:00:00,0.337631254265272,0.33176541615363714,0.12890779881802472
2013-12-04 05:00:00,0.3413767873247765,0.3413776867057297,0.1668993411464156
2013-12-04 06:00:00,0.3413759514768935,0.34137713671147024,0.20337368369019054
2013-12-04 07:00:00,1.714335589206106e-07,0.012273841068542811,0.22124059767889503
2013-12-04 08:00:00,4.419523165801321e-08,2.4367874305265243e-07,0.23742500821618437
2013-12-04 09:00:00,3.687875505937796e-08,1.6521211169990871e-07,0.24352719030054595
2013-12-04 10:00:00,2.7986279446638494e-08,1.5069104502190325e-07,0.24801799386564305
2013-12-04 11:00:00,3.6320324838525105e-08,1.6271038554545017e-07,0.24183986042114694
2013-12-04 12:00:00,4.26607590502582e-08,2.1316642412125398e-07,0.22589462882240796
2013-12-04 13:00:00,8.877314449036579e-08,7.647918918773932e-07,0.21131123593768364
2013-12-04 14:00:00,3.35910651349788e-07,0.24369000960986295,0.2143319433187159
2013-12-04 15:00:00,0.3413768931864816,0.34137774742235205,0.2502751762354805
2013-12-04 16:00:00,0.34137676787854415,0.3413776688839855,0.2576184717661894
2013-12-04 17:00:00,0.34137708194342437,0.3413778756991819,0.2585239483283205
2013-12-04 18:00:00,0.3413771989762852,0.34137794703766067,0.2585239483283205
2013-12-04 19:00:00,0.34137774710854446,0.34137830248635614,0.2570885942225316
2013-12-04 20:00:00,0.34137776076361037,0.34137831568737464,0.2594126138386206
2013-12-04 21:00:00,0.34137840634486377,0.34137872380708034,0.2511499975172901
2013-12-04 22:00:00,0.34137839268972864,0.3413787197178356,0.18328604969408438
2013-12-04 23:00:00,0.34137826882816946,0.34137863455548006,0.1386649816250805
2013-12-05 00:00:00,0.34137866647637144,0.34137890635055307,0.12447573777420484
2013-12-05 01:00:00,0.1510127536480582,0.17511251805597108,0.12350443401034443
2013-12-05 02:00:00,0.04869244846014148,0.03896267025345629,0.12367059356444712
2013-12-05 03:00:00,0.33493698340798794,0.3270232465168475,0.12050303387047094
2013-12-05 04:00:00,0.3383324593955918,0.33491125587797577,0.12890779881802472
2013-12-05 05:00:00,0.33753320694519,0.33323740813839314,0.1668993411464156
2013-12-05 06:00:00,0.33557483959177625,0.32917050551432475,0.20337368369019054
2013-12-05 07:00:00,2.041424217297541e-07,0.19926179871871433,0.22124059767889503
2013-12-05 08:00:00,4.8324234427665266e-08,2.5580819092551305e-07,0.23742500821618437
2013-12-05 09:00:00,4.147596914698881e-08,1.800153270588391e-07,0.24352719030054595
2013-12-05 10:00:00,2.9385616476844278e-08,1.3513412494944677e-07,0.24801799386564305
2013-12-05 11:00:00,2.774497550978757e-08,1.27399495667091e-07,0.24183986042114694
2013-12-05 12:00:00,3.695722831313071e-08,1.6015989674171138e-07,0.22589462882240796
2013-12-05 13:00:00,5.2583180834221435e-08,2.7854612744326197e-07,0.21131123593768364
2013-12-05 14:00:00,2.4751863939113935e-07,0.21391988428511058,0.2143319433187159
2013-12-05 15:00:00,0.3335105392620388,0.32493901503947037,0.2502751762354805
2013-12-05 16:00:00,0.3338879763726486,0.3257077258421084,0.2576184717661894
2013-12-05 17:00:00,0.3341858373030227,0.32631602863449855,0.2585239483283205
2013-12-05 18:00:00,0.33685356852676906,0.33182034512499065,0.2585239483283205
2013-12-05 19:00:00,0.33372364014013506,0.3253720678693073,0.2570885942225316
2013-12-05 20:00:00,0.32832690612427706,0.3145577272580805,0.2594126138386206
2013-12-05 21:00:00,0.3254311180598642,0.3089084866445059,0.2511499975172901
2013-12-05 22:00:00,0.3204039301943115,0.29740854645479775,0.18328604969408438
2013-12-05 23:00:00,3.8452209157661884e-05,3.103463424877443e-05,0.1386649816250805
2013-12-06 00:00:00,5.565959390671585e-05,4.324448801024915e-05,0.12447573777420484
2013-12-06 01:00:00,5.321747484482322e-05,4.180081853857886e-05,0.12350443401034443
2013-12-06 02:00:00,5.1536240099980305e-05,4.0511719708675115e-05,0.12367059356444712
2013-12-06 03:00:00,4.854294215220462e-05,3.849346127013479e-05,0.12050303387047094
2013-12-06 04:00:00,5.103175479937707e-05,4.103632132641937e-05,0.12890779881802472
2013-12-06 05:00:00,0.02621791511252857,0.030235585804550463,0.1668993411464156
2013-12-06 06:00:00,0.32725145251197213,0.3124492500501313,0.20337368369019054
2013-12-06 07:00:00,2.1123493673764487e-07,1.4534955320824475e-05,0.22124059767889503
2013-12-06 08:00:00,6.447808779243587e-08,2.78533943871168e-07,0.23742500821618437
2013-12-06 09:00:00,5.212142948336744e-08,2.073270333849774e-07,0.24352719030054595
2013-12-06 10:00:00,5.656166262667922e-08,2.257979372288865e-07,0.24801799386564305
2013-12-06 11:00:00,6.50156125241135e-08,3.019346793965622e-07,0.24183986042114694
2013-12-06 12:00:00,9.984653587436112e-08,4.310436438652426e-07,0.22589462882240796
2013-12-06 13:00:00,1.996659289509757e-07,8.169988614006776e-06,0.21131123593768364
2013-12-06 14:00:00,0.2448855969767774,0.25867353229620527,0.2143319433187159
2013-12-06 15:00:00,0.32760361795584253,0.31313832314421236,0.2502751762354805
2013-12-06 16:00:00,0.3273088773833579,0.31256129010969,0.2576184717661894
2013-12-06 17:00:00,0.32936773422539734,0.3166146403484493,0.2585239483283205
2013-12-06 18:00:00,0.3295773855960006,0.3170302892662418,0.2585239483283205
2013-12-06 19:00:00,0.32870319828456096,0.315299958533794,0.2570885942225316
2013-12-06 20:00:00,0.3244241250507649,0.3069690454157748,0.2594126138386206
2013-12-06 21:00:00,0.30513592121756683,0.26465488803661424,0.2511499975172901
2013-12-06 22:00:00,6.725813059083212e-05,5.3668285321491885e-05,0.18328604969408438
2013-12-06 23:00:00,4.2329576562290885e-05,3.45018571595695e-05,0.1386649816250805
2013-12-07 00:00:00,3.7272542634655435e-05,3.02457497344611e-05,0.12447573777420484
2013-12-07 01:00:00,2.9962079131465712e-05,2.4313342159453906e-05,0.12350443401034443
2013-12-07 02:00:00,2.72938149584575e-05,2.218269848327652e-05,0.12367059356444712
2013-12-07 03:00:00,2.344734439756074e-05,1.901401872193284e-05,0.12050303387047094
2013-12-07 04:00:00,2.3250169158986758e-05,1.893831630456045e-05,0.12890779881802472
2013-12-07 05:00:00,2.5091418404360076e-05,2.05415511336092e-05,0.1668993411464156
2013-12-07 06:00:00,0.21902048860673456,0.17489404999316255,0.20337368369019054
2013-12-07 07:00:00,1.632349111157343e-07,5.915430127296419e-06,0.22124059767889503
2013-12-07 08:00:00,3.021721250384628e-08,1.133710807319046e-07,0.23742500821618437
2013-12-07 09:00:00,2.6116010924536297e-08,8.542248068976774e-08,0.24352719030054595
2013-12-07 10:00:00,2.5702656161965393e-08,8.580016769857277e-08,0.24801799386564305
2013-12-07 11:00:00,2.6364773488300907e-08,8.814120176452076e-08,0.24183986042114694
2013-12-07 12:00:00,3.280187946896907e-08,1.2989818272784203e-07,0.22589462882240796
2013-12-07 13:00:00,6.130902017052051e-08,3.1451627442648805e-07,0.21131123593768364
2013-12-07 14:00:00,2.867175422521307e-07,0.22634763583298476,0.2143319433187159
2013-12-07 15:00:00,0.3369886238325336,0.33210133365394817,0.2502751762354805
2013-12-07 16:00:00,0.3380590854952408,0.3343386673683348,0.2576184717661894
2013-12-07 17:00:00,0.3413776259325842,0.3413782270093459,0.2585239483283205
2013-12-07 18:00:00,0.3413777220009213,0.34137828892543626,0.2585239483283205
2013-12-07 19:00:00,0.3413777853795544,0.3413783300841564,0.2570885942225316
2013-12-07 20:00:00,0.33830948363105323,0.3348638060898899,0.2594126138386206
2013-12-07 21:00:00,0.3374457599309292,0.3330533050457897,0.2511499975172901
2013-12-07 22:00:00,0.33073189975853035,0.3193295812747852,0.18328604969408438
2013-12-07 23:00:00,0.3283807721605939,0.3146638722337278,0.1386649816250805
2013-12-08 00:00:00,0.3231405766384327,0.3045129064211161,0.12447573777420484
2013-12-08 01:00:00,0.23473339667338408,0.2105522644292804,0.12350443401034443
2013-12-08 02:00:00,5.653276245765424e-05,4.544302203857225e-05,0.12367059356444712
2013-12-08 03:00:00,5.1203104318506616e-05,4.155074760482052e-05,0.12050303387047094
2013-12-08 04:00:00,5.511238305944349e-05,4.462437432908493e-05,0.12890779881802472
2013-12-08 05:00:00,6.217895923592112e-05,5.045904303250122e-05,0.1668993411464156
2013-12-08 06:00:00,6.813350903890953e-05,5.5293202319911517e-05,0.20337368369019054
2013-12-08 07:00:00,2.328356316483096e-07,2.919058425666355e-06,0.22124059767889503
2013-12-08 08:00:00,5.2498395353734506e-08,2.0276341996364878e-07,0.23742500821618437
2013-12-08 09:00:00,4.4899863762588386e-08,1.7891940495360973e-07,0.24352719030054595
2013-12-08 10:00:00,4.919188856748413e-08,2.0130260585375692e-07,0.24801799386564305
2013-12-08 11:00:00,4.510262877664983e-08,1.9428274579338352e-07,0.24183986042114694
2013-12-08 12:00:00,4.5448862969436e-08,1.9577417016158363e-07,0.22589462882240796
2013-12-08 13:00:00,7.913031980281358e-08,3.95396715090448e-07,0.21131123593768364
2013-12-08 14:00:00,3.3042804474987014e-07,2.045937742577053e-05,0.2143319433187159
2013-12-08 15:00:00,0.3413774203416146,0.3413780945929064,0.2502751762354805
2013-12-08 16:00:00,0.3380447017845434,0.334308197640765,0.2576184717661894
2013-12-08 17:00:00,0.3365294748511465,0.33114498356827754,0.2585239483283205
2013-12-08 18:00:00,0.33522359847472893,0.32844417752305294,0.2585239483283205
2013-12-08 19:00:00,0.3345394516219202,0.32703814497166767,0.2570885942225316
2013-12-08 20:00:00,0.33315036861710484,0.3242033440953393,0.2594126138386206
2013-12-08 21:00:00,0.27016771281507856,0.2547034177324876,0.2511499975172901
2013-12-08 22:00:00,6.647610184138802e-05,5.4064140164871716e-05,0.18328604969408438
2013-12-08 23:00:00,5.308670445177664e-05,4.2977750530312926e-05,0.1386649816250805
2013-12-09 00:00:00,5.233327595588621e-05,4.2438895095787816e-05,0.12447573777420484
2013-12-09 01:00:00,5.075265266688374e-05,4.097330524855179e-05,0.12350443401034443
2013-12-09 02:00:00,4.4502947650056695e-05,3.600819730236575e-05,0.12367059356444712
2013-12-09 03:00:00,3.7169302365781314e-05,3.0074204567565236e-05,0.12050303387047094
2013-12-09 04:00:00,3.562715913308332e-05,2.8689665297433527e-05,0.12890779881802472
2013-12-09 05:00:00,0.012352482774171903,0.0410809091460984,0.1668993411464156
2013-12-09 06:00:00,0.30489153838420796,0.271647983336633,0.20337368369019054
2013-12-09 07:00:00,2.532501205963005e-07,0.1892738316548663,0.22124059767889503
2013-12-09 08:00:00,1.135397032872611e-07,0.14778242994914234,0.23742500821618437
2013-12-09 09:00:00,1.0377982466761853e-07,1.445926190354847e-06,0.24352719030054595
2013-12-09 10:00:00,1.1195599636736381e-07,1.6559522612619539e-06,0.24801799386564305
2013-12-09 11:00:00,1.100644395650127e-07,1.9126592885292012e-06,0.24183986042114694
2013-12-09 12:00:00,1.1932306889447013e-07,0.0189745632529864,0.22589462882240796
2013-12-09 13:00:00,2.003999939345602e-07,0.1827300363964366,0.21131123593768364
2013-12-09 14:00:00,0.23341763695557477,0.23534278783032422,0.2143319433187159
2013-12-09 15:00:00,0.3114779514241878,0.2830887702938239,0.2502751762354805
2013-12-09 16:00:00,0.3127297649254414,0.28531523011498794,0.2576184717661894
2013-12-09 17:00:00,0.315022777897249,0.2894380755328669,0.2585239483283205
2013-12-09 18:00:00,0.31732421356529306,0.2936350974274086,0.2585239483283205
2013-12-09 19:00:00,0.3202028586324051,0.29896994674347793,0.2570885942225316
2013-12-09 20:00:00,0.32265448945078035,0.3035899369454835,0.2594126138386206
2013-12-09 21:00:00,0.32342781921260355,0.30506149447675246,0.2511499975172901
2013-12-09 22:00:00,0.32349068763682104,0.30518091595435787,0.18328604969408438
2013-12-09 23:00:00,0.32045656515900106,0.297202553842256,0.1386649816250805
2013-12-10 00:00:00,0.3203643863766219,0.29927052386386976,0.12447573777420484
2013-12-10 01:00:00,0.317256163074707,0.2935084753019406,0.12350443401034443
2013-12-10 02:00:00,0.3163018856861352,0.29176163321642856,0.12367059356444712
2013-12-10 03:00:00,0.0002496263959218605,0.00016835859716724877,0.12050303387047094
2013-12-10 04:00:00,0.16956921483427098,0.17645659268228836,0.12890779881802472
2013-12-10 05:00:00,0.3189935840844284,0.2967168715257849,0.1668993411464156
2013-12-10 06:00:00,0.3188495911000219,0.2964512464734875,0.20337368369019054
2013-12-10 07:00:00,2.3428471496843482e-07,0.20026639775285016,0.22124059767889503
2013-12-10 08:00:00,1.1006260715741294e-07,0.14664313529925876,0.23742500821618437
2013-12-10 09:00:00,6.470598222852786e-08,3.640156092805385e-07,0.24352719030054595
2013-12-10 10:00:00,7.079551089063626e-08,3.6763078491022224e-07,0.24801799386564305
2013-12-10 11:00:00,7.921038399974324e-08,4.0175387159220607e-07,0.24183986042114694
2013-12-10 12:00:00,8.452976766486179e-08,4.2338755825382805e-07,0.22589462882240796
2013-12-10 13:00:00,1.877289736157722e-07,3.9643636193948264e-05,0.21131123593768364
2013-12-10 14:00:00,0.2449262295754736,0.25591837178408444,0.2143319433187159
2013-12-10 15:00:00,0.32457962263921325,0.3072692004107992,0.2502751762354805
2013-12-10 16:00:00,0.32473971425524684,0.3075766637895873,0.2576184717661894
2013-12-10 17:00:00,0.3271191441332022,0.3121898349790478,0.2585239483283205
2013-12-10 18:00:00,0.3277411660311099,0.31340730702197017,0.2585239483283205
2013-12-10 19:00:00,0.32783677079604645,0.31359456831144233,0.2570885942225316
2013-12-10 20:00:00,0.32720077350673116,0.31234858381098424,0.2594126138386206
2013-12-10 21:00:00,0.3274711240422884,0.31287710745902747,0.2511499975172901
2013-12-10 22:00:00,0.32686460108750415,0.31169159035714733,0.18328604969408438
2013-12-10 23:00:00,0.31747984532593154,0.2887706749882428,0.1386649816250805
2013-12-11 00:00:00,0.004310357694018334,0.002905721574915144,0.12447573777420484
2013-12-11 01:00:00,0.00045495324717249565,0.00031865051057425477,0.12350443401034443
2013-12-11 02:00:00,0.0008747415632146289,0.0005786523210274795,0.12367059356444712
2013-12-11 03:00:00,0.0007836074348982616,0.000521834533126614,0.12050303387047094
2013-12-11 04:00:00,0.33481327307832615,0.3275992499454361,0.12890779881802472
2013-12-11 05:00:00,0.3355363280348048,0.3290881988720511,0.1668993411464156
2013-12-11 06:00:00,0.3363571884465128,0.3307867430941417,0.20337368369019054
2013-12-11 07:00:00,2.134005440718005e-07,0.20558045482150844,0.22124059767889503
2013-12-11 08:00:00,6.491190160770797e-08,0.11940361426939071,0.23742500821618437
2013-12-11 09:00:00,5.142144030323018e-08,1.4563663343212853e-06,0.24352719030054595
2013-12-11 10:00:00,4.897274644622532e-08,1.3817403529195857e-06,0.24801799386564305
2013-12-11 11:00:00,4.577072726076268e-08,7.604750623496604e-07,0.24183986042114694
2013-12-11 12:00:00,6.245948038802766e-08,1.4117745494915759e-05,0.22589462882240796
2013-12-11 13:00:00,9.597347024556695e-08,1.4613513343155667e-05,0.21131123593768364
2013-12-11 14:00:00,3.6839761478753933e-07,0.24277830759109204,0.2143319433187159
2013-12-11 15:00:00,0.3413771385647114,0.3413779034358472,0.2502751762354805
2013-12-11 16:00:00,0.3413773775274466,0.3413780662478654,0.2576184717661894
2013-12-11 17:00:00,0.3413779115221932,0.341378398450406,0.2585239483283205
2013-12-11 18:00:00,0.3413781377963397,0.3413785537066845,0.2585239483283205
2013-12-11 19:00:00,0.3413783026228664,0.3413786652708083,0.2570885942225316
2013-12-11 20:00:00,0.34137860006954795,0.3413788515963011,0.2594126138386206
2013-12-11 21:00:00,0.3413785937246969,0.34137885661889206,0.2511499975172901
2013-12-11 22:00:00,0.34137864931067535,0.34137888519885545,0.18328604969408438
2013-12-11 23:00:00,0.34137877310301845,0.3413789589376419,0.1386649816250805
2013-12-12 00:00:00,0.3413789406819662,0.34137905760582266,0.12447573777420484
2013-12-12 01:00:00,0.33478605388272586,0.3383057090239411,0.12350443401034443
2013-12-12 02:00:00,0.3345070422535212,0.33817126269956455,0.12367059356444712
2013-12-12 03:00:00,0.3413735711573779,0.3413776660256704,0.12050303387047094
2013-12-12 04:00:00,0.3413789314427136,0.34137905863027646,0.12890779881802472
2013-12-12 05:00:00,0.34137829965689054,0.3413786708708127,0.1668993411464156
2013-12-12 06:00:00,0.34137796269367116,0.3413784301411574,0.20337368369019054
2013-12-12 07:00:00,2.1527438238915863e-07,0.2100126298353313,0.22124059767889503
2013-12-12 08:00:00,6.467817602951447e-08,1.3706861180399364e-05,0.23742500821618437
2013-12-12 09:00:00,5.322877109026209e-08,9.630015823835642e-07,0.24352719030054595
2013-12-12 10:00:00,5.007391034351479e-08,9.274942730059654e-07,0.24801799386564305
2013-12-12 11:00:00,3.58306831815461e-08,3.0354134536407973e-07,0.24183986042114694
2013-12-12 12:00:00,4.787796252074791e-08,7.424542562000455e-07,0.22589462882240796
2013-12-12 13:00:00,7.810874285511259e-08,0.031909048053116694,0.21131123593768364
2013-12-12 14:00:00,2.7998942199963686e-07,0.22248747038062772,0.2143319433187159
2013-12-12 15:00:00,0.34137771545446405,0.34137827804088594,0.2502751762354805
2013-12-12 16:00:00,0.34137775641963597,0.34137831733280855,0.2576184717661894
2013-12-12 17:00:00,0.3413777700746954,0.3413783217331444,0.2585239483283205
2013-12-12 18:00:00,0.3413777632471655,0.3413783173328085,0.2585239483283205
2013-12-12 19:00:00,0.34137787979788153,0.3413783930718359,0.2570885942225316
2013-12-12 20:00:00,0.34137818310581547,0.34137859544269333,0.2594126138386206
2013-12-12 21:00:00,0.3413781908987459,0.34137858819754324,0.2511499975172901
2013-12-12 22:00:00,0.3413785595172864,0.34137882821595783,0.18328604969408438
2013-12-12 23:00:00,0.3413787798550453,0.34137896444343585,0.1386649816250805
2013-12-13 00:00:00,0.3413787406946111,0.341378928027174,0.12447573777420484
2013-12-13 01:00:00,0.34137836254532405,0.3413785796075794,0.12350443401034443
2013-12-13 02:00:00,0.34137863162521553,0.3413787896432456,0.12367059356444712
2013-12-13 03:00:00,0.34137865772192594,0.3413788916688124,0.12050303387047094
2013-12-13 04:00:00,0.331393469123828,0.33700217233888485,0.12890779881802472
2013-12-13 05:00:00,0.34137819034617156,0.34137858935231874,0.1668993411464156
2013-12-13 06:00:00,0.3413772891818324,0.341378002330289,0.20337368369019054
2013-12-13 07:00:00,2.209106728303363e-07,0.21209470788508494,0.22124059767889503
2013-12-13 08:00:00,6.642722751086285e-08,9.270687463966104e-06,0.23742500821618437
2013-12-13 09:00:00,4.041099898757651e-08,3.655534737510876e-07,0.24352719030054595
2013-12-13 10:00:00,3.8339098862868084e-08,2.1469277178101106e-07,0.24801799386564305
2013-12-13 11:00:00,3.9786384250533274e-08,2.3993555193968874e-07,0.24183986042114694
2013-12-13 12:00:00,4.6379732217803885e-08,4.262053505193716e-07,0.22589462882240796
2013-12-13 13:00:00,8.885364361025682e-08,0.038776062087527804,0.21131123593768364
2013-12-13 14:00:00,3.5195033276903965e-07,0.2326064109259566,0.2143319433187159
2013-12-13 15:00:00,0.3413767103630274,0.3413776327935472,0.2502751762354805
2013-12-13 16:00:00,0.34137705173768956,0.3413778616101797,0.2576184717661894
2013-12-13 17:00:00,0.3413771678052302,0.34137793641568376,0.2585239483283205
2013-12-13 18:00:00,0.3413771473227173,0.34137792321471006,0.2585239483283205
2013-12-13 19:00:00,0.34137771545446405,0.3413782909307953,0.2570885942225316
2013-12-13 20:00:00,0.3413779349008431,0.341378424807512,0.2594126138386206
2013-12-13 21:00:00,0.34137822503650145,0.3413786145996244,0.2511499975172901
2013-12-13 22:00:00,0.34137856634485736,0.34137882381559914,0.18328604969408438
2013-12-13 23:00:00,0.3413786598610022,0.3413788937315568,0.1386649816250805
2013-12-14 00:00:00,0.3413782673327356,0.3413785806809801,0.12447573777420484
2013-12-14 01:00:00,0.3413783332363962,0.34137861706322975,0.12350443401034443
2013-12-14 02:00:00,0.34112910689495607,0.3412887195626968,0.12367059356444712
2013-12-14 03:00:00,0.3404494011284521,0.3409686052199936,0.12050303387047094
2013-12-14 04:00:00,0.3413732896039803,0.34137728332848305,0.12890779881802472
2013-12-14 05:00:00,0.34137842517037786,0.3413787379841136,0.1668993411464156
2013-12-14 06:00:00,0.34137809172438166,0.34137853543535407,0.20337368369019054
2013-12-14 07:00:00,4.4472784039765395e-07,0.2620374476372827,0.22124059767889503
2013-12-14 08:00:00,1.200194383482349e-07,8.788851614009698e-07,0.23742500821618437
2013-12-14 09:00:00,9.301359970444e-08,5.609270733423208e-07,0.24352719030054595
2013-12-14 10:00:00,1.1308081557955106e-07,6.819440204168842e-07,0.24801799386564305
2013-12-14 11:00:00,1.1906359813844858e-07,7.180236378852248e-07,0.24183986042114694
2013-12-14 12:00:00,1.5701697535194624e-07,1.352719033860239e-06,0.22589462882240796
2013-12-14 13:00:00,2.415421232705999e-07,3.6750333191317e-05,0.21131123593768364
2013-12-14 14:00:00,0.2617017619739824,0.2838148179432142,0.2143319433187159
2013-12-14 15:00:00,0.3413773150439804,0.34137801335368384,0.2502751762354805
2013-12-14 16:00:00,0.3413773340786097,0.3413780419783918,0.2576184717661894
2013-12-14 17:00:00,0.3413779851069999,0.34137845934312894,0.2585239483283205
2013-12-14 18:00:00,0.34137801241716775,0.341378472544157,0.2585239483283205
2013-12-14 19:00:00,0.34137793634886715,0.3413784313855653,0.2570885942225316
2013-12-14 20:00:00,0.34137819772629646,0.34137858881975996,0.2594126138386206
2013-12-14 21:00:00,0.34137842544914304,0.3413787339865158,0.2511499975172901
2013-12-14 22:00:00,0.34137883372174527,0.3413790049395825,0.18328604969408438
2013-12-14 23:00:00,0.34137248056570524,0.34137744588670005,0.1386649816250805
2013-12-15 00:00:00,0.31679389312977096,0.33126293995859213,0.12447573777420484
2013-12-15 01:00:00,0.0005053103864421337,0.0003889123806556428,0.12350443401034443
2013-12-15 02:00:00,0.00019800267644997136,0.0001586745748615701,0.12367059356444712
2013-12-15 03:00:00,0.0001678344729997548,0.00013560255705953256,0.12050303387047094
2013-12-15 04:00:00,0.00015244653873328794,0.0001234425662886581,0.12890779881802472
2013-12-15 05:00:00,0.00018285225990004683,0.0001455342740015941,0.1668993411464156
2013-12-15 06:00:00,0.00014998373057837795,0.00012044324131350866,0.20337368369019054
2013-12-15 07:00:00,4.2696481334939643e-07,1.733165916663401e-05,0.22124059767889503
2013-12-15 08:00:00,1.9419612828266102e-07,8.425076002011582e-06,0.23742500821618437
2013-12-15 09:00:00,1.6107355524571267e-07,7.316590906320717e-06,0.24352719030054595
2013-12-15 10:00:00,1.4291586596564053e-07,6.6707077578132275e-06,0.24801799386564305
2013-12-15 11:00:00,1.348059194964325e-07,6.344715446066126e-06,0.24183986042114694
2013-12-15 12:00:00,1.3976943633781713e-07,1.3433473739178882e-05,0.22589462882240796
2013-12-15 13:00:00,1.787768104040416e-07,7.335496964317716e-06,0.21131123593768364
2013-12-15 14:00:00,4.4596976012847504e-07,2.440318536134254e-05,0.2143319433187159
2013-12-15 15:00:00,0.33313730284532284,0.3241769597117994,0.2502751762354805
2013-12-15 16:00:00,0.3312539565667461,0.3203752510586705,0.2576184717661894
2013-12-15 17:00:00,0.33043201684359363,0.31873046011152206,0.2585239483283205
2013-12-15 18:00:00,0.3301157962518981,0.3180998787912855,0.2585239483283205
2013-12-15 19:00:00,0.33056266913347304,0.3189910785335027,0.2570885942225316
2013-12-15 20:00:00,0.33033727770650545,0.31854097432732065,0.2594126138386206
2013-12-15 21:00:00,0.3304270971429529,0.3187201363337368,0.2511499975172901
2013-12-15 22:00:00,0.33128893571957085,0.3204446288511427,0.18328604969408438
2013-12-15 23:00:00,0.00019061327957270064,0.00014799524539792886,0.1386649816250805
2013-12-16 00:00:00,0.00014265302933897303,0.00011431376133554765,0.12447573777420484
2013-12-16 01:00:00,0.0001421425514108846,0.00011446477160678546,0.12350443401034443
2013-12-16 02:00:00,0.00016337050696880174,0.00013192380563701372,0.12367059356444712
2013-12-16 03:00:00,0.00019918901614853813,0.00015951701536757326,0.12050303387047094
2013-12-16 04:00:00,0.00022327318489049467,0.00018147104393124227,0.12890779881802472
2013-12-16 05:00:00,0.3364377057256178,0.3309532850342374,0.1668993411464156
2013-12-16 06:00:00,0.3364296438804322,0.3309371490744224,0.20337368369019054
2013-12-16 07:00:00,3.8167386977143373e-07,0.24640259521349242,0.22124059767889503
2013-12-16 08:00:00,1.281471128855927e-07,4.6386272755682506e-06,0.23742500821618437
2013-12-16 09:00:00,1.314879534754713e-07,0.16622436704454907,0.24352719030054595
2013-12-16 10:00:00,1.1206751238321501e-07,0.16315620060888922,0.24801799386564305
2013-12-16 11:00:00,1.3349485419610448e-07,0.1680796953616603,0.24183986042114694
2013-12-16 12:00:00,1.408093375740882e-07,0.1665565822480842,0.22589462882240796
2013-12-16 13:00:00,1.9431086449607992e-07,1.611050327954548e-05,0.21131123593768364
2013-12-16 14:00:00,0.24355625183407076,0.26175750378959595,0.2143319433187159
2013-12-16 15:00:00,0.3355272238988694,0.3290698825046627,0.2502751762354805
2013-12-16 16:00:00,0.334959638719105,0.32790144443419567,0.2576184717661894
2013-12-16 17:00:00,0.3346269836493207,0.3272178787871562,0.2585239483283205
2013-12-16 18:00:00,0.33477932746768685,0.32753053304486474,0.2585239483283205
2013-12-16 19:00:00,0.3357042287191397,0.3294350935987773,0.2570885942225316
2013-12-16 20:00:00,0.33652690773883986,0.33113902640565257,0.2594126138386206
2013-12-16 21:00:00,0.33700086672004126,0.3321248122371351,0.2511499975172901
2013-12-16 22:00:00,0.3368880398691555,0.33188983006402606,0.18328604969408438
2013-12-16 23:00:00,0.33743277779138536,0.3330253909610254,0.1386649816250805
2013-12-17 00:00:00,0.3380118502767114,0.3342373834265117,0.12447573777420484
2013-12-17 01:00:00,0.33812190021323824,0.3344681737721533,0.12350443401034443
2013-12-17 02:00:00,0.33643987530044495,0.32933386362492273,0.12367059356444712
2013-12-17 03:00:00,0.33792115785655186,0.3323950067958063,0.12050303387047094
2013-12-17 04:00:00,0.33865011333706996,0.335578980542428,0.12890779881802472
2013-12-17 05:00:00,0.3413785805522788,0.34137883586159884,0.1668993411464156
2013-12-17 06:00:00,0.34137830358826066,0.3413786712267102,0.20337368369019054
2013-12-17 07:00:00,0.24574823770221263,0.27109982197364935,0.22124059767889503
2013-12-17 08:00:00,1.5486194096678302e-07,8.388315853144839e-06,0.23742500821618437
2013-12-17 09:00:00,1.4029502500513303e-07,3.066953004248168e-06,0.24352719030054595
2013-12-17 10:00:00,1.3563938600865153e-07,5.842665518660795e-06,0.24801799386564305
2013-12-17 11:00:00,1.4103502324495184e-07,2.824938300158078e-06,0.24183986042114694
2013-12-17 12:00:00,1.6367642120850323e-07,7.86110686182446e-06,0.22589462882240796
2013-12-17 13:00:00,2.2215856762152733e-07,1.452132266044028e-05,0.21131123593768364
2013-12-17 14:00:00,0.25659573733711966,0.2797923871389491,0.2143319433187159
2013-12-17 15:00:00,0.33812786389910543,0.3344826966924235,0.2502751762354805
2013-12-17 16:00:00,0.33677488097578245,0.3316555806203282,0.2576184717661894
2013-12-17 17:00:00,0.33721631138033603,0.3325756959202066,0.2585239483283205
2013-12-17 18:00:00,0.3387617979452993,0.3358156110473159,0.2585239483283205
2013-12-17 19:00:00,0.3413782246236645,0.34137859962157785,0.2570885942225316
2013-12-17 20:00:00,0.34137821779611893,0.34137859962157785,0.2594126138386206
2013-12-17 21:00:00,0.3389840152201424,0.33628381139150976,0.2511499975172901
2013-12-17 22:00:00,0.3373479895949679,0.3328483863927723,0.18328604969408438
2013-12-17 23:00:00,0.3385972371016733,0.33546753582307426,0.1386649816250805
2013-12-18 00:00:00,0.34137901721646335,0.3413791152838614,0.12447573777420484
2013-12-18 01:00:00,0.3413779976752162,0.3413786120388153,0.12350443401034443
2013-12-18 02:00:00,0.3413783004489269,0.3413787093569303,0.12367059356444712
2013-12-18 03:00:00,0.34137885934335566,0.34137895931610274,0.12050303387047094
2013-12-18 04:00:00,0.34137898523901256,0.3413791034813438,0.12890779881802472
2013-12-18 05:00:00,0.34137866931066535,0.3413788974665599,0.1668993411464156
2013-12-18 06:00:00,0.34137828945046056,0.34137865709234005,0.20337368369019054
2013-12-18 07:00:00,0.26279729907202365,0.2846722023308899,0.22124059767889503
2013-12-18 08:00:00,1.8061770215585516e-07,5.680576975483847e-05,0.23742500821618437
2013-12-18 09:00:00,1.6189219598669248e-07,7.932315417940362e-06,0.24352719030054595
2013-12-18 10:00:00,1.548322896314487e-07,4.168395647708074e-06,0.24801799386564305
2013-12-18 11:00:00,1.5975410647930704e-07,6.072837544697074e-06,0.24183986042114694
2013-12-18 12:00:00,1.8508875908305735e-07,8.929342531114225e-06,0.22589462882240796
2013-12-18 13:00:00,2.534210655943999e-07,1.5118413747648459e-05,0.21131123593768364
2013-12-18 14:00:00,0.26141618458157595,0.2835909971346575,0.2143319433187159
2013-12-18 15:00:00,0.3413781655892062,0.3413785807309499,0.2502751762354805
2013-12-18 16:00:00,0.3413781655892062,0.3413785719302655,0.2576184717661894
2013-12-18 17:00:00,0.3413781792442976,0.3413785851312923,0.2585239483283205
2013-12-18 18:00:00,0.34137817193406267,0.34137857601950006,0.2585239483283205
2013-12-18 19:00:00,0.34137826848511327,0.34137864326908457,0.2570885942225316
2013-12-18 20:00:00,0.3413784196566866,0.34137873754302706,0.2594126138386206
2013-12-18 21:00:00,0.3413785240009122,0.3413788107486603,0.2511499975172901
2013-12-18 22:00:00,0.3413788904815158,0.3413790470331294,0.18328604969408438
2013-12-18 23:00:00,0.3413789528933132,0.34137907996738853,0.1386649816250805
2013-12-19 00:00:00,0.3400373831775701,0.3408039611701088,0.12447573777420484
2013-12-19 01:00:00,0.3221099887766555,0.33348623853211007,0.12350443401034443
2013-12-19 02:00:00,0.0005781043656469016,0.00045792108767788716,0.12367059356444712
2013-12-19 03:00:00,0.0003861067447907614,0.00030469360143436984,0.12050303387047094
2013-12-19 04:00:00,0.00023111158837858884,0.00018521051911561976,0.12890779881802472
2013-12-19 05:00:00,0.333046814636699,0.32399333685543824,0.1668993411464156
2013-12-19 06:00:00,0.33028482502427514,0.31843727965448515,0.20337368369019054
2013-12-19 07:00:00,0.2376527120882724,0.251687113455413,0.22124059767889503
2013-12-19 08:00:00,1.5530447179619351e-07,6.597526722677583e-06,0.23742500821618437
2013-12-19 09:00:00,1.126502879813084e-07,4.930359115744255e-06,0.24352719030054595
2013-12-19 10:00:00,8.791325935281849e-08,1.2967070095336915e-06,0.24801799386564305
2013-12-19 11:00:00,8.166288594725692e-08,1.3370027373459794e-06,0.24183986042114694
2013-12-19 12:00:00,9.922667935511293e-08,4.053742322380946e-06,0.22589462882240796
2013-12-19 13:00:00,1.3931742784571914e-07,8.365192974639637e-06,0.21131123593768364
2013-12-19 14:00:00,0.2182478006105079,0.22545892261618314,0.2143319433187159
2013-12-19 15:00:00,0.30583401788878817,0.2732579017466412,0.2502751762354805
2013-12-19 16:00:00,0.30430754458103176,0.2706558920384534,0.2576184717661894
2013-12-19 17:00:00,0.3065216149089784,0.2744377342536473,0.2585239483283205
2013-12-19 18:00:00,0.31013196409006916,0.28071354230168655,0.2585239483283205
2013-12-19 19:00:00,0.313151604667997,0.2860691096766444,0.2570885942225316
2013-12-19 20:00:00,0.3141833076808007,0.2879215404588128,0.2594126138386206
2013-12-19 21:00:00,0.31286385433987424,0.28555416066256134,0.2511499975172901
2013-12-19 22:00:00,0.31642862464674565,0.29199407479341244,0.18328604969408438
2013-12-19 23:00:00,0.31675706114184554,0.2925944562286846,0.1386649816250805
2013-12-20 00:00:00,0.26598843979880155,0.22647161422504983,0.12447573777420484
2013-12-20 01:00:00,8.51046183336392e-05,6.648996145721074e-05,0.12350443401034443
2013-12-20 02:00:00,0.00012935605803582643,9.726599264197084e-05,0.12367059356444712
2013-12-20 03:00:00,0.0021937577181045547,0.0014989187031825859,0.12050303387047094
2013-12-20 04:00:00,0.289230620994816,0.24211462906444975,0.12890779881802472
2013-12-20 05:00:00,0.31429139708842796,0.2881163599598649,0.1668993411464156
2013-12-20 06:00:00,0.31332104899328234,0.2863728684037921,0.20337368369019054
2013-12-20 07:00:00,3.334973769875471e-07,0.211867983120121,0.22124059767889503
2013-12-20 08:00:00,1.0056297036365268e-07,0.14166943983197391,0.23742500821618437
2013-12-20 09:00:00,7.842372777328186e-08,3.359469832876093e-06,0.24352719030054595
2013-12-20 10:00:00,6.435878100680797e-08,8.873979476513808e-07,0.24801799386564305
2013-12-20 11:00:00,6.536569388382727e-08,8.692380298317459e-07,0.24183986042114694
2013-12-20 12:00:00,8.393228372725184e-08,3.7776037007024825e-06,0.22589462882240796
2013-12-20 13:00:00,1.219078251581514e-07,5.315697717138139e-06,0.21131123593768364
2013-12-20 14:00:00,0.21819492511656272,0.2304583646035183,0.2143319433187159
2013-12-20 15:00:00,0.314243200869375,0.28803020137501806,0.2502751762354805
2013-12-20 16:00:00,0.31203152973681625,0.2840715057020311,0.2576184717661894
2013-12-20 17:00:00,0.31481776822745167,0.289067428259105,0.2585239483283205
2013-12-20 18:00:00,0.31914237224311437,0.2969938972479555,0.2585239483283205
2013-12-20 19:00:00,0.3246909291535767,0.30748213361118815,0.2570885942225316
2013-12-20 20:00:00,0.3287385234958943,0.31536896047655866,0.2594126138386206
2013-12-20 21:00:00,0.33205981621480374,0.3219959863566278,0.2511499975172901
2013-12-20 22:00:00,0.33311175661699644,0.3241243562992677,0.18328604969408438
2013-12-20 23:00:00,0.017295361770638392,0.21277109745273068,0.1386649816250805
2013-12-21 00:00:00,0.00012371525046041333,0.00010062084396400714,0.12447573777420484
2013-12-21 01:00:00,0.00014598871953031846,0.0001182138672747238,0.12350443401034443
2013-12-21 02:00:00,0.00017405899356603364,0.00014042035814975162,0.12367059356444712
2013-12-21 03:00:00,0.00020239259558202418,0.00016316885572740898,0.12050303387047094
2013-12-21 04:00:00,0.00021797380701490298,0.00017372358406230886,0.12890779881802472
2013-12-21 05:00:00,0.0006463170108601615,0.0004682295059056595,0.1668993411464156
2013-12-21 06:00:00,0.34135921069791114,0.3413733099632512,0.20337368369019054
2013-12-21 07:00:00,4.0106400274608523e-07,3.200112353742233e-05,0.22124059767889503
2013-12-21 08:00:00,9.795031713080327e-08,5.400672063006942e-07,0.23742500821618437
2013-12-21 09:00:00,8.805236481179545e-08,4.854930504324871e-07,0.24352719030054595
2013-12-21 10:00:00,7.372157164880673e-08,3.016827003612157e-07,0.24801799386564305
2013-12-21 11:00:00,9.103845821345693e-08,4.078404439085979e-07,0.24183986042114694
2013-12-21 12:00:00,7.692126749818454e-08,4.6388088259938287e-07,0.22589462882240796
2013-12-21 13:00:00,1.3137823470251955e-07,8.432023376058793e-06,0.21131123593768364
2013-12-21 14:00:00,3.450670806091366e-07,0.2151129489955145,0.2143319433187159
2013-12-21 15:00:00,0.34137698076612194,0.341377808710218,0.2502751762354805
2013-12-21 16:00:00,0.33851181616794146,0.335289746938823,0.2576184717661894
2013-12-21 17:00:00,0.33800280926983406,0.3342200693346635,0.2585239483283205
2013-12-21 18:00:00,0.3366206297391624,0.33133449644856344,0.2585239483283205
2013-12-21 19:00:00,0.33502472601901784,0.3280352573754644,0.2570885942225316
2013-12-21 20:00:00,0.3336206788208778,0.32516116436185377,0.2594126138386206
2013-12-21 21:00:00,0.3326858043330915,0.3232620265798326,0.2511499975172901
2013-12-21 22:00:00,0.22144914799082074,0.23691285911488558,0.18328604969408438
2013-12-21 23:00:00,0.00011390749074757418,9.223449123147191e-05,0.1386649816250805
2013-12-22 00:00:00,0.00013011307371489967,0.00010489037317091559,0.12447573777420484
2013-12-22 01:00:00,0.00014615161786340336,0.00011782224515548068,0.12350443401034443
2013-12-22 02:00:00,0.00016004017295838572,0.00012873337589886568,0.12367059356444712
2013-12-22 03:00:00,0.00017010042036193703,0.00013682821783542046,0.12050303387047094
2013-12-22 04:00:00,0.0001703697431497591,0.0001373529510956044,0.12890779881802472
2013-12-22 05:00:00,0.00015149412211877685,0.00012213454101130672,0.1668993411464156
2013-12-22 06:00:00,0.0001361656883664765,0.00010977774172972965,0.20337368369019054
2013-12-22 07:00:00,2.8378549704284875e-07,1.1560224361256695e-05,0.22124059767889503
2013-12-22 08:00:00,4.305198816018663e-08,1.9451766634644638e-07,0.23742500821618437
2013-12-22 09:00:00,2.5635305462224776e-08,1.0641372172308079e-07,0.24352719030054595
2013-12-22 10:00:00,2.2229532115697872e-08,9.149271294393706e-08,0.24801799386564305
2013-12-22 11:00:00,2.1019778623755358e-08,8.657219489365684e-08,0.24183986042114694
2013-12-22 12:00:00,2.3568375002259623e-08,9.583736169710334e-08,0.22589462882240796
2013-12-22 13:00:00,7.908568273924243e-08,8.092625164009052e-07,0.21131123593768364
2013-12-22 14:00:00,2.422379174224868e-07,1.0287323947305619e-05,0.2143319433187159
2013-12-22 15:00:00,0.31912359329694767,0.29696009189459993,0.2502751762354805
2013-12-22 16:00:00,0.3190064858271275,0.29674254246753146,0.2576184717661894
2013-12-22 17:00:00,0.319403411665483,0.2974795198590793,0.2585239483283205
2013-12-22 18:00:00,0.31888691429255517,0.29651993096937745,0.2585239483283205
2013-12-22 19:00:00,0.3179102993717409,0.29471345811842653,0.2570885942225316
2013-12-22 20:00:00,0.3164678370249568,0.2920662627599,0.2594126138386206
2013-12-22 21:00:00,0.312634985515068,0.28206774534632434,0.2511499975172901
2013-12-22 22:00:00,0.00014083476997084565,0.00010102432721762097,0.18328604969408438
2013-12-22 23:00:00,2.7987652585078693e-05,2.266056711342395e-05,0.1386649816250805
2013-12-23 00:00:00,2.6723638690644116e-05,2.1589039883948093e-05,0.12447573777420484
2013-12-23 01:00:00,2.844496163932913e-05,2.2928510184736747e-05,0.12350443401034443
2013-12-23 02:00:00,5.6570822375459244e-05,4.291728716742258e-05,0.12367059356444712
2013-12-23 03:00:00,6.271773385459661e-05,4.767613179330275e-05,0.12050303387047094
2013-12-23 04:00:00,4.132813275289166e-05,3.3536852204282124e-05,0.12890779881802472
2013-12-23 05:00:00,5.946751519062961e-05,4.7258271898335756e-05,0.1668993411464156
2013-12-23 06:00:00,0.18195981156291577,0.19678160689964813,0.20337368369019054
2013-12-23 07:00:00,2.873412838990431e-07,1.128360087085327e-05,0.22124059767889503
2013-12-23 08:00:00,8.04743328858871e-08,4.231374830643291e-07,0.23742500821618437
2013-12-23 09:00:00,5.8380416555481174e-08,3.123207967928168e-07,0.24352719030054595
2013-12-23 10:00:00,4.0420079418180447e-08,2.1764034167444302e-07,0.24801799386564305
2013-12-23 11:00:00,4.7852371223766014e-08,2.391077297650282e-07,0.24183986042114694
2013-12-23 12:00:00,5.544123511273936e-08,3.0568560806460546e-07,0.22589462882240796
2013-12-23 13:00:00,1.2897781694404154e-07,6.194622195686894e-06,0.21131123593768364
2013-12-23 14:00:00,3.76615651722793e-07,8.105535614523272e-05,0.2143319433187159
2013-12-23 15:00:00,0.3413778069592331,0.3413783465239039,0.2502751762354805
2013-12-23 16:00:00,0.3413775000704499,0.3413781486911742,0.2576184717661894
2013-12-23 17:00:00,0.3413772285581361,0.3413779687683622,0.2585239483283205
2013-12-23 18:00:00,0.34137742800436705,0.34137809824489135,0.2585239483283205
2013-12-23 19:00:00,0.33762505162857714,0.33342917118205534,0.2570885942225316
2013-12-23 20:00:00,0.33603734409976466,0.33012400099197303,0.2594126138386206
2013-12-23 21:00:00,0.33567878712479227,0.3293823970607563,0.2511499975172901
2013-12-23 22:00:00,0.33569876043464486,0.32942391231392304,0.18328604969408438
2013-12-23 23:00:00,0.020664160353367364,0.2507147610077117,0.1386649816250805
2013-12-24 00:00:00,0.00019273203129705377,0.00015368768161967727,0.12447573777420484
2013-12-24 01:00:00,0.00033612043620592595,0.00024968169344352414,0.12350443401034443
2013-12-24 02:00:00,0.00015262948659700135,0.00011946806842533619,0.12367059356444712
2013-12-24 03:00:00,0.0001314157281291068,0.00010315779100600623,0.12050303387047094
2013-12-24 04:00:00,0.0001383890046515544,0.00010689389737047337,0.12890779881802472
2013-12-24 05:00:00,8.161774487014437e-05,6.531186551284177e-05,0.1668993411464156
2013-12-24 06:00:00,0.2911500644230586,0.2549575938475452,0.20337368369019054
2013-12-24 07:00:00,2.813412875548857e-07,1.0443456921311325e-05,0.22124059767889503
2013-12-24 08:00:00,3.50254406850598e-08,1.7468390440913843e-07,0.23742500821618437
2013-12-24 09:00:00,3.5932505617526226e-08,1.7066319759781073e-07,0.24352719030054595
2013-12-24 10:00:00,2.805652559434102e-08,1.0916975179906436e-07,0.24801799386564305
2013-12-24 11:00:00,2.9161919744049332e-08,1.1335879256466793e-07,0.24183986042114694
2013-12-24 12:00:00,4.256474265488541e-08,2.1944979410465962e-07,0.22589462882240796
2013-12-24 13:00:00,5.773593585223443e-08,3.237214344159754e-07,0.21131123593768364
2013-12-24 14:00:00,2.5909806667500104e-07,8.30936187302418e-06,0.2143319433187159
2013-12-24 15:00:00,0.3018679906403011,0.26654779476314455,0.2502751762354805
2013-12-24 16:00:00,0.2980721902869855,0.2602698099305206,0.2576184717661894
2013-12-24 17:00:00,0.29373767612150786,0.2532699619433698,0.2585239483283205
2013-12-24 18:00:00,0.2861938222713779,0.24149663098880447,0.2585239483283205
2013-12-24 19:00:00,0.28097814636535307,0.23364098326859076,0.2570885942225316
2013-12-24 20:00:00,0.2748691653685529,0.22417610031917062,0.2594126138386206
2013-12-24 21:00:00,0.21795501480754428,0.14938985672132604,0.2511499975172901
2013-12-24 22:00:00,1.971074086431688e-05,1.554342715631821e-05,0.18328604969408438
2013-12-24 23:00:00,1.3491551758932953e-05,1.0834395659099239e-05,0.1386649816250805
2013-12-25 00:00:00,1.837352877136213e-05,1.4045196341903231e-05,0.12447573777420484
2013-12-25 01:00:00,1.7710604264862226e-05,1.3568004840934136e-05,0.12350443401034443
2013-12-25 02:00:00,1.0799877297779618e-05,8.660022246678368e-06,0.12367059356444712
2013-12-25 03:00:00,1.0305664135798357e-05,8.26372959912741e-06,0.12050303387047094
2013-12-25 04:00:00,9.977710036205863e-06,8.000757091957775e-06,0.12890779881802472
2013-12-25 05:00:00,1.4726808168835286e-05,1.1340251878280724e-05,0.1668993411464156
2013-12-25 06:00:00,1.6865074834964284e-05,1.2714611435711785e-05,0.20337368369019054
2013-12-25 07:00:00,3.609737555835873e-07,4.823246703086542e-06,0.22124059767889503
2013-12-25 08:00:00,5.9035421429964245e-08,1.4212113596287007e-07,0.23742500821618437
2013-12-25 09:00:00,4.881250940632311e-08,1.0813073592582678e-07,0.24352719030054595
2013-12-25 10:00:00,4.445328570904658e-08,1.0662430554090399e-07,0.24801799386564305
2013-12-25 11:00:00,3.436050630893257e-08,9.81291212023e-08,0.24183986042114694
2013-12-25 12:00:00,5.4584768480614946e-08,1.1542898478801087e-07,0.22589462882240796
2013-12-25 13:00:00,8.014506898647102e-08,2.107069577477092e-07,0.21131123593768364
2013-12-25 14:00:00,4.5256079546158457e-07,2.474991915615693e-06,0.2143319433187159
2013-12-25 15:00:00,8.856515643099179e-06,7.170750680073996e-06,0.2502751762354805
2013-12-25 16:00:00,1.4556735368620319e-05,1.134589550884072e-05,0.2576184717661894
2013-12-25 17:00:00,0.2463498891015716,0.1800816537618746,0.2585239483283205
2013-12-25 18:00:00,0.253583678750241,0.1958970312133159,0.2585239483283205
2013-12-25 19:00:00,0.25705666249964265,0.20038329047023215,0.2570885942225316
2013-12-25 20:00:00,0.001655999096582306,0.04000368826400267,0.2594126138386206
2013-12-25 21:00:00,0.25893847652551844,0.2028473108652836,0.2511499975172901
2013-12-25 22:00:00,0.00011553126620903991,8.067549155846316e-05,0.18328604969408438
2013-12-25 23:00:00,1.0955481344448984e-05,8.835947467963001e-06,0.1386649816250805
2013-12-26 00:00:00,9.74168190833982e-06,7.85788114203831e-06,0.12447573777420484
2013-12-26 01:00:00,9.791086584191968e-06,7.839623304930104e-06,0.12350443401034443
2013-12-26 02:00:00,7.383302829246763e-06,6.061496096370312e-06,0.12367059356444712
2013-12-26 03:00:00,6.413645877297078e-06,5.269725978512649e-06,0.12050303387047094
2013-12-26 04:00:00,8.652175107306516e-06,6.969166496770394e-06,0.12890779881802472
2013-12-26 05:00:00,7.977620624490053e-06,6.4447549505370815e-06,0.1668993411464156
2013-12-26 06:00:00,2.0798119374622952e-05,1.5327998567189237e-05,0.20337368369019054
2013-12-26 07:00:00,1.4735393869266595e-05,1.2946706720519595e-05,0.22124059767889503
2013-12-26 08:00:00,4.422622031398218e-06,5.001012507475836e-06,0.23742500821618437
2013-12-26 09:00:00,3.8882747979889356e-07,4.094031852882215e-07,0.24352719030054595
2013-12-26 10:00:00,2.7502358464750143e-07,4.284678746514076e-07,0.24801799386564305
2013-12-26 11:00:00,4.776032855734731e-07,4.7512072939559767e-07,0.24183986042114694
2013-12-26 12:00:00,5.72253810473601e-07,5.898159067820535e-07,0.22589462882240796
2013-12-26 13:00:00,4.250410655060212e-06,4.679957860443852e-06,0.21131123593768364
2013-12-26 14:00:00,1.5972432288267945e-05,1.3698254842333083e-05,0.2143319433187159
2013-12-26 15:00:00,0.24236768106413134,0.18194683843297807,0.2502751762354805
2013-12-26 16:00:00,0.2436183706180024,0.18346337365049725,0.2576184717661894
2013-12-26 17:00:00,0.24862378599341262,0.18963032058026755,0.2585239483283205
2013-12-26 18:00:00,0.2592114414714707,0.2032096891701985,0.2585239483283205
2013-12-26 19:00:00,0.27275108373002205,0.22171739534267085,0.2570885942225316
2013-12-26 20:00:00,0.28373593290255417,0.23776785429317193,0.2594126138386206
2013-12-26 21:00:00,0.29032494165987777,0.2478795742840859,0.2511499975172901
2013-12-26 22:00:00,1.928679733260128e-05,1.5685141195073116e-05,0.18328604969408438
2013-12-26 23:00:00,2.0876763709242522e-05,1.681599458804611e-05,0.1386649816250805
2013-12-27 00:00:00,2.1564912084427803e-05,1.7239965554627367e-05,0.12447573777420484
2013-12-27 01:00:00,4.1298851735270946e-06,3.123661746286095e-06,0.12350443401034443
2013-12-27 02:00:00,4.664792063676664e-06,3.5282469030450316e-06,0.12367059356444712
2013-12-27 03:00:00,3.9100812686931206e-06,2.9606552879441694e-06,0.12050303387047094
2013-12-27 04:00:00,7.609713037721349e-06,6.2243734183687185e-06,0.12890779881802472
2013-12-27 05:00:00,1.816585093606113e-05,1.4599516039196018e-05,0.1668993411464156
2013-12-27 06:00:00,1.3597249948006901e-05,1.097700244152162e-05,0.20337368369019054
2013-12-27 07:00:00,6.624046447813694e-07,5.527098413820293e-06,0.22124059767889503
2013-12-27 08:00:00,2.3329603318589418e-07,5.480976719671636e-06,0.23742500821618437
2013-12-27 09:00:00,1.4910382636203365e-07,5.855006473319552e-07,0.24352719030054595
2013-12-27 10:00:00,9.972041553297712e-08,4.193011298418361e-07,0.24801799386564305
2013-12-27 11:00:00,8.532189034060926e-08,5.571926753419647e-07,0.24183986042114694
2013-12-27 12:00:00,1.3168088619580994e-07,1.2491645908603336e-06,0.22589462882240796
2013-12-27 13:00:00,1.985461310643217e-07,7.295498930772995e-06,0.21131123593768364
2013-12-27 14:00:00,4.776152764768566e-07,1.6075778666845823e-05,0.2143319433187159
2013-12-27 15:00:00,0.32269921270870416,0.3036749901586239,0.2502751762354805
2013-12-27 16:00:00,0.33050236966017094,0.31887155512234683,0.2576184717661894
2013-12-27 17:00:00,0.3342380854676968,0.32642177718799087,0.2585239483283205
2013-12-27 18:00:00,0.33630511779637057,0.330560918803448,0.2585239483283205
2013-12-27 19:00:00,0.33863562100093986,0.3355494767746114,0.2570885942225316
2013-12-27 20:00:00,0.3413780732823993,0.3413783318449256,0.2594126138386206
2013-12-27 21:00:00,0.28,0.314996725605763,0.2511499975172901
2013-12-27 22:00:00,0.274671052631579,0.3128919860627178,0.18328604969408438
2013-12-27 23:00:00,0.28201634877384196,0.3153575615474795,0.1386649816250805
2013-12-28 00:00:00,0.2819499341238472,0.31548974943052394,0.12447573777420484
2013-12-28 01:00:00,0.27973856209150333,0.3145299145299146,0.12350443401034443
2013-12-28 02:00:00,0.27541827541827546,0.3123938879456707,0.12367059356444712
2013-12-28 03:00:00,0.0005943362268857619,0.00046312338127051865,0.12050303387047094
2013-12-28 04:00:00,0.0004260682321485065,0.0003382542552155201,0.12890779881802472
2013-12-28 05:00:00,0.00045705655578077195,0.0003578738826149767,0.1668993411464156
2013-12-28 06:00:00,0.0003063202862902413,0.0002470365266664351,0.20337368369019054
2013-12-28 07:00:00,3.0433112260865645e-07,7.89703341689147e-06,0.22124059767889503
2013-12-28 08:00:00,3.114440489520282e-08,1.3096913439932081e-07,0.23742500821618437
2013-12-28 09:00:00,2.495168688041635e-08,1.0626442756560742e-07,0.24352719030054595
2013-12-28 10:00:00,2.294353237997399e-08,9.79006421263957e-08,0.24801799386564305
2013-12-28 11:00:00,2.210233522664884e-08,8.815109001121026e-08,0.24183986042114694
2013-12-28 12:00:00,2.391971300490478e-08,1.0222701762346759e-07,0.22589462882240796
2013-12-28 13:00:00,4.357790791375788e-08,1.7832915400189437e-07,0.21131123593768364
2013-12-28 14:00:00,2.272210086726851e-07,5.6286307785643216e-06,0.2143319433187159
2013-12-28 15:00:00,0.00048567581855255584,0.00036212026307547764,0.2502751762354805
2013-12-28 16:00:00,0.31776626928097274,0.2964134149972949,0.2576184717661894
2013-12-28 17:00:00,0.32942029621506275,0.3120318044215323,0.2585239483283205
2013-12-28 18:00:00,0.325803435352954,0.3034659161302029,0.2585239483283205
2013-12-28 19:00:00,0.00986206156752884,0.1517436808126185,0.2570885942225316
2013-12-28 20:00:00,0.0001231102575466588,9.361482550003506e-05,0.2594126138386206
2013-12-28 21:00:00,0.00012126630556255677,9.197093718384992e-05,0.2511499975172901
2013-12-28 22:00:00,6.352539998188999e-05,5.0727742728294094e-05,0.18328604969408438
2013-12-28 23:00:00,8.013829580189814e-05,6.3070002312949e-05,0.1386649816250805
2013-12-29 00:00:00,8.245131615803066e-05,6.460394827377209e-05,0.12447573777420484
2013-12-29 01:00:00,7.371212178620317e-05,5.754894092352803e-05,0.12350443401034443
2013-12-29 02:00:00,5.170220154826293e-05,4.164749244191602e-05,0.12367059356444712
2013-12-29 03:00:00,5.133222587663692e-05,4.1349610398395606e-05,0.12050303387047094
2013-12-29 04:00:00,8.769342857880789e-05,6.678271215784691e-05,0.12890779881802472
2013-12-29 05:00:00,6.337886154919704e-05,4.9729464977326917e-05,0.1668993411464156
2013-12-29 06:00:00,8.106500127489894e-05,6.406909589061678e-05,0.20337368369019054
2013-12-29 07:00:00,3.3065131033807774e-07,1.5028793163862872e-06,0.22124059767889503
2013-12-29 08:00:00,9.935341048837692e-08,3.467432450948423e-07,0.23742500821618437
2013-12-29 09:00:00,5.238694112301537e-08,2.0444083659371037e-07,0.24352719030054595
2013-12-29 10:00:00,5.968672586316556e-08,1.8645771593493277e-07,0.24801799386564305
2013-12-29 11:00:00,5.390633539732157e-08,2.3302057699856214e-07,0.24183986042114694
2013-12-29 12:00:00,8.498295301450596e-08,3.442377617385341e-07,0.22589462882240796
2013-12-29 13:00:00,1.7841591998117356e-07,8.8210700894409e-07,0.21131123593768364
2013-12-29 14:00:00,5.579532433787166e-07,2.2493057916093836e-05,0.2143319433187159
2013-12-29 15:00:00,0.00028379616443314294,0.00021728057443667773,0.2502751762354805
2013-12-29 16:00:00,0.008409467700519637,0.00586778751118417,0.2576184717661894
2013-12-29 17:00:00,0.32195260255612146,0.29728726292109936,0.2585239483283205
2013-12-29 18:00:00,0.3251598387161852,0.3021751859731452,0.2585239483283205
2013-12-29 19:00:00,0.0007117744014087725,0.0005096449534558245,0.2570885942225316
2013-12-29 20:00:00,4.941942532606463e-05,4.0192118325596355e-05,0.2594126138386206
2013-12-29 21:00:00,4.076143333797086e-05,3.315034878640754e-05,0.2511499975172901
2013-12-29 22:00:00,4.767980640285554e-05,3.8605686154302295e-05,0.18328604969408438
2013-12-29 23:00:00,4.770422825390081e-05,3.7740152884320615e-05,0.1386649816250805
2013-12-30 00:00:00,5.578706748949294e-05,4.244309341195808e-05,0.12447573777420484
2013-12-30 01:00:00,2.8237914980401017e-05,2.2694476328025556e-05,0.12350443401034443
2013-12-30 02:00:00,2.7279874420549173e-05,2.1973907737536336e-05,0.12367059356444712
2013-12-30 03:00:00,2.6522283191519003e-05,2.136370532105088e-05,0.12050303387047094
2013-12-30 04:00:00,4.987103610825992e-05,3.7512940985189734e-05,0.12890779881802472
2013-12-30 05:00:00,2.7610713555646148e-05,2.2390518734841734e-05,0.1668993411464156
2013-12-30 06:00:00,2.880114790682915e-05,2.3319807844783362e-05,0.20337368369019054
2013-12-30 07:00:00,7.750361627029542e-07,1.4365339767898889e-05,0.22124059767889503
2013-12-30 08:00:00,1.8784561244619948e-07,7.468020602206244e-07,0.23742500821618437
2013-12-30 09:00:00,1.1831013003513716e-07,4.905385762525585e-07,0.24352719030054595
2013-12-30 10:00:00,1.1960783652364512e-07,4.28709112507336e-07,0.24801799386564305
2013-12-30 11:00:00,1.1758217006548905e-07,5.164706942826777e-07,0.24183986042114694
2013-12-30 12:00:00,1.4103656629667793e-07,5.938996226862902e-07,0.22589462882240796
2013-12-30 13:00:00,3.414076090623407e-07,6.637685907710551e-06,0.21131123593768364
2013-12-30 14:00:00,8.496238980510798e-07,4.058941190322948e-05,0.2143319433187159
2013-12-30 15:00:00,0.31714131870102286,0.29316864401550924,0.2502751762354805
2013-12-30 16:00:00,0.31679162820864526,0.2926587499794461,0.2576184717661894
2013-12-30 17:00:00,0.3171499946803452,0.293315343236599,0.2585239483283205
2013-12-30 18:00:00,0.3192778539601503,0.29724475818292445,0.2585239483283205
2013-12-30 19:00:00,0.32100437989326425,0.30047202390282257,0.2570885942225316
2013-12-30 20:00:00,0.31215171130373986,0.27632739534728423,0.2594126138386206
2013-12-30 21:00:00,0.0002552617964984888,0.00017855360893099915,0.2511499975172901
2013-12-30 22:00:00,7.282390612606035e-05,5.8834528608977465e-05,0.18328604969408438
2013-12-30 23:00:00,0.00011591709652589965,9.147781597853755e-05,0.1386649816250805
2013-12-31 00:00:00,0.00016563425893789265,0.00012826007259809265,0.12447573777420484
2013-12-31 01:00:00,0.00011782693069363152,9.491711389691063e-05,0.12350443401034443
2013-12-31 02:00:00,0.00013305781281811637,0.00010694720878624314,0.12367059356444712
2013-12-31 03:00:00,0.0001506097881845714,0.0001207840438552413,0.12050303387047094
2013-12-31 04:00:00,0.00014635116743537543,0.00011692884800592862,0.12890779881802472
2013-12-31 05:00:00,0.00015363229994912655,0.00012385232711058328,0.1668993411464156
2013-12-31 06:00:00,0.00017937508727081342,0.0001449312319057876,0.20337368369019054
2013-12-31 07:00:00,5.287055385077392e-07,2.206844106762891e-05,0.22124059767889503
2013-12-31 08:00:00,2.2731609169192365e-07,1.9227423927920793e-05,0.23742500821618437
2013-12-31 09:00:00,2.1139735634393563e-07,5.197441973877879e-06,0.24352719030054595
2013-12-31 10:00:00,2.0622729614696006e-07,4.619303438356307e-06,0.24801799386564305
2013-12-31 11:00:00,1.95876836660583e-07,5.716338895450609e-06,0.24183986042114694
2013-12-31 12:00:00,2.392184112536474e-07,7.57365046629343e-06,0.22589462882240796
2013-12-31 13:00:00,3.7635985873709064e-07,1.9655919282825617e-05,0.21131123593768364
2013-12-31 14:00:00,9.344301050953539e-07,4.537746961344533e-05,0.2143319433187159
2013-12-31 15:00:00,0.34137857825823636,0.34137882587266016,0.2502751762354805
2013-12-31 16:00:00,0.3413785270136775,0.3413788000621834,0.2576184717661894
2013-12-31 17:00:00,0.3385922696750234,0.33545762592667283,0.2585239483283205
2013-12-31 18:00:00,0.33762444247841006,0.33342630276085844,0.2585239483283205
2013-12-31 19:00:00,0.0003259415566064397,0.00026274913742969057,0.2570885942225316
2013-12-31 20:00:00,0.0003764077345718362,0.00029744706476316765,0.2594126138386206
2013-12-31 21:00:00,0.0004620575530291634,0.0003630634023692148,0.2511499975172901
2013-12-31 22:00:00,0.0004832514053625173,0.00037837531047045563,0.18328604969408438
2013-12-31 23:00:00,0.0005749365286192122,0.0004498901524941845,0.1386649816250805
