ts,mber,aer,moer,cmer
2013-01-01 00:00:00,0.3367137065951245,0.5338497928191678,0.061626873079743245,0.19917028983743387
2013-01-01 01:00:00,0.3364840416461731,0.530579523007222,0.06264650875190234,0.19956527519903772
2013-01-01 02:00:00,0.3371045687113279,0.5190821066125862,0.06093323434733623,0.19901890152933205
2013-01-01 03:00:00,0.3366421106609063,0.5107729283579281,0.05866714352857391,0.19765462709474013
2013-01-01 04:00:00,0.33587998712078015,0.49764096961055365,0.05157196634260346,0.1937259767316918
2013-01-01 05:00:00,0.3350263357671905,0.4836494471693045,0.07316630042190168,0.2040963180945461
2013-01-01 06:00:00,0.33403891987173284,0.46836488189730763,0.10063756534093445,0.21733824260633364
2013-01-01 07:00:00,4.792967630080676e-08,0.054257349664590636,0.10503616752977145,0.05251810772972387
2013-01-01 08:00:00,9.05119966772684e-09,8.288112974538603e-08,0.10424300492463225,0.052121506987915955
2013-01-01 09:00:00,7.898569830972844e-09,7.096622705565869e-08,0.10898770390298412,0.054493855900776975
2013-01-01 10:00:00,7.972750351157795e-09,7.193862169714026e-08,0.1149264230679914,0.057463215520370876
2013-01-01 11:00:00,8.889524904764075e-09,8.03332292285565e-08,0.11230492153776392,0.05615246521364441
2013-01-01 12:00:00,1.1282614159135445e-08,1.1037675961362337e-07,0.09670637197291582,0.04835319162776499
2013-01-01 13:00:00,2.5403475139511443e-08,2.955448738194805e-07,0.09008923951078027,0.045044632457127705
2013-01-01 14:00:00,5.383590883505504e-07,0.29424680450997504,0.09229091393026187,0.04614572614467511
2013-01-01 15:00:00,0.2910418428659255,0.3933284431626024,0.11714861663980856,0.20409522975286704
2013-01-01 16:00:00,0.18365389911093288,0.33902903556728337,0.1236156703296592,0.15363478472029604
2013-01-01 17:00:00,0.11723081046564356,0.2804583563615623,0.12084596472636071,0.11903838759600213
2013-01-01 18:00:00,3.897936708705561e-07,0.22571153158317264,0.12124527268477102,0.060622831239220944
2013-01-01 19:00:00,2.64786815080158e-07,0.19187970246060923,0.10606979422661464,0.05303502950671486
2013-01-01 20:00:00,2.22928572530186e-07,0.1788916461192674,0.05162779699283798,0.025814009960705257
2013-01-01 21:00:00,2.3543391755189822e-07,0.18445637845349966,0.05013498928014478,0.025067612357031165
2013-01-01 22:00:00,1.9200373227327724e-07,0.16425866966735325,0.05513426380981423,0.027567227906773253
2013-01-01 23:00:00,1.6961379370916623e-07,0.15682649358240208,0.057951285677900734,0.028975727645847223
2013-01-02 00:00:00,1.6965279229680082e-07,0.15718183445437475,0.061626873079743245,0.03081352136626777
2013-01-02 01:00:00,1.7336990913052628e-07,0.15985067621990567,0.06264650875190234,0.031323341060905736
2013-01-02 02:00:00,1.7827641872171435e-07,0.16138063785664533,0.06093323434733623,0.03046670631187748
2013-01-02 03:00:00,1.739062906901196e-07,0.15984747249455575,0.05866714352857391,0.0293336587174323
2013-01-02 04:00:00,1.5625279878947833e-07,0.15137901438267642,0.05157196634260346,0.025786061297701127
2013-01-02 05:00:00,1.330871092757565e-07,0.13814487746829554,0.07316630042190168,0.03658321675450548
2013-01-02 06:00:00,1.1055705165489786e-07,0.12440350031771297,0.10063756534093445,0.05031883794899305
2013-01-02 07:00:00,3.676552106439419e-08,0.051496855404835326,0.10503616752977145,0.05251810214764625
2013-01-02 08:00:00,2.0251426454788057e-08,0.02488083026911721,0.10424300492463225,0.05212151258802935
2013-01-02 09:00:00,1.701342739671703e-08,0.02390382668766683,0.10898770390298412,0.05449386045820576
2013-01-02 10:00:00,1.7309955721717473e-08,0.024480440063218607,0.1149264230679914,0.05746322018897356
2013-01-02 11:00:00,2.2431190808090805e-08,0.028231814154193163,0.11230492153776392,0.05615247198447736
2013-01-02 12:00:00,3.170119026144888e-08,0.05136507653438441,0.09670637197291582,0.048353201837053036
2013-01-02 13:00:00,5.195804236928012e-08,0.07356588323974408,0.09008923951078027,0.04504464573441132
2013-01-02 14:00:00,1.0736473473326668e-07,0.13282293205049603,0.09229091393026187,0.0461455106474983
2013-01-02 15:00:00,1.2164251320023087e-07,0.1411012815320442,0.11714861663980856,0.05857436914116088
2013-01-02 16:00:00,1.1997946867703102e-07,0.13855869909469376,0.1236156703296592,0.06180789515456394
2013-01-02 17:00:00,1.2185229085242335e-07,0.14000336823631193,0.12084596472636071,0.06042304328932578
2013-01-02 18:00:00,1.3087124701119815e-07,0.1469600993472924,0.12124527268477102,0.06062270177800901
2013-01-02 19:00:00,1.4813048022177987e-07,0.15926584960455598,0.10606979422661464,0.05303497117854743
2013-01-02 20:00:00,1.7535563397884611e-07,0.175805608032395,0.05162779699283798,0.02581398617423598
2013-01-02 21:00:00,2.2079864193580032e-07,0.19803863856775147,0.05013498928014478,0.025067605039393356
2013-01-02 22:00:00,2.2698328606509577e-07,0.19067576963804522,0.05513426380981423,0.027567245396550148
2013-01-02 23:00:00,3.1643944636329814e-07,0.21509433006003537,0.057951285677900734,0.028975801058673548
2013-01-03 00:00:00,4.0676474923433933e-07,0.22915998237061455,0.061626873079743245,0.03081363992224624
2013-01-03 01:00:00,4.336112755330029e-07,0.22982245107078325,0.06264650875190234,0.03132347118158894
2013-01-03 02:00:00,4.020150896729377e-07,0.2208571055496981,0.06093323434733623,0.030466818181212954
2013-01-03 03:00:00,4.4358782706284976e-07,0.22431668501477398,0.05866714352857391,0.029333793558200486
2013-01-03 04:00:00,5.230442353725687e-07,0.22827051791506245,0.05157196634260346,0.02578624469341942
2013-01-03 05:00:00,5.462454908676196e-07,0.22556288463292706,0.07316630042190168,0.036583423333696276
2013-01-03 06:00:00,4.686732813793378e-07,0.2133982343031692,0.10063756534093445,0.05031901700710791
2013-01-03 07:00:00,6.861101980301154e-08,0.07960076104420154,0.10503616752977145,0.05251811807039562
2013-01-03 08:00:00,3.958758775365732e-08,0.05677355460511831,0.10424300492463225,0.05212152225611
2013-01-03 09:00:00,2.4127292811896623e-08,0.0361614553637766,0.10898770390298412,0.05449386401513847
2013-01-03 10:00:00,2.39979362597603e-08,0.036459549052262,0.1149264230679914,0.057463223532963834
2013-01-03 11:00:00,2.5813754169313108e-08,0.038820312329783294,0.11230492153776392,0.05615247367575905
2013-01-03 12:00:00,3.186419922567993e-08,0.0465735814706695,0.09670637197291582,0.04835320191855752
2013-01-03 13:00:00,8.48191011752234e-08,0.09880815686112424,0.09008923951078027,0.04504466216494072
2013-01-03 14:00:00,4.364779719487512e-07,0.22590185974605748,0.09229091393026187,0.04614567520411691
2013-01-03 15:00:00,0.1478188181281896,0.23782744750673196,0.11714861663980856,0.13248371738399908
2013-01-03 16:00:00,0.19490556115119043,0.20704560712747502,0.1236156703296592,0.15926061574042483
2013-01-03 17:00:00,0.05377134488637366,0.19319322395535704,0.12084596472636071,0.08730865480636718
2013-01-03 18:00:00,0.05116701015463617,0.18559085955099716,0.12124527268477102,0.08620614141970359
2013-01-03 19:00:00,0.15251494027006846,0.17182677918557837,0.10606979422661464,0.12929236724834153
2013-01-03 20:00:00,0.08070106873065772,0.15656599572399676,0.05162779699283798,0.06616443286174785
2013-01-03 21:00:00,0.0760513866508302,0.1492703933374203,0.05013498928014478,0.06309318796548749
2013-01-03 22:00:00,3.00135033480063e-07,0.12834646670646252,0.05513426380981423,0.027567281972423856
2013-01-03 23:00:00,2.424830956767535e-07,0.1200805035789946,0.057951285677900734,0.028975764080498206
2013-01-04 00:00:00,2.0205536967379981e-07,0.11344096843960816,0.061626873079743245,0.03081353756755646
2013-01-04 01:00:00,1.7263513136536918e-07,0.10265880485953971,0.06264650875190234,0.03132334069351685
2013-01-04 02:00:00,1.492333995581416e-07,0.09265275579253328,0.06093323434733623,0.030466691790367897
2013-01-04 03:00:00,1.2815511485005086e-07,0.08479753042832351,0.05866714352857391,0.02933363584184438
2013-01-04 04:00:00,1.1791212654509505e-07,0.0807771549366511,0.05157196634260346,0.025786042127365003
2013-01-04 05:00:00,1.112253114187383e-07,0.07733279622861482,0.07316630042190168,0.03658320582360655
2013-01-04 06:00:00,1.0528200992315484e-07,0.07399992112674468,0.10063756534093445,0.05031883531147219
2013-01-04 07:00:00,5.8330841545838566e-08,0.05468494130896617,0.10503616752977145,0.0525181129303065
2013-01-04 08:00:00,3.918322596815953e-08,0.04547077723405087,0.10424300492463225,0.05212152205392911
2013-01-04 09:00:00,3.462213020480687e-08,0.031655712565751254,0.10898770390298412,0.054493869262557164
2013-01-04 10:00:00,3.538971219886722e-08,0.041293800082334416,0.1149264230679914,0.0574632292288518
2013-01-04 11:00:00,4.578449789004203e-08,0.05289773158394246,0.11230492153776392,0.0561524836611309
2013-01-04 12:00:00,6.254514312977535e-08,0.06269823402642644,0.09670637197291582,0.048353217259029475
2013-01-04 13:00:00,1.0026936361842454e-07,0.07327266688792172,0.09008923951078027,0.04504466989007194
2013-01-04 14:00:00,1.5082250022160628e-07,0.0882460346852404,0.09229091393026187,0.04614553237638105
2013-01-04 15:00:00,1.342791894331946e-07,0.08503772518411279,0.11714861663980856,0.058574375459499
2013-01-04 16:00:00,1.0220926724921925e-07,0.07553304971990739,0.1236156703296592,0.06180788626946322
2013-01-04 17:00:00,8.470433850539565e-08,0.0700104835279795,0.12084596472636071,0.060423024715349605
2013-01-04 18:00:00,8.359238296175367e-08,0.07109933534271516,0.12124527268477102,0.06062267813857699
2013-01-04 19:00:00,8.311711611957559e-08,0.07324622716784603,0.10606979422661464,0.05303493867186538
2013-01-04 20:00:00,8.309299377326031e-08,0.0757647168304403,0.05162779699283798,0.025813940042915876
2013-01-04 21:00:00,8.315738553512507e-08,0.07835616447424813,0.05013498928014478,0.025067536218765157
2013-01-04 22:00:00,8.431975889209539e-08,0.08362480085625745,0.05513426380981423,0.02756717406478656
2013-01-04 23:00:00,8.671633189537684e-08,0.08727258875637832,0.057951285677900734,0.028975686197116313
2013-01-05 00:00:00,9.502887785054562e-08,0.09563709884360545,0.061626873079743245,0.030813484054310548
2013-01-05 01:00:00,1.1885867620198511e-07,0.1103995619118303,0.06264650875190234,0.03132331380528927
2013-01-05 02:00:00,1.5023878406015671e-07,0.1268957889076541,0.06093323434733623,0.030466692293060146
2013-01-05 03:00:00,1.743362961734039e-07,0.13848922477870418,0.05866714352857391,0.02933365893243504
2013-01-05 04:00:00,1.8549267207826363e-07,0.14371312644880063,0.05157196634260346,0.02578607591763777
2013-01-05 05:00:00,1.8084837716448585e-07,0.1439374073516625,0.07316630042190168,0.03658324063513942
2013-01-05 06:00:00,1.7709328896126815e-07,0.1467719705679299,0.10063756534093445,0.050318871217111705
2013-01-05 07:00:00,7.50269762903569e-08,0.08680876266251479,0.10503616752977145,0.05251812127837387
2013-01-05 08:00:00,5.400857989137922e-08,0.06923790172926307,0.10424300492463225,0.052121529466606066
2013-01-05 09:00:00,5.0693532223293066e-08,0.06681647989925178,0.10898770390298412,0.05449387729825817
2013-01-05 10:00:00,6.612526267208604e-08,0.08095649873292969,0.1149264230679914,0.057463244596627036
2013-01-05 11:00:00,7.931901596251931e-08,0.08861047412212249,0.11230492153776392,0.05615250042838994
2013-01-05 12:00:00,1.0717563061556461e-07,0.10505017479721157,0.09670637197291582,0.04835323957427322
2013-01-05 13:00:00,1.803874706470638e-07,0.13830855136852502,0.09008923951078027,0.045044709949125454
2013-01-05 14:00:00,0.18744244821482328,0.23493359351024484,0.09229091393026187,0.13986668107254258
2013-01-05 15:00:00,0.1158009614805258,0.213093947777633,0.11714861663980856,0.11647478906016717
2013-01-05 16:00:00,0.09516746757782936,0.1895147463440107,0.1236156703296592,0.10939156895374427
2013-01-05 17:00:00,0.07987935575559323,0.1636466815338147,0.12084596472636071,0.10036266024097697
2013-01-05 18:00:00,0.07061025232678952,0.14716538969258297,0.12124527268477102,0.09592776250578028
2013-01-05 19:00:00,3.1775349434962065e-07,0.13169998483576026,0.10606979422661464,0.053035055990054494
2013-01-05 20:00:00,2.496044903393986e-07,0.11836969949682324,0.05162779699283798,0.02581402329866416
2013-01-05 21:00:00,1.8548669474429357e-07,0.10566420917174195,0.05013498928014478,0.025067587383419764
2013-01-05 22:00:00,1.4768839268990255e-07,0.10542661040283396,0.05513426380981423,0.02756720574910346
2013-01-05 23:00:00,1.0760534737143566e-07,0.09021318892319151,0.057951285677900734,0.02897569664162405
2013-01-06 00:00:00,9.54601636796415e-08,0.08624129272851867,0.061626873079743245,0.03081348426995346
2013-01-06 01:00:00,9.360361086650786e-08,0.0884361059057301,0.06264650875190234,0.0313233011777566
2013-01-06 02:00:00,9.168502965002172e-08,0.09004917826580337,0.06093323434733623,0.030466663016182942
2013-01-06 03:00:00,8.737680208498209e-08,0.08925669987320531,0.05866714352857391,0.029333615452688
2013-01-06 04:00:00,8.496929676945884e-08,0.08887106846601407,0.05157196634260346,0.025786025655950118
2013-01-06 05:00:00,8.410473688276529e-08,0.08977313664072374,0.07316630042190168,0.036583192263319284
2013-01-06 06:00:00,8.488850882159842e-08,0.09041865671169566,0.10063756534093445,0.05031882511472163
2013-01-06 07:00:00,4.415087218382307e-08,0.055568692615130026,0.10503616752977145,0.052518105840321815
2013-01-06 08:00:00,2.3787316508877567e-08,0.030076459447795818,0.10424300492463225,0.052121514355974376
2013-01-06 09:00:00,2.5255483914041468e-08,0.028384224572112902,0.10898770390298412,0.05449386457923402
2013-01-06 10:00:00,3.021851765579849e-08,0.04812927641728381,0.1149264230679914,0.05746322664325453
2013-01-06 11:00:00,3.1512161709153546e-08,0.04965241282225005,0.11230492153776392,0.056152476524962816
2013-01-06 12:00:00,3.4785908214667876e-08,0.05374319558094859,0.09670637197291582,0.04835320337941201
2013-01-06 13:00:00,5.408617645883534e-08,0.06595452256817949,0.09008923951078027,0.04504464679847836
2013-01-06 14:00:00,8.522137215969465e-08,0.09395830572845792,0.09229091393026187,0.04614549957581701
2013-01-06 15:00:00,1.0267258512516362e-07,0.10802602038401128,0.11714861663980856,0.058574359656196846
2013-01-06 16:00:00,9.81639206113035e-08,0.10494442152731931,0.1236156703296592,0.06180788424678991
2013-01-06 17:00:00,8.996530872266338e-08,0.09929616435212804,0.12084596472636071,0.06042302734583471
2013-01-06 18:00:00,8.689230454814308e-08,0.09807097696999004,0.12124527268477102,0.06062267978853778
2013-01-06 19:00:00,8.468338146223503e-08,0.09784966452354422,0.10606979422661464,0.05303493945499805
2013-01-06 20:00:00,8.617708913926991e-08,0.1011947649720478,0.05162779699283798,0.02581394158496356
2013-01-06 21:00:00,9.28709623578708e-08,0.10873257173103888,0.05013498928014478,0.02506754107555357
2013-01-06 22:00:00,2.100641946630518e-07,0.1818903568245528,0.05513426380981423,0.027567236937004448
2013-01-06 23:00:00,2.6532197629849845e-07,0.20468864986054186,0.057951285677900734,0.028975775499938516
2013-01-07 00:00:00,3.0175260105255704e-07,0.22158299439520932,0.061626873079743245,0.03081358741617215
2013-01-07 01:00:00,2.83549981845068e-07,0.21383709895399705,0.06264650875190234,0.03132339615094209
2013-01-07 02:00:00,2.5125555828688113e-07,0.1953441833434168,0.06093323434733623,0.03046674280144726
2013-01-07 03:00:00,2.0069931669910637e-07,0.16777440727458548,0.05866714352857391,0.029333672113945306
2013-01-07 04:00:00,1.6070589509253578e-07,0.14276577290094938,0.05157196634260346,0.025786063524249277
2013-01-07 05:00:00,1.4113441404230966e-07,0.1282241155400829,0.07316630042190168,0.036583220778157864
2013-01-07 06:00:00,1.3457607761738078e-07,0.11563537681068928,0.10063756534093445,0.05031884995850603
2013-01-07 07:00:00,5.453684502556769e-08,0.06570502432677824,0.10503616752977145,0.05251811103330824
2013-01-07 08:00:00,3.693037316651441e-08,0.04757921689653641,0.10424300492463225,0.052121520927502704
2013-01-07 09:00:00,3.251313415345961e-08,0.04118466137526399,0.10898770390298412,0.05449386820805914
2013-01-07 10:00:00,3.392080937271435e-08,0.0420852671611301,0.1149264230679914,0.05746322849440039
2013-01-07 11:00:00,3.64392167198232e-08,0.043385559812220614,0.11230492153776392,0.056152478988490316
2013-01-07 12:00:00,4.128703472819516e-08,0.04626851841954407,0.09670637197291582,0.04835320662997527
2013-01-07 13:00:00,5.033734394748398e-08,0.05245465312011977,0.09008923951078027,0.045044644924062106
2013-01-07 14:00:00,7.444247307992678e-08,0.07093151029532503,0.09229091393026187,0.04614549418636747
2013-01-07 15:00:00,9.824250357931447e-08,0.0768706824111162,0.11714861663980856,0.05857435744115607
2013-01-07 16:00:00,9.817667784320036e-08,0.07739054658821005,0.1236156703296592,0.06180788425316852
2013-01-07 17:00:00,9.81705287632324e-08,0.07632557740027462,0.12084596472636071,0.060423031448444735
2013-01-07 18:00:00,9.81705836226093e-08,0.07600934605796597,0.12124527268477102,0.06062268542767732
2013-01-07 19:00:00,9.062882607054187e-08,0.07682585287293414,0.10606979422661464,0.053034942427720354
2013-01-07 20:00:00,8.317298589809585e-08,0.07762022319820885,0.05162779699283798,0.02581394008291194
2013-01-07 21:00:00,8.328681512324411e-08,0.07805406191369524,0.05013498928014478,0.025067536283479953
2013-01-07 22:00:00,8.337168178053777e-08,0.0809692358056419,0.05513426380981423,0.027567173590748006
2013-01-07 23:00:00,8.306762830888286e-08,0.07864575367528663,0.057951285677900734,0.028975684372764522
2013-01-08 00:00:00,8.30676239178271e-08,0.07802920410185377,0.061626873079743245,0.030813478073683582
2013-01-08 01:00:00,8.306762015406536e-08,0.07798907474078845,0.06264650875190234,0.031323295909761247
2013-01-08 02:00:00,8.306761513571695e-08,0.07676018544823907,0.06093323434733623,0.030466658707475683
2013-01-08 03:00:00,8.306761199924946e-08,0.07611091114499212,0.05866714352857391,0.029333613298092955
2013-01-08 04:00:00,8.306760760819541e-08,0.07469593573164726,0.05157196634260346,0.025786024705105534
2013-01-08 05:00:00,8.306760447172851e-08,0.0748188787795445,0.07316630042190168,0.03658319174475308
2013-01-08 06:00:00,8.306757812541592e-08,0.07557491541130669,0.10063756534093445,0.050318824204256284
2013-01-08 07:00:00,4.067818326929028e-08,0.0471365058446788,0.10503616752977145,0.05251810410397736
2013-01-08 08:00:00,2.925516711543473e-08,0.036070316148461345,0.10424300492463225,0.052121517089899684
2013-01-08 09:00:00,2.444165459794793e-08,0.03387020827113115,0.10898770390298412,0.05449386417231936
2013-01-08 10:00:00,2.7921443900917724e-08,0.03566108460695893,0.1149264230679914,0.057463225494717655
2013-01-08 11:00:00,3.01829884007242e-08,0.03821716092507099,0.11230492153776392,0.05615247586037616
2013-01-08 12:00:00,3.5576789623533825e-08,0.043395294247896433,0.09670637197291582,0.04835320377485272
2013-01-08 13:00:00,4.615771087764951e-08,0.0534119549050671,0.09008923951078027,0.04504464283424557
2013-01-08 14:00:00,7.767278258704635e-08,0.07761209594329228,0.09229091393026187,0.046145495801522225
2013-01-08 15:00:00,1.057219609991988e-07,0.37011252914976617,0.11714861663980856,0.058574361180884785
2013-01-08 16:00:00,1.0572198255510262e-07,0.34714816501957424,0.1236156703296592,0.06180788802582088
2013-01-08 17:00:00,1.0572198974040584e-07,0.3359788502465135,0.12084596472636071,0.06042303522417523
2013-01-08 18:00:00,1.0572841938150248e-07,0.36605404299530153,0.12124527268477102,0.0606226892065952
2013-01-08 19:00:00,1.0593672028918604e-07,0.4280761619540474,0.10606979422661464,0.05303495008166746
2013-01-08 20:00:00,9.11205921581026e-08,0.0981905140062259,0.05162779699283798,0.02581394405671507
2013-01-08 21:00:00,9.124013639001376e-08,0.10220223483452838,0.05013498928014478,0.025067540260140585
2013-01-08 22:00:00,8.403241490818464e-08,0.10851289457334122,0.05513426380981423,0.02756717392111457
2013-01-08 23:00:00,8.390101650963017e-08,0.10866784418935707,0.057951285677900734,0.02897568478945862
2013-01-09 00:00:00,8.380533513905896e-08,0.10846016488521318,0.061626873079743245,0.03081347844253919
2013-01-09 01:00:00,8.361596416055585e-08,0.10927317835285826,0.06264650875190234,0.03132329618393325
2013-01-09 02:00:00,8.337479334420541e-08,0.1097869946131477,0.06093323434733623,0.03046665886106479
2013-01-09 03:00:00,8.350206823995496e-08,0.11101080137523892,0.05866714352857391,0.029333613515321075
2013-01-09 04:00:00,8.38141829202178e-08,0.11272811594755022,0.05157196634260346,0.025786025078393192
2013-01-09 05:00:00,8.711487730372423e-08,0.11779253144490698,0.07316630042190168,0.03658319376838949
2013-01-09 06:00:00,9.766791641989918e-08,0.12113385423884528,0.10063756534093445,0.05031883150442543
2013-01-09 07:00:00,4.523375519635614e-08,0.06589410292553827,0.10503616752977145,0.052518106381763324
2013-01-09 08:00:00,3.414822918661008e-08,0.05082710918385644,0.10424300492463225,0.05212151953643072
2013-01-09 09:00:00,3.310699256311306e-08,0.04903467346706666,0.10898770390298412,0.054493868504988344
2013-01-09 10:00:00,3.915788741787697e-08,0.05642387243762404,0.1149264230679914,0.05746323111293941
2013-01-09 11:00:00,4.455569741054479e-08,0.06304573989262767,0.11230492153776392,0.056152483046730664
2013-01-09 12:00:00,5.535537179976443e-08,0.07628460776591199,0.09670637197291582,0.04835321366414381
2013-01-09 13:00:00,8.149193055791081e-08,0.10643829255299816,0.09008923951078027,0.045044660501355416
2013-01-09 14:00:00,2.679139669311112e-07,0.2528785788213883,0.09229091393026187,0.0461455909221144
2013-01-09 15:00:00,6.147713033186759e-07,0.3478298405598745,0.11714861663980856,0.058574615705555944
2013-01-09 16:00:00,0.09389579146231615,0.8486562675015638,0.1236156703296592,0.10875573089598767
2013-01-09 17:00:00,6.041117050871642e-07,0.335378202782353,0.12084596472636071,0.0604232844190329
2013-01-09 18:00:00,5.437332624823e-07,0.6893637981350728,0.12124527268477102,0.06062290820901675
2013-01-09 19:00:00,0.08524093751332358,0.7782094301766618,0.10606979422661464,0.09565536586996912
2013-01-09 20:00:00,6.636225038372785e-07,0.6844458810529559,0.05162779699283798,0.02581423030767091
2013-01-09 21:00:00,8.285016890190504e-07,0.4106920310993843,0.05013498928014478,0.0250679088909169
2013-01-09 22:00:00,0.19903806959747347,0.47109796105481405,0.05513426380981423,0.12708616670364387
2013-01-09 23:00:00,0.245547802796298,0.48744368044917125,0.057951285677900734,0.15174954423709938
2013-01-10 00:00:00,0.23533531239094,0.460563034246813,0.061626873079743245,0.14848109273534163
2013-01-10 01:00:00,0.1971569439533424,0.42225289396589055,0.06264650875190234,0.12990172635262237
2013-01-10 02:00:00,0.19644961807851144,0.3807361427329716,0.06093323434733623,0.12869142621292384
2013-01-10 03:00:00,0.18868856990680163,0.34070048937062103,0.05866714352857391,0.12367785671768777
2013-01-10 04:00:00,0.17891443604300789,0.29881084438692396,0.05157196634260346,0.11524320119280568
2013-01-10 05:00:00,0.24000426420192955,0.28830688871391535,0.07316630042190168,0.15658528231191562
2013-01-10 06:00:00,0.2542163302228062,0.27969605900466016,0.10063756534093445,0.17742694778187032
2013-01-10 07:00:00,1.756493645229545e-07,0.1405753879452486,0.10503616752977145,0.05251817158956799
2013-01-10 08:00:00,9.820104084890123e-08,0.10298717804027702,0.10424300492463225,0.05212155156283655
2013-01-10 09:00:00,7.228292889402775e-08,0.08556561134385712,0.10898770390298412,0.05449388809295651
2013-01-10 10:00:00,6.21505890353151e-08,0.0787490261044806,0.1149264230679914,0.05746324260929022
2013-01-10 11:00:00,6.302167949785197e-08,0.0805942628227485,0.11230492153776392,0.05615249227972171
2013-01-10 12:00:00,7.522930953595922e-08,0.09187521514233225,0.09670637197291582,0.048353223601112674
2013-01-10 13:00:00,8.100685809952078e-08,0.09822375373282889,0.09008923951078027,0.04504466025881918
2013-01-10 14:00:00,9.359004072812398e-08,0.10170684690410045,0.09229091393026187,0.0461455037601513
2013-01-10 15:00:00,9.961442321831366e-08,0.09636620562013183,0.11714861663980856,0.058574358127115894
2013-01-10 16:00:00,9.890559739186244e-08,0.09380221543949227,0.1236156703296592,0.061807884617628296
2013-01-10 17:00:00,9.874150908471254e-08,0.09342058335651121,0.12084596472636071,0.060423031733934894
2013-01-10 18:00:00,9.875985952914169e-08,0.09422294895807717,0.12124527268477102,0.06062268572231527
2013-01-10 19:00:00,1.010012683040034e-07,0.09778834512549624,0.10606979422661464,0.05303494761394147
2013-01-10 20:00:00,9.874794436609937e-08,0.10383170528028071,0.05162779699283798,0.025813947870391173
2013-01-10 21:00:00,9.613599292683803e-08,0.10912600028828179,0.05013498928014478,0.025067542708068855
2013-01-10 22:00:00,9.298013111804507e-08,0.1055062018660803,0.05513426380981423,0.027567178394972674
2013-01-10 23:00:00,9.107848333923661e-08,0.10477124416838145,0.057951285677900734,0.028975688378192036
2013-01-11 00:00:00,8.989946567271858e-08,0.10489373962030049,0.061626873079743245,0.030813481489604458
2013-01-11 01:00:00,9.247165554610945e-08,0.10768326299845414,0.06264650875190234,0.03132330061177894
2013-01-11 02:00:00,9.98359821876634e-08,0.11415993587994734,0.06093323434733623,0.03046666709165921
2013-01-11 03:00:00,1.0775041379832209e-07,0.12070178144885094,0.05866714352857391,0.029333625639493856
2013-01-11 04:00:00,1.2518373558281678e-07,0.1366059550803622,0.05157196634260346,0.025786045763169525
2013-01-11 05:00:00,1.3906659387162598e-07,0.14991744739969884,0.07316630042190168,0.036583219744247775
2013-01-11 06:00:00,1.623386769543933e-07,0.16029293646434423,0.10063756534093445,0.0503188638398057
2013-01-11 07:00:00,9.263610940568462e-08,0.10702605725812614,0.10503616752977145,0.05251813008294043
2013-01-11 08:00:00,6.953088705173257e-08,0.09208885537613214,0.10424300492463225,0.05212153722775965
2013-01-11 09:00:00,6.478772487473279e-08,0.08785024261859269,0.10898770390298412,0.0544938843453545
2013-01-11 10:00:00,7.211249523033207e-08,0.09607788235326906,0.1149264230679914,0.057463247590243315
2013-01-11 11:00:00,7.709301742820118e-08,0.10084657116605517,0.11230492153776392,0.05615249931539067
2013-01-11 12:00:00,9.23268079599205e-08,0.11629400854225552,0.09670637197291582,0.04835323214986189
2013-01-11 13:00:00,1.482724956868149e-07,0.1559115050976546,0.09008923951078027,0.045044693891637975
2013-01-11 14:00:00,5.442967520406706e-07,0.32594002291453344,0.09229091393026187,0.04614572911350696
2013-01-11 15:00:00,0.1945995508946732,0.953947381872292,0.11714861663980856,0.15587408376724088
2013-01-11 16:00:00,0.1700470181361724,0.9628135166502071,0.1236156703296592,0.1468313442329158
2013-01-11 17:00:00,0.1611046769838017,0.9501796096859574,0.12084596472636071,0.14097532085508122
2013-01-11 18:00:00,0.1270940537772233,0.9347147211852217,0.12124527268477102,0.12416966323099715
2013-01-11 19:00:00,0.23678964986498585,0.3933501689480409,0.10606979422661464,0.17142972204580026
2013-01-11 20:00:00,0.3290755756721449,0.4029149629066372,0.05162779699283798,0.19035168633249144
2013-01-11 21:00:00,0.289527503571368,0.3829292325320947,0.05013498928014478,0.16983124642575637
2013-01-11 22:00:00,0.23565542614836063,0.38072019969133797,0.05513426380981423,0.14539484497908745
2013-01-11 23:00:00,0.19603232493995276,0.3728436566477356,0.057951285677900734,0.12699180530892676
2013-01-12 00:00:00,0.2057428498202727,0.37548031383435326,0.061626873079743245,0.13368486145000796
2013-01-12 01:00:00,0.27955377832611666,0.39637432539907874,0.06264650875190234,0.17110014353900949
2013-01-12 02:00:00,0.32911770571282567,0.4032757166505628,0.06093323434733623,0.19502547003008094
2013-01-12 03:00:00,0.32726838704995576,0.38291407982570486,0.05866714352857391,0.19296776528926485
2013-01-12 04:00:00,0.3250608365916212,0.3608900960486828,0.05157196634260346,0.18831640146711234
2013-01-12 05:00:00,0.322459601243386,0.33766369224388154,0.07316630042190168,0.19781295083264386
2013-01-12 06:00:00,0.3222058389545005,0.3355387182890046,0.10063756534093445,0.21142170214771747
2013-01-12 07:00:00,1.0606241686454134e-07,0.11151405557821494,0.10503616752977145,0.052518136796094156
2013-01-12 08:00:00,5.806807401612214e-08,0.07244418887597096,0.10424300492463225,0.05212153149635313
2013-01-12 09:00:00,4.787125619250602e-08,0.062156453976217864,0.10898770390298412,0.05449387588712016
2013-01-12 10:00:00,4.859640097440025e-08,0.06307170951570717,0.1149264230679914,0.05746323583219619
2013-01-12 11:00:00,5.2095433188350475e-08,0.06702319612463653,0.11230492153776392,0.056152486816598554
2013-01-12 12:00:00,6.073261901872111e-08,0.07619903347739872,0.09670637197291582,0.04835321635276742
2013-01-12 13:00:00,7.94571860663734e-08,0.09576435365079555,0.09008923951078027,0.04504465948398317
2013-01-12 14:00:00,1.3313983677056011e-07,0.14639148288454623,0.09229091393026187,0.04614552353504932
2013-01-12 15:00:00,1.2965135443474674e-07,0.13751243388303352,0.11714861663980856,0.0585743731455815
2013-01-12 16:00:00,1.133100376612059e-07,0.11959539569318109,0.1236156703296592,0.06180789181984843
2013-01-12 17:00:00,1.0643735845827025e-07,0.11536310503700647,0.12084596472636071,0.06042303558185958
2013-01-12 18:00:00,1.0433167875329101e-07,0.11534117640282036,0.12124527268477102,0.06062268850822489
2013-01-12 19:00:00,9.503337900927909e-08,0.1151384513750941,0.10606979422661464,0.053034944629996826
2013-01-12 20:00:00,8.749362748118208e-08,0.11543959024246406,0.05162779699283798,0.025813942243232732
2013-01-12 21:00:00,8.608664241778123e-08,0.11443101037929716,0.05013498928014478,0.0250675376833936
2013-01-12 22:00:00,1.0169394751645631e-07,0.13207264570268207,0.05513426380981423,0.027567182751880876
2013-01-12 23:00:00,1.021615147543517e-07,0.1331890137226161,0.057951285677900734,0.028975693919707744
2013-01-13 00:00:00,1.1005315567419064e-07,0.1416214478994071,0.061626873079743245,0.03081349156644946
2013-01-13 01:00:00,1.228829598009734e-07,0.15454731151823997,0.06264650875190234,0.03132331581743107
2013-01-13 02:00:00,1.3323222057500095e-07,0.16345850014664506,0.06093323434733623,0.030466683789778404
2013-01-13 03:00:00,1.4983256483302754e-07,0.17753320197871394,0.05866714352857391,0.029333646680569373
2013-01-13 04:00:00,2.0892851845026856e-07,0.21552832593507712,0.05157196634260346,0.025786087635560957
2013-01-13 05:00:00,3.2780248100585777e-07,0.26701495292329,0.07316630042190168,0.036583314112191345
2013-01-13 06:00:00,4.487482392240964e-07,0.2949392795304539,0.10063756534093445,0.05031900704458683
2013-01-13 07:00:00,6.501332155465316e-08,0.08422769258209711,0.10503616752977145,0.052518116271546504
2013-01-13 08:00:00,4.133703124393744e-08,0.057457027986932904,0.10424300492463225,0.052121523130831744
2013-01-13 09:00:00,3.34548806018897e-08,0.052040697682655505,0.10898770390298412,0.05449386867893236
2013-01-13 10:00:00,3.843676542864257e-08,0.054124773091188606,0.1149264230679914,0.057463230752378414
2013-01-13 11:00:00,4.3940316044478054e-08,0.06079409069310652,0.11230492153776392,0.05615248273903998
2013-01-13 12:00:00,5.8214201982228513e-08,0.07762069438269523,0.09670637197291582,0.0483532150935589
2013-01-13 13:00:00,9.278180108251562e-08,0.11387245322304772,0.09008923951078027,0.04504466614629068
2013-01-13 14:00:00,3.956447569030928e-07,0.2790697138280487,0.09229091393026187,0.046145654787509385
2013-01-13 15:00:00,0.25226348217354516,0.4126825971015897,0.11714861663980856,0.18470604940667687
2013-01-13 16:00:00,0.17959915406064503,0.33154494781428034,0.1236156703296592,0.1516074121951521
2013-01-13 17:00:00,0.13249926716429308,0.2880604983507961,0.12084596472636071,0.1266726159453269
2013-01-13 18:00:00,0.11625813263787703,0.25766674075153495,0.12124527268477102,0.11875170266132402
2013-01-13 19:00:00,0.11623507973146018,0.24200308079703792,0.10606979422661464,0.1111524369790374
2013-01-13 20:00:00,0.12529246225798046,0.23673221902684374,0.05162779699283798,0.08846012962540922
2013-01-13 21:00:00,0.1370126867491573,0.23348308076098986,0.05013498928014478,0.09357383801465104
2013-01-13 22:00:00,0.1314950903920984,0.23998835481585196,0.05513426380981423,0.09331467710095631
2013-01-13 23:00:00,0.11030543596062606,0.22501197752139013,0.057951285677900734,0.08412836081926339
2013-01-14 00:00:00,0.09934751865927843,0.2120886586837504,0.061626873079743245,0.08048719586951084
2013-01-14 01:00:00,4.701147417597754e-07,0.19391067572907056,0.06264650875190234,0.03132348943332205
2013-01-14 02:00:00,3.808904227769426e-07,0.17882520309576144,0.06093323434733623,0.030466807618879505
2013-01-14 03:00:00,2.7197763493292614e-07,0.1624360784171285,0.05866714352857391,0.029333707753104423
2013-01-14 04:00:00,2.0348216438132768e-07,0.14662572119927722,0.05157196634260346,0.025786084912383923
2013-01-14 05:00:00,1.6027377791900005e-07,0.12718678643241943,0.07316630042190168,0.0365832303478398
2013-01-14 06:00:00,1.3193991588170662e-07,0.11027604615078057,0.10063756534093445,0.050318848640425164
2013-01-14 07:00:00,6.303328258173569e-08,0.06799536890884497,0.10503616752977145,0.052518115281527014
2013-01-14 08:00:00,4.1840293901743315e-08,0.05418834802837547,0.10424300492463225,0.05212152338246307
2013-01-14 09:00:00,3.68630753438834e-08,0.04915835196586882,0.10898770390298412,0.05449387038302973
2013-01-14 10:00:00,3.8463162924982415e-08,0.05148775589970125,0.1149264230679914,0.05746323076557716
2013-01-14 11:00:00,3.702401056899523e-08,0.05007763227935497,0.11230492153776392,0.05615247928088724
2013-01-14 12:00:00,4.211136974978602e-08,0.05571602492856313,0.09670637197291582,0.048353207042142785
2013-01-14 13:00:00,5.7598371394529146e-08,0.07004568750213562,0.09008923951078027,0.04504464855457583
2013-01-14 14:00:00,8.781158192762417e-08,0.08803318050925485,0.09229091393026187,0.046145500870921896
2013-01-14 15:00:00,1.0864692470300934e-07,0.08654697995756226,0.11714861663980856,0.058574362643366636
2013-01-14 16:00:00,1.063906548576586e-07,0.08107794964205473,0.1236156703296592,0.06180788836015703
2013-01-14 17:00:00,1.0602782900310377e-07,0.07847640363455498,0.12084596472636071,0.060423035377094855
2013-01-14 18:00:00,1.0598535886457037e-07,0.07777223284854992,0.12124527268477102,0.06062268933506494
2013-01-14 19:00:00,1.0607891190556286e-07,0.07734609031081881,0.10606979422661464,0.05303495015276327
2013-01-14 20:00:00,8.334760661096546e-08,0.07542827589928236,0.05162779699283798,0.025813940170222295
2013-01-14 21:00:00,8.332418219189973e-08,0.07449226525948256,0.05013498928014478,0.025067536302163487
2013-01-14 22:00:00,8.327884751644533e-08,0.07403798150263378,0.05513426380981423,0.027567173544330876
2013-01-14 23:00:00,8.31929269918007e-08,0.07451834685959954,0.057951285677900734,0.028975684435413863
2013-01-15 00:00:00,8.317652101633633e-08,0.07497301254774932,0.061626873079743245,0.03081347812813213
2013-01-15 01:00:00,8.318009794864871e-08,0.07589164925209074,0.06264650875190234,0.03132329596600014
2013-01-15 02:00:00,8.316855877658143e-08,0.07704138380386898,0.06093323434733623,0.030466658757947504
2013-01-15 03:00:00,8.315107373888622e-08,0.07832074413056257,0.05866714352857391,0.029333613339823827
2013-01-15 04:00:00,8.31399937971518e-08,0.07931850995239752,0.05157196634260346,0.02578602474129863
2013-01-15 05:00:00,8.312834261899591e-08,0.08043601123357846,0.07316630042190168,0.03658319177512215
2013-01-15 06:00:00,9.068136664013583e-08,0.08131413817058371,0.10063756534093445,0.05031882801115054
2013-01-15 07:00:00,4.951520116675819e-08,0.05773787855512488,0.10503616752977145,0.052518108522486305
2013-01-15 08:00:00,3.9870721577528154e-08,0.0499542363573115,0.10424300492463225,0.05212152239767691
2013-01-15 09:00:00,3.577096655288128e-08,0.046854465276025506,0.10898770390298412,0.05449386983697534
2013-01-15 10:00:00,3.524891794073374e-08,0.047784399889188346,0.1149264230679914,0.05746322915845467
2013-01-15 11:00:00,3.664657530391155e-08,0.04991513630971071,0.11230492153776392,0.05615247909216961
2013-01-15 12:00:00,4.120833662032255e-08,0.05594452798071019,0.09670637197291582,0.04835320659062622
2013-01-15 13:00:00,5.172185171169261e-08,0.06786476947951078,0.09008923951078027,0.04504464561631599
2013-01-15 14:00:00,8.093859360897398e-08,0.08838939593002279,0.09229091393026187,0.04614549743442774
2013-01-15 15:00:00,1.0581613151657212e-07,0.0895975033179372,0.11714861663980856,0.05857436122797004
2013-01-15 16:00:00,1.0572760814810957e-07,0.33610956899106464,0.1236156703296592,0.06180788802863368
2013-01-15 17:00:00,1.0572610548292031e-07,0.35559487910472865,0.12084596472636071,0.060423035226233095
2013-01-15 18:00:00,1.057222987093686e-07,0.2672756782551993,0.12124527268477102,0.06062268920353486
2013-01-15 19:00:00,1.0572214063199924e-07,0.08464013283739512,0.10606979422661464,0.05303494997437763
2013-01-15 20:00:00,8.306776254995497e-08,0.0841109673972562,0.05162779699283798,0.025813940030300266
2013-01-15 21:00:00,8.306792125608121e-08,0.08430812215812948,0.05013498928014478,0.02506753617403302
2013-01-15 22:00:00,8.306766281005157e-08,0.08232544817029834,0.05513426380981423,0.02756717343873852
2013-01-15 23:00:00,8.30676552825214e-08,0.07982543968729112,0.057951285677900734,0.028975684372778008
2013-01-16 00:00:00,8.306764963687467e-08,0.07785461899471978,0.061626873079743245,0.03081347807369644
2013-01-16 01:00:00,8.306764587311063e-08,0.07666424739685723,0.06264650875190234,0.031323295909774104
2013-01-16 02:00:00,8.306764210934691e-08,0.0747368337710932,0.06093323434733623,0.030466658707489172
2013-01-16 03:00:00,8.306763897287742e-08,0.07358502008205019,0.05866714352857391,0.029333613298106444
2013-01-16 04:00:00,8.30676396001713e-08,0.07340769046595486,0.05157196634260346,0.025786024705121532
2013-01-16 05:00:00,8.306762642700177e-08,0.0728534748938698,0.07316630042190168,0.03658319174476406
2013-01-16 06:00:00,9.06190303769791e-08,0.07330379832943903,0.10063756534093445,0.05031882797998241
2013-01-16 07:00:00,5.4966472101012546e-08,0.057896834203998604,0.10503616752977145,0.05251811124812177
2013-01-16 08:00:00,4.3605391440366316e-08,0.050134976308785016,0.10424300492463225,0.05212152426501184
2013-01-16 09:00:00,3.587684755450312e-08,0.04417300827772409,0.10898770390298412,0.054493869889915836
2013-01-16 10:00:00,3.1757432160091e-08,0.04122443186368663,0.1149264230679914,0.05746322741271178
2013-01-16 11:00:00,3.3364518946983874e-08,0.043188104966511494,0.11230492153776392,0.056152477451141436
2013-01-16 12:00:00,4.068576778887273e-08,0.050751455802778504,0.09670637197291582,0.0483532063293418
2013-01-16 13:00:00,4.993596733606663e-08,0.0599413710069984,0.09008923951078027,0.0450446447233738
2013-01-16 14:00:00,7.711128877266447e-08,0.07865444132191296,0.09229091393026187,0.04614549552077532
2013-01-16 15:00:00,9.817054136605683e-08,0.08956580900281669,0.11714861663980856,0.058574357405174964
2013-01-16 16:00:00,9.81705206084654e-08,0.09081314252013425,0.1236156703296592,0.0618078842500899
2013-01-16 17:00:00,9.81705028162512e-08,0.09177212935262119,0.12084596472636071,0.06042303144843176
2013-01-16 18:00:00,9.817051541906893e-08,0.0921159270374114,0.12124527268477102,0.06062268542764322
2013-01-16 19:00:00,9.817059548410428e-08,0.09326326022872196,0.10606979422661464,0.05303494619860506
2013-01-16 20:00:00,9.061915218563805e-08,0.09504489125001929,0.05162779699283798,0.025813943805995086
2013-01-16 21:00:00,8.306767849241042e-08,0.09820060580319834,0.05013498928014478,0.025067536173911636
2013-01-16 22:00:00,8.307095435333374e-08,0.1036497541487188,0.05513426380981423,0.027567173440384292
2013-01-16 23:00:00,8.30720779415464e-08,0.10427185739381435,0.057951285677900734,0.028975684374989336
2013-01-17 00:00:00,8.306957484689522e-08,0.10451094584008043,0.061626873079743245,0.030813478074659045
2013-01-17 01:00:00,8.307280631396224e-08,0.10646303298026709,0.06264650875190234,0.031323295912354325
2013-01-17 02:00:00,8.308664342400905e-08,0.10985069639134265,0.06093323434733623,0.03046665871698983
2013-01-17 03:00:00,8.333026778954254e-08,0.11383653040117006,0.05866714352857391,0.02933361342942085
2013-01-17 04:00:00,8.360558160895491e-08,0.1161431867626745,0.05157196634260346,0.025786024974092537
2013-01-17 05:00:00,8.399327485701175e-08,0.11699539378990355,0.07316630042190168,0.03658319220758827
2013-01-17 06:00:00,9.744075985473824e-08,0.12126850542146222,0.10063756534093445,0.05031883139084715
2013-01-17 07:00:00,5.1208814361552955e-08,0.06708022082844899,0.10503616752977145,0.0525181093692929
2013-01-17 08:00:00,4.078527040107775e-08,0.0580914860325867,0.10424300492463225,0.05212152285495132
2013-01-17 09:00:00,4.059769146689709e-08,0.05733898687657391,0.10898770390298412,0.0544938722503378
2013-01-17 10:00:00,4.4643974148135644e-08,0.06193708578534459,0.1149264230679914,0.05746323385598277
2013-01-17 11:00:00,5.159394473577461e-08,0.06999080934891844,0.11230492153776392,0.05615248656585433
2013-01-17 12:00:00,6.441655350825433e-08,0.08474742018571872,0.09670637197291582,0.04835321819473466
2013-01-17 13:00:00,8.90890401059259e-08,0.11196765676941961,0.09008923951078027,0.045044664299910185
2013-01-17 14:00:00,2.484311932442118e-07,0.22615306194696277,0.09229091393026187,0.046145581180727556
2013-01-17 15:00:00,8.1572921705494e-07,0.37516619040647886,0.11714861663980856,0.05857471618451281
2013-01-17 16:00:00,0.11218197521417579,0.7505688031413089,0.1236156703296592,0.11789882277191749
2013-01-17 17:00:00,0.1222440591287547,0.5084671623905155,0.12084596472636071,0.1215450119275577
2013-01-17 18:00:00,0.2089960396527421,0.6088909188895646,0.12124527268477102,0.16512065616875657
2013-01-17 19:00:00,0.3228684428735252,0.3412726366729599,0.10606979422661464,0.2144691185500699
2013-01-17 20:00:00,0.08942112799749755,0.2840517986972783,0.05162779699283798,0.07052446249516776
2013-01-17 21:00:00,0.07114010710332215,0.23954464953796192,0.05013498928014478,0.06063754819173346
2013-01-17 22:00:00,0.07074320594125395,0.23851903448920106,0.05513426380981423,0.06293873487553409
2013-01-17 23:00:00,0.055077566023574935,0.19689181434485611,0.057951285677900734,0.056514425850737834
2013-01-18 00:00:00,0.14837569241551113,0.16559126877690897,0.061626873079743245,0.10500128274762718
2013-01-18 01:00:00,0.07274577751647722,0.14000403078630175,0.06264650875190234,0.06769614313418978
2013-01-18 02:00:00,2.3748585555833917e-07,0.11675082849462329,0.06093323434733623,0.030466735916595895
2013-01-18 03:00:00,1.60093485280874e-07,0.09887861338159545,0.05866714352857391,0.029333651811029596
2013-01-18 04:00:00,1.1881063683116996e-07,0.08454940132479989,0.05157196634260346,0.025786042576620146
2013-01-18 05:00:00,1.0715523531206872e-07,0.07837717810676897,0.07316630042190168,0.0365832037885685
2013-01-18 06:00:00,1.106250714788814e-07,0.07748444502350733,0.10063756534093445,0.05031883798300296
2013-01-18 07:00:00,8.516224677702702e-08,0.06751295299975935,0.10503616752977145,0.052518126346009116
2013-01-18 08:00:00,7.009207798753002e-08,0.06127476793935079,0.10424300492463225,0.05212153750835512
2013-01-18 09:00:00,5.652979750892917e-08,0.05561686842595698,0.10898770390298412,0.054493880216390816
2013-01-18 10:00:00,5.5282033177894156e-08,0.05612956203456979,0.1149264230679914,0.05746323917501229
2013-01-18 11:00:00,5.794145534250296e-08,0.05844863107672402,0.11230492153776392,0.05615248973960963
2013-01-18 12:00:00,6.182876097467534e-08,0.06170598564142844,0.09670637197291582,0.048353216900838394
2013-01-18 13:00:00,6.644653653982332e-08,0.06427550001914394,0.09008923951078027,0.0450446529786584
2013-01-18 14:00:00,7.705648864775439e-08,0.07008307464421747,0.09229091393026187,0.04614549549337526
2013-01-18 15:00:00,9.061916108178889e-08,0.0736224688820027,0.11714861663980856,0.05857435362948482
2013-01-18 16:00:00,9.061908649103974e-08,0.07429260253683626,0.1236156703296592,0.06180788047437284
2013-01-18 17:00:00,9.061910428331736e-08,0.07598183053765656,0.12084596472636071,0.0604230276727325
2013-01-18 18:00:00,9.061910223036191e-08,0.07710606188126386,0.12124527268477102,0.06062268165193663
2013-01-18 19:00:00,9.061916039746953e-08,0.07799320475366327,0.10606979422661464,0.05303494242288752
2013-01-18 20:00:00,8.306762956347033e-08,0.0780434988836891,0.05162779699283798,0.025813940030233774
2013-01-18 21:00:00,8.306762705429546e-08,0.0788495574553094,0.05013498928014478,0.025067536173885917
2013-01-18 22:00:00,8.306762579970808e-08,0.08098349236056178,0.05513426380981423,0.027567173438720016
2013-01-18 23:00:00,8.306762579970808e-08,0.08372173466672143,0.057951285677900734,0.028975684372763266
2013-01-19 00:00:00,8.306762705429546e-08,0.08807663488923734,0.061626873079743245,0.03081347807368515
2013-01-19 01:00:00,8.329636552286799e-08,0.09144514141714555,0.06264650875190234,0.03132329602413393
2013-01-19 02:00:00,8.365906942685926e-08,0.09428506305419229,0.06093323434733623,0.03046665900320283
2013-01-19 03:00:00,8.364530942616558e-08,0.09612538598527172,0.05866714352857391,0.02933361358694167
2013-01-19 04:00:00,8.354010585427569e-08,0.09727554698633581,0.05157196634260346,0.02578602494135466
2013-01-19 05:00:00,8.316154929301041e-08,0.09596978156116683,0.07316630042190168,0.03658319179172549
2013-01-19 06:00:00,8.308751702585966e-08,0.09441087355909983,0.10063756534093445,0.05031882421422573
2013-01-19 07:00:00,5.962794482498336e-08,0.0724938938583807,0.10503616752977145,0.05251811357885814
2013-01-19 08:00:00,5.1698908620529345e-08,0.06339367974093016,0.10424300492463225,0.052121528311770436
2013-01-19 09:00:00,4.5323511063740985e-08,0.06117151114804219,0.10898770390298412,0.054493874613247596
2013-01-19 10:00:00,5.378254023366715e-08,0.06090895556823859,0.1149264230679914,0.057463238425265815
2013-01-19 11:00:00,5.786543561284047e-08,0.06375346008497738,0.11230492153776392,0.056152489701599764
2013-01-19 12:00:00,6.768054210686785e-08,0.070160538783786,0.09670637197291582,0.04835321982672896
2013-01-19 13:00:00,7.536263506577095e-08,0.07584738506929638,0.09008923951078027,0.045044657436707665
2013-01-19 14:00:00,8.698840625638649e-08,0.08412465337629745,0.09229091393026187,0.04614550045933406
2013-01-19 15:00:00,9.626038384825667e-08,0.09001396202528544,0.11714861663980856,0.058574356450096204
2013-01-19 16:00:00,1.1695294766552465e-07,0.09147222281865677,0.1236156703296592,0.06180789364130343
2013-01-19 17:00:00,1.343130981361002e-07,0.0943999668640239,0.12084596472636071,0.06042304951972942
2013-01-19 18:00:00,1.287117215898532e-07,0.09390697159019233,0.12124527268477102,0.0606227006982463
2013-01-19 19:00:00,8.399853747855527e-08,0.08081216948330118,0.10606979422661464,0.053034939112576056
2013-01-19 20:00:00,8.378210073106737e-08,0.08323515816855503,0.05162779699283798,0.025813940387469356
2013-01-19 21:00:00,8.448465046772316e-08,0.08554253390335129,0.05013498928014478,0.025067536882397625
2013-01-19 22:00:00,8.325998002941257e-08,0.08247864982851655,0.05513426380981423,0.02756717353489713
2013-01-19 23:00:00,8.31839349860983e-08,0.08370645505282943,0.057951285677900734,0.02897568443091786
2013-01-20 00:00:00,8.322184506250164e-08,0.08753129077259222,0.061626873079743245,0.030813478150794153
2013-01-20 01:00:00,8.332288388621325e-08,0.09191418420528442,0.06264650875190234,0.03132329603739311
2013-01-20 02:00:00,8.35427668220595e-08,0.09529177914916294,0.06093323434733623,0.030466658945051527
2013-01-20 03:00:00,8.422937112628645e-08,0.10113188973457876,0.05866714352857391,0.029333613878972518
2013-01-20 04:00:00,1.0332341938862273e-07,0.11894731467063581,0.05157196634260346,0.025786034833011427
2013-01-20 05:00:00,1.1232429289560079e-07,0.12594571191478532,0.07316630042190168,0.03658320637309729
2013-01-20 06:00:00,1.2669743172096878e-07,0.13593025488965663,0.10063756534093445,0.050318846019183086
2013-01-20 07:00:00,6.582216312774905e-08,0.08266964178292256,0.10503616752977145,0.052518116675967286
2013-01-20 08:00:00,4.4922710790543855e-08,0.06618678799762603,0.10424300492463225,0.05212152492367152
2013-01-20 09:00:00,4.199700636939197e-08,0.0629437159999209,0.10898770390298412,0.05449387294999525
2013-01-20 10:00:00,4.5995007913418124e-08,0.06779610770740217,0.1149264230679914,0.05746323453149966
2013-01-20 11:00:00,5.1775169680692594e-08,0.07392359551534901,0.11230492153776392,0.0561524866564668
2013-01-20 12:00:00,7.10455955325031e-08,0.0873418239523128,0.09670637197291582,0.048353221509255674
2013-01-20 13:00:00,1.076399036192303e-07,0.11622728570843052,0.09008923951078027,0.04504467357534194
2013-01-20 14:00:00,3.0579654871899187e-07,0.19820678416114548,0.09229091393026187,0.046145609863405296
2013-01-20 15:00:00,0.22421318966255777,0.26733799036880335,0.11714861663980856,0.17068090315118317
2013-01-20 16:00:00,0.19965939073872568,0.23624070414197876,0.1236156703296592,0.16163753053419244
2013-01-20 17:00:00,0.11109798959262443,0.2025371549353926,0.12084596472636071,0.11597197715949256
2013-01-20 18:00:00,3.8544510236808713e-07,0.16968582323016165,0.12124527268477102,0.06062282906493669
2013-01-20 19:00:00,2.6133420710821443e-07,0.14923763485484792,0.10606979422661464,0.05303502778041087
2013-01-20 20:00:00,2.0661654549983715e-07,0.13620235303988432,0.05162779699283798,0.02581400180469174
2013-01-20 21:00:00,1.803415186359269e-07,0.12881548006919621,0.05013498928014478,0.025067584810831708
2013-01-20 22:00:00,1.9545507601008028e-07,0.13507860274509265,0.05513426380981423,0.027567229632445123
2013-01-20 23:00:00,1.5870033772297506e-07,0.12380060249364438,0.057951285677900734,0.02897572218911923
2013-01-21 00:00:00,1.1957198490571092e-07,0.10619804821073307,0.061626873079743245,0.030813496325864075
2013-01-21 01:00:00,1.0556218171502752e-07,0.09756652577130512,0.06264650875190234,0.03132330715704203
2013-01-21 02:00:00,1.0474656587431539e-07,0.09582044288699813,0.06093323434733623,0.030466669546951052
2013-01-21 03:00:00,1.10911394419592e-07,0.09958343395315142,0.05866714352857391,0.029333627219984167
2013-01-21 04:00:00,1.1507196244854556e-07,0.10330553510504911,0.05157196634260346,0.025786040707282958
2013-01-21 05:00:00,1.1008413620445972e-07,0.10085595875941886,0.07316630042190168,0.03658320525301895
2013-01-21 06:00:00,9.038925409160517e-08,0.09009371955707376,0.10063756534093445,0.05031882786509427
2013-01-21 07:00:00,4.7388687924712226e-08,0.05738640601269496,0.10503616752977145,0.05251810745922968
2013-01-21 08:00:00,4.058558909851596e-08,0.05159833354132975,0.10424300492463225,0.05212152275511067
2013-01-21 09:00:00,3.544015290969713e-08,0.0470354451947183,0.10898770390298412,0.054493869671568516
2013-01-21 10:00:00,2.95952025608421e-08,0.0450304050073522,0.1149264230679914,0.057463226331596985
2013-01-21 11:00:00,3.270893513480934e-08,0.049215872516918585,0.11230492153776392,0.056152477123349524
2013-01-21 12:00:00,3.797678077596824e-08,0.05610586271403956,0.09670637197291582,0.048353204974848296
2013-01-21 13:00:00,5.1015984963789755e-08,0.06507852490337378,0.09008923951078027,0.045044645263382616
2013-01-21 14:00:00,6.87134856537236e-08,0.079539320652928,0.09229091393026187,0.04614549132187376
2013-01-21 15:00:00,8.309050510899345e-08,0.08842305778626673,0.11714861663980856,0.05857434986515684
2013-01-21 16:00:00,8.308125975600575e-08,0.08451516171845272,0.1236156703296592,0.06180787670545948
2013-01-21 17:00:00,8.306757498895126e-08,0.07978408536881987,0.12084596472636071,0.06042302389696785
2013-01-21 18:00:00,8.306757498895126e-08,0.07735827689865514,0.12124527268477102,0.060622677876173
2013-01-21 19:00:00,8.306757624353711e-08,0.07682968875269536,0.10606979422661464,0.05303493864709544
2013-01-21 20:00:00,8.306757561624419e-08,0.07649362592013528,0.05162779699283798,0.0258139400302068
2013-01-21 21:00:00,8.306757310707256e-08,0.07563912140063406,0.05013498928014478,0.025067536173858943
2013-01-21 22:00:00,8.306756997060828e-08,0.0748065876280773,0.05513426380981423,0.0275671734386921
2013-01-21 23:00:00,8.306756746143702e-08,0.07704567604561638,0.057951285677900734,0.0289756843727341
2013-01-22 00:00:00,8.306756244309495e-08,0.07792831971995035,0.061626873079743245,0.030813478073652843
2013-01-22 01:00:00,8.306758439834598e-08,0.07839181856110589,0.06264650875190234,0.031323295909743365
2013-01-22 02:00:00,8.306758878939757e-08,0.08110672806427854,0.06093323434733623,0.03046665870746251
2013-01-22 03:00:00,8.306758126188084e-08,0.08626049663577336,0.05866714352857391,0.02933361329807759
2013-01-22 04:00:00,8.306753797868604e-08,0.09120103154329155,0.05157196634260346,0.02578602470507072
2013-01-22 05:00:00,8.3067521041796e-08,0.09246004396250282,0.07316630042190168,0.03658319174471136
2013-01-22 06:00:00,8.30674846588704e-08,0.0938622645569705,0.10063756534093445,0.05031882420420955
2013-01-22 07:00:00,4.3809710245443976e-08,0.05753997083194653,0.10503616752977145,0.05251810566974085
2013-01-22 08:00:00,2.6825796336730063e-08,0.0455534889620523,0.10424300492463225,0.05212151587521429
2013-01-22 09:00:00,2.2547004190576177e-08,0.039602994752244554,0.10898770390298412,0.05449386322499416
2013-01-22 10:00:00,2.0903153252280966e-08,0.036813565003205755,0.1149264230679914,0.05746322198557233
2013-01-22 11:00:00,2.096743732521384e-08,0.03678127684611496,0.11230492153776392,0.05615247125260062
2013-01-22 12:00:00,2.4169611765191237e-08,0.04150856509088684,0.09670637197291582,0.048353198071263793
2013-01-22 13:00:00,3.481100866679936e-08,0.052743425633591696,0.09008923951078027,0.04504463716089447
2013-01-22 14:00:00,6.375238444060234e-08,0.07999245406771918,0.09229091393026187,0.046145488841323155
2013-01-22 15:00:00,9.095377928208347e-08,0.0999231164378534,0.11714861663980856,0.058574353796793925
2013-01-22 16:00:00,9.763494956276139e-08,0.09450464936340257,0.1236156703296592,0.061807883982304385
2013-01-22 17:00:00,9.531796866987333e-08,0.09139067743863234,0.12084596472636071,0.06042303002216469
2013-01-22 18:00:00,9.524224583469742e-08,0.09446284899120555,0.12124527268477102,0.06062268396350843
2013-01-22 19:00:00,9.507962994279081e-08,0.09897061445529688,0.10606979422661464,0.05303494465312229
2013-01-22 20:00:00,8.871487439393225e-08,0.1052031018251969,0.05162779699283798,0.025813942853856187
2013-01-22 21:00:00,9.10363815891895e-08,0.1114523026882025,0.05013498928014478,0.025067540158263183
2013-01-22 22:00:00,1.219467958989337e-07,0.1390837595244795,0.05513426380981423,0.027567192878305065
2013-01-22 23:00:00,1.5661146772095987e-07,0.16600506277399676,0.057951285677900734,0.028975721144684226
2013-01-23 00:00:00,2.1561861677011426e-07,0.20190733304652095,0.061626873079743245,0.030813544349180006
2013-01-23 01:00:00,4.053462816166875e-07,0.27321920260982013,0.06264650875190234,0.03132345704909198
2013-01-23 02:00:00,6.30041477348749e-07,0.31883187606119806,0.06093323434733623,0.03046693219440679
2013-01-23 03:00:00,0.13600851121429575,0.352264761443814,0.05866714352857391,0.09733782737143483
2013-01-23 04:00:00,0.18559795264200202,0.379352065711319,0.05157196634260346,0.11858495949230274
2013-01-23 05:00:00,0.3299751965697265,0.41342483853877465,0.07316630042190168,0.2015707484958141
2013-01-23 06:00:00,0.14743556902571173,0.3325328780905099,0.10063756534093445,0.1240365671833231
2013-01-23 07:00:00,1.0852360901023382e-07,0.11909050257481275,0.10503616752977145,0.05251813802669023
2013-01-23 08:00:00,6.10447310027912e-08,0.08323813308985638,0.10424300492463225,0.052121532984681626
2013-01-23 09:00:00,5.051647437200243e-08,0.07139371203247531,0.10898770390298412,0.05449387720972925
2013-01-23 10:00:00,3.887530410584592e-08,0.061304928705700354,0.1149264230679914,0.05746323097164775
2013-01-23 11:00:00,3.694471371781481e-08,0.05684591680753066,0.11230492153776392,0.05615247924123882
2013-01-23 12:00:00,5.047925764396041e-08,0.06421720649735202,0.09670637197291582,0.04835321122608673
2013-01-23 13:00:00,7.298139176204096e-08,0.07639062605337665,0.09008923951078027,0.045044656246086015
2013-01-23 14:00:00,1.36440381823199e-07,0.1153739804471213,0.09229091393026187,0.04614552518532185
2013-01-23 15:00:00,3.3136576836635544e-07,0.16790340666452794,0.11714861663980856,0.058574474002788465
2013-01-23 16:00:00,3.291950846282966e-07,0.16091055119429581,0.1236156703296592,0.06180799976237191
2013-01-23 17:00:00,3.206955244534346e-07,0.15941986958629945,0.12084596472636071,0.06042314271094258
2013-01-23 18:00:00,3.161675506447909e-07,0.15920844674687737,0.12124527268477102,0.06062279442616083
2013-01-23 19:00:00,2.6808764865244693e-07,0.15689066563914988,0.10606979422661464,0.053035031157131644
2013-01-23 20:00:00,1.6919632324545848e-07,0.14276019041141766,0.05162779699283798,0.025813983094580613
2013-01-23 21:00:00,1.2998090367828942e-07,0.13666336407258656,0.05013498928014478,0.02506755963052423
2013-01-23 22:00:00,1.2041763946330384e-07,0.1364498715350384,0.05513426380981423,0.027567192113726848
2013-01-23 23:00:00,1.5291865196202762e-07,0.1618538736609236,0.057951285677900734,0.02897571929827635
2013-01-24 00:00:00,2.0199115906732164e-07,0.19037981205652865,0.061626873079743245,0.030813537535451158
2013-01-24 01:00:00,2.8123784844762205e-07,0.22714449989523397,0.06264650875190234,0.031323394994875395
2013-01-24 02:00:00,3.464445591700852e-07,0.25217233315097504,0.06093323434733623,0.030466790395947702
2013-01-24 03:00:00,4.591847192008216e-07,0.29166890786621136,0.05866714352857391,0.029333801356646556
2013-01-24 04:00:00,7.04130551437281e-07,0.33195546646185975,0.05157196634260346,0.02578633523657745
2013-01-24 05:00:00,0.1510614966407074,0.34880986236365413,0.07316630042190168,0.11211389853130455
2013-01-24 06:00:00,5.988287807292109e-07,0.27096299317968786,0.10063756534093445,0.05031908208485759
2013-01-24 07:00:00,5.681510325737842e-08,0.06615911539779255,0.10503616752977145,0.052518112172437355
2013-01-24 08:00:00,3.580716380059021e-08,0.048308867144027136,0.10424300492463225,0.052121520365898025
2013-01-24 09:00:00,3.3529773199523653e-08,0.04631008286888555,0.10898770390298412,0.05449386871637866
2013-01-24 10:00:00,3.4287522778876794e-08,0.04722917720551192,0.1149264230679914,0.05746322867775709
2013-01-24 11:00:00,3.67051752895688e-08,0.04953125575151478,0.11230492153776392,0.0561524791214696
2013-01-24 12:00:00,4.358581204789824e-08,0.056677384597337184,0.09670637197291582,0.04835320777936393
2013-01-24 13:00:00,6.057203047176213e-08,0.07418084497238704,0.09008923951078027,0.04504465004140537
2013-01-24 14:00:00,8.593620692863638e-08,0.09515711854933318,0.09229091393026187,0.0461454999332344
2013-01-24 15:00:00,1.1119726047586184e-07,0.09257180256372939,0.11714861663980856,0.05857436391853452
2013-01-24 16:00:00,1.1596103470175885e-07,0.08678050969593738,0.1236156703296592,0.06180789314534695
2013-01-24 17:00:00,1.2376506975389808e-07,0.08315179258138959,0.12084596472636071,0.06042304424571523
2013-01-24 18:00:00,1.1572109123351132e-07,0.07941686074450817,0.12124527268477102,0.06062269420293113
2013-01-24 19:00:00,1.0271100644982456e-07,0.07571379910920444,0.10606979422661464,0.053034948468810544
2013-01-24 20:00:00,8.367764083458528e-08,0.07459125881365737,0.05162779699283798,0.02581394033523941
2013-01-24 21:00:00,8.413762979539267e-08,0.07342039620739887,0.05013498928014478,0.025067536708887287
2013-01-24 22:00:00,8.306763834558352e-08,0.07223917878179202,0.05513426380981423,0.02756717343872629
2013-01-24 23:00:00,8.306764336393479e-08,0.07373307131003726,0.057951285677900734,0.028975684372772047
2013-01-25 00:00:00,8.309621325268266e-08,0.07527972542878308,0.061626873079743245,0.030813478087978248
2013-01-25 01:00:00,8.355555249016398e-08,0.07668699524159117,0.06264650875190234,0.03132329615372741
2013-01-25 02:00:00,8.375096322173145e-08,0.07916823631799941,0.06093323434733623,0.030466659049149726
2013-01-25 03:00:00,8.382596902763042e-08,0.08176718125294116,0.05866714352857391,0.02933361367727147
2013-01-25 04:00:00,8.7337037127697e-08,0.08654799242350013,0.05157196634260346,0.025786026839820297
2013-01-25 05:00:00,9.770815051546204e-08,0.09355257710477578,0.07316630042190168,0.0365831990650261
2013-01-25 06:00:00,1.357639254500826e-07,0.10633232742958555,0.10063756534093445,0.05031885055242995
2013-01-25 07:00:00,1.1445424434537137e-07,0.09388541064362045,0.10503616752977145,0.0525181409920079
2013-01-25 08:00:00,9.926010077101998e-08,0.08946612248493259,0.10424300492463225,0.05212155209236651
2013-01-25 09:00:00,1.0542568899713102e-07,0.08830549716401999,0.10898770390298412,0.05449390466433656
2013-01-25 10:00:00,1.1760281626671461e-07,0.09036327526737319,0.1149264230679914,0.057463270335403833
2013-01-25 11:00:00,1.0990895471917927e-07,0.08409841155411506,0.11230492153776392,0.05615251572335932
2013-01-25 12:00:00,8.877084124486644e-08,0.07540584586145914,0.09670637197291582,0.04835323037187853
2013-01-25 13:00:00,8.2979089314754e-08,0.07379217177814187,0.09008923951078027,0.04504466124493479
2013-01-25 14:00:00,7.879157673921375e-08,0.07343786879536447,0.09229091393026187,0.0461454963609193
2013-01-25 15:00:00,9.117240094722653e-08,0.07586852754057816,0.11714861663980856,0.058574353906104756
2013-01-25 16:00:00,9.061901121609626e-08,0.07424103421980814,0.1236156703296592,0.061807880474335206
2013-01-25 17:00:00,9.065844023921408e-08,0.0729725564490566,0.12084596472636071,0.060423027692400474
2013-01-25 18:00:00,9.061912207560198e-08,0.07140571861328707,0.12124527268477102,0.06062268165194655
2013-01-25 19:00:00,9.073502264201755e-08,0.0712618590665352,0.10606979422661464,0.05303494248081864
2013-01-25 20:00:00,8.330846323255953e-08,0.0720417428989424,0.05162779699283798,0.025813940150650607
2013-01-25 21:00:00,8.364206697462105e-08,0.07285605428545801,0.05013498928014478,0.025067536461105877
2013-01-25 22:00:00,8.37547670167758e-08,0.07403777771997452,0.05513426380981423,0.027567173782290625
2013-01-25 23:00:00,8.369837173415897e-08,0.07205592325991153,0.057951285677900734,0.028975684688136234
2013-01-26 00:00:00,8.374384311458883e-08,0.07248373322715376,0.061626873079743245,0.03081347841179318
2013-01-26 01:00:00,8.351657883050916e-08,0.07285117840433314,0.06264650875190234,0.031323296134240584
2013-01-26 02:00:00,8.31897868352465e-08,0.0728359996842318,0.06093323434733623,0.030466658768561534
2013-01-26 03:00:00,8.316688049249674e-08,0.073461419185391,0.05866714352857391,0.029333613347727203
2013-01-26 04:00:00,8.31769266842424e-08,0.07408429136658871,0.05157196634260346,0.025786024759765075
2013-01-26 05:00:00,8.318497859571097e-08,0.07494787265893434,0.07316630042190168,0.03658319180344014
2013-01-26 06:00:00,8.333431566814531e-08,0.07667395876773331,0.10063756534093445,0.05031882433762506
2013-01-26 07:00:00,5.371745467576333e-08,0.05767978055819387,0.10503616752977145,0.052518110623613064
2013-01-26 08:00:00,4.447309805722183e-08,0.050308255570158986,0.10424300492463225,0.05212152469886515
2013-01-26 09:00:00,4.0972876060342646e-08,0.047938256046436416,0.10898770390298412,0.054493872437930094
2013-01-26 10:00:00,4.136502755839668e-08,0.04784744131176099,0.1149264230679914,0.05746323221650948
2013-01-26 11:00:00,4.3741542423653496e-08,0.0516239638930343,0.11230492153776392,0.056152482639653174
2013-01-26 12:00:00,4.667198178509656e-08,0.05544279459769328,0.09670637197291582,0.0483532093224488
2013-01-26 13:00:00,5.359941877959718e-08,0.06316062585403916,0.09008923951078027,0.04504464655509952
2013-01-26 14:00:00,6.808743816043539e-08,0.07549294174606927,0.09229091393026187,0.046145491008850015
2013-01-26 15:00:00,8.324061778916324e-08,0.08730082422271108,0.11714861663980856,0.058574349940213176
2013-01-26 16:00:00,8.326827809860794e-08,0.08857340603704753,0.1236156703296592,0.061807876798968646
2013-01-26 17:00:00,8.330704680449657e-08,0.09068474035108665,0.12084596472636071,0.060423024016703755
2013-01-26 18:00:00,8.330536734285559e-08,0.0913464501831015,0.12124527268477102,0.06062267799506918
2013-01-26 19:00:00,8.321242253140949e-08,0.0909004086962045,0.10606979422661464,0.05303493871951859
2013-01-26 20:00:00,8.331546405982577e-08,0.09065138046282618,0.05162779699283798,0.025813940154151022
2013-01-26 21:00:00,8.355696722604056e-08,0.09245138021219274,0.05013498928014478,0.025067536418556004
2013-01-26 22:00:00,8.369764508762315e-08,0.09647643177817915,0.05513426380981423,0.02756717375372966
2013-01-26 23:00:00,8.35083250284304e-08,0.09803922525061708,0.057951285677900734,0.02897568459311288
2013-01-27 00:00:00,8.349740003139045e-08,0.09834985875968912,0.061626873079743245,0.030813478288571637
2013-01-27 01:00:00,8.350923414744207e-08,0.09937803237275561,0.06264650875190234,0.031323296130568244
2013-01-27 02:00:00,8.364160396949062e-08,0.10352380505571095,0.06093323434733623,0.0304666589944701
2013-01-27 03:00:00,8.388230361120484e-08,0.10664831980705965,0.05866714352857391,0.02933361370543876
2013-01-27 04:00:00,8.489252868263867e-08,0.10999524393963708,0.05157196634260346,0.025786025617566072
2013-01-27 05:00:00,8.674430813224813e-08,0.11338410665504522,0.07316630042190168,0.036583193583104905
2013-01-27 06:00:00,8.295668234326745e-08,0.11003211654639043,0.10063756534093445,0.050318824148808394
2013-01-27 07:00:00,5.1957509809754974e-08,0.07376966132816228,0.10503616752977145,0.05251810974364063
2013-01-27 08:00:00,4.4697312400991386e-08,0.06490596672006875,0.10424300492463225,0.052121524810972326
2013-01-27 09:00:00,4.537100580887461e-08,0.06590589965878527,0.10898770390298412,0.05449387463699497
2013-01-27 10:00:00,5.039448759072853e-08,0.07155186780225613,0.1149264230679914,0.0574632367312395
2013-01-27 11:00:00,5.667325548217532e-08,0.07851870691459625,0.11230492153776392,0.0561524891055097
2013-01-27 12:00:00,7.13599764195499e-08,0.09501968461444185,0.09670637197291582,0.048353221666446115
2013-01-27 13:00:00,9.080436870714373e-08,0.11587090917388376,0.09008923951078027,0.045044665157574486
2013-01-27 14:00:00,1.350493754635493e-07,0.15807416694436371,0.09229091393026187,0.046145524489818665
2013-01-27 15:00:00,2.289796570725717e-07,0.22862776034207474,0.11714861663980856,0.058574422809732817
2013-01-27 16:00:00,2.795943449527384e-07,0.23755285127557005,0.1236156703296592,0.06180797496200208
2013-01-27 17:00:00,3.499825412555381e-07,0.2494626459284158,0.12084596472636071,0.06042315735445098
2013-01-27 18:00:00,4.5295141399236605e-07,0.27511736319260166,0.12124527268477102,0.0606228628180925
2013-01-27 19:00:00,5.404289979428571e-07,0.30001643083045654,0.10606979422661464,0.05303516732780629
2013-01-27 20:00:00,8.023263184160367e-07,0.33744775475421185,0.05162779699283798,0.0258142996595782
2013-01-27 21:00:00,8.868674760380503e-07,0.36462926616894853,0.05013498928014478,0.02506793807381041
2013-01-27 22:00:00,0.16251431728337698,0.38655215719229297,0.05513426380981423,0.1088242905465956
2013-01-27 23:00:00,0.1616059221300259,0.3988571745229522,0.057951285677900734,0.10977860390396331
2013-01-28 00:00:00,0.16760334660377552,0.4227063106962259,0.061626873079743245,0.11461510984175938
2013-01-28 01:00:00,0.2122677885926984,0.47555491121297827,0.06264650875190234,0.13745714867230036
2013-01-28 02:00:00,0.33755905671422176,0.5461804868270713,0.06093323434733623,0.199246145530779
2013-01-28 03:00:00,0.34137038341171266,0.6090735107351577,0.05866714352857391,0.2000187634701433
2013-01-28 04:00:00,0.3413705967630285,0.6090736040337039,0.05157196634260346,0.19647128155281599
2013-01-28 05:00:00,0.3413707674442732,0.6090736115671751,0.07316630042190168,0.20726853393308745
2013-01-28 06:00:00,0.15466454530117524,0.46091108828355604,0.10063756534093445,0.12765105532105483
2013-01-28 07:00:00,1.2476646977799383e-07,0.14742588311532365,0.10503616752977145,0.052518146148120615
2013-01-28 08:00:00,8.416591403210907e-08,0.1079547871504755,0.10424300492463225,0.05212154454527314
2013-01-28 09:00:00,7.112881750222583e-08,0.09380832361289172,0.10898770390298412,0.05449388751590081
2013-01-28 10:00:00,6.761608376900066e-08,0.08985901129431834,0.1149264230679914,0.05746324534203759
2013-01-28 11:00:00,7.413207431012609e-08,0.097137454533252,0.11230492153776392,0.056152497834919116
2013-01-28 12:00:00,8.88736722798524e-08,0.11287410351561793,0.09670637197291582,0.04835323042329405
2013-01-28 13:00:00,1.1799036282605069e-07,0.14127627751717764,0.09008923951078027,0.04504467875057155
2013-01-28 14:00:00,2.6783820721765534e-07,0.24889868572220322,0.09229091393026187,0.04614559088423455
2013-01-28 15:00:00,0.29444688501092336,0.8722218775486464,0.11714861663980856,0.20579775082536597
2013-01-28 16:00:00,1.0523028709296731,1.0489681845932433,0.1236156703296592,0.5879592706296661
2013-01-28 17:00:00,0.2749426165206311,0.9870473666752282,0.12084596472636071,0.19789429062349592
2013-01-28 18:00:00,0.2715074341562998,0.9810190501419832,0.12124527268477102,0.19637635342053542
2013-01-28 19:00:00,0.18379453346538935,0.8826608554427668,0.10606979422661464,0.144932163846002
2013-01-28 20:00:00,1.1138629714633875e-06,0.40839963812007885,0.05162779699283798,0.025814455427904722
2013-01-28 21:00:00,5.778343884268247e-07,0.3556798932447259,0.05013498928014478,0.025067783557266604
2013-01-28 22:00:00,8.408252026704047e-07,0.43258156394882336,0.05513426380981423,0.027567552317508452
2013-01-28 23:00:00,8.434579598699572e-07,0.4436627888222673,0.057951285677900734,0.028976064567930303
2013-01-29 00:00:00,1.026444188310331e-06,0.46623590051356334,0.061626873079743245,0.03081394976196578
2013-01-29 01:00:00,1.0629055528215263e-06,0.4700171575976928,0.06264650875190234,0.03132378582872758
2013-01-29 02:00:00,8.432923605685079e-07,0.4046755763886574,0.06093323434733623,0.0304670388198484
2013-01-29 03:00:00,5.860820849518522e-07,0.3565937502568176,0.05866714352857391,0.029333864805329433
2013-01-29 04:00:00,4.373649287878447e-07,0.3185024374125948,0.05157196634260346,0.025786201853766125
2013-01-29 05:00:00,4.412153526911912e-07,0.3047805782135336,0.07316630042190168,0.03658337081862719
2013-01-29 06:00:00,4.663237154664869e-07,0.2987708748965208,0.10063756534093445,0.050319015832324954
2013-01-29 07:00:00,1.2162519118650793e-07,0.14387380942831796,0.10503616752977145,0.052518144577481315
2013-01-29 08:00:00,8.238292521306509e-08,0.1053683327861142,0.10424300492463225,0.05212154365377873
2013-01-29 09:00:00,7.591047838638559e-08,0.0980078894945417,0.10898770390298412,0.054493889906731256
2013-01-29 10:00:00,8.312295040529617e-08,0.10400143443723205,0.1149264230679914,0.05746325309547091
2013-01-29 11:00:00,9.934845387297799e-08,0.11744312622042881,0.11230492153776392,0.05615251044310889
2013-01-29 12:00:00,1.1895758463502311e-07,0.13161640755006648,0.09670637197291582,0.04835324546525022
2013-01-29 13:00:00,1.33966122719959e-07,0.1427715438670857,0.09008923951078027,0.045044686738451495
2013-01-29 14:00:00,2.2905183097448443e-07,0.18819629870776206,0.09229091393026187,0.04614557149104642
2013-01-29 15:00:00,6.411860256070462e-07,0.26438957186255296,0.11714861663980856,0.058574628912917086
2013-01-29 16:00:00,0.08370430679020112,0.6418093365580888,0.1236156703296592,0.10365998855993017
2013-01-29 17:00:00,4.2595531966014725e-07,0.45037418518361233,0.12084596472636071,0.06042319534084018
2013-01-29 18:00:00,4.7325940683356153e-07,0.20389741763451244,0.12124527268477102,0.060622872972088925
2013-01-29 19:00:00,0.0737690748139552,0.5387285836360947,0.10606979422661464,0.08991943452028492
2013-01-29 20:00:00,6.675598299305503e-07,0.20431320806834838,0.05162779699283798,0.025814232276333955
2013-01-29 21:00:00,5.157098322529141e-07,0.2036364767354706,0.05013498928014478,0.025067752494988518
2013-01-29 22:00:00,3.882040596757163e-07,0.1972089416584308,0.05513426380981423,0.027567326006936954
2013-01-29 23:00:00,4.4004997207482883e-07,0.21333099651617252,0.057951285677900734,0.028975862863936403
2013-01-30 00:00:00,4.778682488565807e-07,0.22869499057324524,0.061626873079743245,0.03081367547399605
2013-01-30 01:00:00,3.89541394332966e-07,0.23141242718405686,0.06264650875190234,0.031323449146648336
2013-01-30 02:00:00,4.057569234949378e-07,0.24346095138130186,0.06093323434733623,0.030466820052129865
2013-01-30 03:00:00,6.01300755660126e-07,0.2758856319040529,0.05866714352857391,0.029333872414664786
2013-01-30 04:00:00,6.972562270210494e-07,0.2868108950927458,0.05157196634260346,0.02578633179941524
2013-01-30 05:00:00,6.425792148289524e-07,0.28783611153312005,0.07316630042190168,0.036583471500558254
2013-01-30 06:00:00,4.0657656568569685e-07,0.23909357471372114,0.10063756534093445,0.05031898595875007
2013-01-30 07:00:00,1.1377762419867195e-07,0.1244651284153619,0.10503616752977145,0.05251814065369782
2013-01-30 08:00:00,8.233504153844015e-08,0.09986566267339014,0.10424300492463225,0.05212154362983689
2013-01-30 09:00:00,7.584027247120901e-08,0.09398818415924338,0.10898770390298412,0.054493889871628294
2013-01-30 10:00:00,7.155890668373135e-08,0.09090234095112883,0.1149264230679914,0.057463247313449047
2013-01-30 11:00:00,7.247719406256284e-08,0.09248230014464304,0.11230492153776392,0.05615249700747899
2013-01-30 12:00:00,8.241936748440267e-08,0.10206556487518721,0.09670637197291582,0.04835322719614165
2013-01-30 13:00:00,1.0981662490523451e-07,0.12824138089301182,0.09008923951078027,0.045044674663702586
2013-01-30 14:00:00,2.4885238892976984e-07,0.21814940367003385,0.09229091393026187,0.0461455813913254
2013-01-30 15:00:00,0.3330781260738375,0.4541163482969895,0.11714861663980856,0.22511337135682305
2013-01-30 16:00:00,0.330587889242705,0.421051545660322,0.1236156703296592,0.2271017797861821
2013-01-30 17:00:00,0.33015086068552923,0.4156723540645137,0.12084596472636071,0.22549841270594498
2013-01-30 18:00:00,0.3295396909469317,0.4083222525078952,0.12124527268477102,0.22539248181585136
2013-01-30 19:00:00,0.32765672393904766,0.3871470748123587,0.10606979422661464,0.21686325908283116
2013-01-30 20:00:00,0.3240672853310581,0.3517691636493155,0.05162779699283798,0.18784754116194805
2013-01-30 21:00:00,0.32005898118357407,0.3184569657552393,0.05013498928014478,0.1850969852318594
2013-01-30 22:00:00,0.2544480794298286,0.2772523050449182,0.05513426380981423,0.15479117161982142
2013-01-30 23:00:00,0.19588743356620109,0.2455449810040712,0.057951285677900734,0.12691935962205092
2013-01-31 00:00:00,0.1194282656427059,0.22375729603709332,0.061626873079743245,0.09052756936122457
2013-01-31 01:00:00,5.28440499545373e-07,0.21285709040454695,0.06264650875190234,0.03132351859620094
2013-01-31 02:00:00,3.1302386143902026e-07,0.18730164097137478,0.06093323434733623,0.030466773685598837
2013-01-31 03:00:00,1.9670578608281532e-07,0.15183341108059883,0.05866714352857391,0.029333670117179998
2013-01-31 04:00:00,1.2986793422807776e-07,0.12057676739637903,0.05157196634260346,0.025786048105268845
2013-01-31 05:00:00,9.121317830752605e-08,0.0983460629907339,0.07316630042190168,0.03658319581753999
2013-01-31 06:00:00,7.859144300512473e-08,0.08609389649676545,0.10063756534093445,0.050318821966188726
2013-01-31 07:00:00,6.441453163725577e-08,0.0699860514039529,0.10503616752977145,0.052518115972151544
2013-01-31 08:00:00,4.240004852826888e-08,0.03962274646973761,0.10424300492463225,0.05212152366234039
2013-01-31 09:00:00,2.3484900694273552e-08,0.03292192476198209,0.10898770390298412,0.05449386369394241
2013-01-31 10:00:00,2.1265355797596812e-08,0.030330634518848414,0.1149264230679914,0.0574632221666736
2013-01-31 11:00:00,2.0116419890944327e-08,0.028109101121142118,0.11230492153776392,0.056152470827091905
2013-01-31 12:00:00,2.13900051728519e-08,0.028450673514430626,0.09670637197291582,0.04835319668146049
2013-01-31 13:00:00,3.38055366758676e-08,0.031925215851644484,0.09008923951078027,0.04504463665815847
2013-01-31 14:00:00,5.5900673041562474e-08,0.054025780800648134,0.09229091393026187,0.04614548491546745
2013-01-31 15:00:00,8.308876156367066e-08,0.07312205281760514,0.11714861663980856,0.058574349864285065
2013-01-31 16:00:00,8.308340146738732e-08,0.07763541815680118,0.1236156703296592,0.06180787670653033
2013-01-31 17:00:00,8.355601581247465e-08,0.081064691937132,0.12084596472636071,0.06042302414118826
2013-01-31 18:00:00,8.483248203037877e-08,0.08147287486422379,0.12124527268477102,0.06062267875862652
2013-01-31 19:00:00,9.061322898116182e-08,0.08245999474901897,0.10606979422661464,0.05303494241992181
2013-01-31 20:00:00,1.0093666286802244e-07,0.08412134460896145,0.05162779699283798,0.025813948964750425
2013-01-31 21:00:00,1.1169415119568131e-07,0.08502089221411403,0.05013498928014478,0.02506755048714799
2013-01-31 22:00:00,1.0089142064393104e-07,0.0810783288008623,0.05513426380981423,0.027567182350617437
2013-01-31 23:00:00,1.177316115263529e-07,0.0879299933437981,0.057951285677900734,0.02897570170475613
2013-02-01 00:00:00,1.0968489613353861e-07,0.08473915881019826,0.0663125488898991,0.03315632928739762
2013-02-01 01:00:00,9.069346233043745e-08,0.08293608086284439,0.0668769900655586,0.03343854037951047
2013-02-01 02:00:00,1.0376026052201673e-07,0.09195989815640764,0.06629402850514078,0.03314706613270065
2013-02-01 03:00:00,1.3322602905238216e-07,0.1030252565047537,0.061463325642766256,0.030731729434397653
2013-02-01 04:00:00,1.3731024582216413e-07,0.100482579026104,0.05598745873326779,0.027993798021756805
2013-02-01 05:00:00,1.192774954389099e-07,0.09048319186338154,0.054846276324309405,0.02742319780090242
2013-02-01 06:00:00,7.954406268870472e-08,0.07293125788018386,0.09559047170768911,0.0477952756258759
2013-02-01 07:00:00,4.236843479196492e-08,0.04868562271296691,0.11165642536669522,0.055828233867565004
2013-02-01 08:00:00,2.9429429288026767e-08,0.029866483576306266,0.10772255252887915,0.053861290979154215
2013-02-01 09:00:00,2.092153553837232e-08,0.028492534192519195,0.11383027780431614,0.05691514936292583
2013-02-01 10:00:00,1.8096404032187664e-08,0.027988070192055167,0.1076973582541552,0.053848688175279616
2013-02-01 11:00:00,1.747521078730316e-08,0.0267688267221827,0.11039653710341797,0.05519827728931438
2013-02-01 12:00:00,2.30694939900277e-08,0.029028572972789206,0.07732992505605292,0.03866497406277346
2013-02-01 13:00:00,4.0563099470779555e-08,0.05283090192606094,0.05706839900994527,0.02853421978652237
2013-02-01 14:00:00,8.49197022069851e-08,0.07688629304787484,0.05186652475393201,0.02593330483681711
2013-02-01 15:00:00,1.8630193670347664e-07,0.1175702773513394,0.09251467943502607,0.046257432868481385
2013-02-01 16:00:00,1.6494548057030712e-07,0.12026442836794088,0.11873314220848512,0.05936665357698284
2013-02-01 17:00:00,1.8921919182143738e-07,0.13258546793526454,0.1221668829093833,0.061083536064287555
2013-02-01 18:00:00,2.4118393245797453e-07,0.15202210155411347,0.11566668243340468,0.05783346180866857
2013-02-01 19:00:00,2.985924622775928e-07,0.1721473510536309,0.08353296097932925,0.041766629785895765
2013-02-01 20:00:00,5.012987968236432e-07,0.21281757804203955,0.05089587697289331,0.025448189135845064
2013-02-01 21:00:00,0.13865467098219145,0.2597557252504051,0.05618078007527305,0.09741772552873225
2013-02-01 22:00:00,0.23136314324610055,0.3037682152198192,0.05479166843558423,0.1430774058408424
2013-02-01 23:00:00,0.25762328099863874,0.3085434897437205,0.064129945117589,0.16087661305811388
2013-02-02 00:00:00,0.2521313014581825,0.297314220024474,0.0663125488898991,0.15922192517404082
2013-02-02 01:00:00,0.08332669948846101,0.27067271716649066,0.0668769900655586,0.0751018447770098
2013-02-02 02:00:00,0.21515852133799696,0.22324957128733253,0.06629402850514078,0.14072627492156886
2013-02-02 03:00:00,0.11317610142386432,0.1793587668501314,0.061463325642766256,0.08731971353331529
2013-02-02 04:00:00,0.07771116110823337,0.14774534534819422,0.05598745873326779,0.06684930992075058
2013-02-02 05:00:00,2.590605118724842e-07,0.1209715757516623,0.054846276324309405,0.02742326769241064
2013-02-02 06:00:00,1.1413445678161832e-07,0.08566474632896715,0.09559047170768911,0.04779529292107295
2013-02-02 07:00:00,6.24878365295928e-08,0.06262184470607025,0.11165642536669522,0.055828243927265875
2013-02-02 08:00:00,5.400495466001758e-08,0.05733242741858428,0.10772255252887915,0.053861303266916905
2013-02-02 09:00:00,4.512697449015454e-08,0.05552049792995919,0.11383027780431614,0.05691516146564531
2013-02-02 10:00:00,4.410624306536838e-08,0.05700979200015344,0.1076973582541552,0.05384870118019913
2013-02-02 11:00:00,4.4265455403270774e-08,0.0573590598660681,0.11039653710341797,0.055198290684436685
2013-02-02 12:00:00,4.7031845841310857e-08,0.06111161571607482,0.07732992505605292,0.03866498604394938
2013-02-02 13:00:00,6.046957959882602e-08,0.06955784832538217,0.05706839900994527,0.028534229739762437
2013-02-02 14:00:00,6.964038496571714e-08,0.07434799792616523,0.05186652475393201,0.02593329719715849
2013-02-02 15:00:00,8.307248949234959e-08,0.07998032339695038,0.09251467943502607,0.046257381253757786
2013-02-02 16:00:00,8.307115196714829e-08,0.07605694760979433,0.11873314220848512,0.059366612639818545
2013-02-02 17:00:00,8.306778701449616e-08,0.0750265141408822,0.1221668829093833,0.06108348298858515
2013-02-02 18:00:00,8.30677995604203e-08,0.07564068843657815,0.11566668243340468,0.05783338275060212
2013-02-02 19:00:00,8.306778011423949e-08,0.07822209993520086,0.08353296097932925,0.04176652202355468
2013-02-02 20:00:00,8.306765716440381e-08,0.08042985155873116,0.05089587697289331,0.025447980020275235
2013-02-02 21:00:00,8.306779266016157e-08,0.08299312778024086,0.05618078007527305,0.028090431571532855
2013-02-02 22:00:00,8.307570048146748e-08,0.08841304794164183,0.05479166843558423,0.027395875755642354
2013-02-02 23:00:00,8.307461443919723e-08,0.08943509199433593,0.064129945117589,0.03206501409610172
2013-02-03 00:00:00,8.306792564716844e-08,0.0905933723036739,0.0663125488898991,0.033156315978912373
2013-02-03 01:00:00,8.306863324557282e-08,0.09135277868246999,0.0668769900655586,0.033438536567095924
2013-02-03 02:00:00,8.306752668742523e-08,0.09117693631080262,0.06629402850514078,0.033147055786333736
2013-02-03 03:00:00,8.306895693822324e-08,0.09291810835504721,0.061463325642766256,0.030731704355861596
2013-02-03 04:00:00,8.307112310919929e-08,0.0928584927284086,0.05598745873326779,0.02799377090219545
2013-02-03 05:00:00,8.307163502709753e-08,0.09247440294969721,0.054846276324309405,0.027423179697972217
2013-02-03 06:00:00,7.279588326838638e-08,0.0832811689712229,0.09559047170768911,0.04779527225178619
2013-02-03 07:00:00,4.128789211782074e-08,0.06333272608702493,0.11165642536669522,0.05582823332729367
2013-02-03 08:00:00,1.9623346735490458e-08,0.039444477451795995,0.10772255252887915,0.053861286076112944
2013-02-03 09:00:00,1.0390712830747302e-08,7.422749858263254e-08,0.11383027780431614,0.05691514409751448
2013-02-03 10:00:00,1.0114402966802529e-08,1.3669777543508168e-07,0.1076973582541552,0.053848684184279086
2013-02-03 11:00:00,1.0833846887769834e-08,1.4019416168854723e-07,0.11039653710341797,0.05519827396863243
2013-02-03 12:00:00,1.6725057535974964e-08,1.3026566880835366e-07,0.07732992505605292,0.03866497089055523
2013-02-03 13:00:00,2.0481854574582537e-08,2.0650483544839194e-07,0.05706839900994527,0.028534209745899923
2013-02-03 14:00:00,4.4449574913157746e-08,0.04750624121735788,0.05186652475393201,0.025933284601753464
2013-02-03 15:00:00,8.306727577131081e-08,0.06983265928297455,0.09251467943502607,0.04625738125115092
2013-02-03 16:00:00,8.306737300112526e-08,0.06667457291658958,0.11873314220848512,0.05936661263792906
2013-02-03 17:00:00,8.306743635744942e-08,0.06518014860216274,0.1221668829093833,0.06108348298840983
2013-02-03 18:00:00,8.306747587678967e-08,0.06470758370891454,0.11566668243340468,0.057833382750440275
2013-02-03 19:00:00,8.306749908657846e-08,0.06398902781960629,0.08353296097932925,0.04176652202341417
2013-02-03 20:00:00,8.306751351429153e-08,0.06367309560595728,0.05089587697289331,0.02544798002020341
2013-02-03 21:00:00,8.30675216690881e-08,0.06364882667786897,0.05618078007527305,0.02809043157139736
2013-02-03 22:00:00,8.306752606013307e-08,0.06442487793238241,0.05479166843558423,0.027395875751555145
2013-02-03 23:00:00,8.306752794200963e-08,0.06560786124125474,0.064129945117589,0.03206501409255847
2013-02-04 00:00:00,8.307863187075769e-08,0.06876091834593503,0.0663125488898991,0.03315631598426549
2013-02-04 01:00:00,8.320051191005874e-08,0.0739706971651138,0.0668769900655586,0.033438536633035254
2013-02-04 02:00:00,8.382998918486445e-08,0.0797537644187596,0.06629402850514078,0.033147056167564984
2013-02-04 03:00:00,8.9647404452146e-08,0.08840372674410514,0.061463325642766256,0.030731707645085354
2013-02-04 04:00:00,1.3983789914455945e-07,0.11570624797459225,0.05598745873326779,0.027993799285583466
2013-02-04 05:00:00,1.84515415969457e-07,0.14273914477355004,0.054846276324309405,0.027423230419862686
2013-02-04 06:00:00,1.468329069683921e-07,0.13118034622963984,0.09559047170768911,0.04779530927029804
2013-02-04 07:00:00,6.491899077833998e-08,0.07823652482478248,0.11165642536669522,0.055828245142843
2013-02-04 08:00:00,4.747986809350231e-08,0.062221318434341644,0.10772255252887915,0.05386130000437362
2013-02-04 09:00:00,3.4084763117504994e-08,0.05576180986918923,0.11383027780431614,0.05691515594453963
2013-02-04 10:00:00,3.4526818545179816e-08,0.039462050123961485,0.1076973582541552,0.05384869639048687
2013-02-04 11:00:00,3.396337257444419e-08,0.04283625864205811,0.11039653710341797,0.05519828553339527
2013-02-04 12:00:00,4.6370711269520334e-08,0.05356580098970406,0.07732992505605292,0.038664985713382095
2013-02-04 13:00:00,6.501957584104032e-08,0.09083529705341727,0.05706839900994527,0.028534232014760557
2013-02-04 14:00:00,1.8201113769172352e-07,0.15386706246632054,0.05186652475393201,0.02593335338253485
2013-02-04 15:00:00,0.24281777473338223,0.3148151026852337,0.09251467943502607,0.16766622708420414
2013-02-04 16:00:00,0.15958811890167454,0.2651497379023862,0.11873314220848512,0.13916063055507982
2013-02-04 17:00:00,0.09998634035879202,0.2128869332080529,0.1221668829093833,0.11107661163408766
2013-02-04 18:00:00,3.618203960393955e-07,0.17680634522148245,0.11566668243340468,0.05783352212690036
2013-02-04 19:00:00,3.138664783467797e-07,0.15870022149483218,0.08353296097932925,0.0417666374229038
2013-02-04 20:00:00,3.591905699283304e-07,0.15075198133973292,0.05089587697289331,0.025448118081731617
2013-02-04 21:00:00,2.650364898625109e-07,0.1342668770961965,0.05618078007527305,0.02809052255588146
2013-02-04 22:00:00,1.4498793067742157e-07,0.10671976745017801,0.05479166843558423,0.027395906711757453
2013-02-04 23:00:00,1.1900802183308188e-07,0.09739043372556253,0.064129945117589,0.03206503206280542
2013-02-05 00:00:00,1.0722625201222247e-07,0.09239581686152933,0.0663125488898991,0.03315632805807556
2013-02-05 01:00:00,9.863407940150994e-08,0.09100113526825526,0.0668769900655586,0.033438544349819
2013-02-05 02:00:00,1.0237406384735322e-07,0.09679224361065505,0.06629402850514078,0.033147065439602316
2013-02-05 03:00:00,1.195537727165618e-07,0.1076295904848261,0.061463325642766256,0.030731722598269486
2013-02-05 04:00:00,1.2782899214067846e-07,0.1144922540069456,0.05598745873326779,0.027993793281129966
2013-02-05 05:00:00,1.2745762341078595e-07,0.11729765799802815,0.054846276324309405,0.02742320189096641
2013-02-05 06:00:00,9.093074144347924e-08,0.0946129009653932,0.09559047170768911,0.04779528131921528
2013-02-05 07:00:00,3.703028555568067e-08,0.04821596840537199,0.11165642536669522,0.05582823119849039
2013-02-05 08:00:00,2.0609672816575004e-08,0.02705243949277108,0.10772255252887915,0.05386128656927598
2013-02-05 09:00:00,1.1926906677582363e-08,0.025482594566156754,0.11383027780431614,0.05691514486561141
2013-02-05 10:00:00,1.1996219367473903e-08,0.025656966944365592,0.1076973582541552,0.053848685125187284
2013-02-05 11:00:00,1.2844764592380874e-08,0.02729607803712933,0.11039653710341797,0.055198274974091285
2013-02-05 12:00:00,1.5165826636584543e-08,0.03198578528945101,0.07732992505605292,0.03866497011093978
2013-02-05 13:00:00,2.8958108558943372e-08,0.042964541202234974,0.05706839900994527,0.028534213984026915
2013-02-05 14:00:00,7.794688362052674e-08,0.09536005552337341,0.05186652475393201,0.025933301350407816
2013-02-05 15:00:00,1.6703830665189965e-07,0.15534077549767733,0.09251467943502607,0.046257423236666366
2013-02-05 16:00:00,1.280067386471056e-07,0.12559049800632133,0.11873314220848512,0.059366635107611886
2013-02-05 17:00:00,1.1095659228822635e-07,0.11080596492967194,0.1221668829093833,0.06108349693298779
2013-02-05 18:00:00,1.1700822519956151e-07,0.10893964807063002,0.11566668243340468,0.05783339972081494
2013-02-05 19:00:00,1.1005922066545568e-07,0.10165121480498412,0.08353296097932925,0.04176653551927496
2013-02-05 20:00:00,1.020318303321227e-07,0.09598459283073266,0.05089587697289331,0.02544798950236182
2013-02-05 21:00:00,1.0410156671249062e-07,0.09575163249322145,0.05618078007527305,0.028090442088419883
2013-02-05 22:00:00,9.725475983361442e-08,0.09262253496311912,0.05479166843558423,0.027395882845172033
2013-02-05 23:00:00,9.454417780837568e-08,0.09141351162124889,0.064129945117589,0.032065019830883404
2013-02-06 00:00:00,9.754040258701623e-08,0.09449146218093761,0.0663125488898991,0.03315632321515084
2013-02-06 01:00:00,1.101173256057399e-07,0.10285391938706964,0.0668769900655586,0.0334385500914421
2013-02-06 02:00:00,1.2418468380394982e-07,0.11071427149774521,0.06629402850514078,0.03314707634491229
2013-02-06 03:00:00,1.3151158543540757e-07,0.11720639226443962,0.061463325642766256,0.030731728577175845
2013-02-06 04:00:00,1.2822583264202125e-07,0.11715331802203426,0.05598745873326779,0.027993793479550215
2013-02-06 05:00:00,1.4018947372043173e-07,0.12397607600630023,0.054846276324309405,0.02742320825689156
2013-02-06 06:00:00,1.4003649503827786e-07,0.12207025335684898,0.09559047170768911,0.047795305872092075
2013-02-06 07:00:00,7.79563175884817e-08,0.0855766679089274,0.11165642536669522,0.0558282516615064
2013-02-06 08:00:00,5.233868490518211e-08,0.0657308727942137,0.10772255252887915,0.053861302433782024
2013-02-06 09:00:00,3.6920901520838754e-08,0.05468828714729162,0.11383027780431614,0.056915157362608826
2013-02-06 10:00:00,3.600706364970442e-08,0.053983269632156536,0.1076973582541552,0.05384869713060943
2013-02-06 11:00:00,3.7468433453677316e-08,0.056060495631597713,0.11039653710341797,0.05519828728592571
2013-02-06 12:00:00,4.525805985060704e-08,0.06629793937403099,0.07732992505605292,0.03866498515705639
2013-02-06 13:00:00,7.446764384598274e-08,0.09325636984513157,0.05706839900994527,0.028534236738794558
2013-02-06 14:00:00,1.1990520991734246e-07,0.1349833014034632,0.05186652475393201,0.025933322329570966
2013-02-06 15:00:00,2.7480416081479535e-07,0.2159655890293515,0.09251467943502607,0.046257477119593444
2013-02-06 16:00:00,3.0529325070401894e-07,0.19621704615771096,0.11873314220848512,0.05936672375086791
2013-02-06 17:00:00,3.139244485354614e-07,0.1850939521953021,0.1221668829093833,0.061083598416915914
2013-02-06 18:00:00,2.7031459212231195e-07,0.16642828621792816,0.11566668243340468,0.0578334763739984
2013-02-06 19:00:00,2.308679756662845e-07,0.15232016522797132,0.08353296097932925,0.04176659592365246
2013-02-06 20:00:00,1.898111055095745e-07,0.14386957127383804,0.05089587697289331,0.025448033391999407
2013-02-06 21:00:00,1.7258175464434758e-07,0.1373062627848075,0.05618078007527305,0.028090476328513848
2013-02-06 22:00:00,1.3545521214047138e-07,0.11879368192118979,0.05479166843558423,0.027395901945398184
2013-02-06 23:00:00,1.1203854354049008e-07,0.10945011462855994,0.064129945117589,0.03206502857806627
2013-02-07 00:00:00,9.936587498893087e-08,0.10449784757891893,0.0663125488898991,0.03315632412788704
2013-02-07 01:00:00,8.970145431500039e-08,0.10076618403248205,0.0668769900655586,0.03343853988350646
2013-02-07 02:00:00,8.47625571914164e-08,0.09897460731713682,0.06629402850514078,0.03314705663384899
2013-02-07 03:00:00,8.372252382796305e-08,0.09932471504195482,0.061463325642766256,0.030731704682645043
2013-02-07 04:00:00,8.317611220772093e-08,0.09711022507363694,0.05598745873326779,0.02799377095469
2013-02-07 05:00:00,8.31015442397341e-08,0.0973540297418518,0.054846276324309405,0.027423179712926824
2013-02-07 06:00:00,7.057247732793405e-08,0.08633979889687944,0.09559047170768911,0.04779527114008322
2013-02-07 07:00:00,5.161778999248647e-08,0.06785407675511712,0.11165642536669522,0.0558282384922426
2013-02-07 08:00:00,4.1240458865189824e-08,0.05692328317227319,0.10772255252887915,0.05386129688466901
2013-02-07 09:00:00,3.676553458143455e-08,0.05092466541003861,0.11383027780431614,0.056915157284925355
2013-02-07 10:00:00,3.541607477551698e-08,0.04690051863487804,0.1076973582541552,0.05384869683511499
2013-02-07 11:00:00,3.5398975887675415e-08,0.04616054563064364,0.11039653710341797,0.05519828625119693
2013-02-07 12:00:00,3.869474533273217e-08,0.050891937845285624,0.07732992505605292,0.03866498187539913
2013-02-07 13:00:00,4.5933461197334917e-08,0.06180998427016331,0.05706839900994527,0.028534222471703233
2013-02-07 14:00:00,6.071872076341847e-08,0.0797234019112253,0.05186652475393201,0.02593329273632639
2013-02-07 15:00:00,8.306766281005156e-08,0.1038793065870733,0.09251467943502607,0.04625738125134444
2013-02-07 16:00:00,9.06190385887885e-08,0.10315279667881389,0.11873314220848512,0.059366616413761855
2013-02-07 17:00:00,9.061904543196415e-08,0.10079612721495523,0.1221668829093833,0.061083486764214365
2013-02-07 18:00:00,9.061904064174108e-08,0.09709097271255018,0.11566668243340468,0.05783338652622266
2013-02-07 19:00:00,9.061910086172496e-08,0.09421377660772376,0.08353296097932925,0.041766525799215054
2013-02-07 20:00:00,8.306765277334499e-08,0.09276398160868796,0.05089587697289331,0.02544798002027304
2013-02-07 21:00:00,8.306765653710968e-08,0.09284788643016374,0.05618078007527305,0.028090431571464795
2013-02-07 22:00:00,8.306765779169797e-08,0.09625865845958195,0.05479166843558423,0.027395875751621012
2013-02-07 23:00:00,8.306765653710965e-08,0.09802509028157792,0.064129945117589,0.032065014092622766
2013-02-08 00:00:00,8.306765402793316e-08,0.09784224006320413,0.0663125488898991,0.033156315978776565
2013-02-08 01:00:00,8.306764838228662e-08,0.09680307266600138,0.0668769900655586,0.03343853656660349
2013-02-08 02:00:00,8.306764273664082e-08,0.09602337833533504,0.06629402850514078,0.03314705578639176
2013-02-08 03:00:00,8.308927934756968e-08,0.09561181978320797,0.061463325642766256,0.0307317043660228
2013-02-08 04:00:00,8.306765841899214e-08,0.09345603760339391,0.05598745873326779,0.027993770900463105
2013-02-08 05:00:00,8.306763897287738e-08,0.09127502162148866,0.054846276324309405,0.02742317969597419
2013-02-08 06:00:00,7.756914435959069e-08,0.08617484873884296,0.09559047170768911,0.047795274638416735
2013-02-08 07:00:00,6.325954186370122e-08,0.07415833571484182,0.11165642536669522,0.055828244313118544
2013-02-08 08:00:00,5.404050170533647e-08,0.06618370129857687,0.10772255252887915,0.05386130328469042
2013-02-08 09:00:00,4.934951728321037e-08,0.06234393581927905,0.11383027780431614,0.05691516357691671
2013-02-08 10:00:00,4.764603280570564e-08,0.05880767986539711,0.1076973582541552,0.053848702950094
2013-02-08 11:00:00,4.933601483245126e-08,0.061785549385365277,0.11039653710341797,0.0551982932197164
2013-02-08 12:00:00,5.316872065409862e-08,0.06671941914588053,0.07732992505605292,0.038664989112386784
2013-02-08 13:00:00,5.9319005521402256e-08,0.07557169114821082,0.05706839900994527,0.028534229164475396
2013-02-08 14:00:00,6.758682981406458e-08,0.08594981135066157,0.05186652475393201,0.025933296170380912
2013-02-08 15:00:00,8.520948480718758e-08,0.10713637998447205,0.09251467943502607,0.04625738232225544
2013-02-08 16:00:00,1.0204393838512171e-07,0.11663408700793618,0.11873314220848512,0.05936662212621175
2013-02-08 17:00:00,1.1633700040808112e-07,0.1299579242600814,0.1221668829093833,0.06108349962319185
2013-02-08 18:00:00,1.458201705313427e-07,0.15029727531705359,0.11566668243340468,0.05783341412678761
2013-02-08 19:00:00,2.4497090552004986e-07,0.19773506766801338,0.08353296097932925,0.04176660297511738
2013-02-08 20:00:00,5.557746748671837e-07,0.262004532553754,0.05089587697289331,0.025448216373784086
2013-02-08 21:00:00,0.1494193501935098,0.30118733456827324,0.05618078007527305,0.10280006513439142
2013-02-08 22:00:00,0.14144379379541647,0.2989323476410005,0.05479166843558423,0.09811773111550035
2013-02-08 23:00:00,0.12055545638131498,0.2910589806856824,0.064129945117589,0.092342700749452
2013-02-09 00:00:00,0.12493375406847798,0.30333501946560165,0.0663125488898991,0.09562315147918854
2013-02-09 01:00:00,0.13220265124542582,0.3124529825243078,0.0668769900655586,0.09953982065549222
2013-02-09 02:00:00,7.679549436645706e-07,0.3011888401647983,0.06629402850514078,0.03314739823004222
2013-02-09 03:00:00,5.166153354538358e-07,0.27356882156697915,0.061463325642766256,0.030731921129050856
2013-02-09 04:00:00,3.6607736752300704e-07,0.2481538091069658,0.05598745873326779,0.027993912405317657
2013-02-09 05:00:00,3.336609681822114e-07,0.24990165486214178,0.054846276324309405,0.027423304992638793
2013-02-09 06:00:00,2.1383715336560042e-07,0.20273616955009355,0.09559047170768911,0.047795342772421236
2013-02-09 07:00:00,9.555523520421651e-08,0.11728797155322916,0.11165642536669522,0.055828260460965215
2013-02-09 08:00:00,6.574897711178287e-08,0.08757330891386453,0.10772255252887915,0.05386130913892813
2013-02-09 09:00:00,5.9743869342113e-08,0.08091240676401759,0.11383027780431614,0.056915168774092736
2013-02-09 10:00:00,6.327931059699267e-08,0.0853399928644219,0.1076973582541552,0.0538487107667329
2013-02-09 11:00:00,7.774584379023768e-08,0.1011147494661938,0.11039653710341797,0.05519830742463088
2013-02-09 12:00:00,1.0722249247164075e-07,0.130332908499829,0.07732992505605292,0.038665016139272694
2013-02-09 13:00:00,1.429386215841373e-07,0.16510383856586996,0.05706839900994527,0.02853427097428343
2013-02-09 14:00:00,2.7253213971523663e-07,0.25157195386197423,0.05186652475393201,0.025933398643035864
2013-02-09 15:00:00,0.3413699140397564,0.609073190026757,0.09251467943502607,0.21694229673739124
2013-02-09 16:00:00,0.3378684153617682,0.5510551639455715,0.11873314220848512,0.22830077878512667
2013-02-09 17:00:00,0.3360120648404392,0.4999317506604417,0.1221668829093833,0.22908947387491124
2013-02-09 18:00:00,0.33301122745734957,0.4532568996645026,0.11566668243340468,0.22433895494537712
2013-02-09 19:00:00,0.29388402672126324,0.40621038532658443,0.08353296097932925,0.18870849385029626
2013-02-09 20:00:00,0.21108352089860052,0.3640538251105462,0.05089587697289331,0.1309896989357469
2013-02-09 21:00:00,0.1484403208470405,0.31291217809778876,0.05618078007527305,0.10231055046115678
2013-02-09 22:00:00,0.1676090657125026,0.3273330062606577,0.05479166843558423,0.1112003670740434
2013-02-09 23:00:00,0.11646430494861917,0.2651652636582051,0.064129945117589,0.09029712503310408
2013-02-10 00:00:00,4.47286184598424e-07,0.21369968334151912,0.0663125488898991,0.03315649808804185
2013-02-10 01:00:00,3.0027414210244474e-07,0.17769025030024352,0.0668769900655586,0.03343864516985035
2013-02-10 02:00:00,2.4148504521533054e-07,0.15820368099763096,0.06629402850514078,0.033147134995092996
2013-02-10 03:00:00,1.7134985819942488e-07,0.1314209994244419,0.061463325642766256,0.030731748496312227
2013-02-10 04:00:00,1.2779870300814097e-07,0.11332772383251141,0.05598745873326779,0.0279937932659854
2013-02-10 05:00:00,1.17067723837878e-07,0.10793843245976692,0.054846276324309405,0.027423196696016623
2013-02-10 06:00:00,9.812720920588085e-08,0.09706759439422434,0.09559047170768911,0.04779528491744916
2013-02-10 07:00:00,7.533198996306699e-08,0.08476976983785676,0.11165642536669522,0.05582825034934259
2013-02-10 08:00:00,4.201184397905456e-08,0.05700499876873513,0.10772255252887915,0.05386129727036156
2013-02-10 09:00:00,4.1622225773853347e-08,0.05772808067490106,0.11383027780431614,0.056915159713270956
2013-02-10 10:00:00,5.4198399248729655e-08,0.07146402324292564,0.1076973582541552,0.05384870622627723
2013-02-10 11:00:00,5.916958446680069e-08,0.07593646089336714,0.11039653710341797,0.05519829813650122
2013-02-10 12:00:00,6.635110334681031e-08,0.08342636511860478,0.07732992505605292,0.038664995703578134
2013-02-10 13:00:00,7.021996896819068e-08,0.08492749196659051,0.05706839900994527,0.028534234614957122
2013-02-10 14:00:00,1.0929262316920946e-07,0.11393375526092607,0.05186652475393201,0.02593331702327759
2013-02-10 15:00:00,1.1283145689320862e-07,0.12009310860318864,0.09251467943502607,0.046257396133241487
2013-02-10 16:00:00,1.0738715245490446e-07,0.11981241330485864,0.11873314220848512,0.05936662479781878
2013-02-10 17:00:00,1.0794865388911816e-07,0.12454988163436626,0.1221668829093833,0.06108349542901859
2013-02-10 18:00:00,1.0546826895083578e-07,0.12592980955620647,0.11566668243340468,0.057833393950836816
2013-02-10 19:00:00,1.137751634589673e-07,0.13528882176509274,0.08353296097932925,0.04176653737724635
2013-02-10 20:00:00,1.4138441485405743e-07,0.15997317069174624,0.05089587697289331,0.02544800917865408
2013-02-10 21:00:00,1.6705580798447484e-07,0.18010397465583636,0.05618078007527305,0.02809047356554052
2013-02-10 22:00:00,2.1408558180121526e-07,0.21235942715381212,0.05479166843558423,0.027395941260583017
2013-02-10 23:00:00,3.240996746746393e-07,0.2516615937524455,0.064129945117589,0.03206513460863184
2013-02-11 00:00:00,3.992771921288818e-07,0.2641823625439194,0.0663125488898991,0.03315647408354561
2013-02-11 01:00:00,4.965673428153318e-07,0.2850932478748155,0.0668769900655586,0.033438743316450706
2013-02-11 02:00:00,4.02437983940822e-07,0.26055333891358756,0.06629402850514078,0.03314721547156236
2013-02-11 03:00:00,2.7490091196628177e-07,0.22315489087734844,0.061463325642766256,0.03073180027183911
2013-02-11 04:00:00,2.5023677517410963e-07,0.2094858299849519,0.05598745873326779,0.027993854485021483
2013-02-11 05:00:00,2.8424023064389274e-07,0.2252101579403359,0.054846276324309405,0.027423280282270025
2013-02-11 06:00:00,1.508967181513923e-07,0.15408238594952922,0.09559047170768911,0.04779531130220363
2013-02-11 07:00:00,6.28163014926638e-08,0.08105185119902238,0.11165642536669522,0.05582824409149836
2013-02-11 08:00:00,4.544915428337661e-08,0.06230996630118989,0.10772255252887915,0.05386129898901672
2013-02-11 09:00:00,2.8516511270334796e-08,0.03823934173166082,0.11383027780431614,0.0569151531604137
2013-02-11 10:00:00,2.7134184597147834e-08,0.03618341221715386,0.1076973582541552,0.0538486926941699
2013-02-11 11:00:00,2.7208491764838113e-08,0.03617512958261641,0.11039653710341797,0.05519828215595487
2013-02-11 12:00:00,2.8885109513018357e-08,0.03829925229059892,0.07732992505605292,0.038664976970581216
2013-02-11 13:00:00,4.275822408795928e-08,0.06400553106676297,0.05706839900994527,0.02853422088408468
2013-02-11 14:00:00,6.817671478847772e-08,0.08850041042193398,0.05186652475393201,0.0259332964653234
2013-02-11 15:00:00,1.5525922121918177e-07,0.17186390744120378,0.09251467943502607,0.046257417347123644
2013-02-11 16:00:00,1.847961786993263e-07,0.1742640292422369,0.11873314220848512,0.059366663502331905
2013-02-11 17:00:00,1.8100238004206492e-07,0.1704045390275043,0.1221668829093833,0.06108353195588167
2013-02-11 18:00:00,1.96989228750196e-07,0.17741613226391242,0.11566668243340468,0.057833439711316714
2013-02-11 19:00:00,2.133889834293277e-07,0.1805841881085967,0.08353296097932925,0.04176658718415634
2013-02-11 20:00:00,2.2741669323809628e-07,0.1922240111119583,0.05089587697289331,0.025448052194793274
2013-02-11 21:00:00,2.5387956830318207e-07,0.20679470896097796,0.05618078007527305,0.02809051697742068
2013-02-11 22:00:00,3.9458922042514327e-07,0.24961099591442895,0.05479166843558423,0.027396031512402327
2013-02-11 23:00:00,3.629413040434862e-07,0.23462217661794615,0.064129945117589,0.03206515402944652
2013-02-12 00:00:00,3.668352029867589e-07,0.23052540412980577,0.0663125488898991,0.033156457862551045
2013-02-12 01:00:00,3.5984515405036477e-07,0.2259722003506084,0.0668769900655586,0.03343867495535632
2013-02-12 02:00:00,3.859908617014393e-07,0.22831046489833917,0.06629402850514078,0.03314720724800124
2013-02-12 03:00:00,4.792574541852747e-07,0.23624861129412433,0.061463325642766256,0.030731902450110222
2013-02-12 04:00:00,0.10810112767473035,0.24453638205497813,0.05598745873326779,0.08204429320399907
2013-02-12 05:00:00,0.14252392976233266,0.24747294310211682,0.054846276324309405,0.09868510304332104
2013-02-12 06:00:00,2.3834490696477403e-07,0.15467498109282438,0.09559047170768911,0.04779535502629804
2013-02-12 07:00:00,7.139212899181787e-08,0.07816843005789448,0.11165642536669522,0.0558282483794121
2013-02-12 08:00:00,4.9066262555738775e-08,0.060477231404363854,0.10772255252887915,0.05386130079757085
2013-02-12 09:00:00,4.14041745510566e-08,0.05303299736267593,0.11383027780431614,0.05691515960424534
2013-02-12 10:00:00,3.785178993320567e-08,0.049054144076247,0.1076973582541552,0.05384869805297257
2013-02-12 11:00:00,3.889338064220439e-08,0.05038988418700912,0.11039653710341797,0.055198287998399306
2013-02-12 12:00:00,4.591732952158275e-08,0.05797706862859677,0.07732992505605292,0.03866498548669122
2013-02-12 13:00:00,6.450374280035611e-08,0.07532723471792328,0.05706839900994527,0.028534231756844036
2013-02-12 14:00:00,1.1727723415929734e-07,0.11124234435082163,0.05186652475393201,0.025933321015583086
2013-02-12 15:00:00,0.12210543738693598,0.21183719771262646,0.09251467943502607,0.10731005841098103
2013-02-12 16:00:00,0.09250722933694758,0.1714439170083483,0.11873314220848512,0.10562018577271634
2013-02-12 17:00:00,0.07935495609879467,0.14892851733623577,0.1221668829093833,0.10076091950408898
2013-02-12 18:00:00,4.128794505069969e-07,0.13580766397973482,0.11566668243340468,0.05783354765642759
2013-02-12 19:00:00,3.1804023801054966e-07,0.12709838982612928,0.08353296097932925,0.041766639509783626
2013-02-12 20:00:00,2.1379970555860882e-07,0.11609944837969367,0.05089587697289331,0.025448045386299432
2013-02-12 21:00:00,1.5291031279138972e-07,0.10713260109041126,0.05618078007527305,0.028090466492792922
2013-02-12 22:00:00,1.5121384231307802e-07,0.11214962962727446,0.05479166843558423,0.027395909824713273
2013-02-12 23:00:00,1.36783276150463e-07,0.10814673940454603,0.064129945117589,0.032065040950432576
2013-02-13 00:00:00,1.214580540304166e-07,0.10307599311476683,0.0663125488898991,0.033156335173976564
2013-02-13 01:00:00,1.1185461210732217e-07,0.09979363624168901,0.0668769900655586,0.03343855096008535
2013-02-13 02:00:00,1.1485407189791813e-07,0.10128919784592182,0.06629402850514078,0.03314707167960634
2013-02-13 03:00:00,1.3217372438507768e-07,0.10779980029281853,0.061463325642766256,0.03073172890824532
2013-02-13 04:00:00,1.4510059019269332e-07,0.11238537749350536,0.05598745873326779,0.027993801916928993
2013-02-13 05:00:00,1.6154020775421782e-07,0.11686950635686848,0.054846276324309405,0.02742321893225858
2013-02-13 06:00:00,1.4611907552750112e-07,0.10457329679667382,0.09559047170768911,0.04779530891338232
2013-02-13 07:00:00,7.64969472015567e-08,0.07556286813990823,0.11165642536669522,0.05582825093182121
2013-02-13 08:00:00,5.483532239824616e-08,0.06195245230053335,0.10772255252887915,0.05386130368210077
2013-02-13 09:00:00,4.711662792187825e-08,0.05560691273234373,0.11383027780431614,0.05691516246047203
2013-02-13 10:00:00,4.19845663283801e-08,0.050462968098227264,0.1076973582541552,0.053848700119360764
2013-02-13 11:00:00,4.1559307640674165e-08,0.04942154406916982,0.11039653710341797,0.0551982893313628
2013-02-13 12:00:00,4.688395310353314e-08,0.054074883728790206,0.07732992505605292,0.038664985970003014
2013-02-13 13:00:00,5.6466122544052204e-08,0.06169364714245397,0.05706839900994527,0.028534227738033907
2013-02-13 14:00:00,7.519539643392395e-08,0.07510513152358572,0.05186652475393201,0.025933299974664224
2013-02-13 15:00:00,1.3677788528646206e-07,0.09678815663355633,0.09251467943502607,0.04625740810645568
2013-02-13 16:00:00,1.334262500053627e-07,0.0862363840605295,0.11873314220848512,0.05936663781736756
2013-02-13 17:00:00,1.1370362768100472e-07,0.07759426344463961,0.1221668829093833,0.06108349830650549
2013-02-13 18:00:00,1.035008477037891e-07,0.0742750295839769,0.11566668243340468,0.05783339296712619
2013-02-13 19:00:00,9.425426251353169e-08,0.0741760553298569,0.08353296097932925,0.04176652761679588
2013-02-13 20:00:00,8.537446606808922e-08,0.07368247386546907,0.05089587697289331,0.025447981173679687
2013-02-13 21:00:00,8.462478968431815e-08,0.07390461738067114,0.05618078007527305,0.028090432350031367
2013-02-13 22:00:00,8.396469440316689e-08,0.07261491539642713,0.05479166843558423,0.027395876200139318
2013-02-13 23:00:00,8.396621275931486e-08,0.07427287324923938,0.064129945117589,0.03206501454190088
2013-02-14 00:00:00,8.416781835660482e-08,0.0764810200559941,0.0663125488898991,0.033156316528858726
2013-02-14 01:00:00,8.485284268478125e-08,0.07887239662642478,0.0668769900655586,0.03343853745920064
2013-02-14 02:00:00,8.575674020107038e-08,0.0812121651759529,0.06629402850514078,0.03314705713094049
2013-02-14 03:00:00,8.685054759349215e-08,0.0836397879677611,0.061463325642766256,0.030731706246656925
2013-02-14 04:00:00,8.869820530792961e-08,0.08556862432860382,0.05598745873326779,0.02799377371573655
2013-02-14 05:00:00,8.448361292481001e-08,0.08349128498941305,0.054846276324309405,0.027423180403961165
2013-02-14 06:00:00,7.166358237466244e-08,0.07492086649123897,0.09559047170768911,0.04779527168563574
2013-02-14 07:00:00,5.4056918672289745e-08,0.06141805344707001,0.11165642536669522,0.05582823971180695
2013-02-14 08:00:00,4.5767185828958136e-08,0.05367863599310953,0.10772255252887915,0.05386129914803249
2013-02-14 09:00:00,4.2460977252129754e-08,0.05060782641581557,0.11383027780431614,0.05691516013264669
2013-02-14 10:00:00,4.265641241671394e-08,0.04905680204063203,0.1076973582541552,0.05384870045528381
2013-02-14 11:00:00,4.396733139342805e-08,0.05069329852985552,0.11039653710341797,0.05519829053537468
2013-02-14 12:00:00,4.777011699509635e-08,0.05381480625293977,0.07732992505605292,0.03866498641308496
2013-02-14 13:00:00,5.351566932716574e-08,0.058198058134440296,0.05706839900994527,0.0285342262628073
2013-02-14 14:00:00,6.368962779845204e-08,0.06675502103518852,0.05186652475393201,0.025933294221779906
2013-02-14 15:00:00,8.306764399122873e-08,0.0806330270833192,0.09251467943502607,0.04625738125133503
2013-02-14 16:00:00,9.061902695539227e-08,0.07921632862712841,0.11873314220848512,0.05936661641375603
2013-02-14 17:00:00,9.817049985088279e-08,0.07761001250114635,0.1221668829093833,0.061083490539941575
2013-02-14 18:00:00,9.061897084140539e-08,0.07718741256777767,0.11566668243340468,0.05783338652618776
2013-02-14 19:00:00,9.061912139128323e-08,0.07802681780789686,0.08353296097932925,0.04176652579922532
2013-02-14 20:00:00,8.306764210934691e-08,0.07937971504635326,0.05089587697289331,0.02544798002026771
2013-02-14 21:00:00,8.30676396001713e-08,0.08128203820089935,0.05618078007527305,0.028090431571456326
2013-02-14 22:00:00,8.306763583640814e-08,0.08038686922854525,0.05479166843558423,0.027395875751610035
2013-02-14 23:00:00,8.30676339545267e-08,0.08160786970867503,0.064129945117589,0.03206501409261148
2013-02-15 00:00:00,8.306763395452669e-08,0.08366319023484874,0.0663125488898991,0.033156315978766525
2013-02-15 01:00:00,8.306763395452669e-08,0.08593847720362346,0.0668769900655586,0.033438536566596275
2013-02-15 02:00:00,8.306763520911433e-08,0.08820631467901621,0.06629402850514078,0.033147055786388
2013-02-15 03:00:00,8.306763646370198e-08,0.09016289081766095,0.061463325642766256,0.03073170435520136
2013-02-15 04:00:00,8.307757963380627e-08,0.09269888247097341,0.05598745873326779,0.027993770905423713
2013-02-15 05:00:00,8.307671941695973e-08,0.09329228105833692,0.054846276324309405,0.027423179700514413
2013-02-15 06:00:00,6.847883195731035e-08,0.08032125678171662,0.09559047170768911,0.04779527009326053
2013-02-15 07:00:00,4.8613360890803946e-08,0.06030863876941453,0.11165642536669522,0.055828236990028056
2013-02-15 08:00:00,4.0739790296521934e-08,0.05308294704914649,0.10772255252887915,0.05386129663433472
2013-02-15 09:00:00,3.812708315550804e-08,0.05159995180859876,0.11383027780431614,0.056915157965699646
2013-02-15 10:00:00,3.774815534373456e-08,0.05283049551063637,0.1076973582541552,0.05384869800115527
2013-02-15 11:00:00,3.793857235379467e-08,0.05329196818677656,0.11039653710341797,0.05519828752099516
2013-02-15 12:00:00,4.112106966638539e-08,0.057636228786103416,0.07732992505605292,0.03866498308856129
2013-02-15 13:00:00,4.6976940561576106e-08,0.06507637852980283,0.05706839900994527,0.028534222993442916
2013-02-15 14:00:00,5.9547658876753806e-08,0.07999934588490827,0.05186652475393201,0.025933292150795446
2013-02-15 15:00:00,9.215643048051485e-08,0.11610187153075233,0.09251467943502607,0.04625738579572828
2013-02-15 16:00:00,1.101702655182213e-07,0.11854546414416793,0.11873314220848512,0.05936662618937532
2013-02-15 17:00:00,1.0930501759386177e-07,0.11734467804137395,0.1221668829093833,0.061083496107200444
2013-02-15 18:00:00,1.0965908054707463e-07,0.11711525797610019,0.11566668243340468,0.057833396046242616
2013-02-15 19:00:00,1.0961855054830945e-07,0.11666228302557739,0.08353296097932925,0.041766535298939894
2013-02-15 20:00:00,1.0113855548891835e-07,0.11641142511603783,0.05089587697289331,0.025447989055724398
2013-02-15 21:00:00,9.481613634105288e-08,0.1187721328639679,0.05618078007527305,0.028090437445704695
2013-02-15 22:00:00,1.192760041966069e-07,0.14449817285141103,0.05479166843558423,0.027395893855794214
2013-02-15 23:00:00,1.1600987290422365e-07,0.14226461806878085,0.064129945117589,0.03206503056373095
2013-02-16 00:00:00,1.1239453178123978e-07,0.1398726230917598,0.0663125488898991,0.03315633064221544
2013-02-16 01:00:00,1.1016119115974065e-07,0.13858180884725121,0.0668769900655586,0.033438550113374876
2013-02-16 02:00:00,1.0798741585338316e-07,0.1375220824188383,0.06629402850514078,0.03314706824627832
2013-02-16 03:00:00,1.0957196588104298e-07,0.13958208149471457,0.061463325642766256,0.03073171760736607
2013-02-16 04:00:00,1.2163696058030297e-07,0.15093907148740174,0.05598745873326779,0.027993790185114185
2013-02-16 05:00:00,1.3220898485770835e-07,0.16037345511538925,0.054846276324309405,0.02742320426664713
2013-02-16 06:00:00,1.0623887196106605e-07,0.13378066105907982,0.09559047170768911,0.04779528897328054
2013-02-16 07:00:00,6.45166440302201e-08,0.08659656515684541,0.11165642536669522,0.05582824494166962
2013-02-16 08:00:00,5.22494879419558e-08,0.07143667720120765,0.10772255252887915,0.053861302389183546
2013-02-16 09:00:00,4.786557064141031e-08,0.06583222696503128,0.11383027780431614,0.05691516283494339
2013-02-16 10:00:00,4.768960428536356e-08,0.06527878827462216,0.1076973582541552,0.05384870297187974
2013-02-16 11:00:00,4.993397389512674e-08,0.06791380329953015,0.11039653710341797,0.055198293518695936
2013-02-16 12:00:00,5.7208632210514245e-08,0.07633756951922308,0.07732992505605292,0.03866499113234256
2013-02-16 13:00:00,7.333940681407631e-08,0.09413390367292349,0.05706839900994527,0.028534236174676042
2013-02-16 14:00:00,1.1561186100759499e-07,0.13477259045108472,0.05186652475393201,0.02593332018289651
2013-02-16 15:00:00,3.603591798225067e-07,0.27642076710536795,0.09251467943502607,0.046257519897102944
2013-02-16 16:00:00,6.223140268384891e-07,0.3257292467386584,0.11873314220848512,0.05936688226125598
2013-02-16 17:00:00,6.174701885392973e-07,0.31643482215008767,0.1221668829093833,0.061083750189785915
2013-02-16 18:00:00,5.589662049032515e-07,0.30039810792949334,0.11566668243340468,0.05783362069980479
2013-02-16 19:00:00,4.2009655079026807e-07,0.27444992042000416,0.08353296097932925,0.04176669053794002
2013-02-16 20:00:00,3.379032806538023e-07,0.259131286908956,0.05089587697289331,0.02544810743808698
2013-02-16 21:00:00,3.042263567997688e-07,0.24519499129707983,0.05618078007527305,0.028090542150814926
2013-02-16 22:00:00,3.098637286927841e-07,0.2410785432640071,0.05479166843558423,0.02739598914965646
2013-02-16 23:00:00,2.9894365270878824e-07,0.2349348675230359,0.064129945117589,0.032065122030620855
2013-02-17 00:00:00,2.799296307804514e-07,0.22895931563039157,0.0663125488898991,0.03315641440976494
2013-02-17 01:00:00,2.741822172642323e-07,0.23012954526539306,0.0668769900655586,0.03343863212388793
2013-02-17 02:00:00,2.9807892468732467e-07,0.24004661546516015,0.06629402850514078,0.03314716329203273
2013-02-17 03:00:00,3.165676150581545e-07,0.24410089869107407,0.061463325642766256,0.030731821105190658
2013-02-17 04:00:00,3.3630794654709274e-07,0.2479499505082312,0.05598745873326779,0.02799389752060717
2013-02-17 05:00:00,3.4049034757842794e-07,0.24773916961185904,0.054846276324309405,0.02742330840732849
2013-02-17 06:00:00,1.5805324155631808e-07,0.1626751423995091,0.09559047170768911,0.04779531488046533
2013-02-17 07:00:00,6.986221919206491e-08,0.08943864703187913,0.11165642536669522,0.055828247614457205
2013-02-17 08:00:00,5.2100076156575874e-08,0.07018079007748208,0.10772255252887915,0.05386130231447765
2013-02-17 09:00:00,4.840241152430792e-08,0.06604302622448337,0.11383027780431614,0.05691516310336383
2013-02-17 10:00:00,4.901991541907714e-08,0.0661462602574092,0.1076973582541552,0.05384870363703531
2013-02-17 11:00:00,5.379117696870316e-08,0.0721881500169796,0.11039653710341797,0.05519829544729747
2013-02-17 12:00:00,6.580418950029668e-08,0.08607891644929717,0.07732992505605292,0.03866499543012121
2013-02-17 13:00:00,8.067360997536521e-08,0.10216642110939789,0.05706839900994527,0.028534239841777623
2013-02-17 14:00:00,1.332139074689659e-07,0.15058430386526436,0.05186652475393201,0.02593332898391974
2013-02-17 15:00:00,4.6532096126680996e-07,0.3158116065726991,0.09251467943502607,0.04625757237799367
2013-02-17 16:00:00,7.817083375838723e-07,0.3630457840168259,0.11873314220848512,0.05936696195841135
2013-02-17 17:00:00,6.293210428332159e-07,0.324211540128158,0.1221668829093833,0.061083756115213064
2013-02-17 18:00:00,5.203291515491175e-07,0.2986670698045383,0.11566668243340468,0.05783360138127811
2013-02-17 19:00:00,4.4217028080686946e-07,0.27858456334365106,0.08353296097932925,0.041766701574805026
2013-02-17 20:00:00,3.581472392138669e-07,0.2637665149424794,0.05089587697289331,0.02544811756006626
2013-02-17 21:00:00,3.011709581611662e-07,0.24366155794571587,0.05618078007527305,0.028090540623115605
2013-02-17 22:00:00,3.104150689697132e-07,0.24383670688748366,0.05479166843558423,0.0273959894253266
2013-02-17 23:00:00,2.4652808889498086e-07,0.2211522392998257,0.064129945117589,0.03206509582283895
2013-02-18 00:00:00,2.165595018690463e-07,0.21008989946732495,0.0663125488898991,0.033156382724700485
2013-02-18 01:00:00,2.31665390260568e-07,0.22120558657551986,0.0668769900655586,0.03343861086547443
2013-02-18 02:00:00,2.563562005083963e-07,0.2354246950311776,0.06629402850514078,0.03314714243067064
2013-02-18 03:00:00,2.982650141049525e-07,0.25725397919627097,0.061463325642766256,0.03073181195389018
2013-02-18 04:00:00,3.039516701370579e-07,0.2625241127230155,0.05598745873326779,0.027993881342468965
2013-02-18 05:00:00,3.2380209121987667e-07,0.27514664398297034,0.054846276324309405,0.027423300063200314
2013-02-18 06:00:00,1.4894575114100572e-07,0.16912716053083382,0.09559047170768911,0.047795310326720124
2013-02-18 07:00:00,6.708779546204612e-08,0.09203369043791682,0.11165642536669522,0.05582824622724534
2013-02-18 08:00:00,4.9202665659079575e-08,0.06949160046076519,0.10772255252887915,0.053861300865772406
2013-02-18 09:00:00,4.7190738956477967e-08,0.06658707057083113,0.11383027780431614,0.056915162497527545
2013-02-18 10:00:00,5.032284875231291e-08,0.07005341220415079,0.1076973582541552,0.053848704288501976
2013-02-18 11:00:00,5.261328488026061e-08,0.07258155488500781,0.11039653710341797,0.05519829485835143
2013-02-18 12:00:00,6.851562218784247e-08,0.09101981723593913,0.07732992505605292,0.038664996785837555
2013-02-18 13:00:00,8.145986203409765e-08,0.10508268089548467,0.05706839900994527,0.028534240234903654
2013-02-18 14:00:00,1.3020349693923536e-07,0.1522444895976075,0.05186652475393201,0.025933327478714477
2013-02-18 15:00:00,6.939242203209401e-07,0.3896793300939759,0.09251467943502607,0.0462576866796232
2013-02-18 16:00:00,0.33773500159775854,0.5490845809459468,0.11873314220848512,0.22823407190312184
2013-02-18 17:00:00,0.33630876920195446,0.5050685416581668,0.1221668829093833,0.2292378260556689
2013-02-18 18:00:00,0.3338808259116215,0.46597515142547774,0.11566668243340468,0.22477375417251308
2013-02-18 19:00:00,0.3335735297758722,0.4614128332242554,0.08353296097932925,0.20855324537760073
2013-02-18 20:00:00,0.3334181088029858,0.4590397151877154,0.05089587697289331,0.19215699288793955
2013-02-18 21:00:00,0.3332860614181201,0.4570760996626509,0.05618078007527305,0.19473342074669658
2013-02-18 22:00:00,0.27306814727714845,0.442126326076493,0.05479166843558423,0.16392990785636635
2013-02-18 23:00:00,0.2680372495901952,0.4331525879710212,0.064129945117589,0.1660835973538921
2013-02-19 00:00:00,0.2333636306696315,0.42117894344290835,0.0663125488898991,0.14983808977976532
2013-02-19 01:00:00,0.20526091816352862,0.41662470750153224,0.0668769900655586,0.13606895411454362
2013-02-19 02:00:00,0.20985937506723723,0.4327062052887739,0.06629402850514078,0.138076701786189
2013-02-19 03:00:00,0.20738965529967576,0.4331605457873307,0.061463325642766256,0.13442649047122102
2013-02-19 04:00:00,0.19203377562243618,0.4251714849364784,0.05598745873326779,0.12401061717785199
2013-02-19 05:00:00,0.16627171241298916,0.40723577232819713,0.054846276324309405,0.11055899436864929
2013-02-19 06:00:00,1.2171547471956312e-07,0.13826186666496726,0.09559047170768911,0.04779529671158191
2013-02-19 07:00:00,4.849350560424897e-08,0.06686062501285316,0.11165642536669522,0.05582823693010041
2013-02-19 08:00:00,3.61850234990477e-08,0.051546249803208016,0.10772255252887915,0.05386129435695133
2013-02-19 09:00:00,2.550062717942527e-08,0.04504506798073137,0.11383027780431614,0.05691515165247166
2013-02-19 10:00:00,2.3433602210832266e-08,0.028876794378946104,0.1076973582541552,0.05384869084387871
2013-02-19 11:00:00,2.1862881579339977e-08,0.027128300946414545,0.11039653710341797,0.05519827948314977
2013-02-19 12:00:00,2.3632793528118532e-08,0.04261972585850098,0.07732992505605292,0.038664974344423224
2013-02-19 13:00:00,3.3716214977124606e-08,0.04957962891396845,0.05706839900994527,0.028534216363080126
2013-02-19 14:00:00,4.964458337044831e-08,0.07133259133857628,0.05186652475393201,0.02593328719925769
2013-02-19 15:00:00,1.0023812934509511e-07,0.131642179816939,0.09251467943502607,0.046257389836577706
2013-02-19 16:00:00,1.1316621267682822e-07,0.13241752865159667,0.11873314220848512,0.0593666276873489
2013-02-19 17:00:00,1.0015090487970013e-07,0.11639678373353643,0.1221668829093833,0.061083491530144085
2013-02-19 18:00:00,9.908482530515461e-08,0.11329895370602963,0.11566668243340468,0.05783339075911499
2013-02-19 19:00:00,1.0673120536628846e-07,0.11892790489504085,0.08353296097932925,0.0417665338552673
2013-02-19 20:00:00,1.1247246993460064e-07,0.1309264566296056,0.05089587697289331,0.02544799472268162
2013-02-19 21:00:00,1.400904760330412e-07,0.15099188066262653,0.05618078007527305,0.02809046008287454
2013-02-19 22:00:00,1.5039595700666326e-07,0.15806666500623923,0.05479166843558423,0.02739590941577062
2013-02-19 23:00:00,2.1230053881876747e-07,0.19758918521446056,0.064129945117589,0.03206507870906391
2013-02-20 00:00:00,3.30252507764912e-07,0.24551793251652315,0.0663125488898991,0.033156439571203435
2013-02-20 01:00:00,4.377994448703039e-07,0.2747001393283089,0.0668769900655586,0.03343871393250173
2013-02-20 02:00:00,4.7288468470521124e-07,0.28440984183582935,0.06629402850514078,0.03314725069491274
2013-02-20 03:00:00,5.368417667189242e-07,0.297986681997249,0.061463325642766256,0.03073193124226649
2013-02-20 04:00:00,7.565581555937503e-07,0.32840350712096367,0.05598745873326779,0.027994107645711693
2013-02-20 05:00:00,0.1580633472042812,0.3589225408957955,0.054846276324309405,0.1064548117642953
2013-02-20 06:00:00,2.193125516481059e-07,0.19243984500536024,0.09559047170768911,0.04779534551012038
2013-02-20 07:00:00,8.60897975599193e-08,0.10427456832903025,0.11165642536669522,0.05582825572824639
2013-02-20 08:00:00,3.974668760296939e-08,0.05162176107879699,0.10772255252887915,0.05386129613778338
2013-02-20 09:00:00,2.5152866335547067e-08,0.043708673651085994,0.11383027780431614,0.05691515147859123
2013-02-20 10:00:00,2.5398558196660377e-08,0.044053240831379965,0.1076973582541552,0.0538486918263567
2013-02-20 11:00:00,2.9375645621611428e-08,0.04986043000829765,0.11039653710341797,0.0551982832395318
2013-02-20 12:00:00,5.1031932006686824e-08,0.06271735823337057,0.07732992505605292,0.03866498804399247
2013-02-20 13:00:00,7.936694889765339e-08,0.10289348905980392,0.05706839900994527,0.028534239188447084
2013-02-20 14:00:00,1.494842961650823e-07,0.1514587716946135,0.05186652475393201,0.025933337119114087
2013-02-20 15:00:00,7.286155436403975e-07,0.3148442060159537,0.09251467943502607,0.046257704025284854
2013-02-20 16:00:00,0.2299669251003703,0.4045530784867188,0.11873314220848512,0.17435003365442772
2013-02-20 17:00:00,0.1906249199486806,0.36764066112590676,0.1221668829093833,0.15639590142903195
2013-02-20 18:00:00,0.14211161837353228,0.32516879608353744,0.11566668243340468,0.1288891504034685
2013-02-20 19:00:00,7.854782354781275e-07,0.29455844908021084,0.08353296097932925,0.041766873228782364
2013-02-20 20:00:00,5.960293419284738e-07,0.26849728366909165,0.05089587697289331,0.02544823650111762
2013-02-20 21:00:00,4.857368239029148e-07,0.26087015828122556,0.05618078007527305,0.028090632906048477
2013-02-20 22:00:00,4.065949253330927e-07,0.25222966947951153,0.05479166843558423,0.02739603751525478
2013-02-20 23:00:00,4.234680935847549e-07,0.2708277880019434,0.064129945117589,0.032065184292841296
2013-02-21 00:00:00,3.8351350739802797e-07,0.2752107721993348,0.0663125488898991,0.03315646620170325
2013-02-21 01:00:00,3.8061228821997007e-07,0.28729695332439553,0.0668769900655586,0.033438685338923406
2013-02-21 02:00:00,3.6284737151879703e-07,0.28971526689642957,0.06629402850514078,0.03314719567625615
2013-02-21 03:00:00,3.779311307781891e-07,0.29815146045815183,0.061463325642766256,0.030731851786948518
2013-02-21 04:00:00,3.710904232323387e-07,0.2944841968017512,0.05598745873326779,0.02799391491184551
2013-02-21 05:00:00,4.3274863877932155e-07,0.31422329001233923,0.054846276324309405,0.02742335453647409
2013-02-21 06:00:00,1.2583046966062653e-07,0.14533476145839244,0.09559047170768911,0.04779529876907938
2013-02-21 07:00:00,5.0754554582227774e-08,0.06956007650654848,0.11165642536669522,0.0558282380606249
2013-02-21 08:00:00,3.774097820443412e-08,0.053839585208158465,0.10772255252887915,0.053861295134928676
2013-02-21 09:00:00,3.3941206141736537e-08,0.048850321517171856,0.11383027780431614,0.056915155872761136
2013-02-21 10:00:00,3.5561649457279936e-08,0.05053585088691319,0.1076973582541552,0.05384869690790233
2013-02-21 11:00:00,3.957807042442695e-08,0.05566324600511341,0.11039653710341797,0.055198288340744195
2013-02-21 12:00:00,4.791478931440261e-08,0.06619373556152348,0.07732992505605292,0.03866498648542112
2013-02-21 13:00:00,6.417287828041984e-08,0.08577157380564202,0.05706839900994527,0.028534231591411777
2013-02-21 14:00:00,1.0326276155941188e-07,0.12631232138697787,0.05186652475393201,0.025933314008346784
2013-02-21 15:00:00,2.043710053132374e-07,0.19461388319650882,0.09251467943502607,0.04625744190301569
2013-02-21 16:00:00,2.969966437151786e-07,0.18920091491654611,0.11873314220848512,0.05936671960256441
2013-02-21 17:00:00,2.9673310941358346e-07,0.16089269117033744,0.1221668829093833,0.061083589821246356
2013-02-21 18:00:00,2.567076258658347e-07,0.14265206602495087,0.11566668243340468,0.05783346957051527
2013-02-21 19:00:00,2.3672465401458873e-07,0.1369568702834011,0.08353296097932925,0.04176659885199163
2013-02-21 20:00:00,2.552717552907092e-07,0.14014581118315417,0.05089587697289331,0.0254480661223243
2013-02-21 21:00:00,2.0816930144343646e-07,0.13395323233645942,0.05618078007527305,0.028090494122287247
2013-02-21 22:00:00,1.238742184339184e-07,0.11311995170761592,0.05479166843558423,0.02739589615490133
2013-02-21 23:00:00,1.0926437757795641e-07,0.10423260936719976,0.064129945117589,0.03206502719098329
2013-02-22 00:00:00,9.457589285080966e-08,0.09462858563060399,0.0663125488898991,0.033156321732895976
2013-02-22 01:00:00,8.553156518697655e-08,0.08772641954917608,0.0668769900655586,0.033438537798561895
2013-02-22 02:00:00,8.51096207659985e-08,0.08586135918744783,0.06629402850514078,0.033147056807380774
2013-02-22 03:00:00,8.457740675736881e-08,0.08459311241046226,0.061463325642766256,0.030731705110086507
2013-02-22 04:00:00,8.386590278247775e-08,0.08294095182171941,0.05598745873326779,0.027993771299585288
2013-02-22 05:00:00,8.352470932357097e-08,0.08131981947313113,0.054846276324309405,0.027423179924509364
2013-02-22 06:00:00,7.266895162954409e-08,0.07360379805266626,0.09559047170768911,0.04779527218832037
2013-02-22 07:00:00,6.125725765547124e-08,0.06450927777025094,0.11165642536669522,0.05582824331197644
2013-02-22 08:00:00,5.324044173381545e-08,0.05749651812563911,0.10772255252887915,0.05386130288466044
2013-02-22 09:00:00,4.833501133451622e-08,0.05185308210085895,0.11383027780431614,0.05691516306966374
2013-02-22 10:00:00,4.7012112696479214e-08,0.04946309582962686,0.1076973582541552,0.05384870263313395
2013-02-22 11:00:00,4.815359167659389e-08,0.05076258739934529,0.11039653710341797,0.05519829262850483
2013-02-22 12:00:00,5.074602843589688e-08,0.05519030859558583,0.07732992505605292,0.03866498790104068
2013-02-22 13:00:00,5.6503940813416455e-08,0.059584234727207475,0.05706839900994527,0.028534227756943042
2013-02-22 14:00:00,6.518671026448667e-08,0.06939310980728387,0.05186652475393201,0.02593329497032114
2013-02-22 15:00:00,8.45007515458433e-08,0.08608358330634723,0.09251467943502607,0.04625738196788881
2013-02-22 16:00:00,9.219214859702604e-08,0.0841992193956876,0.11873314220848512,0.05936661720031686
2013-02-22 17:00:00,9.207825666579246e-08,0.08203028716087529,0.1221668829093833,0.061083487493819984
2013-02-22 18:00:00,9.225903276475758e-08,0.0821963813851682,0.11566668243340468,0.05783338734621872
2013-02-22 19:00:00,9.228808180021807e-08,0.08411806048120297,0.08353296097932925,0.041766526633705524
2013-02-22 20:00:00,8.487046279130387e-08,0.0868193329595046,0.05089587697289331,0.02544798092167805
2013-02-22 21:00:00,8.476505949725026e-08,0.08978952365788638,0.05618078007527305,0.028090432420166275
2013-02-22 22:00:00,8.729285178120549e-08,0.09709910544120527,0.05479166843558423,0.027395877864218005
2013-02-22 23:00:00,9.172841747290595e-08,0.10014824611779392,0.064129945117589,0.03206501842300324
2013-02-23 00:00:00,9.47701546761787e-08,0.10002367240960708,0.0663125488898991,0.03315632183002689
2013-02-23 01:00:00,9.477789726015624e-08,0.09872271241219345,0.0668769900655586,0.03343854242172793
2013-02-23 02:00:00,9.181564137044192e-08,0.09429035752979413,0.06629402850514078,0.033147060160391074
2013-02-23 03:00:00,8.810742409575453e-08,0.08830119892081352,0.061463325642766256,0.030731706875095174
2013-02-23 04:00:00,8.6389138365886e-08,0.08334503348632687,0.05598745873326779,0.027993772561203077
2013-02-23 05:00:00,8.585635903318559e-08,0.0798272995064378,0.054846276324309405,0.02742318109033422
2013-02-23 06:00:00,6.367384911543709e-08,0.06462472856860162,0.09559047170768911,0.04779526769076911
2013-02-23 07:00:00,4.597584754144803e-08,0.05060459812641224,0.11165642536669522,0.05582823567127138
2013-02-23 08:00:00,3.9832761354796654e-08,0.045900443636828964,0.10772255252887915,0.05386129618082025
2013-02-23 09:00:00,3.887272929899238e-08,0.045370482615000665,0.11383027780431614,0.05691515833852272
2013-02-23 10:00:00,3.585492589278031e-08,0.047783875626119084,0.1076973582541552,0.05384869705454055
2013-02-23 11:00:00,3.8814431961908576e-08,0.0505448498768979,0.11039653710341797,0.055198287958924966
2013-02-23 12:00:00,4.8660424088690024e-08,0.05597064598570079,0.07732992505605292,0.038664986858238506
2013-02-23 13:00:00,5.04778821407991e-08,0.05767021281430722,0.05706839900994527,0.028534224743913705
2013-02-23 14:00:00,5.9264936560818444e-08,0.06491989736247988,0.05186652475393201,0.025933292009434287
2013-02-23 15:00:00,8.989400924257518e-08,0.08450764880431028,0.09251467943502607,0.046257384664517655
2013-02-23 16:00:00,1.3555399364493303e-07,0.10219562692603691,0.11873314220848512,0.05936663888123938
2013-02-23 17:00:00,1.690253228514277e-07,0.10601535301841891,0.1221668829093833,0.06108352596735307
2013-02-23 18:00:00,1.6410081859008066e-07,0.09951195049754391,0.11566668243340468,0.05783342326711163
2013-02-23 19:00:00,1.770831795593981e-07,0.1008349222117248,0.08353296097932925,0.041766569031254405
2013-02-23 20:00:00,2.627456982796558e-07,0.10917176252927116,0.05089587697289331,0.025448069859295794
2013-02-23 21:00:00,2.8390889064304433e-07,0.11055241922959007,0.05618078007527305,0.028090531992081846
2013-02-23 22:00:00,1.938246821918358e-07,0.10743870398889657,0.05479166843558423,0.02739593113013321
2013-02-23 23:00:00,1.8843708907866595e-07,0.10399141688929744,0.064129945117589,0.032065066777339044
2013-02-24 00:00:00,1.961168332159158e-07,0.10488788318779176,0.0663125488898991,0.03315637250336616
2013-02-24 01:00:00,2.329780122129616e-07,0.10726393010068187,0.0668769900655586,0.03343861152178541
2013-02-24 02:00:00,0.059999492503831214,0.1124785459316165,0.06629402850514078,0.063146760504486
2013-02-24 03:00:00,0.10606730664274391,0.1159645689491819,0.061463325642766256,0.08376531614275509
2013-02-24 04:00:00,0.07129332565501117,0.11260589739566307,0.05598745873326779,0.06364039219413949
2013-02-24 05:00:00,0.056376538015373005,0.10695579122529128,0.054846276324309405,0.055611407169841205
2013-02-24 06:00:00,1.5047119438959126e-07,0.0877160191746528,0.09559047170768911,0.04779531108944175
2013-02-24 07:00:00,1.0036414209274218e-07,0.07674243453950913,0.11165642536669522,0.05582826286541866
2013-02-24 08:00:00,7.290194313203735e-08,0.07001597504262816,0.10772255252887915,0.05386131271541114
2013-02-24 09:00:00,6.211227962252628e-08,0.06406158601568104,0.11383027780431614,0.05691516995829788
2013-02-24 10:00:00,5.9342076181636475e-08,0.06398904260780779,0.1076973582541552,0.053848708798115694
2013-02-24 11:00:00,6.327471584748794e-08,0.06851194683053016,0.11039653710341797,0.05519830018906691
2013-02-24 12:00:00,6.887282771485563e-08,0.07322214313633724,0.07732992505605292,0.03866499696444032
2013-02-24 13:00:00,8.212331405250379e-08,0.08005956961559244,0.05706839900994527,0.028534240566629662
2013-02-24 14:00:00,1.1116358256781206e-07,0.0873688908446604,0.05186652475393201,0.02593331795875729
2013-02-24 15:00:00,1.452223701700789e-07,0.09506423135987728,0.09251467943502607,0.04625741232869812
2013-02-24 16:00:00,1.3523030803300483e-07,0.08607998844516786,0.11873314220848512,0.059366638719396576
2013-02-24 17:00:00,1.0364101533635461e-07,0.073958878490865,0.1221668829093833,0.06108349327519932
2013-02-24 18:00:00,8.829372426027237e-08,0.06760805073413809,0.11566668243340468,0.05783338536356447
2013-02-24 19:00:00,8.593494209273926e-08,0.06667871111982512,0.08353296097932925,0.04176652345713567
2013-02-24 20:00:00,8.699007996760807e-08,0.067278081544008,0.05089587697289331,0.025447981981486636
2013-02-24 21:00:00,8.946847252217433e-08,0.06856634085095069,0.05618078007527305,0.028090434771872785
2013-02-24 22:00:00,9.057149949244142e-08,0.0729129672491392,0.05479166843558423,0.027395879503541862
2013-02-24 23:00:00,8.792849795232115e-08,0.07194294712428696,0.064129945117589,0.03206501652304348
2013-02-25 00:00:00,9.245104677151404e-08,0.07536912710603237,0.0663125488898991,0.03315632067047294
2013-02-25 01:00:00,1.064288367888342e-07,0.08230191685454796,0.0668769900655586,0.03343854824719769
2013-02-25 02:00:00,1.1797900126077723e-07,0.08723933057551954,0.06629402850514078,0.03314707324207102
2013-02-25 03:00:00,1.2234217736777382e-07,0.08971654920433952,0.061463325642766256,0.030731723992471812
2013-02-25 04:00:00,1.0560546411119749e-07,0.08632778369265257,0.05598745873326779,0.02799378216936595
2013-02-25 05:00:00,1.0539929848718185e-07,0.08795984293619054,0.054846276324309405,0.027423190861803948
2013-02-25 06:00:00,8.02691755288823e-08,0.07586828339262892,0.09559047170768911,0.04779527598843232
2013-02-25 07:00:00,5.486569919285873e-08,0.06091319878094143,0.11165642536669522,0.055828240116197206
2013-02-25 08:00:00,3.8682162472756935e-08,0.051911564870986034,0.10772255252887915,0.05386129560552081
2013-02-25 09:00:00,3.441331788519494e-08,0.047659982261610855,0.11383027780431614,0.05691515610881701
2013-02-25 10:00:00,3.502398707065701e-08,0.049209664480463274,0.1076973582541552,0.05384869663907114
2013-02-25 11:00:00,3.376426951889208e-08,0.04817782196520537,0.11039653710341797,0.055198285433843745
2013-02-25 12:00:00,3.660158727541427e-08,0.05221561405699037,0.07732992505605292,0.0386649808288201
2013-02-25 13:00:00,4.529737833887028e-08,0.05739887245865741,0.05706839900994527,0.028534222153661807
2013-02-25 14:00:00,5.801446403959734e-08,0.0700406329156425,0.05186652475393201,0.025933291384198025
2013-02-25 15:00:00,9.135458266394645e-08,0.09231151729774008,0.09251467943502607,0.04625738539480437
2013-02-25 16:00:00,1.1137361083695204e-07,0.09595263683217341,0.11873314220848512,0.059366626791047976
2013-02-25 17:00:00,1.0959768006819129e-07,0.09134026984064993,0.1221668829093833,0.06108349625353168
2013-02-25 18:00:00,1.0456653762237006e-07,0.08737200385141652,0.11566668243340468,0.05783339349997115
2013-02-25 19:00:00,1.0539316061048663e-07,0.08677457025427802,0.08353296097932925,0.04176653318624493
2013-02-25 20:00:00,1.1525294695236894e-07,0.0892500342213353,0.05089587697289331,0.02544799611292013
2013-02-25 21:00:00,1.1935502799765144e-07,0.09117763879356033,0.05618078007527305,0.028090449715150526
2013-02-25 22:00:00,1.285507228897978e-07,0.1000529429700168,0.05479166843558423,0.02739589849315356
2013-02-25 23:00:00,1.0899692203591863e-07,0.09283944262004006,0.064129945117589,0.032065027057255516
2013-02-26 00:00:00,1.0116637658587724e-07,0.08920841469537422,0.0663125488898991,0.03315632502813784
2013-02-26 01:00:00,1.0362956034716241e-07,0.08933452531529146,0.0668769900655586,0.033438546847559474
2013-02-26 02:00:00,1.0139353803865225e-07,0.08726346093336632,0.06629402850514078,0.03314706494933941
2013-02-26 03:00:00,1.0010733963989552e-07,0.08668891674067912,0.061463325642766256,0.030731712875052948
2013-02-26 04:00:00,9.906391623688386e-08,0.0867771470954502,0.05598745873326779,0.027993778898592014
2013-02-26 05:00:00,9.52290282803117e-08,0.0853282562012999,0.054846276324309405,0.027423185776668843
2013-02-26 06:00:00,6.44165878358913e-08,0.0666534614982393,0.09559047170768911,0.04779526806213848
2013-02-26 07:00:00,4.552525558250964e-08,0.0521224982956574,0.11165642536669522,0.0558282354459754
2013-02-26 08:00:00,3.100243586138563e-08,0.04562536875859563,0.10772255252887915,0.0538612917656575
2013-02-26 09:00:00,3.067310126985106e-08,0.04537859773128579,0.11383027780431614,0.0569151542387087
2013-02-26 10:00:00,3.292088524187259e-08,0.0480299605539615,0.1076973582541552,0.05384869558752022
2013-02-26 11:00:00,3.3751828885037934e-08,0.0498711311050383,0.11039653710341797,0.05519828542762343
2013-02-26 12:00:00,3.6372575346537495e-08,0.04667824005984856,0.07732992505605292,0.03866498071431413
2013-02-26 13:00:00,4.753157183114162e-08,0.05727455638275134,0.05706839900994527,0.028534223270758552
2013-02-26 14:00:00,5.732729229445155e-08,0.06619289424635212,0.05186652475393201,0.025933291040612153
2013-02-26 15:00:00,7.512380454209313e-08,0.07990265703842263,0.09251467943502607,0.046257377279415306
2013-02-26 16:00:00,8.353175098428688e-08,0.08397478636872466,0.11873314220848512,0.05936661287011805
2013-02-26 17:00:00,8.348576442487909e-08,0.08235637228271202,0.1221668829093833,0.06108348319757386
2013-02-26 18:00:00,8.351753695546613e-08,0.0815980995866793,0.11566668243340468,0.05783338297547082
2013-02-26 19:00:00,8.421900721011172e-08,0.08307968645403105,0.08353296097932925,0.04176652259916823
2013-02-26 20:00:00,8.826611952585464e-08,0.0872036175097875,0.05089587697289331,0.025447982619506416
2013-02-26 21:00:00,9.83638523430167e-08,0.09489205775232322,0.05618078007527305,0.028090439219562696
2013-02-26 22:00:00,9.71939909267289e-08,0.09348364602604746,0.05479166843558423,0.027395882814787578
2013-02-26 23:00:00,1.200313971581519e-07,0.10762237116879439,0.064129945117589,0.03206503257449308
2013-02-27 00:00:00,1.3886921049053871e-07,0.11850495563177474,0.0663125488898991,0.033156343879554795
2013-02-27 01:00:00,1.455890052030334e-07,0.12076771750901591,0.0668769900655586,0.0334385678272819
2013-02-27 02:00:00,1.2610948256637293e-07,0.11302368501255276,0.06629402850514078,0.03314707730731167
2013-02-27 03:00:00,9.252261185344524e-08,0.0972116808983342,0.061463325642766256,0.030731709082689056
2013-02-27 04:00:00,8.506122846415951e-08,0.09430997353269653,0.05598745873326779,0.027993771897248127
2013-02-27 05:00:00,8.422582398219313e-08,0.09458462669634805,0.054846276324309405,0.027423180275066694
2013-02-27 06:00:00,5.460118394328292e-08,0.06869895750822276,0.09559047170768911,0.04779526315443653
2013-02-27 07:00:00,3.5859465788628745e-08,0.04962789230581123,0.11165642536669522,0.0558282306130805
2013-02-27 08:00:00,2.3398476885506532e-08,0.03469644651618792,0.10772255252887915,0.05386128796367802
2013-02-27 09:00:00,2.0609738471487083e-08,0.024304640393146556,0.11383027780431614,0.0569151492070273
2013-02-27 10:00:00,1.907663851086946e-08,0.021784850093535556,0.1076973582541552,0.053848688665396854
2013-02-27 11:00:00,1.8733130308801314e-08,0.02162112676909571,0.11039653710341797,0.05519827791827414
2013-02-27 12:00:00,2.093996798753534e-08,0.029729886333989798,0.07732992505605292,0.03866497299801045
2013-02-27 13:00:00,2.3714451569395795e-08,0.03982628289205284,0.05706839900994527,0.02853421136219842
2013-02-27 14:00:00,3.950219307557295e-08,0.05272134664891762,0.05186652475393201,0.02593328212806254
2013-02-27 15:00:00,6.681144220290639e-08,0.08473825425793746,0.09251467943502607,0.046257373123234136
2013-02-27 16:00:00,8.39136809867474e-08,0.10052115930757251,0.11873314220848512,0.059366613061083054
2013-02-27 17:00:00,8.384306742453685e-08,0.09677624775398246,0.1221668829093833,0.06108348337622536
2013-02-27 18:00:00,8.37767867136231e-08,0.09365211239600714,0.11566668243340468,0.0578333831050957
2013-02-27 19:00:00,8.387182156199814e-08,0.09135281460003568,0.08353296097932925,0.0417665224255754
2013-02-27 20:00:00,8.384337609165123e-08,0.08940935867288245,0.05089587697289331,0.025447980408134698
2013-02-27 21:00:00,8.346363904288815e-08,0.08761898531882431,0.05618078007527305,0.028090431769456047
2013-02-27 22:00:00,8.314183124176452e-08,0.08810952351581473,0.05479166843558423,0.027395875788707735
2013-02-27 23:00:00,8.312486750085042e-08,0.08889336887303263,0.064129945117589,0.03206501412122825
2013-02-28 00:00:00,8.323362134663328e-08,0.09095650271154826,0.0663125488898991,0.03315631606176022
2013-02-28 01:00:00,8.33812010911931e-08,0.09319692504360165,0.0668769900655586,0.03343853672337985
2013-02-28 02:00:00,8.334006051776376e-08,0.0941428410639846,0.06629402850514078,0.03314705592260065
2013-02-28 03:00:00,8.332155911331711e-08,0.09505677706873979,0.061463325642766256,0.030731704482162683
2013-02-28 04:00:00,8.359059415229232e-08,0.09808530448199312,0.05598745873326779,0.027993771161930973
2013-02-28 05:00:00,8.63273367173754e-08,0.1035546856797452,0.054846276324309405,0.02742318132582306
2013-02-28 06:00:00,4.007677033258054e-08,0.05588472439016438,0.09559047170768911,0.04779525589222972
2013-02-28 07:00:00,1.9231063079769413e-08,0.023939844035200136,0.11165642536669522,0.05582822229887915
2013-02-28 08:00:00,1.1910837505485598e-08,0.019163893213602273,0.10772255252887915,0.05386128221985833
2013-02-28 09:00:00,9.504991119946205e-09,0.017806482611500942,0.11383027780431614,0.056915143654653624
2013-02-28 10:00:00,9.700477091612788e-09,0.01811789777266058,0.1076973582541552,0.053848683977316146
2013-02-28 11:00:00,1.0438057980524219e-08,0.019415975593785807,0.11039653710341797,0.05519827377073798
2013-02-28 12:00:00,1.2136947391535763e-08,0.02240839551394699,0.07732992505605292,0.038664968596500156
2013-02-28 13:00:00,1.7502430168672842e-08,0.027375044914621526,0.05706839900994527,0.028534208256187722
2013-02-28 14:00:00,3.6499667157507437e-08,0.061342680521992085,0.05186652475393201,0.025933280626799584
2013-02-28 15:00:00,1.6145232175704042e-07,0.16602590852971866,0.09251467943502607,0.04625742044367392
2013-02-28 16:00:00,0.13676330061834735,0.31682787410524865,0.11873314220848512,0.12774822141341624
2013-02-28 17:00:00,4.825503646589238e-07,0.2289150460604652,0.1221668829093833,0.061083682729873974
2013-02-28 18:00:00,2.8145795424998184e-07,0.180898331287986,0.11566668243340468,0.057833481945679464
2013-02-28 19:00:00,2.0013854317735258e-07,0.1544137434060957,0.08353296097932925,0.041766580558936214
2013-02-28 20:00:00,1.6488672941236289e-07,0.14002793113361278,0.05089587697289331,0.025448020929811358
2013-02-28 21:00:00,1.4486552844152824e-07,0.13124121707842223,0.05618078007527305,0.028090462470400746
2013-02-28 22:00:00,1.5410817222468066e-07,0.1333677918350929,0.05479166843558423,0.027395911271878227
2013-02-28 23:00:00,1.4497811812313595e-07,0.12797283261214845,0.064129945117589,0.03206504504785356
2013-03-01 00:00:00,1.3703868325459299e-07,0.12383079480617333,0.0719998331512764,0.03599998509497982
2013-03-01 01:00:00,1.378972837983391e-07,0.12391638207479455,0.07430171706540546,0.03715092748134463
2013-03-01 02:00:00,1.431551099932288e-07,0.12403026113347641,0.07188682043354344,0.035943481794326715
2013-03-01 03:00:00,1.5965129602527347e-07,0.1302870044422923,0.06684802460409181,0.03342409212769392
2013-03-01 04:00:00,1.61639888986312e-07,0.12879827813924075,0.059817041273601414,0.0299086014567452
2013-03-01 05:00:00,1.5422777591769733e-07,0.12462224745442194,0.054378687217974585,0.02718942072287525
2013-03-01 06:00:00,5.30700948558472e-08,0.06322988413180738,0.057893088104175955,0.028946570587135404
2013-03-01 07:00:00,2.218360770925179e-08,0.028878197701685916,0.06460940869727756,0.03230471544044264
2013-03-01 08:00:00,1.3226304169527361e-08,0.023574948128430633,0.06849192045109921,0.03424596683870169
2013-03-01 09:00:00,9.87872166069878e-09,0.021122272884797403,0.10381198383154101,0.05190599685513134
2013-03-01 10:00:00,9.68851946658895e-09,1.0151037739689806e-06,0.1012635059609893,0.05063175782475439
2013-03-01 11:00:00,1.0071738434648439e-08,0.021244001937292235,0.09802908410948258,0.049014547090610504
2013-03-01 12:00:00,1.1377120293894861e-08,0.023724771039792664,0.07106507752275404,0.03553254444993716
2013-03-01 13:00:00,1.9199335435300346e-08,0.028316178493586117,0.057160636646736616,0.028580327923036025
2013-03-01 14:00:00,3.538260593686868e-08,0.03968086081176229,0.05722820699473095,0.02861412118866844
2013-03-01 15:00:00,8.387863469190744e-08,0.09748278758863516,0.059090517768260645,0.029545300823447668
2013-03-01 16:00:00,1.1908323447169508e-07,0.11806109219634472,0.07560727202067306,0.037803695551953766
2013-03-01 17:00:00,1.2470468089336214e-07,0.11278857084858987,0.10850776221949714,0.05425394346208901
2013-03-01 18:00:00,1.2676145557966879e-07,0.11150537653036363,0.10296835101290018,0.05148423888717788
2013-03-01 19:00:00,1.3046416231297873e-07,0.1144110648720658,0.060796985937992744,0.03039855820107753
2013-03-01 20:00:00,1.531825925641326e-07,0.1260468471576083,0.050149639997458605,0.025074896590025583
2013-03-01 21:00:00,1.945803603002078e-07,0.14268054126132212,0.05621207511258505,0.028106134846472678
2013-03-01 22:00:00,2.3604579855001786e-07,0.1513185219773882,0.06430470709314842,0.032152471569473484
2013-03-01 23:00:00,3.0623926874962454e-07,0.16531564862774772,0.07104188342195486,0.035521094830611805
2013-03-02 00:00:00,3.633554688383872e-07,0.17728366431273093,0.0719998331512764,0.036000098253372616
2013-03-02 01:00:00,4.5365510952780893e-07,0.19183752112516972,0.07430171706540546,0.0371510853602575
2013-03-02 02:00:00,4.437798684023248e-07,0.1950786788683093,0.07188682043354344,0.035943632106705925
2013-03-02 03:00:00,3.6012708295458616e-07,0.1898817233458637,0.06684802460409181,0.033424192365587385
2013-03-02 04:00:00,2.6636434797470353e-07,0.17253852282692705,0.059817041273601414,0.029908653818974694
2013-03-02 05:00:00,2.7100466628152793e-07,0.17523383390114744,0.054378687217974585,0.027189479111320435
2013-03-02 06:00:00,8.18169361925178e-08,0.09664811077510019,0.057893088104175955,0.028946584960556073
2013-03-02 07:00:00,3.624525438367323e-08,0.057800777650116306,0.06460940869727756,0.03230472247126597
2013-03-02 08:00:00,1.76268993017048e-08,0.02979840988340228,0.06849192045109921,0.034245969038999256
2013-03-02 09:00:00,1.4149636143380042e-08,7.480228266983885e-07,0.10381198383154101,0.05190599899058858
2013-03-02 10:00:00,1.5129104546487757e-08,6.025751283704194e-07,0.1012635059609893,0.05063176054504693
2013-03-02 11:00:00,1.7328469989638996e-08,1.024200232854239e-06,0.09802908410948258,0.049014550718976285
2013-03-02 12:00:00,2.3033052730097374e-08,1.3949608295827414e-06,0.07106507752275404,0.035532550277903384
2013-03-02 13:00:00,2.9333486428058276e-08,0.046783209894100765,0.057160636646736616,0.028580332990111524
2013-03-02 14:00:00,5.455373530653104e-08,0.06202954193761724,0.05722820699473095,0.028614130774233127
2013-03-02 15:00:00,1.7352656620740494e-07,0.1556983999025041,0.059090517768260645,0.029545345647413426
2013-03-02 16:00:00,4.012174981455544e-07,0.2365749696404808,0.07560727202067306,0.0378038366190856
2013-03-02 17:00:00,3.4755295703901057e-07,0.2252057636300042,0.10850776221949714,0.05425405488622709
2013-03-02 18:00:00,2.669514472348016e-07,0.20706856745599872,0.10296835101290018,0.05148430898217371
2013-03-02 19:00:00,2.270750781220842e-07,0.19744029384163006,0.060796985937992744,0.030398606506535433
2013-03-02 20:00:00,1.9434376259700933e-07,0.18846462270558073,0.050149639997458605,0.0250749171706106
2013-03-02 21:00:00,1.683499802640257e-07,0.178314923896778,0.05621207511258505,0.028106121731282657
2013-03-02 22:00:00,1.9222764898350543e-07,0.19428175779783682,0.06430470709314842,0.0321524496603987
2013-03-02 23:00:00,1.9948426064649766e-07,0.20270437942797376,0.07104188342195486,0.035521041453107756
2013-03-03 00:00:00,2.4817348264984215e-07,0.22951428866542412,0.0719998331512764,0.03600004066237952
2013-03-03 01:00:00,3.2949822363014486e-07,0.2560977414310418,0.07430171706540546,0.03715102328181455
2013-03-03 02:00:00,4.777092192667946e-07,0.2834301449831333,0.07188682043354344,0.03594364907138135
2013-03-03 03:00:00,7.10055718717753e-07,0.3041995197183277,0.06684802460409181,0.033424367329905266
2013-03-03 04:00:00,0.16437400254184056,0.3322097565744818,0.059817041273601414,0.11209552190772099
2013-03-03 05:00:00,0.26316284430028947,0.35247420212418357,0.054378687217974585,0.15877076575913202
2013-03-03 06:00:00,5.574679113727604e-08,0.08253530539624801,0.057893088104175955,0.028946571925483545
2013-03-03 07:00:00,1.3889198463690204e-08,0.02937013349609696,0.06460940869727756,0.03230471129323801
2013-03-03 08:00:00,6.248196471105692e-09,5.8607434893281425e-08,0.06849192045109921,0.03424596334964784
2013-03-03 09:00:00,5.493943854461311e-09,5.1285900719935675e-08,0.10381198383154101,0.051905994662742434
2013-03-03 10:00:00,5.810904722883707e-09,5.229712415848045e-08,0.1012635059609893,0.05063175588594702
2013-03-03 11:00:00,5.951516305700524e-09,5.341987360771839e-08,0.09802908410948258,0.04901454503049944
2013-03-03 12:00:00,5.932208923207307e-09,5.461108937968998e-08,0.07106507752275404,0.03553254172748148
2013-03-03 13:00:00,6.946046135152207e-09,6.4134042543253e-08,0.057160636646736616,0.028580321796391375
2013-03-03 14:00:00,9.909290028767e-09,9.647452459302814e-08,0.05722820699473095,0.028614108452010487
2013-03-03 15:00:00,5.223568537522127e-08,0.06522609449081339,0.059090517768260645,0.02954528500197301
2013-03-03 16:00:00,1.0509127482939008e-07,0.1161437734494309,0.07560727202067306,0.03780368855597395
2013-03-03 17:00:00,9.934910440756343e-08,0.10533842006216475,0.10850776221949714,0.05425393078430077
2013-03-03 18:00:00,1.0698230726602434e-07,0.10649418527309948,0.10296835101290018,0.05148422899760372
2013-03-03 19:00:00,1.2782558454639813e-07,0.11515881546838254,0.060796985937992744,0.030398556881788646
2013-03-03 20:00:00,1.4695750144031714e-07,0.1208347934600495,0.050149639997458605,0.02507489347748002
2013-03-03 21:00:00,1.6696829489138796e-07,0.1258519716611397,0.05621207511258505,0.028106121040439972
2013-03-03 22:00:00,1.8917994261278035e-07,0.13075351825673687,0.06430470709314842,0.03215244813654552
2013-03-03 23:00:00,2.416914021337791e-07,0.14194860691992306,0.07104188342195486,0.035521062556678494
2013-03-04 00:00:00,2.9093962177637577e-07,0.150787521375562,0.0719998331512764,0.03600006204544909
2013-03-04 01:00:00,2.5012676879418434e-07,0.14451893689095419,0.07430171706540546,0.03715098359608713
2013-03-04 02:00:00,1.1666926605791444e-07,0.11430646365024769,0.07188682043354344,0.03594346855140475
2013-03-04 03:00:00,8.051980494109462e-08,0.09644064128298027,0.06684802460409181,0.03342405256194837
2013-03-04 04:00:00,8.961418153873072e-08,0.09945420719635292,0.059817041273601414,0.029908565443891477
2013-03-04 05:00:00,1.1467387672064114e-07,0.11758252872109241,0.054378687217974585,0.027189400945925653
2013-03-04 06:00:00,4.238568021495406e-08,0.06009320933079855,0.057893088104175955,0.028946565244928085
2013-03-04 07:00:00,1.6937659376720653e-08,0.025988036048354406,0.06460940869727756,0.03230471281746847
2013-03-04 08:00:00,5.776020303373683e-09,5.772346512806695e-08,0.06849192045109921,0.034245963113559756
2013-03-04 09:00:00,5.275325395742293e-09,4.789344595899323e-08,0.10381198383154101,0.051905994553433206
2013-03-04 10:00:00,5.388677890915086e-09,4.826895319129259e-08,0.1012635059609893,0.0506317556748336
2013-03-04 11:00:00,5.973683546451829e-09,5.20639783685971e-08,0.09802908410948258,0.04901454504158306
2013-03-04 12:00:00,7.393651801198199e-09,6.22433056896808e-08,0.07106507752275404,0.03553254245820292
2013-03-04 13:00:00,8.994707154521992e-09,7.381167463388175e-08,0.057160636646736616,0.028580322820721885
2013-03-04 14:00:00,1.3334612152271208e-08,1.3464788935891605e-07,0.05722820699473095,0.02861411016467155
2013-03-04 15:00:00,1.0448924346454525e-07,0.10751933880316215,0.059090517768260645,0.029545311128752055
2013-03-04 16:00:00,2.562917588103496e-07,0.16527144335541838,0.07560727202067306,0.03780376415621594
2013-03-04 17:00:00,2.058198172862638e-07,0.14666950318053826,0.10850776221949714,0.05425398401965721
2013-03-04 18:00:00,1.5879509973912998e-07,0.1292695068954492,0.10296835101290018,0.05148425490399996
2013-03-04 19:00:00,1.1456641091972039e-07,0.10948168457728262,0.060796985937992744,0.030398550252201832
2013-03-04 20:00:00,9.845083758526838e-08,0.10091660060648189,0.050149639997458605,0.025074869224148096
2013-03-04 21:00:00,9.186586324568658e-08,0.09579967042210995,0.05621207511258505,0.028106083489224148
2013-03-04 22:00:00,9.225195767460053e-08,0.09624904467302324,0.06430470709314842,0.032152399672553046
2013-03-04 23:00:00,8.683055565674823e-08,0.09245347387225387,0.07104188342195486,0.03552098512625526
2013-03-05 00:00:00,8.519203706312099e-08,0.0930938694105271,0.0719998331512764,0.03599995917165673
2013-03-05 01:00:00,8.639046410119661e-08,0.09649840783808333,0.07430171706540546,0.03715090172793478
2013-03-05 02:00:00,8.946252112850594e-08,0.10217688819830488,0.07188682043354344,0.035943454948032284
2013-03-05 03:00:00,9.315742219693234e-08,0.10800880166223249,0.06684802460409181,0.033424058880757
2013-03-05 04:00:00,9.621661824565353e-08,0.11342731013875904,0.059817041273601414,0.029908568745109828
2013-03-05 05:00:00,1.0278889636963634e-07,0.12120396783009656,0.054378687217974585,0.027189395003435476
2013-03-05 06:00:00,3.882081464936051e-08,0.054415157682303775,0.057893088104175955,0.0289465634624953
2013-03-05 07:00:00,1.2557515198590868e-08,0.023088610258603755,0.06460940869727756,0.03230471062739638
2013-03-05 08:00:00,5.2200112143588934e-09,4.880935171671464e-08,0.06849192045109921,0.03424596283555521
2013-03-05 09:00:00,5.241273655425102e-09,4.807951032255067e-08,0.10381198383154101,0.05190599453640733
2013-03-05 10:00:00,5.439212581294675e-09,4.942099415212531e-08,0.1012635059609893,0.05063175570010094
2013-03-05 11:00:00,5.566006991186793e-09,5.0859230812491294e-08,0.09802908410948258,0.04901454483774478
2013-03-05 12:00:00,6.038053102797192e-09,5.58847027943089e-08,0.07106507752275404,0.03553254178040357
2013-03-05 13:00:00,7.379792569823618e-09,7.398445236592515e-08,0.057160636646736616,0.028580322013264593
2013-03-05 14:00:00,2.7626349315793398e-08,0.04146917888680285,0.05722820699473095,0.02861411731054013
2013-03-05 15:00:00,1.4639571942110502e-07,0.14639226683264572,0.059090517768260645,0.029545332081990033
2013-03-05 16:00:00,0.2224947127388044,0.28861881233400805,0.07560727202067306,0.14905099237973873
2013-03-05 17:00:00,0.12289053435041682,0.21442677332304003,0.10850776221949714,0.11569914828495698
2013-03-05 18:00:00,0.09489176762975912,0.17549477319090653,0.10296835101290018,0.09893005932132964
2013-03-05 19:00:00,0.07640680153260625,0.15332839691759179,0.060796985937992744,0.0686018937352995
2013-03-05 20:00:00,3.105104571735791e-07,0.1364476920899192,0.050149639997458605,0.02507497525395789
2013-03-05 21:00:00,2.564387874669599e-07,0.12738327045883402,0.05621207511258505,0.02810616577568626
2013-03-05 22:00:00,2.165554175550689e-07,0.1235597530059158,0.06430470709314842,0.03215246182428299
2013-03-05 23:00:00,1.839132516637002e-07,0.11491089715090641,0.07104188342195486,0.035521033667603265
2013-03-06 00:00:00,1.6752761136786324e-07,0.11059417747575898,0.0719998331512764,0.03600000033944388
2013-03-06 01:00:00,1.5412433641766955e-07,0.10821250753312099,0.07430171706540546,0.03715093559487094
2013-03-06 02:00:00,1.304418486384806e-07,0.10137644205798166,0.07188682043354344,0.03594347543769604
2013-03-06 03:00:00,1.0830935380650565e-07,0.09367416666639188,0.06684802460409181,0.03342406645672281
2013-03-06 04:00:00,9.267165524364955e-08,0.0868095322998679,0.059817041273601414,0.02990856697262833
2013-03-06 05:00:00,8.454124909341998e-08,0.08277518459026727,0.054378687217974585,0.027189385879611838
2013-03-06 06:00:00,3.9873642746058774e-08,0.048932766389734046,0.057893088104175955,0.028946563988909352
2013-03-06 07:00:00,2.2922272674568866e-08,0.038189821252170256,0.06460940869727756,0.03230471580977512
2013-03-06 08:00:00,1.740651715189353e-08,0.02280209288393107,0.06849192045109921,0.034245968928808185
2013-03-06 09:00:00,1.4118658030670802e-08,0.021323563268558197,0.10381198383154101,0.051905998975099524
2013-03-06 10:00:00,1.3176622184498432e-08,0.020266409245348102,0.1012635059609893,0.050631759568805744
2013-03-06 11:00:00,1.3524479255286219e-08,0.020708420342258563,0.09802908410948258,0.04901454881698092
2013-03-06 12:00:00,1.768164546117609e-08,0.023448958907010518,0.07106507752275404,0.03553254760219975
2013-03-06 13:00:00,2.2980495444927478e-08,0.026569019255125274,0.057160636646736616,0.02858032981361603
2013-03-06 14:00:00,3.4852695708934714e-08,0.05018737593020604,0.05722820699473095,0.028614120923713328
2013-03-06 15:00:00,6.117149961553156e-08,0.07053213875996694,0.059090517768260645,0.02954528946988013
2013-03-06 16:00:00,8.306745768534266e-08,0.0829410458864417,0.07560727202067306,0.03780367754406538
2013-03-06 17:00:00,8.306749030449469e-08,0.08085681942777888,0.10850776221949714,0.05425392264349372
2013-03-06 18:00:00,8.30677882690884e-08,0.08018803163667591,0.10296835101290018,0.05148421704034423
2013-03-06 19:00:00,8.306774937674645e-08,0.07966301777256585,0.060796985937992744,0.03039853450287106
2013-03-06 20:00:00,8.306753170576298e-08,0.07986430396708483,0.050149639997458605,0.025074861532495156
2013-03-06 21:00:00,8.306753672410136e-08,0.08122345544786301,0.05621207511258505,0.02810607909006089
2013-03-06 22:00:00,8.306859748898128e-08,0.08559890905243908,0.06430470709314842,0.032152395080872954
2013-03-06 23:00:00,8.306754174244032e-08,0.08648746855711778,0.07104188342195486,0.035520983244748304
2013-03-07 00:00:00,8.306760321714181e-08,0.08896817051903479,0.0719998331512764,0.0359999581094398
2013-03-07 01:00:00,8.308344539464798e-08,0.09293561439010577,0.07430171706540546,0.03715090007442543
2013-03-07 02:00:00,8.331373693254331e-08,0.0957949847217961,0.07188682043354344,0.03594345187364019
2013-03-07 03:00:00,8.346093435320267e-08,0.09755420200270903,0.06684802460409181,0.033424054032513084
2013-03-07 04:00:00,8.3687575868018e-08,0.09889661931039428,0.059817041273601414,0.02990856248058864
2013-03-07 05:00:00,8.704480099366549e-08,0.10226121098966444,0.054378687217974585,0.02718938713138779
2013-03-07 06:00:00,5.906235293138538e-08,0.07663057947551016,0.057893088104175955,0.028946573583264443
2013-03-07 07:00:00,4.467743337844306e-08,0.06168013572968502,0.06460940869727756,0.03230472668735547
2013-03-07 08:00:00,3.3221266374409225e-08,0.05191689872325994,0.06849192045109921,0.034245976836182794
2013-03-07 09:00:00,2.6510754445435975e-08,0.04606129164539108,0.10381198383154101,0.051906005171147726
2013-03-07 10:00:00,2.823647451301298e-08,0.04746703029918002,0.1012635059609893,0.05063176709873191
2013-03-07 11:00:00,2.647665154424276e-08,0.031857033920181216,0.09802908410948258,0.04901455529306706
2013-03-07 12:00:00,2.7799790406877977e-08,0.04861852014788333,0.07106507752275404,0.03553255266127222
2013-03-07 13:00:00,3.2692981475095987e-08,0.05694946841665509,0.057160636646736616,0.028580334669859046
2013-03-07 14:00:00,5.0331580102899616e-08,0.07071071957887873,0.05722820699473095,0.028614128663155526
2013-03-07 15:00:00,6.861715076326445e-08,0.09011008323716632,0.059090517768260645,0.029545293192705702
2013-03-07 16:00:00,8.307668114368464e-08,0.10143221362640402,0.07560727202067306,0.037803677548677105
2013-03-07 17:00:00,8.307363257100236e-08,0.09834566605980531,0.10850776221949714,0.05425392264656485
2013-03-07 18:00:00,8.307072098203972e-08,0.0970196047650884,0.10296835101290018,0.05148421704181058
2013-03-07 19:00:00,8.306781147905177e-08,0.09628015048885942,0.060796985937992744,0.03039853450290211
2013-03-07 20:00:00,8.306921978352978e-08,0.0971932871854079,0.050149639997458605,0.025074861533339193
2013-03-07 21:00:00,8.307116765082463e-08,0.0974668114507709,0.05621207511258505,0.028106079091876353
2013-03-07 22:00:00,8.307687188297938e-08,0.0992013544429071,0.06430470709314842,0.03215239508501015
2013-03-07 23:00:00,8.309331828347153e-08,0.10124524385450272,0.07104188342195486,0.03552098325763657
2013-03-08 00:00:00,8.320149677979953e-08,0.10257214162837161,0.0719998331512764,0.035999958176386584
2013-03-08 01:00:00,8.332063829789813e-08,0.10435820966292074,0.07430171706540546,0.03715090019302188
2013-03-08 02:00:00,8.534587042445465e-08,0.1081520152869907,0.07188682043354344,0.035943452889706934
2013-03-08 03:00:00,9.056478753789006e-08,0.11524186767865545,0.06684802460409181,0.03342405758443968
2013-03-08 04:00:00,9.276221235818842e-08,0.1187628323639434,0.059817041273601414,0.029908567017906885
2013-03-08 05:00:00,9.455411207624405e-08,0.12005317358837067,0.054378687217974585,0.02718939088604333
2013-03-08 06:00:00,6.181483315030149e-08,0.08401002428982556,0.057893088104175955,0.02894657495950455
2013-03-08 07:00:00,4.342559712031759e-08,0.06234642418758768,0.06460940869727756,0.03230472606143734
2013-03-08 08:00:00,2.8142453773940264e-08,0.050964712143213464,0.06849192045109921,0.03424597429677649
2013-03-08 09:00:00,2.407646344509479e-08,0.030526687575075134,0.10381198383154101,0.05190600395400223
2013-03-08 10:00:00,2.144517621789468e-08,0.030312873860405008,0.1012635059609893,0.05063176370308276
2013-03-08 11:00:00,2.2627259853030408e-08,0.03146492180307506,0.09802908410948258,0.04901455336837122
2013-03-08 12:00:00,3.18095973075339e-08,0.03874140243636259,0.07106507752275404,0.03553255466617567
2013-03-08 13:00:00,3.9545561911655134e-08,0.06706356315683024,0.057160636646736616,0.028580338096149262
2013-03-08 14:00:00,8.223596047871317e-08,0.10606822117998803,0.05722820699473095,0.028614144615345713
2013-03-08 15:00:00,1.9334834243784318e-07,0.2039119503367313,0.059090517768260645,0.029545355558301543
2013-03-08 16:00:00,4.805398402039026e-07,0.3202884115924606,0.07560727202067306,0.03780387628025663
2013-03-08 17:00:00,5.886891514168972e-07,0.3086294119458696,0.10850776221949714,0.054254175454324274
2013-03-08 18:00:00,7.826327809440017e-07,0.308603786915552,0.10296835101290018,0.05148456682284056
2013-03-08 19:00:00,0.14206382531143927,0.3101603367996506,0.060796985937992744,0.101430405624716
2013-03-08 20:00:00,0.17362190054890217,0.3150893708542455,0.050149639997458605,0.11188577027318039
2013-03-08 21:00:00,0.19218503317106983,0.3149346086536398,0.05621207511258505,0.12419855414182744
2013-03-08 22:00:00,0.14935158577482485,0.31531782655239127,0.06430470709314842,0.10682814643398664
2013-03-08 23:00:00,4.474030530458956e-07,0.2545512851646526,0.07104188342195486,0.035521165412503955
2013-03-09 00:00:00,2.5369372879942055e-07,0.2069398040577748,0.0719998331512764,0.0360000434225026
2013-03-09 01:00:00,2.0462942448346417e-07,0.18829664620406225,0.07430171706540546,0.037150960847414975
2013-03-09 02:00:00,1.8438662348130795e-07,0.17865620247045344,0.07188682043354344,0.03594350241008346
2013-03-09 03:00:00,1.8072125161492925e-07,0.17496329532094737,0.06684802460409181,0.03342410266267171
2013-03-09 04:00:00,1.9261742921572138e-07,0.17958665836094656,0.059817041273601414,0.029908616945515314
2013-03-09 05:00:00,2.2251297700739025e-07,0.18916532068638833,0.054378687217974585,0.027189454865475797
2013-03-09 06:00:00,8.45501309055857e-08,0.10830541004660217,0.057893088104175955,0.02894658632715343
2013-03-09 07:00:00,4.155574183840296e-08,0.054143663424896224,0.06460940869727756,0.0323047251265097
2013-03-09 08:00:00,2.004143414193946e-08,0.04310233092182763,0.06849192045109921,0.034245970246266674
2013-03-09 09:00:00,1.3899882972367796e-08,5.256904741018117e-07,0.10381198383154101,0.05190599886571199
2013-03-09 10:00:00,1.2637658299544816e-08,4.1675067560462327e-07,0.1012635059609893,0.0506317592993238
2013-03-09 11:00:00,1.3312430554249969e-08,2.906402545344913e-07,0.09802908410948258,0.04901454871095657
2013-03-09 12:00:00,2.0838557733411752e-08,1.1142243829677553e-06,0.07106507752275404,0.03553254918065588
2013-03-09 13:00:00,2.4968527919613167e-08,0.05281843931728253,0.057160636646736616,0.028580330807632268
2013-03-09 14:00:00,5.5315697034915846e-08,0.08075489179043727,0.05722820699473095,0.028614131155213992
2013-03-09 15:00:00,2.597126388258496e-07,0.23044385281346794,0.059090517768260645,0.029545388740449735
2013-03-09 16:00:00,0.2202911681135053,0.41618390448573744,0.07560727202067306,0.1479492200670892
2013-03-09 17:00:00,0.2115559847393254,0.36513456679501916,0.10850776221949714,0.16003187347941128
2013-03-09 18:00:00,0.23579052300351755,0.3691474321818277,0.10296835101290018,0.16937943700820887
2013-03-09 19:00:00,0.3300041971733281,0.4138346534670198,0.060796985937992744,0.19540059155566042
2013-03-09 20:00:00,0.3321132397159929,0.4407939202102807,0.050149639997458605,0.19113143985672573
2013-03-09 21:00:00,0.33397054121173064,0.4672888925132538,0.05621207511258505,0.19509130816215786
2013-03-09 22:00:00,0.3360191571019456,0.5000624463481891,0.06430470709314842,0.200161932097547
2013-03-09 23:00:00,0.33678866367812266,0.5134936481849639,0.07104188342195486,0.20391527355003874
2013-03-10 00:00:00,0.3371155273253156,0.5192739659928638,0.0719998331512764,0.20455768023829599
2013-03-10 01:00:00,0.33698559885225,0.5169247180843329,0.07430171706540546,0.20564365795882772
2013-03-10 02:00:00,0.33651107558584553,0.5084261895624715,0.07188682043354344,0.2041989480096945
2013-03-10 03:00:00,0.3354346203523852,0.49019595662101445,0.06684802460409181,0.20114132247823852
2013-03-10 04:00:00,0.33380843114873526,0.464803543828413,0.059817041273601414,0.19681273621116835
2013-03-10 05:00:00,0.3316750177264706,0.4349952901655165,0.054378687217974585,0.1930268524722226
2013-03-10 06:00:00,2.836621923683524e-07,0.24150440044615457,0.057893088104175955,0.02894668588318416
2013-03-10 07:00:00,7.101891605873764e-08,0.12485043941665276,0.06460940869727756,0.03230473985809681
2013-03-10 08:00:00,2.3918792255984845e-08,3.035557709479375e-07,0.06849192045109921,0.03424597218494573
2013-03-10 09:00:00,1.8895009276315853e-08,2.1585010229208286e-07,0.10381198383154101,0.051906001363275146
2013-03-10 10:00:00,1.7474209290282193e-08,1.8716390830084514e-07,0.1012635059609893,0.0506317617175993
2013-03-10 11:00:00,1.6372608791401092e-08,1.6317274031424524e-07,0.09802908410948258,0.04901455024104569
2013-03-10 12:00:00,1.914697360541821e-08,1.9833412819040768e-07,0.07106507752275404,0.03553254833486382
2013-03-10 13:00:00,2.741169572354384e-08,2.2141750694533667e-07,0.057160636646736616,0.02858033202921617
2013-03-10 14:00:00,4.71783319055283e-08,2.3197507487962104e-06,0.05722820699473095,0.028614127086531427
2013-03-10 15:00:00,1.0489554180704258e-07,0.11088323460079746,0.059090517768260645,0.029545311331901226
2013-03-10 16:00:00,1.0676143251403121e-07,0.1299803239621669,0.07560727202067306,0.03780368939105279
2013-03-10 17:00:00,9.043269446416426e-08,0.11405968858683525,0.10850776221949714,0.0542539263260958
2013-03-10 18:00:00,8.921643902429885e-08,0.11010481408576336,0.10296835101290018,0.051484220114669604
2013-03-10 19:00:00,8.899043146565744e-08,0.10925607605179868,0.060796985937992744,0.030398537464212106
2013-03-10 20:00:00,9.157804735339317e-08,0.11151329440099988,0.050149639997458605,0.02507486578775298
2013-03-10 21:00:00,9.767482937583636e-08,0.11655943292712474,0.05621207511258505,0.028106086393707215
2013-03-10 22:00:00,9.373952008143816e-08,0.1098765822655224,0.06430470709314842,0.03215240041633425
2013-03-10 23:00:00,8.743651857371559e-08,0.10910307844101497,0.07104188342195486,0.035520985429236714
2013-03-11 00:00:00,8.729918470331116e-08,0.10965305428106872,0.0719998331512764,0.03599996022523055
2013-03-11 01:00:00,9.17780016426794e-08,0.1188023965051529,0.07430171706540546,0.03715090442170355
2013-03-11 02:00:00,1.1682985460758254e-07,0.14527716136418387,0.07188682043354344,0.035943468631699026
2013-03-11 03:00:00,2.2603391756470698e-07,0.2185543552152732,0.06684802460409181,0.03342412531900469
2013-03-11 04:00:00,6.09648226322704e-07,0.31399804222443606,0.059817041273601414,0.02990882546091387
2013-03-11 05:00:00,0.1509829922499254,0.366858918111058,0.054378687217974585,0.10268083973395
2013-03-11 06:00:00,1.782769879188816e-07,0.17573301763943294,0.057893088104175955,0.02894663319058194
2013-03-11 07:00:00,8.895717795379953e-08,0.11709756949914393,0.06460940869727756,0.03230474882722776
2013-03-11 08:00:00,3.082194217022005e-08,0.06416991343391676,0.06849192045109921,0.03424597563652069
2013-03-11 09:00:00,2.6147117036394134e-08,0.05514682765735542,0.10381198383154101,0.05190600498932903
2013-03-11 10:00:00,2.4946258649185943e-08,0.05264267787853975,0.1012635059609893,0.05063176545362398
2013-03-11 11:00:00,2.4590498123326952e-08,0.051960999839714764,0.09802908410948258,0.04901455434999035
2013-03-11 12:00:00,2.703678175173829e-08,0.056657084839204105,0.07106507752275404,0.0355325522797679
2013-03-11 13:00:00,3.7127656249436317e-08,0.06425312903294457,0.057160636646736616,0.028580336887196432
2013-03-11 14:00:00,6.360794418515574e-08,0.0907313465691005,0.05722820699473095,0.028614135301337565
2013-03-11 15:00:00,2.718277632076724e-07,0.2378461445577959,0.059090517768260645,0.029545394798011927
2013-03-11 16:00:00,0.27536794628460154,0.5073578150097817,0.07560727202067306,0.1754876091526373
2013-03-11 17:00:00,0.2634175780962523,0.4906151999750005,0.10850776221949714,0.18596267015787474
2013-03-11 18:00:00,0.33677701590674464,0.5132440203596422,0.10296835101290018,0.21987268345982242
2013-03-11 19:00:00,0.3365183074483166,0.5086530827313778,0.060796985937992744,0.1986576466931547
2013-03-11 20:00:00,0.3357791903811372,0.4959725083587484,0.050149639997458605,0.19296441518929788
2013-03-11 21:00:00,0.33408895870690586,0.4690490636100041,0.05621207511258505,0.19515051690974544
2013-03-11 22:00:00,0.33254009921493644,0.44661990110901223,0.06430470709314842,0.19842240315404241
2013-03-11 23:00:00,0.33322076369966863,0.45624191656800683,0.07104188342195486,0.20213132356081176
2013-03-12 00:00:00,0.33240815232069704,0.444746916204094,0.0719998331512764,0.20220399273598672
2013-03-12 01:00:00,0.2135395730423615,0.4024274737881137,0.07430171706540546,0.1439206450538835
2013-03-12 02:00:00,0.16785205716843551,0.3741602166384754,0.07188682043354344,0.11986943880098948
2013-03-12 03:00:00,0.13961400893867792,0.34609259287988364,0.06684802460409181,0.10323101677138487
2013-03-12 04:00:00,5.835226776009622e-07,0.30977467623058635,0.059817041273601414,0.029908812398139507
2013-03-12 05:00:00,4.874345574794351e-07,0.3038176091323778,0.054378687217974585,0.027189587326266033
2013-03-12 06:00:00,1.0672751247431168e-07,0.127691621728551,0.057893088104175955,0.028946597415844214
2013-03-12 07:00:00,5.079819227746804e-08,0.059788314173346346,0.06460940869727756,0.03230472974773492
2013-03-12 08:00:00,2.9292272541580643e-08,0.045114257890596456,0.06849192045109921,0.034245974871685875
2013-03-12 09:00:00,1.813036578600397e-08,0.03928808134285493,0.10381198383154101,0.0519060009809534
2013-03-12 10:00:00,1.8177837037203358e-08,0.038787870649654936,0.1012635059609893,0.05063176206941317
2013-03-12 11:00:00,2.2198403335443295e-08,0.039368345061868475,0.09802908410948258,0.04901455315394296
2013-03-12 12:00:00,2.6046549829513394e-08,0.04567256175366556,0.07106507752275404,0.035532551784651936
2013-03-12 13:00:00,3.3577194745393506e-08,0.04990724897979547,0.057160636646736616,0.02858033511196568
2013-03-12 14:00:00,5.816008177359197e-08,0.08996031927350194,0.05722820699473095,0.02861413257740636
2013-03-12 15:00:00,1.3211815220657314e-07,0.145952835891398,0.059090517768260645,0.029545324943206424
2013-03-12 16:00:00,3.32547714550716e-07,0.24791349755713468,0.07560727202067306,0.037803802284193805
2013-03-12 17:00:00,3.947267236917599e-07,0.2540237691074573,0.10850776221949714,0.054254078473110416
2013-03-12 18:00:00,3.8999272982643836e-07,0.24621547393362544,0.10296835101290018,0.051484370502815006
2013-03-12 19:00:00,3.8825060489444246e-07,0.24279659096003736,0.060796985937992744,0.03039868709429882
2013-03-12 20:00:00,4.2795465143521596e-07,0.2547490347490347,0.050149639997458605,0.02507503397605502
2013-03-12 21:00:00,4.4729373263000867e-07,0.262105657397164,0.05621207511258505,0.02810626120315884
2013-03-12 22:00:00,6.440982071760621e-07,0.30362471445946704,0.06430470709314842,0.0321526755956778
2013-03-12 23:00:00,7.744763571730064e-07,0.3085627506807263,0.07104188342195486,0.035521328949156016
2013-03-13 00:00:00,6.975017389986538e-07,0.30249079614866936,0.0719998331512764,0.0360002653265077
2013-03-13 01:00:00,5.022393024170038e-07,0.2777274536056078,0.07430171706540546,0.037151109652353936
2013-03-13 02:00:00,4.350729381982451e-07,0.25935815385097094,0.07188682043354344,0.03594362775324082
2013-03-13 03:00:00,4.952955924095501e-07,0.2638976301184439,0.06684802460409181,0.03342425994984211
2013-03-13 04:00:00,5.977386351953291e-07,0.27243392469751837,0.059817041273601414,0.029908819506118303
2013-03-13 05:00:00,0.1144186123677739,0.2764197946623036,0.054378687217974585,0.08439864979287424
2013-03-13 06:00:00,1.3644593976514603e-07,0.13347402657651716,0.057893088104175955,0.02894661227505786
2013-03-13 07:00:00,7.294994141463156e-08,0.09385115005006647,0.06460940869727756,0.03230474082360949
2013-03-13 08:00:00,5.075044227882659e-08,0.07706142149492376,0.06849192045109921,0.034245985600770745
2013-03-13 09:00:00,4.6585941994249353e-08,0.05071427459980336,0.10381198383154101,0.0519060152087415
2013-03-13 10:00:00,4.590492563524461e-08,0.0505295674533716,0.1012635059609893,0.05063177593295747
2013-03-13 11:00:00,4.614465697784737e-08,0.05076697709713774,0.09802908410948258,0.04901456512706978
2013-03-13 12:00:00,5.117457097812636e-08,0.07756863325495299,0.07106507752275404,0.03553256434866251
2013-03-13 13:00:00,5.5593733350835064e-08,0.0595177496753252,0.057160636646736616,0.028580346120234985
2013-03-13 14:00:00,7.755874060520312e-08,0.0976956723732847,0.05722820699473095,0.028614142276735775
2013-03-13 15:00:00,1.414909721813828e-07,0.13743963232193904,0.059090517768260645,0.029545329629616413
2013-03-13 16:00:00,2.587445910031307e-07,0.191377180594284,0.07560727202067306,0.03780376538263203
2013-03-13 17:00:00,2.4736536768815524e-07,0.17530585341680588,0.10850776221949714,0.05425400479243241
2013-03-13 18:00:00,3.1361251366388343e-07,0.18497674725797994,0.10296835101290018,0.051484332312706924
2013-03-13 19:00:00,3.351117510865466e-07,0.18194313139142193,0.060796985937992744,0.030398660524871914
2013-03-13 20:00:00,3.0867693964100255e-07,0.17331353591206292,0.050149639997458605,0.025074974337199123
2013-03-13 21:00:00,3.0087633514899434e-07,0.1745447893287715,0.05621207511258505,0.028106187994460102
2013-03-13 22:00:00,3.1052136141372357e-07,0.18105256967664163,0.06430470709314842,0.03215250880725492
2013-03-13 23:00:00,2.598212122997945e-07,0.16881028166935216,0.07104188342195486,0.03552107162158358
2013-03-14 00:00:00,3.0477242587546716e-07,0.1811586638795395,0.0719998331512764,0.03600006896185114
2013-03-14 01:00:00,3.4805661544595905e-07,0.19437324382318144,0.07430171706540546,0.037151032561010454
2013-03-14 02:00:00,3.4068928050818853e-07,0.19210953294893005,0.07188682043354344,0.035943580561411975
2013-03-14 03:00:00,3.7089183054738554e-07,0.1871933012336133,0.06684802460409181,0.03342419774796118
2013-03-14 04:00:00,2.0880135722552609e-07,0.14692667016166183,0.059817041273601414,0.02990862503747932
2013-03-14 05:00:00,1.044075911380507e-07,0.09947354926037093,0.054378687217974585,0.02718939581278286
2013-03-14 06:00:00,6.243704082941664e-08,0.07309390497565403,0.057893088104175955,0.028946575270608392
2013-03-14 07:00:00,4.654353729021663e-08,0.061424821492907955,0.06460940869727756,0.032304727620407425
2013-03-14 08:00:00,3.9706673917164156e-08,0.05363662852689744,0.06849192045109921,0.034245980078886566
2013-03-14 09:00:00,3.459612960720358e-08,0.03449026701868196,0.10381198383154101,0.051906009213835314
2013-03-14 10:00:00,3.391831906478843e-08,0.03323574841529217,0.1012635059609893,0.05063176993965419
2013-03-14 11:00:00,3.824860309407995e-08,0.05192805991602659,0.09802908410948258,0.049014561179042834
2013-03-14 12:00:00,4.296987924618857e-08,0.05626439318613667,0.07106507752275404,0.035532560246316645
2013-03-14 13:00:00,4.826565260745053e-08,0.06073579889450024,0.057160636646736616,0.02858034245619461
2013-03-14 14:00:00,6.042859792823815e-08,0.06449374345909634,0.05722820699473095,0.02861413371166444
2013-03-14 15:00:00,7.506260357615714e-08,0.06600418701539451,0.059090517768260645,0.02954529641543211
2013-03-14 16:00:00,8.306728580792627e-08,0.06762696578011894,0.07560727202067306,0.03780367754397944
2013-03-14 17:00:00,8.306727514402242e-08,0.0655507928168222,0.10850776221949714,0.05425392264338614
2013-03-14 18:00:00,8.306727953504132e-08,0.06186920516424717,0.10296835101290018,0.05148421704008986
2013-03-14 19:00:00,8.306729647183289e-08,0.06112775381864852,0.060796985937992744,0.030398534502644608
2013-03-14 20:00:00,8.306730086285403e-08,0.06112567764593652,0.050149639997458605,0.025074861532379734
2013-03-14 21:00:00,7.551584667193016e-08,0.061671475938818325,0.05621207511258505,0.028106075314215863
2013-03-14 22:00:00,7.557924024195484e-08,0.07038953899993194,0.06430470709314842,0.03215239133619433
2013-03-14 23:00:00,6.796453504838565e-08,0.06699711978589973,0.07104188342195486,0.03552097569324495
2013-03-15 00:00:00,6.796441443672905e-08,0.06347397618557336,0.0719998331512764,0.03599995055784542
2013-03-15 01:00:00,6.796439698656739e-08,0.05016384345766133,0.07430171706540546,0.037150892514901224
2013-03-15 02:00:00,6.79643769702165e-08,0.048781523410580584,0.07188682043354344,0.03594344419896021
2013-03-15 03:00:00,6.796435438768093e-08,0.04842429518687437,0.06684802460409181,0.0334240462842231
2013-03-15 04:00:00,6.79643133285638e-08,0.058265862238776896,0.059817041273601414,0.029908554618957372
2013-03-15 05:00:00,6.086534245638091e-08,0.055673273365900416,0.054378687217974585,0.02718937404165852
2013-03-15 06:00:00,3.4527364933542446e-08,0.028478157013684002,0.057893088104175955,0.028946561315770444
2013-03-15 07:00:00,1.9339258753286945e-08,0.022841839645577115,0.06460940869727756,0.032304714018268156
2013-03-15 08:00:00,7.0184877518510345e-09,6.611620679656409e-08,0.06849192045109921,0.03424596373479348
2013-03-15 09:00:00,6.373761640257476e-09,5.141661000402434e-08,0.10381198383154101,0.05190599510265133
2013-03-15 10:00:00,6.0462704267124506e-09,4.9219958376599524e-08,0.1012635059609893,0.05063175600362987
2013-03-15 11:00:00,6.089356199344892e-09,4.770119062347538e-08,0.09802908410948258,0.04901454509941939
2013-03-15 12:00:00,6.822288820546586e-09,5.276333504745625e-08,0.07106507752275404,0.03553254217252143
2013-03-15 13:00:00,7.908809882473423e-09,6.430164700548853e-08,0.057160636646736616,0.02858032227777325
2013-03-15 14:00:00,1.7360041178017676e-08,0.009550108092175961,0.05722820699473095,0.02861411217738606
2013-03-15 15:00:00,5.1996004719434705e-08,0.04843604265976383,0.059090517768260645,0.02954528488213268
2013-03-15 16:00:00,9.557313742160808e-08,0.06053223102478776,0.07560727202067306,0.03780368379690524
2013-03-15 17:00:00,8.524616888798938e-08,0.0592857366985735,0.10850776221949714,0.05425392373283301
2013-03-15 18:00:00,8.412849033045487e-08,0.06083083201977426,0.10296835101290018,0.051484217570695254
2013-03-15 19:00:00,8.591468293959493e-08,0.06247457773271498,0.060796985937992744,0.03039853592633784
2013-03-15 20:00:00,8.894206654191006e-08,0.06592531301608094,0.050149639997458605,0.025074864469762575
2013-03-15 21:00:00,9.029941834122217e-08,0.06952360208585517,0.05621207511258505,0.028106082706001696
2013-03-15 22:00:00,8.445863393856721e-08,0.0718689250898132,0.06430470709314842,0.03215239577589118
2013-03-15 23:00:00,7.740001522148699e-08,0.07646069948560909,0.07104188342195486,0.03552098041098504
2013-03-16 00:00:00,7.088386660591972e-08,0.08177804051078283,0.0719998331512764,0.0359999520175715
2013-03-16 01:00:00,7.075947989517974e-08,0.0854384738023457,0.07430171706540546,0.03715089391244268
2013-03-16 02:00:00,7.381222232969647e-08,0.090868407192293,0.07188682043354344,0.03594344712288289
2013-03-16 03:00:00,7.685041190283771e-08,0.09618500146718591,0.06684802460409181,0.03342405072725186
2013-03-16 04:00:00,7.678562736864997e-08,0.09944127548747081,0.059817041273601414,0.029908559029614392
2013-03-16 05:00:00,6.77871184409975e-08,0.0935650204052385,0.054378687217974585,0.027189377502546512
2013-03-16 06:00:00,3.3128363120105954e-08,0.037198047399520554,0.057893088104175955,0.02894656061626954
2013-03-16 07:00:00,7.392487323646117e-09,8.482921389035174e-08,0.06460940869727756,0.03230470804488244
2013-03-16 08:00:00,5.8576096628878485e-09,5.304353313226308e-08,0.06849192045109921,0.034245963154354436
2013-03-16 09:00:00,5.2197139227214615e-09,4.885692386645097e-08,0.10381198383154101,0.05190599452562747
2013-03-16 10:00:00,5.254198996898802e-09,4.89125807360059e-08,0.1012635059609893,0.05063175560759415
2013-03-16 11:00:00,5.565700467002343e-09,5.18981357519287e-08,0.09802908410948258,0.049014544837591524
2013-03-16 12:00:00,6.843067067039011e-09,6.140910551161793e-08,0.07106507752275404,0.035532542182910555
2013-03-16 13:00:00,9.212268020313236e-09,8.045936781810344e-08,0.057160636646736616,0.028580322929502317
2013-03-16 14:00:00,1.4500546861540543e-08,1.3021111477552602e-07,0.05722820699473095,0.028614110747638904
2013-03-16 15:00:00,7.33255812830462e-08,0.0840566280917751,0.059090517768260645,0.029545295546920963
2013-03-16 16:00:00,4.6010258112528723e-07,0.2168660033479589,0.07560727202067306,0.0378038660616271
2013-03-16 17:00:00,4.3074209461970617e-07,0.19712284471103336,0.10850776221949714,0.05425409648079588
2013-03-16 18:00:00,0.08913450108061668,0.19220897818800034,0.10296835101290018,0.09605142604675843
2013-03-16 19:00:00,0.11072385020953564,0.1968245198771938,0.060796985937992744,0.0857604180737642
2013-03-16 20:00:00,0.11493304965276822,0.1976801871999468,0.050149639997458605,0.08254134482511341
2013-03-16 21:00:00,0.09515270750529353,0.1955269061464889,0.05621207511258505,0.07568239130893929
2013-03-16 22:00:00,2.424404532084856e-07,0.16309043449736166,0.06430470709314842,0.03215247476680082
2013-03-16 23:00:00,1.6194330791731263e-07,0.14455443281983144,0.07104188342195486,0.03552102268263139
2013-03-17 00:00:00,1.1447847772564784e-07,0.13089388445228095,0.0719998331512764,0.03599997381487706
2013-03-17 01:00:00,9.316493295525347e-08,0.12492755899883459,0.07430171706540546,0.037150905115169205
2013-03-17 02:00:00,9.210343522787542e-08,0.1258535926570244,0.07188682043354344,0.035943456268489334
2013-03-17 03:00:00,1.112479460847954e-07,0.14585695518005176,0.06684802460409181,0.03342406792601895
2013-03-17 04:00:00,1.4427333217583374e-07,0.1748644474516026,0.059817041273601414,0.029908592773466795
2013-03-17 05:00:00,1.2965535661381698e-07,0.1656500325763615,0.054378687217974585,0.027189408436665598
2013-03-17 06:00:00,2.4196423956464796e-08,0.04313140760530502,0.057893088104175955,0.028946556150299955
2013-03-17 07:00:00,7.445191441458601e-09,7.873578206470928e-08,0.06460940869727756,0.0323047080712345
2013-03-17 08:00:00,6.232625271576519e-09,5.9373814069911684e-08,0.06849192045109921,0.034245963341862244
2013-03-17 09:00:00,6.004885911451167e-09,5.722910767607488e-08,0.10381198383154101,0.05190599491821346
2013-03-17 10:00:00,6.11073865932659e-09,5.815717927599935e-08,0.1012635059609893,0.050631756035863985
2013-03-17 11:00:00,6.392487248964282e-09,6.082135437752195e-08,0.09802908410948258,0.04901454525098491
2013-03-17 12:00:00,7.2366747206594705e-09,6.876547807046844e-08,0.07106507752275404,0.03553254237971438
2013-03-17 13:00:00,8.276335498187285e-09,7.85269944767035e-08,0.057160636646736616,0.028580322461536058
2013-03-17 14:00:00,1.1644201592631016e-08,1.472786296646456e-07,0.05722820699473095,0.02861410931946627
2013-03-17 15:00:00,6.712834578059286e-08,0.0851306727678145,0.059090517768260645,0.02954529244830321
2013-03-17 16:00:00,7.945588035273499e-07,0.37501804246093406,0.07560727202067306,0.0378040332897383
2013-03-17 17:00:00,9.319575267982269e-07,0.3735036367130515,0.10850776221949714,0.05425434708851197
2013-03-17 18:00:00,0.16716349941147635,0.40768980265233895,0.10296835101290018,0.13506592521218827
2013-03-17 19:00:00,0.18461944065223776,0.4255211214629674,0.060796985937992744,0.12270821329511525
2013-03-17 20:00:00,0.20240727691214458,0.4178316791103891,0.050149639997458605,0.1262784584548016
2013-03-17 21:00:00,0.1951509243550002,0.3767146062363837,0.05621207511258505,0.1256814997337926
2013-03-17 22:00:00,0.1387276683326999,0.3253133842691502,0.06430470709314842,0.10151618771292416
2013-03-17 23:00:00,0.13219612396264008,0.30949188659378146,0.07104188342195486,0.10161900369229747
2013-03-18 00:00:00,0.1257467252109239,0.29699312491183744,0.0719998331512764,0.09887327918110014
2013-03-18 01:00:00,0.11722989842893942,0.27469721463886815,0.07430171706540546,0.09576580774717244
2013-03-18 02:00:00,0.11073158850786474,0.2575602446630988,0.07188682043354344,0.09130920447070409
2013-03-18 03:00:00,4.994794674729731e-07,0.23329997468123967,0.06684802460409181,0.03342426204177964
2013-03-18 04:00:00,4.7518403229592595e-07,0.21381962328891405,0.059817041273601414,0.029908758228816855
2013-03-18 05:00:00,1.9903306480214425e-07,0.14675383285432067,0.054378687217974585,0.027189443125519693
2013-03-18 06:00:00,3.904174297610305e-08,0.059401946931422346,0.057893088104175955,0.028946563572959466
2013-03-18 07:00:00,2.3417148302767243e-08,0.03532238181089245,0.06460940869727756,0.03230471605721293
2013-03-18 08:00:00,1.581748463882014e-08,0.020749066743289926,0.06849192045109921,0.034245968134291926
2013-03-18 09:00:00,1.3746848880713265e-08,0.018129015330990556,0.10381198383154101,0.05190599878919495
2013-03-18 10:00:00,1.3860750242387706e-08,0.01838516119165459,0.1012635059609893,0.050631759910869774
2013-03-18 11:00:00,1.5019815661577087e-08,0.0196225655514486,0.09802908410948258,0.04901454956464912
2013-03-18 12:00:00,1.7848153403611287e-08,0.022829906680446616,0.07106507752275404,0.03553254768545372
2013-03-18 13:00:00,2.525246913592717e-08,0.04016367506990228,0.057160636646736616,0.028580330949602877
2013-03-18 14:00:00,3.437437778795539e-08,0.05024404756904478,0.05722820699473095,0.028614120684554368
2013-03-18 15:00:00,6.152703007442907e-08,0.06604496770543765,0.059090517768260645,0.02954528964764536
2013-03-18 16:00:00,8.306728329877218e-08,0.07383537667879404,0.07560727202067306,0.03780367754397818
2013-03-18 17:00:00,8.306729145352354e-08,0.06864806649719295,0.10850776221949714,0.05425392264339429
2013-03-18 18:00:00,8.306729270810083e-08,0.06599498523433552,0.10296835101290018,0.051484217040096446
2013-03-18 19:00:00,8.30672952172555e-08,0.06558099483985216,0.060796985937992744,0.03039853450264398
2013-03-18 20:00:00,8.306728078961823e-08,0.06521967459499937,0.050149639997458605,0.025074861532369697
2013-03-18 21:00:00,8.306726698927427e-08,0.06636220865523394,0.05621207511258505,0.02810607908992602
2013-03-18 22:00:00,8.306735041869644e-08,0.06675504355699814,0.06430470709314842,0.03215239508024942
2013-03-18 23:00:00,6.796443445310202e-08,0.0688411444077927,0.07104188342195486,0.03552097569319466
2013-03-19 00:00:00,6.796443855902613e-08,0.07054891640109438,0.0719998331512764,0.03599995055785748
2013-03-19 01:00:00,6.796443291338059e-08,0.07302444460549731,0.07430171706540546,0.03715089251491919
2013-03-19 02:00:00,6.796455095889145e-08,0.07517513269990901,0.07188682043354344,0.0359434441990472
2013-03-19 03:00:00,6.797058465706489e-08,0.07737716934709432,0.06684802460409181,0.033424046287338235
2013-03-19 04:00:00,6.798386051065457e-08,0.08049994648239031,0.059817041273601414,0.029908554628730964
2013-03-19 05:00:00,6.461423804070091e-08,0.07520612562612525,0.054378687217974585,0.027189375916106314
2013-03-19 06:00:00,3.139920433090482e-08,0.033915654937220055,0.057893088104175955,0.028946559751690144
2013-03-19 07:00:00,1.7152407029010334e-08,0.025292831422951936,0.06460940869727756,0.03230471292484229
2013-03-19 08:00:00,8.863459191144825e-09,1.1121120575880505e-07,0.06849192045109921,0.0342459646572792
2013-03-19 09:00:00,6.811233384884456e-09,6.769019823609133e-08,0.10381198383154101,0.0519059953213872
2013-03-19 10:00:00,8.13344074246732e-09,7.76158651370911e-08,0.1012635059609893,0.05063175704721502
2013-03-19 11:00:00,9.360072731509153e-09,9.735308265740165e-08,0.09802908410948258,0.049014546734777655
2013-03-19 12:00:00,1.1150384126830534e-08,1.1082215051496452e-07,0.07106507752275404,0.035532544336569084
2013-03-19 13:00:00,1.5647196403804853e-08,1.1840401569587312e-07,0.057160636646736616,0.02858032614696651
2013-03-19 14:00:00,2.5375640469534946e-08,0.03887084539677693,0.05722820699473095,0.02861411618518571
2013-03-19 15:00:00,4.730437565842764e-08,0.06347299398166076,0.059090517768260645,0.029545282536318152
2013-03-19 16:00:00,8.33450186837938e-08,0.07649164655096986,0.07560727202067306,0.03780367768284587
2013-03-19 17:00:00,8.484182418097657e-08,0.07073988858979571,0.10850776221949714,0.05425392353066066
2013-03-19 18:00:00,8.426355768661329e-08,0.0661911826267593,0.10296835101290018,0.051484217638228934
2013-03-19 19:00:00,8.307077681537514e-08,0.06357814726173984,0.060796985937992744,0.03039853450438478
2013-03-19 20:00:00,8.306725130707075e-08,0.0648781909105432,0.050149639997458605,0.025074861532354956
2013-03-19 21:00:00,8.306724252503937e-08,0.06854887702788738,0.05621207511258505,0.028106079089913787
2013-03-19 22:00:00,7.55158649203925e-08,0.06609534040563908,0.06430470709314842,0.03215239130450667
2013-03-19 23:00:00,7.551600748680802e-08,0.07016282503481856,0.07104188342195486,0.035520979468981174
2013-03-20 00:00:00,6.796444933707929e-08,0.07604515747414363,0.0719998331512764,0.03599995055786286
2013-03-20 01:00:00,6.802089208795342e-08,0.08375278032304358,0.07430171706540546,0.037150892543148774
2013-03-20 02:00:00,7.376984722412179e-08,0.09376885140880296,0.07188682043354344,0.035943447101695336
2013-03-20 03:00:00,9.911191429938136e-08,0.11428131688940173,0.06684802460409181,0.033424061858003055
2013-03-20 04:00:00,1.2806683244491237e-07,0.12708673434053355,0.059817041273601414,0.02990858467021693
2013-03-20 05:00:00,1.0035434215024172e-07,0.109937400434516,0.054378687217974585,0.027189393786158367
2013-03-20 06:00:00,3.033963502160705e-08,0.03430963626872547,0.057893088104175955,0.028946559221905487
2013-03-20 07:00:00,1.1067513617147797e-08,0.023805610829078793,0.06460940869727756,0.03230470988239559
2013-03-20 08:00:00,7.463832000800169e-09,8.016094942791739e-08,0.06849192045109921,0.034245963957465604
2013-03-20 09:00:00,5.185156986893176e-09,6.167754493862461e-08,0.10381198383154101,0.051905994508349
2013-03-20 10:00:00,6.934699962976678e-09,7.114378888218642e-08,0.1012635059609893,0.050631756447844636
2013-03-20 11:00:00,7.264016303997426e-09,7.530576462364945e-08,0.09802908410948258,0.04901454568674944
2013-03-20 12:00:00,8.165993164471689e-09,9.058880495988826e-08,0.07106507752275404,0.0355325428443736
2013-03-20 13:00:00,9.47181763432129e-09,1.2956376571698123e-07,0.057160636646736616,0.028580323059277126
2013-03-20 14:00:00,2.1326977845188085e-08,0.032779901673591044,0.05722820699473095,0.028614114160854395
2013-03-20 15:00:00,4.483009215751932e-08,0.0774282547009113,0.059090517768260645,0.029545281299176402
2013-03-20 16:00:00,9.967870382163164e-08,0.13492752011538195,0.07560727202067306,0.03780368584968844
2013-03-20 17:00:00,9.543796795838542e-08,0.1280366124289159,0.10850776221949714,0.05425392882873255
2013-03-20 18:00:00,9.359595700862012e-08,0.12120487250056929,0.10296835101290018,0.0514842223044286
2013-03-20 19:00:00,9.413847471811132e-08,0.11574292065367392,0.060796985937992744,0.03039854003823373
2013-03-20 20:00:00,9.749877009733286e-08,0.1106493981472032,0.050149639997458605,0.025074868748114352
2013-03-20 21:00:00,1.1136549464877661e-07,0.1130031349183485,0.05621207511258505,0.02810609323903985
2013-03-20 22:00:00,1.5267043985644481e-07,0.12878300452065153,0.06430470709314842,0.03215242988179414
2013-03-20 23:00:00,1.7578162578316308e-07,0.1291138973546881,0.07104188342195486,0.03552102960179032
2013-03-21 00:00:00,1.4442887982549522e-07,0.12708335792672967,0.0719998331512764,0.03599998879007811
2013-03-21 01:00:00,1.4093462456174812e-07,0.1273573246427842,0.07430171706540546,0.037150929000015015
2013-03-21 02:00:00,1.1540131010747763e-07,0.11771618830195432,0.07188682043354344,0.03594346791742677
2013-03-21 03:00:00,8.495492541802376e-08,0.10249675390619391,0.06684802460409181,0.03342405477950861
2013-03-21 04:00:00,7.446004984603938e-08,0.09740153913505828,0.059817041273601414,0.02990855786682563
2013-03-21 05:00:00,6.901199277298131e-08,0.0879589727969706,0.054378687217974585,0.02718937811498368
2013-03-21 06:00:00,4.669170609014723e-08,0.06631523882676923,0.057893088104175955,0.028946567397941023
2013-03-21 07:00:00,3.485159991264795e-08,0.05829613712785343,0.06460940869727756,0.03230472177443874
2013-03-21 08:00:00,2.424184386539691e-08,0.03721664866765461,0.06849192045109921,0.03424597234647154
2013-03-21 09:00:00,2.3678210494481234e-08,0.03580237573107516,0.10381198383154101,0.05190600375487575
2013-03-21 10:00:00,2.4171812747762373e-08,0.03543867642380724,0.1012635059609893,0.050631765066401026
2013-03-21 11:00:00,2.651438792086605e-08,0.03793781936167039,0.09802908410948258,0.04901455531193525
2013-03-21 12:00:00,3.9889088654922244e-08,0.04243428182636512,0.07106507752275404,0.03553255870592135
2013-03-21 13:00:00,5.01678840647892e-08,0.0666234323350057,0.057160636646736616,0.02858034340731034
2013-03-21 14:00:00,5.738098528075016e-08,0.07297136922786886,0.05722820699473095,0.028614132187858115
2013-03-21 15:00:00,7.46563447980752e-08,0.08127654894780602,0.059090517768260645,0.029545296212302723
2013-03-21 16:00:00,9.129775374658591e-08,0.08986680128091631,0.07560727202067306,0.037803681659213405
2013-03-21 17:00:00,9.08227507489822e-08,0.08703976975584485,0.10850776221949714,0.054253926521123944
2013-03-21 18:00:00,8.907967776317365e-08,0.08582216475968533,0.10296835101290018,0.05148422004628897
2013-03-21 19:00:00,9.139285747371116e-08,0.08687017006117775,0.060796985937992744,0.03039853866542511
2013-03-21 20:00:00,9.786889241169448e-08,0.09087141962306693,0.050149639997458605,0.02507486893317551
2013-03-21 21:00:00,9.22010501230222e-08,0.08591599602585995,0.05621207511258505,0.028106083656817587
2013-03-21 22:00:00,9.403229751258157e-08,0.08618494039723124,0.06430470709314842,0.03215240056272297
2013-03-21 23:00:00,8.920009175478237e-08,0.08617370552873946,0.07104188342195486,0.03552098631102331
2013-03-22 00:00:00,8.027609696974325e-08,0.0837684223508297,0.0719998331512764,0.03599995671368668
2013-03-22 01:00:00,8.158935483018228e-08,0.08099426480587821,0.07430171706540546,0.037150899327380145
2013-03-22 02:00:00,7.350196082405922e-08,0.07337792455987241,0.07188682043354344,0.03594344696775213
2013-03-22 03:00:00,6.800537771414658e-08,0.06832940671150445,0.06684802460409181,0.033424046304734764
2013-03-22 04:00:00,6.796445395624598e-08,0.06716471625218295,0.059817041273601414,0.029908554619027684
2013-03-22 05:00:00,7.050052964932911e-08,0.06373812954473532,0.054378687217974585,0.027189378859252118
2013-03-22 06:00:00,5.514219164662581e-08,0.041028523432982966,0.057893088104175955,0.0289465716231838
2013-03-22 07:00:00,2.1782129305079937e-08,3.5487401409691555e-07,0.06460940869727756,0.032304715239703435
2013-03-22 08:00:00,1.5307361251858046e-08,9.758242144507862e-08,0.06849192045109921,0.03424596787923023
2013-03-22 09:00:00,1.5647681885381262e-08,8.739082744576751e-08,0.10381198383154101,0.05190599973961145
2013-03-22 10:00:00,1.4407163033997355e-08,8.1091646101497e-08,0.1012635059609893,0.05063176018407617
2013-03-22 11:00:00,1.2861163991930393e-08,7.55685418679345e-08,0.09802908410948258,0.04901454848532329
2013-03-22 12:00:00,1.2732940390548571e-08,7.452421039916964e-08,0.07106507752275404,0.03553254512784722
2013-03-22 13:00:00,1.3410790063303713e-08,7.724318746149386e-08,0.057160636646736616,0.02858032502876334
2013-03-22 14:00:00,1.611056470042523e-08,1.1107596941700412e-07,0.05722820699473095,0.028614111552647824
2013-03-22 15:00:00,5.193935735744778e-08,0.0390072928675362,0.059090517768260645,0.029545284853809
2013-03-22 16:00:00,1.0411193297281328e-07,0.06102430918121654,0.07560727202067306,0.03780368806630302
2013-03-22 17:00:00,8.739011209799793e-08,0.057000504267956074,0.10850776221949714,0.054253924804804614
2013-03-22 18:00:00,8.339116826728307e-08,0.056364978178196565,0.10296835101290018,0.05148421720203422
2013-03-22 19:00:00,8.33072146282016e-08,0.05584049665655232,0.060796985937992744,0.030398534622603685
2013-03-22 20:00:00,8.340577504012728e-08,0.05584930341737202,0.050149639997458605,0.025074861701616824
2013-03-22 21:00:00,8.314262556581013e-08,0.05562576968069152,0.05621207511258505,0.02810607912760531
2013-03-22 22:00:00,8.306722809742043e-08,0.05706980369994335,0.06430470709314842,0.03215239508018826
2013-03-22 23:00:00,6.796441546320943e-08,0.05681475922119244,0.07104188342195486,0.03552097569318516
2013-03-23 00:00:00,6.796440519840706e-08,0.057431473816849245,0.0719998331512764,0.0359999505578408
2013-03-23 01:00:00,6.796439236740845e-08,0.05767047694656173,0.07430171706540546,0.03715089251489891
2013-03-23 02:00:00,6.796437902317502e-08,0.040514639146242724,0.07188682043354344,0.035943444198961234
2013-03-23 03:00:00,6.796434617585354e-08,0.04031648386100629,0.06684802460409181,0.033424046284218994
2013-03-23 04:00:00,6.79642584120722e-08,0.05716871907388693,0.059817041273601414,0.02990855461892991
2013-03-23 05:00:00,5.548558617636545e-08,0.05232904340300289,0.054378687217974585,0.02718937135178038
2013-03-23 06:00:00,1.502888559325466e-08,0.024080719560453333,0.057893088104175955,0.028946551566530775
2013-03-23 07:00:00,5.939700152175712e-09,4.95868453290706e-08,0.06460940869727756,0.032304707318488855
2013-03-23 08:00:00,4.987823442768186e-09,3.952518131789913e-08,0.06849192045109921,0.03424596271946133
2013-03-23 09:00:00,4.780124418576139e-09,3.767412253423587e-08,0.10381198383154101,0.05190599430583272
2013-03-23 10:00:00,4.8131311767754694e-09,3.8172036314114245e-08,0.1012635059609893,0.05063175538706024
2013-03-23 11:00:00,4.907806109699033e-09,3.836373217570118e-08,0.09802908410948258,0.04901454450864434
2013-03-23 12:00:00,5.138078662172289e-09,4.01543064859045e-08,0.07106507752275404,0.03553254133041635
2013-03-23 13:00:00,6.02902225410789e-09,4.654974047692134e-08,0.057160636646736616,0.028580321337879435
2013-03-23 14:00:00,8.049431667193994e-09,6.413576214924503e-08,0.05722820699473095,0.02861410752208131
2013-03-23 15:00:00,2.9969200524181865e-08,0.03456400950163773,0.059090517768260645,0.029545273868730584
2013-03-23 16:00:00,8.726308835064823e-08,0.07388097023419252,0.07560727202067306,0.03780367964188071
2013-03-23 17:00:00,8.57304602686819e-08,0.07192898350573915,0.10850776221949714,0.054253923974978704
2013-03-23 18:00:00,8.45601050728491e-08,0.07189487015117436,0.10296835101290018,0.051484217786502626
2013-03-23 19:00:00,8.445489627529876e-08,0.07343639279083118,0.060796985937992744,0.03039853519644451
2013-03-23 20:00:00,8.521122475998979e-08,0.07655504900776809,0.050149639997458605,0.02507486260434168
2013-03-23 21:00:00,8.703741699785525e-08,0.08116846343240189,0.05621207511258505,0.028106081075001024
2013-03-23 22:00:00,1.1493064416243853e-07,0.10020787987428584,0.06430470709314842,0.032152411011896295
2013-03-23 23:00:00,1.1694437571599858e-07,0.10455201499225086,0.07104188342195486,0.035521000183165286
2013-03-24 00:00:00,1.230315758749933e-07,0.11143561967903859,0.0719998331512764,0.03599997809142613
2013-03-24 01:00:00,1.4228019481935563e-07,0.1238348247530382,0.07430171706540546,0.03715092967280014
2013-03-24 02:00:00,1.62343448338662e-07,0.13558309218623715,0.07188682043354344,0.03594349138849589
2013-03-24 03:00:00,1.649289032730216e-07,0.1375355573413128,0.06684802460409181,0.03342409476649754
2013-03-24 04:00:00,1.7204001863537483e-07,0.14265561050667896,0.059817041273601414,0.029908606656810024
2013-03-24 05:00:00,9.766385328357793e-08,0.10843164504614657,0.054378687217974585,0.027189392440913934
2013-03-24 06:00:00,2.529300267942689e-08,0.041348699180364296,0.057893088104175955,0.028946556698589317
2013-03-24 07:00:00,8.682102582636403e-09,1.0009153653883862e-07,0.06460940869727756,0.03230470868969007
2013-03-24 08:00:00,7.180682378906074e-09,6.774076782084162e-08,0.06849192045109921,0.0342459638158908
2013-03-24 09:00:00,6.50430932065119e-09,6.181027594066734e-08,0.10381198383154101,0.05190599516792517
2013-03-24 10:00:00,6.069554914277856e-09,5.818730497876026e-08,0.1012635059609893,0.05063175601527211
2013-03-24 11:00:00,5.982053385208318e-09,5.5942980030581423e-08,0.09802908410948258,0.04901454504576798
2013-03-24 12:00:00,6.687183525278125e-09,6.242881359439857e-08,0.07106507752275404,0.035532542104968784
2013-03-24 13:00:00,8.774923587307282e-09,8.322010750382485e-08,0.057160636646736616,0.0285803227108301
2013-03-24 14:00:00,1.4343782905086224e-08,1.6351315550424562e-07,0.05722820699473095,0.028614110669256926
2013-03-24 15:00:00,9.381945901659359e-08,0.09814667994274218,0.059090517768260645,0.02954530579385983
2013-03-24 16:00:00,0.26471969387559646,0.3176061119492926,0.07560727202067306,0.17016348294813477
2013-03-24 17:00:00,0.24088601245031507,0.2582163835124711,0.10850776221949714,0.1746968873349061
2013-03-24 18:00:00,0.21728315318352345,0.21813751052115665,0.10296835101290018,0.1601257520982118
2013-03-24 19:00:00,0.15839963826447545,0.1892756840192569,0.060796985937992744,0.1095983121012341
2013-03-24 20:00:00,4.094577290729877e-07,0.15994876881628797,0.050149639997458605,0.025075024727593837
2013-03-24 21:00:00,2.5024520617770786e-07,0.1355429791835505,0.05621207511258505,0.028106162678895614
2013-03-24 22:00:00,1.5907971862152911e-07,0.117158648910422,0.06430470709314842,0.03215243308643352
2013-03-24 23:00:00,1.1928271831434868e-07,0.10387732512921272,0.07104188342195486,0.03552100135233659
2013-03-25 00:00:00,1.1381193029627645e-07,0.10142792989322885,0.0719998331512764,0.035999973481603345
2013-03-25 01:00:00,1.0815149381060356e-07,0.1041255321591909,0.07430171706540546,0.03715091260844964
2013-03-25 02:00:00,1.2494553311847536e-07,0.11254426017263694,0.07188682043354344,0.03594347268953828
2013-03-25 03:00:00,1.506261740933705e-07,0.12355759354901498,0.06684802460409181,0.03342408761513295
2013-03-25 04:00:00,1.9083887024846127e-07,0.1300548876392111,0.059817041273601414,0.02990861605623583
2013-03-25 05:00:00,1.5250032461773648e-07,0.11683502072732237,0.054378687217974585,0.0271894198591496
2013-03-25 06:00:00,8.324758768735181e-08,0.08220030765871103,0.057893088104175955,0.02894658567588182
2013-03-25 07:00:00,5.5997614868136454e-08,0.06292472859016525,0.06460940869727756,0.03230473234744621
2013-03-25 08:00:00,4.064910639362153e-08,0.05289920382968692,0.06849192045109921,0.034245980550102806
2013-03-25 09:00:00,3.661775170966543e-08,0.0482541563068447,0.10381198383154101,0.05190601022464636
2013-03-25 10:00:00,3.543743606067709e-08,0.04795272262807815,0.1012635059609893,0.05063177069921268
2013-03-25 11:00:00,3.9434559212603527e-08,0.051619641739656975,0.09802908410948258,0.0490145617720209
2013-03-25 12:00:00,5.1147399588716604e-08,0.06223065248211915,0.07106507752275404,0.035532564335076816
2013-03-25 13:00:00,7.245104002414122e-08,0.07285246918366085,0.057160636646736616,0.02858035454888832
2013-03-25 14:00:00,8.564297114588644e-08,0.08009507536544283,0.05722820699473095,0.028614146318851046
2013-03-25 15:00:00,1.0794445264822286e-07,0.09096758932501921,0.059090517768260645,0.029545312856356646
2013-03-25 16:00:00,1.4863788646222076e-07,0.10260932502756745,0.07560727202067306,0.03780371032927976
2013-03-25 17:00:00,1.3104781340230516e-07,0.09212528067907472,0.10850776221949714,0.05425394663365527
2013-03-25 18:00:00,9.39827324842096e-08,0.077634615929249,0.10296835101290018,0.05148422249781633
2013-03-25 19:00:00,8.9924338397417e-08,0.07503858297886686,0.060796985937992744,0.03039853793116557
2013-03-25 20:00:00,8.373533462204044e-08,0.07249693398953168,0.050149639997458605,0.025074861866396615
2013-03-25 21:00:00,8.332923063128884e-08,0.0734011740103412,0.05621207511258505,0.028106079220907843
2013-03-25 22:00:00,8.52276416361761e-08,0.07854054587140873,0.06430470709314842,0.03215239616039503
2013-03-25 23:00:00,8.454181307803591e-08,0.07570699199683678,0.07104188342195486,0.03552098398188397
2013-03-26 00:00:00,7.758467185706571e-08,0.07616664993351661,0.0719998331512764,0.035999955367974124
2013-03-26 01:00:00,7.798584096869956e-08,0.07525219099259607,0.07430171706540546,0.037150897525623214
2013-03-26 02:00:00,7.66464016901942e-08,0.07307104931362714,0.07188682043354344,0.03594344853997256
2013-03-26 03:00:00,7.632663476538993e-08,0.07068658449905474,0.06684802460409181,0.033424050465363286
2013-03-26 04:00:00,7.596421684295633e-08,0.06951370299107586,0.059817041273601414,0.029908558618909127
2013-03-26 05:00:00,7.515443758668552e-08,0.06649688818344317,0.054378687217974585,0.027189381186206087
2013-03-26 06:00:00,6.441422685875567e-08,0.06312573569395398,0.057893088104175955,0.02894657625920141
2013-03-26 07:00:00,5.538765013206505e-08,0.058401851790001465,0.06460940869727756,0.03230473204246385
2013-03-26 08:00:00,4.335523699158306e-08,0.053708477047825234,0.06849192045109921,0.034245981903168105
2013-03-26 09:00:00,4.062186700042459e-08,0.051958493149425446,0.10381198383154101,0.051906012226704004
2013-03-26 10:00:00,3.992774499583475e-08,0.051716454516893426,0.1012635059609893,0.05063177294436715
2013-03-26 11:00:00,4.0574474673451454e-08,0.052356241394836515,0.09802908410948258,0.049014562341978624
2013-03-26 12:00:00,4.41215406550171e-08,0.05568133305064138,0.07106507752275404,0.03553256082214735
2013-03-26 13:00:00,5.3077179647555464e-08,0.05933365840864226,0.057160636646736616,0.02858034486195813
2013-03-26 14:00:00,5.972348633918638e-08,0.06533392505397856,0.05722820699473095,0.028614133359108642
2013-03-26 15:00:00,6.765737192356472e-08,0.07143014243109273,0.059090517768260645,0.029545292712816282
2013-03-26 16:00:00,8.306753672410135e-08,0.08029328332275366,0.07560727202067306,0.037803677544104894
2013-03-26 17:00:00,8.306761889947819e-08,0.08050331233931415,0.10850776221949714,0.054253922643558015
2013-03-26 18:00:00,8.306755177912005e-08,0.0801670133317435,0.10296835101290018,0.05148421704022598
2013-03-26 19:00:00,8.306755428829037e-08,0.08026524272047153,0.060796985937992744,0.030398534502773515
2013-03-26 20:00:00,8.306784096199689e-08,0.08248426646713565,0.050149639997458605,0.025074861532649782
2013-03-26 21:00:00,8.318416521960249e-08,0.08476689361283261,0.05621207511258505,0.028106079148375138
2013-03-26 22:00:00,8.322476347692453e-08,0.08427177007093535,0.06430470709314842,0.03215239515895595
2013-03-26 23:00:00,8.31593740028435e-08,0.08443292447907312,0.07104188342195486,0.03552098329066443
2013-03-27 00:00:00,8.322873184146739e-08,0.08534656870486408,0.0719998331512764,0.035999958190004115
2013-03-27 01:00:00,8.328541393471581e-08,0.08701538360398935,0.07430171706540546,0.0371509001754097
2013-03-27 02:00:00,8.353174337241113e-08,0.09051872570464387,0.07188682043354344,0.035943451982643405
2013-03-27 03:00:00,8.381821535932222e-08,0.09386502919904109,0.06684802460409181,0.03342405421115358
2013-03-27 04:00:00,8.377459251714527e-08,0.09381055765493847,0.059817041273601414,0.029908562524096967
2013-03-27 05:00:00,7.253586484732563e-08,0.08541537099157429,0.054378687217974585,0.027189379876919717
2013-03-27 06:00:00,5.8911396231795745e-08,0.07330977610289814,0.057893088104175955,0.028946573507786094
2013-03-27 07:00:00,4.804122622015534e-08,0.06295479657527034,0.06460940869727756,0.03230472836925189
2013-03-27 08:00:00,3.7370353741116586e-08,0.055225126573972654,0.06849192045109921,0.03424597891072648
2013-03-27 09:00:00,3.1972940149725447e-08,0.053740599776334726,0.10381198383154101,0.051906007902240585
2013-03-27 10:00:00,3.1267305367850784e-08,0.0526215171415026,0.1012635059609893,0.05063176861414734
2013-03-27 11:00:00,3.2625196199773646e-08,0.03833707482762746,0.09802908410948258,0.04901455836733939
2013-03-27 12:00:00,3.791395722294586e-08,0.06222568791083982,0.07106507752275404,0.03553255771835563
2013-03-27 13:00:00,5.197450170447001e-08,0.0742087430733275,0.057160636646736616,0.02858034431061916
2013-03-27 14:00:00,7.642305954938991e-08,0.09267041734947026,0.05722820699473095,0.028614141708895247
2013-03-27 15:00:00,1.0176825017663037e-07,0.11652095913729146,0.059090517768260645,0.02954530976825541
2013-03-27 16:00:00,1.4277481926719708e-07,0.15088507863398448,0.07560727202067306,0.03780370739774617
2013-03-27 17:00:00,1.2466634610793537e-07,0.14121585984585677,0.10850776221949714,0.05425394344292162
2013-03-27 18:00:00,1.2963792034565335e-07,0.144484171381516,0.10296835101290018,0.05148424032541026
2013-03-27 19:00:00,1.6307564702709096e-07,0.16569852363213425,0.060796985937992744,0.030398574506819886
2013-03-27 20:00:00,2.2086703563508911e-07,0.19542994200875818,0.050149639997458605,0.02507493043224712
2013-03-27 21:00:00,2.8310847442751926e-07,0.22015310274008695,0.05621207511258505,0.02810617911052974
2013-03-27 22:00:00,3.1329646726333887e-07,0.2336814550530488,0.06430470709314842,0.032152510194807846
2013-03-27 23:00:00,2.6331312979563527e-07,0.21845321613561713,0.07104188342195486,0.03552107336754233
2013-03-28 00:00:00,2.553107301018824e-07,0.21678653475122994,0.0719998331512764,0.036000044231003246
2013-03-28 01:00:00,2.78866519146278e-07,0.22827478322988418,0.07430171706540546,0.0371509979659623
2013-03-28 02:00:00,2.905795074666782e-07,0.2336504621907565,0.07188682043354344,0.035943555506525456
2013-03-28 03:00:00,2.8680470229345987e-07,0.23317962839798784,0.06684802460409181,0.03342415570439705
2013-03-28 04:00:00,2.6578116757763564e-07,0.22660091925703638,0.059817041273601414,0.029908653527384494
2013-03-28 05:00:00,1.7503727538122835e-07,0.17831789005612192,0.054378687217974585,0.027189431127624984
2013-03-28 06:00:00,1.0298346563946838e-07,0.12500731167008147,0.057893088104175955,0.028946595543820796
2013-03-28 07:00:00,6.955718460870741e-08,0.09239376730543251,0.06460940869727756,0.032304739127231086
2013-03-28 08:00:00,4.556515786691918e-08,0.07720569377836771,0.06849192045109921,0.03424598300812854
2013-03-28 09:00:00,3.411361585570455e-08,0.052979898688706194,0.10381198383154101,0.05190600897257843
2013-03-28 10:00:00,3.5178458030991446e-08,0.05417124582783265,0.1012635059609893,0.05063177056972367
2013-03-28 11:00:00,3.65951865608757e-08,0.05612038835130952,0.09802908410948258,0.04901456035233457
2013-03-28 12:00:00,4.2156683915736345e-08,0.06412004070176325,0.07106507752275404,0.03553255983971898
2013-03-28 13:00:00,6.916055094899412e-08,0.09951415616601926,0.057160636646736616,0.02858035290364378
2013-03-28 14:00:00,1.0542307915723523e-07,0.12992636214948183,0.05722820699473095,0.02861415620890505
2013-03-28 15:00:00,1.723450819826754e-07,0.1874723174049099,0.059090517768260645,0.029545345056671314
2013-03-28 16:00:00,0.24787713928885205,0.5607043381527193,0.07560727202067306,0.16174220565476255
2013-03-28 17:00:00,0.23691633339570642,0.473231532171786,0.10850776221949714,0.17271204780760177
2013-03-28 18:00:00,0.22799712848765485,0.4121119170448853,0.10296835101290018,0.16548273975027752
2013-03-28 19:00:00,0.22912715959964364,0.3725111792145396,0.060796985937992744,0.1449620727688182
2013-03-28 20:00:00,0.27063960229583106,0.3511238267932433,0.050149639997458605,0.16039462114664482
2013-03-28 21:00:00,0.32326987448424865,0.3446421785909734,0.05621207511258505,0.18974097479841684
2013-03-28 22:00:00,0.3250337339631857,0.36066704336626293,0.06430470709314842,0.19466922052816704
2013-03-28 23:00:00,0.32385292223877316,0.3497973255151024,0.07104188342195486,0.197447402830364
2013-03-29 00:00:00,0.32266313719792983,0.33941552312557927,0.0719998331512764,0.1973314851746031
2013-03-29 01:00:00,0.3205138371797083,0.32197211228803824,0.07430171706540546,0.1974077771225569
2013-03-29 02:00:00,0.09790561266882987,0.3030391563293894,0.07188682043354344,0.08489621655118665
2013-03-29 03:00:00,0.08683591048440045,0.2780660250596719,0.06684802460409181,0.07684196754424613
2013-03-29 04:00:00,0.07026641658306154,0.2385391872635846,0.059817041273601414,0.06504172892833147
2013-03-29 05:00:00,3.280202697441886e-07,0.1547504894156442,0.054378687217974585,0.027189507619122165
2013-03-29 06:00:00,1.0507233647692572e-07,0.09431211535005593,0.057893088104175955,0.028946596588256216
2013-03-29 07:00:00,6.67071935102973e-08,0.06990520068194585,0.06460940869727756,0.032304737702235534
2013-03-29 08:00:00,5.021090462852906e-08,0.0599354237385783,0.06849192045109921,0.03424598533100192
2013-03-29 09:00:00,4.467647596941463e-08,0.04052728306359372,0.10381198383154101,0.05190601425400849
2013-03-29 10:00:00,4.5604966526790654e-08,0.04185417914115074,0.1012635059609893,0.050631775782977916
2013-03-29 11:00:00,4.794930620337437e-08,0.04258697178421249,0.09802908410948258,0.04901456602939439
2013-03-29 12:00:00,5.4359844339498536e-08,0.04576431328055235,0.07106507752275404,0.035532565941299186
2013-03-29 13:00:00,6.576508147318079e-08,0.051363225961271304,0.057160636646736616,0.028580351205909044
2013-03-29 14:00:00,9.800836401596542e-08,0.07912238507521664,0.05722820699473095,0.02861415250154748
2013-03-29 15:00:00,1.1077755206907493e-07,0.08332933992842007,0.059090517768260645,0.029545314272906357
2013-03-29 16:00:00,1.320245491727714e-07,0.08906728472774822,0.07560727202067306,0.037803702022611116
2013-03-29 17:00:00,9.544382750711238e-08,0.07586790353283708,0.10850776221949714,0.05425392883166232
2013-03-29 18:00:00,9.098211119654974e-08,0.07222773639948742,0.10296835101290018,0.051484220997505686
2013-03-29 19:00:00,9.324973793856604e-08,0.07256548877543097,0.060796985937992744,0.03039853959386534
2013-03-29 20:00:00,9.191078016694374e-08,0.07331826894829531,0.050149639997458605,0.025074865954119386
2013-03-29 21:00:00,9.325469306362266e-08,0.07570234556885552,0.05621207511258505,0.02810608418363906
2013-03-29 22:00:00,1.1348653912946229e-07,0.08609847630661077,0.06430470709314842,0.03215241028984377
2013-03-29 23:00:00,1.0594882319319142e-07,0.08576744677594612,0.07104188342195486,0.035520994685389023
2013-03-30 00:00:00,9.739096079255065e-08,0.08459708670619093,0.0719998331512764,0.035999965271118595
2013-03-30 01:00:00,9.628975864315474e-08,0.08646476267221734,0.07430171706540546,0.03715090667758205
2013-03-30 02:00:00,9.578120869163269e-08,0.0887701469515745,0.07188682043354344,0.035943458107376064
2013-03-30 03:00:00,1.0336711032206297e-07,0.09411794423782358,0.06684802460409181,0.03342406398560106
2013-03-30 04:00:00,1.0760944540928814e-07,0.09856952753633444,0.059817041273601414,0.029908574441523412
2013-03-30 05:00:00,8.853870418342399e-08,0.09010824247070343,0.054378687217974585,0.027189387878339383
2013-03-30 06:00:00,6.937126782973232e-08,0.07964614824517609,0.057893088104175955,0.02894657873772189
2013-03-30 07:00:00,4.3242101340113083e-08,0.06661622235494384,0.06460940869727756,0.03230472596968945
2013-03-30 08:00:00,2.3613352696072645e-08,0.04040915544263924,0.06849192045109921,0.03424597203222595
2013-03-30 09:00:00,1.6864152753498924e-08,0.035622952088753386,0.10381198383154101,0.051906000347846884
2013-03-30 10:00:00,1.4525682714350416e-08,0.031014149407199383,0.1012635059609893,0.05063176024333601
2013-03-30 11:00:00,1.2877723560300834e-08,2.9138300679790327e-06,0.09802908410948258,0.049014548493603066
2013-03-30 12:00:00,1.1448551938608948e-08,0.02472479084699143,0.07106507752275404,0.03553254448565299
2013-03-30 13:00:00,1.568623842120311e-08,0.028011382113070898,0.057160636646736616,0.028580326166487518
2013-03-30 14:00:00,2.0327185083719158e-08,0.03605684517603738,0.05722820699473095,0.028614113660958014
2013-03-30 15:00:00,6.174712155688788e-08,0.08315852887648002,0.059090517768260645,0.0295452897576911
2013-03-30 16:00:00,1.4024298269693557e-07,0.1565293590847754,0.07560727202067306,0.03780370613182788
2013-03-30 17:00:00,1.3657775698871176e-07,0.14956532397650768,0.10850776221949714,0.054253949398627065
2013-03-30 18:00:00,1.0545334931724898e-07,0.12466007731835616,0.10296835101290018,0.05148422823312475
2013-03-30 19:00:00,1.0730096441716635e-07,0.12398230655811274,0.060796985937992744,0.03039854661947858
2013-03-30 20:00:00,9.278331776190274e-08,0.11044791393284073,0.050149639997458605,0.025074866390388185
2013-03-30 21:00:00,8.745412395168743e-08,0.10308546274978544,0.05621207511258505,0.0281060812833545
2013-03-30 22:00:00,8.567472891308538e-08,0.09492620075322081,0.06430470709314842,0.032152396383938665
2013-03-30 23:00:00,7.600411814633433e-08,0.09188644034239786,0.07104188342195486,0.035520979713036506
2013-03-31 00:00:00,6.818159969078281e-08,0.09013232850301288,0.0719998331512764,0.03599995066643804
2013-03-31 01:00:00,6.814865044016002e-08,0.0888016061175579,0.07430171706540546,0.037150892607027954
2013-03-31 02:00:00,6.810344350079304e-08,0.08785109788516413,0.07188682043354344,0.03594344426849347
2013-03-31 03:00:00,6.803870803746702e-08,0.08813237975802951,0.06684802460409181,0.033424046321399926
2013-03-31 04:00:00,6.797951064314788e-08,0.08874291913507698,0.059817041273601414,0.02990855462655603
2013-03-31 05:00:00,5.1501600403648944e-08,0.07303638775221355,0.054378687217974585,0.027189369359787493
2013-03-31 06:00:00,3.654588471045171e-08,0.04717466241264423,0.057893088104175955,0.02894656232503033
2013-03-31 07:00:00,2.0071002778007427e-08,0.03461284929031084,0.06460940869727756,0.03230471438414017
2013-03-31 08:00:00,1.4791572717992552e-08,2.6696536838290782e-06,0.06849192045109921,0.034245967621335964
2013-03-31 09:00:00,1.404598689257157e-08,5.830718511350976e-07,0.10381198383154101,0.05190599893876395
2013-03-31 10:00:00,1.4342449368335438e-08,5.853280381190212e-07,0.1012635059609893,0.050631760151719336
2013-03-31 11:00:00,1.563084935690778e-08,9.8823718048803e-07,0.09802908410948258,0.049014549870165965
2013-03-31 12:00:00,1.8129515386958444e-08,1.1336120756755932e-06,0.07106507752275404,0.035532547826134714
2013-03-31 13:00:00,2.132755180371691e-08,4.01359270790845e-06,0.057160636646736616,0.02858032898714421
2013-03-31 14:00:00,2.958885895822382e-08,0.04079934095294166,0.05722820699473095,0.028614118291794954
2013-03-31 15:00:00,3.494160494921279e-08,0.046396551213664365,0.059090517768260645,0.029545276354932797
2013-03-31 16:00:00,7.551566989040796e-08,0.07891400790508388,0.07560727202067306,0.037803673768171474
2013-03-31 17:00:00,7.55157120897929e-08,0.07874262951820706,0.10850776221949714,0.05425391886760461
2013-03-31 18:00:00,7.551565563386965e-08,0.07817986483417433,0.10296835101290018,0.051484213264277906
2013-03-31 19:00:00,7.551574573528225e-08,0.07806383399747881,0.060796985937992744,0.03039853072686924
2013-03-31 20:00:00,7.551574687580784e-08,0.07877629372760518,0.050149639997458605,0.02507485775660274
2013-03-31 21:00:00,7.551575600001378e-08,0.0803593689402381,0.05621207511258505,0.028106075314170528
2013-03-31 22:00:00,6.796442059561178e-08,0.08396393347754685,0.06430470709314842,0.03215238752878451
2013-03-31 23:00:00,6.796443753254506e-08,0.0834362904419623,0.07104188342195486,0.0355209756931962
2013-04-01 00:00:00,6.796645000825188e-08,0.08436887645676286,0.07352230983091358,0.036761188898681796
2013-04-01 01:00:00,6.802140772767178e-08,0.0866554040538841,0.07427179155901474,0.037135929790211235
2013-04-01 02:00:00,6.802351972148087e-08,0.08858643385991147,0.07452153579334782,0.03726080190843377
2013-04-01 03:00:00,6.806050394280928e-08,0.09175231651141373,0.06832964315869576,0.03416485560959985
2013-04-01 04:00:00,7.584093643777186e-08,0.09534301156596788,0.06043082306583862,0.03021544945338753
2013-04-01 05:00:00,5.272912922404156e-08,0.07429234241043214,0.05710622181983445,0.028553137274481836
2013-04-01 06:00:00,2.2635164217825375e-08,0.03484810581235446,0.055655759444781676,0.027827891039972946
2013-04-01 07:00:00,7.383481136515035e-09,7.697807145416452e-08,0.055964647795133896,0.027982327589307517
2013-04-01 08:00:00,6.441616567136962e-09,6.102100891129288e-08,0.05645996019682029,0.02822998331921843
2013-04-01 09:00:00,6.322899740834879e-09,5.7209221801606035e-08,0.06236710459137993,0.031183555457139835
2013-04-01 10:00:00,6.543742992591919e-09,5.798055220956231e-08,0.06736523357811512,0.03368262006092906
2013-04-01 11:00:00,7.217552921257269e-09,6.297552889341196e-08,0.0665500129641577,0.03327501009085531
2013-04-01 12:00:00,8.420398783181645e-09,7.25635808989377e-08,0.061545833385506815,0.030772920902952798
2013-04-01 13:00:00,1.0275902466490959e-08,8.745287929547463e-08,0.05779654028601731,0.02889827528095989
2013-04-01 14:00:00,1.421823137742145e-08,1.399684247620284e-07,0.06027016118913442,0.030135087703682898
2013-04-01 15:00:00,5.484847255387918e-08,0.07338354152172781,0.05966916252042838,0.029834608684450467
2013-04-01 16:00:00,2.602864895304315e-07,0.21355556155422967,0.05680533862216523,0.02840279945432738
2013-04-01 17:00:00,3.098352147043962e-07,0.21118599866289814,0.05625103131701849,0.028125670576116597
2013-04-01 18:00:00,4.075036990222134e-07,0.23083467125885695,0.05203660704912152,0.02601850727641027
2013-04-01 19:00:00,6.055259416671538e-07,0.2632966609465033,0.052033851418947306,0.026017228472444486
2013-04-01 20:00:00,0.11563523969968882,0.2700402316063085,0.0627592023320093,0.08919722101584907
2013-04-01 21:00:00,0.12294269632294633,0.27719836234654965,0.07322571961573081,0.09808420796933856
2013-04-01 22:00:00,0.16288581102435562,0.3297598351544206,0.07692067509837247,0.11990324306136405
2013-04-01 23:00:00,0.16235633157638357,0.33277215041586944,0.07199097602806712,0.11717365380222534
2013-04-02 00:00:00,0.20405033140093945,0.3545378625546986,0.07352230983091358,0.13878632061592652
2013-04-02 01:00:00,0.20722589515585035,0.3486891184648456,0.07427179155901474,0.14074884335743254
2013-04-02 02:00:00,0.1601788917705023,0.30772807326645524,0.07452153579334782,0.11735021378192506
2013-04-02 03:00:00,6.344699323833856e-07,0.25389824986493753,0.06832964315869576,0.03416513881431407
2013-04-02 04:00:00,3.660146725299999e-07,0.21199277281738732,0.06043082306583862,0.030215594540255575
2013-04-02 05:00:00,9.996974461120134e-08,0.10828979901903339,0.05710622181983445,0.02855316089478953
2013-04-02 06:00:00,3.480702823049936e-08,0.05695373973250924,0.055655759444781676,0.027827897125904954
2013-04-02 07:00:00,2.152512269313209e-08,0.02873361929221,0.055964647795133896,0.027982334660128293
2013-04-02 08:00:00,1.0940449004867041e-08,0.02354080707206883,0.05645996019682029,0.02822998556863465
2013-04-02 09:00:00,1.0348474981151236e-08,0.022056781390719253,0.06236710459137993,0.031183557469927455
2013-04-02 10:00:00,1.0430797050122198e-08,0.022100352192440904,0.06736523357811512,0.033682622004456084
2013-04-02 11:00:00,1.1072535847949333e-08,0.022923699976835517,0.0665500129641577,0.033275012018346775
2013-04-02 12:00:00,1.2483387201937068e-08,0.02524062949902979,0.061545833385506815,0.030772922934447007
2013-04-02 13:00:00,1.8317108399966727e-08,0.029550714948211664,0.05779654028601731,0.028898279301562853
2013-04-02 14:00:00,3.6696227955280035e-08,0.04076744506937266,0.06027016118913442,0.030135098942681186
2013-04-02 15:00:00,7.92291705262827e-08,0.08124910501019132,0.05966916252042838,0.02983462087479945
2013-04-02 16:00:00,1.1709327276474453e-07,0.09041817637613217,0.05680533862216523,0.028402727857719
2013-04-02 17:00:00,9.510679598320426e-08,0.07972481181509941,0.05625103131701849,0.028125563211907234
2013-04-02 18:00:00,1.0349087614557228e-07,0.07978325201487885,0.05203660704912152,0.026018355269998832
2013-04-02 19:00:00,1.264473014433086e-07,0.08427138515969419,0.052033851418947306,0.026016988933124374
2013-04-02 20:00:00,1.293847202550027e-07,0.08521181457796351,0.0627592023320093,0.031379665858364776
2013-04-02 21:00:00,1.342424639789332e-07,0.08923032240221479,0.07322571961573081,0.03661292692909739
2013-04-02 22:00:00,1.3736796037110173e-07,0.09284625559256984,0.07692067509837247,0.03846040623316642
2013-04-02 23:00:00,1.3326515290680763e-07,0.09736675132688809,0.07199097602806712,0.035995554646610015
2013-04-03 00:00:00,1.3546156700224862e-07,0.09980488007945397,0.07352230983091358,0.036761222646240294
2013-04-03 01:00:00,1.4105213893579267e-07,0.10107856595214204,0.07427179155901474,0.03713596630557684
2013-04-03 02:00:00,1.1102780872815019e-07,0.09193193153263442,0.07452153579334782,0.03726082341057827
2013-04-03 03:00:00,8.697105977106376e-08,0.08330700256719738,0.06832964315869576,0.034164865064877765
2013-04-03 04:00:00,7.683949033441814e-08,0.07513116215781288,0.06043082306583862,0.030215449952664477
2013-04-03 05:00:00,6.661437393902869e-08,0.06915761026842311,0.05710622181983445,0.028553144217104195
2013-04-03 06:00:00,5.796181687644429e-08,0.06397745310749865,0.055655759444781676,0.027827908703299275
2013-04-03 07:00:00,4.4716442973902816e-08,0.058350686498312127,0.055964647795133896,0.027982346255788434
2013-04-03 08:00:00,2.7366845336893895e-08,0.03749315847203258,0.05645996019682029,0.028229993781832816
2013-04-03 09:00:00,2.2422101504916296e-08,0.03614306942920549,0.06236710459137993,0.031183563506740716
2013-04-03 10:00:00,2.3038463941196107e-08,0.034934483714510495,0.06736523357811512,0.03368262830828953
2013-04-03 11:00:00,2.4195196743411683e-08,0.036118731464811524,0.0665500129641577,0.033275018579677226
2013-04-03 12:00:00,2.6708275738717254e-08,0.03860751654115942,0.061545833385506815,0.030772930046891276
2013-04-03 13:00:00,3.5319132318643706e-08,0.040736350698194056,0.05779654028601731,0.028898287802574814
2013-04-03 14:00:00,4.5079035043585335e-08,0.044948087802752335,0.06027016118913442,0.030135103134084733
2013-04-03 15:00:00,7.086174026966973e-08,0.07081967185867939,0.05966916252042838,0.029834616691084323
2013-04-03 16:00:00,8.535919657807274e-08,0.0764358926555875,0.05680533862216523,0.028402711990680906
2013-04-03 17:00:00,9.274920219686874e-08,0.07671599702205624,0.05625103131701849,0.02812556203311034
2013-04-03 18:00:00,8.053247168313204e-08,0.07218102285472096,0.05203660704912152,0.0260183437907966
2013-04-03 19:00:00,7.768863386852464e-08,0.07171541856877531,0.052033851418947306,0.026016964553790586
2013-04-03 20:00:00,8.035545072919156e-08,0.07558841172896812,0.0627592023320093,0.03137964134373001
2013-04-03 21:00:00,8.115375646333878e-08,0.07969509807712509,0.07322571961573081,0.03661290038474364
2013-04-03 22:00:00,8.113768594706639e-08,0.08848663301028346,0.07692067509837247,0.03846037811802921
2013-04-03 23:00:00,1.0556557548809564e-07,0.10854752165603802,0.07199097602806712,0.0359955407968213
2013-04-04 00:00:00,1.4567709296505082e-07,0.13342639949550278,0.07352230983091358,0.03676122775400328
2013-04-04 01:00:00,2.384657305667917e-07,0.16552665374298337,0.07427179155901474,0.03713601501237265
2013-04-04 02:00:00,0.10229822273951274,0.20579668711996127,0.07452153579334782,0.08840987926643028
2013-04-04 03:00:00,0.1074321126278317,0.21385128335633316,0.06832964315869576,0.08788087789326374
2013-04-04 04:00:00,4.301621065898684e-07,0.20326876090327511,0.06043082306583862,0.030215626613972604
2013-04-04 05:00:00,3.088608756879143e-07,0.18129628435290135,0.05710622181983445,0.02855326534035507
2013-04-04 06:00:00,1.7857447921878193e-07,0.1498661895016311,0.055655759444781676,0.027827969009630447
2013-04-04 07:00:00,7.134986742837883e-08,0.08494520999355398,0.055964647795133896,0.027982359572500663
2013-04-04 08:00:00,3.370269350915444e-08,2.0238176666485545e-07,0.05645996019682029,0.028229996949756902
2013-04-04 09:00:00,2.1562486483016287e-08,1.6021555308960934e-07,0.06236710459137993,0.031183563076933207
2013-04-04 10:00:00,1.9332985825061237e-08,1.4805080322187335e-07,0.06736523357811512,0.03368262645555047
2013-04-04 11:00:00,1.7971719307120492e-08,1.4266570586069295e-07,0.0665500129641577,0.033275015467938505
2013-04-04 12:00:00,1.8653978412944638e-08,1.486812094428378e-07,0.061545833385506815,0.030772926019742613
2013-04-04 13:00:00,2.8087869219341843e-08,1.813033302293118e-07,0.05779654028601731,0.028898284186943263
2013-04-04 14:00:00,5.623931312452351e-08,0.07799866512904852,0.06027016118913442,0.03013510871422377
2013-04-04 15:00:00,1.2350591294850402e-07,0.13643566896375464,0.05966916252042838,0.029834643013170663
2013-04-04 16:00:00,3.6924229165596004e-07,0.21602925030206693,0.05680533862216523,0.028402853932228446
2013-04-04 17:00:00,2.7493381655700936e-07,0.19785511404991774,0.05625103131701849,0.028125653125417524
2013-04-04 18:00:00,2.4432922421184443e-07,0.19142921895370157,0.05203660704912152,0.026018425689172866
2013-04-04 19:00:00,2.5793541831755106e-07,0.20034340154283375,0.052033851418947306,0.02601705467718281
2013-04-04 20:00:00,2.620018523054591e-07,0.20723455457826095,0.0627592023320093,0.0313797321669308
2013-04-04 21:00:00,2.80452758854582e-07,0.21894298163387332,0.07322571961573081,0.03661300003424483
2013-04-04 22:00:00,3.105682653892787e-07,0.24914258186920704,0.07692067509837247,0.03846049283331893
2013-04-04 23:00:00,3.2472228289116874e-07,0.24927076882878715,0.07199097602806712,0.035995650375175006
2013-04-05 00:00:00,3.1304487199108227e-07,0.2518572843721795,0.07352230983091358,0.03676131143789279
2013-04-05 01:00:00,2.258369574100857e-07,0.22648614295187666,0.07427179155901474,0.03713600869798608
2013-04-05 02:00:00,1.6577774185517378e-07,0.20441947214660616,0.07452153579334782,0.037260850785544836
2013-04-05 03:00:00,2.2708094709104766e-07,0.23648522475105135,0.06832964315869576,0.034164935119821424
2013-04-05 04:00:00,2.937016963505097e-07,0.2631904547276971,0.06043082306583862,0.030215558383767487
2013-04-05 05:00:00,1.1842631652552441e-07,0.14221191295433164,0.05710622181983445,0.028553170123075487
2013-04-05 06:00:00,5.221918541227117e-08,0.08282897856225498,0.055655759444781676,0.027827905831983545
2013-04-05 07:00:00,3.626379400685442e-08,0.04301578744424157,0.055964647795133896,0.027982342029463952
2013-04-05 08:00:00,3.0637349809328454e-08,0.03633388026681222,0.05645996019682029,0.02822999541708505
2013-04-05 09:00:00,2.657231192997824e-08,0.03509678665588852,0.06236710459137993,0.03118356558184593
2013-04-05 10:00:00,2.8745008590948857e-08,0.03710398745344905,0.06736523357811512,0.03368263116156186
2013-04-05 11:00:00,2.984257360308405e-08,0.04348840735518165,0.0665500129641577,0.033275021403365655
2013-04-05 12:00:00,3.955388341733153e-08,0.05050898840914884,0.061545833385506815,0.030772936469695117
2013-04-05 13:00:00,4.413503675008657e-08,0.05606411121413777,0.05779654028601731,0.02889829221052703
2013-04-05 14:00:00,5.1232617790320465e-08,0.05682144746915398,0.06027016118913442,0.030135106210876103
2013-04-05 15:00:00,5.574125755510037e-08,0.08216914390893472,0.05966916252042838,0.029834609130842966
2013-04-05 16:00:00,7.603271048857554e-08,0.09158386427215338,0.05680533862216523,0.02840270732743786
2013-04-05 17:00:00,7.565057661361226e-08,0.08717212579502372,0.05625103131701849,0.02812555348379755
2013-04-05 18:00:00,7.551629946450714e-08,0.08473258986698118,0.05203660704912152,0.02601834128271049
2013-04-05 19:00:00,7.551571494110438e-08,0.08357556203203877,0.052033851418947306,0.026016963467331122
2013-04-05 20:00:00,7.551570866821938e-08,0.0850078945097442,0.0627592023320093,0.031379638923858984
2013-04-05 21:00:00,7.551590426866941e-08,0.0883634730740763,0.07322571961573081,0.03661289756581754
2013-04-05 22:00:00,6.79644359928235e-08,0.09029724698051826,0.07692067509837247,0.03846037153140423
2013-04-05 23:00:00,6.796442521477458e-08,0.09199409656503897,0.07199097602806712,0.035995521996246164
2013-04-06 00:00:00,6.810625738498851e-08,0.09671363438887944,0.07352230983091358,0.03676118896858548
2013-04-06 01:00:00,6.856502133343501e-08,0.10175048119296487,0.07427179155901474,0.037135930062018034
2013-04-06 02:00:00,7.116103530387517e-08,0.10482413519556878,0.07452153579334782,0.03726080347719156
2013-04-06 03:00:00,7.523842744162805e-08,0.10602904074825364,0.06832964315869576,0.034164859198561603
2013-04-06 04:00:00,7.86920912769502e-08,0.1063069682180809,0.06043082306583862,0.030215450878964947
2013-04-06 05:00:00,5.220141123383186e-08,0.0777417218614579,0.05710622181983445,0.028553137010622842
2013-04-06 06:00:00,2.5162104974138004e-08,0.03740491723032483,0.055655759444781676,0.027827892303443326
2013-04-06 07:00:00,1.3293976639569004e-08,3.821683163103969e-07,0.055964647795133896,0.02798233054455527
2013-04-06 08:00:00,6.560106497993441e-09,7.779794460231949e-08,0.05645996019682029,0.028229983378463396
2013-04-06 09:00:00,6.105254638815212e-09,6.580769975752168e-08,0.06236710459137993,0.031183555348317286
2013-04-06 10:00:00,6.0781330879690965e-09,6.487112415189578e-08,0.06736523357811512,0.03368261982812411
2013-04-06 11:00:00,6.512290377540245e-09,6.653381389441344e-08,0.0665500129641577,0.03327500973822404
2013-04-06 12:00:00,7.225227836721989e-09,7.221599908189158e-08,0.061545833385506815,0.030772920305367327
2013-04-06 13:00:00,1.1306093423007463e-08,9.38629597359816e-08,0.05779654028601731,0.028898275796055365
2013-04-06 14:00:00,1.9988493184151694e-08,0.03834168911689655,0.06027016118913442,0.030135090588813803
2013-04-06 15:00:00,5.382971761475166e-08,0.06211021836344188,0.05966916252042838,0.029834608175072996
2013-04-06 16:00:00,1.2715753487655671e-07,0.15193495948689,0.05680533862216523,0.028402732889850055
2013-04-06 17:00:00,1.9431489794056908e-07,0.18330943084874773,0.05625103131701849,0.028125612815958215
2013-04-06 18:00:00,3.3227934325652367e-07,0.22028431085148287,0.05203660704912152,0.026018469664232387
2013-04-06 19:00:00,0.10688844517913651,0.2386090049829174,0.052033851418947306,0.07946114829904191
2013-04-06 20:00:00,2.9392810665475276e-07,0.18506631594709372,0.0627592023320093,0.03137974813005798
2013-04-06 21:00:00,9.669947085189998e-08,0.11786036902326769,0.07322571961573081,0.03661290815760083
2013-04-06 22:00:00,7.359753819178651e-08,0.1049224173220174,0.07692067509837247,0.03846037434795533
2013-04-06 23:00:00,6.86176107067382e-08,0.09819794565899156,0.07199097602806712,0.03599552232283891
2013-04-07 00:00:00,6.816601451104484e-08,0.08496337365443156,0.07352230983091358,0.03676118899846405
2013-04-07 01:00:00,6.833621090790041e-08,0.07951516074970356,0.07427179155901474,0.03713592994761283
2013-04-07 02:00:00,6.851775137347259e-08,0.07887881735200405,0.07452153579334782,0.0372608021555496
2013-04-07 03:00:00,6.822466120163883e-08,0.0786152514967222,0.06832964315869576,0.03416485569167848
2013-04-07 04:00:00,6.811754102518927e-08,0.07734642881310363,0.06043082306583862,0.030215445591689823
2013-04-07 05:00:00,5.651544456580891e-08,0.07911215541677388,0.05710622181983445,0.028553139167639508
2013-04-07 06:00:00,4.4960776892650505e-08,0.06708410222960996,0.055655759444781676,0.027827902202779285
2013-04-07 07:00:00,1.6664964687710582e-08,1.797330001578775e-07,0.055964647795133896,0.02798233223004929
2013-04-07 08:00:00,1.1357190813692298e-08,1.2220858283912862e-07,0.05645996019682029,0.028229985777005553
2013-04-07 09:00:00,1.1252979676488536e-08,1.1994275436189285e-07,0.06236710459137993,0.031183557922179802
2013-04-07 10:00:00,1.1541415474972238e-08,1.2579539168206654e-07,0.06736523357811512,0.0336826225597653
2013-04-07 11:00:00,1.232467062225327e-08,1.336028695022423e-07,0.0665500129641577,0.03327501264441416
2013-04-07 12:00:00,1.362597674010343e-08,1.402202979288714e-07,0.061545833385506815,0.03077292350574178
2013-04-07 13:00:00,1.5064228598262985e-08,1.4293210552833623e-07,0.05779654028601731,0.028898277675122954
2013-04-07 14:00:00,2.2453694615674764e-08,1.467976390308846e-07,0.06027016118913442,0.03013509182141452
2013-04-07 15:00:00,3.778492811360749e-08,0.05034318154048195,0.05966916252042838,0.029834600152678248
2013-04-07 16:00:00,6.798638719144927e-08,0.07612514127889412,0.05680533862216523,0.028402703304276213
2013-04-07 17:00:00,6.796418655885271e-08,0.07220762850470205,0.05625103131701849,0.028125549640602522
2013-04-07 18:00:00,6.796423069724097e-08,0.07005742209653973,0.05203660704912152,0.026018337506676106
2013-04-07 19:00:00,6.796425995178571e-08,0.06893866024855182,0.052033851418947306,0.026016959691603628
2013-04-07 20:00:00,6.796429382550055e-08,0.06873450469675385,0.0627592023320093,0.03137963514815156
2013-04-07 21:00:00,6.796430409026928e-08,0.0676232154978583,0.07322571961573081,0.03661289379001745
2013-04-07 22:00:00,6.796432410657724e-08,0.06754487179779847,0.07692067509837247,0.03846037153134829
2013-04-07 23:00:00,6.796433642431108e-08,0.06814763872892032,0.07199097602806712,0.03599552199620177
2013-04-08 00:00:00,6.79643353978331e-08,0.06947234761164978,0.07352230983091358,0.03676118889762449
2013-04-08 01:00:00,6.79643292389658e-08,0.061996699999104884,0.07427179155901474,0.03713592976167199
2013-04-08 02:00:00,6.796431846095074e-08,0.07172687432796088,0.07452153579334782,0.03726080187883314
2013-04-08 03:00:00,6.796430203731529e-08,0.07465901566139911,0.06832964315869576,0.0341648555614989
2013-04-08 04:00:00,6.796423172371579e-08,0.07619703216979996,0.06043082306583862,0.03021544551503517
2013-04-08 05:00:00,5.704461400315086e-08,0.07125337608154779,0.05710622181983445,0.028553139432224227
2013-04-08 06:00:00,4.477305991055785e-08,0.06222883951248232,0.055655759444781676,0.027827902108920794
2013-04-08 07:00:00,2.7051821954120972e-08,0.03581671192160537,0.055964647795133896,0.027982337423477926
2013-04-08 08:00:00,1.3131807407901409e-08,1.3516087337997069e-07,0.05645996019682029,0.02822998666431385
2013-04-08 09:00:00,9.080773296860104e-09,1.0779472856255274e-07,0.06236710459137993,0.031183556836076615
2013-04-08 10:00:00,9.095930651023834e-09,1.0185072598901409e-07,0.06736523357811512,0.033682621337022885
2013-04-08 11:00:00,9.729257119232283e-09,1.0877612454816536e-07,0.0665500129641577,0.03327501134670741
2013-04-08 12:00:00,1.1456452199793865e-08,1.4782957632369882e-07,0.061545833385506815,0.030772922420979506
2013-04-08 13:00:00,1.3929317701716809e-08,1.997806461277763e-07,0.05779654028601731,0.028898277107667503
2013-04-08 14:00:00,3.6106732584722415e-08,0.064870375185064,0.06027016118913442,0.0301350986479335
2013-04-08 15:00:00,8.062351647690713e-08,0.1143788398681854,0.05966916252042838,0.029834621571972426
2013-04-08 16:00:00,1.6444562420060742e-07,0.186141377247236,0.05680533862216523,0.028402751533894717
2013-04-08 17:00:00,1.9771140422206234e-07,0.21371007607118167,0.05625103131701849,0.028125614514211354
2013-04-08 18:00:00,2.0069369593551297e-07,0.21757810678094694,0.05203660704912152,0.026018403871408725
2013-04-08 19:00:00,1.8455242203998175e-07,0.2061362863949282,0.052033851418947306,0.026017017985684673
2013-04-08 20:00:00,2.0177846067761534e-07,0.21541883019365662,0.0627592023320093,0.031379702055234986
2013-04-08 21:00:00,2.9274525885081365e-07,0.262166339458943,0.07322571961573081,0.03661300618049483
2013-04-08 22:00:00,9.855554308180854e-07,0.39880343907096727,0.07692067509837247,0.038460830326901646
2013-04-08 23:00:00,8.13414440514026e-07,0.39033523321853836,0.07199097602806712,0.035995894721253814
2013-04-09 00:00:00,6.607881193467924e-07,0.3620052254422437,0.07352230983091358,0.036761485309516465
2013-04-09 01:00:00,5.482719755768959e-07,0.3370677672699876,0.07427179155901474,0.037136169915495156
2013-04-09 02:00:00,6.013173419801162e-07,0.341770381403616,0.07452153579334782,0.037261068555344896
2013-04-09 03:00:00,8.210695646262213e-07,0.3658710825358286,0.06832964315869576,0.034165232114130195
2013-04-09 04:00:00,0.1783510415425864,0.39418671706353015,0.06043082306583862,0.11939093230421252
2013-04-09 05:00:00,1.919540270803157e-07,0.17985112596529343,0.05710622181983445,0.028553206886930766
2013-04-09 06:00:00,7.347349843239884e-08,0.09993814404409328,0.055655759444781676,0.027827916459140054
2013-04-09 07:00:00,2.6531853249772614e-08,0.0462268675417693,0.055964647795133896,0.027982337163493572
2013-04-09 08:00:00,1.0427757673176849e-08,1.3282172717112873e-07,0.05645996019682029,0.028229985312288982
2013-04-09 09:00:00,1.0104358624219629e-08,1.0227943515861983e-07,0.06236710459137993,0.03118355734786928
2013-04-09 10:00:00,1.016234395276258e-08,1.0093044939306497e-07,0.06736523357811512,0.03368262187022954
2013-04-09 11:00:00,1.0456147482092071e-08,1.0632856842846997e-07,0.0665500129641577,0.03327501171015259
2013-04-09 12:00:00,1.251144145255333e-08,1.2961780566536553e-07,0.061545833385506815,0.030772922948474134
2013-04-09 13:00:00,2.1309151026855227e-08,2.1015095452108777e-07,0.05779654028601731,0.028898280797584167
2013-04-09 14:00:00,4.406122439313099e-08,0.07371876130649127,0.06027016118913442,0.030135102625179405
2013-04-09 15:00:00,1.0596765316193703e-07,0.1451021454665102,0.05966916252042838,0.02983463424404077
2013-04-09 16:00:00,3.785500205845177e-07,0.27536252039295356,0.05680533862216523,0.02840285858609291
2013-04-09 17:00:00,4.77970180570182e-07,0.2885396483017202,0.05625103131701849,0.02812575464359953
2013-04-09 18:00:00,4.456272020566911e-07,0.2645632379981394,0.05203660704912152,0.026018526338161787
2013-04-09 19:00:00,4.58513815834091e-07,0.256692859063133,0.052033851418947306,0.02601715496638157
2013-04-09 20:00:00,4.913573151736008e-07,0.25696038994135656,0.0627592023320093,0.03137984684466223
2013-04-09 21:00:00,5.779498270196168e-07,0.2668842386005135,0.07322571961573081,0.036613148782778916
2013-04-09 22:00:00,5.399225481104735e-07,0.2730107123667025,0.07692067509837247,0.03846060751046029
2013-04-09 23:00:00,0.12403602197056253,0.29685628397509556,0.07199097602806712,0.09801349899931483
2013-04-10 00:00:00,0.15869323275144992,0.32831976679542424,0.07352230983091358,0.11610777129118174
2013-04-10 01:00:00,0.16222638136786183,0.3372463833751152,0.07427179155901474,0.11824908646343829
2013-04-10 02:00:00,0.13113916926905828,0.3178858269615706,0.07452153579334782,0.10283035253120304
2013-04-10 03:00:00,5.434891601902235e-07,0.29341217175607565,0.06832964315869576,0.034165093323927975
2013-04-10 04:00:00,4.40512792131064e-07,0.2696108987307099,0.06043082306583862,0.030215631789315377
2013-04-10 05:00:00,9.568376652946637e-08,0.12271955568432712,0.05710622181983445,0.02855315875180049
2013-04-10 06:00:00,4.130928588224402e-08,0.04893693869828426,0.055655759444781676,0.02782790037703378
2013-04-10 07:00:00,1.7885289672074196e-08,0.032755637699092836,0.055964647795133896,0.027982332840211784
2013-04-10 08:00:00,9.788686150406922e-09,9.475137565722394e-08,0.05645996019682029,0.028229984992753223
2013-04-10 09:00:00,7.008587278571657e-09,6.972042413300725e-08,0.06236710459137993,0.031183555799983605
2013-04-10 10:00:00,6.839117522677404e-09,6.62385229339294e-08,0.06736523357811512,0.03368262020861632
2013-04-10 11:00:00,6.902961671526213e-09,6.692460636912444e-08,0.0665500129641577,0.03327500993355969
2013-04-10 12:00:00,7.660014152897482e-09,7.431253903627356e-08,0.061545833385506815,0.030772920522760483
2013-04-10 13:00:00,1.211983431641097e-08,1.02953783767021e-07,0.05779654028601731,0.028898276202925812
2013-04-10 14:00:00,2.4710105164560242e-08,0.04487226217642649,0.06027016118913442,0.03013509294961979
2013-04-10 15:00:00,5.7715852060214154e-08,0.09419273718563835,0.05966916252042838,0.02983461011814022
2013-04-10 16:00:00,1.468533819305885e-07,0.16426204948257975,0.05680533862216523,0.028402742737773583
2013-04-10 17:00:00,2.1085381918755953e-07,0.19005635458789172,0.05625103131701849,0.02812562108541884
2013-04-10 18:00:00,1.8510353707449684e-07,0.16825309698455082,0.05203660704912152,0.026018396076329296
2013-04-10 19:00:00,1.863320590083818e-07,0.1649599547968454,0.052033851418947306,0.02601701887550316
2013-04-10 20:00:00,2.0882511648264998e-07,0.17424828824406982,0.0627592023320093,0.031379705578562886
2013-04-10 21:00:00,1.7447835029882296e-07,0.17036272508795436,0.07322571961573081,0.03661294704704055
2013-04-10 22:00:00,1.205955825090434e-07,0.13749566794342674,0.07692067509837247,0.03846039784697749
2013-04-10 23:00:00,9.8560132829272e-08,0.13322270290348726,0.07199097602806712,0.035995537294099975
2013-04-11 00:00:00,9.910367880013195e-08,0.13581334073266788,0.07352230983091358,0.036761204467296194
2013-04-11 01:00:00,1.1135028740437098e-07,0.1491279181763233,0.07427179155901474,0.037135951454651074
2013-04-11 02:00:00,1.3909774157197512e-07,0.17172199915697822,0.07452153579334782,0.037260837445544696
2013-04-11 03:00:00,2.081130196878663e-07,0.20270876469828233,0.06832964315869576,0.034164925635857726
2013-04-11 04:00:00,2.6240751971782583e-07,0.23011998864786146,0.06043082306583862,0.03021554273667917
2013-04-11 05:00:00,9.801041599815396e-08,0.12784647064241902,0.05710622181983445,0.028553159915125224
2013-04-11 06:00:00,4.2624851220324865e-08,0.05100916910511564,0.055655759444781676,0.027827901034816447
2013-04-11 07:00:00,1.577167659230847e-08,3.768890386866835e-07,0.055964647795133896,0.027982331783405243
2013-04-11 08:00:00,7.544717161379639e-09,7.99179477635235e-08,0.05645996019682029,0.028229983870768728
2013-04-11 09:00:00,7.083762540473372e-09,7.087976684734886e-08,0.06236710459137993,0.031183555837571236
2013-04-11 10:00:00,7.386846148511715e-09,7.395041816344019e-08,0.06736523357811512,0.033682620482480635
2013-04-11 11:00:00,7.732619024918288e-09,7.771582426789834e-08,0.0665500129641577,0.03327501034838837
2013-04-11 12:00:00,8.525278680348241e-09,8.591995120325602e-08,0.061545833385506815,0.030772920955392746
2013-04-11 13:00:00,1.3068786761925402e-08,1.301586845742664e-07,0.05779654028601731,0.028898276677402034
2013-04-11 14:00:00,2.6635761252076457e-08,0.04736772171240606,0.06027016118913442,0.030135093912447834
2013-04-11 15:00:00,7.354951589994661e-08,0.08300668780062674,0.05966916252042838,0.02983461803497214
2013-04-11 16:00:00,6.094316529049614e-07,0.3429110307210191,0.05680533862216523,0.02840297402690907
2013-04-11 17:00:00,0.33553925069922713,0.4921091905504452,0.05625103131701849,0.1958951410081228
2013-04-11 18:00:00,0.33254864276837837,0.4468317872824343,0.05203660704912152,0.19229262490874993
2013-04-11 19:00:00,0.2906715600722205,0.40267105367010475,0.052033851418947306,0.1713527057455839
2013-04-11 20:00:00,0.2876281263817321,0.3798047876924074,0.0627592023320093,0.17519366435687067
2013-04-11 21:00:00,0.32684055223757286,0.3785490002098953,0.07322571961573081,0.20003313592665184
2013-04-11 22:00:00,0.3251627127713066,0.3619002408495655,0.07692067509837247,0.20104169393483953
2013-04-11 23:00:00,0.32408842367682694,0.3519182038977481,0.07199097602806712,0.19803969985244702
2013-04-12 00:00:00,0.3239885307530452,0.3509907419710027,0.07352230983091358,0.19875542029197937
2013-04-12 01:00:00,0.3231906433150867,0.3439142387915975,0.07427179155901474,0.19873121743705072
2013-04-12 02:00:00,0.3219387760086092,0.3333652904678993,0.07452153579334782,0.1982301559009785
2013-04-12 03:00:00,0.32073184298237484,0.32369560128563063,0.06832964315869576,0.1945307430705353
2013-04-12 04:00:00,0.09941360385863889,0.3063128183104713,0.06043082306583862,0.07992221346223875
2013-04-12 05:00:00,1.1371583679180153e-07,0.11895757433481118,0.05710622181983445,0.02855316776783562
2013-04-12 06:00:00,4.235772371230602e-08,0.045875189228142634,0.055655759444781676,0.027827900901252693
2013-04-12 07:00:00,1.5625103467482026e-08,7.07089993979698e-07,0.055964647795133896,0.027982331710118682
2013-04-12 08:00:00,1.0275106708845536e-08,1.084803163876159e-07,0.05645996019682029,0.0282299852359635
2013-04-12 09:00:00,7.145581378744502e-09,7.304819909919263e-08,0.06236710459137993,0.031183555868480654
2013-04-12 10:00:00,7.113510271547229e-09,7.309153689338906e-08,0.06736523357811512,0.033682620345812694
2013-04-12 11:00:00,7.741775933361023e-09,8.287308532169496e-08,0.0665500129641577,0.033275010352966816
2013-04-12 12:00:00,9.327449391708056e-09,9.326714179824435e-08,0.061545833385506815,0.030772921356478102
2013-04-12 13:00:00,1.6476219147950122e-08,1.418732030343877e-07,0.05779654028601731,0.028898278381118227
2013-04-12 14:00:00,2.47669360116364e-08,2.2099887069577082e-07,0.06027016118913442,0.030135092978035214
2013-04-12 15:00:00,5.576206831028088e-08,0.077998813273805,0.05966916252042838,0.029834609141248344
2013-04-12 16:00:00,1.4789122153695818e-07,0.14158076370990189,0.05680533862216523,0.028402743256693386
2013-04-12 17:00:00,1.5313957309145086e-07,0.13709560025262962,0.05625103131701849,0.02812559222829579
2013-04-12 18:00:00,1.5043320626491126e-07,0.1255217806202894,0.05203660704912152,0.026018378741163892
2013-04-12 19:00:00,1.2059630208323143e-07,0.11695091090872695,0.052033851418947306,0.026016986007624695
2013-04-12 20:00:00,1.1108426437580963e-07,0.11380597865049048,0.0627592023320093,0.03137965670813683
2013-04-12 21:00:00,1.0265862571308395e-07,0.11204473357215038,0.07322571961573081,0.03661291113717826
2013-04-12 22:00:00,7.547171140382341e-08,0.09784553505852589,0.07692067509837247,0.03846037528504194
2013-04-12 23:00:00,6.954926796343028e-08,0.09565723869427728,0.07199097602806712,0.03599552278866754
2013-04-13 00:00:00,7.035334121384559e-08,0.07326094679061075,0.07352230983091358,0.036761190092127395
2013-04-13 01:00:00,7.01576024278584e-08,0.07499433077399908,0.07427179155901474,0.03713593085830858
2013-04-13 02:00:00,6.885372517243689e-08,0.0762371031702066,0.07452153579334782,0.03726080232353649
2013-04-13 03:00:00,6.867188311007785e-08,0.07905996670691008,0.06832964315869576,0.034164855915289435
2013-04-13 04:00:00,6.919918778606656e-08,0.11039393674672696,0.06043082306583862,0.030215446132513202
2013-04-13 05:00:00,4.269856222697028e-08,0.05297270642162417,0.05710622181983445,0.02855313225919834
2013-04-13 06:00:00,1.2513452743790372e-08,2.161072326407563e-07,0.055655759444781676,0.02782788597911721
2013-04-13 07:00:00,7.524751050759999e-09,7.572614876841138e-08,0.055964647795133896,0.027982327659942473
2013-04-13 08:00:00,6.4289190953319335e-09,6.413474224772641e-08,0.05645996019682029,0.028229983312869696
2013-04-13 09:00:00,5.811512596768345e-09,5.742419055758244e-08,0.06236710459137993,0.031183555201446264
2013-04-13 10:00:00,7.2424288831385716e-09,6.99400179058491e-08,0.06736523357811512,0.033682620410272
2013-04-13 11:00:00,7.632262200201019e-09,7.365824041835655e-08,0.0665500129641577,0.03327501029820995
2013-04-13 12:00:00,8.074360641307276e-09,7.96127605252122e-08,0.061545833385506815,0.030772920729933727
2013-04-13 13:00:00,8.214818939161011e-09,8.434128588879854e-08,0.05779654028601731,0.028898274250418122
2013-04-13 14:00:00,1.046701508080206e-08,9.64273425826244e-08,0.06027016118913442,0.03013508582807475
2013-04-13 15:00:00,1.4395628128352937e-08,1.7141817296252668e-07,0.05966916252042838,0.029834588458028253
2013-04-13 16:00:00,7.460035470976657e-08,0.07797002022387002,0.05680533862216523,0.028402706611259973
2013-04-13 17:00:00,1.2067810960637576e-07,0.13626930812633903,0.05625103131701849,0.02812557599756405
2013-04-13 18:00:00,2.3275068509517631e-07,0.1708711954073448,0.05203660704912152,0.026018419899903306
2013-04-13 19:00:00,2.760956225898003e-07,0.16559591319427294,0.052033851418947306,0.026017063757284947
2013-04-13 20:00:00,3.009657891853027e-07,0.15657980771816535,0.0627592023320093,0.03137975164889924
2013-04-13 21:00:00,0.07709361658497278,0.15379687820285817,0.07322571961573081,0.0751596681003518
2013-04-13 22:00:00,0.08559734234997066,0.18443062448318703,0.07692067509837247,0.08125900872417156
2013-04-13 23:00:00,2.070108835972051e-07,0.1522998057554153,0.07199097602806712,0.03599559151947536
2013-04-14 00:00:00,1.3627539391651804e-07,0.13113379157313212,0.07352230983091358,0.03676122305315375
2013-04-14 01:00:00,9.328737817419893e-08,0.08476339852515691,0.07427179155901474,0.037135942423196455
2013-04-14 02:00:00,9.863261225952959e-08,0.09228510402272393,0.07452153579334782,0.03726081721298004
2013-04-14 03:00:00,1.1273406974901989e-07,0.10098256002802868,0.06832964315869576,0.03416487794638275
2013-04-14 04:00:00,1.0401016146918838e-07,0.09786302159508582,0.06043082306583862,0.030215463538000045
2013-04-14 05:00:00,4.194218180063092e-08,0.05265866004436135,0.05710622181983445,0.028553131881008127
2013-04-14 06:00:00,8.680195186803993e-09,1.1277007812324373e-07,0.055655759444781676,0.027827884062488432
2013-04-14 07:00:00,7.460803252560059e-09,6.844964452844686e-08,0.055964647795133896,0.027982327627968574
2013-04-14 08:00:00,9.072591034741347e-09,8.119976880801826e-08,0.05645996019682029,0.028229984634705663
2013-04-14 09:00:00,9.231086155259448e-09,8.189665649733893e-08,0.06236710459137993,0.03118355691123304
2013-04-14 10:00:00,9.281564663895284e-09,8.375413660517443e-08,0.06736523357811512,0.033682621429839896
2013-04-14 11:00:00,9.438473795263609e-09,8.736875877631318e-08,0.0665500129641577,0.03327501120131575
2013-04-14 12:00:00,9.931151958012678e-09,9.495138325649886e-08,0.061545833385506815,0.030772921658329386
2013-04-14 13:00:00,1.1880825812440573e-08,1.1464496502019706e-07,0.05779654028601731,0.02889827608342156
2013-04-14 14:00:00,1.648350217366295e-08,1.3338479862283752e-07,0.06027016118913442,0.030135088836318297
2013-04-14 15:00:00,2.998089197830655e-08,2.6703722413452527e-07,0.05966916252042838,0.029834596250660178
2013-04-14 16:00:00,3.608115861290857e-07,0.16829356619176655,0.05680533862216523,0.02840284971687568
2013-04-14 17:00:00,4.183457049004272e-07,0.19308659321810748,0.05625103131701849,0.028125724831361693
2013-04-14 18:00:00,1.9401116422154757e-07,0.15746763322439306,0.05203660704912152,0.02601840053014287
2013-04-14 19:00:00,1.4410532139161357e-07,0.12816218081302072,0.052033851418947306,0.02601699776213435
2013-04-14 20:00:00,9.854307350590635e-08,0.08333932893999414,0.0627592023320093,0.0313796504375414
2013-04-14 21:00:00,8.025802419725925e-08,0.07308867028459781,0.07322571961573081,0.036612899936877503
2013-04-14 22:00:00,9.697229961479695e-08,0.08282925531816364,0.07692067509837247,0.038460386035336046
2013-04-14 23:00:00,7.673489410516404e-08,0.0705010751135628,0.07199097602806712,0.03599552638148061
2013-04-15 00:00:00,6.310323040107924e-08,0.06574209277268091,0.07352230983091358,0.03676118646707199
2013-04-15 01:00:00,6.144710481903683e-08,0.06354942858313889,0.07427179155901474,0.03713592650305978
2013-04-15 02:00:00,6.137520538061696e-08,0.06235869289080275,0.07452153579334782,0.0372607985842766
2013-04-15 03:00:00,6.884160867602533e-08,0.061260627107499036,0.06832964315869576,0.03416485600015222
2013-04-15 04:00:00,6.859053828734134e-08,0.05986855960497972,0.06043082306583862,0.030215445828188456
2013-04-15 05:00:00,4.352149074529765e-08,0.05430593843293603,0.05710622181983445,0.028553132670662597
2013-04-15 06:00:00,1.5652101613944547e-08,0.03056752536393178,0.055655759444781676,0.027827887548441645
2013-04-15 07:00:00,7.138639532640694e-09,6.1027787791091e-08,0.055964647795133896,0.027982327466886715
2013-04-15 08:00:00,6.2617136311469464e-09,5.547446874717057e-08,0.05645996019682029,0.028229983229266963
2013-04-15 09:00:00,6.089206151594533e-09,5.444577653766701e-08,0.06236710459137993,0.031183555340293042
2013-04-15 10:00:00,6.044765575346973e-09,5.397009522420637e-08,0.06736523357811512,0.03368261981144035
2013-04-15 11:00:00,6.08300858921624e-09,5.320260562480292e-08,0.0665500129641577,0.03327500952358314
2013-04-15 12:00:00,6.463401744914659e-09,5.5037540946153224e-08,0.061545833385506815,0.03077291992445428
2013-04-15 13:00:00,7.222021468749152e-09,5.9588068279862014e-08,0.05779654028601731,0.028898273754019387
2013-04-15 14:00:00,8.97621866657512e-09,7.107664599281983e-08,0.06027016118913442,0.03013508508267654
2013-04-15 15:00:00,1.642538434085327e-08,1.2661321698152673e-07,0.05966916252042838,0.02983458947290636
2013-04-15 16:00:00,5.8732351850040684e-08,0.068194414210853,0.05680533862216523,0.02840269867725854
2013-04-15 17:00:00,6.796418501914253e-08,0.07364952032587181,0.05625103131701849,0.028125549640601752
2013-04-15 18:00:00,6.796421940601991e-08,0.07319706224494843,0.05203660704912152,0.02601833750667046
2013-04-15 19:00:00,6.796425430616985e-08,0.07223660032521345,0.052033851418947306,0.026016959691600807
2013-04-15 20:00:00,6.796428407397312e-08,0.07105280640108207,0.0627592023320093,0.031379635148146685
2013-04-15 21:00:00,6.796429331226219e-08,0.050376912019809955,0.07322571961573081,0.03661289379001206
2013-04-15 22:00:00,6.796431230208651e-08,0.05112866174329766,0.07692067509837247,0.03846037153134239
2013-04-15 23:00:00,6.796432718601028e-08,0.05071981497068974,0.07199097602806712,0.03599552199619715
2013-04-16 00:00:00,6.796432102714448e-08,0.050881159942286466,0.07352230983091358,0.03676118889761731
2013-04-16 01:00:00,6.796429947112297e-08,0.050445554531477775,0.07427179155901474,0.037135929761657104
2013-04-16 02:00:00,6.796428202102033e-08,0.050143813528475724,0.07452153579334782,0.03726080187881492
2013-04-16 03:00:00,6.796422813105403e-08,0.05037906797562369,0.06832964315869576,0.03416485556146195
2013-04-16 04:00:00,6.796415833084377e-08,0.06189992604151025,0.06043082306583862,0.030215445514998475
2013-04-16 05:00:00,4.2388129906920566e-08,0.03864423343172416,0.05710622181983445,0.02855313210398218
2013-04-16 06:00:00,1.4700761472394871e-08,0.02768287701149839,0.055655759444781676,0.027827887072771573
2013-04-16 07:00:00,6.403427346546838e-09,5.444042206177236e-08,0.055964647795133896,0.02798232709928062
2013-04-16 08:00:00,5.131166846480141e-09,4.474397058186349e-08,0.05645996019682029,0.02822998266399357
2013-04-16 09:00:00,4.765572732464126e-09,4.129908786352723e-08,0.06236710459137993,0.031183554678476333
2013-04-16 10:00:00,4.751492334061848e-09,4.0597924106121144e-08,0.06736523357811512,0.03368261916480373
2013-04-16 11:00:00,4.859056766022991e-09,4.138467684333651e-08,0.0665500129641577,0.033275008911607236
2013-04-16 12:00:00,5.0072947271043415e-09,4.2940598318933784e-08,0.061545833385506815,0.03077291919640077
2013-04-16 13:00:00,5.569954951522576e-09,4.774386935528858e-08,0.05779654028601731,0.028898272927986128
2013-04-16 14:00:00,7.158546221816662e-09,5.998850050439582e-08,0.06027016118913442,0.03013508417384032
2013-04-16 15:00:00,1.4393736554023528e-08,1.2440560680544052e-07,0.05966916252042838,0.029834588457082468
2013-04-16 16:00:00,5.708909154261836e-08,0.07884334754853868,0.05680533862216523,0.02840269785562839
2013-04-16 17:00:00,6.79641788603025e-08,0.09017991128342195,0.05625103131701849,0.028125549640598674
2013-04-16 18:00:00,6.796421273393651e-08,0.09004219850682206,0.05203660704912152,0.026018337506667127
2013-04-16 19:00:00,6.796476703456272e-08,0.09015784167758743,0.052033851418947306,0.02601695969185717
2013-04-16 20:00:00,6.817874342379088e-08,0.09158746516353469,0.0627592023320093,0.03137963525537636
2013-04-16 21:00:00,6.844503705340527e-08,0.09259919312004883,0.07322571961573081,0.03661289403038393
2013-04-16 22:00:00,6.816217404980908e-08,0.08926037841321927,0.07692067509837247,0.03846037163027326
2013-04-16 23:00:00,6.833814842661626e-08,0.09342144155682454,0.07199097602806712,0.035995522183107774
2013-04-17 00:00:00,6.834755634589632e-08,0.09596818623945652,0.07352230983091358,0.036761189089234966
2013-04-17 01:00:00,6.814897399031559e-08,0.09548927294360693,0.07427179155901474,0.037135929853994366
2013-04-17 02:00:00,6.804972335821574e-08,0.09512726737491378,0.07452153579334782,0.03726080192153559
2013-04-17 03:00:00,6.800614440048402e-08,0.09595888470384695,0.06832964315869576,0.03416485558242008
2013-04-17 04:00:00,6.80637852654731e-08,0.09812118564085698,0.06043082306583862,0.030215445564811944
2013-04-17 05:00:00,3.424304015250237e-08,0.040699376024655766,0.05710622181983445,0.0285531280314373
2013-04-17 06:00:00,8.590510598989159e-09,1.5149208393616908e-07,0.055655759444781676,0.02782788401764614
2013-04-17 07:00:00,4.90537949717957e-09,5.320604298327598e-08,0.055964647795133896,0.027982326350256697
2013-04-17 08:00:00,4.945558394747511e-09,4.6626206629078085e-08,0.05645996019682029,0.028229982571189343
2013-04-17 09:00:00,6.511599536593771e-09,5.879816540120248e-08,0.06236710459137993,0.031183555551489734
2013-04-17 10:00:00,6.506274493886938e-09,5.8591850342352186e-08,0.06736523357811512,0.03368262004219481
2013-04-17 11:00:00,6.768479168147413e-09,6.110263482725367e-08,0.0665500129641577,0.033275009866318435
2013-04-17 12:00:00,6.910223561740908e-09,6.385819394020862e-08,0.061545833385506815,0.030772920147865188
2013-04-17 13:00:00,7.329153743342921e-09,7.003884768889341e-08,0.05779654028601731,0.028898273807585525
2013-04-17 14:00:00,7.354504387193534e-09,7.128979720997358e-08,0.06027016118913442,0.030135084271819403
2013-04-17 15:00:00,1.284827294178944e-08,1.622005750638482e-07,0.05966916252042838,0.02983458768435066
2013-04-17 16:00:00,1.0472279561831445e-07,0.14845413400136692,0.05680533862216523,0.028402721672480424
2013-04-17 17:00:00,2.2944727207614308e-07,0.22218115537888786,0.05625103131701849,0.028125630382145283
2013-04-17 18:00:00,3.4826759666357117e-07,0.25318203866806027,0.05203660704912152,0.02601847765835909
2013-04-17 19:00:00,5.172772968405174e-07,0.297821259978226,0.052033851418947306,0.026017184348122075
2013-04-17 20:00:00,7.09365403837823e-07,0.34366107342380764,0.0627592023320093,0.031379955848706564
2013-04-17 21:00:00,0.15817955941152698,0.38921805514041724,0.07322571961573081,0.11570263951362889
2013-04-17 22:00:00,0.20445586964884668,0.4244458950835919,0.07692067509837247,0.1406882723736096
2013-04-17 23:00:00,9.325307048078246e-05,0.5504660171221066,0.07199097602806712,0.03604211454927395
2013-04-18 00:00:00,2.5560539514412088e-05,0.47570940973825654,0.07352230983091358,0.036773935185214
2013-04-18 01:00:00,2.630379936572155e-05,0.37681300431864484,0.07427179155901474,0.03714904767919023
2013-04-18 02:00:00,6.145213861636005e-07,0.2814351308984485,0.07452153579334782,0.03726107515736699
2013-04-18 03:00:00,3.300194370447771e-07,0.20672565081783245,0.06832964315869576,0.0341649865890664
2013-04-18 04:00:00,2.0475342352842977e-07,0.19609897639468574,0.06043082306583862,0.030215513909631075
2013-04-18 05:00:00,4.816046579175761e-08,0.054492817079890496,0.05710622181983445,0.02855313499015012
2013-04-18 06:00:00,8.279464538215777e-09,1.020064615549566e-07,0.055655759444781676,0.027827883862123107
2013-04-18 07:00:00,6.146712210307349e-09,5.9083206863814304e-08,0.055964647795133896,0.027982326970923052
2013-04-18 08:00:00,5.743985412084494e-09,5.3514896692799464e-08,0.05645996019682029,0.028229982970402853
2013-04-18 09:00:00,5.675352439812163e-09,5.0211391982650255e-08,0.06236710459137993,0.031183555133366184
2013-04-18 10:00:00,5.743819779153577e-09,5.110013480215561e-08,0.06736523357811512,0.03368261966096745
2013-04-18 11:00:00,6.6941736061761574e-09,6.357598704664694e-08,0.0665500129641577,0.033275009829165654
2013-04-18 12:00:00,7.290157500280617e-09,7.005580308616791e-08,0.061545833385506815,0.030772920337832157
2013-04-18 13:00:00,8.651136834068145e-09,8.333337229940094e-08,0.05779654028601731,0.02889827446857707
2013-04-18 14:00:00,9.797715420319592e-09,8.793281751014401e-08,0.06027016118913442,0.03013508549342492
2013-04-18 15:00:00,1.626982581996302e-08,1.8588126111933624e-07,0.05966916252042838,0.0298345893951271
2013-04-18 16:00:00,1.3581312198920228e-07,0.13078866386226018,0.05680533862216523,0.028402737217643612
2013-04-18 17:00:00,2.88363106824113e-07,0.23928827558296642,0.05625103131701849,0.028125659840062656
2013-04-18 18:00:00,2.802353876371413e-07,0.23798678289587344,0.05203660704912152,0.026018443642254578
2013-04-18 19:00:00,2.54441045818853e-07,0.23214022047383157,0.052033851418947306,0.02601705292999656
2013-04-18 20:00:00,2.0290991897340246e-07,0.20901495179405177,0.0627592023320093,0.03137970262096414
2013-04-18 21:00:00,1.4242048842157033e-07,0.180767991218844,0.07322571961573081,0.03661293101810961
2013-04-18 22:00:00,1.0455010417372381e-07,0.14705805059983118,0.07692067509837247,0.03846038982423832
2013-04-18 23:00:00,7.997768942375837e-08,0.09575743836022348,0.07199097602806712,0.03599552800287827
2013-04-19 00:00:00,7.553152351354654e-08,0.08724365114843237,0.07352230983091358,0.036761192681218545
2013-04-19 01:00:00,7.997844065607702e-08,0.08955132707797955,0.07427179155901474,0.0371359357687277
2013-04-19 02:00:00,9.103385602714476e-08,0.09811751080455915,0.07452153579334782,0.03726081341360192
2013-04-19 03:00:00,9.745472407822639e-08,0.11387126324856042,0.06832964315869576,0.03416487030670992
2013-04-19 04:00:00,1.0331114397451357e-07,0.13950647090719495,0.06043082306583862,0.030215463188491297
2013-04-19 05:00:00,4.4056463860600185e-08,0.07237908892150105,0.05710622181983445,0.028553132938149154
2013-04-19 06:00:00,1.3255480397511921e-08,0.029289193217985954,0.055655759444781676,0.02782788635013104
2013-04-19 07:00:00,6.002830466627286e-09,6.773033262243792e-08,0.055964647795133896,0.027982326898982182
2013-04-19 08:00:00,5.21344538806995e-09,4.99863076395307e-08,0.05645996019682029,0.02822998270513284
2013-04-19 09:00:00,5.33964423274709e-09,4.982401259152447e-08,0.06236710459137993,0.031183554965512082
2013-04-19 10:00:00,4.926371154625547e-09,4.6956489012499176e-08,0.06736523357811512,0.03368261925224314
2013-04-19 11:00:00,5.090028280332859e-09,4.830266890278685e-08,0.0665500129641577,0.03327500902709299
2013-04-19 12:00:00,5.613235836466294e-09,5.3261434342262716e-08,0.061545833385506815,0.030772919499371325
2013-04-19 13:00:00,6.693956305097578e-09,6.338376746257788e-08,0.05779654028601731,0.028898273489986807
2013-04-19 14:00:00,9.081122860136695e-09,1.161576706679468e-07,0.06027016118913442,0.03013508513512864
2013-04-19 15:00:00,2.0798988786443588e-08,2.2544659793495035e-07,0.05966916252042838,0.029834591659708583
2013-04-19 16:00:00,1.319049628260304e-07,0.1672864977579928,0.05680533862216523,0.02840273526356403
2013-04-19 17:00:00,2.676530788923242e-07,0.23432531267907547,0.05625103131701849,0.02812564948504869
2013-04-19 18:00:00,2.873819444769201e-07,0.235807256827788,0.05203660704912152,0.026018447215532998
2013-04-19 19:00:00,2.3690347822634346e-07,0.24001490589403895,0.052033851418947306,0.026017044161212765
2013-04-19 20:00:00,2.0217084584804564e-07,0.22878674743355595,0.0627592023320093,0.03137970225142757
2013-04-19 21:00:00,1.6731570940078877e-07,0.2086198212945345,0.07322571961573081,0.0366129434657201
2013-04-19 22:00:00,1.1163768816904466e-07,0.16794774119033118,0.07692067509837247,0.03846039336803032
2013-04-19 23:00:00,9.66810616173543e-08,0.1500796336816128,0.07199097602806712,0.035995536354564366
2013-04-20 00:00:00,9.70313610857473e-08,0.1482242518384634,0.07352230983091358,0.03676120343113733
2013-04-20 01:00:00,1.0045135696612972e-07,0.14769350483353155,0.07427179155901474,0.037135946005185855
2013-04-20 02:00:00,1.04090132709946e-07,0.14671085405147818,0.07452153579334782,0.03726081994174026
2013-04-20 03:00:00,1.0413125480869458e-07,0.14493355042982808,0.06832964315869576,0.03416487364497529
2013-04-20 04:00:00,9.979229010975912e-08,0.14092902454256032,0.06043082306583862,0.030215461429064366
2013-04-20 05:00:00,4.101598639997392e-08,0.049616969484525264,0.05710622181983445,0.028553131417910424
2013-04-20 06:00:00,1.274162101573206e-08,0.01661232817662195,0.055655759444781676,0.027827886093201346
2013-04-20 07:00:00,5.7250125995123115e-09,5.7773601305055065e-08,0.055964647795133896,0.02798232676007325
2013-04-20 08:00:00,6.513701053412236e-09,5.985947977147067e-08,0.05645996019682029,0.02822998335526067
2013-04-20 09:00:00,6.8428099933546744e-09,6.086005142420762e-08,0.06236710459137993,0.03118355571709496
2013-04-20 10:00:00,7.038593733268311e-09,6.281253215052917e-08,0.06736523357811512,0.03368262030835443
2013-04-20 11:00:00,7.432428209005322e-09,6.623719061049848e-08,0.0665500129641577,0.03327501019829296
2013-04-20 12:00:00,7.761874427267456e-09,7.028867186567241e-08,0.061545833385506815,0.03077292057369062
2013-04-20 13:00:00,8.3739706544303e-09,7.776706375659924e-08,0.05779654028601731,0.02889827432999398
2013-04-20 14:00:00,1.2072732174988218e-08,1.082406665658173e-07,0.06027016118913442,0.030135086630933297
2013-04-20 15:00:00,3.216337605578494e-08,2.8468010260646196e-07,0.05966916252042838,0.029834597341902216
2013-04-20 16:00:00,3.597426544946807e-07,0.27210232755404967,0.05680533862216523,0.028402849182409862
2013-04-20 17:00:00,0.2754698523919945,0.35790977343039565,0.05625103131701849,0.1658604418545065
2013-04-20 18:00:00,0.13895730403212503,0.2652540048986025,0.05203660704912152,0.09549695554062328
2013-04-20 19:00:00,4.122861605678137e-07,0.21082286133902098,0.052033851418947306,0.026017131852553936
2013-04-20 20:00:00,2.4152631491997894e-07,0.18101105977148696,0.0627592023320093,0.03137972192916211
2013-04-20 21:00:00,1.3086932757260126e-07,0.14413575128568992,0.07322571961573081,0.03661292524252919
2013-04-20 22:00:00,1.0285432641181622e-07,0.12261582053235145,0.07692067509837247,0.038460388976349444
2013-04-20 23:00:00,7.631376693572075e-08,0.07178194723072512,0.07199097602806712,0.035995526170917024
2013-04-21 00:00:00,7.199292971835822e-08,0.06419790869499419,0.07352230983091358,0.03676119091192165
2013-04-21 01:00:00,7.570323892943172e-08,0.06216667340755869,0.07427179155901474,0.037135933631126834
2013-04-21 02:00:00,8.604319442931121e-08,0.06341492280229573,0.07452153579334782,0.037260810918271124
2013-04-21 03:00:00,1.0282964209766027e-07,0.06665846363004724,0.06832964315869576,0.03416487299416893
2013-04-21 04:00:00,1.1757943604643485e-07,0.08575832526862337,0.06043082306583862,0.030215470322637335
2013-04-21 05:00:00,5.007460678257795e-08,0.04771922288947091,0.05710622181983445,0.028553135947220615
2013-04-21 06:00:00,1.5731835756960286e-08,1.3193738372840202e-07,0.055655759444781676,0.027827887588308717
2013-04-21 07:00:00,8.648693752755312e-09,7.092609578443934e-08,0.055964647795133896,0.027982328221913825
2013-04-21 08:00:00,8.132263502263423e-09,6.575160450900834e-08,0.05645996019682029,0.028229984164541897
2013-04-21 09:00:00,8.616816569451216e-09,6.783767623698305e-08,0.06236710459137993,0.031183556604098252
2013-04-21 10:00:00,8.862049378045276e-09,7.086310103567643e-08,0.06736523357811512,0.03368262122008225
2013-04-21 11:00:00,9.210008963733324e-09,7.297720565090074e-08,0.0665500129641577,0.033275011087083334
2013-04-21 12:00:00,9.482517405065872e-09,7.615140689248288e-08,0.061545833385506815,0.03077292143401211
2013-04-21 13:00:00,1.03806974059786e-08,8.509323979474709e-08,0.05779654028601731,0.028898275333357357
2013-04-21 14:00:00,1.3757967181469928e-08,1.1248439630515006e-07,0.06027016118913442,0.0301350874735508
2013-04-21 15:00:00,2.9414490088158827e-08,2.471137167308579e-07,0.05966916252042838,0.029834595967459233
2013-04-21 16:00:00,1.3048152335960694e-07,0.11388805171521614,0.05680533862216523,0.028402734551844295
2013-04-21 17:00:00,1.4510822752041382e-07,0.154758796317406,0.05625103131701849,0.028125588212623003
2013-04-21 18:00:00,1.28865310145361e-07,0.1302050087037985,0.05203660704912152,0.02601836795721583
2013-04-21 19:00:00,9.860013337092264e-08,0.11442965667265297,0.052033851418947306,0.02601697500954034
2013-04-21 20:00:00,8.902880171753573e-08,0.10723646155645526,0.0627592023320093,0.03137964568040551
2013-04-21 21:00:00,8.970153876112628e-08,0.10899154317332878,0.07322571961573081,0.03661290465863479
2013-04-21 22:00:00,9.307580444099203e-08,0.08109448596604858,0.07692067509837247,0.038460384087088455
2013-04-21 23:00:00,1.0751445269003313e-07,0.1188041194417133,0.07199097602806712,0.0359955417712599
2013-04-22 00:00:00,1.1454645547320911e-07,0.12357602890005119,0.07352230983091358,0.03676121218868453
2013-04-22 01:00:00,1.1220898879279062e-07,0.12437520967235045,0.07427179155901474,0.03713595188400177
2013-04-22 02:00:00,1.0485813934567846e-07,0.12221104023709958,0.07452153579334782,0.037260820325743585
2013-04-22 03:00:00,9.82874739996869e-08,0.09626802324112081,0.06832964315869576,0.03416487072308488
2013-04-22 04:00:00,8.908580150495615e-08,0.1165501716789691,0.06043082306583862,0.030215456075820064
2013-04-22 05:00:00,3.862044293416961e-08,0.06293976692908172,0.05710622181983445,0.02855313022013869
2013-04-22 06:00:00,1.5223420981486125e-08,0.027916164189635596,0.055655759444781676,0.02782788733410133
2013-04-22 07:00:00,5.763983416082103e-09,7.384990553497026e-08,0.055964647795133896,0.027982326779558656
2013-04-22 08:00:00,5.044578316417522e-09,4.709391395662048e-08,0.05645996019682029,0.028229982620699305
2013-04-22 09:00:00,5.69191242197389e-09,5.119395073087746e-08,0.06236710459137993,0.031183555141646176
2013-04-22 10:00:00,5.983798446839292e-09,5.380044647668578e-08,0.06736523357811512,0.03368261978095678
2013-04-22 11:00:00,6.1952340535263995e-09,5.588224091841537e-08,0.0665500129641577,0.033275009579695876
2013-04-22 12:00:00,6.37328579643919e-09,5.83744187085809e-08,0.061545833385506815,0.030772919879396305
2013-04-22 13:00:00,7.150943344460782e-09,6.831883017241999e-08,0.05779654028601731,0.028898273718480326
2013-04-22 14:00:00,1.344333842402312e-08,1.216029952150067e-07,0.06027016118913442,0.03013508731623642
2013-04-22 15:00:00,5.0069218190687716e-08,0.06273409259787226,0.05966916252042838,0.029834606294823283
2013-04-22 16:00:00,2.2472342725998544e-07,0.21173320307472593,0.05680533862216523,0.028402781672796248
2013-04-22 17:00:00,0.1667599988300659,0.3045625060621531,0.05625103131701849,0.1115055150735422
2013-04-22 18:00:00,0.1511288545707006,0.2504688175201302,0.05203660704912152,0.10158273080991106
2013-04-22 19:00:00,0.1271682125148255,0.21724222810805574,0.052033851418947306,0.0896010319668864
2013-04-22 20:00:00,0.10533644549232189,0.20002482742946123,0.0627592023320093,0.08404782391216559
2013-04-22 21:00:00,4.5073012646360527e-07,0.1946880424732752,0.07322571961573081,0.03661308517292863
2013-04-22 22:00:00,2.3433308855072487e-07,0.1605001028144645,0.07692067509837247,0.03846045471573051
2013-04-22 23:00:00,2.0134262420669887e-07,0.12685823228517315,0.07199097602806712,0.035995588685345664
2013-04-23 00:00:00,1.935869879258505e-07,0.1326559046027133,0.07352230983091358,0.036761251708950754
2013-04-23 01:00:00,2.0116740125178424e-07,0.14398380499494343,0.07427179155901474,0.037135996363207996
2013-04-23 02:00:00,2.4479921350908684e-07,0.1676045448269913,0.07452153579334782,0.037260890296280665
2013-04-23 03:00:00,3.4828764379926095e-07,0.23702194720894967,0.06832964315869576,0.03416499572316978
2013-04-23 04:00:00,5.281739424681253e-07,0.2861026221774938,0.06043082306583862,0.030215675619890546
2013-04-23 05:00:00,6.002953573217093e-08,0.0910130711450204,0.05710622181983445,0.02855314092468509
2013-04-23 06:00:00,1.690640541266008e-08,0.03643519653879211,0.055655759444781676,0.027827888175593545
2013-04-23 07:00:00,7.235258578482524e-09,7.105509937915032e-08,0.055964647795133896,0.027982327515196238
2013-04-23 08:00:00,5.944446731845531e-09,5.6830677391617405e-08,0.05645996019682029,0.028229983070633513
2013-04-23 09:00:00,6.374595750229553e-09,5.890731968380267e-08,0.06236710459137993,0.03118355548298784
2013-04-23 10:00:00,5.906009473703802e-09,5.524087658408049e-08,0.06736523357811512,0.0336826197420623
2013-04-23 11:00:00,5.658946755396285e-09,5.3790425402296505e-08,0.0665500129641577,0.03327500931155223
2013-04-23 12:00:00,5.670271404365418e-09,5.497585955031287e-08,0.061545833385506815,0.03077291952788911
2013-04-23 13:00:00,6.244032513085239e-09,6.15372947492763e-08,0.05779654028601731,0.02889827326502491
2013-04-23 14:00:00,8.05079413476139e-09,7.766973244856504e-08,0.06027016118913442,0.030135084619964277
2013-04-23 15:00:00,1.5702478050850456e-08,1.6478277767394262e-07,0.05966916252042838,0.029834589111453216
2013-04-23 16:00:00,5.910194554345425e-08,0.07267310642138972,0.05680533862216523,0.02840269886205539
2013-04-23 17:00:00,7.067225934470231e-08,0.10962311925457262,0.05625103131701849,0.028125550994638916
2013-04-23 18:00:00,7.080749751324068e-08,0.10540350094843252,0.05203660704912152,0.026018338928309515
2013-04-23 19:00:00,7.229038411142178e-08,0.10492171198042319,0.052033851418947306,0.026016961854665708
2013-04-23 20:00:00,7.811631023857894e-08,0.1100285482175396,0.0627592023320093,0.03137964022415977
2013-04-23 21:00:00,8.495799530395625e-08,0.11648270331240547,0.07322571961573081,0.03661290228686306
2013-04-23 22:00:00,7.338797323439506e-08,0.1033086291534513,0.07692067509837247,0.038460374243172855
2013-04-23 23:00:00,7.48877931233036e-08,0.10535817010376654,0.07199097602806712,0.03599552545793012
2013-04-24 00:00:00,7.692786223060954e-08,0.10702058153507604,0.07352230983091358,0.03676119337938791
2013-04-24 01:00:00,7.938036253487852e-08,0.10971247043091854,0.07427179155901474,0.03713593546968864
2013-04-24 02:00:00,7.999168726385955e-08,0.10967740278116297,0.07452153579334782,0.03726080789251754
2013-04-24 03:00:00,8.186456777072739e-08,0.11261488836372856,0.06832964315869576,0.03416486251163177
2013-04-24 04:00:00,8.71868449543355e-08,0.11795783871143664,0.06043082306583862,0.030215455126341786
2013-04-24 05:00:00,3.846480386037901e-08,0.04470169404786003,0.05710622181983445,0.028553130142319156
2013-04-24 06:00:00,1.0501252284836218e-08,1.5034263011290168e-07,0.055655759444781676,0.02782788497301698
2013-04-24 07:00:00,6.093564711835264e-09,5.871359310148161e-08,0.055964647795133896,0.027982326944349302
2013-04-24 08:00:00,6.246635614113535e-09,5.775071902773354e-08,0.05645996019682029,0.028229983221727952
2013-04-24 09:00:00,6.523176015941285e-09,5.8979558001392695e-08,0.06236710459137993,0.031183555557277972
2013-04-24 10:00:00,6.7383451997913285e-09,6.202455732440271e-08,0.06736523357811512,0.03368262015823016
2013-04-24 11:00:00,6.850974286873066e-09,6.343499772611964e-08,0.0665500129641577,0.033275009907565996
2013-04-24 12:00:00,7.059958887082484e-09,6.660229838204497e-08,0.061545833385506815,0.030772920222732852
2013-04-24 13:00:00,7.793406620572183e-09,7.516221556339278e-08,0.05779654028601731,0.028898274039711964
2013-04-24 14:00:00,1.015356715256585e-08,9.388455588337231e-08,0.06027016118913442,0.030135085671350786
2013-04-24 15:00:00,1.72446157481142e-08,2.0983803231799468e-07,0.05966916252042838,0.029834589882522064
2013-04-24 16:00:00,1.4102021134573728e-07,0.13474560498680666,0.05680533862216523,0.02840273982118829
2013-04-24 17:00:00,3.377698616531802e-07,0.23592975339110306,0.05625103131701849,0.028125684543440072
2013-04-24 18:00:00,3.980917219974956e-07,0.2231414539088018,0.05203660704912152,0.026018502570421757
2013-04-24 19:00:00,4.050123444080646e-07,0.21707044243283644,0.052033851418947306,0.026017128215645856
2013-04-24 20:00:00,3.251801140133508e-07,0.20674010842360274,0.0627592023320093,0.031379763756061656
2013-04-24 21:00:00,2.7278642274322974e-07,0.19952561002265357,0.07322571961573081,0.036612996201076775
2013-04-24 22:00:00,1.5867940091191645e-07,0.157352772009651,0.07692067509837247,0.03846041688888669
2013-04-24 23:00:00,1.5985472970536747e-07,0.16937006747848826,0.07199097602806712,0.03599556794139841
2013-04-25 00:00:00,1.8513438750910632e-07,0.18939721112068902,0.07352230983091358,0.03676124748265055
2013-04-25 01:00:00,2.2744997743190778e-07,0.21163655637195808,0.07427179155901474,0.03713600950449609
2013-04-25 02:00:00,2.6572569066092887e-07,0.22966546357656126,0.07452153579334782,0.03726090075951924
2013-04-25 03:00:00,3.21131662268828e-07,0.2532053926563662,0.06832964315869576,0.03416498214517901
2013-04-25 04:00:00,4.5716666115780845e-07,0.2837258120941238,0.06043082306583862,0.03021564011624989
2013-04-25 05:00:00,5.449804091956338e-08,0.08512886671037544,0.05710622181983445,0.028553138158937685
2013-04-25 06:00:00,1.4631251437739923e-08,0.031832946467506805,0.055655759444781676,0.027827887038016558
2013-04-25 07:00:00,6.428597432248042e-09,6.176970100731404e-08,0.055964647795133896,0.027982327111865664
2013-04-25 08:00:00,6.721730033498638e-09,6.150679405584811e-08,0.05645996019682029,0.028229983459275163
2013-04-25 09:00:00,6.900944992634172e-09,6.12652374303644e-08,0.06236710459137993,0.031183555746162463
2013-04-25 10:00:00,6.787669531294743e-09,6.053287646032729e-08,0.06736523357811512,0.03368262018289233
2013-04-25 11:00:00,6.88082547887105e-09,6.143344227655573e-08,0.0665500129641577,0.03327500992249159
2013-04-25 12:00:00,6.921926616013638e-09,6.281322622231233e-08,0.061545833385506815,0.030772920153716715
2013-04-25 13:00:00,7.439587462376705e-09,6.90055622796045e-08,0.05779654028601731,0.028898273862802384
2013-04-25 14:00:00,1.0248383057093007e-08,9.441132230090525e-08,0.06027016118913442,0.03013508571875874
2013-04-25 15:00:00,1.9119463435966802e-08,2.296278874343429e-07,0.05966916252042838,0.029834590819945907
2013-04-25 16:00:00,2.074476566920148e-07,0.17307321832594785,0.05680533862216523,0.028402773034910962
2013-04-25 17:00:00,0.13771782356310297,0.31923857753774704,0.05625103131701849,0.09698442744006072
2013-04-25 18:00:00,0.13441598909013266,0.2999355357969199,0.05203660704912152,0.0932262980696271
2013-04-25 19:00:00,0.1201411411431227,0.27389687186742534,0.052033851418947306,0.086087496281035
2013-04-25 20:00:00,6.463486384577792e-07,0.2567948213053671,0.0627592023320093,0.03137992434032388
2013-04-25 21:00:00,5.098409240234546e-07,0.2443365221274971,0.07322571961573081,0.036613114728327414
2013-04-25 22:00:00,0.11659879104991581,0.26685811569565404,0.07692067509837247,0.09675973307414415
2013-04-25 23:00:00,4.776444866611409e-07,0.2570478254093078,0.07199097602806712,0.03599572683627689
2013-04-26 00:00:00,3.736486994783366e-07,0.24710771756446887,0.07352230983091358,0.03676134173980653
2013-04-26 01:00:00,3.2684145106419033e-07,0.2437275582584351,0.07427179155901474,0.037136059200232906
2013-04-26 02:00:00,3.8672129692229145e-07,0.2633661798670497,0.07452153579334782,0.03726096125732237
2013-04-26 03:00:00,5.648874970060963e-07,0.2934983718115262,0.06832964315869576,0.03416510402309638
2013-04-26 04:00:00,7.141329408458692e-07,0.30741653792486345,0.06043082306583862,0.030215768599389733
2013-04-26 05:00:00,5.350753865928587e-08,0.06021338749361787,0.05710622181983445,0.028553137663686553
2013-04-26 06:00:00,1.4292677678279141e-08,0.03130744127331607,0.055655759444781676,0.027827886868729678
2013-04-26 07:00:00,6.232063782862799e-09,7.597134133428497e-08,0.055964647795133896,0.02798232701359884
2013-04-26 08:00:00,6.40903943226883e-09,5.970053722971191e-08,0.05645996019682029,0.028229983302929862
2013-04-26 09:00:00,6.345144932723159e-09,5.80638927850478e-08,0.06236710459137993,0.03118355546826243
2013-04-26 10:00:00,6.30922911068974e-09,5.7742081366445575e-08,0.06736523357811512,0.03368261994367212
2013-04-26 11:00:00,6.491979388848349e-09,5.94726799325942e-08,0.0665500129641577,0.033275009728068544
2013-04-26 12:00:00,6.698840512879664e-09,6.212286856632083e-08,0.061545833385506815,0.030772920042173663
2013-04-26 13:00:00,6.828069732181074e-09,7.63096435447187e-08,0.05779654028601731,0.02889827355704352
2013-04-26 14:00:00,1.258710988062322e-08,2.0949560685467833e-07,0.06027016118913442,0.03013508688812215
2013-04-26 15:00:00,3.326209055509911e-08,0.05745542724636214,0.05966916252042838,0.029834597891259466
2013-04-26 16:00:00,1.384439198753045e-07,0.1654644839164765,0.05680533862216523,0.028402738533042555
2013-04-26 17:00:00,2.343241626406521e-07,0.18859360278237886,0.05625103131701849,0.028125632820590565
2013-04-26 18:00:00,1.948818073993621e-07,0.14642229131996864,0.05203660704912152,0.02601840096546446
2013-04-26 19:00:00,1.4334457813149133e-07,0.1266360720662006,0.052033851418947306,0.02601699738176272
2013-04-26 20:00:00,1.3635487659580658e-07,0.12207648674500446,0.0627592023320093,0.03137966934344295
2013-04-26 21:00:00,1.4118829939932697e-07,0.12340410247108988,0.07322571961573081,0.036612930402015104
2013-04-26 22:00:00,1.4129625656762666e-07,0.0983303639072096,0.07692067509837247,0.03846040819731452
2013-04-26 23:00:00,1.2879243823533236e-07,0.09248549150512472,0.07199097602806712,0.03599555241025268
2013-04-27 00:00:00,1.129772824150747e-07,0.10024618672579437,0.07352230983091358,0.036761211404098
2013-04-27 01:00:00,9.807383852896566e-08,0.1096799043282348,0.07427179155901474,0.03713594481642663
2013-04-27 02:00:00,8.626425484462213e-08,0.10436681338218987,0.07452153579334782,0.037260811028801334
2013-04-27 03:00:00,7.997441671725494e-08,0.09953481062308892,0.06832964315869576,0.03416486156655624
2013-04-27 04:00:00,8.626521894587027e-08,0.08097975589727816,0.06043082306583862,0.030215454665528784
2013-04-27 05:00:00,3.15593064755614e-08,0.039766640376767144,0.05710622181983445,0.02855312668957046
2013-04-27 06:00:00,9.749962456550816e-09,2.345687098635854e-07,0.055655759444781676,0.027827884597372066
2013-04-27 07:00:00,5.515451847215278e-09,7.11994267746017e-08,0.055964647795133896,0.02798232665529287
2013-04-27 08:00:00,4.702789945811319e-09,5.0496141825241396e-08,0.05645996019682029,0.02822998244980512
2013-04-27 09:00:00,4.3293647907923e-09,4.509156753290364e-08,0.06236710459137993,0.03118355446037236
2013-04-27 10:00:00,4.269116716165367e-09,4.060722666103201e-08,0.06736523357811512,0.03368261892361592
2013-04-27 11:00:00,4.357622774485609e-09,4.554220239458443e-08,0.0665500129641577,0.03327500866089024
2013-04-27 12:00:00,4.8278375663172086e-09,4.9903486470028895e-08,0.061545833385506815,0.03077291910667219
2013-04-27 13:00:00,5.766817888266182e-09,6.643237866186567e-08,0.05779654028601731,0.0288982730264176
2013-04-27 14:00:00,7.664839482203406e-09,9.309438696179596e-08,0.06027016118913442,0.030135084426986952
2013-04-27 15:00:00,1.5889169104978837e-08,2.03695262924074e-07,0.05966916252042838,0.029834589204798742
2013-04-27 16:00:00,6.47471086567129e-08,0.06297155047601663,0.05680533862216523,0.028402701684636943
2013-04-27 17:00:00,8.439055476156546e-08,0.06847431558116061,0.05625103131701849,0.028125557853786624
2013-04-27 18:00:00,8.778016686131922e-08,0.06610621108207623,0.05203660704912152,0.02601834741464419
2013-04-27 19:00:00,9.050480958145057e-08,0.06603787875239721,0.052033851418947306,0.026016970961878445
2013-04-27 20:00:00,9.801625020124643e-08,0.07133968874819556,0.0627592023320093,0.03137965017412975
2013-04-27 21:00:00,1.0206526801715651e-07,0.07489476735530827,0.07322571961573081,0.03661291084049941
2013-04-27 22:00:00,9.402031329762198e-08,0.07169961654297304,0.07692067509837247,0.038460384559342885
2013-04-27 23:00:00,8.972977340360863e-08,0.07268000417602868,0.07199097602806712,0.03599553287892026
2013-04-28 00:00:00,9.119387926137092e-08,0.07631517435954277,0.07352230983091358,0.036761200512396425
2013-04-28 01:00:00,9.524496698608373e-08,0.0824424165793184,0.07427179155901474,0.03713594340199086
2013-04-28 02:00:00,9.811957005617923e-08,0.08862275030905985,0.07452153579334782,0.037260816956458935
2013-04-28 03:00:00,9.282511568742599e-08,0.08821353646061784,0.06832964315869576,0.034164867991905726
2013-04-28 04:00:00,7.756741485293439e-08,0.08003721546937617,0.06043082306583862,0.030215450316626737
2013-04-28 05:00:00,2.685264975560693e-08,0.04058834302970081,0.05710622181983445,0.028553124336242103
2013-04-28 06:00:00,9.666792641891677e-09,1.5680940929842597e-07,0.055655759444781676,0.02782788455578716
2013-04-28 07:00:00,6.527808246624983e-09,6.154306401283336e-08,0.055964647795133896,0.02798232716147107
2013-04-28 08:00:00,7.248675604749214e-09,6.35427470698745e-08,0.05645996019682029,0.02822998372274795
2013-04-28 09:00:00,7.177667067899052e-09,6.137876438071844e-08,0.06236710459137993,0.031183555884523498
2013-04-28 10:00:00,7.197709222513837e-09,6.193104007245025e-08,0.06736523357811512,0.03368262038791217
2013-04-28 11:00:00,7.45379763535724e-09,6.311033069499485e-08,0.0665500129641577,0.03327501020897767
2013-04-28 12:00:00,7.658842282762873e-09,6.456932895211067e-08,0.061545833385506815,0.03077292052217455
2013-04-28 13:00:00,7.558814074076418e-09,6.512461515513182e-08,0.05779654028601731,0.02889827392241569
2013-04-28 14:00:00,8.254538217166456e-09,7.203583710860316e-08,0.06027016118913442,0.03013508472183632
2013-04-28 15:00:00,1.1998965641165868e-08,1.3410950438332304e-07,0.05966916252042838,0.02983458725969701
2013-04-28 16:00:00,4.623722243440336e-08,0.05720525407070096,0.05680533862216523,0.028402692429693833
2013-04-28 17:00:00,7.061390330951202e-08,0.06566821223910552,0.05625103131701849,0.028125550965460898
2013-04-28 18:00:00,6.954640827960808e-08,0.06544549899740716,0.05203660704912152,0.026018338297764898
2013-04-28 19:00:00,6.95321343376905e-08,0.06644988878683845,0.052033851418947306,0.02601696047554082
2013-04-28 20:00:00,6.913904936787782e-08,0.06754019730906113,0.0627592023320093,0.031379635735529335
2013-04-28 21:00:00,6.865336538224993e-08,0.0699062161154549,0.07322571961573081,0.036612894134548095
2013-04-28 22:00:00,6.850645887267262e-08,0.07163114223956762,0.07692067509837247,0.03846037180241567
2013-04-28 23:00:00,6.861050911742187e-08,0.07481931237473573,0.07199097602806712,0.03599552231928812
2013-04-29 00:00:00,7.649713434085046e-08,0.08354195790957214,0.07352230983091358,0.03676119316402396
2013-04-29 01:00:00,8.808035559096517e-08,0.09525291319075115,0.07427179155901474,0.03713593981968517
2013-04-29 02:00:00,8.07560293326357e-08,0.09208070656419769,0.07452153579334782,0.03726080827468858
2013-04-29 03:00:00,6.990363201796058e-08,0.08407985523755133,0.06832964315869576,0.03416485653116389
2013-04-29 04:00:00,7.089659991644127e-08,0.08704078129478716,0.06043082306583862,0.03021544698121927
2013-04-29 05:00:00,3.2772105921543757e-08,0.04113939128328393,0.05710622181983445,0.028553127295970187
2013-04-29 06:00:00,1.167315137852202e-08,3.814393117914714e-07,0.055655759444781676,0.027827885558966526
2013-04-29 07:00:00,5.537470566359681e-09,5.762817205723648e-08,0.055964647795133896,0.02798232666630223
2013-04-29 08:00:00,4.939095039480977e-09,4.825288727015047e-08,0.05645996019682029,0.028229982567957668
2013-04-29 09:00:00,5.714785654620086e-09,5.3489556993828014e-08,0.06236710459137993,0.03118355515308279
2013-04-29 10:00:00,5.619003711795853e-09,5.2788363009489564e-08,0.06736523357811512,0.033682619598559414
2013-04-29 11:00:00,5.718569031415369e-09,5.410570054489748e-08,0.0665500129641577,0.03327500934136337
2013-04-29 12:00:00,5.6605720821701925e-09,5.48970861861837e-08,0.061545833385506815,0.030772919523039448
2013-04-29 13:00:00,6.942087894857802e-09,6.694708183351494e-08,0.05779654028601731,0.028898273614052603
2013-04-29 14:00:00,9.721885219372314e-09,1.1349862344226363e-07,0.06027016118913442,0.03013508545550982
2013-04-29 15:00:00,2.9814702340506606e-08,0.06140649541094809,0.05966916252042838,0.02983459616756536
2013-04-29 16:00:00,1.9341682206275602e-07,0.20476054142257794,0.05680533862216523,0.02840276601949365
2013-04-29 17:00:00,0.1956931736054274,0.3348421505273594,0.05625103131701849,0.12597210246122295
2013-04-29 18:00:00,0.27269139772921336,0.2989865855047017,0.05203660704912152,0.16236400238916743
2013-04-29 19:00:00,0.08700273205877873,0.27845614967697113,0.052033851418947306,0.06951829173886302
2013-04-29 20:00:00,0.08654451259436743,0.2773862451820234,0.0627592023320093,0.07465185746318836
2013-04-29 21:00:00,0.09374320323900644,0.29384824301935986,0.07322571961573081,0.08348446142736862
2013-04-29 22:00:00,0.09269048179248982,0.2914871843172041,0.07692067509837247,0.08480557844543114
2013-04-29 23:00:00,0.3203017229101284,0.3203360880976056,0.07199097602806712,0.19614634946909776
2013-04-30 00:00:00,0.3241574032668002,0.35253868024055923,0.07352230983091358,0.19883985654885689
2013-04-30 01:00:00,0.32774347864736963,0.38801043204921287,0.07427179155901474,0.2010076351031922
2013-04-30 02:00:00,0.32905112209213777,0.40258522733929464,0.07452153579334782,0.2017863289427428
2013-04-30 03:00:00,0.32922331732483484,0.40460496242057414,0.06832964315869576,0.1987764802417653
2013-04-30 04:00:00,0.32858963321451656,0.39749514302227273,0.06043082306583862,0.1945102281401776
2013-04-30 05:00:00,5.57075794767038e-08,0.06155176412157593,0.05710622181983445,0.028553138763706964
2013-04-30 06:00:00,1.5948958687862072e-08,4.3352598606430715e-07,0.055655759444781676,0.027827887696870182
2013-04-30 07:00:00,6.910464570400582e-09,7.17726691909875e-08,0.055964647795133896,0.027982327352799232
2013-04-30 08:00:00,5.805251933246616e-09,5.5648491456115527e-08,0.05645996019682029,0.028229983001036112
2013-04-30 09:00:00,5.290817807563686e-09,5.057892006697004e-08,0.06236710459137993,0.031183554941098868
2013-04-30 10:00:00,5.836724416716139e-09,5.4639437606832344e-08,0.06736523357811512,0.03368261970741977
2013-04-30 11:00:00,6.20063438566387e-09,5.758872919463187e-08,0.0665500129641577,0.03327500958239604
2013-04-30 12:00:00,5.9383752237208645e-09,5.678380109073607e-08,0.061545833385506815,0.03077291966194102
2013-04-30 13:00:00,7.181988601049336e-09,6.842831589714585e-08,0.05779654028601731,0.028898273734002954
2013-04-30 14:00:00,9.993588746387607e-09,1.276344765310283e-07,0.06027016118913442,0.030135085591361584
2013-04-30 15:00:00,2.459208418313074e-08,3.895166854054744e-07,0.05966916252042838,0.02983459355625628
2013-04-30 16:00:00,1.9097353811241926e-07,0.17968029810539576,0.05680533862216523,0.028402764797851674
2013-04-30 17:00:00,0.1536360718716888,0.24070162543032633,0.05625103131701849,0.10494355159435365
2013-04-30 18:00:00,0.19334176446526996,0.21396400562863108,0.05203660704912152,0.12268918575719574
2013-04-30 19:00:00,0.20570982002155305,0.21004850587116192,0.052033851418947306,0.12887183572025018
2013-04-30 20:00:00,0.06792771411985986,0.23244275384659735,0.0627592023320093,0.06534345822593457
2013-04-30 21:00:00,0.07713432855168695,0.25585068810570055,0.07322571961573081,0.07518002408370889
2013-04-30 22:00:00,0.23650101910660656,0.26952519226243593,0.07692067509837247,0.1567108471024895
2013-04-30 23:00:00,0.23663489031649396,0.2904722786655745,0.07199097602806712,0.15431293317228054
2013-05-01 00:00:00,0.2476639428347357,0.3099384905753265,0.06901489185494242,0.15833941734483906
2013-05-01 01:00:00,0.2571118463655617,0.33177788866158603,0.07217428283362809,0.1646430645995949
2013-05-01 02:00:00,0.2531327333066341,0.34427571399260043,0.07217428283362809,0.1626535080701311
2013-05-01 03:00:00,0.26232552244147805,0.36102447443757024,0.07470073932026043,0.16851313088086925
2013-05-01 04:00:00,5.860091106185307e-07,0.2909694480513019,0.07020095423442553,0.03510077012176807
2013-05-01 05:00:00,4.4385830630125276e-08,0.06327137058873691,0.0635406312353914,0.03177033781061102
2013-05-01 06:00:00,1.3051408509474626e-08,2.2848350574456345e-07,0.05879284531211537,0.02939642918176194
2013-05-01 07:00:00,7.011016709692654e-09,6.73255293831155e-08,0.05966145228909746,0.029830729650057085
2013-05-01 08:00:00,7.98984750318717e-09,7.161846565876371e-08,0.05725301388483851,0.02862651093734301
2013-05-01 09:00:00,8.076586870356321e-09,7.045950770771823e-08,0.05611855399609496,0.028059281036340915
2013-05-01 10:00:00,8.062943291551358e-09,7.008798054641129e-08,0.05573592574436008,0.027867966903651686
2013-05-01 11:00:00,8.331395566438408e-09,7.416981891659161e-08,0.05771398123089282,0.028856994781144195
2013-05-01 12:00:00,8.441403320723133e-09,7.731894695769469e-08,0.058620298298046984,0.029310153369725152
2013-05-01 13:00:00,8.779052279944019e-09,8.233510349155433e-08,0.06254790929675977,0.03127395903790602
2013-05-01 14:00:00,1.214454839845023e-08,1.1466158698000103e-07,0.06361975809458899,0.03180988511956869
2013-05-01 15:00:00,3.126841929752698e-08,3.0069542673287706e-07,0.06494560968439432,0.03247282047640681
2013-05-01 16:00:00,2.7591658416249845e-07,0.22225738805763606,0.06482088995302605,0.03241058293480511
2013-05-01 17:00:00,0.33066346564617793,0.42202862325274965,0.057647816414644545,0.19415564103041125
2013-05-01 18:00:00,0.3265862146220113,0.37602382442688925,0.05460476017126914,0.19059548739664023
2013-05-01 19:00:00,0.32493096515874026,0.35976228579164,0.054706589753987754,0.189818777456364
2013-05-01 20:00:00,0.32578348190598483,0.3679666698357827,0.07336889320435273,0.1995761875551688
2013-05-01 21:00:00,0.00019909283790659835,0.40025141425846344,0.07764739164106799,0.038923242239487295
2013-05-01 22:00:00,8.018174673050435e-05,0.40454524529903246,0.07954619511722799,0.03981318843197925
2013-05-01 23:00:00,8.114866197770848e-05,0.42783688854403223,0.07217428283362809,0.0361277157478029
2013-05-02 00:00:00,5.864462527524521e-05,0.4360941538595662,0.06901489185494242,0.03453676824010883
2013-05-02 01:00:00,5.295456079023444e-05,0.41033821838044154,0.07217428283362809,0.03611361869720916
2013-05-02 02:00:00,2.975214414994944e-05,0.3491237355610152,0.07217428283362809,0.03610201748888902
2013-05-02 03:00:00,3.287965637731735e-05,0.2508494619161892,0.07470073932026043,0.03736680948831887
2013-05-02 04:00:00,2.5881579809330977e-07,0.1455097387658843,0.07020095423442553,0.035100606525111815
2013-05-02 05:00:00,5.1804462536558196e-08,0.05342199866374361,0.0635406312353914,0.03177034151992697
2013-05-02 06:00:00,1.9009567204684523e-08,0.032561884715307104,0.05879284531211537,0.02939643216084129
2013-05-02 07:00:00,9.156846061818267e-09,1.0560398066179201e-07,0.05966145228909746,0.02983073072297176
2013-05-02 08:00:00,5.752760924468067e-09,6.266376540992258e-08,0.05725301388483851,0.02862650981879972
2013-05-02 09:00:00,5.267902916700352e-09,5.772049416362109e-08,0.05611855399609496,0.02805927963199894
2013-05-02 10:00:00,5.22289143594448e-09,5.783380062768843e-08,0.05573592574436008,0.02786796548362576
2013-05-02 11:00:00,5.481564244168648e-09,6.065895109746276e-08,0.05771398123089282,0.028856993356228534
2013-05-02 12:00:00,6.205577246001638e-09,6.849796296843555e-08,0.058620298298046984,0.029310152251812115
2013-05-02 13:00:00,7.650134813735742e-09,9.028630745127661e-08,0.06254790929675977,0.03127395847344729
2013-05-02 14:00:00,1.4217479422739911e-08,1.5188443068380097e-07,0.06361975809458899,0.0318098861560342
2013-05-02 15:00:00,3.615310805106518e-08,0.05998880859112722,0.06494560968439432,0.032472822918751185
2013-05-02 16:00:00,1.2478995424229688e-07,0.11727303595632585,0.06482088995302605,0.03241050737149015
2013-05-02 17:00:00,2.428185797978341e-07,0.16230705005768942,0.057647816414644545,0.028824029616612172
2013-05-02 18:00:00,2.556043526354002e-07,0.17777719508363668,0.05460476017126914,0.027302507887810887
2013-05-02 19:00:00,3.3742631452856486e-07,0.15221305216963066,0.054706589753987754,0.02735346359015114
2013-05-02 20:00:00,0.0005109778452012712,0.15486645190262696,0.07336889320435273,0.036939935524777
2013-05-02 21:00:00,2.6963974817715728e-05,0.16410297641331656,0.07764739164106799,0.03883717780794285
2013-05-02 22:00:00,1.7857120080203975e-05,0.19670851022149696,0.07954619511722799,0.0397820261186541
2013-05-02 23:00:00,0.00012519709637722612,0.2169315465150852,0.07217428283362809,0.036149739965002654
2013-05-03 00:00:00,0.00030226372844529057,0.23520272700457198,0.06901489185494242,0.03465857779169385
2013-05-03 01:00:00,0.0006234461139737241,0.23980738788593567,0.07217428283362809,0.036398864473800904
2013-05-03 02:00:00,6.907064222957577e-07,0.22065616132934385,0.07217428283362809,0.03608748677002519
2013-05-03 03:00:00,4.826120249757086e-07,0.20602690931119158,0.07470073932026043,0.03735061096614271
2013-05-03 04:00:00,2.621193044751629e-07,0.16066516964866914,0.07020095423442553,0.035100608176865
2013-05-03 05:00:00,4.958815631185245e-08,0.053398727729853886,0.0635406312353914,0.03177034041177386
2013-05-03 06:00:00,1.4909960018793113e-08,0.03162625420378858,0.05879284531211537,0.029396430111037694
2013-05-03 07:00:00,8.756463758852871e-09,9.967780267364566e-08,0.05966145228909746,0.029830730522780607
2013-05-03 08:00:00,5.99128123591169e-09,5.565558074439534e-08,0.05725301388483851,0.028626509938059874
2013-05-03 09:00:00,5.147052446482815e-09,4.84698585364633e-08,0.05611855399609496,0.0280592795715737
2013-05-03 10:00:00,7.684862794280359e-09,6.564215993754936e-08,0.05573592574436008,0.027867966714611437
2013-05-03 11:00:00,7.80500755860347e-09,6.677362230543326e-08,0.05771398123089282,0.02885699451795019
2013-05-03 12:00:00,6.685579174743562e-09,6.099753229399977e-08,0.058620298298046984,0.02931015249181308
2013-05-03 13:00:00,7.541959067057955e-09,6.939407858631124e-08,0.06254790929675977,0.03127395841935942
2013-05-03 14:00:00,1.0839484508947632e-08,1.2619044338991059e-07,0.06361975809458899,0.031809884467036746
2013-05-03 15:00:00,3.478773283794859e-08,0.06392062858214502,0.06494560968439432,0.03247282223606358
2013-05-03 16:00:00,2.251783130766676e-07,0.17815813624582896,0.06482088995302605,0.032410557565669566
2013-05-03 17:00:00,0.03701273377506809,0.2506560882346971,0.057647816414644545,0.04733027509485632
2013-05-03 18:00:00,0.1632303029009942,0.23391202828142607,0.05460476017126914,0.10891753153613166
2013-05-03 19:00:00,0.0383848969026476,0.22903184107074617,0.054706589753987754,0.04654574332831768
2013-05-03 20:00:00,0.0036476115630245482,0.2435960552683114,0.07336889320435273,0.03850825238368864
2013-05-03 21:00:00,0.032116973634746256,0.27420350128653015,0.07764739164106799,0.05488218263790712
2013-05-03 22:00:00,2.3366283683286968e-05,0.2539100338947745,0.07954619511722799,0.03978478070045564
2013-05-03 23:00:00,0.0002406807232562862,0.2947864647841696,0.07217428283362809,0.036207481778442185
2013-05-04 00:00:00,0.0003852822465764732,0.3768287250340091,0.06901489185494242,0.03470008705075944
2013-05-04 01:00:00,0.07803331970006816,0.4329311057723791,0.07217428283362809,0.07510380126684812
2013-05-04 02:00:00,0.09176685934992981,0.5014233613604452,0.07217428283362809,0.08197057109177895
2013-05-04 03:00:00,0.13239717736977274,0.5460755583122165,0.07470073932026043,0.1035489583450166
2013-05-04 04:00:00,4.0730316293986536e-07,0.30298725051367364,0.07020095423442553,0.03510068076879423
2013-05-04 05:00:00,7.103611044902825e-08,0.08225802164935218,0.0635406312353914,0.03177035113575093
2013-05-04 06:00:00,1.2456359094012631e-08,1.6376161909575446e-07,0.05879284531211537,0.029396428884237234
2013-05-04 07:00:00,9.08677092036062e-09,8.731413576348367e-08,0.05966145228909746,0.02983073068793419
2013-05-04 08:00:00,8.38334414957053e-09,7.818701224376253e-08,0.05725301388483851,0.028626511134091332
2013-05-04 09:00:00,8.5173487121976e-09,7.861179037581749e-08,0.05611855399609496,0.028059281256721837
2013-05-04 10:00:00,8.616653644318014e-09,7.917973629021672e-08,0.05573592574436008,0.027867967180506863
2013-05-04 11:00:00,8.684793362798368e-09,8.070968437991425e-08,0.05771398123089282,0.028856994957843093
2013-05-04 12:00:00,9.295605161511188e-09,8.896897568533007e-08,0.058620298298046984,0.029310153796826072
2013-05-04 13:00:00,1.1144031115591028e-08,1.0633349342825339e-07,0.06254790929675977,0.03127396022039544
2013-05-04 14:00:00,1.5051689156248364e-08,1.3774221934836857e-07,0.06361975809458899,0.03180988657313907
2013-05-04 15:00:00,2.4162212141371463e-08,2.887541531321527e-07,0.06494560968439432,0.032472816923303234
2013-05-04 16:00:00,1.5271065484636428e-07,0.15495931005541505,0.06482088995302605,0.03241052133184045
2013-05-04 17:00:00,2.689546700213084e-07,0.2436396621083214,0.057647816414644545,0.028824042684657283
2013-05-04 18:00:00,2.7472282603586083e-07,0.2605103166098641,0.05460476017126914,0.02730251744704759
2013-05-04 19:00:00,2.8377430546632865e-07,0.25954678672410164,0.054706589753987754,0.02735343676414661
2013-05-04 20:00:00,2.749894358225072e-07,0.25077429808058826,0.07336889320435273,0.03668458409689428
2013-05-04 21:00:00,4.077219455929494e-07,0.28118016518798605,0.07764739164106799,0.03882389968150679
2013-05-04 22:00:00,2.493982436045562e-07,0.2214180851561831,0.07954619511722799,0.039773222257735795
2013-05-04 23:00:00,3.5681393699379497e-07,0.23428984060443925,0.07217428283362809,0.03608731982378254
2013-05-05 00:00:00,2.855827635190359e-07,0.20700222701632143,0.06901489185494242,0.03450758871885297
2013-05-05 01:00:00,2.0189916675540886e-07,0.1621319199787135,0.07217428283362809,0.036087242366397425
2013-05-05 02:00:00,1.3543764915635436e-07,0.10622073383429784,0.07217428283362809,0.03608720913563862
2013-05-05 03:00:00,8.69472356063537e-08,0.08131975445244582,0.07470073932026043,0.03735041313374802
2013-05-05 04:00:00,7.120334113292093e-08,0.07234261533984201,0.07020095423442553,0.035100512718883335
2013-05-05 05:00:00,1.997681522787557e-08,0.041770886717125685,0.0635406312353914,0.031770325606103315
2013-05-05 06:00:00,7.606943508494566e-09,8.377720307370024e-08,0.05879284531211537,0.02939642645952944
2013-05-05 07:00:00,8.660366902159652e-09,7.466431592428274e-08,0.05966145228909746,0.02983073047473218
2013-05-05 08:00:00,9.052064241932663e-09,7.459138451068254e-08,0.05725301388483851,0.02862651146845138
2013-05-05 09:00:00,1.3567760537058634e-08,1.0379915458702564e-07,0.05611855399609496,0.02805928378192775
2013-05-05 10:00:00,1.3948170486125964e-08,1.0480624861841347e-07,0.05573592574436008,0.027867969846265283
2013-05-05 11:00:00,1.4187260306532692e-08,1.0692524453996488e-07,0.05771398123089282,0.028856997709076564
2013-05-05 12:00:00,1.4019954432904903e-08,1.1094463115877997e-07,0.058620298298046984,0.02931015615900071
2013-05-05 13:00:00,1.1769480091180988e-08,1.0528234945096338e-07,0.06254790929675977,0.03127396053311993
2013-05-05 14:00:00,1.2207912121198099e-08,1.1265290836905373e-07,0.06361975809458899,0.03180988515125056
2013-05-05 15:00:00,2.0647653146792156e-08,1.9073485148240052e-07,0.06494560968439432,0.03247281516602373
2013-05-05 16:00:00,1.6238885371027578e-07,0.15534704389970502,0.06482088995302605,0.03241052617093988
2013-05-05 17:00:00,8.271740270296576e-07,0.2850412690171945,0.057647816414644545,0.028824321794335788
2013-05-05 18:00:00,4.739355839208116e-05,0.22906875178279887,0.05460476017126914,0.02732607686483061
2013-05-05 19:00:00,4.941424898302731e-07,0.18159614282858944,0.054706589753987754,0.02735354194823879
2013-05-05 20:00:00,2.5298012697747185e-07,0.1407409324167873,0.07336889320435273,0.03668457309223985
2013-05-05 21:00:00,1.2242052972696237e-07,0.098842785260931,0.07764739164106799,0.03882375703079886
2013-05-05 22:00:00,8.998270622369088e-08,0.09026992067531729,0.07954619511722799,0.03977314254996711
2013-05-05 23:00:00,7.541558512338092e-08,0.07852827269934674,0.07217428283362809,0.03608717912460661
2013-05-06 00:00:00,7.105884548798832e-08,0.07264993563353962,0.06901489185494242,0.03450748145689395
2013-05-06 01:00:00,7.214581361531466e-08,0.07121842422997074,0.07217428283362809,0.03608717748972085
2013-05-06 02:00:00,7.825959019104732e-08,0.07277346811138405,0.07217428283362809,0.03608718054660914
2013-05-06 03:00:00,8.33939406518682e-08,0.0735485965334855,0.07470073932026043,0.037350411357100544
2013-05-06 04:00:00,6.963036180864402e-08,0.064595855468122,0.07020095423442553,0.03510051193239367
2013-05-06 05:00:00,2.6416132643160798e-08,0.03785616820895482,0.0635406312353914,0.03177032882576202
2013-05-06 06:00:00,1.0045085230476382e-08,1.5698136505228858e-07,0.05879284531211537,0.0293964276786003
2013-05-06 07:00:00,6.053640460611818e-09,5.8925404321003626e-08,0.05966145228909746,0.02983072917136896
2013-05-06 08:00:00,5.400525461406449e-09,5.0050383774942424e-08,0.05725301388483851,0.02862650964268199
2013-05-06 09:00:00,9.657882704306312e-09,7.520333320558516e-08,0.05611855399609496,0.02805928182698883
2013-05-06 10:00:00,9.326531299235924e-09,7.367055799328933e-08,0.05573592574436008,0.027867967535445688
2013-05-06 11:00:00,9.606703080917391e-09,7.493042768663204e-08,0.05771398123089282,0.02885699541879795
2013-05-06 12:00:00,9.806268856106648e-09,7.938008076034163e-08,0.058620298298046984,0.029310154052157922
2013-05-06 13:00:00,7.559249644388328e-09,6.851673827602212e-08,0.06254790929675977,0.031273958428004706
2013-05-06 14:00:00,1.0420796269021471e-08,1.2408725114275383e-07,0.06361975809458899,0.03180988425769263
2013-05-06 15:00:00,3.506309331903788e-08,0.05669964009771138,0.06494560968439432,0.03247282237374382
2013-05-06 16:00:00,1.487944131070552e-07,0.12614200696189437,0.06482088995302605,0.03241051937371958
2013-05-06 17:00:00,0.12534606685189068,0.2642420472994161,0.057647816414644545,0.0914969416332676
2013-05-06 18:00:00,0.1505069940622615,0.24815898218982227,0.05460476017126914,0.10255587711676532
2013-05-06 19:00:00,0.21756939223375935,0.23864765211321992,0.054706589753987754,0.13613799099387355
2013-05-06 20:00:00,0.20902707330567422,0.23481126600120883,0.07336889320435273,0.14119798325501348
2013-05-06 21:00:00,6.9275283838111e-05,0.18949260836914997,0.07764739164106799,0.03885833346245305
2013-05-06 22:00:00,6.454283449754264e-07,0.24644947774230877,0.07954619511722799,0.039773420272786485
2013-05-06 23:00:00,3.547582622016739e-07,0.212572790887645,0.07217428283362809,0.03608731879594514
2013-05-07 00:00:00,2.6890308783507227e-07,0.19142242043781077,0.06901489185494242,0.03450758037901513
2013-05-07 01:00:00,2.3821861391017247e-07,0.17758444962170802,0.07217428283362809,0.036087260526121
2013-05-07 02:00:00,2.0147095736827536e-07,0.15315072541783317,0.07217428283362809,0.036087242152292726
2013-05-07 03:00:00,1.614771933649021e-07,0.12857438262160512,0.07470073932026043,0.0373504503987269
2013-05-07 04:00:00,1.086501201628076e-07,0.12809953326038154,0.07020095423442553,0.03510053144227285
2013-05-07 05:00:00,4.1497088430562874e-08,0.04639212533216009,0.0635406312353914,0.03177033636623992
2013-05-07 06:00:00,1.7016765873513607e-08,0.02982655180955901,0.05879284531211537,0.02939643116444062
2013-05-07 07:00:00,8.581393806930376e-09,1.3224604164454302e-07,0.05966145228909746,0.02983073043524563
2013-05-07 08:00:00,5.593724083227499e-09,6.059134088132913e-08,0.05725301388483851,0.028626509739281297
2013-05-07 09:00:00,5.214428892074233e-09,5.5040634908506025e-08,0.05611855399609496,0.028059279605261923
2013-05-07 10:00:00,5.170396607439441e-09,5.5001820940047595e-08,0.05573592574436008,0.027867965457378345
2013-05-07 11:00:00,5.438368385067806e-09,5.6315395841356915e-08,0.05771398123089282,0.028856993334630605
2013-05-07 12:00:00,6.112728742894104e-09,6.748097378928402e-08,0.058620298298046984,0.029310152205387862
2013-05-07 13:00:00,7.3011113741999e-09,8.301806081735658e-08,0.06254790929675977,0.03127395829893557
2013-05-07 14:00:00,1.2651687926368013e-08,1.091313189301546e-07,0.06361975809458899,0.031809885373138454
2013-05-07 15:00:00,3.027044019924952e-08,0.04526817986078684,0.06494560968439432,0.03247281997741726
2013-05-07 16:00:00,1.073595368061058e-07,0.11418292039882438,0.06482088995302605,0.03241049865628143
2013-05-07 17:00:00,2.399571212621446e-07,0.15589310979375798,0.057647816414644545,0.028824028185882904
2013-05-07 18:00:00,2.2804837392514154e-07,0.14201012982405317,0.05460476017126914,0.027302494109821534
2013-05-07 19:00:00,1.9257581709919197e-07,0.13022648281165977,0.054706589753987754,0.027353391164902426
2013-05-07 20:00:00,1.5862550506360816e-07,0.12589626220084343,0.07336889320435273,0.0366845259149289
2013-05-07 21:00:00,1.2860045001869922e-07,0.0922095856766362,0.07764739164106799,0.038823760120759006
2013-05-07 22:00:00,1.1138038487962268e-07,0.09716372723519726,0.07954619511722799,0.03977315324880643
2013-05-07 23:00:00,1.328396461045556e-07,0.11085546023581326,0.07217428283362809,0.036087207836637096
2013-05-08 00:00:00,2.0580738121312473e-07,0.17185044998112228,0.06901489185494242,0.03450754883116181
2013-05-08 01:00:00,3.18466119964135e-07,0.19055402866510807,0.07217428283362809,0.036087300649874025
2013-05-08 02:00:00,0.09026492095829745,0.1997119818821731,0.07217428283362809,0.08121960189596278
2013-05-08 03:00:00,0.08620092526738019,0.18946869211203682,0.07470073932026043,0.0804508322938203
2013-05-08 04:00:00,1.9688190686339517e-07,0.15249321114542738,0.07020095423442553,0.035100575558166196
2013-05-08 05:00:00,4.061215990158934e-08,0.062238884387307694,0.0635406312353914,0.03177033592377565
2013-05-08 06:00:00,1.2472434609906473e-08,0.02635911696669391,0.05879284531211537,0.029396428892274992
2013-05-08 07:00:00,5.6377116408930124e-09,5.384738354799291e-08,0.05966145228909746,0.029830728963404548
2013-05-08 08:00:00,5.633126418585532e-09,5.0173424511509345e-08,0.05725301388483851,0.028626509758982465
2013-05-08 09:00:00,5.653205616514051e-09,4.845426415331492e-08,0.05611855399609496,0.02805927982465029
2013-05-08 10:00:00,5.594376915725611e-09,4.810815707946712e-08,0.05573592574436008,0.027867965669368496
2013-05-08 11:00:00,5.623920632547549e-09,4.8283796706224253e-08,0.05771398123089282,0.02885699342740673
2013-05-08 12:00:00,5.567610752564815e-09,4.8641167965672077e-08,0.058620298298046984,0.02931015193282887
2013-05-08 13:00:00,5.751162706333914e-09,4.9808418039331643e-08,0.06254790929675977,0.03127395752396124
2013-05-08 14:00:00,7.380675330316589e-09,6.243260266757887e-08,0.06361975809458899,0.03180988273763216
2013-05-08 15:00:00,1.513563786739226e-08,2.4411938793711833e-07,0.06494560968439432,0.032472812410016094
2013-05-08 16:00:00,5.728645847227288e-08,0.05664384498514681,0.06482088995302605,0.03241047361974226
2013-05-08 17:00:00,7.65793299829366e-08,0.0902389216478672,0.057647816414644545,0.028823946496987263
2013-05-08 18:00:00,7.570859713853805e-08,0.0895139401921834,0.05460476017126914,0.02730241793993314
2013-05-08 19:00:00,7.798329041638477e-08,0.0844972441265357,0.054706589753987754,0.027353333868639085
2013-05-08 20:00:00,8.090099182908073e-08,0.07274875303054108,0.07336889320435273,0.03668448705267228
2013-05-08 21:00:00,7.953020764064733e-08,0.07102344150196538,0.07764739164106799,0.038823735585637814
2013-05-08 22:00:00,8.008500827865425e-08,0.08996535425833493,0.07954619511722799,0.039773137601118135
2013-05-08 23:00:00,1.0176536103178408e-07,0.10714257399196223,0.07217428283362809,0.03608719229949456
2013-05-09 00:00:00,1.300857343040504e-07,0.12853248006344978,0.06901489185494242,0.03450751097033836
2013-05-09 01:00:00,1.2966172063869408e-07,0.1273191924043098,0.07217428283362809,0.036087206247674364
2013-05-09 02:00:00,1.0082877669419458e-07,0.08283513499167894,0.07217428283362809,0.03608719183120239
2013-05-09 03:00:00,7.793484506669704e-08,0.07121854752423658,0.07470073932026043,0.03735040862755275
2013-05-09 04:00:00,5.8747689983714036e-08,0.059715382979143895,0.07020095423442553,0.03510050649105776
2013-05-09 05:00:00,3.4160776548541884e-08,0.03983812731256627,0.0635406312353914,0.03177033269808398
2013-05-09 06:00:00,1.0319070110824517e-08,1.0028422308913908e-07,0.05879284531211537,0.029396427815592742
2013-05-09 07:00:00,6.0236473577091165e-09,5.6885699918689014e-08,0.05966145228909746,0.02983072915637241
2013-05-09 08:00:00,5.491401846710849e-09,4.950946587038093e-08,0.05725301388483851,0.02862650968812018
2013-05-09 09:00:00,5.408124844442049e-09,4.765949328064532e-08,0.05611855399609496,0.0280592797021099
2013-05-09 10:00:00,5.905041337316759e-09,5.5831945397697366e-08,0.05573592574436008,0.02786796582470071
2013-05-09 11:00:00,5.728521318904044e-09,5.335776903691471e-08,0.05771398123089282,0.02885699347970707
2013-05-09 12:00:00,5.370102717821157e-09,5.169973010643353e-08,0.058620298298046984,0.02931015183407485
2013-05-09 13:00:00,5.9702860534798405e-09,5.4193470963856716e-08,0.06254790929675977,0.03127395763352291
2013-05-09 14:00:00,8.159055344572205e-09,7.330073702613553e-08,0.06361975809458899,0.03180988312682217
2013-05-09 15:00:00,1.757336131481078e-08,1.4473734535320407e-07,0.06494560968439432,0.03247281362887782
2013-05-09 16:00:00,7.857415702785114e-08,0.08272645358894169,0.06482088995302605,0.03241048426359154
2013-05-09 17:00:00,1.202994654693751e-07,0.15208255154277733,0.057647816414644545,0.02882396835705501
2013-05-09 18:00:00,1.01832062906689e-07,0.1339852647976203,0.05460476017126914,0.027302431001666023
2013-05-09 19:00:00,9.384837753934288e-08,0.12501793571347053,0.054706589753987754,0.027353341801182648
2013-05-09 20:00:00,9.151092684696836e-08,0.10594820244851308,0.07336889320435273,0.03668449235763979
2013-05-09 21:00:00,9.950238195435414e-08,0.09995884669005509,0.07764739164106799,0.03882374557172497
2013-05-09 22:00:00,1.1261718521979527e-07,0.11003719093119298,0.07954619511722799,0.039773153867206604
2013-05-09 23:00:00,1.487558801959809e-07,0.1338475269212984,0.07217428283362809,0.03608721579475414
2013-05-10 00:00:00,1.8867759979284038e-07,0.15362749001546364,0.06901489185494242,0.034507540266271106
2013-05-10 01:00:00,2.2306559744551227e-07,0.16297041015170222,0.07217428283362809,0.03608725294961277
2013-05-10 02:00:00,2.2578125393941252e-07,0.16128988154336743,0.07217428283362809,0.036087254307441016
2013-05-10 03:00:00,1.973868871153604e-07,0.14901683398490528,0.07470073932026043,0.03735046835357377
2013-05-10 04:00:00,1.279964720759057e-07,0.14857614016811732,0.07020095423442553,0.0351005411154488
2013-05-10 05:00:00,3.783528876195066e-08,0.044447400092438666,0.0635406312353914,0.03177033453534008
2013-05-10 06:00:00,9.790990861370621e-09,1.34347495708941e-07,0.05879284531211537,0.029396427551553115
2013-05-10 07:00:00,5.56281446184531e-09,5.5156157315062185e-08,0.05966145228909746,0.02983072892595596
2013-05-10 08:00:00,6.089950035796625e-09,5.554014693602535e-08,0.05725301388483851,0.028626509987394275
2013-05-10 09:00:00,6.050243899549664e-09,5.3849439283289824e-08,0.05611855399609496,0.028059280023169427
2013-05-10 10:00:00,5.747673787095702e-09,5.156484914815822e-08,0.05573592574436008,0.027867965746016934
2013-05-10 11:00:00,5.811110503914631e-09,5.212519124949859e-08,0.05771398123089282,0.028856993521001663
2013-05-10 12:00:00,6.067909604999493e-09,5.499672937505782e-08,0.058620298298046984,0.029310152182978295
2013-05-10 13:00:00,6.1685582094628075e-09,5.774045925641771e-08,0.06254790929675977,0.03127395773265899
2013-05-10 14:00:00,7.689342425556984e-09,9.245880945968755e-08,0.06361975809458899,0.03180988289196571
2013-05-10 15:00:00,2.4115737113722714e-08,0.041938356125919694,0.06494560968439432,0.03247281690006572
2013-05-10 16:00:00,7.089991800660817e-08,0.07804875324174523,0.06482088995302605,0.03241048042647203
2013-05-10 17:00:00,1.0538483238729761e-07,0.10790718718295254,0.057647816414644545,0.028823960899738467
2013-05-10 18:00:00,9.786879604808412e-08,0.1239071074511485,0.05460476017126914,0.027302429020032593
2013-05-10 19:00:00,9.951226935972225e-08,0.11253564197304959,0.054706589753987754,0.027353344633128558
2013-05-10 20:00:00,1.211963371235019e-07,0.12851127961047185,0.07336889320435273,0.036684507200344926
2013-05-10 21:00:00,1.9675209511468483e-07,0.1692004333392696,0.07764739164106799,0.03882379419658155
2013-05-10 22:00:00,2.5015510311268273e-07,0.1725141716011306,0.07954619511722799,0.039773222636165555
2013-05-10 23:00:00,5.209247061796546e-07,0.23053369530985982,0.07217428283362809,0.03608740187916713
2013-05-11 00:00:00,7.584024673360271e-07,0.25801622604671787,0.06901489185494242,0.03450782512870488
2013-05-11 01:00:00,5.784490700659932e-07,0.2387773369735619,0.07217428283362809,0.036087430641349075
2013-05-11 02:00:00,3.4536129511406633e-07,0.20049518708787692,0.07217428283362809,0.036087314097461604
2013-05-11 03:00:00,2.414416124565415e-07,0.16988986804783204,0.07470073932026043,0.03735049038093644
2013-05-11 04:00:00,2.142101389086108e-07,0.16576911300785196,0.07020095423442553,0.03510058422228222
2013-05-11 05:00:00,3.596966422831011e-08,0.047304644495300176,0.0635406312353914,0.03177033360252782
2013-05-11 06:00:00,9.869024450954652e-09,1.1529692580308066e-07,0.05879284531211537,0.02939642759056991
2013-05-11 07:00:00,5.710072159590365e-09,5.332775246722447e-08,0.05966145228909746,0.029830728999584808
2013-05-11 08:00:00,6.764501013471072e-09,6.018886865725522e-08,0.05725301388483851,0.028626510324669764
2013-05-11 09:00:00,6.930468528988442e-09,5.971692485638536e-08,0.05611855399609496,0.028059280463281745
2013-05-11 10:00:00,7.017506629929739e-09,5.991968644853643e-08,0.05573592574436008,0.027867966380933355
2013-05-11 11:00:00,7.370240322752848e-09,6.30951585565298e-08,0.05771398123089282,0.028856994300566572
2013-05-11 12:00:00,7.296653148757327e-09,6.274104189588285e-08,0.058620298298046984,0.029310152797350067
2013-05-11 13:00:00,6.239999659545619e-09,6.295559848332146e-08,0.06254790929675977,0.03127395776837971
2013-05-11 14:00:00,8.63734513715223e-09,1.0437981729733455e-07,0.06361975809458899,0.03180988336596706
2013-05-11 15:00:00,2.044450420600185e-08,1.7629480295888338e-07,0.06494560968439432,0.03247281506444926
2013-05-11 16:00:00,1.459048827912032e-07,0.13578606772233848,0.06482088995302605,0.03241051792895442
2013-05-11 17:00:00,6.663838963042311e-05,0.3874852948166457,0.057647816414644545,0.028857227402137486
2013-05-11 18:00:00,6.74934052185994e-05,0.33547793452255986,0.05460476017126914,0.02733612678824387
2013-05-11 19:00:00,9.56472732609652e-07,0.32167922196257925,0.054706589753987754,0.02735377311336018
2013-05-11 20:00:00,1.1127867481440883e-06,0.3710529105066844,0.07336889320435273,0.03668500299555044
2013-05-11 21:00:00,1.1142548228972432e-06,0.39194081672485653,0.07764739164106799,0.03882425294794544
2013-05-11 22:00:00,8.303535940840444e-07,0.35714131955710593,0.07954619511722799,0.039773512735411035
2013-05-11 23:00:00,8.261441959423102e-07,0.3606159999653868,0.07217428283362809,0.036087554488912016
2013-05-12 00:00:00,7.967518727874091e-07,0.3662818110718543,0.06901489185494242,0.0345078443034076
2013-05-12 01:00:00,7.093215331653923e-07,0.3550736242676174,0.07217428283362809,0.036087496077580626
2013-05-12 02:00:00,6.130312043100181e-07,0.34216978359999195,0.07217428283362809,0.0360874479324162
2013-05-12 03:00:00,5.076174770666885e-07,0.3177082404090841,0.07470073932026043,0.03735062346886875
2013-05-12 04:00:00,2.3483639235566836e-07,0.20447451721865728,0.07020095423442553,0.035100594535408945
2013-05-12 05:00:00,3.3510510850982666e-08,0.059072109140157626,0.0635406312353914,0.03177033237295113
2013-05-12 06:00:00,9.43291776132009e-09,1.2247169809183277e-07,0.05879284531211537,0.029396427372516565
2013-05-12 07:00:00,7.026795149117554e-09,6.632029823472589e-08,0.05966145228909746,0.029830729657946302
2013-05-12 08:00:00,9.260916019985389e-09,7.81219722504371e-08,0.05725301388483851,0.028626511572877267
2013-05-12 09:00:00,9.598155649124563e-09,8.040634633622556e-08,0.05611855399609496,0.028059281797125305
2013-05-12 10:00:00,9.592889075278013e-09,7.996326327758503e-08,0.05573592574436008,0.027867967668624576
2013-05-12 11:00:00,9.90313587650066e-09,8.365737980671196e-08,0.05771398123089282,0.02885699556701435
2013-05-12 12:00:00,9.828627494058048e-09,8.398426235704545e-08,0.058620298298046984,0.02931015406333724
2013-05-12 13:00:00,9.8063646673543e-09,8.794175451765275e-08,0.06254790929675977,0.031273959551562217
2013-05-12 14:00:00,1.1516396653998477e-08,1.1505005843180535e-07,0.06361975809458899,0.03180988480549282
2013-05-12 15:00:00,1.9845270527056448e-08,2.403419974577953e-07,0.06494560968439432,0.03247281476483242
2013-05-12 16:00:00,1.6788520546882697e-07,0.1688460212792524,0.06482088995302605,0.032410528919115764
2013-05-12 17:00:00,9.894029583293315e-05,0.4782062414493852,0.057647816414644545,0.02887337835523874
2013-05-12 18:00:00,0.3282710370788992,0.3938626595548654,0.05460476017126914,0.19143789862508417
2013-05-12 19:00:00,0.3283152765960251,0.3943360580017418,0.054706589753987754,0.19151093317500642
2013-05-12 20:00:00,0.32863521051172184,0.39803749846727454,0.07336889320435273,0.2010020518580373
2013-05-12 21:00:00,0.00012061920941160561,0.4341513335981378,0.07764739164106799,0.038884005425239794
2013-05-12 22:00:00,9.937091585535836e-07,0.3297763546574981,0.07954619511722799,0.039773594413193274
2013-05-12 23:00:00,2.87468289265455e-05,0.38759628488860626,0.07217428283362809,0.03610151483127732
2013-05-13 00:00:00,2.8099315091306423e-05,0.4331306932932662,0.06901489185494242,0.03452149558501686
2013-05-13 01:00:00,2.2748346061427534e-05,0.39320699015765603,0.07217428283362809,0.03609851558984476
2013-05-13 02:00:00,2.0151063186668192e-05,0.354084509839337,0.07217428283362809,0.03609721694840738
2013-05-13 03:00:00,2.364595637979395e-05,0.32844919503287767,0.07470073932026043,0.037362192638320114
2013-05-13 04:00:00,2.923394493669536e-07,0.17090069348507547,0.07020095423442553,0.03510062328693745
2013-05-13 05:00:00,6.129789172780389e-08,0.06387946304408497,0.0635406312353914,0.03177034626664157
2013-05-13 06:00:00,1.585980541033789e-08,1.9768849788473607e-07,0.05879284531211537,0.029396430585960392
2013-05-13 07:00:00,8.728974058277615e-09,9.854979121924364e-08,0.05966145228909746,0.029830730509035758
2013-05-13 08:00:00,7.351692992340019e-09,6.668904331772138e-08,0.05725301388483851,0.028626510618265752
2013-05-13 09:00:00,6.780457510014397e-09,6.184542208894491e-08,0.05611855399609496,0.028059280388276233
2013-05-13 10:00:00,6.970089922245303e-09,6.339150920650464e-08,0.05573592574436008,0.027867966357225
2013-05-13 11:00:00,7.671349035648905e-09,6.898643651167311e-08,0.05771398123089282,0.02885699445112093
2013-05-13 12:00:00,9.531679392724251e-09,8.377582026132334e-08,0.058620298298046984,0.029310153914863187
2013-05-13 13:00:00,1.357943512600722e-08,1.1323771174279279e-07,0.06254790929675977,0.03127396143809745
2013-05-13 14:00:00,2.0240985666912745e-08,2.0111039754162647e-07,0.06361975809458899,0.03180988916778733
2013-05-13 15:00:00,4.7401939400578544e-08,3.581220390643897e-07,0.06494560968439432,0.03247282854316686
2013-05-13 16:00:00,3.290757392311702e-07,0.1480096035793463,0.06482088995302605,0.03241060951438264
2013-05-13 17:00:00,0.07449972096176956,0.24812229341355144,0.057647816414644545,0.06607376868820705
2013-05-13 18:00:00,0.06895395448795136,0.23386355628606115,0.05460476017126914,0.06177935732961025
2013-05-13 19:00:00,0.061297831420043136,0.21329794619307713,0.054706589753987754,0.05800221058701545
2013-05-13 20:00:00,0.054669747677626286,0.19461109224807968,0.07336889320435273,0.06401932044098951
2013-05-13 21:00:00,0.0013124103533732159,0.16525181824555715,0.07764739164106799,0.0394799009972206
2013-05-13 22:00:00,0.04410889027414283,0.1647737546205016,0.07954619511722799,0.06182754269568541
2013-05-13 23:00:00,2.385742231844363e-07,0.0991932740771211,0.07217428283362809,0.036087260703925636
2013-05-14 00:00:00,9.6203502989743e-08,0.07100141796514438,0.06901489185494242,0.0345074940292227
2013-05-14 01:00:00,8.939268043197403e-08,0.07118473155378993,0.07217428283362809,0.036087186113154264
2013-05-14 02:00:00,8.472301992606357e-08,0.0715006325917326,0.07217428283362809,0.036087183778324004
2013-05-14 03:00:00,7.997046566304561e-08,0.09598644717798732,0.07470073932026043,0.03735040964536305
2013-05-14 04:00:00,7.037763174905751e-08,0.0743780265668122,0.07020095423442553,0.03510051230602864
2013-05-14 05:00:00,5.3999602022933105e-08,0.0762643828109391,0.0635406312353914,0.031770342617496714
2013-05-14 06:00:00,2.28857424502167e-08,0.030232227918552807,0.05879284531211537,0.02939643409892891
2013-05-14 07:00:00,1.0858588404138781e-08,9.326121143344839e-08,0.05966145228909746,0.02983073157384293
2013-05-14 08:00:00,9.503999327268912e-09,8.283790742168008e-08,0.05725301388483851,0.028626511694418922
2013-05-14 09:00:00,9.010565536852679e-09,7.917309038085285e-08,0.05611855399609496,0.028059281503330247
2013-05-14 10:00:00,9.612284376395794e-09,8.390290548816411e-08,0.05573592574436008,0.02786796767832223
2013-05-14 11:00:00,1.0188073258685593e-08,8.715895092900947e-08,0.05771398123089282,0.02885699570948304
2013-05-14 12:00:00,1.1321867336110063e-08,9.5157104458759e-08,0.058620298298046984,0.029310154809957162
2013-05-14 13:00:00,1.363004994940798e-08,1.105320758680379e-07,0.06254790929675977,0.03127396146340486
2013-05-14 14:00:00,1.7435956265111926e-08,1.3652693861379083e-07,0.06361975809458899,0.031809887765272625
2013-05-14 15:00:00,3.483029864342692e-08,2.5734371789111925e-07,0.06494560968439432,0.03247282225734648
2013-05-14 16:00:00,1.7944749551710247e-07,0.12070795482251502,0.06482088995302605,0.032410534700260785
2013-05-14 17:00:00,0.14190409839404675,0.25498468652271095,0.057647816414644545,0.09977595740434564
2013-05-14 18:00:00,0.20682296554768131,0.2616311921183215,0.05460476017126914,0.13071386285947523
2013-05-14 19:00:00,0.22628666791423707,0.25925644553319016,0.054706589753987754,0.1404966288341124
2013-05-14 20:00:00,0.21434444710220213,0.24952181326185824,0.07336889320435273,0.14385667015327744
2013-05-14 21:00:00,0.01968101553087043,0.24868671085306623,0.07764739164106799,0.04866420358596921
2013-05-14 22:00:00,0.13507232398772384,0.2782455316352951,0.07954619511722799,0.10730925955247592
2013-05-14 23:00:00,5.349893433094975e-07,0.22604988341377757,0.07217428283362809,0.0360874089114857
2013-05-15 00:00:00,5.584002601897035e-07,0.2288092635911019,0.06901489185494242,0.0345077251276013
2013-05-15 01:00:00,5.53179920970258e-07,0.22665087007996665,0.07217428283362809,0.03608741800677453
2013-05-15 02:00:00,4.991360786372254e-07,0.21927567065848047,0.07217428283362809,0.03608739098485336
2013-05-15 03:00:00,4.823005866597159e-07,0.2165120742097899,0.07470073932026043,0.03735061081042355
2013-05-15 04:00:00,2.2387030566356056e-07,0.15561146507298584,0.07020095423442553,0.0351005890523656
2013-05-15 05:00:00,6.41854208978231e-08,0.06833280639940238,0.0635406312353914,0.03177034771040615
2013-05-15 06:00:00,1.1960311047344227e-08,1.1202868254008942e-07,0.05879284531211537,0.02939642863621321
2013-05-15 07:00:00,9.115897617080964e-09,8.389248587890803e-08,0.05966145228909746,0.02983073070249754
2013-05-15 08:00:00,7.914251491027175e-09,7.332293014022186e-08,0.05725301388483851,0.028626510899545002
2013-05-15 09:00:00,7.468317660101992e-09,6.967564446893793e-08,0.05611855399609496,0.02805928073220631
2013-05-15 10:00:00,7.793285472013622e-09,7.306640105460309e-08,0.05573592574436008,0.027867966768822777
2013-05-15 11:00:00,8.009512738088773e-09,7.443506130075698e-08,0.05771398123089282,0.028856994620202782
2013-05-15 12:00:00,8.409426896912254e-09,7.771744721069386e-08,0.058620298298046984,0.02931015335373694
2013-05-15 13:00:00,9.098613935047077e-09,8.410534682500846e-08,0.06254790929675977,0.03127395919768685
2013-05-15 14:00:00,1.0437057996247267e-08,9.467343709776469e-08,0.06361975809458899,0.03180988426582349
2013-05-15 15:00:00,1.8434026669335917e-08,1.952851305572773e-07,0.06494560968439432,0.03247281405921049
2013-05-15 16:00:00,7.355806335153878e-08,0.08503236724039091,0.06482088995302605,0.0324104817555447
2013-05-15 17:00:00,1.3578092429786515e-07,0.18945266861685667,0.057647816414644545,0.02882397609778442
2013-05-15 18:00:00,1.7523787533959565e-07,0.21085923557856717,0.05460476017126914,0.02730246770457224
2013-05-15 19:00:00,1.8911284177938393e-07,0.22277553688586357,0.054706589753987754,0.027353389433414768
2013-05-15 20:00:00,1.733448408626949e-07,0.2250713059743328,0.07336889320435273,0.036684533274596795
2013-05-15 21:00:00,1.4755744472805534e-07,0.20035523387705137,0.07764739164106799,0.038823769599256354
2013-05-15 22:00:00,1.360358476828984e-07,0.18182258102261137,0.07954619511722799,0.03977316557653784
2013-05-15 23:00:00,1.4340997008101535e-07,0.18744017831830068,0.07217428283362809,0.036087213121799085
2013-05-16 00:00:00,1.6737610578884026e-07,0.20718524204585717,0.06901489185494242,0.034507529615524106
2013-05-16 01:00:00,2.2334934781245946e-07,0.23955144650569096,0.07217428283362809,0.03608725309148795
2013-05-16 02:00:00,2.5666319030634466e-07,0.25356664779270255,0.07217428283362809,0.0360872697484092
2013-05-16 03:00:00,2.588445827812155e-07,0.2585162199753587,0.07470073932026043,0.03735049908242161
2013-05-16 04:00:00,1.4032079547796592e-07,0.18555522927945853,0.07020095423442553,0.03510054727761051
2013-05-16 05:00:00,4.675345829746586e-08,0.0793860356867493,0.0635406312353914,0.03177033899442485
2013-05-16 06:00:00,2.1538736969202597e-08,0.034294889027245805,0.05879284531211537,0.02939643342542617
2013-05-16 07:00:00,6.922745802819986e-09,7.296868484153707e-08,0.05966145228909746,0.02983072960592163
2013-05-16 08:00:00,5.805646755492829e-09,5.154909353059095e-08,0.05725301388483851,0.028626509845242634
2013-05-16 09:00:00,6.406655637067981e-09,5.476933856550247e-08,0.05611855399609496,0.028059280201375297
2013-05-16 10:00:00,6.083974236924376e-09,5.2756835960624834e-08,0.05573592574436008,0.027867965914167157
2013-05-16 11:00:00,5.655837961599801e-09,5.040278622936619e-08,0.05771398123089282,0.028856993443365394
2013-05-16 12:00:00,6.230917361243468e-09,5.8671160211481496e-08,0.058620298298046984,0.02931015226448217
2013-05-16 13:00:00,7.264571791462389e-09,8.419167232757765e-08,0.06254790929675977,0.03127395828066578
2013-05-16 14:00:00,1.2800181742100446e-08,1.597826308842605e-07,0.06361975809458899,0.03180988544738537
2013-05-16 15:00:00,4.097094103742305e-08,0.054314099713363734,0.06494560968439432,0.03247282532766768
2013-05-16 16:00:00,9.922512016658179e-08,0.13884186346422653,0.06482088995302605,0.03241049458907311
2013-05-16 17:00:00,2.26944568864703e-07,0.21416691572629423,0.057647816414644545,0.028824021679606706
2013-05-16 18:00:00,2.2643408632059858e-07,0.18725341285295305,0.05460476017126914,0.02730249330267773
2013-05-16 19:00:00,1.9985668055374513e-07,0.16874463252404326,0.054706589753987754,0.027353394805334153
2013-05-16 20:00:00,1.839527735183059e-07,0.16047132410182913,0.07336889320435273,0.036684538578563124
2013-05-16 21:00:00,1.7536269145100065e-07,0.15404743315787392,0.07764739164106799,0.03882378350187972
2013-05-16 22:00:00,1.4808199754322092e-07,0.1473965857012957,0.07954619511722799,0.039773171599612765
2013-05-16 23:00:00,1.287096296168752e-07,0.14130248011484017,0.07217428283362809,0.036087205771628855
2013-05-17 00:00:00,1.0209057448544195e-07,0.1259114925857498,0.06901489185494242,0.03450749697275845
2013-05-17 01:00:00,8.337996435043303e-08,0.11314787233699032,0.07217428283362809,0.03608718310679622
2013-05-17 02:00:00,7.57635545734354e-08,0.10632480119296571,0.07217428283362809,0.03608717929859133
2013-05-17 03:00:00,7.692068054802908e-08,0.10610613217015967,0.07470073932026043,0.03735040812047049
2013-05-17 04:00:00,6.767048258512911e-08,0.0947259427236678,0.07020095423442553,0.035100510952454055
2013-05-17 05:00:00,4.515186309906947e-08,0.04952294675980617,0.0635406312353914,0.03177033819362725
2013-05-17 06:00:00,2.892749211284696e-08,0.03785522999124527,0.05879284531211537,0.02939643711980374
2013-05-17 07:00:00,1.449725394900341e-08,0.03079445946214932,0.05966145228909746,0.029830733393175702
2013-05-17 08:00:00,7.1679639948772185e-09,7.078785234776919e-08,0.05725301388483851,0.028626510526401253
2013-05-17 09:00:00,6.557965316587164e-09,6.268158123504551e-08,0.05611855399609496,0.028059280277030137
2013-05-17 10:00:00,6.346594587855998e-09,5.663404284742686e-08,0.05573592574436008,0.027867966045477335
2013-05-17 11:00:00,6.4212179231911384e-09,5.7120092943987396e-08,0.05771398123089282,0.028856993826055374
2013-05-17 12:00:00,7.423751998062638e-09,6.514329081105024e-08,0.058620298298046984,0.02931015286089949
2013-05-17 13:00:00,9.082847513265461e-09,8.369190981296464e-08,0.06254790929675977,0.03127395918980364
2013-05-17 14:00:00,1.1302684369076606e-08,1.318680425789452e-07,0.06361975809458899,0.03180988469863668
2013-05-17 15:00:00,2.6680641631011104e-08,0.053137323224177815,0.06494560968439432,0.032472818182517973
2013-05-17 16:00:00,7.731817809988034e-08,0.11167893906593607,0.06482088995302605,0.032410483635602075
2013-05-17 17:00:00,1.1010079899415825e-07,0.13902500298285675,0.057647816414644545,0.02882396325772177
2013-05-17 18:00:00,1.0010362504812482e-07,0.12448157187092046,0.05460476017126914,0.027302430137447094
2013-05-17 19:00:00,1.0558714123190537e-07,0.12391131236384689,0.054706589753987754,0.027353347670564493
2013-05-17 20:00:00,9.998793478920211e-08,0.12407469749744078,0.07336889320435273,0.03668449659614376
2013-05-17 21:00:00,8.515970060158043e-08,0.11865241638027284,0.07764739164106799,0.03882373840038429
2013-05-17 22:00:00,8.344882728296728e-08,0.1216685194828564,0.07954619511722799,0.039773139283027635
2013-05-17 23:00:00,8.43616803451945e-08,0.12713166477325918,0.07217428283362809,0.03608718359765422
2013-05-18 00:00:00,1.0735002479904852e-07,0.15672062410959145,0.06901489185494242,0.03450749960248361
2013-05-18 01:00:00,1.6323750910661253e-07,0.20452196554335803,0.07217428283362809,0.0360872230355686
2013-05-18 02:00:00,2.1605331331559376e-07,0.24155648531674692,0.07217428283362809,0.0360872494434707
2013-05-18 03:00:00,2.849398914549978e-07,0.28648997329874365,0.07470073932026043,0.037350512130075945
2013-05-18 04:00:00,1.6159996607118933e-07,0.20210444644716066,0.07020095423442553,0.0351005579171958
2013-05-18 05:00:00,3.43644241336952e-08,0.06195138132273428,0.0635406312353914,0.03177033279990777
2013-05-18 06:00:00,9.714399158113903e-09,1.26129734837984e-07,0.05879284531211537,0.029396427513257266
2013-05-18 07:00:00,7.036327314842038e-09,6.776548322419724e-08,0.05966145228909746,0.029830729662712385
2013-05-18 08:00:00,7.567283174067666e-09,6.922199680698544e-08,0.05725301388483851,0.028626510726060844
2013-05-18 09:00:00,7.663564569830761e-09,6.850661139989672e-08,0.05611855399609496,0.028059280829829763
2013-05-18 10:00:00,7.805965268700163e-09,6.995333416963841e-08,0.05573592574436008,0.027867966775162675
2013-05-18 11:00:00,8.027729640611948e-09,7.235108145221443e-08,0.05771398123089282,0.028856994629311232
2013-05-18 12:00:00,7.969985586865532e-09,7.372402255477523e-08,0.058620298298046984,0.029310153134016286
2013-05-18 13:00:00,8.442300046452068e-09,8.022654121113517e-08,0.06254790929675977,0.031273958869529904
2013-05-18 14:00:00,1.085532028401773e-08,1.0322012823466617e-07,0.06361975809458899,0.031809884474954635
2013-05-18 15:00:00,1.7383995108514635e-08,2.1809593398570488e-07,0.06494560968439432,0.03247281353419471
2013-05-18 16:00:00,1.2618384102350238e-07,0.14766076520673002,0.06482088995302605,0.03241050806843354
2013-05-18 17:00:00,0.20900909216004193,0.48957976524115476,0.057647816414644545,0.13332845428734325
2013-05-18 18:00:00,0.20274792143081607,0.4777189364358115,0.05460476017126914,0.12867634080104262
2013-05-18 19:00:00,0.19646793018792533,0.4674576914553525,0.054706589753987754,0.12558725997095654
2013-05-18 20:00:00,0.19304225853680912,0.4614801538475268,0.07336889320435273,0.13320557587058093
2013-05-18 21:00:00,0.190510036547778,0.4617818804072686,0.07764739164106799,0.134078714094423
2013-05-18 22:00:00,7.815842086642257e-07,0.39315673609788443,0.07954619511722799,0.039773488350718325
2013-05-18 23:00:00,0.16529187638672174,0.4238214380166454,0.07217428283362809,0.11873307961017492
2013-05-19 00:00:00,0.19131932264509205,0.4426293479269432,0.06901489185494242,0.13016710725001723
2013-05-19 01:00:00,0.2257981885409975,0.4465425508557705,0.07217428283362809,0.14898623568731278
2013-05-19 02:00:00,0.24211993419591482,0.44043863755016227,0.07217428283362809,0.15714710851477146
2013-05-19 03:00:00,0.2635846806959747,0.4457780429104876,0.07470073932026043,0.16914271000811756
2013-05-19 04:00:00,3.2622656021386544e-07,0.2682716350183692,0.07020095423442553,0.03510064023049287
2013-05-19 05:00:00,3.240658599047084e-08,0.05644962390016097,0.0635406312353914,0.03177033182098869
2013-05-19 06:00:00,8.85556703007454e-09,1.1642261548176631e-07,0.05879284531211537,0.0293964270838412
2013-05-19 07:00:00,6.547314563716006e-09,6.323985336490882e-08,0.05966145228909746,0.029830729418206012
2013-05-19 08:00:00,9.17742936183861e-09,7.871237297676024e-08,0.05725301388483851,0.02862651153113394
2013-05-19 09:00:00,9.251679421129574e-09,7.748240402046381e-08,0.05611855399609496,0.02805928162388719
2013-05-19 10:00:00,9.099260999271623e-09,7.659326224433242e-08,0.05573592574436008,0.02786796742181054
2013-05-19 11:00:00,9.097874892605275e-09,7.773947865582069e-08,0.05771398123089282,0.028856995164383857
2013-05-19 12:00:00,8.911276259173361e-09,7.884869204957339e-08,0.058620298298046984,0.02931015360466162
2013-05-19 13:00:00,8.528638709661994e-09,7.909575031408593e-08,0.06254790929675977,0.03127395891269924
2013-05-19 14:00:00,8.917381733425403e-09,8.656819896338529e-08,0.06361975809458899,0.03180988350598536
2013-05-19 15:00:00,1.4721466179516994e-08,1.8826469441827895e-07,0.06494560968439432,0.03247281220293025
2013-05-19 16:00:00,9.39583070347947e-08,0.11121205064662906,0.06482088995302605,0.032410491955666546
2013-05-19 17:00:00,3.8551782583024266e-07,0.2559114288342845,0.057647816414644545,0.028824100966235187
2013-05-19 18:00:00,4.5686014338403316e-07,0.22987272679072052,0.05460476017126914,0.02730260851570626
2013-05-19 19:00:00,0.1001968204504835,0.21913963658536387,0.054706589753987754,0.07745170510223563
2013-05-19 20:00:00,0.11404286732486453,0.21739907511253695,0.07336889320435273,0.09370588026460863
2013-05-19 21:00:00,0.1357159068314873,0.23102822342536683,0.07764739164106799,0.10668164923627764
2013-05-19 22:00:00,0.14062403208013732,0.23463915815372116,0.07954619511722799,0.11008511359868266
2013-05-19 23:00:00,0.11289936705022284,0.23016605442620847,0.07217428283362809,0.09253682494192547
2013-05-20 00:00:00,4.634398244242777e-07,0.22901119919398294,0.06901489185494242,0.03450767764738342
2013-05-20 01:00:00,4.14763593047235e-07,0.2381718345150457,0.07217428283362809,0.03608734879861057
2013-05-20 02:00:00,4.279421294809285e-07,0.2547241632801144,0.07217428283362809,0.036087355387878786
2013-05-20 03:00:00,4.612604752253924e-07,0.2667194782004132,0.07470073932026043,0.03735060029036783
2013-05-20 04:00:00,1.3737151451453684e-07,0.15858429595861218,0.07020095423442553,0.03510054580297002
2013-05-20 05:00:00,4.661652496555246e-08,0.05349481979138801,0.0635406312353914,0.03177033892595818
2013-05-20 06:00:00,1.5545335015960396e-08,2.5177029898466253e-06,0.05879284531211537,0.029396430428725195
2013-05-20 07:00:00,6.92453355730291e-09,6.97261725860536e-08,0.05966145228909746,0.029830729606815508
2013-05-20 08:00:00,5.87951829859158e-09,5.6165823490502904e-08,0.05725301388483851,0.028626509882178405
2013-05-20 09:00:00,5.66256669909002e-09,5.3690358067604864e-08,0.05611855399609496,0.02805927982933083
2013-05-20 10:00:00,5.544387290887843e-09,5.268665537391629e-08,0.05573592574436008,0.027867965644373684
2013-05-20 11:00:00,5.967696334583622e-09,5.6301093594318684e-08,0.05771398123089282,0.02885699359929458
2013-05-20 12:00:00,6.62438605162472e-09,6.227203936168558e-08,0.058620298298046984,0.02931015246121652
2013-05-20 13:00:00,7.930261408061689e-09,7.414704529369271e-08,0.06254790929675977,0.03127395861351059
2013-05-20 14:00:00,1.0204649865044016e-08,1.2373079354204762e-07,0.06361975809458899,0.031809884149619425
2013-05-20 15:00:00,2.4087133645114952e-08,9.87933820333645e-07,0.06494560968439432,0.032472816885763985
2013-05-20 16:00:00,7.240835881450526e-08,0.07820030105599657,0.06482088995302605,0.03241048118069243
2013-05-20 17:00:00,1.4752764904187286e-07,0.15930671164722013,0.057647816414644545,0.028823981971146793
2013-05-20 18:00:00,1.578768992452837e-07,0.1682597293395769,0.05460476017126914,0.027302459024084194
2013-05-20 19:00:00,1.7947016065397064e-07,0.1898387724092711,0.054706589753987754,0.027353384612074205
2013-05-20 20:00:00,2.0712743739283228e-07,0.19864233092661998,0.07336889320435273,0.036684550165895065
2013-05-20 21:00:00,2.0260695996239292e-07,0.19573504987982387,0.07764739164106799,0.03882379712401397
2013-05-20 22:00:00,0.33187926536309237,0.4376240797258784,0.07954619511722799,0.20571273024016018
2013-05-20 23:00:00,0.3341145571141991,0.46938699387329214,0.07217428283362809,0.20314441997391358
2013-05-21 00:00:00,0.3349006574475177,0.4815897040394638,0.06901489185494242,0.20195777465123005
2013-05-21 01:00:00,0.2602205298456222,0.4515339273825941,0.07217428283362809,0.16619740633962515
2013-05-21 02:00:00,7.310642183055233e-07,0.35987237955449264,0.07217428283362809,0.036087506948923195
2013-05-21 03:00:00,2.79640867797698e-07,0.2763103791742106,0.07470073932026043,0.03735050948056411
2013-05-21 04:00:00,1.745190173470158e-07,0.21302004503673083,0.07020095423442553,0.03510056437672144
2013-05-21 05:00:00,5.029761461830199e-08,0.05990231361171405,0.0635406312353914,0.03177034076650301
2013-05-21 06:00:00,1.5878799889704586e-08,0.034836108669879594,0.05879284531211537,0.029396430595457632
2013-05-21 07:00:00,6.988757893371067e-09,8.763031013996311e-08,0.05966145228909746,0.029830729638927675
2013-05-21 08:00:00,5.9534792039196526e-09,6.343666113440832e-08,0.05725301388483851,0.028626509919158858
2013-05-21 09:00:00,5.533017821844872e-09,5.726611975965832e-08,0.05611855399609496,0.02805927976455639
2013-05-21 10:00:00,5.628917571834763e-09,5.843264944724308e-08,0.05573592574436008,0.027867965686638827
2013-05-21 11:00:00,5.9119308994755945e-09,6.25460961796996e-08,0.05771398123089282,0.02885699357141186
2013-05-21 12:00:00,6.4466908616848365e-09,7.258695627858384e-08,0.058620298298046984,0.029310152372368923
2013-05-21 13:00:00,7.34243361408401e-09,9.113137673368832e-08,0.06254790929675977,0.031273958319596694
2013-05-21 14:00:00,1.2156117676385459e-08,1.0992969100450225e-07,0.06361975809458899,0.031809885125353335
2013-05-21 15:00:00,2.7311325251423625e-08,0.04715337582078604,0.06494560968439432,0.03247281849785979
2013-05-21 16:00:00,7.345243493311949e-08,0.1121877954348851,0.06482088995302605,0.0324104817027305
2013-05-21 17:00:00,1.2263857733069314e-07,0.15758352411493304,0.057647816414644545,0.028823969526610937
2013-05-21 18:00:00,1.4625808203879087e-07,0.17197987825275926,0.05460476017126914,0.02730245321467559
2013-05-21 19:00:00,1.6123373994010297e-07,0.18206118128454793,0.054706589753987754,0.02735337549386385
2013-05-21 20:00:00,1.7082532667909465e-07,0.18983483694631056,0.07336889320435273,0.036684532014839705
2013-05-21 21:00:00,2.0191954410766867e-07,0.20317461113687624,0.07764739164106799,0.03882379678030605
2013-05-21 22:00:00,1.5403834894235302e-07,0.18233077761663427,0.07954619511722799,0.039773174577788464
2013-05-21 23:00:00,1.3964001424948767e-07,0.17391944658219716,0.07217428283362809,0.03608721123682117
2013-05-22 00:00:00,1.5091298077501093e-07,0.18471512995462683,0.06901489185494242,0.0345075213839616
2013-05-22 01:00:00,2.070502020131307e-07,0.2148942038824566,0.07217428283362809,0.03608724494191505
2013-05-22 02:00:00,2.715426473567662e-07,0.23709009243272514,0.07217428283362809,0.03608727718813772
2013-05-22 03:00:00,3.481933081037621e-07,0.2549516184064983,0.07470073932026043,0.03735054375678427
2013-05-22 04:00:00,1.7472451137756515e-07,0.1864351611837845,0.07020095423442553,0.03510056447946845
2013-05-22 05:00:00,7.885033478406562e-08,0.11560002780510369,0.0635406312353914,0.031770355042863095
2013-05-22 06:00:00,3.057625711134307e-08,0.054625610131286514,0.05879284531211537,0.02939643794418624
2013-05-22 07:00:00,1.0574287100333057e-08,1.341952570970554e-07,0.05966145228909746,0.02983073143169228
2013-05-22 08:00:00,8.735799502918449e-09,9.557669337994843e-08,0.05725301388483851,0.028626511310319007
2013-05-22 09:00:00,8.493392999494652e-09,8.40664556924571e-08,0.05611855399609496,0.02805928124474398
2013-05-22 10:00:00,8.64944765189509e-09,8.349000360674622e-08,0.05573592574436008,0.027867967196903865
2013-05-22 11:00:00,8.199910225196211e-09,7.782520097359736e-08,0.05771398123089282,0.028856994715401523
2013-05-22 12:00:00,8.037399455682662e-09,7.689728099855217e-08,0.058620298298046984,0.02931015316772322
2013-05-22 13:00:00,8.237443654340883e-09,9.557553500811401e-08,0.06254790929675977,0.03127395876710171
2013-05-22 14:00:00,8.793725278365008e-09,1.1115816806892698e-07,0.06361975809458899,0.03180988344415713
2013-05-22 15:00:00,2.633894774594333e-08,0.042707107836597306,0.06494560968439432,0.03247281801167103
2013-05-22 16:00:00,5.284196847229748e-08,0.06505514736905571,0.06482088995302605,0.03241047139749726
2013-05-22 17:00:00,7.481756609379633e-08,0.11526325856328774,0.057647816414644545,0.02882394561610532
2013-05-22 18:00:00,7.613237003214714e-08,0.10952131611172854,0.05460476017126914,0.027302418151819587
2013-05-22 19:00:00,8.122480947908691e-08,0.11052934922325085,0.054706589753987754,0.02735333548939862
2013-05-22 20:00:00,7.826064703276886e-08,0.10761329111688663,0.07336889320435273,0.03668448573249988
2013-05-22 21:00:00,7.548527723410674e-08,0.1063818921493766,0.07764739164106799,0.03882373356317261
2013-05-22 22:00:00,8.667467996554162e-08,0.12260830913052162,0.07954619511722799,0.039773140895953976
2013-05-22 23:00:00,1.055850440896748e-07,0.11116087386610475,0.07217428283362809,0.036087194209336086
2013-05-23 00:00:00,1.2457628491094668e-07,0.1245913942525159,0.06901489185494242,0.034507508215613665
2013-05-23 01:00:00,1.0241058821706102e-07,0.10668664949506748,0.07217428283362809,0.036087192622108154
2013-05-23 02:00:00,7.578028879413379e-08,0.08390901330305912,0.07217428283362809,0.03608717930695844
2013-05-23 03:00:00,7.296268424851169e-08,0.0794983423282958,0.07470073932026043,0.037350406141472337
2013-05-23 04:00:00,5.802840299477624e-08,0.06317417225098251,0.07020095423442553,0.035100506131414265
2013-05-23 05:00:00,3.8809590331009706e-08,0.048604199773537526,0.0635406312353914,0.03177033502249087
2013-05-23 06:00:00,1.9318847572013036e-08,0.0395132430849647,0.05879284531211537,0.02939643231548147
2013-05-23 07:00:00,1.0087523557519856e-08,1.1647993965893466e-07,0.05966145228909746,0.02983073118831051
2013-05-23 08:00:00,9.057713832304108e-09,7.680515939667688e-08,0.05725301388483851,0.02862651147127617
2013-05-23 09:00:00,7.792859133543008e-09,6.594029127725737e-08,0.05611855399609496,0.028059280894477047
2013-05-23 10:00:00,7.805209446551331e-09,6.573064142418228e-08,0.05573592574436008,0.02786796677478476
2013-05-23 11:00:00,8.180912993544222e-09,6.803486186408667e-08,0.05771398123089282,0.02885699470590291
2013-05-23 12:00:00,9.122202585735152e-09,7.439257727357862e-08,0.058620298298046984,0.029310153710124784
2013-05-23 13:00:00,1.109698136583792e-08,1.1490038050834643e-07,0.06254790929675977,0.031273960196870565
2013-05-23 14:00:00,1.803710655789107e-08,1.4256182857499668e-07,0.06361975809458899,0.03180988806584777
2013-05-23 15:00:00,2.6761647392847927e-08,0.04899584883763268,0.06494560968439432,0.03247281822302086
2013-05-23 16:00:00,5.672759494001199e-08,0.08423981146515604,0.06482088995302605,0.0324104733403105
2013-05-23 17:00:00,6.90665258446249e-08,0.09937257639466712,0.057647816414644545,0.028823942740585196
2013-05-23 18:00:00,7.67377598242494e-08,0.10418022222148872,0.05460476017126914,0.027302418454514484
2013-05-23 19:00:00,8.469158242834106e-08,0.10861258424032727,0.054706589753987754,0.02735333722278509
2013-05-23 20:00:00,8.954105374737568e-08,0.10945321094854082,0.07336889320435273,0.03668449137270324
2013-05-23 21:00:00,1.0458614912172037e-07,0.11675760414734258,0.07764739164106799,0.03882374811360855
2013-05-23 22:00:00,1.7588237549550464e-07,0.14573308428731488,0.07954619511722799,0.039773185499801744
2013-05-23 23:00:00,2.3541456989666536e-07,0.12143618763894536,0.07217428283362809,0.03608725912409899
2013-05-24 00:00:00,3.1091198465172623e-07,0.13394173526196657,0.06901489185494242,0.03450760138346354
2013-05-24 01:00:00,3.4946500014832853e-07,0.14943202787899196,0.07217428283362809,0.03608731614931412
2013-05-24 02:00:00,4.3480163914420605e-07,0.17324249601388467,0.07217428283362809,0.036087358817633614
2013-05-24 03:00:00,0.11035996988660576,0.2349635724006789,0.07470073932026043,0.09253035460343309
2013-05-24 04:00:00,2.09621994247693e-07,0.1768709054919998,0.07020095423442553,0.03510058192820989
2013-05-24 05:00:00,7.789053057125434e-08,0.10360897916590418,0.0635406312353914,0.031770354562960984
2013-05-24 06:00:00,3.0454562206861834e-08,0.04962287982411366,0.05879284531211537,0.02939643788333879
2013-05-24 07:00:00,1.602078844692242e-08,1.364344131984658e-07,0.05966145228909746,0.029830734154942952
2013-05-24 08:00:00,1.0502896283930706e-08,1.1138839741564828e-07,0.05725301388483851,0.028626512193867398
2013-05-24 09:00:00,9.743335818934083e-09,1.0265352461867506e-07,0.05611855399609496,0.02805928186971539
2013-05-24 10:00:00,9.420311462627452e-09,9.810838791557372e-08,0.05573592574436008,0.02786796758233577
2013-05-24 11:00:00,7.984967882742407e-09,8.472780739663791e-08,0.05771398123089282,0.028856994607930352
2013-05-24 12:00:00,7.17176396204387e-09,7.770498591548339e-08,0.058620298298046984,0.029310152734905472
2013-05-24 13:00:00,8.428708856662503e-09,9.235949487534319e-08,0.06254790929675977,0.03127395886273431
2013-05-24 14:00:00,1.0839950237690839e-08,1.167517659911041e-07,0.06361975809458899,0.031809884467269615
2013-05-24 15:00:00,2.6356171984248396e-08,0.04867921319246547,0.06494560968439432,0.03247281802028315
2013-05-24 16:00:00,8.842626190023439e-08,0.10813799045728273,0.06482088995302605,0.032410489189643975
2013-05-24 17:00:00,1.495497605060285e-07,0.1512784463216781,0.057647816414644545,0.028823982982202526
2013-05-24 18:00:00,1.2003697939211808e-07,0.13210385011453835,0.05460476017126914,0.027302440104124266
2013-05-24 19:00:00,9.551281333575368e-08,0.11701360835577626,0.054706589753987754,0.027353342633400547
2013-05-24 20:00:00,7.845851133099563e-08,0.10530004274934383,0.07336889320435273,0.03668448583143203
2013-05-24 21:00:00,6.968519064729971e-08,0.07346586213294225,0.07764739164106799,0.038823730663129316
2013-05-24 22:00:00,6.820412144622901e-08,0.06995887068912937,0.07954619511722799,0.03977313166067472
2013-05-24 23:00:00,6.821873019975043e-08,0.07568515067668292,0.07217428283362809,0.03608717552617915
2013-05-25 00:00:00,6.887898676071639e-08,0.08220726164234637,0.06901489185494242,0.03450748036696459
2013-05-25 01:00:00,7.369861149359325e-08,0.12095777474970533,0.07217428283362809,0.03608717826611979
2013-05-25 02:00:00,8.921942991401388e-08,0.1404737089116233,0.07217428283362809,0.036087186026529
2013-05-25 03:00:00,1.1848589403709078e-07,0.17098810105846377,0.07470073932026043,0.037350428903077236
2013-05-25 04:00:00,1.0823249291924994e-07,0.15644876783367703,0.07020095423442553,0.03510053123345922
2013-05-25 05:00:00,3.71223449714395e-08,0.057255759617821256,0.0635406312353914,0.03177033417886819
2013-05-25 06:00:00,1.315161146793954e-08,2.8557982672354115e-07,0.05879284531211537,0.02939642923186342
2013-05-25 07:00:00,7.50137989758561e-09,7.379645123357081e-08,0.05966145228909746,0.02983072989523868
2013-05-25 08:00:00,7.260739167498122e-09,6.517809761539318e-08,0.05725301388483851,0.02862651057278884
2013-05-25 09:00:00,7.316934702204014e-09,6.41192990047351e-08,0.05611855399609496,0.02805928065651483
2013-05-25 10:00:00,7.526017857664929e-09,6.658654542294227e-08,0.05573592574436008,0.02786796663518897
2013-05-25 11:00:00,7.674823774661813e-09,6.828357676226851e-08,0.05771398123089282,0.0288569944528583
2013-05-25 12:00:00,8.315400963271016e-09,7.436530971676939e-08,0.058620298298046984,0.029310153306723975
2013-05-25 13:00:00,9.372005907700158e-09,8.361261978935171e-08,0.06254790929675977,0.03127395933438284
2013-05-25 14:00:00,1.0693941521742102e-08,9.602446268729989e-08,0.06361975809458899,0.031809884394265256
2013-05-25 15:00:00,1.9400685753129212e-08,1.8606465218087785e-07,0.06494560968439432,0.032472814542540036
2013-05-25 16:00:00,6.337605814449132e-08,0.08065409029532244,0.06482088995302605,0.032410476664542096
2013-05-25 17:00:00,1.4569806077823745e-07,0.14665960466694036,0.057647816414644545,0.02882398105635266
2013-05-25 18:00:00,1.8638714834932125e-07,0.2079891295640967,0.05460476017126914,0.027302473279208744
2013-05-25 19:00:00,2.2404353016428737e-07,0.23005440779201036,0.054706589753987754,0.02735340689875896
2013-05-25 20:00:00,2.697392646320213e-07,0.2540099671244802,0.07336889320435273,0.03668458147180868
2013-05-25 21:00:00,4.7001205580923156e-07,0.30526423681807235,0.07764739164106799,0.038823930826561895
2013-05-25 22:00:00,8.260940721049785e-07,0.3188925642978673,0.07954619511722799,0.03977351060565005
2013-05-25 23:00:00,4.563410488150279e-05,0.3860882527044649,0.07217428283362809,0.0361099584692548
2013-05-26 00:00:00,2.581354456898961e-05,0.5029700636127963,0.06901489185494242,0.0345203526997557
2013-05-26 01:00:00,4.371012676777342e-05,0.6429064580572627,0.07217428283362809,0.036108996480197934
2013-05-26 02:00:00,5.2504991118167664e-05,0.6697814352047322,0.07217428283362809,0.03611339391237313
2013-05-26 03:00:00,4.9034510488481793e-05,0.6675268957036353,0.07470073932026043,0.03737488691537446
2013-05-26 04:00:00,2.3144007466153945e-07,0.20679098499112014,0.07020095423442553,0.035100592837250096
2013-05-26 05:00:00,3.297593596242074e-08,0.0684602896194685,0.0635406312353914,0.031770332105663684
2013-05-26 06:00:00,1.1282464841282198e-08,1.1822392381141076e-07,0.05879284531211537,0.029396428297290108
2013-05-26 07:00:00,8.099139055848965e-09,7.720792550078588e-08,0.05966145228909746,0.029830730194118256
2013-05-26 08:00:00,8.564436907714591e-09,7.714647812301712e-08,0.05725301388483851,0.02862651122463771
2013-05-26 09:00:00,8.194247387589942e-09,7.305361073315338e-08,0.05611855399609496,0.02805928109517117
2013-05-26 10:00:00,8.211289462659978e-09,7.525337261838101e-08,0.05573592574436008,0.02786796697782477
2013-05-26 11:00:00,9.281758097650957e-09,8.862207364589343e-08,0.05771398123089282,0.02885699525632546
2013-05-26 12:00:00,1.0754063458724756e-08,1.0324902956380517e-07,0.058620298298046984,0.02931015452605522
2013-05-26 13:00:00,8.933018423391689e-09,9.070534083049595e-08,0.06254790929675977,0.031273959114889095
2013-05-26 14:00:00,1.0422589303038118e-08,8.946380828241872e-08,0.06361975809458899,0.03180988425858915
2013-05-26 15:00:00,1.3604035254331339e-08,1.1171793883799071e-07,0.06494560968439432,0.03247281164421479
2013-05-26 16:00:00,2.4312076573656747e-08,2.2941694922904342e-07,0.06482088995302605,0.032410457132551314
2013-05-26 17:00:00,7.127781093867935e-08,0.06917664686097168,0.057647816414644545,0.028823943846227742
2013-05-26 18:00:00,7.02981707064695e-08,0.06976533316620974,0.05460476017126914,0.027302415234719924
2013-05-26 19:00:00,7.551051716775656e-08,0.07192712094440969,0.054706589753987754,0.02735333263225246
2013-05-26 20:00:00,7.438133203114212e-08,0.06662431827890226,0.07336889320435273,0.036684483792842386
2013-05-26 21:00:00,6.942844322399184e-08,0.06234676571333773,0.07764739164106799,0.03882373053475561
2013-05-26 22:00:00,6.802480919211084e-08,0.05690047225235169,0.07954619511722799,0.03977313157101859
2013-05-26 23:00:00,6.797694647964275e-08,0.059620357364992854,0.07217428283362809,0.03608717540528728
2013-05-27 00:00:00,7.227231340422953e-08,0.06236615610036582,0.06901489185494242,0.03450748206362791
2013-05-27 01:00:00,1.127036780870389e-07,0.07713980444815272,0.07217428283362809,0.03608719776865309
2013-05-27 02:00:00,1.197291232352044e-07,0.07789475114985255,0.07217428283362809,0.036087201281375665
2013-05-27 03:00:00,8.646424279405317e-08,0.06720302411390085,0.07470073932026043,0.03735041289225161
2013-05-27 04:00:00,6.018654498623577e-08,0.05508968800297197,0.07020095423442553,0.03510050721048526
2013-05-27 05:00:00,2.826238753958814e-08,0.03353730379674671,0.0635406312353914,0.03177032974888947
2013-05-27 06:00:00,1.2223054851286224e-08,0.02400267345173426,0.05879284531211537,0.029396428767585112
2013-05-27 07:00:00,6.140865900124348e-09,6.565334939604201e-08,0.05966145228909746,0.02983072921498168
2013-05-27 08:00:00,5.718028539721122e-09,4.8789307687725356e-08,0.05725301388483851,0.028626509801433525
2013-05-27 09:00:00,5.556008112994168e-09,4.757599128220799e-08,0.05611855399609496,0.028059279776051535
2013-05-27 10:00:00,5.806728387802122e-09,5.069329350350643e-08,0.05573592574436008,0.027867965775544234
2013-05-27 11:00:00,5.909546181424113e-09,5.16509731825491e-08,0.05771398123089282,0.0288569935702195
2013-05-27 12:00:00,6.2418164195113e-09,5.502855105273431e-08,0.058620298298046984,0.0293101522699317
2013-05-27 13:00:00,7.547098004717852e-09,7.54672089534025e-08,0.06254790929675977,0.031273958421928885
2013-05-27 14:00:00,1.0137186339995432e-08,1.0970299194798325e-07,0.06361975809458899,0.031809884115887664
2013-05-27 15:00:00,1.977893079164711e-08,2.039034759987124e-07,0.06494560968439432,0.03247281473166255
2013-05-27 16:00:00,7.029659484622389e-08,0.06907086828021118,0.06482088995302605,0.03241048012481045
2013-05-27 17:00:00,1.38646900835839e-07,0.15658477650729674,0.057647816414644545,0.02882397753077269
2013-05-27 18:00:00,2.1463745448049357e-07,0.19192262685566397,0.05460476017126914,0.02730248740436181
2013-05-27 19:00:00,2.704873180668488e-07,0.22748035090910543,0.054706589753987754,0.02735343012065291
2013-05-27 20:00:00,3.343773833676825e-07,0.24929922203026184,0.07336889320435273,0.03668461379086805
2013-05-27 21:00:00,3.1432600489237943e-07,0.24800156321710848,0.07764739164106799,0.03882385298353644
2013-05-27 22:00:00,3.0367639757192494e-07,0.21641534137547022,0.07954619511722799,0.03977324939681278
2013-05-27 23:00:00,2.4310271016573696e-07,0.1933616583359612,0.07217428283362809,0.03608726296816913
2013-05-28 00:00:00,1.8924961664861682e-07,0.16271805133999273,0.06901489185494242,0.03450754055227953
2013-05-28 01:00:00,1.5827599873210376e-07,0.14543276020933898,0.07217428283362809,0.036087220554813414
2013-05-28 02:00:00,1.4532500128047475e-07,0.13841018709403288,0.07217428283362809,0.036087214079314686
2013-05-28 03:00:00,1.2964845719992552e-07,0.1286468963932478,0.07470073932026043,0.03735043448435882
2013-05-28 04:00:00,9.108517972269826e-08,0.10097521884258191,0.07020095423442553,0.035100522659802624
2013-05-28 05:00:00,4.251879509085741e-08,0.05156791829010624,0.0635406312353914,0.03177033687709325
2013-05-28 06:00:00,1.4332785240937088e-08,0.03170205636335634,0.05879284531211537,0.029396429822450307
2013-05-28 07:00:00,6.6188588988857944e-09,8.14411237719325e-08,0.05966145228909746,0.029830729453978178
2013-05-28 08:00:00,5.931615578455867e-09,5.655866173823077e-08,0.05725301388483851,0.028626509908227047
2013-05-28 09:00:00,5.518955011035096e-09,5.22666138673205e-08,0.05611855399609496,0.028059279757524983
2013-05-28 10:00:00,5.345118031012171e-09,5.134034568487261e-08,0.05573592574436008,0.027867965544739054
2013-05-28 11:00:00,5.50208463624608e-09,5.294664531401018e-08,0.05771398123089282,0.02885699336648873
2013-05-28 12:00:00,6.311458072812561e-09,6.239701162430694e-08,0.058620298298046984,0.029310152304752528
2013-05-28 13:00:00,7.3890442094716896e-09,7.34269298337577e-08,0.06254790929675977,0.03127395834290199
2013-05-28 14:00:00,8.704020774524678e-09,1.1262517170382005e-07,0.06361975809458899,0.03180988339930488
2013-05-28 15:00:00,1.9134528000905727e-08,4.5219905742630507e-07,0.06494560968439432,0.03247281440946116
2013-05-28 16:00:00,5.0290642193899105e-08,0.06153603095963291,0.06482088995302605,0.03241047012183412
2013-05-28 17:00:00,6.926029862547397e-08,0.08304057844795475,0.057647816414644545,0.028823942837471587
2013-05-28 18:00:00,6.882666774586882e-08,0.07814470726992381,0.05460476017126914,0.027302414498968443
2013-05-28 19:00:00,6.866029827650904e-08,0.07452623500497543,0.054706589753987754,0.027353329207143014
2013-05-28 20:00:00,6.872691109876232e-08,0.07160705586823111,0.07336889320435273,0.03668448096563191
2013-05-28 21:00:00,6.841547464991535e-08,0.06814988162937943,0.07764739164106799,0.03882373002827132
2013-05-28 22:00:00,6.810167489259233e-08,0.06877245842598821,0.07954619511722799,0.039773131609451444
2013-05-28 23:00:00,6.797050201049193e-08,0.06734495126727942,0.07217428283362809,0.03608717540206505
2013-05-29 00:00:00,6.808469742411533e-08,0.06835453183075953,0.06901489185494242,0.03450747996981992
2013-05-29 01:00:00,6.857103151250323e-08,0.06872588082588335,0.07217428283362809,0.0360871757023298
2013-05-29 02:00:00,7.249848800375576e-08,0.0704992275141481,0.07217428283362809,0.03608717766605805
2013-05-29 03:00:00,9.984958658277172e-08,0.08309919871781825,0.07470073932026043,0.03735041958492351
2013-05-29 04:00:00,7.77773312782834e-08,0.0704872470371135,0.07020095423442553,0.03510051600587841
2013-05-29 05:00:00,3.9501517187439306e-08,0.04407296679010619,0.0635406312353914,0.03177033536845429
2013-05-29 06:00:00,1.6645971747247145e-08,0.029792790652209675,0.05879284531211537,0.02939643097904356
2013-05-29 07:00:00,8.495153170000917e-09,9.997119629892236e-08,0.05966145228909746,0.029830730392125315
2013-05-29 08:00:00,5.68075806413952e-09,5.413097127778185e-08,0.05725301388483851,0.02862650978279829
2013-05-29 09:00:00,5.371856727646129e-09,5.0166321558078305e-08,0.05611855399609496,0.028059279683975844
2013-05-29 10:00:00,5.597788370539056e-09,5.2418864982816886e-08,0.05573592574436008,0.027867965671074225
2013-05-29 11:00:00,5.4752751548882795e-09,4.9365296261999706e-08,0.05771398123089282,0.02885699335308399
2013-05-29 12:00:00,5.9594205770588396e-09,5.4422322156183696e-08,0.058620298298046984,0.02931015212873378
2013-05-29 13:00:00,7.000578714507067e-09,7.03175811515532e-08,0.06254790929675977,0.03127395814866924
2013-05-29 14:00:00,8.882256935299523e-09,9.792053337450419e-08,0.06361975809458899,0.03180988348842296
2013-05-29 15:00:00,2.1143967017475104e-08,0.03595598366081626,0.06494560968439432,0.03247281541418067
2013-05-29 16:00:00,5.6743105030245374e-08,0.07016449900851855,0.06482088995302605,0.032410473348065544
2013-05-29 17:00:00,9.444004587015988e-08,0.09181463622122568,0.057647816414644545,0.028823955427345206
2013-05-29 18:00:00,1.0387559618532803e-07,0.090047909061104,0.05460476017126914,0.027302432023432664
2013-05-29 19:00:00,9.030302534700569e-08,0.08331131822067707,0.054706589753987754,0.02735334002850655
2013-05-29 20:00:00,7.437843921770806e-08,0.07865951728610415,0.07336889320435273,0.03668448379139597
2013-05-29 21:00:00,6.950025325506175e-08,0.05656289750890972,0.07764739164106799,0.038823730570660624
2013-05-29 22:00:00,6.906235801450631e-08,0.056741703745208295,0.07954619511722799,0.039773132089793
2013-05-29 23:00:00,7.129697531930034e-08,0.06118255561258883,0.07217428283362809,0.03608717706530171
2013-05-30 00:00:00,7.745863119547913e-08,0.06635401901099944,0.06901489185494242,0.034507484656786803
2013-05-30 01:00:00,7.445833361703336e-08,0.06475253010114318,0.07217428283362809,0.03608717864598086
2013-05-30 02:00:00,7.19391567387966e-08,0.06395778580246016,0.07217428283362809,0.036087177386392416
2013-05-30 03:00:00,7.47340191347654e-08,0.06567059083482446,0.07470073932026043,0.037350407027139786
2013-05-30 04:00:00,6.34497224962937e-08,0.05730076799064488,0.07020095423442553,0.03510050884207401
2013-05-30 05:00:00,4.7557805746675996e-08,0.04642630090334642,0.0635406312353914,0.031770339396598575
2013-05-30 06:00:00,2.2495926999937027e-08,0.03573010709137346,0.05879284531211537,0.029396433904021187
2013-05-30 07:00:00,1.1878408982737953e-08,1.023366983935234e-07,0.05966145228909746,0.029830732083753222
2013-05-30 08:00:00,8.007221788064725e-09,8.402007780442523e-08,0.05725301388483851,0.02862651094603015
2013-05-30 09:00:00,7.740653172260422e-09,8.19306485102987e-08,0.05611855399609496,0.028059280868374066
2013-05-30 10:00:00,7.903261133179067e-09,8.32834304696375e-08,0.05573592574436008,0.027867966823810607
2013-05-30 11:00:00,8.281504114934468e-09,8.674622232375825e-08,0.05771398123089282,0.02885699475619847
2013-05-30 12:00:00,9.176437296120785e-09,9.424057547339162e-08,0.058620298298046984,0.02931015373724214
2013-05-30 13:00:00,1.0556825533847406e-08,1.1383926313133542e-07,0.06254790929675977,0.031273959926792654
2013-05-30 14:00:00,1.2709971805808476e-08,1.350259834462665e-07,0.06361975809458899,0.0318098854022804
2013-05-30 15:00:00,2.838575749386553e-08,0.05335011024836009,0.06494560968439432,0.03247281903507591
2013-05-30 16:00:00,8.047303120717328e-08,0.10812441982921205,0.06482088995302605,0.03241048521302863
2013-05-30 17:00:00,1.6622467525516318e-07,0.1607470872603291,0.057647816414644545,0.0288239913196599
2013-05-30 18:00:00,2.051155069005164e-07,0.1782342457818885,0.05460476017126914,0.02730248264338802
2013-05-30 19:00:00,2.2772534174058862e-07,0.19864595696734183,0.054706589753987754,0.02735340873966475
2013-05-30 20:00:00,2.5172941886702933e-07,0.2170840317257454,0.07336889320435273,0.0366845724668858
2013-05-30 21:00:00,2.8518827630922454e-07,0.2352815156124712,0.07764739164106799,0.03882383841467215
2013-05-30 22:00:00,2.157277670903312e-07,0.22945692233533646,0.07954619511722799,0.03977320542249754
2013-05-30 23:00:00,2.915523578956801e-07,0.24054732252468633,0.07217428283362809,0.03608728719299299
2013-05-31 00:00:00,3.82292175460385e-07,0.2755978669679289,0.06901489185494242,0.03450763707355894
2013-05-31 01:00:00,5.276195651887165e-07,0.3160338065569529,0.07217428283362809,0.03608740522659664
2013-05-31 02:00:00,9.368575694396228e-07,0.39264698548532784,0.07217428283362809,0.036087609845598764
2013-05-31 03:00:00,1.3225600530434751e-06,0.4461173657326023,0.07470073932026043,0.03735103094015674
2013-05-31 04:00:00,2.9046432723685296e-07,0.26291878901131316,0.07020095423442553,0.03510062234937639
2013-05-31 05:00:00,9.982542751071209e-08,0.10766138314233153,0.0635406312353914,0.031770365530409454
2013-05-31 06:00:00,3.5211037824682744e-08,0.06245108004685958,0.05879284531211537,0.029396440261576597
2013-05-31 07:00:00,1.2760730488697397e-08,1.653194981670149e-07,0.05966145228909746,0.029830732524913972
2013-05-31 08:00:00,1.095480115138904e-08,1.0978671310933441e-07,0.05725301388483851,0.02862651241981983
2013-05-31 09:00:00,1.0900005853303143e-08,1.0153453965417523e-07,0.05611855399609496,0.028059282448050407
2013-05-31 10:00:00,1.041851454215739e-08,9.618899213174045e-08,0.05573592574436008,0.02786796808143731
2013-05-31 11:00:00,8.984194932401362e-09,8.28395012284755e-08,0.05771398123089282,0.028856995107543876
2013-05-31 12:00:00,9.113415166758775e-09,8.428808047575468e-08,0.058620298298046984,0.029310153705731076
2013-05-31 13:00:00,1.1240765977717497e-08,1.0370978309436664e-07,0.06254790929675977,0.03127396026876287
2013-05-31 14:00:00,1.40550355463093e-08,1.770314120055178e-07,0.06361975809458899,0.03180988607481227
2013-05-31 15:00:00,2.7349975725187177e-08,2.8199404212749127e-07,0.06494560968439432,0.032472818517185024
2013-05-31 16:00:00,1.382872688453396e-07,0.1314564347614293,0.06482088995302605,0.03241051412014745
2013-05-31 17:00:00,6.24609272199724e-07,0.2895219701498282,0.057647816414644545,0.028824220511958373
2013-05-31 18:00:00,3.3823830233836544e-07,0.24562428978171008,0.05460476017126914,0.02730254920478574
2013-05-31 19:00:00,2.3266684966345257e-07,0.2099372782984166,0.054706589753987754,0.027353411210418708
2013-05-31 20:00:00,2.0817573659052185e-07,0.19431294781980946,0.07336889320435273,0.036684550690044664
2013-05-31 21:00:00,2.3535483611824357e-07,0.1593974197437666,0.07764739164106799,0.03882381349795205
2013-05-31 22:00:00,1.6894011570333102e-07,0.11878930111757041,0.07954619511722799,0.03977318202867185
2013-05-31 23:00:00,1.6123414779449327e-07,0.11274551508217977,0.07217428283362809,0.03608722203388794
2013-06-01 00:00:00,1.4299658268355552e-07,0.10507647852393649,0.07249022193149665,0.03624518246403967
2013-06-01 01:00:00,1.3008514578678425e-07,0.10320225898257641,0.07466669127236901,0.037333410678757395
2013-06-01 02:00:00,1.1731745963797084e-07,0.09911168752490432,0.07357845660193284,0.03678928695969624
2013-06-01 03:00:00,1.0351032613838039e-07,0.09513921020958674,0.07444686132589497,0.037223482418110555
2013-06-01 04:00:00,7.744125622521218e-08,0.08021658787743736,0.06817684852446258,0.034088462982859405
2013-06-01 05:00:00,2.5565330194433452e-08,0.04510551013602766,0.0595734656230927,0.029786745594211447
2013-06-01 06:00:00,8.796814417805241e-09,1.0973809350908097e-07,0.05837142523241711,0.029185717014615763
2013-06-01 07:00:00,6.877929942272227e-09,8.20235541827494e-08,0.0580872409839447,0.02904362393093732
2013-06-01 08:00:00,6.792453455607035e-09,6.106572872871124e-08,0.05769726985900081,0.028848638325727132
2013-06-01 09:00:00,7.029259308272287e-09,6.224755880458409e-08,0.06380028381650567,0.03190014542288249
2013-06-01 10:00:00,7.488908009846188e-09,6.686976389568358e-08,0.06423964172291442,0.032119824605911215
2013-06-01 11:00:00,7.364252704724323e-09,6.65402618422802e-08,0.06021551264771416,0.030107760005983433
2013-06-01 12:00:00,7.109235098769529e-09,6.56136838949985e-08,0.05863270500947539,0.029316356059355245
2013-06-01 13:00:00,7.543762346058591e-09,7.117159389746368e-08,0.0625652322021331,0.031282619872947726
2013-06-01 14:00:00,9.065382320366859e-09,8.647878713649291e-08,0.0630847828839649,0.03154239597467361
2013-06-01 15:00:00,1.2233979856213873e-08,1.5655646779421085e-07,0.06371035217599914,0.0318551822049895
2013-06-01 16:00:00,4.9056611317195885e-08,0.06994726882521929,0.06309651967207236,0.03154828436434184
2013-06-01 17:00:00,8.601126952146419e-08,0.10973980055003865,0.05913610707657795,0.029568096543923738
2013-06-01 18:00:00,9.418893811202794e-08,0.11702899660355827,0.055872450790906095,0.027936272489922104
2013-06-01 19:00:00,1.1068284774472383e-07,0.13120590122171752,0.05438509896404424,0.027192604823445994
2013-06-01 20:00:00,1.2875862890258105e-07,0.14512159401342614,0.06992545860664061,0.03496279368263475
2013-06-01 21:00:00,1.445511097790994e-07,0.15586192506557484,0.07441718960327257,0.03720866707719117
2013-06-01 22:00:00,1.8234613096561074e-07,0.18408111014728823,0.08054206698653095,0.04027112466633096
2013-06-01 23:00:00,2.2451891210109542e-07,0.20937384052800573,0.0801078646245499,0.040054044571731
2013-06-02 00:00:00,3.035023564934633e-07,0.25443274953777395,0.07249022193149665,0.036245262716926574
2013-06-02 01:00:00,3.42668903406205e-07,0.2790730905939901,0.07466669127236901,0.03733351697063621
2013-06-02 02:00:00,3.4354950307854714e-07,0.2924375149619227,0.07357845660193284,0.03678940007571796
2013-06-02 03:00:00,2.909398047483574e-07,0.2711299633179542,0.07444686132589497,0.03722357613284986
2013-06-02 04:00:00,1.1247293971366077e-07,0.1400418465987424,0.06817684852446258,0.03408848049870115
2013-06-02 05:00:00,2.6001994259352513e-08,0.056698870961228984,0.0595734656230927,0.02978674581254348
2013-06-02 06:00:00,9.384689075600337e-09,1.0481481233315608e-07,0.05837142523241711,0.029185717308553093
2013-06-02 07:00:00,8.271672814665609e-09,7.687652235968919e-08,0.0580872409839447,0.029043624627808757
2013-06-02 08:00:00,8.313840495062597e-09,7.666048560269446e-08,0.05769726985900081,0.028848639086420654
2013-06-02 09:00:00,8.077585597387009e-09,7.334428919086032e-08,0.06380028381650567,0.031900145947045634
2013-06-02 10:00:00,8.150162683223942e-09,7.39436359787336e-08,0.06423964172291442,0.03211982493653855
2013-06-02 11:00:00,7.706495785774708e-09,7.214539851748382e-08,0.06021551264771416,0.030107760177104974
2013-06-02 12:00:00,7.977833727271229e-09,7.633291583469088e-08,0.05863270500947539,0.02931635649365456
2013-06-02 13:00:00,1.0248872587290271e-08,9.485559077808634e-08,0.0625652322021331,0.03128262122550284
2013-06-02 14:00:00,1.513866869134586e-08,1.3734076956428093e-07,0.0630847828839649,0.03154239901131679
2013-06-02 15:00:00,2.5023454275163326e-08,2.848244795728251e-07,0.06371035217599914,0.03185518859972671
2013-06-02 16:00:00,1.544335981343323e-07,0.1491858542800115,0.06309651967207236,0.031548337052835246
2013-06-02 17:00:00,4.139447690052507e-07,0.3143302563190687,0.05913610707657795,0.029568260510673478
2013-06-02 18:00:00,2.6289655096667353e-07,0.24631351366549598,0.055872450790906095,0.02793635684372853
2013-06-02 19:00:00,2.198212047594222e-07,0.21192869665595307,0.05438509896404424,0.0271926593926245
2013-06-02 20:00:00,2.5812203941190854e-07,0.21149383846822092,0.06992545860664061,0.03496285836434001
2013-06-02 21:00:00,1.8797455743479058e-07,0.15833572451178196,0.07441718960327257,0.037208688788915
2013-06-02 22:00:00,8.333066983821962e-08,0.0914063422269247,0.08054206698653095,0.04027107515860039
2013-06-02 23:00:00,6.823810531350565e-08,0.0771882613651376,0.0801078646245499,0.04005396643132761
2013-06-03 00:00:00,6.859106782726819e-08,0.07543791229207118,0.07249022193149665,0.03624514526128224
2013-06-03 01:00:00,7.338237303379778e-08,0.0790939635141912,0.07466669127236901,0.037333382327371024
2013-06-03 02:00:00,8.77268439512463e-08,0.08964099164920335,0.07357845660193284,0.0367892721643884
2013-06-03 03:00:00,1.1655123648041269e-07,0.1088522777837293,0.07444686132589497,0.037223488938565724
2013-06-03 04:00:00,9.04608200820126e-08,0.08876411228193117,0.06817684852446258,0.034088469492641334
2013-06-03 05:00:00,4.467677004684275e-08,0.0508406046834142,0.0595734656230927,0.029786755149931374
2013-06-03 06:00:00,1.5816784842934518e-08,0.03375108477209913,0.05837142523241711,0.029185720524600976
2013-06-03 07:00:00,7.488307999259966e-09,7.666068117103789e-08,0.0580872409839447,0.02904362423612635
2013-06-03 08:00:00,6.641054495499246e-09,6.117416211594115e-08,0.05769726985900081,0.028848638250027654
2013-06-03 09:00:00,6.373955480793495e-09,5.862793027965192e-08,0.06380028381650567,0.03190014509523057
2013-06-03 10:00:00,7.096777009366361e-09,6.473297124101259e-08,0.06423964172291442,0.03211982440984572
2013-06-03 11:00:00,7.842196457859186e-09,7.045720199759534e-08,0.06021551264771416,0.030107760244955307
2013-06-03 12:00:00,9.08617893629036e-09,7.979918512264122e-08,0.05863270500947539,0.029316357047827164
2013-06-03 13:00:00,1.144595244528772e-08,9.766734467244323e-08,0.0625652322021331,0.031282621824042775
2013-06-03 14:00:00,1.4848487885675555e-08,1.4217950690544887e-07,0.0630847828839649,0.03154239886622639
2013-06-03 15:00:00,3.1297875234979556e-08,2.513460787954774e-07,0.06371035217599914,0.03185519173693719
2013-06-03 16:00:00,1.5811826891627266e-07,0.12541362975790588,0.06309651967207236,0.03154833889517064
2013-06-03 17:00:00,0.13493785897913835,0.29274646745909694,0.05913610707657795,0.09703698302785815
2013-06-03 18:00:00,3.5085363859782983e-07,0.24052448657152328,0.055872450790906095,0.027936400822272348
2013-06-03 19:00:00,2.879194746813211e-07,0.21179466670354224,0.05438509896404424,0.02719269344175946
2013-06-03 20:00:00,2.927790535715401e-07,0.19823973459606095,0.06992545860664061,0.03496287569284709
2013-06-03 21:00:00,2.9807302742805074e-07,0.18999028744727448,0.07441718960327257,0.037208743838149996
2013-06-03 22:00:00,3.4241673623433366e-07,0.20749266394580962,0.08054206698653095,0.04027120470163359
2013-06-03 23:00:00,2.7361357342215033e-07,0.15626906157403772,0.0801078646245499,0.04005406911906166
2013-06-04 00:00:00,2.375853221688647e-07,0.14474559875701876,0.07249022193149665,0.03624522975840941
2013-06-04 01:00:00,2.0941321718500707e-07,0.13794323423805757,0.07466669127236901,0.0373334503427931
2013-06-04 02:00:00,2.0125939182542493e-07,0.13674034156087683,0.07357845660193284,0.03678932893066233
2013-06-04 03:00:00,2.247085473963133e-07,0.1480830129558347,0.07444686132589497,0.03722354301722118
2013-06-04 04:00:00,1.3073937313695484e-07,0.14192814229519443,0.06817684852446258,0.03408848963191786
2013-06-04 05:00:00,5.6606987010470165e-08,0.060179547297018944,0.0595734656230927,0.029786761115039855
2013-06-04 06:00:00,2.3495841643290395e-08,0.03983721726396208,0.05837142523241711,0.029185724364129376
2013-06-04 07:00:00,8.98039455938242e-09,9.866216943389274e-08,0.0580872409839447,0.02904362498216963
2013-06-04 08:00:00,7.69054332391445e-09,7.75773738277067e-08,0.05769726985900081,0.02884863877477207
2013-06-04 09:00:00,7.1264016028512455e-09,7.414954430415068e-08,0.06380028381650567,0.03190014547145364
2013-06-04 10:00:00,7.212685850748904e-09,7.539042723265074e-08,0.06423964172291442,0.03211982446780014
2013-06-04 11:00:00,7.616589419216778e-09,7.987430324671811e-08,0.06021551264771416,0.03010776013215179
2013-06-04 12:00:00,8.140098165893704e-09,8.799376744866781e-08,0.05863270500947539,0.02931635657478678
2013-06-04 13:00:00,8.901609671549059e-09,1.0208408069365782e-07,0.0625652322021331,0.031282620551871386
2013-06-04 14:00:00,1.0116705505373548e-08,1.2011559422486623e-07,0.0630847828839649,0.0315423965003352
2013-06-04 15:00:00,1.8867258033512206e-08,2.4514146939918764e-07,0.06371035217599914,0.03185518552162859
2013-06-04 16:00:00,7.43446783009535e-08,0.08619793514063483,0.06309651967207236,0.03154829700837533
2013-06-04 17:00:00,1.8438258222152004e-07,0.21667339644205932,0.05913610707657795,0.029568145729580088
2013-06-04 18:00:00,2.521057828806005e-07,0.23628703888118047,0.055872450790906095,0.027936351448344488
2013-06-04 19:00:00,2.3515539133580415e-07,0.23172476177104118,0.05438509896404424,0.027192667059717786
2013-06-04 20:00:00,2.8200249722611377e-07,0.24491165680022597,0.06992545860664061,0.03496287030456892
2013-06-04 21:00:00,3.316716461022262e-07,0.2534742971617154,0.07441718960327257,0.037208760637459336
2013-06-04 22:00:00,4.296866495785061e-07,0.2617878358910214,0.08054206698653095,0.040271248336590265
2013-06-04 23:00:00,4.5570067878135116e-07,0.26391214749422626,0.0801078646245499,0.04005416016261434
2013-06-05 00:00:00,3.969587840781949e-07,0.24797175658625156,0.07249022193149665,0.036245309445140365
2013-06-05 01:00:00,2.962773833137039e-07,0.21704243047496702,0.07466669127236901,0.03733349377487616
2013-06-05 02:00:00,2.7163602848689286e-07,0.2052893465376962,0.07357845660193284,0.036789364118980664
2013-06-05 03:00:00,2.861882315964908e-07,0.21175952844049878,0.07444686132589497,0.03722357375706328
2013-06-05 04:00:00,1.3234636083755896e-07,0.16136930901436392,0.06817684852446258,0.03408849043541171
2013-06-05 05:00:00,5.6223883654643145e-08,0.0881191886954288,0.0595734656230927,0.029786760923488177
2013-06-05 06:00:00,2.2978546176106618e-08,0.04069710081127101,0.05837142523241711,0.029185724105481644
2013-06-05 07:00:00,8.791639188642595e-09,9.970932390073235e-08,0.0580872409839447,0.029043624887791945
2013-06-05 08:00:00,7.790524027261536e-09,7.219134562846967e-08,0.05769726985900081,0.028848638824762417
2013-06-05 09:00:00,7.544018423358036e-09,6.812584806161404e-08,0.06380028381650567,0.031900145680262046
2013-06-05 10:00:00,7.844072083727938e-09,7.065692213501197e-08,0.06423964172291442,0.032119824783493255
2013-06-05 11:00:00,8.087821142170513e-09,7.295778389890246e-08,0.06021551264771416,0.03010776036776765
2013-06-05 12:00:00,9.018139889187562e-09,8.151439045698948e-08,0.05863270500947539,0.02931635701380764
2013-06-05 13:00:00,1.0610196991357688e-08,1.0520168658889016e-07,0.0625652322021331,0.03128262140616504
2013-06-05 14:00:00,1.1885604903737514e-08,1.359659628506221e-07,0.0630847828839649,0.0315423973847849
2013-06-05 15:00:00,3.043956636301086e-08,0.05608000334424563,0.06371035217599914,0.031855191307782756
2013-06-05 16:00:00,6.86420878214041e-08,0.08406663920093213,0.06309651967207236,0.03154829415708009
2013-06-05 17:00:00,1.1292826775101561e-07,0.16971342186443497,0.05913610707657795,0.02956811000242285
2013-06-05 18:00:00,1.1681650416798692e-07,0.1739597854633979,0.055872450790906095,0.027936283803705133
2013-06-05 19:00:00,1.242024512098961e-07,0.17921224454311496,0.05438509896404424,0.027192611583247726
2013-06-05 20:00:00,1.2164693404716838e-07,0.17582329748868192,0.06992545860664061,0.03496279012678733
2013-06-05 21:00:00,1.210325333835968e-07,0.1740245673427662,0.07441718960327257,0.037208655317902975
2013-06-05 22:00:00,1.4012377943041152e-07,0.1882412752926752,0.08054206698653095,0.04027110355515519
2013-06-05 23:00:00,2.2358578080887223e-07,0.23549565883578363,0.0801078646245499,0.04005404410516535
2013-06-06 00:00:00,3.95289918583014e-07,0.26803512632805426,0.07249022193149665,0.03624530861070762
2013-06-06 01:00:00,5.764346224823979e-07,0.30625015558670127,0.07466669127236901,0.037333633853495744
2013-06-06 02:00:00,7.363704578317867e-07,0.33415884284971564,0.07357845660193284,0.036789596486195335
2013-06-06 03:00:00,9.869852830624442e-07,0.3691024734804572,0.07444686132589497,0.03722392415558901
2013-06-06 04:00:00,2.0468075783005107e-07,0.20885379196731582,0.06817684852446258,0.034088526602610206
2013-06-06 05:00:00,7.003690695976665e-08,0.10525815365941113,0.0595734656230927,0.02978676782999983
2013-06-06 06:00:00,2.2897070638081145e-08,0.048074234631502476,0.05837142523241711,0.029185724064743873
2013-06-06 07:00:00,1.0084056459341357e-08,1.1151427000852487e-07,0.0580872409839447,0.02904362553400058
2013-06-06 08:00:00,8.50933280930971e-09,7.855308996782577e-08,0.05769726985900081,0.02884863918416681
2013-06-06 09:00:00,8.005520329294376e-09,7.408330493226369e-08,0.06380028381650567,0.031900145911013
2013-06-06 10:00:00,8.674041566186449e-09,8.061937275050645e-08,0.06423964172291442,0.032119825198477996
2013-06-06 11:00:00,9.33722503062781e-09,8.661319928289319e-08,0.06021551264771416,0.030107760992469593
2013-06-06 12:00:00,1.0290420853721716e-08,9.478171393507919e-08,0.05863270500947539,0.029316357649948124
2013-06-06 13:00:00,1.1689424157145762e-08,1.0679502900263117e-07,0.0625652322021331,0.031282621945778626
2013-06-06 14:00:00,1.3231524864833688e-08,1.324589490370956e-07,0.0630847828839649,0.03154239805774488
2013-06-06 15:00:00,2.492305179105493e-08,2.1075672835586359e-07,0.06371035217599914,0.031855188549525466
2013-06-06 16:00:00,1.2102396439894517e-07,0.1260212872200003,0.06309651967207236,0.03154832034801838
2013-06-06 17:00:00,3.5370962519584013e-07,0.28464975719838576,0.05913610707657795,0.029568230393101573
2013-06-06 18:00:00,3.283515292069506e-07,0.2750657382690982,0.055872450790906095,0.027936389571217652
2013-06-06 19:00:00,4.217046151621441e-07,0.28200024145848557,0.05438509896404424,0.027192760334329703
2013-06-06 20:00:00,3.393289823666337e-07,0.26089952428170665,0.06992545860664061,0.03496289896781149
2013-06-06 21:00:00,3.0025408501520927e-07,0.24861705891594557,0.07441718960327257,0.03720874492867879
2013-06-06 22:00:00,2.3952945556258855e-07,0.2041908494212362,0.08054206698653095,0.040271153257993256
2013-06-06 23:00:00,2.6445369464289983e-07,0.1804040597575242,0.0801078646245499,0.04005406453912227
2013-06-07 00:00:00,3.1740854683878015e-07,0.18953924043969686,0.07249022193149665,0.03624526967002174
2013-06-07 01:00:00,2.6108765286899653e-07,0.17489003105502143,0.07466669127236901,0.03733347618001094
2013-06-07 02:00:00,2.8688712582228624e-07,0.1862600499242252,0.07357845660193284,0.03678937174452933
2013-06-07 03:00:00,3.0996661487354144e-07,0.2347792884303714,0.07444686132589497,0.03722358564625492
2013-06-07 04:00:00,1.6923721384173124e-07,0.18055545947896193,0.06817684852446258,0.03408850888083821
2013-06-07 05:00:00,6.444332470587585e-08,0.07197819576065638,0.0595734656230927,0.029786765033208703
2013-06-07 06:00:00,2.1731665513193322e-08,0.04477787564455378,0.05837142523241711,0.029185723482041313
2013-06-07 07:00:00,9.724622988522513e-09,9.613026091541343e-08,0.0580872409839447,0.029043625354283845
2013-06-07 08:00:00,8.383478715382901e-09,7.721505164032348e-08,0.05769726985900081,0.028848639121239764
2013-06-07 09:00:00,7.839729749672308e-09,7.454856078443329e-08,0.06380028381650567,0.03190014582811771
2013-06-07 10:00:00,7.939808586353552e-09,7.670954574013355e-08,0.06423964172291442,0.032119824831361506
2013-06-07 11:00:00,8.437765446827353e-09,8.152137029053931e-08,0.06021551264771416,0.030107760542739802
2013-06-07 12:00:00,9.38763314327538e-09,8.818199802957576e-08,0.05863270500947539,0.029316357198554268
2013-06-07 13:00:00,1.0169194757296049e-08,9.503915075360996e-08,0.0625652322021331,0.03128262118566393
2013-06-07 14:00:00,1.2240041460447637e-08,1.1544950714209575e-07,0.0630847828839649,0.03154239756200318
2013-06-07 15:00:00,1.8429847063600112e-08,2.137266295646516e-07,0.06371035217599914,0.031855185302923104
2013-06-07 16:00:00,1.1036783280950921e-07,0.12424513532634886,0.06309651967207236,0.03154831501995258
2013-06-07 17:00:00,2.879433788139901e-07,0.2954133761879518,0.05913610707657795,0.029568197509978383
2013-06-07 18:00:00,4.98927693513818e-07,0.3517167929917867,0.055872450790906095,0.027936474859299804
2013-06-07 19:00:00,0.1598904362381235,0.39934163204579465,0.05438509896404424,0.10713776760108387
2013-06-07 20:00:00,0.14487125114084037,0.38086916022981726,0.06992545860664061,0.1073983548737405
2013-06-07 21:00:00,0.142525778186028,0.37659222023052297,0.07441718960327257,0.10847148389465028
2013-06-07 22:00:00,5.792189001443993e-07,0.33926597003471065,0.08054206698653095,0.04027132310271555
2013-06-07 23:00:00,4.912734550323214e-07,0.3255467363448054,0.0801078646245499,0.04005417794900246
2013-06-08 00:00:00,4.271492047834446e-07,0.3157529071919501,0.07249022193149665,0.03624532454035072
2013-06-08 01:00:00,3.477692342469231e-07,0.2990589359073813,0.07466669127236901,0.03733351952080163
2013-06-08 02:00:00,2.819625987891211e-07,0.2772613181176241,0.07357845660193284,0.03678936928226581
2013-06-08 03:00:00,3.3836704440334333e-07,0.303053373632612,0.07444686132589497,0.03722359984646968
2013-06-08 04:00:00,1.7174198910922984e-07,0.20564529685641048,0.06817684852446258,0.03408851013322584
2013-06-08 05:00:00,6.041333683097784e-08,0.087568120880343,0.0595734656230927,0.029786763018214767
2013-06-08 06:00:00,1.4534891115133561e-08,1.442908327272371e-07,0.05837142523241711,0.029185719883654114
2013-06-08 07:00:00,1.0109581187751644e-08,9.77998808406252e-08,0.0580872409839447,0.029043625546762944
2013-06-08 08:00:00,7.974465993805505e-09,7.732323225011803e-08,0.05769726985900081,0.028848638916733404
2013-06-08 09:00:00,7.279230599107684e-09,7.065795821201598e-08,0.06380028381650567,0.03190014554786813
2013-06-08 10:00:00,8.10660921797346e-09,7.865061224443962e-08,0.06423964172291442,0.03211982491476182
2013-06-08 11:00:00,8.768158157745439e-09,8.525257905924562e-08,0.06021551264771416,0.03010776070793616
2013-06-08 12:00:00,1.0161311841616852e-08,9.805656625091391e-08,0.05863270500947539,0.029316357585393617
2013-06-08 13:00:00,1.2776071909558598e-08,1.2287039621392076e-07,0.0625652322021331,0.031282622489102505
2013-06-08 14:00:00,1.734645596581916e-08,1.5916652187060793e-07,0.0630847828839649,0.03154240011521043
2013-06-08 15:00:00,2.548325229191911e-08,3.115409819865877e-07,0.06371035217599914,0.031855188829625715
2013-06-08 16:00:00,1.4232490363091825e-07,0.162383665893601,0.06309651967207236,0.03154833099848799
2013-06-08 17:00:00,0.00015165737200144224,0.7041842153781304,0.05913610707657795,0.029643882224289698
2013-06-08 18:00:00,0.3369621748519296,0.5376489803582015,0.055872450790906095,0.19641731282141783
2013-06-08 19:00:00,0.3363209674451781,0.5284465996009873,0.05438509896404424,0.19535303320461117
2013-06-08 20:00:00,0.3367090758265323,0.5339267540035534,0.06992545860664061,0.20331726721658647
2013-06-08 21:00:00,0.3380751109659653,0.5542082869941047,0.07441718960327257,0.20624615028461896
2013-06-08 22:00:00,0.34135796473667257,0.6090809796481198,0.08054206698653095,0.21095001586160175
2013-06-08 23:00:00,0.3362003521760413,0.5031500118311578,0.0801078646245499,0.20815410840029558
2013-06-09 00:00:00,0.33699292383963403,0.5380770424273339,0.07249022193149665,0.20474157288556533
2013-06-09 01:00:00,1.017904796034595,1.017904796034595,0.07466669127236901,0.546285743653482
2013-06-09 02:00:00,1.0180607899264966,1.0180607899264966,0.07357845660193284,0.5458196232642147
2013-06-09 03:00:00,0.0005769223600712377,0.8134836757936942,0.07444686132589497,0.037511891842983106
2013-06-09 04:00:00,1.8824842475286904e-07,0.19236502131660094,0.06817684852446258,0.03408851838644367
2013-06-09 05:00:00,3.1558966423399425e-08,0.06685870313041088,0.0595734656230927,0.029786748591029564
2013-06-09 06:00:00,1.0400366619856929e-08,1.2836050057748973e-07,0.05837142523241711,0.029185717816391864
2013-06-09 07:00:00,7.3212714913697736e-09,7.071178000447997e-08,0.0580872409839447,0.029043624152608097
2013-06-09 08:00:00,9.61670645017986e-09,8.359819195037982e-08,0.05769726985900081,0.02884863973785363
2013-06-09 09:00:00,9.667701848732388e-09,8.230718395003329e-08,0.06380028381650567,0.03190014674210376
2013-06-09 10:00:00,9.780993577193196e-09,8.396695712710847e-08,0.06423964172291442,0.032119825751954
2013-06-09 11:00:00,9.708661482990082e-09,8.565643030210147e-08,0.06021551264771416,0.030107761178187822
2013-06-09 12:00:00,9.792752901940327e-09,8.869367061591579e-08,0.05863270500947539,0.029316357401114147
2013-06-09 13:00:00,9.61173055581831e-09,9.078382207274678e-08,0.0625652322021331,0.031282620906931825
2013-06-09 14:00:00,1.0639001593250776e-08,1.0320907489185046e-07,0.0630847828839649,0.031542396761483245
2013-06-09 15:00:00,1.5996959724481164e-08,2.0835555340409156e-07,0.06371035217599914,0.031855184086479436
2013-06-09 16:00:00,6.700886380965515e-08,0.11630055446963519,0.06309651967207236,0.03154829334046808
2013-06-09 17:00:00,2.670274504219034e-07,0.25637688811336384,0.05913610707657795,0.029568187052014187
2013-06-09 18:00:00,3.405932938391442e-07,0.27817166892226913,0.055872450790906095,0.027936395692099967
2013-06-09 19:00:00,2.986665434833101e-07,0.2620992135250559,0.05438509896404424,0.02719269881529386
2013-06-09 20:00:00,2.6088190606581734e-07,0.2055069562697757,0.06992545860664061,0.034962859744273336
2013-06-09 21:00:00,2.7579253965858417e-07,0.21177496918665087,0.07441718960327257,0.03720873269790611
2013-06-09 22:00:00,3.28550573954124e-07,0.22861791136650506,0.08054206698653095,0.04027119776855245
2013-06-09 23:00:00,4.1612535693152496e-07,0.2572080973959363,0.0801078646245499,0.04005414037495342
2013-06-10 00:00:00,6.215773533678305e-07,0.32069089647107274,0.07249022193149665,0.03624542175442501
2013-06-10 01:00:00,8.349534522727619e-07,0.3615811403959666,0.07466669127236901,0.03733376311291064
2013-06-10 02:00:00,7.976287735462309e-05,0.4012214980837224,0.07357845660193284,0.03682910973964373
2013-06-10 03:00:00,5.223614067591831e-05,0.4298688712936262,0.07444686132589497,0.03724954873328544
2013-06-10 04:00:00,1.886301263144874e-07,0.1671005517615752,0.06817684852446258,0.03408851857729445
2013-06-10 05:00:00,4.793243980128937e-08,0.05584179891884704,0.0595734656230927,0.029786756777766252
2013-06-10 06:00:00,1.869089931794759e-08,0.03413257986076647,0.05837142523241711,0.029185721961658216
2013-06-10 07:00:00,9.247304399786287e-09,1.240702297350298e-07,0.0580872409839447,0.02904362511562455
2013-06-10 08:00:00,5.815324766746113e-09,6.964015638981593e-08,0.05769726985900081,0.028848637837162787
2013-06-10 09:00:00,5.253834743769928e-09,5.178113849246711e-08,0.06380028381650567,0.031900144535170205
2013-06-10 10:00:00,5.218761941832013e-09,5.146909195964716e-08,0.06423964172291442,0.03211982347083818
2013-06-10 11:00:00,5.6054298363835005e-09,5.220930996982226e-08,0.06021551264771416,0.030107759126571997
2013-06-10 12:00:00,6.444031963867781e-09,6.174872333013676e-08,0.05863270500947539,0.029316355726753677
2013-06-10 13:00:00,8.311677557600917e-09,9.939497615381996e-08,0.0625652322021331,0.03128262025690533
2013-06-10 14:00:00,1.5259850261956312e-08,1.42432407685723e-07,0.0630847828839649,0.031542399071907576
2013-06-10 15:00:00,3.445642895832915e-08,0.059434920200961555,0.06371035217599914,0.03185519331621405
2013-06-10 16:00:00,8.141620632285134e-08,0.08510601981305582,0.06309651967207236,0.03154830054413934
2013-06-10 17:00:00,1.199080001871631e-07,0.14667597591820158,0.05913610707657795,0.02956811349228907
2013-06-10 18:00:00,1.2114572030465674e-07,0.14145210494430638,0.055872450790906095,0.0279362859683132
2013-06-10 19:00:00,1.339655913844049e-07,0.14367411922940895,0.05438509896404424,0.027192616464817812
2013-06-10 20:00:00,1.6422773277228278e-07,0.153053078066584,0.06992545860664061,0.03496281141718669
2013-06-10 21:00:00,2.1148814905007982e-07,0.179848639826572,0.07441718960327257,0.03720870054571081
2013-06-10 22:00:00,1.9864895315422867e-07,0.15617750197520266,0.08054206698653095,0.04027113281774205
2013-06-10 23:00:00,1.843132130271842e-07,0.1552156851477219,0.0801078646245499,0.04005402446888146
2013-06-11 00:00:00,1.5911220481304874e-07,0.14735395951365116,0.07249022193149665,0.03624519052185073
2013-06-11 01:00:00,1.5279953190372736e-07,0.14848244040792263,0.07466669127236901,0.037333422035950456
2013-06-11 02:00:00,1.5963633848799664e-07,0.15522147310095288,0.07357845660193284,0.03678930811913566
2013-06-11 03:00:00,1.5811661050833158e-07,0.15813559654450657,0.07444686132589497,0.03722350972125274
2013-06-11 04:00:00,8.99994870029241e-08,0.10134757710280266,0.06817684852446258,0.03408846926197479
2013-06-11 05:00:00,4.4309248721179696e-08,0.05419987618743939,0.0595734656230927,0.02978675496617071
2013-06-11 06:00:00,1.6348231829031055e-08,0.03648088180403183,0.05837142523241711,0.02918572079032447
2013-06-11 07:00:00,7.858352010540502e-09,9.689633752902945e-08,0.0580872409839447,0.029043624421148356
2013-06-11 08:00:00,6.910269403187097e-09,6.599256393904033e-08,0.05769726985900081,0.028848638384635108
2013-06-11 09:00:00,6.777098997849362e-09,6.477235917225131e-08,0.06380028381650567,0.03190014529680233
2013-06-11 10:00:00,6.809438329131256e-09,6.465654087107315e-08,0.06423964172291442,0.03211982426617638
2013-06-11 11:00:00,7.657991466746056e-09,7.250274727409972e-08,0.06021551264771416,0.030107760152852815
2013-06-11 12:00:00,9.77671848843459e-09,9.253955029332079e-08,0.05863270500947539,0.02931635739309694
2013-06-11 13:00:00,1.281265340750083e-08,1.1734971494856864e-07,0.0625652322021331,0.031282622507393255
2013-06-11 14:00:00,1.6983922181389604e-08,2.0165785702658696e-07,0.0630847828839649,0.03154239993394354
2013-06-11 15:00:00,3.1927783950305295e-08,4.466537344281386e-07,0.06371035217599914,0.031855192051891544
2013-06-11 16:00:00,1.3060120450588663e-07,0.1371249118770693,0.06309651967207236,0.03154832513663843
2013-06-11 17:00:00,5.332525349092439e-07,0.3220544613712917,0.05913610707657795,0.02956832016455643
2013-06-11 18:00:00,0.12594448866502922,0.31904183929783647,0.055872450790906095,0.09090846972796765
2013-06-11 19:00:00,0.1750007401144736,0.3743288727155985,0.05438509896404424,0.11469291953925892
2013-06-11 20:00:00,0.27047818938013235,0.4259835162419321,0.06992545860664061,0.1702018239933865
2013-06-11 21:00:00,0.33159776211255537,0.4338793942991918,0.07441718960327257,0.20300747585791395
2013-06-11 22:00:00,0.19611508029631222,0.5974249136642378,0.08054206698653095,0.1383285736414216
2013-06-11 23:00:00,0.00036393531521003127,0.7608584905752095,0.0801078646245499,0.04023589996987997
2013-06-12 00:00:00,0.33777217128748604,0.5495268818230509,0.07249022193149665,0.20513119660949136
2013-06-12 01:00:00,0.2536930377218619,0.5115091115515459,0.07466669127236901,0.16417986449711547
2013-06-12 02:00:00,0.1961210843325905,0.47492899125459914,0.07357845660193284,0.13484977046726168
2013-06-12 03:00:00,0.1665217561773241,0.44648757506960834,0.07444686132589497,0.12048430875160954
2013-06-12 04:00:00,2.5235923640132813e-07,0.25956870326575077,0.06817684852446258,0.03408855044184949
2013-06-12 05:00:00,9.657227131318643e-08,0.10643057363811505,0.0595734656230927,0.029786781097682007
2013-06-12 06:00:00,2.4281856653164075e-08,3.206558900411799e-07,0.05837142523241711,0.02918572475713688
2013-06-12 07:00:00,1.3124562550127353e-08,1.2480226078463396e-07,0.0580872409839447,0.029043627054253625
2013-06-12 08:00:00,1.0615077352988645e-08,9.851586580004381e-08,0.05769726985900081,0.02884864023703908
2013-06-12 09:00:00,9.17242397807869e-09,8.508297621232891e-08,0.06380028381650567,0.03190014649446482
2013-06-12 10:00:00,8.909438356668114e-09,8.275195396396256e-08,0.06423964172291442,0.03211982531617639
2013-06-12 11:00:00,8.886391694337557e-09,8.174074320706224e-08,0.06021551264771416,0.030107760767052925
2013-06-12 12:00:00,9.476495098576683e-09,8.63150710207803e-08,0.05863270500947539,0.029316357242985244
2013-06-12 13:00:00,1.1152454416182727e-08,9.707041820459995e-08,0.0625652322021331,0.03128262167729376
2013-06-12 14:00:00,1.4432188421571905e-08,1.2271062087961422e-07,0.0630847828839649,0.031542398658076655
2013-06-12 15:00:00,2.9869806771921295e-08,2.3330915331408335e-07,0.06371035217599914,0.031855191022902955
2013-06-12 16:00:00,1.2091665769490257e-07,0.11604285579251279,0.06309651967207236,0.03154832029436503
2013-06-12 17:00:00,0.10548258441328572,0.22048346432828703,0.05913610707657795,0.08230934574493183
2013-06-12 18:00:00,0.18172647400770475,0.20840703306989125,0.055872450790906095,0.11879946239930542
2013-06-12 19:00:00,0.2007650783364681,0.2007404347283003,0.05438509896404424,0.12757508865025616
2013-06-12 20:00:00,0.19032539564758774,0.19026245588183502,0.06992545860664061,0.13012542712711417
2013-06-12 21:00:00,0.15489978251797465,0.17918130491590745,0.07441718960327257,0.11465848606062361
2013-06-12 22:00:00,2.7431765844641295e-07,0.11641270271295535,0.08054206698653095,0.0402711706520947
2013-06-12 23:00:00,1.4977597009646205e-07,0.08799462762633181,0.0801078646245499,0.04005400720026
2013-06-13 00:00:00,8.648172536884435e-08,0.06760569475441074,0.07249022193149665,0.03624515420661101
2013-06-13 01:00:00,6.138659864867839e-08,0.058748287458718136,0.07466669127236901,0.03733337632948383
2013-06-13 02:00:00,6.056226078616704e-08,0.05723170153647357,0.07357845660193284,0.036789258582096813
2013-06-13 03:00:00,6.815646139649453e-08,0.05809703281441147,0.07444686132589497,0.03722346474117818
2013-06-13 04:00:00,5.193334214738322e-08,0.04813511522175324,0.06817684852446258,0.03408845022890236
2013-06-13 05:00:00,2.917371576573857e-08,0.0340627169887985,0.0595734656230927,0.029786747398404232
2013-06-13 06:00:00,7.677707134455099e-09,8.979956233709227e-08,0.05837142523241711,0.029185716455062124
2013-06-13 07:00:00,6.144494019678666e-09,5.3923706609901904e-08,0.0580872409839447,0.02904362356421936
2013-06-13 08:00:00,5.575774522057015e-09,4.933453671231606e-08,0.05769726985900081,0.028848637717387667
2013-06-13 09:00:00,5.329396600440796e-09,4.757458922834308e-08,0.06380028381650567,0.031900144572951136
2013-06-13 10:00:00,5.2644275453590525e-09,4.757272267351418e-08,0.06423964172291442,0.032119823493670985
2013-06-13 11:00:00,5.328252633685121e-09,4.845144785119794e-08,0.06021551264771416,0.030107758987983395
2013-06-13 12:00:00,5.808001761079062e-09,5.267830051812987e-08,0.05863270500947539,0.029316355408738577
2013-06-13 13:00:00,6.640296602748115e-09,5.858634670349657e-08,0.0625652322021331,0.03128261942121485
2013-06-13 14:00:00,8.106864055042753e-09,7.068589728600458e-08,0.0630847828839649,0.031542395495414474
2013-06-13 15:00:00,1.0922091017286797e-08,9.560469018691006e-08,0.06371035217599914,0.031855181549045083
2013-06-13 16:00:00,3.676169292952644e-08,0.05297260925072028,0.06309651967207236,0.03154827821688264
2013-06-13 17:00:00,6.385084850434815e-08,0.06611823324938808,0.05913610707657795,0.02956808546371323
2013-06-13 18:00:00,6.842954765970492e-08,0.06745945052833353,0.055872450790906095,0.027936259610226877
2013-06-13 19:00:00,6.830041149783698e-08,0.06682129503757375,0.05438509896404424,0.02719258363222787
2013-06-13 20:00:00,6.828394613470985e-08,0.06792660539822576,0.06992545860664061,0.03496276344529337
2013-06-13 21:00:00,6.815631068254525e-08,0.06709175454524591,0.07441718960327257,0.03720862887979162
2013-06-13 22:00:00,6.843258628368263e-08,0.06670412646314641,0.08054206698653095,0.040271067709558614
2013-06-13 23:00:00,6.815497338351398e-08,0.06451135013728822,0.0801078646245499,0.04005396638976164
2013-06-14 00:00:00,6.817975109572815e-08,0.0663965311197913,0.07249022193149665,0.03624514505562387
2013-06-14 01:00:00,6.842806330675499e-08,0.06889414773081423,0.07466669127236901,0.03733337985021616
2013-06-14 02:00:00,6.09470538316072e-08,0.06997800716655293,0.07357845660193284,0.036789258774493336
2013-06-14 03:00:00,6.341767455980486e-08,0.07295548699204853,0.07444686132589497,0.03722346237178476
2013-06-14 04:00:00,5.5167022727912316e-08,0.059722085207943774,0.06817684852446258,0.034088451845742655
2013-06-14 05:00:00,3.088491341972382e-08,0.04043219970492785,0.0595734656230927,0.02978674825400306
2013-06-14 06:00:00,7.925471424014019e-09,9.87352627875325e-08,0.05837142523241711,0.029185716578944268
2013-06-14 07:00:00,6.171329333631707e-09,6.12353804195314e-08,0.0580872409839447,0.02904362357763702
2013-06-14 08:00:00,5.374693053519168e-09,5.1181648853924535e-08,0.05769726985900081,0.02884863761684693
2013-06-14 09:00:00,5.359170183373493e-09,5.109003303179254e-08,0.06380028381650567,0.03190014458783792
2013-06-14 10:00:00,5.444592373414275e-09,5.225921477516187e-08,0.06423964172291442,0.0321198235837534
2013-06-14 11:00:00,5.840062586004046e-09,5.5726700939939634e-08,0.06021551264771416,0.030107759243888373
2013-06-14 12:00:00,6.7182426754034526e-09,6.365449089223059e-08,0.05863270500947539,0.029316355863859035
2013-06-14 13:00:00,8.558000091228282e-09,8.014849789013646e-08,0.0625652322021331,0.03128262038006659
2013-06-14 14:00:00,1.2484328006908659e-08,1.113234377738656e-07,0.0630847828839649,0.03154239768414645
2013-06-14 15:00:00,2.8039014353781298e-08,2.535931772546338e-07,0.06371035217599914,0.03185519010750675
2013-06-14 16:00:00,1.3334460317471163e-07,0.14112154615446024,0.06309651967207236,0.03154832650833777
2013-06-14 17:00:00,3.8477922821495434e-07,0.2900258871973814,0.05913610707657795,0.029568245927903084
2013-06-14 18:00:00,1.5580901989842189e-07,0.18592015891054528,0.055872450790906095,0.027936303299962998
2013-06-14 19:00:00,8.067534153076676e-08,0.11291374018196883,0.05438509896404424,0.027192589819692886
2013-06-14 20:00:00,7.46996767969084e-08,0.08948535746256685,0.06992545860664061,0.0349627666531587
2013-06-14 21:00:00,1.0035137140685923e-07,0.10733250060554896,0.07441718960327257,0.037208644977321986
2013-06-14 22:00:00,1.9878517520240637e-07,0.17799023383278303,0.08054206698653095,0.04027113288585307
2013-06-14 23:00:00,1.5428504865593294e-07,0.1517772587429596,0.0801078646245499,0.040054009454799276
2013-06-15 00:00:00,1.1216710485784765e-07,0.12719296389133639,0.07249022193149665,0.03624516704930075
2013-06-15 01:00:00,1.2883580147656993e-07,0.11633036154586467,0.07466669127236901,0.03733341005408524
2013-06-15 02:00:00,1.4305031073070606e-07,0.12465346933770859,0.07357845660193284,0.03678929982612179
2013-06-15 03:00:00,1.5763389699069716e-07,0.1335158301803912,0.07444686132589497,0.03722350947989598
2013-06-15 04:00:00,9.408606169147796e-08,0.09485696572700719,0.06817684852446258,0.03408847130526214
2013-06-15 05:00:00,3.221479415884789e-08,0.05528678097813216,0.0595734656230927,0.02978674891894343
2013-06-15 06:00:00,9.979204634837602e-09,9.607454021620273e-08,0.05837142523241711,0.029185717605810874
2013-06-15 07:00:00,7.592011574072258e-09,7.101916314419181e-08,0.0580872409839447,0.02904362428797814
2013-06-15 08:00:00,7.762259663751952e-09,7.262535705021156e-08,0.05769726985900081,0.028848638810630236
2013-06-15 09:00:00,7.73857692151651e-09,7.090016627546386e-08,0.06380028381650567,0.03190014577754129
2013-06-15 10:00:00,7.882700249239945e-09,7.1875243695759e-08,0.06423964172291442,0.03211982480280733
2013-06-15 11:00:00,7.95347379023117e-09,7.297001152449851e-08,0.06021551264771416,0.030107760300593974
2013-06-15 12:00:00,8.049290096213835e-09,7.552328495006109e-08,0.05863270500947539,0.029316356529382744
2013-06-15 13:00:00,8.609243764544279e-09,8.287884703147205e-08,0.0625652322021331,0.03128262040568843
2013-06-15 14:00:00,1.1254733811383153e-08,1.0860336292485365e-07,0.0630847828839649,0.03154239706934935
2013-06-15 15:00:00,1.703016764769515e-08,1.477566452611896e-07,0.06371035217599914,0.0318551846030834
2013-06-15 16:00:00,5.7930253423134886e-08,0.08753970001483764,0.06309651967207236,0.031548288801162894
2013-06-15 17:00:00,1.833962117433974e-07,0.13956155109319032,0.05913610707657795,0.02956814523639485
2013-06-15 18:00:00,1.70713496489533e-07,0.12882249945926,0.055872450790906095,0.027936310752201293
2013-06-15 19:00:00,1.0836950185526179e-07,0.0968595385775902,0.05438509896404424,0.02719260366677305
2013-06-15 20:00:00,8.142063962371795e-08,0.07729493506035884,0.06992545860664061,0.034962770013640114
2013-06-15 21:00:00,6.988757643730422e-08,0.07001345635361111,0.07441718960327257,0.0372086297454245
2013-06-15 22:00:00,7.026311491096812e-08,0.06986785814767113,0.08054206698653095,0.04027106862482293
2013-06-15 23:00:00,6.210222505984538e-08,0.0685352353179582,0.0801078646245499,0.04005396336338748
2013-06-16 00:00:00,6.071668548706828e-08,0.06524938421220623,0.07249022193149665,0.03624514132409107
2013-06-16 01:00:00,6.051595647296031e-08,0.06386961555899674,0.07466669127236901,0.03733337589416274
2013-06-16 02:00:00,6.0623495831608e-08,0.06488146829036273,0.07357845660193284,0.036789258612714336
2013-06-16 03:00:00,6.128649531314975e-08,0.067619650519884,0.07444686132589497,0.03722346130619514
2013-06-16 04:00:00,4.599702284269651e-08,0.05540812384841421,0.06817684852446258,0.03408844726074271
2013-06-16 05:00:00,1.2922400940355363e-08,1.2591907219746292e-07,0.0595734656230927,0.02978673927274682
2013-06-16 06:00:00,6.88112479599902e-09,6.533992847022586e-08,0.05837142523241711,0.029185716056770953
2013-06-16 07:00:00,7.329801030547547e-09,6.356669841952742e-08,0.0580872409839447,0.029043624156872866
2013-06-16 08:00:00,9.482296181638948e-09,8.115806297679476e-08,0.05769726985900081,0.028848639670648497
2013-06-16 09:00:00,9.53130818218296e-09,7.982753863419487e-08,0.06380028381650567,0.03190014667390693
2013-06-16 10:00:00,9.72832923945242e-09,8.082783545764377e-08,0.06423964172291442,0.03211982572562183
2013-06-16 11:00:00,9.725471308577498e-09,8.198699285012616e-08,0.06021551264771416,0.030107761186592735
2013-06-16 12:00:00,9.716658953636769e-09,8.449497454638182e-08,0.05863270500947539,0.029316357363067175
2013-06-16 13:00:00,9.581008111821198e-09,8.75916875722072e-08,0.0625652322021331,0.031282620891570606
2013-06-16 14:00:00,1.0172034292626581e-08,9.750516011526834e-08,0.0630847828839649,0.031542396527999596
2013-06-16 15:00:00,1.557505113548872e-08,1.236353265125961e-07,0.06371035217599914,0.03185518387552514
2013-06-16 16:00:00,7.223866615059363e-08,0.09166822227156132,0.06309651967207236,0.03154829595536925
2013-06-16 17:00:00,2.6007218390154916e-07,0.15721703861019248,0.05913610707657795,0.029568183574380926
2013-06-16 18:00:00,2.0640261839609663e-07,0.14719431018336507,0.055872450790906095,0.027936328596762247
2013-06-16 19:00:00,1.490406477068084e-07,0.12231696699504528,0.05438509896404424,0.027192624002345973
2013-06-16 20:00:00,1.1382116494444705e-07,0.10165427581879345,0.06992545860664061,0.03496278621390277
2013-06-16 21:00:00,9.265538186572134e-08,0.0869399608089617,0.07441718960327257,0.037208641129327216
2013-06-16 22:00:00,7.426883630363705e-08,0.07197515237972975,0.08054206698653095,0.040271070627683626
2013-06-16 23:00:00,6.87008122222226e-08,0.06705028981069351,0.0801078646245499,0.04005396666268106
2013-06-17 00:00:00,6.874018060840881e-08,0.06665723534920757,0.07249022193149665,0.03624514533583863
2013-06-17 01:00:00,6.809600638032342e-08,0.06748693320348575,0.07466669127236901,0.03733337968418769
2013-06-17 02:00:00,6.807671083468539e-08,0.06887422454160146,0.07357845660193284,0.03678926233932184
2013-06-17 03:00:00,6.82086737969286e-08,0.07081211443940395,0.07444686132589497,0.03722346476728438
2013-06-17 04:00:00,5.305769835456936e-08,0.05899996385964453,0.06817684852446258,0.03408845079108047
2013-06-17 05:00:00,2.526096566836467e-08,0.03469279180719136,0.0595734656230927,0.029786745442029184
2013-06-17 06:00:00,8.771406848663595e-09,1.5192159209334465e-07,0.05837142523241711,0.02918571700191198
2013-06-17 07:00:00,5.3366887016408485e-09,5.1215103365849765e-08,0.0580872409839447,0.029043623160316702
2013-06-17 08:00:00,5.172184478062322e-09,4.833847814078698e-08,0.05769726985900081,0.028848637515592645
2013-06-17 09:00:00,5.2138019145577684e-09,4.78855633998242e-08,0.06380028381650567,0.03190014451515379
2013-06-17 10:00:00,5.149325699318381e-09,4.763383458527731e-08,0.06423964172291442,0.03211982343612006
2013-06-17 11:00:00,5.197623557803265e-09,4.811984085966631e-08,0.06021551264771416,0.03010775892266886
2013-06-17 12:00:00,5.491220226176076e-09,5.103078963104706e-08,0.05863270500947539,0.02931635525034781
2013-06-17 13:00:00,6.312005685400256e-09,5.843140095826491e-08,0.0625652322021331,0.03128261925706939
2013-06-17 14:00:00,8.32918687901192e-09,7.597011943262478e-08,0.0630847828839649,0.03154239560657589
2013-06-17 15:00:00,1.7130746072471326e-08,1.5745515098090043e-07,0.06371035217599914,0.03185518465337261
2013-06-17 16:00:00,7.612105185794868e-08,0.0826803478549803,0.06309651967207236,0.03154829789656211
2013-06-17 17:00:00,1.3034935466424243e-07,0.17099091219491083,0.05913610707657795,0.02956811871296631
2013-06-17 18:00:00,1.1111359950703093e-07,0.15594010309121473,0.055872450790906095,0.027936280952252802
2013-06-17 19:00:00,9.415516142902428e-08,0.13684355128214296,0.05438509896404424,0.027192596559602836
2013-06-17 20:00:00,8.349837095606024e-08,0.12392234320974815,0.06992545860664061,0.03496277105250578
2013-06-17 21:00:00,7.583524176932316e-08,0.11505036921983074,0.07441718960327257,0.037208632719257166
2013-06-17 22:00:00,7.197133755875992e-08,0.11167471845897575,0.08054206698653095,0.04027106947893425
2013-06-17 23:00:00,7.09796443314126e-08,0.08314193132202889,0.0801078646245499,0.040053967802097114
2013-06-18 00:00:00,7.194747949113115e-08,0.08503881301831769,0.07249022193149665,0.03624514693948807
2013-06-18 01:00:00,7.215789648635462e-08,0.0855528045940745,0.07466669127236901,0.03733338171513275
2013-06-18 02:00:00,7.24534916207054e-08,0.08630256691256513,0.07357845660193284,0.03678926452771223
2013-06-18 03:00:00,7.333855536442442e-08,0.11569284534463119,0.07444686132589497,0.03722346733222517
2013-06-18 04:00:00,5.548770026343339e-08,0.09281919875209751,0.06817684852446258,0.034088452006081425
2013-06-18 05:00:00,3.1771913696072754e-08,0.040011440644353996,0.0595734656230927,0.0297867486975032
2013-06-18 06:00:00,1.24162950810997e-08,0.0280702541372665,0.05837142523241711,0.029185718824356097
2013-06-18 07:00:00,5.963022083603072e-09,6.351023605303776e-08,0.0580872409839447,0.029043623473483392
2013-06-18 08:00:00,5.227482454660851e-09,5.11336742520504e-08,0.05769726985900081,0.028848637543241632
2013-06-18 09:00:00,5.3213456234966305e-09,5.111559727150565e-08,0.06380028381650567,0.03190014456892565
2013-06-18 10:00:00,5.312541509764443e-09,5.118376554689284e-08,0.06423964172291442,0.03211982351772796
2013-06-18 11:00:00,5.493686663526806e-09,5.3003198006844184e-08,0.06021551264771416,0.030107759070700412
2013-06-18 12:00:00,5.883494073692721e-09,5.7121191528253266e-08,0.05863270500947539,0.029316355446484733
2013-06-18 13:00:00,7.003660033358619e-09,6.809587216328629e-08,0.0625652322021331,0.031282619602896564
2013-06-18 14:00:00,9.505607131096331e-09,9.91667458241907e-08,0.0630847828839649,0.031542396194786014
2013-06-18 15:00:00,3.1178492290320133e-08,0.05610367288552912,0.06371035217599914,0.031855191677245716
2013-06-18 16:00:00,1.2412787445091106e-07,0.15904773517273502,0.06309651967207236,0.031548321899973406
2013-06-18 17:00:00,7.113814303060906e-07,0.3972249473057807,0.05913610707657795,0.02956840922900413
2013-06-18 18:00:00,0.2627909671017662,0.5700855609724614,0.055872450790906095,0.15933170894633614
2013-06-18 19:00:00,0.2568632788060761,0.5103912658133115,0.05438509896404424,0.1556241888850602
2013-06-18 20:00:00,0.2694866963299309,0.5053233804365894,0.06992545860664061,0.16970607746828575
2013-06-18 21:00:00,0.27700241225954875,0.5113934815165871,0.07441718960327257,0.17570980093141064
2013-06-18 22:00:00,0.27149430484153586,0.488733925787253,0.08054206698653095,0.1760181859140334
2013-06-18 23:00:00,0.27995459257145294,0.502359915462477,0.0801078646245499,0.1800312285980014
2013-06-19 00:00:00,0.27940451889913415,0.5109732713547698,0.07249022193149665,0.17594737041531539
2013-06-19 01:00:00,0.276770749830503,0.5193777746876812,0.07466669127236901,0.175718720551436
2013-06-19 02:00:00,0.2767471066112581,0.5781940957108481,0.07357845660193284,0.17516278160659549
2013-06-19 03:00:00,0.25524140408048523,0.5654347195584736,0.07444686132589497,0.1648441327031901
2013-06-19 04:00:00,1.9057615038958628e-07,0.21351695877322116,0.06817684852446258,0.034088519550306486
2013-06-19 05:00:00,5.231354897493607e-08,0.08565850183996215,0.0595734656230927,0.029786758968320837
2013-06-19 06:00:00,1.685611933431274e-08,0.03683674330515331,0.05837142523241711,0.029185721044268222
2013-06-19 07:00:00,7.50108403791245e-09,7.848986134687505e-08,0.0580872409839447,0.02904362424251437
2013-06-19 08:00:00,6.467207538059835e-09,6.246615267179552e-08,0.05769726985900081,0.028848638163104175
2013-06-19 09:00:00,6.115173196442489e-09,5.906595762425424e-08,0.06380028381650567,0.031900144965839435
2013-06-19 10:00:00,6.203791665236088e-09,5.999365237161082e-08,0.06423964172291442,0.03211982396335304
2013-06-19 11:00:00,6.5959146645889e-09,6.385555340271682e-08,0.06021551264771416,0.03010775962181441
2013-06-19 12:00:00,7.485996694583112e-09,7.198403178222976e-08,0.05863270500947539,0.029316356247736045
2013-06-19 13:00:00,9.490615628649775e-09,9.072997024384614e-08,0.0625652322021331,0.031282620846374364
2013-06-19 14:00:00,1.2750013961265289e-08,1.3090385490136073e-07,0.0630847828839649,0.03154239781698943
2013-06-19 15:00:00,4.1393145361357194e-08,0.06973352582007675,0.06371035217599914,0.03185519678457225
2013-06-19 16:00:00,1.583183626170323e-07,0.16796330934373238,0.06309651967207236,0.03154833899521749
2013-06-19 17:00:00,0.12053038219334743,0.2964516594770392,0.05913610707657795,0.08983324463496269
2013-06-19 18:00:00,0.32476143168053256,0.3582049805245556,0.055872450790906095,0.19031694123571932
2013-06-19 19:00:00,0.2708085512215475,0.31329721819347905,0.05438509896404424,0.16259682509279588
2013-06-19 20:00:00,0.28561265013960985,0.3029949264813236,0.06992545860664061,0.17776905437312523
2013-06-19 21:00:00,0.09114586153300447,0.2879919786475762,0.07441718960327257,0.08278152556813852
2013-06-19 22:00:00,0.08403450285812447,0.2714701495351042,0.08054206698653095,0.0822882849223277
2013-06-19 23:00:00,0.07880768219844099,0.2588466749116578,0.0801078646245499,0.07945777341149544
2013-06-20 00:00:00,0.2401296706970075,0.2459714843894407,0.07249022193149665,0.15630994631425207
2013-06-20 01:00:00,0.14356231073470116,0.23005580325193925,0.07466669127236901,0.10911450100353509
2013-06-20 02:00:00,0.09442154755742804,0.21105987163139914,0.07357845660193284,0.08400000207968045
2013-06-20 03:00:00,3.20862859267336e-07,0.19612808450146865,0.07444686132589497,0.03722359109437712
2013-06-20 04:00:00,1.197637291570092e-07,0.1282857741233444,0.06817684852446258,0.03408848414409587
2013-06-20 05:00:00,4.9037340610866986e-08,0.06966688816476535,0.0595734656230927,0.029786757330216657
2013-06-20 06:00:00,1.833295327084208e-08,0.032333991282316774,0.05837142523241711,0.029185721782685192
2013-06-20 07:00:00,6.920572410509698e-09,8.691044487571862e-08,0.0580872409839447,0.029043623952258558
2013-06-20 08:00:00,5.846176901676722e-09,5.540262754594388e-08,0.05769726985900081,0.028848637852588857
2013-06-20 09:00:00,5.527731055910596e-09,5.214512130368204e-08,0.06380028381650567,0.03190014467211836
2013-06-20 10:00:00,5.335298383008889e-09,5.0661319638325245e-08,0.06423964172291442,0.0321198235291064
2013-06-20 11:00:00,5.4590308622907e-09,5.202420630248722e-08,0.06021551264771416,0.03010775905337251
2013-06-20 12:00:00,5.821339730576909e-09,5.587958514406149e-08,0.05863270500947539,0.02931635541540756
2013-06-20 13:00:00,6.774502994571948e-09,6.696427242323502e-08,0.0625652322021331,0.03128261948831805
2013-06-20 14:00:00,8.869876105777519e-09,1.1336029401673767e-07,0.0630847828839649,0.0315423958769205
2013-06-20 15:00:00,2.7495102537967058e-08,0.04853858675203725,0.06371035217599914,0.03185518983555084
2013-06-20 16:00:00,1.0868287978765502e-07,0.1257177874989404,0.06309651967207236,0.031548314177476076
2013-06-20 17:00:00,3.941570163890486e-07,0.24424816871539354,0.05913610707657795,0.02956825061679717
2013-06-20 18:00:00,0.17876259072294867,0.28184348497016976,0.055872450790906095,0.11731752075692739
2013-06-20 19:00:00,0.08063100824560908,0.26396696791165375,0.05438509896404424,0.06750805360482666
2013-06-20 20:00:00,0.07847999371031071,0.2580412763082053,0.06992545860664061,0.07420272615847566
2013-06-20 21:00:00,0.07791551479155856,0.25664975640489346,0.07441718960327257,0.07616635219741556
2013-06-20 22:00:00,0.08516913626570782,0.27415566011920595,0.08054206698653095,0.08285560162611938
2013-06-20 23:00:00,0.0929796555304149,0.29213539227122326,0.0801078646245499,0.0865437600774824
2013-06-21 00:00:00,0.3205731749118949,0.32241379965252953,0.07249022193149665,0.19653169842169577
2013-06-21 01:00:00,0.32359765444580113,0.34750107778216605,0.07466669127236901,0.19913217285908508
2013-06-21 02:00:00,0.3263863896838097,0.37385588931956537,0.07357845660193284,0.19998242314287126
2013-06-21 03:00:00,0.32703205097084787,0.3805537053222236,0.07444686132589497,0.2007394561483714
2013-06-21 04:00:00,1.957781652488706e-07,0.18414464591055996,0.06817684852446258,0.034088522151313916
2013-06-21 05:00:00,5.379415211518714e-08,0.0772561796441663,0.0595734656230927,0.029786759708622407
2013-06-21 06:00:00,1.5603152319842205e-08,0.033616380442810345,0.05837142523241711,0.029185720417784715
2013-06-21 07:00:00,6.910442428292152e-09,7.467631800400037e-08,0.0580872409839447,0.029043623947193564
2013-06-21 08:00:00,5.839621397100805e-09,5.516592120804101e-08,0.05769726985900081,0.028848637849311104
2013-06-21 09:00:00,5.922072548835369e-09,5.469420371947022e-08,0.06380028381650567,0.03190014486928911
2013-06-21 10:00:00,5.844331268969421e-09,5.4398505143584936e-08,0.06423964172291442,0.032119823783622846
2013-06-21 11:00:00,5.8923614753054254e-09,5.530895452173435e-08,0.06021551264771416,0.030107759270037816
2013-06-21 12:00:00,6.171761682919597e-09,5.8745079389764735e-08,0.05863270500947539,0.02931635559061854
2013-06-21 13:00:00,7.401124218433574e-09,7.052672161095322e-08,0.0625652322021331,0.03128261980162866
2013-06-21 14:00:00,9.908563838951251e-09,9.948263453776899e-08,0.0630847828839649,0.03154239639626437
2013-06-21 15:00:00,2.6345753330918624e-08,3.0156785833760374e-06,0.06371035217599914,0.031855189260876236
2013-06-21 16:00:00,1.0477201731266785e-07,0.14486121018407674,0.06309651967207236,0.031548312222044836
2013-06-21 17:00:00,4.3911638191286655e-07,0.3035411218391181,0.05913610707657795,0.029568273096479934
2013-06-21 18:00:00,0.18545745214937598,0.3599897407832726,0.055872450790906095,0.12066495147014103
2013-06-21 19:00:00,0.13851902903020896,0.2738881546524901,0.05438509896404424,0.09645206399712661
2013-06-21 20:00:00,0.1095775735397081,0.24575785032879194,0.06992545860664061,0.08975151607317436
2013-06-21 21:00:00,6.015397251420625e-07,0.2594452467207022,0.07441718960327257,0.037208895571498854
2013-06-21 22:00:00,3.858578915482343e-07,0.22351193141753334,0.08054206698653095,0.04027122642221125
2013-06-21 23:00:00,4.1726285028173124e-07,0.2574044150736666,0.0801078646245499,0.04005414094370009
2013-06-22 00:00:00,4.696750396679711e-07,0.2856393810325905,0.07249022193149665,0.03624534580326816
2013-06-22 01:00:00,4.899381404103918e-07,0.29778340996742886,0.07466669127236901,0.03733359060525471
2013-06-22 02:00:00,4.520686208019276e-07,0.2994682482145562,0.07357845660193284,0.03678945433527682
2013-06-22 03:00:00,6.012592774306508e-07,0.34106593557728704,0.07444686132589497,0.0372237312925862
2013-06-22 04:00:00,1.3630598719202304e-07,0.17386968511341477,0.06817684852446258,0.03408849241522489
2013-06-22 05:00:00,4.3263044387878134e-08,0.05803398569474013,0.0595734656230927,0.029786754443068546
2013-06-22 06:00:00,9.585370056726412e-09,1.235626557975463e-07,0.05837142523241711,0.029185717408893586
2013-06-22 07:00:00,7.444195204793371e-09,7.117240851489221e-08,0.0580872409839447,0.029043624214069953
2013-06-22 08:00:00,7.235964468462187e-09,6.715993449637874e-08,0.05769726985900081,0.02884863854748264
2013-06-22 09:00:00,7.19971111879107e-09,6.567448404766236e-08,0.06380028381650567,0.03190014550810839
2013-06-22 10:00:00,7.161302287499699e-09,6.549707532543727e-08,0.06423964172291442,0.032119824442108355
2013-06-22 11:00:00,7.22701363456342e-09,6.701368624423297e-08,0.06021551264771416,0.030107759937363896
2013-06-22 12:00:00,7.387657935844687e-09,7.003871946637222e-08,0.05863270500947539,0.029316356198566665
2013-06-22 13:00:00,8.183962402287479e-09,7.904047636887139e-08,0.0625652322021331,0.03128262019304775
2013-06-22 14:00:00,9.333932331180961e-09,8.998197946322772e-08,0.0630847828839649,0.031542396108948614
2013-06-22 15:00:00,1.3914184296181669e-08,1.791090847020762e-07,0.06371035217599914,0.03185518304509172
2013-06-22 16:00:00,6.44559031921034e-08,0.10907837326867463,0.06309651967207236,0.03154829206398778
2013-06-22 17:00:00,8.643184204377273e-08,0.13741251975916838,0.05913610707657795,0.02956809675421
2013-06-22 18:00:00,9.91425873648611e-08,0.1409454603075818,0.055872450790906095,0.02793627496674673
2013-06-22 19:00:00,1.0544900590937401e-07,0.14410410979203309,0.05438509896404424,0.027192602206525075
2013-06-22 20:00:00,1.0728960249667197e-07,0.1472398389948411,0.06992545860664061,0.03496278294812155
2013-06-22 21:00:00,9.232038044202999e-08,0.13804408496605994,0.07441718960327257,0.0372086409618265
2013-06-22 22:00:00,2.0588366090796342e-07,0.18898960306938964,0.08054206698653095,0.04027113643509593
2013-06-22 23:00:00,2.702750021118989e-07,0.21570668559039646,0.0801078646245499,0.04005406744977601
2013-06-23 00:00:00,3.205356849350756e-07,0.25110662575632825,0.07249022193149665,0.036245271233590795
2013-06-23 01:00:00,3.957539297046041e-07,0.2957256746524764,0.07466669127236901,0.03733354351314936
2013-06-23 02:00:00,5.794301150303979e-07,0.37078256206350424,0.07357845660193284,0.03678951801602393
2013-06-23 03:00:00,8.845359238048962e-07,0.4478319916534416,0.07444686132589497,0.03722387293090938
2013-06-23 04:00:00,1.5141268540188913e-07,0.15223147800367026,0.06817684852446258,0.03408849996857399
2013-06-23 05:00:00,4.539680690663388e-08,0.06885765530616754,0.0595734656230927,0.029786755509949803
2013-06-23 06:00:00,1.0862738340563986e-08,1.0200761448370678e-07,0.05837142523241711,0.029185718047577726
2013-06-23 07:00:00,9.461084694816534e-09,8.75746353613553e-08,0.0580872409839447,0.029043625222514698
2013-06-23 08:00:00,9.350922426729945e-09,8.310918171401496e-08,0.05769726985900081,0.028848639604961618
2013-06-23 09:00:00,9.2253361890095e-09,8.013645421726906e-08,0.06380028381650567,0.03190014652092093
2013-06-23 10:00:00,9.004285112272075e-09,7.837324299516664e-08,0.06423964172291442,0.032119825363599766
2013-06-23 11:00:00,9.005459776120308e-09,7.953726597302836e-08,0.06021551264771416,0.030107760826586966
2013-06-23 12:00:00,8.569075723582537e-09,7.976544421632906e-08,0.05863270500947539,0.02931635678927556
2013-06-23 13:00:00,8.91566883714563e-09,8.69258549693879e-08,0.0625652322021331,0.03128262055890097
2013-06-23 14:00:00,1.1616666726040741e-08,1.1140601840330023e-07,0.0630847828839649,0.03154239725031581
2013-06-23 15:00:00,2.466248069559738e-08,2.1119133772781945e-07,0.06371035217599914,0.03185518841923992
2013-06-23 16:00:00,1.2436507655644657e-07,0.13608185381697538,0.06309651967207236,0.03154832201857446
2013-06-23 17:00:00,4.513598999858679e-07,0.32633754315033325,0.05913610707657795,0.029568279218238968
2013-06-23 18:00:00,0.16108314006573063,0.43926281733090766,0.055872450790906095,0.10847779542831837
2013-06-23 19:00:00,0.2069765362112347,0.5303175980920865,0.05438509896404424,0.13068081758763947
2013-06-23 20:00:00,0.18234827123655173,0.4678121328683821,0.06992545860664061,0.12613686492159618
2013-06-23 21:00:00,8.896279522526002e-07,0.4257471621775819,0.07441718960327257,0.03720903961561241
2013-06-23 22:00:00,5.231529718123086e-07,0.3658263004227259,0.08054206698653095,0.040271295069751384
2013-06-23 23:00:00,5.862235473219286e-07,0.37519062384369833,0.0801078646245499,0.04005422542404861
2013-06-24 00:00:00,5.745838943240623e-07,0.36189516788289755,0.07249022193149665,0.03624539825769549
2013-06-24 01:00:00,0.1497824854482521,0.3929100730990741,0.07466669127236901,0.11222458836031055
2013-06-24 02:00:00,0.16947941992750892,0.4022512923921623,0.07357845660193284,0.12152893826472089
2013-06-24 03:00:00,8.325501195171949e-07,0.40091827361098575,0.07444686132589497,0.03722384693800724
2013-06-24 04:00:00,1.489973323848715e-07,0.19798827972879227,0.06817684852446258,0.034088498760897486
2013-06-24 05:00:00,6.307324203626384e-08,0.10095711154454112,0.0595734656230927,0.02978676434816737
2013-06-24 06:00:00,2.5084034336982756e-08,0.045367109158540926,0.05837142523241711,0.029185725158225723
2013-06-24 07:00:00,9.018832359131589e-09,1.0888990729720659e-07,0.0580872409839447,0.02904362500138853
2013-06-24 08:00:00,7.326226701323107e-09,8.648838999607429e-08,0.05769726985900081,0.028848638592613756
2013-06-24 09:00:00,6.611835916236749e-09,7.805478243328374e-08,0.06380028381650567,0.03190014521417079
2013-06-24 10:00:00,6.612346971005078e-09,7.983492507704289e-08,0.06423964172291442,0.0321198241676307
2013-06-24 11:00:00,7.108318517089888e-09,8.402088691268114e-08,0.06021551264771416,0.030107759878016338
2013-06-24 12:00:00,8.270078626173658e-09,9.781128966448421e-08,0.05863270500947539,0.02931635663977701
2013-06-24 13:00:00,1.0736006918511895e-08,1.3004995123256876e-07,0.0625652322021331,0.03128262146907001
2013-06-24 14:00:00,2.0041729988303797e-08,1.785757965759982e-07,0.0630847828839649,0.03154240146284744
2013-06-24 15:00:00,5.0316998347514304e-08,0.08553898028510126,0.06371035217599914,0.031855201246498745
2013-06-24 16:00:00,1.8220718753785923e-07,0.18752484466763034,0.06309651967207236,0.031548350939629946
2013-06-24 17:00:00,0.1438049050291814,0.3517516299650897,0.05913610707657795,0.10147050605287967
2013-06-24 18:00:00,0.33072149933022604,0.4227292956070651,0.055872450790906095,0.19329697506056606
2013-06-24 19:00:00,0.3285476776216097,0.39693991689206937,0.05438509896404424,0.19146638829282697
2013-06-24 20:00:00,0.3280766741142621,0.3917166853216379,0.06992545860664061,0.19900106636045137
2013-06-24 21:00:00,0.26059640842560705,0.3603209563109069,0.07441718960327257,0.16750679901443982
2013-06-24 22:00:00,0.2068795023533421,0.338236470111114,0.08054206698653095,0.14371078466993653
2013-06-24 23:00:00,0.2582065673271023,0.33406933699896224,0.0801078646245499,0.1691572159758261
2013-06-25 00:00:00,0.3251403809010636,0.3616674084543012,0.07249022193149665,0.19881530141628012
2013-06-25 01:00:00,0.32645960650441197,0.3746078850129417,0.07466669127236901,0.2005631488883905
2013-06-25 02:00:00,0.32777112559061594,0.38831251122638577,0.07357845660193284,0.2006747910962744
2013-06-25 03:00:00,0.2932066033441037,0.39312083851186397,0.07444686132589497,0.18382673233499933
2013-06-25 04:00:00,2.0005572752345894e-07,0.1921393293196931,0.06817684852446258,0.034088524290095054
2013-06-25 05:00:00,7.068140735898908e-08,0.0965702389717061,0.0595734656230927,0.02978676815225003
2013-06-25 06:00:00,2.875592860466543e-08,0.04322292002270748,0.05837142523241711,0.029185726994172857
2013-06-25 07:00:00,1.4864138386127243e-08,4.51225181771893e-07,0.0580872409839447,0.029043627924041544
2013-06-25 08:00:00,7.644797432489686e-09,8.508581255681797e-08,0.05769726985900081,0.028848638751899122
2013-06-25 09:00:00,7.2536329851029375e-09,8.078963512376939e-08,0.06380028381650567,0.03190014553506933
2013-06-25 10:00:00,7.403992137789596e-09,8.291879283860001e-08,0.06423964172291442,0.03211982456345328
2013-06-25 11:00:00,7.903700970155057e-09,8.736406624514282e-08,0.06021551264771416,0.030107760275707565
2013-06-25 12:00:00,8.766152648014084e-09,9.507401624215973e-08,0.05863270500947539,0.029316356887814022
2013-06-25 13:00:00,1.0622838214800734e-08,1.1724928123192755e-07,0.0625652322021331,0.03128262141248566
2013-06-25 14:00:00,1.8181712975815374e-08,1.463079361886981e-07,0.0630847828839649,0.03154240053283894
2013-06-25 15:00:00,4.0018668975868375e-08,0.061324253720833666,0.06371035217599914,0.03185519609733406
2013-06-25 16:00:00,1.250595173875687e-07,0.13076193883360018,0.06309651967207236,0.03154832236579487
2013-06-25 17:00:00,3.290421845242248e-07,0.20728600104345066,0.05913610707657795,0.02956821805938124
2013-06-25 18:00:00,0.11629691032044508,0.2396441526480261,0.055872450790906095,0.08608468055567559
2013-06-25 19:00:00,0.11326362092477096,0.234919116758855,0.05438509896404424,0.0838243599444076
2013-06-25 20:00:00,0.10591884689367222,0.2375099148805761,0.06992545860664061,0.08792215275015641
2013-06-25 21:00:00,0.12993178805092445,0.25936935395861477,0.07441718960327257,0.10217448882709851
2013-06-25 22:00:00,0.21790244402863712,0.27384178903091866,0.08054206698653095,0.14922225550758403
2013-06-25 23:00:00,0.23106985442973424,0.2801458380358922,0.0801078646245499,0.15558885952714208
2013-06-26 00:00:00,0.24737125151812353,0.28662473416496603,0.07249022193149665,0.1599307367248101
2013-06-26 01:00:00,0.2639654355189795,0.3079329605870165,0.07466669127236901,0.16931606339567426
2013-06-26 02:00:00,0.3216055422378089,0.3306317790461044,0.07357845660193284,0.19759199941987088
2013-06-26 03:00:00,0.32304425746584786,0.3427133525267338,0.07444686132589497,0.1987455593958714
2013-06-26 04:00:00,4.1025748744530037e-07,0.241728098979975,0.06817684852446258,0.03408862939097501
2013-06-26 05:00:00,1.4440999592128408e-07,0.151792809326208,0.0595734656230927,0.02978680501654431
2013-06-26 06:00:00,4.762943461590775e-08,0.07450199863013857,0.05837142523241711,0.029185736430925865
2013-06-26 07:00:00,1.5866190221193098e-08,1.7477988886152039e-07,0.0580872409839447,0.029043628425067462
2013-06-26 08:00:00,1.221979764691259e-08,1.1248975640155769e-07,0.05769726985900081,0.028848641039399228
2013-06-26 09:00:00,1.1102823264759643e-08,1.0035334067181952e-07,0.06380028381650567,0.03190014745966446
2013-06-26 10:00:00,1.1546888857649852e-08,1.0492306830785533e-07,0.06423964172291442,0.03211982663490164
2013-06-26 11:00:00,1.2271983930769715e-08,1.1208750895999528e-07,0.06021551264771416,0.030107762459849044
2013-06-26 12:00:00,1.2497588746471227e-08,1.1092561846439921e-07,0.05863270500947539,0.02931635875353207
2013-06-26 13:00:00,1.4228788561511026e-08,1.4764164434847901e-07,0.0625652322021331,0.03128262321546083
2013-06-26 14:00:00,1.7429645627591255e-08,1.96834341028979e-07,0.0630847828839649,0.03154240015680526
2013-06-26 15:00:00,5.265202317373496e-08,0.08453583509445854,0.06371035217599914,0.03185520241401116
2013-06-26 16:00:00,1.664152440505441e-07,0.1857384208013469,0.06309651967207236,0.03154834304365821
2013-06-26 17:00:00,0.13818157678820872,0.34248834512268295,0.05913610707657795,0.09865884193239334
2013-06-26 18:00:00,0.3301431642233157,0.41559637469411437,0.055872450790906095,0.19300780750711088
2013-06-26 19:00:00,0.3283989671918219,0.39529390748330484,0.05438509896404424,0.19139203307793307
2013-06-26 20:00:00,0.3263814543562208,0.3739129922000698,0.06992545860664061,0.1981534564814307
2013-06-26 21:00:00,0.150047914881282,0.30528679209172865,0.07441718960327257,0.11223255224227728
2013-06-26 22:00:00,0.12088009756042288,0.28027505072713466,0.08054206698653095,0.10071108227347692
2013-06-26 23:00:00,4.823464573051515e-07,0.25468298520267635,0.0801078646245499,0.0400541734855036
2013-06-27 00:00:00,3.3734456258925716e-07,0.2249920399377051,0.07249022193149665,0.03624527963802962
2013-06-27 01:00:00,2.4785243302358063e-07,0.1997772340355982,0.07466669127236901,0.037333469562401016
2013-06-27 02:00:00,1.7590281327349965e-07,0.16879510376040713,0.07357845660193284,0.036789316252373055
2013-06-27 03:00:00,1.3738114041321087e-07,0.14767453586798418,0.07444686132589497,0.03722349935351769
2013-06-27 04:00:00,9.502859158495023e-08,0.11707313111305923,0.06817684852446258,0.03408847177652708
2013-06-27 05:00:00,6.655830619440583e-08,0.09093007419561297,0.0595734656230927,0.029786766090699447
2013-06-27 06:00:00,3.032457254242474e-08,0.05231006447595694,0.05837142523241711,0.029185727778494826
2013-06-27 07:00:00,1.2403525277032532e-08,1.5190793784263322e-07,0.0580872409839447,0.02904362669373499
2013-06-27 08:00:00,1.1121789223328053e-08,1.0778897840566095e-07,0.05769726985900081,0.028848640490395018
2013-06-27 09:00:00,1.075861231129309e-08,9.837733140959368e-08,0.06380028381650567,0.03190014728755899
2013-06-27 10:00:00,1.1801801768487407e-08,1.1199481612924158e-07,0.06423964172291442,0.0321198267623581
2013-06-27 11:00:00,1.2874884724183172e-08,1.2254087781528559e-07,0.06021551264771416,0.03010776276129944
2013-06-27 12:00:00,1.4220131108755617e-08,1.3509447406678826e-07,0.05863270500947539,0.02931635961480325
2013-06-27 13:00:00,1.6678484299375236e-08,1.9944251911924942e-07,0.0625652322021331,0.0312826244403087
2013-06-27 14:00:00,2.8602795213882836e-08,2.5523953999517713e-07,0.0630847828839649,0.031542405743380054
2013-06-27 15:00:00,6.428090791039996e-08,0.09557234350941551,0.06371035217599914,0.03185520822845353
2013-06-27 16:00:00,2.0791083253277267e-07,0.17953079883719641,0.06309651967207236,0.03154836379145245
2013-06-27 17:00:00,0.12637613687612312,0.2587976000084157,0.05913610707657795,0.09275612197635054
2013-06-27 18:00:00,0.09124404805323487,0.2882149871562802,0.055872450790906095,0.07355824942207048
2013-06-27 19:00:00,0.08631586509941812,0.2768504598324715,0.05438509896404424,0.07035048203173118
2013-06-27 20:00:00,0.08737226489049407,0.27931593031397994,0.06992545860664061,0.07864886174856733
2013-06-27 21:00:00,0.08283564999927301,0.26955004750140116,0.07441718960327257,0.07862641980127279
2013-06-27 22:00:00,0.22379514360667652,0.29193931143683,0.08054206698653095,0.15216860529660373
2013-06-27 23:00:00,0.13733387193835805,0.27627449522416775,0.0801078646245499,0.10872086828145397
2013-06-28 00:00:00,5.197452520621542e-07,0.2518024047159719,0.07249022193149665,0.036245370838374355
2013-06-28 01:00:00,3.2203601992204995e-07,0.22622252963106096,0.07466669127236901,0.037333506654194465
2013-06-28 02:00:00,2.0452242020787864e-07,0.19140816041894546,0.07357845660193284,0.03678933056217652
2013-06-28 03:00:00,1.466979831653209e-07,0.1643068196772814,0.07444686132589497,0.037223504011939065
2013-06-28 04:00:00,9.113893169532612e-08,0.12130639085666332,0.06817684852446258,0.03408846983169714
2013-06-28 05:00:00,5.041535446002206e-08,0.08233598167940562,0.0595734656230927,0.02978675801922358
2013-06-28 06:00:00,2.209992353721122e-08,0.03981103866052379,0.05837142523241711,0.029185723666170324
2013-06-28 07:00:00,8.265919775055007e-09,1.0596130159048269e-07,0.0580872409839447,0.02904362462493224
2013-06-28 08:00:00,7.020828671356828e-09,6.771798639905313e-08,0.05769726985900081,0.02884863843991474
2013-06-28 09:00:00,6.558911332657532e-09,6.34536355451149e-08,0.06380028381650567,0.0319001451877085
2013-06-28 10:00:00,6.517921881146298e-09,6.350292585232742e-08,0.06423964172291442,0.03211982412041815
2013-06-28 11:00:00,6.563079483001027e-09,6.378337306866206e-08,0.06021551264771416,0.03010775960539682
2013-06-28 12:00:00,7.191310066939494e-09,6.97629006471515e-08,0.05863270500947539,0.02931635610039273
2013-06-28 13:00:00,8.44653889202498e-09,1.0387034991439291e-07,0.0625652322021331,0.031282620324336
2013-06-28 14:00:00,1.0594599133282685e-08,1.3535408179437011e-07,0.0630847828839649,0.03154239673928201
2013-06-28 15:00:00,2.143558427135495e-08,2.0384119018250543e-07,0.06371035217599914,0.031855186805791705
2013-06-28 16:00:00,8.333238889959249e-08,0.1255354432665023,0.06309651967207236,0.03154830150223063
2013-06-28 17:00:00,1.5126274212759486e-07,0.18621064855117306,0.05913610707657795,0.02956812916966004
2013-06-28 18:00:00,1.471670367500668e-07,0.17685549304230636,0.055872450790906095,0.027936298978971423
2013-06-28 19:00:00,1.412319365235886e-07,0.1614125206377199,0.05438509896404424,0.02719262009799038
2013-06-28 20:00:00,1.4505792438530763e-07,0.1561358042720745,0.06992545860664061,0.034962801832282495
2013-06-28 21:00:00,1.332823590508398e-07,0.1471327833211341,0.07441718960327257,0.03720866144281581
2013-06-28 22:00:00,1.2521646326525243e-07,0.1405953983058127,0.08054206698653095,0.04027109610149711
2013-06-28 23:00:00,1.2395690949311046e-07,0.15042233464936075,0.0801078646245499,0.04005399429072969
2013-06-29 00:00:00,1.2628211955894368e-07,0.1477792836503053,0.07249022193149665,0.0362451741068081
2013-06-29 01:00:00,1.5802677514373677e-07,0.16136178740665807,0.07466669127236901,0.037333424649572074
2013-06-29 02:00:00,1.2908328436295993e-07,0.1492798327142281,0.07357845660193284,0.0367892928426086
2013-06-29 03:00:00,1.2196602235314659e-07,0.15188921315657755,0.07444686132589497,0.03722349164595866
2013-06-29 04:00:00,8.719528264220075e-08,0.0914371301969765,0.06817684852446258,0.034088467859872615
2013-06-29 05:00:00,3.843061715002703e-08,0.0499424814675114,0.0595734656230927,0.029786752026854924
2013-06-29 06:00:00,8.814857303297619e-09,1.1096794089026305e-07,0.05837142523241711,0.029185717023637207
2013-06-29 07:00:00,6.8331761361163224e-09,7.024247576558041e-08,0.0580872409839447,0.02904362390856042
2013-06-29 08:00:00,7.391522350601085e-09,6.720831176841081e-08,0.05769726985900081,0.02884863862526158
2013-06-29 09:00:00,7.482818662654585e-09,6.725496339247892e-08,0.06380028381650567,0.03190014564966216
2013-06-29 10:00:00,7.827647946075146e-09,7.063030200954061e-08,0.06423964172291442,0.032119824775281185
2013-06-29 11:00:00,8.068124445871129e-09,7.287001714139631e-08,0.06021551264771416,0.030107760357919303
2013-06-29 12:00:00,8.249507203312949e-09,7.594670318589205e-08,0.05863270500947539,0.029316356629491298
2013-06-29 13:00:00,8.976896547362607e-09,8.213409170039955e-08,0.0625652322021331,0.03128262058951482
2013-06-29 14:00:00,1.190883335530844e-08,1.0842952772478276e-07,0.0630847828839649,0.03154239739639912
2013-06-29 15:00:00,1.937700600454662e-08,2.1608806908917042e-07,0.06371035217599914,0.03185518577650257
2013-06-29 16:00:00,1.4884512063202416e-07,0.1360133631446613,0.06309651967207236,0.031548334258596496
2013-06-29 17:00:00,0.12341772566643039,0.2974945665391813,0.05913610707657795,0.09127691637150417
2013-06-29 18:00:00,0.1423390410382372,0.26466634546084095,0.055872450790906095,0.09910574591457164
2013-06-29 19:00:00,3.9443738109356454e-07,0.1916760921647132,0.05438509896404424,0.027192746700712665
2013-06-29 20:00:00,2.129142121798001e-07,0.14540011612221257,0.06992545860664061,0.03496283576042639
2013-06-29 21:00:00,1.4972065120897436e-07,0.12427362813065351,0.07441718960327257,0.03720866966196189
2013-06-29 22:00:00,7.726679462677437e-08,0.061216120329146334,0.08054206698653095,0.04027107212666279
2013-06-29 23:00:00,6.913802854294371e-08,0.058385612198757236,0.0801078646245499,0.04005396688128922
2013-06-30 00:00:00,6.937287903984482e-08,0.059469361845798124,0.07249022193149665,0.036245145652187845
2013-06-30 01:00:00,7.345140625124843e-08,0.06348111029979854,0.07466669127236901,0.03733338236188763
2013-06-30 02:00:00,8.533133736382318e-08,0.07103803598309982,0.07357845660193284,0.0367892709666351
2013-06-30 03:00:00,1.4163904482342263e-07,0.09185463864189136,0.07444686132589497,0.037223501482469896
2013-06-30 04:00:00,1.3670936606499862e-07,0.08802982395170186,0.06817684852446258,0.03408849261691432
2013-06-30 05:00:00,4.098767710406388e-08,0.060504154600811544,0.0595734656230927,0.029786753305384904
2013-06-30 06:00:00,1.2039598093654853e-08,9.630152960482493e-08,0.05837142523241711,0.029185718636007604
2013-06-30 07:00:00,9.402331372626517e-09,7.47978062584646e-08,0.0580872409839447,0.029043625193138037
2013-06-30 08:00:00,8.504035017212394e-09,6.904768875290484e-08,0.05769726985900081,0.028848639181517914
2013-06-30 09:00:00,1.2597958311886186e-08,1.2058277817468866e-07,0.06380028381650567,0.03190014820723199
2013-06-30 10:00:00,1.3708025830709336e-08,1.3148579189551603e-07,0.06423964172291442,0.032119827715470124
2013-06-30 11:00:00,1.5199746634410034e-08,1.4558719391748351e-07,0.06021551264771416,0.030107763923730397
2013-06-30 12:00:00,1.6610239928327035e-08,1.586364743794449e-07,0.05863270500947539,0.02931636080985766
2013-06-30 13:00:00,1.6996999961518794e-08,1.6668123584135506e-07,0.0625652322021331,0.03128262459956653
2013-06-30 14:00:00,2.557956363396071e-08,1.2903884274553466e-07,0.0630847828839649,0.031542404231764264
2013-06-30 15:00:00,3.914803795318763e-08,1.462700701655855e-07,0.06371035217599914,0.03185519566201855
2013-06-30 16:00:00,1.0090668694487448e-07,2.5618643981751286e-07,0.06309651967207236,0.031548310289379655
2013-06-30 17:00:00,1.376206691892223e-06,0.08279251860411525,0.05913610707657795,0.02956874164163492
2013-06-30 18:00:00,0.027733070182662283,0.10924081512512498,0.055872450790906095,0.04180276048678419
2013-06-30 19:00:00,0.026878474021765415,0.10630654347116948,0.05438509896404424,0.04063178649290483
2013-06-30 20:00:00,1.6148689450925355e-06,0.07256854622359102,0.06992545860664061,0.03496353673779285
2013-06-30 21:00:00,1.5949363528956174e-06,0.07000909871496612,0.07441718960327257,0.03720939226981273
2013-06-30 22:00:00,1.4318960336888977e-06,0.06524479014255899,0.08054206698653095,0.04027174944128232
2013-06-30 23:00:00,1.2702791540755394e-06,0.05924888593120321,0.0801078646245499,0.040054567451851986
2013-07-01 00:00:00,1.378932379990557e-07,0.05148275859535552,0.07533367381231376,0.03766690585277588
2013-07-01 01:00:00,9.029806239094958e-08,0.04627872779098549,0.07638680413854232,0.038193447218302354
2013-07-01 02:00:00,7.449059235961913e-08,0.04325332595693545,0.07533367381231376,0.03766687415145306
2013-07-01 03:00:00,6.678085525106046e-08,0.0418180124879512,0.0809676569835575,0.04048386188220637
2013-07-01 04:00:00,6.02384644026718e-08,0.03864355488117886,0.07011983785089264,0.03505994904467852
2013-07-01 05:00:00,3.5574050267129106e-08,0.03104465220814023,0.060717581860712126,0.030358808717381197
2013-07-01 06:00:00,1.2001996147995341e-08,1.4390690360552256e-07,0.05386751872216959,0.02693376536208287
2013-07-01 07:00:00,6.833320107062637e-09,5.154521043436683e-08,0.05264060575354232,0.02632030629343121
2013-07-01 08:00:00,5.751670951000084e-09,4.498465404757985e-08,0.05212422239261714,0.026062114072144045
2013-07-01 09:00:00,5.35194668078163e-09,4.238237713351519e-08,0.05724957752895208,0.02862479144044938
2013-07-01 10:00:00,5.444592926761273e-09,4.354853368675775e-08,0.057888421931464644,0.028944213688028787
2013-07-01 11:00:00,5.584495216416334e-09,4.4272268335772834e-08,0.05900419484175797,0.029502100213126593
2013-07-01 12:00:00,6.0005927025436005e-09,4.6861306735660956e-08,0.05761881790988975,0.028809411955241226
2013-07-01 13:00:00,6.843637130886891e-09,5.2577038878637626e-08,0.0547298456530809,0.027364926248359015
2013-07-01 14:00:00,7.88379830017898e-09,6.00134932337737e-08,0.05793395281872289,0.028966980351260597
2013-07-01 15:00:00,9.881257716521183e-09,8.186323657140385e-08,0.061687992728013306,0.03084400130463551
2013-07-01 16:00:00,3.790634877372795e-08,0.03889716894287741,0.06024588855005991,0.030122963228204343
2013-07-01 17:00:00,6.15055454527382e-08,0.07379986639307905,0.05439712040264722,0.02719859095409634
2013-07-01 18:00:00,6.802270791477009e-08,0.07973379779270322,0.05719247757519043,0.028596272798949173
2013-07-01 19:00:00,6.813254751069902e-08,0.08056377988833112,0.057396930249552565,0.02869849919105004
2013-07-01 20:00:00,6.802906098685888e-08,0.08132209552054351,0.06918364784442285,0.03459185793674192
2013-07-01 21:00:00,6.796920843815067e-08,0.08186065898592038,0.07643338695103559,0.038216727460122016
2013-07-01 22:00:00,6.796929364814716e-08,0.0850224792216684,0.08554850982857269,0.04277428889893317
2013-07-01 23:00:00,6.796436875838364e-08,0.08435117918874048,0.08202078730978607,0.041010427637077414
2013-07-02 00:00:00,6.796436157303152e-08,0.0845337328737938,0.07533367381231376,0.037666870888337665
2013-07-02 01:00:00,6.796435336120241e-08,0.0811265936225593,0.07638680413854232,0.03819343605144784
2013-07-02 02:00:00,6.796433950374524e-08,0.06261440659407304,0.07533367381231376,0.03766687088832663
2013-07-02 03:00:00,6.796425481940761e-08,0.08790278899753468,0.0809676569835575,0.04048386247390616
2013-07-02 04:00:00,5.75692861870986e-08,0.08075025874314798,0.07011983785089264,0.03505994771008941
2013-07-02 05:00:00,2.9073996788092207e-08,0.03398003106998076,0.060717581860712126,0.030358805467354456
2013-07-02 06:00:00,8.555079551642226e-09,1.2889018185203339e-07,0.05386751872216959,0.026933763638624573
2013-07-02 07:00:00,5.1552634404574394e-09,4.810006127480167e-08,0.05264060575354232,0.02632030545440288
2013-07-02 08:00:00,5.153403412141577e-09,4.710498481357534e-08,0.05212422239261714,0.026062113773010275
2013-07-02 09:00:00,5.192982246720436e-09,4.694819015000837e-08,0.05724957752895208,0.028624791360967163
2013-07-02 10:00:00,5.201083772016867e-09,4.765185661567464e-08,0.057888421931464644,0.028944213566274208
2013-07-02 11:00:00,5.2847152309354325e-09,4.844178598793567e-08,0.05900419484175797,0.0295021000632366
2013-07-02 12:00:00,5.329429121465247e-09,4.944742713079976e-08,0.05761881790988975,0.028809411619659435
2013-07-02 13:00:00,5.501754993821971e-09,5.2125415632318044e-08,0.0547298456530809,0.02736492557741795
2013-07-02 14:00:00,6.531678769399322e-09,6.226460261630602e-08,0.05793395281872289,0.02896697967520083
2013-07-02 15:00:00,9.097289764544673e-09,1.1792369932824958e-07,0.061687992728013306,0.030844000912651534
2013-07-02 16:00:00,4.506109428223881e-08,0.05403860675241152,0.06024588855005991,0.030122966805577096
2013-07-02 17:00:00,8.400631068846903e-08,0.11885528755897462,0.05439712040264722,0.027198602204478953
2013-07-02 18:00:00,1.0965139278321902e-07,0.14450049283194116,0.05719247757519043,0.028596293613291607
2013-07-02 19:00:00,1.1230338246669956e-07,0.14409598045741034,0.057396930249552565,0.028698521276467517
2013-07-02 20:00:00,1.0912087249208591e-07,0.13888933327779016,0.06918364784442285,0.03459187848264767
2013-07-02 21:00:00,9.025038615883976e-08,0.1299561542093301,0.07643338695103559,0.03821673860071088
2013-07-02 22:00:00,8.155285775077546e-08,0.12056967552435488,0.08554850982857269,0.04277429569071522
2013-07-02 23:00:00,8.002714449606065e-08,0.11785047932443381,0.08202078730978607,0.04101043366846528
2013-07-03 00:00:00,8.076948477890532e-08,0.11722348668635123,0.07533367381231376,0.03766687729089927
2013-07-03 01:00:00,8.01758259426292e-08,0.11565191701202754,0.07638680413854232,0.03819344215718413
2013-07-03 02:00:00,7.68853117779268e-08,0.11215648900684118,0.07533367381231376,0.03766687534881277
2013-07-03 03:00:00,7.75497692015469e-08,0.11370419991235474,0.0809676569835575,0.04048386726666335
2013-07-03 04:00:00,6.513484280291904e-08,0.10066810770682237,0.07011983785089264,0.03505995149286772
2013-07-03 05:00:00,3.295353867400936e-08,0.04021964516490147,0.060717581860712126,0.0303588074071254
2013-07-03 06:00:00,1.2127680011415154e-08,3.151527191025238e-07,0.05386751872216959,0.026933765424924802
2013-07-03 07:00:00,5.7721357852691456e-09,5.847948428580234e-08,0.05264060575354232,0.02632030576283905
2013-07-03 08:00:00,5.142117491862055e-09,4.885059303941469e-08,0.05212422239261714,0.026062113767367313
2013-07-03 09:00:00,5.688290799578143e-09,5.1730352411243986e-08,0.05724957752895208,0.028624791608621438
2013-07-03 10:00:00,5.794672546492571e-09,5.3315248011352363e-08,0.057888421931464644,0.028944213863068596
2013-07-03 11:00:00,5.7339575355184456e-09,5.333053897110767e-08,0.05900419484175797,0.029502100287857755
2013-07-03 12:00:00,5.693908441519523e-09,5.411703409321737e-08,0.05761881790988975,0.028809411801899096
2013-07-03 13:00:00,6.474498263505035e-09,7.555512821117131e-08,0.0547298456530809,0.027364926063789582
2013-07-03 14:00:00,8.15335105310177e-09,1.0395501736454865e-07,0.05793395281872289,0.02896698048603697
2013-07-03 15:00:00,2.291568304279939e-08,0.041476933793180036,0.061687992728013306,0.030844007821848176
2013-07-03 16:00:00,6.85971938342263e-08,0.09966080444792395,0.06024588855005991,0.030122978573626873
2013-07-03 17:00:00,1.497945302472809e-07,0.17165998352588363,0.05439712040264722,0.027198635098588733
2013-07-03 18:00:00,1.8108907529612962e-07,0.19464280374586057,0.05719247757519043,0.028596329332132863
2013-07-03 19:00:00,1.9048511936308428e-07,0.19755420178087993,0.057396930249552565,0.028698560367335965
2013-07-03 20:00:00,1.9970457520640104e-07,0.20386236258650606,0.06918364784442285,0.03459192377449903
2013-07-03 21:00:00,2.0921730815990105e-07,0.20743603564983745,0.07643338695103559,0.038216798084171874
2013-07-03 22:00:00,3.0613348540412174e-07,0.24930139590696626,0.08554850982857269,0.04277440798102905
2013-07-03 23:00:00,1.9596281757951955e-07,0.2087175448259001,0.08202078730978607,0.04101049163630183
2013-07-04 00:00:00,1.4795789013232333e-07,0.17599543743977386,0.07533367381231376,0.03766691088510195
2013-07-04 01:00:00,1.3647727023380543e-07,0.16483938543730892,0.07638680413854232,0.03819347030790628
2013-07-04 02:00:00,1.202598012573162e-07,0.15149682319447932,0.07533367381231376,0.03766689703605751
2013-07-04 03:00:00,1.2575083377693105e-07,0.15465888551486412,0.0809676569835575,0.040483891367195636
2013-07-04 04:00:00,1.0383561708697318e-07,0.12684524230934666,0.07011983785089264,0.035059970843254865
2013-07-04 05:00:00,4.400031332134224e-08,0.07195636307911643,0.060717581860712126,0.030358812930512725
2013-07-04 06:00:00,1.8670542314436333e-08,0.033184215766408696,0.05386751872216959,0.026933768696355952
2013-07-04 07:00:00,7.148056111277868e-09,8.990778299179443e-08,0.05264060575354232,0.026320306450799216
2013-07-04 08:00:00,6.22491402444433e-09,6.363802358006448e-08,0.05212422239261714,0.02606211430876558
2013-07-04 09:00:00,5.908354194615972e-09,5.5844663031348706e-08,0.05724957752895208,0.028624791718653137
2013-07-04 10:00:00,6.072760967717537e-09,5.6056357986037076e-08,0.057888421931464644,0.028944214002112806
2013-07-04 11:00:00,6.4429542101348986e-09,5.9390839998367126e-08,0.05900419484175797,0.029502100642356092
2013-07-04 12:00:00,7.1459284458890715e-09,6.575085741466315e-08,0.05761881790988975,0.028809412527909098
2013-07-04 13:00:00,8.328049440431557e-09,7.622791469590193e-08,0.0547298456530809,0.02736492699056517
2013-07-04 14:00:00,1.0853421303737859e-08,1.1237716599823417e-07,0.05793395281872289,0.028966981836072096
2013-07-04 15:00:00,3.224690240689428e-08,0.054628928363795855,0.061687992728013306,0.030844012487457856
2013-07-04 16:00:00,9.6786737317687e-08,0.12844136088779287,0.06024588855005991,0.030122992668398615
2013-07-04 17:00:00,3.892669477008885e-07,0.24063683328150665,0.05439712040264722,0.027198754834797462
2013-07-04 18:00:00,0.11526090025868221,0.2758543895040356,0.05719247757519043,0.08622668891693633
2013-07-04 19:00:00,6.23769614435526e-07,0.24309958383516228,0.057396930249552565,0.0286987770095835
2013-07-04 20:00:00,0.0992786578744007,0.22296439714166424,0.06918364784442285,0.08423115285941177
2013-07-04 21:00:00,0.09670906203864714,0.20884497030550173,0.07643338695103559,0.08657122449484136
2013-07-04 22:00:00,0.10622351020533262,0.21905630615082602,0.08554850982857269,0.09588601001695266
2013-07-04 23:00:00,0.10216470022256582,0.21912453355518682,0.08202078730978607,0.09209274376617595
2013-07-05 00:00:00,0.10985349753610169,0.21992385368390435,0.07533367381231376,0.09259358567420772
2013-07-05 01:00:00,0.10703399522936957,0.21497042763612417,0.07638680413854232,0.09171039968395595
2013-07-05 02:00:00,0.09622745659426088,0.20664860311177305,0.07533367381231376,0.08578056520328732
2013-07-05 03:00:00,3.9778017447699205e-07,0.20069492826860963,0.0809676569835575,0.04048402738186599
2013-07-05 04:00:00,1.6546349062143838e-07,0.1420377830227901,0.07011983785089264,0.03506000165719163
2013-07-05 05:00:00,6.280532152838928e-08,0.08820576645570821,0.060717581860712126,0.030358822333016827
2013-07-05 06:00:00,3.3344529175810725e-08,0.04238901534920756,0.05386751872216959,0.026933776033349382
2013-07-05 07:00:00,1.5583675792920176e-08,3.988484428536318e-07,0.05264060575354232,0.026320310668609057
2013-07-05 08:00:00,7.713825368615366e-09,7.421509434246863e-08,0.05212422239261714,0.026062115053221254
2013-07-05 09:00:00,6.876288913082271e-09,6.463305242486165e-08,0.05724957752895208,0.028624792202620496
2013-07-05 10:00:00,6.814200575035395e-09,6.466391911470569e-08,0.057888421931464644,0.028944214372832608
2013-07-05 11:00:00,6.765249476117684e-09,6.243117364448955e-08,0.05900419484175797,0.029502100803503725
2013-07-05 12:00:00,7.772300004665972e-09,7.137197578228956e-08,0.05761881790988975,0.028809412841094877
2013-07-05 13:00:00,9.886732223852372e-09,8.981855000238199e-08,0.0547298456530809,0.027364927769906563
2013-07-05 14:00:00,1.412474100227514e-08,1.338955736334443e-07,0.05793395281872289,0.028966983471731947
2013-07-05 15:00:00,4.173321027044289e-08,0.0693399120038766,0.061687992728013306,0.030844017230611788
2013-07-05 16:00:00,1.0521728561942982e-07,0.14249741087366644,0.06024588855005991,0.030122996883672766
2013-07-05 17:00:00,2.2167984061928838e-07,0.1957811841342438,0.05439712040264722,0.02719867104124392
2013-07-05 18:00:00,2.327130669061936e-07,0.17374221695964628,0.05719247757519043,0.028596355144128668
2013-07-05 19:00:00,1.4865043908292373e-07,0.13054089401417396,0.057396930249552565,0.028698539449995824
2013-07-05 20:00:00,9.901250080348645e-08,0.10287209847034723,0.06918364784442285,0.03459187342846183
2013-07-05 21:00:00,8.170779354917951e-08,0.09080798624905949,0.07643338695103559,0.03821673432941457
2013-07-05 22:00:00,9.90331463247517e-08,0.10598363788372245,0.08554850982857269,0.04277430443085951
2013-07-05 23:00:00,8.045381817640909e-08,0.0971965492284598,0.08202078730978607,0.04101043388180212
2013-07-06 00:00:00,7.581091205252747e-08,0.09329222640148757,0.07533367381231376,0.037666874811612905
2013-07-06 01:00:00,7.478268277024772e-08,0.09252690571838217,0.07638680413854232,0.038193439460612544
2013-07-06 02:00:00,7.837262688665444e-08,0.09573674840994911,0.07533367381231376,0.037666876092470325
2013-07-06 03:00:00,8.034074186855286e-08,0.09821802837346835,0.0809676569835575,0.04048386866214968
2013-07-06 04:00:00,5.7107638227832726e-08,0.08015522955889244,0.07011983785089264,0.035059947479265434
2013-07-06 05:00:00,3.3474234195717756e-08,0.03828784169723093,0.060717581860712126,0.03035880766747316
2013-07-06 06:00:00,1.2825225466052918e-08,3.214761411260372e-07,0.05386751872216959,0.026933765773697528
2013-07-06 07:00:00,6.0346217109878455e-09,5.967695822875347e-08,0.05264060575354232,0.026320305894082015
2013-07-06 08:00:00,5.928494354615953e-09,5.421559430156334e-08,0.05212422239261714,0.026062114160555747
2013-07-06 09:00:00,7.215127501837045e-09,6.651927547338195e-08,0.05724957752895208,0.02862479237203979
2013-07-06 10:00:00,7.370088808046985e-09,6.808338778444112e-08,0.057888421931464644,0.028944214650776727
2013-07-06 11:00:00,7.505197349164297e-09,7.10257989199379e-08,0.05900419484175797,0.029502101173477662
2013-07-06 12:00:00,8.975933583261622e-09,8.673026008800492e-08,0.05761881790988975,0.028809413442911668
2013-07-06 13:00:00,9.760228851599566e-09,9.600116174205863e-08,0.0547298456530809,0.027364927706654878
2013-07-06 14:00:00,1.192727136366032e-08,1.0543201908485827e-07,0.05793395281872289,0.02896698237299713
2013-07-06 15:00:00,1.461032708957434e-08,1.7259115597506134e-07,0.061687992728013306,0.030844003669170197
2013-07-06 16:00:00,5.619705469128974e-08,0.07218891197688905,0.06024588855005991,0.0301229723735573
2013-07-06 17:00:00,1.0817936029757977e-07,0.12924272287657784,0.05439712040264722,0.02719861429100376
2013-07-06 18:00:00,9.543255750410695e-08,0.11525128125858933,0.05719247757519043,0.028596286503873965
2013-07-06 19:00:00,7.652933805744968e-08,0.09717007125611446,0.057396930249552565,0.02869850338944531
2013-07-06 20:00:00,6.937050544159586e-08,0.09212417577453888,0.06918364784442285,0.034591858607464145
2013-07-06 21:00:00,6.85983363668661e-08,0.0904883786026923,0.07643338695103559,0.03821672777468598
2013-07-06 22:00:00,6.898956578810498e-08,0.09226458859645857,0.08554850982857269,0.04277428940906924
2013-07-06 23:00:00,6.941453245837807e-08,0.09375540801877089,0.08202078730978607,0.04101042836215926
2013-07-07 00:00:00,7.031639212217332e-08,0.09316752262125078,0.07533367381231376,0.037666872064352944
2013-07-07 01:00:00,7.18337043996452e-08,0.09313647925937552,0.07638680413854232,0.03819343798612336
2013-07-07 02:00:00,7.438458717632694e-08,0.09428314213888997,0.07533367381231376,0.037666874098450466
2013-07-07 03:00:00,7.734190515386864e-08,0.09673535239396097,0.0809676569835575,0.04048386716273133
2013-07-07 04:00:00,5.7545318504834005e-08,0.06916269418533896,0.07011983785089264,0.035059947698105574
2013-07-07 05:00:00,2.699928822933553e-08,0.03865763934695276,0.060717581860712126,0.030358804430000177
2013-07-07 06:00:00,8.01093993183347e-09,9.4917976428716e-08,0.05386751872216959,0.02693376336655476
2013-07-07 07:00:00,6.351378574447095e-09,5.8443031851111447e-08,0.05264060575354232,0.026320306052460447
2013-07-07 08:00:00,8.925597876264662e-09,8.137905084231253e-08,0.05212422239261714,0.02606211565910751
2013-07-07 09:00:00,8.916024803774715e-09,7.969560264569479e-08,0.05724957752895208,0.02862479322248844
2013-07-07 10:00:00,8.894041661807925e-09,7.951123981487525e-08,0.057888421931464644,0.028944215412753153
2013-07-07 11:00:00,9.090778018418753e-09,8.172208648826841e-08,0.05900419484175797,0.029502101966267995
2013-07-07 12:00:00,9.175083699853971e-09,8.57650359490938e-08,0.05761881790988975,0.028809413542486725
2013-07-07 13:00:00,1.0457291975138625e-08,1.0097682087455e-07,0.0547298456530809,0.02736492805518644
2013-07-07 14:00:00,1.081075638693091e-08,9.997797290855213e-08,0.05793395281872289,0.02896698181473964
2013-07-07 15:00:00,1.4952945398537344e-08,1.3326313133108627e-07,0.061687992728013306,0.03084400384047935
2013-07-07 16:00:00,6.929466690919801e-08,0.08364963076475605,0.06024588855005991,0.03012297892236341
2013-07-07 17:00:00,1.8164587584300942e-07,0.17833807786886668,0.05439712040264722,0.02719865102426153
2013-07-07 18:00:00,1.9752530639357374e-07,0.17675299311307166,0.05719247757519043,0.028596337550248412
2013-07-07 19:00:00,1.5418616729079229e-07,0.144196964828213,0.057396930249552565,0.02869854221785993
2013-07-07 20:00:00,1.1401266011779634e-07,0.11952430111420005,0.06918364784442285,0.034591880928541485
2013-07-07 21:00:00,8.936106481215054e-08,0.10408883541282778,0.07643338695103559,0.0382167381560502
2013-07-07 22:00:00,9.528705665195607e-08,0.11078292577797351,0.08554850982857269,0.04277430255781467
2013-07-07 23:00:00,9.2784624309386e-08,0.1050333633460937,0.08202078730978607,0.041010440047205186
2013-07-08 00:00:00,8.508273520800724e-08,0.10067209225326873,0.07533367381231376,0.03766687944752448
2013-07-08 01:00:00,8.019375809923545e-08,0.09670305078744082,0.07638680413854232,0.038193442166150206
2013-07-08 02:00:00,7.58091355416046e-08,0.09239252946797762,0.07533367381231376,0.03766687481072465
2013-07-08 03:00:00,7.089296830134353e-08,0.088607991574991,0.0809676569835575,0.0404838639382629
2013-07-08 04:00:00,5.284904752393052e-08,0.07335371894096249,0.07011983785089264,0.03505994534997008
2013-07-08 05:00:00,3.142375064614214e-08,0.05144673378209115,0.060717581860712126,0.030358806642231385
2013-07-08 06:00:00,1.2095277910128341e-08,1.3300492705887097e-06,0.05386751872216959,0.02693376540872375
2013-07-08 07:00:00,5.766182643108681e-09,5.5897537782803825e-08,0.05264060575354232,0.02632030575986248
2013-07-08 08:00:00,5.167809666731124e-09,4.8841135192526764e-08,0.05212422239261714,0.026062113780213402
2013-07-08 09:00:00,5.138952954026553e-09,4.821783919682796e-08,0.05724957752895208,0.028624791333952515
2013-07-08 10:00:00,6.16981817414218e-09,5.9053346703579696e-08,0.057888421931464644,0.02894421405064141
2013-07-08 11:00:00,6.356305030306704e-09,6.11399755294381e-08,0.05900419484175797,0.0295021005990315
2013-07-08 12:00:00,7.080897820173222e-09,6.835123837691464e-08,0.05761881790988975,0.028809412495393785
2013-07-08 13:00:00,7.097958129911571e-09,6.658903839883165e-08,0.0547298456530809,0.027364926375519516
2013-07-08 14:00:00,9.000248307850565e-09,8.598819883085612e-08,0.05793395281872289,0.0289669809094856
2013-07-08 15:00:00,3.071526438723278e-08,0.04527543790015045,0.061687992728013306,0.030844011721638847
2013-07-08 16:00:00,6.309325669157091e-08,0.08796418038457339,0.06024588855005991,0.0301229758216583
2013-07-08 17:00:00,9.984189935395402e-08,0.12663306686838696,0.05439712040264722,0.027198610122273287
2013-07-08 18:00:00,8.793309599838992e-08,0.11346998077740386,0.05719247757519043,0.028596282754143214
2013-07-08 19:00:00,7.816080253261009e-08,0.10105372535654131,0.057396930249552565,0.028698504205177548
2013-07-08 20:00:00,7.643678083164884e-08,0.09635095042427444,0.06918364784442285,0.034591862140601844
2013-07-08 21:00:00,6.861897093135706e-08,0.09483672103045472,0.07643338695103559,0.03821672778500326
2013-07-08 22:00:00,6.81699240793828e-08,0.09326838628096477,0.08554850982857269,0.042774288999248386
2013-07-08 23:00:00,6.841370487965084e-08,0.09580577071675615,0.08202078730978607,0.041010427861745476
2013-07-09 00:00:00,6.851744569885846e-08,0.09629819547657753,0.07533367381231376,0.03766687116487973
2013-07-09 01:00:00,6.851254067246977e-08,0.09570045744480332,0.07638680413854232,0.038193436325541494
2013-07-09 02:00:00,6.845489252707373e-08,0.09503264584480661,0.07533367381231376,0.03766687113360315
2013-07-09 03:00:00,6.852393326280545e-08,0.0967663376455042,0.0809676569835575,0.04048386275374538
2013-07-09 04:00:00,6.03602837734922e-08,0.08391166185780742,0.07011983785089264,0.035059949105588205
2013-07-09 05:00:00,3.374350412238016e-08,0.058533766266760594,0.060717581860712126,0.030358807802108125
2013-07-09 06:00:00,1.6104934729960788e-08,0.029811773205175387,0.05386751872216959,0.026933767413552162
2013-07-09 07:00:00,6.46602911677051e-09,6.634894485011103e-08,0.05264060575354232,0.026320306109785717
2013-07-09 08:00:00,5.734018711670356e-09,5.529845392773061e-08,0.05212422239261714,0.026062114063317925
2013-07-09 09:00:00,5.4744605066981085e-09,5.257977011660051e-08,0.05724957752895208,0.028624791501706295
2013-07-09 10:00:00,5.58795748223735e-09,5.3939570312708134e-08,0.057888421931464644,0.028944213759711065
2013-07-09 11:00:00,6.102214397800195e-09,5.8711149268936686e-08,0.05900419484175797,0.029502100471986186
2013-07-09 12:00:00,6.71549020556834e-09,6.417757987694015e-08,0.05761881790988975,0.028809412312689978
2013-07-09 13:00:00,7.842767240319951e-09,7.256274445053971e-08,0.0547298456530809,0.02736492674792407
2013-07-09 14:00:00,1.2785336017393017e-08,1.2887788013475218e-07,0.05793395281872289,0.028966982802029455
2013-07-09 15:00:00,3.646945896386046e-08,0.04824546295852138,0.061687992728013306,0.030844014598736137
2013-07-09 16:00:00,7.461502378478242e-08,0.11358320356702373,0.06024588855005991,0.030122981582541848
2013-07-09 17:00:00,1.9526086612075395e-07,0.1966657266120837,0.05439712040264722,0.02719865783175667
2013-07-09 18:00:00,3.219489077619892e-07,0.2550846645083578,0.05719247757519043,0.028596399762049095
2013-07-09 19:00:00,4.643088528460465e-07,0.2876151828058764,0.057396930249552565,0.028698697279202705
2013-07-09 20:00:00,5.620248877904538e-07,0.29983866770151424,0.06918364784442285,0.034592104934655324
2013-07-09 21:00:00,4.7653874142999235e-07,0.284271506789447,0.07643338695103559,0.03821693174488851
2013-07-09 22:00:00,4.0724863473967694e-07,0.29427437786661,0.08554850982857269,0.04277445853860372
2013-07-09 23:00:00,2.7984430358450333e-07,0.25099083087880913,0.08202078730978607,0.04101053357704483
2013-07-10 00:00:00,1.8830199112596736e-07,0.2000142719352307,0.07533367381231376,0.03766693105715244
2013-07-10 01:00:00,1.6343263445725414e-07,0.18293672513359208,0.07638680413854232,0.038193483785588386
2013-07-10 02:00:00,1.6023326117228417e-07,0.1805119414530722,0.07533367381231376,0.03766691702278747
2013-07-10 03:00:00,1.6676999735702907e-07,0.18713188789866336,0.0809676569835575,0.040483911876777426
2013-07-10 04:00:00,1.0409441213284497e-07,0.13646271749689956,0.07011983785089264,0.035059970972652385
2013-07-10 05:00:00,4.737549965044461e-08,0.0726952395790038,0.060717581860712126,0.030358814618105887
2013-07-10 06:00:00,1.4598099091592992e-08,0.032548095919468396,0.05386751872216959,0.02693376666013434
2013-07-10 07:00:00,6.5984743522283795e-09,6.612016940852328e-08,0.05264060575354232,0.026320306176008335
2013-07-10 08:00:00,5.794269635750348e-09,5.625152221892705e-08,0.05212422239261714,0.026062114093443386
2013-07-10 09:00:00,5.772827818244317e-09,5.573402389894452e-08,0.05724957752895208,0.02862479165088995
2013-07-10 10:00:00,5.8396355036555396e-09,5.644580317088471e-08,0.057888421931464644,0.028944213885550074
2013-07-10 11:00:00,6.13389690923853e-09,5.96926602014453e-08,0.05900419484175797,0.02950210048782744
2013-07-10 12:00:00,6.936167541406794e-09,6.563579610392215e-08,0.05761881790988975,0.028809412423028646
2013-07-10 13:00:00,8.45670503177755e-09,8.00541369074276e-08,0.0547298456530809,0.027364927054892966
2013-07-10 14:00:00,1.5212314971377002e-08,1.6361958025267505e-07,0.05793395281872289,0.02896698401551893
2013-07-10 15:00:00,5.021270320759313e-08,0.0669925443783481,0.061687992728013306,0.03084402147035826
2013-07-10 16:00:00,1.5310846079344758e-07,0.18443225955605957,0.06024588855005991,0.03012302082926035
2013-07-10 17:00:00,8.915645913015229e-07,0.4274452166601655,0.05439712040264722,0.02719900598361926
2013-07-10 18:00:00,0.27880601646990005,0.5793395382336171,0.05719247757519043,0.16799924702254523
2013-07-10 19:00:00,0.2834457520464219,0.5818767502955755,0.057396930249552565,0.17042134114798724
2013-07-10 20:00:00,0.34134999426923074,0.609064872437904,0.06918364784442285,0.2052668210568268
2013-07-10 21:00:00,0.3413522555382596,0.6090657393923112,0.07643338695103559,0.2088928212446476
2013-07-10 22:00:00,0.34135618383948146,0.609067327776848,0.08554850982857269,0.21345234683402708
2013-07-10 23:00:00,0.3380876918873596,0.5542568241456947,0.08202078730978607,0.21005423959857283
2013-07-11 00:00:00,0.3374753954491482,0.5450076947479583,0.07533367381231376,0.20640453463073097
2013-07-11 01:00:00,0.3376456262756652,0.5475834432469388,0.07638680413854232,0.20701621520710375
2013-07-11 02:00:00,0.2433823655880248,0.5577176091759547,0.07533367381231376,0.15935801970016927
2013-07-11 03:00:00,0.19750766375351944,0.5220961096949122,0.0809676569835575,0.13923766036853846
2013-07-11 04:00:00,2.02413870418567e-07,0.2267742814149226,0.07011983785089264,0.03506002013238153
2013-07-11 05:00:00,4.976579965851704e-08,0.08286914321564905,0.060717581860712126,0.030358815813255894
2013-07-11 06:00:00,1.8861211894163138e-08,0.03460202786599425,0.05386751872216959,0.02693376879169074
2013-07-11 07:00:00,9.32189673014966e-09,9.964229637629076e-08,0.05264060575354232,0.026320307537719523
2013-07-11 08:00:00,6.049601651880029e-09,6.010217636380684e-08,0.05212422239261714,0.026062114221109395
2013-07-11 09:00:00,6.016484638458729e-09,5.595895871480089e-08,0.05724957752895208,0.028624791772718358
2013-07-11 10:00:00,5.963553314542335e-09,5.600155236303151e-08,0.057888421931464644,0.02894421394750898
2013-07-11 11:00:00,6.498077863153016e-09,6.10213386582669e-08,0.05900419484175797,0.029502100669917916
2013-07-11 12:00:00,7.459902112308334e-09,7.019172152779758e-08,0.05761881790988975,0.02880941268489593
2013-07-11 13:00:00,9.063190093007573e-09,8.546134023931284e-08,0.0547298456530809,0.027364927358135498
2013-07-11 14:00:00,2.0179655436419355e-08,0.044066476040078836,0.05793395281872289,0.028966986499189166
2013-07-11 15:00:00,5.6494806118613486e-08,0.06607806532439132,0.061687992728013306,0.030844024611409712
2013-07-11 16:00:00,1.422344465459268e-07,0.1708942599370404,0.06024588855005991,0.03012301539225323
2013-07-11 17:00:00,7.909856400152444e-07,0.3850472569112118,0.05439712040264722,0.027198955694143618
2013-07-11 18:00:00,0.2841118063274804,0.5303421903230563,0.05719247757519043,0.1706521419513354
2013-07-11 19:00:00,0.337730627625701,0.5490370766739043,0.057396930249552565,0.19756377893762678
2013-07-11 20:00:00,0.33799048166535584,0.5529765099588507,0.06918364784442285,0.20358706475488936
2013-07-11 21:00:00,0.3378086212644002,0.5501761488358563,0.07643338695103559,0.2071210041077179
2013-07-11 22:00:00,0.3359535003860383,0.4989385239925007,0.08554850982857269,0.2107510051073055
2013-07-11 23:00:00,0.33613825143741893,0.5019929037734259,0.08202078730978607,0.2090795193736025
2013-07-12 00:00:00,0.33598093282926916,0.49931239531482924,0.07533367381231376,0.20565730332079146
2013-07-12 01:00:00,0.3363603803232211,0.505839785234828,0.07638680413854232,0.2063735922308817
2013-07-12 02:00:00,0.3360372484570664,0.500304622956294,0.07533367381231376,0.20568546113469008
2013-07-12 03:00:00,0.3342760959469089,0.47192077512701625,0.0809676569835575,0.2076218764652332
2013-07-12 04:00:00,2.3510304248963214e-07,0.214774804225878,0.07011983785089264,0.035060036476967565
2013-07-12 05:00:00,6.520087790634871e-08,0.09057684528396841,0.060717581860712126,0.030358823530795016
2013-07-12 06:00:00,2.5016100451593858e-08,0.03784214667775777,0.05386751872216959,0.026933771869135023
2013-07-12 07:00:00,1.0247552561010054e-08,1.166372363435885e-07,0.05264060575354232,0.02632030800054744
2013-07-12 08:00:00,6.5021897738774e-09,6.303289908129278e-08,0.05212422239261714,0.026062114447403455
2013-07-12 09:00:00,6.062236104042375e-09,5.720393460102974e-08,0.05724957752895208,0.02862479179559409
2013-07-12 10:00:00,6.351997800176121e-09,5.846123257695127e-08,0.057888421931464644,0.028944214141731223
2013-07-12 11:00:00,6.925169645419126e-09,6.334765588840931e-08,0.05900419484175797,0.02950210088346381
2013-07-12 12:00:00,7.780732626262714e-09,7.061801197823123e-08,0.05761881790988975,0.02880941284531119
2013-07-12 13:00:00,9.338694773464993e-09,8.3466441042727e-08,0.0547298456530809,0.02736492749588784
2013-07-12 14:00:00,1.1842344198034123e-08,1.3953373679641977e-07,0.05793395281872289,0.028966982330533544
2013-07-12 15:00:00,3.543457362687838e-08,0.0567776237701807,0.061687992728013306,0.030844014081293468
2013-07-12 16:00:00,1.1066006886744953e-07,0.13459489468416397,0.06024588855005991,0.03012299960506439
2013-07-12 17:00:00,5.032051883199671e-07,0.25007934084202443,0.05439712040264722,0.02719881180391777
2013-07-12 18:00:00,0.13968878925331096,0.28115286496919395,0.05719247757519043,0.09844063341425069
2013-07-12 19:00:00,0.13043230534849595,0.2660841845392804,0.057396930249552565,0.09391461779902426
2013-07-12 20:00:00,0.14415350063237398,0.2631753941192195,0.06918364784442285,0.10666857423839841
2013-07-12 21:00:00,0.17206290343564704,0.2702182008681624,0.07643338695103559,0.12424814519334132
2013-07-12 22:00:00,0.25411139677346917,0.2815779088218432,0.08554850982857269,0.16982995330102094
2013-07-12 23:00:00,0.13343775042279782,0.2543703589880068,0.08202078730978607,0.10772926886629194
2013-07-13 00:00:00,3.629310763762682e-07,0.21622656152599556,0.07533367381231376,0.03766701837169507
2013-07-13 01:00:00,0.11590287150122112,0.2528836848626768,0.07638680413854232,0.09614483781988173
2013-07-13 02:00:00,0.16894991547276758,0.28209763582551156,0.07533367381231376,0.12214179464254067
2013-07-13 03:00:00,6.051321133506848e-07,0.2595131108446703,0.0809676569835575,0.040484131057835424
2013-07-13 04:00:00,1.4642074012690641e-07,0.16212810439642433,0.07011983785089264,0.035059992135816384
2013-07-13 05:00:00,4.944834573883358e-08,0.05700828058460733,0.060717581860712126,0.030358815654528932
2013-07-13 06:00:00,1.2797011846545786e-08,3.3244739317556103e-07,0.05386751872216959,0.02693376575959072
2013-07-13 07:00:00,7.2186379225252865e-09,7.27526813053345e-08,0.05264060575354232,0.02632030648609012
2013-07-13 08:00:00,7.484010467765697e-09,6.886811542977942e-08,0.05212422239261714,0.026062114938313802
2013-07-13 09:00:00,7.712278043048007e-09,6.970094243360635e-08,0.05724957752895208,0.028624792620615062
2013-07-13 10:00:00,7.855138571779492e-09,7.210173930344762e-08,0.057888421931464644,0.02894421489330161
2013-07-13 11:00:00,8.038825641403562e-09,7.435576231185036e-08,0.05900419484175797,0.029502101440291806
2013-07-13 12:00:00,8.204526977391302e-09,7.725027392464319e-08,0.05761881790988975,0.028809413057208362
2013-07-13 13:00:00,8.828166873788703e-09,8.309857428260846e-08,0.0547298456530809,0.027364927240623886
2013-07-13 14:00:00,1.1304647045349055e-08,1.0558588609527764e-07,0.05793395281872289,0.02896698206168497
2013-07-13 15:00:00,2.3503790144811432e-08,2.094432395318464e-07,0.061687992728013306,0.030844008115901725
2013-07-13 16:00:00,1.2132500657345627e-07,0.11755912741709044,0.06024588855005991,0.030123004937533244
2013-07-13 17:00:00,0.1293031833171173,0.33752200423390655,0.05439712040264722,0.09185015185988225
2013-07-13 18:00:00,0.33109124503636866,0.4273976774335918,0.05719247757519043,0.19414186130577954
2013-07-13 19:00:00,0.3298390422169659,0.41187533869250875,0.057396930249552565,0.19361798623325924
2013-07-13 20:00:00,0.32972242467247315,0.41047194995651737,0.06918364784442285,0.199453036258448
2013-07-13 21:00:00,0.32987002547626326,0.41223059990058825,0.07643338695103559,0.20315170621364942
2013-07-13 22:00:00,0.3295309732934107,0.4081999839669604,0.08554850982857269,0.2075397415609917
2013-07-13 23:00:00,0.33124012344786546,0.4292524978462179,0.08202078730978607,0.20663045537882577
2013-07-14 00:00:00,0.329771046893483,0.4110208640298874,0.07533367381231376,0.2025523603528984
2013-07-14 01:00:00,0.3283935050495798,0.395140765381041,0.07638680413854232,0.20239015459406107
2013-07-14 02:00:00,0.3276845673516715,0.3874137929686336,0.07533367381231376,0.20150912058199263
2013-07-14 03:00:00,0.3281041573075184,0.39198645175599955,0.0809676569835575,0.20453590714553796
2013-07-14 04:00:00,2.8327775707017376e-07,0.22448720555793536,0.07011983785089264,0.035060060564324855
2013-07-14 05:00:00,5.346438559172501e-08,0.06737780681862425,0.060717581860712126,0.03035881766254886
2013-07-14 06:00:00,1.0372304141777562e-08,1.299579168649134e-07,0.05386751872216959,0.026933764547236866
2013-07-14 07:00:00,7.512309482510304e-09,7.075303131241045e-08,0.05264060575354232,0.0263203066329259
2013-07-14 08:00:00,9.283437398913037e-09,7.925705004889853e-08,0.05212422239261714,0.02606211583802727
2013-07-14 09:00:00,9.294632507735537e-09,8.193182498360795e-08,0.05724957752895208,0.028624793411792294
2013-07-14 10:00:00,9.329465879961738e-09,8.460979787382066e-08,0.057888421931464644,0.028944215630465262
2013-07-14 11:00:00,9.532421991424635e-09,8.810635133625422e-08,0.05900419484175797,0.02950210218708998
2013-07-14 12:00:00,9.662594254661395e-09,9.154376498760562e-08,0.05761881790988975,0.028809413786242
2013-07-14 13:00:00,1.0639636278217493e-08,1.0248677468668335e-07,0.0547298456530809,0.02736492814635859
2013-07-14 14:00:00,1.3418510039328893e-08,1.284762070540397e-07,0.05793395281872289,0.028966983118616466
2013-07-14 15:00:00,1.9888998438965554e-08,1.5394874325856805e-07,0.061687992728013306,0.030844006308505874
2013-07-14 16:00:00,1.1485711365882377e-07,0.10447928041147615,0.06024588855005991,0.030123001703586786
2013-07-14 17:00:00,0.11660742472863769,0.2555415204979138,0.05439712040264722,0.08550227256564245
2013-07-14 18:00:00,0.09891447256171908,0.3052327465549673,0.05719247757519043,0.07805347506845475
2013-07-14 19:00:00,0.09838788454329259,0.3040895672372169,0.057396930249552565,0.07789240739642257
2013-07-14 20:00:00,0.09889785903722118,0.3051966732393595,0.06918364784442285,0.08404075344082201
2013-07-14 21:00:00,0.23381458865792315,0.288080715460394,0.07643338695103559,0.15512398780447936
2013-07-14 22:00:00,0.25526348465193827,0.3042561944263059,0.08554850982857269,0.17040599724025549
2013-07-14 23:00:00,0.12294569571532074,0.2734816107981303,0.08202078730978607,0.1024832415125534
2013-07-15 00:00:00,2.6679264971309655e-07,0.21160745562046962,0.07533367381231376,0.037666970302481735
2013-07-15 01:00:00,1.7590033796435536e-07,0.18360018821911786,0.07638680413854232,0.03819349001944014
2013-07-15 02:00:00,1.7973812801805033e-07,0.19371165229994144,0.07533367381231376,0.03766692677522089
2013-07-15 03:00:00,1.922683216713624e-07,0.20727286613062063,0.0809676569835575,0.04048392462593958
2013-07-15 04:00:00,1.342087951989219e-07,0.16578181457011443,0.07011983785089264,0.03505998602984392
2013-07-15 05:00:00,4.8510057773538404e-08,0.08069474121104456,0.060717581860712126,0.03035881518538495
2013-07-15 06:00:00,1.880894541280715e-08,0.03400648639176801,0.05386751872216959,0.026933768765557503
2013-07-15 07:00:00,7.291284555253747e-09,8.66004584736041e-08,0.05264060575354232,0.026320306522413437
2013-07-15 08:00:00,6.536999970027856e-09,6.208481844746078e-08,0.05212422239261714,0.026062114464808554
2013-07-15 09:00:00,6.301371643510855e-09,5.983809745593576e-08,0.05724957752895208,0.028624791915161863
2013-07-15 10:00:00,6.449783827755273e-09,6.166105098065299e-08,0.057888421931464644,0.028944214190624235
2013-07-15 11:00:00,6.9111390255599896e-09,6.591628676623484e-08,0.05900419484175797,0.029502100876448497
2013-07-15 12:00:00,7.902415078145139e-09,7.485407027459391e-08,0.05761881790988975,0.028809412906152413
2013-07-15 13:00:00,9.931236416985883e-09,9.044095490164886e-08,0.0547298456530809,0.02736492779215866
2013-07-15 14:00:00,1.3910487883747124e-08,1.251430635502507e-07,0.05793395281872289,0.02896698336460539
2013-07-15 15:00:00,4.654464826802748e-08,0.07515136155529131,0.061687992728013306,0.030844019636330787
2013-07-15 16:00:00,1.5483236188355495e-07,0.16567187905132016,0.06024588855005991,0.030123021691210897
2013-07-15 17:00:00,0.14635080473808967,0.3392273856784775,0.05439712040264722,0.10037396257036844
2013-07-15 18:00:00,0.33270266018060074,0.44900024442726694,0.05719247757519043,0.19494756887789558
2013-07-15 19:00:00,0.33346645650277623,0.4599112982222364,0.057396930249552565,0.1954316933761644
2013-07-15 20:00:00,0.3321991212525002,0.44204358247206654,0.06918364784442285,0.20069138454846153
2013-07-15 21:00:00,0.3292542597834862,0.40498287098654906,0.07643338695103559,0.2028438233672609
2013-07-15 22:00:00,0.2685990135847297,0.3608239492344613,0.08554850982857269,0.1770737617066512
2013-07-15 23:00:00,0.27919860341981756,0.3571876906032813,0.08202078730978607,0.18060969536480181
2013-07-16 00:00:00,0.3230560080484287,0.3427770432905412,0.07533367381231376,0.19919484093037124
2013-07-16 01:00:00,0.18576846782857523,0.2947161894561112,0.07638680413854232,0.13107763598355876
2013-07-16 02:00:00,0.11049988944034968,0.2545606968885646,0.07533367381231376,0.09291678162633171
2013-07-16 03:00:00,4.0594292320716833e-07,0.22535371361333756,0.0809676569835575,0.04048403146324035
2013-07-16 04:00:00,1.752818791156952e-07,0.15943477626302235,0.07011983785089264,0.03506000656638588
2013-07-16 05:00:00,6.810033257410316e-08,0.08916193060409978,0.060717581860712126,0.03035882498052235
2013-07-16 06:00:00,2.2995791624492708e-08,0.03877161948167955,0.05386751872216959,0.026933770858980608
2013-07-16 07:00:00,8.345092426251977e-09,8.279308879214225e-08,0.05264060575354232,0.026320307049317374
2013-07-16 08:00:00,7.132540924362231e-09,6.608384763745538e-08,0.05212422239261714,0.026062114762579032
2013-07-16 09:00:00,6.791272158554312e-09,6.334231455213825e-08,0.05724957752895208,0.028624792160112118
2013-07-16 10:00:00,6.985726189092324e-09,6.497823983435112e-08,0.057888421931464644,0.028944214458595418
2013-07-16 11:00:00,7.398620878325107e-09,6.83090475346742e-08,0.05900419484175797,0.029502101120189424
2013-07-16 12:00:00,8.08983605456452e-09,7.184120045348712e-08,0.05761881790988975,0.028809412999862904
2013-07-16 13:00:00,9.963090237750717e-09,8.746204693800685e-08,0.0547298456530809,0.027364927808085568
2013-07-16 14:00:00,1.2810069985767758e-08,1.2933517794318632e-07,0.05793395281872289,0.028966982814396438
2013-07-16 15:00:00,3.671658308575087e-08,0.058010558359174784,0.061687992728013306,0.030844014722298196
2013-07-16 16:00:00,1.3282490968603474e-07,0.13947505281873068,0.06024588855005991,0.0301230106874848
2013-07-16 17:00:00,0.12025646259965188,0.29382813874091657,0.05439712040264722,0.08732679150114955
2013-07-16 18:00:00,0.1715953645021789,0.3204161288466897,0.05719247757519043,0.11439392103868468
2013-07-16 19:00:00,6.590428588751983e-07,0.26700201800578555,0.057396930249552565,0.02869879464620572
2013-07-16 20:00:00,3.121359802804973e-07,0.20463759438430662,0.06918364784442285,0.03459197999020157
2013-07-16 21:00:00,2.2883025282393696e-07,0.17390752223732053,0.07643338695103559,0.03821680789064421
2013-07-16 22:00:00,1.351553682590483e-07,0.14411864018010695,0.08554850982857269,0.042774322491970475
2013-07-16 23:00:00,1.0382467898914716e-07,0.12424776510666778,0.08202078730978607,0.04101044556723253
2013-07-17 00:00:00,8.974478208355992e-08,0.11237781736311742,0.07533367381231376,0.03766688177854792
2013-07-17 01:00:00,8.958891597331044e-08,0.11169387303462877,0.07638680413854232,0.03819344686372915
2013-07-17 02:00:00,8.889413561831562e-08,0.1099981994311392,0.07533367381231376,0.03766688135322469
2013-07-17 03:00:00,7.78417432212102e-08,0.1078974767591197,0.0809676569835575,0.04048386741265036
2013-07-17 04:00:00,6.213796694403767e-08,0.09322477478350066,0.07011983785089264,0.03505994999442979
2013-07-17 05:00:00,3.3462523336531395e-08,0.05750680959765455,0.060717581860712126,0.03035880766161773
2013-07-17 06:00:00,1.4622977168838668e-08,0.026773684623882705,0.05386751872216959,0.02693376667257338
2013-07-17 07:00:00,5.775131854489801e-09,5.6612274057870514e-08,0.05264060575354232,0.026320305764337085
2013-07-17 08:00:00,5.2518615551523585e-09,4.982718513504479e-08,0.05212422239261714,0.026062113822239347
2013-07-17 09:00:00,5.459207439033418e-09,5.117256044523097e-08,0.05724957752895208,0.02862479149407976
2013-07-17 10:00:00,5.61950297058447e-09,5.371812245188367e-08,0.057888421931464644,0.028944213775483806
2013-07-17 11:00:00,5.977079775862617e-09,5.6868267270070174e-08,0.05900419484175797,0.029502100409418874
2013-07-17 12:00:00,6.562314950921277e-09,6.180892471425737e-08,0.05761881790988975,0.02880941223610235
2013-07-17 13:00:00,7.714226837102429e-09,7.182278560795551e-08,0.0547298456530809,0.027364926683653867
2013-07-17 14:00:00,9.783957531179948e-09,9.19313060459518e-08,0.05793395281872289,0.028966981301340212
2013-07-17 15:00:00,2.3682603998176782e-08,0.04729473396040361,0.061687992728013306,0.03084400820530865
2013-07-17 16:00:00,7.730400130922058e-08,0.10222808757509488,0.06024588855005991,0.03012298292703061
2013-07-17 17:00:00,1.0478300306905607e-07,0.13056667107303863,0.05439712040264722,0.027198612592825144
2013-07-17 18:00:00,9.968007679353117e-08,0.12821740133015322,0.05719247757519043,0.028596288627633613
2013-07-17 19:00:00,1.1141798889010716e-07,0.13761289604067295,0.057396930249552565,0.028698520833770728
2013-07-17 20:00:00,1.3053347571924865e-07,0.1508108558733335,0.06918364784442285,0.03459188918894929
2013-07-17 21:00:00,1.45311142331577e-07,0.15947644866492047,0.07643338695103559,0.03821676613108896
2013-07-17 22:00:00,1.305150198381525e-07,0.15628895900200518,0.08554850982857269,0.04277432017179626
2013-07-17 23:00:00,1.226369845920119e-07,0.1495169909314481,0.08202078730978607,0.04101045497338533
2013-07-18 00:00:00,1.1427215703700341e-07,0.14291349901040662,0.07533367381231376,0.0376668940422354
2013-07-18 01:00:00,1.0421311857871982e-07,0.13493271515246993,0.07638680413854232,0.03819345417583045
2013-07-18 02:00:00,1.0127802229949623e-07,0.13269562870625018,0.07533367381231376,0.03766688754516803
2013-07-18 03:00:00,9.15465629163366e-08,0.1329345335326827,0.0809676569835575,0.040483874265060206
2013-07-18 04:00:00,8.126756400306238e-08,0.11219584198332355,0.07011983785089264,0.03505995955922832
2013-07-18 05:00:00,3.6291009622137815e-08,0.06307010725396729,0.060717581860712126,0.030358809075860874
2013-07-18 06:00:00,1.5544553092090766e-08,0.028775867727817605,0.05386751872216959,0.02693376713336134
2013-07-18 07:00:00,6.166418627616053e-09,5.957755423058459e-08,0.05264060575354232,0.026320305959980472
2013-07-18 08:00:00,5.523087604360145e-09,5.3050024979930514e-08,0.05212422239261714,0.02606211395785237
2013-07-18 09:00:00,5.725787927919362e-09,5.383504726178799e-08,0.05724957752895208,0.028624791627370003
2013-07-18 10:00:00,5.6749153459163465e-09,5.4198255756203293e-08,0.057888421931464644,0.028944213803189994
2013-07-18 11:00:00,5.958609472675576e-09,5.7170518780755234e-08,0.05900419484175797,0.029502100400183723
2013-07-18 12:00:00,6.780781615814692e-09,6.471001066129781e-08,0.05761881790988975,0.028809412345335683
2013-07-18 13:00:00,8.178485545613174e-09,7.540858109018353e-08,0.0547298456530809,0.027364926915783225
2013-07-18 14:00:00,1.0646936275414012e-08,1.3370683073713014e-07,0.05793395281872289,0.028966981732829584
2013-07-18 15:00:00,3.8379033029845646e-08,0.05654996700754302,0.061687992728013306,0.030844015553523167
2013-07-18 16:00:00,1.275829617139352e-07,0.15339419300662033,0.06024588855005991,0.030123008066510814
2013-07-18 17:00:00,1.0269213979424977e-06,0.39976740060133215,0.05439712040264722,0.027199073662022583
2013-07-18 18:00:00,0.33649245771750724,0.5083129021421497,0.05719247757519043,0.19684246764634883
2013-07-18 19:00:00,0.33439498772993825,0.4738171716468581,0.057396930249552565,0.1958959589897454
2013-07-18 20:00:00,0.2720462730246719,0.4374295283235751,0.06918364784442285,0.17061496043454738
2013-07-18 21:00:00,0.2109957554115798,0.4080410721222651,0.07643338695103559,0.1437145711813077
2013-07-18 22:00:00,0.15954413557739378,0.3792669384412718,0.08554850982857269,0.12254632270298324
2013-07-18 23:00:00,5.962454209029226e-07,0.3268756749272814,0.08202078730978607,0.041010691777603483
2013-07-19 00:00:00,3.4137070168201536e-07,0.276672509955358,0.07533367381231376,0.03766700759150772
2013-07-19 01:00:00,2.5782322020892655e-07,0.24538357563674734,0.07638680413854232,0.03819353098088126
2013-07-19 02:00:00,2.323856175332904e-07,0.2291950268446738,0.07533367381231376,0.037666953098965644
2013-07-19 03:00:00,2.3243889297723077e-07,0.22636296062791875,0.0809676569835575,0.04048394471122524
2013-07-19 04:00:00,1.6093004692720166e-07,0.17254054113589934,0.07011983785089264,0.03505999939046978
2013-07-19 05:00:00,5.2091950752811515e-08,0.07850077337044116,0.060717581860712126,0.03035881697633144
2013-07-19 06:00:00,1.510823084843718e-08,0.033574791864031554,0.05386751872216959,0.02693376691520022
2013-07-19 07:00:00,6.774834226976498e-09,6.957264450195239e-08,0.05264060575354232,0.026320306264188274
2013-07-19 08:00:00,5.8542963864505814e-09,5.674886347553579e-08,0.05212422239261714,0.026062114123456763
2013-07-19 09:00:00,6.176293782742979e-09,5.8331588813747335e-08,0.05724957752895208,0.02862479185262293
2013-07-19 10:00:00,6.18405467105056e-09,5.846088716728216e-08,0.057888421931464644,0.028944214057759658
2013-07-19 11:00:00,6.234275598372006e-09,5.947603987908126e-08,0.05900419484175797,0.029502100538016784
2013-07-19 12:00:00,6.60069705605149e-09,6.183167642577804e-08,0.05761881790988975,0.028809412255293404
2013-07-19 13:00:00,7.654739604257617e-09,7.20871952048603e-08,0.0547298456530809,0.027364926653910254
2013-07-19 14:00:00,9.91896594965129e-09,1.2039989396033517e-07,0.05793395281872289,0.02896698136884442
2013-07-19 15:00:00,4.0356364862096506e-08,0.05475650186618445,0.061687992728013306,0.030844016542189084
2013-07-19 16:00:00,1.0889391366544242e-07,0.14660763829488846,0.06024588855005991,0.030122998721986788
2013-07-19 17:00:00,4.117265562243867e-07,0.3320491100651476,0.05439712040264722,0.027198766064601722
2013-07-19 18:00:00,6.802959213043574e-07,0.3764190092700584,0.05719247757519043,0.028596578935555866
2013-07-19 19:00:00,8.069891718192925e-07,0.37460573530901153,0.057396930249552565,0.028698868619362192
2013-07-19 20:00:00,9.42113546093976e-07,0.3772574688696608,0.06918364784442285,0.03459229497898447
2013-07-19 21:00:00,8.110252841556109e-07,0.3606406838301533,0.07643338695103559,0.03821709898815987
2013-07-19 22:00:00,5.040891713580565e-07,0.31165869473554125,0.08554850982857269,0.04277450695887203
2013-07-19 23:00:00,4.721841064718498e-07,0.2922281174909301,0.08202078730978607,0.04101062974694627
2013-07-20 00:00:00,4.921178380637042e-07,0.31000085849025033,0.07533367381231376,0.03766708296507591
2013-07-20 01:00:00,5.194453664599699e-07,0.3219254952728172,0.07638680413854232,0.03819366179195439
2013-07-20 02:00:00,6.262736127925608e-07,0.3389935427501028,0.07533367381231376,0.037667150042963275
2013-07-20 03:00:00,7.389985454493176e-07,0.35797765590292135,0.0809676569835575,0.04048419799105148
2013-07-20 04:00:00,2.1733087262099256e-07,0.20801509299377663,0.07011983785089264,0.03506002759088263
2013-07-20 05:00:00,5.446975676905351e-08,0.08809091868104729,0.060717581860712126,0.030358818165234447
2013-07-20 06:00:00,1.7125124340818433e-08,0.03759786618566337,0.05386751872216959,0.026933767923646965
2013-07-20 07:00:00,7.59233499825732e-09,7.556248653711348e-08,0.05264060575354232,0.026320306672938658
2013-07-20 08:00:00,7.749064323084425e-09,7.158443930148692e-08,0.05212422239261714,0.02606211507084073
2013-07-20 09:00:00,7.852125773162509e-09,7.15490138301044e-08,0.05724957752895208,0.028624792690538928
2013-07-20 10:00:00,7.92584815300275e-09,7.274579968632134e-08,0.057888421931464644,0.028944214928656398
2013-07-20 11:00:00,8.061049011177989e-09,7.543115631780399e-08,0.05900419484175797,0.02950210145140349
2013-07-20 12:00:00,8.394662945286466e-09,8.009097533888745e-08,0.05761881790988975,0.028809413152276347
2013-07-20 13:00:00,9.657169081231483e-09,9.313357144638322e-08,0.0547298456530809,0.02736492765512499
2013-07-20 14:00:00,1.039697764295963e-08,9.328182410506864e-08,0.05793395281872289,0.028966981607850266
2013-07-20 15:00:00,1.4782678585585628e-08,1.673948676988295e-07,0.061687992728013306,0.030844003755345947
2013-07-20 16:00:00,8.510082144891695e-08,0.07995128693168264,0.06024588855005991,0.030122986825440682
2013-07-20 17:00:00,3.8249267065805887e-07,0.18843441888004459,0.05439712040264722,0.02719875144765894
2013-07-20 18:00:00,0.17941930539792422,0.2142010246730729,0.05719247757519043,0.11830589148655732
2013-07-20 19:00:00,0.05794949517492871,0.20506095322859783,0.057396930249552565,0.057673212712240636
2013-07-20 20:00:00,0.04713470579356239,0.17381073876603523,0.06918364784442285,0.05815917681899262
2013-07-20 21:00:00,2.3164731844021763e-07,0.1242739632154118,0.07643338695103559,0.038216809299177014
2013-07-20 22:00:00,9.884743104620675e-08,0.08956981224383878,0.08554850982857269,0.04277430433800187
2013-07-20 23:00:00,7.195000453205084e-08,0.0812143829845819,0.08202078730978607,0.041010429629895304
2013-07-21 00:00:00,6.819768344290277e-08,0.07866893020181522,0.07533367381231376,0.0376668710049986
2013-07-21 01:00:00,6.797393945624656e-08,0.08038945331337921,0.07638680413854232,0.038193436056240884
2013-07-21 02:00:00,6.807421090435856e-08,0.08279208307807134,0.07533367381231376,0.037666870943262334
2013-07-21 03:00:00,6.81740680298117e-08,0.08519500717608927,0.0809676569835575,0.040483862578812764
2013-07-21 04:00:00,5.878809824761039e-08,0.08114442030402637,0.07011983785089264,0.035059948319495444
2013-07-21 05:00:00,3.5186186297344955e-08,0.038922653367220804,0.060717581860712126,0.030358808523449212
2013-07-21 06:00:00,7.934550453523827e-09,9.860510303342801e-08,0.05386751872216959,0.026933763328360023
2013-07-21 07:00:00,6.5158468501282116e-09,6.039543407163117e-08,0.05264060575354232,0.026320306134694584
2013-07-21 08:00:00,7.513319330760097e-09,6.664779546680208e-08,0.05212422239261714,0.026062114952968233
2013-07-21 09:00:00,9.604982450176275e-09,8.437240350519809e-08,0.05724957752895208,0.028624793566967264
2013-07-21 10:00:00,9.723974545461074e-09,8.44090281148489e-08,0.057888421931464644,0.028944215827719593
2013-07-21 11:00:00,9.991674004663075e-09,8.618550351834724e-08,0.05900419484175797,0.029502102416715987
2013-07-21 12:00:00,9.94826712080108e-09,8.772407925068374e-08,0.05761881790988975,0.028809413929078435
2013-07-21 13:00:00,9.600318146863132e-09,8.864589036654996e-08,0.0547298456530809,0.027364927626699523
2013-07-21 14:00:00,1.0309918628348633e-08,9.071908871223885e-08,0.05793395281872289,0.02896698156432076
2013-07-21 15:00:00,1.596827559267865e-08,1.6559988325870626e-07,0.061687992728013306,0.03084400434814445
2013-07-21 16:00:00,9.474023193569345e-08,0.0918995375146792,0.06024588855005991,0.030122991645145925
2013-07-21 17:00:00,4.125543127752769e-07,0.22489881469181883,0.05439712040264722,0.027198766478479998
2013-07-21 18:00:00,4.492284644060157e-07,0.2433854205626951,0.05719247757519043,0.028596463401827418
2013-07-21 19:00:00,4.2822477783309234e-07,0.2452664589115858,0.057396930249552565,0.0286986792371652
2013-07-21 20:00:00,5.106638686000586e-07,0.25716619540873326,0.06918364784442285,0.03459207925414572
2013-07-21 21:00:00,5.467820237555913e-07,0.25941953729387685,0.07643338695103559,0.03821696686652967
2013-07-21 22:00:00,3.746976870933678e-07,0.23284944471463703,0.08554850982857269,0.042774442263129896
2013-07-21 23:00:00,2.386405431000571e-07,0.20045524518912605,0.08202078730978607,0.04101051297516459
2013-07-22 00:00:00,1.9033932743598646e-07,0.18000524144617547,0.07533367381231376,0.0376669320758206
2013-07-22 01:00:00,1.7165679256742565e-07,0.17050203777895043,0.07638680413854232,0.038193487897667446
2013-07-22 02:00:00,1.6888629134266746e-07,0.17021053949308526,0.07533367381231376,0.03766692134930255
2013-07-22 03:00:00,1.6711280772946198e-07,0.17049612846003434,0.0809676569835575,0.040483912048182615
2013-07-22 04:00:00,1.5653762899910238e-07,0.15937539247915664,0.07011983785089264,0.03505999719426082
2013-07-22 05:00:00,5.1046715192116534e-08,0.07572757087264347,0.060717581860712126,0.03035881645371366
2013-07-22 06:00:00,2.6225435181228977e-08,0.03200225372441701,0.05386751872216959,0.026933772473802388
2013-07-22 07:00:00,6.592454266298867e-09,7.512322733773237e-08,0.05264060575354232,0.02632030617299829
2013-07-22 08:00:00,5.616781826733146e-09,5.292421628284256e-08,0.05212422239261714,0.02606211400469948
2013-07-22 09:00:00,6.372443880531308e-09,5.651479681320659e-08,0.05724957752895208,0.02862479195069798
2013-07-22 10:00:00,6.373736290459729e-09,5.642021759256201e-08,0.057888421931464644,0.028944214152600466
2013-07-22 11:00:00,6.440918291682799e-09,5.707770041105125e-08,0.05900419484175797,0.029502100641338132
2013-07-22 12:00:00,6.541024302558759e-09,5.8649262233091233e-08,0.05761881790988975,0.028809412225457028
2013-07-22 13:00:00,7.041896615986301e-09,6.380567072685899e-08,0.0547298456530809,0.027364926347488758
2013-07-22 14:00:00,9.09384144141752e-09,8.58587963975005e-08,0.05793395281872289,0.028966980956282168
2013-07-22 15:00:00,2.389612621570646e-08,0.04625685072675553,0.061687992728013306,0.03084400831206976
2013-07-22 16:00:00,1.1333332344242511e-07,0.12070244174447851,0.06024588855005991,0.030123000941691676
2013-07-22 17:00:00,2.7169538264565013e-07,0.21188733358318973,0.05439712040264722,0.027198696049014932
2013-07-22 18:00:00,2.1626824812495426e-07,0.1889094176087649,0.05719247757519043,0.028596346921719275
2013-07-22 19:00:00,1.5149874332481042e-07,0.1531766918017612,0.057396930249552565,0.028698540874147947
2013-07-22 20:00:00,1.3744795189681546e-07,0.1442439117049555,0.06918364784442285,0.034591892646187374
2013-07-22 21:00:00,1.523202943514913e-07,0.15362033108449272,0.07643338695103559,0.03821676963566497
2013-07-22 22:00:00,2.3702852252558546e-07,0.19791133616327977,0.08554850982857269,0.04277437342854761
2013-07-22 23:00:00,3.4580970745693366e-07,0.23839707961705703,0.08202078730978607,0.04101056655974676
2013-07-23 00:00:00,3.7613380406136966e-07,0.2527267097616406,0.07533367381231376,0.03766702497305891
2013-07-23 01:00:00,4.4409684670245174e-07,0.2765918883185046,0.07638680413854232,0.03819362411769451
2013-07-23 02:00:00,5.215284824009503e-07,0.29630502371632483,0.07533367381231376,0.03766709767039808
2013-07-23 03:00:00,6.263249976498578e-07,0.3208667754960975,0.0809676569835575,0.04048414165427757
2013-07-23 04:00:00,3.587633258560533e-07,0.266173731549587,0.07011983785089264,0.035060098307109246
2013-07-23 05:00:00,5.974977534980714e-08,0.08752246136986999,0.060717581860712126,0.030358820805243738
2013-07-23 06:00:00,1.884423986690967e-08,0.034710769431692066,0.05386751872216959,0.02693376878320473
2013-07-23 07:00:00,7.010494598245659e-09,7.078622594598587e-08,0.05264060575354232,0.02632030638201846
2013-07-23 08:00:00,5.98120522294072e-09,5.640491512994492e-08,0.05212422239261714,0.026062114186911182
2013-07-23 09:00:00,6.448054977423544e-09,5.7905627942558934e-08,0.05724957752895208,0.02862479198850353
2013-07-23 10:00:00,6.3471126751713195e-09,5.7741089659690395e-08,0.057888421931464644,0.02894421413928866
2013-07-23 11:00:00,6.235066288813891e-09,5.638366390655215e-08,0.05900419484175797,0.02950210053841213
2013-07-23 12:00:00,6.336469736593883e-09,5.7208886277282055e-08,0.05761881790988975,0.028809412123179744
2013-07-23 13:00:00,7.214934458344916e-09,6.411496331541269e-08,0.0547298456530809,0.027364926434007678
2013-07-23 14:00:00,9.422582510508409e-09,8.53244347791719e-08,0.05793395281872289,0.028966981120652702
2013-07-23 15:00:00,2.8000352057759874e-08,0.04360076733398025,0.061687992728013306,0.030844010364182682
2013-07-23 16:00:00,9.57858359673132e-08,0.10296418899959994,0.06024588855005991,0.030122992167947938
2013-07-23 17:00:00,1.801493762598071e-07,0.16531687887294988,0.05439712040264722,0.02719865027601174
2013-07-23 18:00:00,1.8036586987146865e-07,0.17022574030422077,0.05719247757519043,0.02859632897053015
2013-07-23 19:00:00,1.6178354890746098e-07,0.1596030798445254,0.057396930249552565,0.028698546016550735
2013-07-23 20:00:00,1.5488464128555153e-07,0.156446948262042,0.06918364784442285,0.034591901364532066
2013-07-23 21:00:00,1.6633980642673803e-07,0.16134326915826458,0.07643338695103559,0.03821677664542101
2013-07-23 22:00:00,2.4053573343095293e-07,0.18744133753933917,0.08554850982857269,0.04277437518215306
2013-07-23 23:00:00,3.784382534469102e-07,0.22012300782572783,0.08202078730978607,0.041010582874019756
2013-07-24 00:00:00,3.422019532203086e-07,0.21574944745253985,0.07533367381231376,0.03766700800713349
2013-07-24 01:00:00,1.84520290857657e-07,0.17315587652212214,0.07638680413854232,0.038193494329416586
2013-07-24 02:00:00,1.327859654408832e-07,0.1497259405966256,0.07533367381231376,0.037666903299139604
2013-07-24 03:00:00,1.4987350199561335e-07,0.16566673426073603,0.0809676569835575,0.04048390342852975
2013-07-24 04:00:00,1.7971342570385581e-07,0.1882709157919102,0.07011983785089264,0.035060008782159174
2013-07-24 05:00:00,5.211361106993991e-08,0.0784081841782974,0.060717581860712126,0.0303588169871616
2013-07-24 06:00:00,2.039449526700869e-08,0.03194967940736923,0.05386751872216959,0.02693376955833243
2013-07-24 07:00:00,8.799759294904151e-09,1.0525783775735829e-07,0.05264060575354232,0.026320307276650808
2013-07-24 08:00:00,5.671239172564692e-09,5.554260287045103e-08,0.05212422239261714,0.026062114031928155
2013-07-24 09:00:00,5.23202763322601e-09,4.956109090255336e-08,0.05724957752895208,0.028624791380489855
2013-07-24 10:00:00,5.143751567772614e-09,4.90151412182586e-08,0.057888421931464644,0.028944213537608107
2013-07-24 11:00:00,5.389874661231556e-09,5.0959372686838185e-08,0.05900419484175797,0.029502100115816318
2013-07-24 12:00:00,6.007129224921361e-09,5.6442757130726304e-08,0.05761881790988975,0.028809411958509487
2013-07-24 13:00:00,7.14137520548236e-09,6.849699891784555e-08,0.0547298456530809,0.027364926397228054
2013-07-24 14:00:00,1.2038551957825944e-08,1.1210359276273591e-07,0.05793395281872289,0.028966982428637426
2013-07-24 15:00:00,4.0115762322773244e-08,0.04618337486547451,0.061687992728013306,0.030844016421887815
2013-07-24 16:00:00,9.302808462057846e-08,0.11316605936616805,0.06024588855005991,0.030122990789072265
2013-07-24 17:00:00,1.9640975467261042e-07,0.1981103256207531,0.05439712040264722,0.02719865840620095
2013-07-24 18:00:00,1.971443320896991e-07,0.19645776997165496,0.05719247757519043,0.02859633735976126
2013-07-24 19:00:00,1.8418088464958817e-07,0.18295180741411163,0.057396930249552565,0.028698557215218606
2013-07-24 20:00:00,1.8171211000203585e-07,0.1775977333440757,0.06918364784442285,0.034591914778266425
2013-07-24 21:00:00,1.8751635121273897e-07,0.1775272166789392,0.07643338695103559,0.0382167872336934
2013-07-24 22:00:00,1.9954593141900215e-07,0.17608900123573437,0.08554850982857269,0.042774354687252054
2013-07-24 23:00:00,2.494896292717926e-07,0.19417150228481422,0.08202078730978607,0.04101051839970767
2013-07-25 00:00:00,3.701904976743455e-07,0.22747827464044,0.07533367381231376,0.03766702200140572
2013-07-25 01:00:00,0.11844679942585852,0.28094294934726965,0.07638680413854232,0.09741680178220041
2013-07-25 02:00:00,0.20787461844113214,0.3286047022767954,0.07533367381231376,0.14160414612672295
2013-07-25 03:00:00,0.27892719149099066,0.3455749345538699,0.0809676569835575,0.17994742423727408
2013-07-25 04:00:00,0.13224360584720043,0.2995664857695178,0.07011983785089264,0.10118172184904653
2013-07-25 05:00:00,6.625244050802478e-08,0.09066161242737165,0.060717581860712126,0.030358824056576316
2013-07-25 06:00:00,2.5571284633863778e-08,0.03413475503335344,0.05386751872216959,0.02693377214672711
2013-07-25 07:00:00,1.1567977375109236e-08,0.025116738358148764,0.05264060575354232,0.026320308660759847
2013-07-25 08:00:00,5.857853479764231e-09,6.4935021966312e-08,0.05212422239261714,0.02606211412523531
2013-07-25 09:00:00,5.334426601542185e-09,4.9257589124145e-08,0.05724957752895208,0.02862479143168934
2013-07-25 10:00:00,5.126986456670497e-09,4.7874955212979406e-08,0.057888421931464644,0.02894421352922555
2013-07-25 11:00:00,5.338803742146926e-09,4.951500897537347e-08,0.05900419484175797,0.029502100090280856
2013-07-25 12:00:00,5.943590441082782e-09,5.4558234663129203e-08,0.05761881790988975,0.028809411926740094
2013-07-25 13:00:00,7.220404197986322e-09,7.096945335963445e-08,0.0547298456530809,0.02736492643674255
2013-07-25 14:00:00,1.3151096009546831e-08,1.375578241508546e-07,0.05793395281872289,0.02896698298490945
2013-07-25 15:00:00,3.810527943257363e-08,0.05306803294371406,0.061687992728013306,0.03084401541664637
2013-07-25 16:00:00,1.4053626851421607e-07,0.13808931647786543,0.06024588855005991,0.03012301454316421
2013-07-25 17:00:00,0.1738871792546991,0.3132111656424852,0.05439712040264722,0.11414214982867316
2013-07-25 18:00:00,0.2558162238655803,0.3118574058901177,0.05719247757519043,0.15650435072038535
2013-07-25 19:00:00,0.3205632396146981,0.3223812284996521,0.057396930249552565,0.18898008493212534
2013-07-25 20:00:00,0.322217931125771,0.3356922096623261,0.06918364784442285,0.19570078948509695
2013-07-25 21:00:00,0.27799242555244097,0.3406298162279887,0.07643338695103559,0.17721290625173827
2013-07-25 22:00:00,0.2648084582057619,0.34780393813246385,0.08554850982857269,0.1751784840171673
2013-07-25 23:00:00,0.14473508136631968,0.2978054126276959,0.08202078730978607,0.11337793433805288
2013-07-26 00:00:00,4.3849477023232816e-07,0.2308400144673888,0.07533367381231376,0.037667056153541996
2013-07-26 01:00:00,3.072999608555722e-07,0.2036003526075776,0.07638680413854232,0.038193555719251586
2013-07-26 02:00:00,2.587662537847211e-07,0.19457560944531213,0.07533367381231376,0.037666966289283774
2013-07-26 03:00:00,2.345639739333747e-07,0.1902631128804713,0.0809676569835575,0.04048394577376572
2013-07-26 04:00:00,1.5560770268313512e-07,0.1553982287019903,0.07011983785089264,0.03505999672929766
2013-07-26 05:00:00,5.9020012240160356e-08,0.08502187984340547,0.060717581860712126,0.030358820440362182
2013-07-26 06:00:00,2.6763649836944306e-08,0.03565229030050044,0.05386751872216959,0.026933772742909715
2013-07-26 07:00:00,1.2044697051719535e-08,3.9409836411341666e-07,0.05264060575354232,0.026320308899119686
2013-07-26 08:00:00,6.0805340343329704e-09,5.9192892591000826e-08,0.05212422239261714,0.026062114236575586
2013-07-26 09:00:00,5.675893376867183e-09,5.360110196599716e-08,0.05724957752895208,0.02862479160242273
2013-07-26 10:00:00,5.781496581130305e-09,5.4753865344561186e-08,0.057888421931464644,0.028944213856480612
2013-07-26 11:00:00,6.150932277429854e-09,5.787800621439047e-08,0.05900419484175797,0.029502100496345125
2013-07-26 12:00:00,6.961039869650538e-09,6.5020820289773e-08,0.05761881790988975,0.02880941243546481
2013-07-26 13:00:00,8.804474741633348e-09,8.330877563249476e-08,0.0547298456530809,0.02736492722877782
2013-07-26 14:00:00,1.600891914517687e-08,1.4795611832896243e-07,0.05793395281872289,0.028966984413821017
2013-07-26 15:00:00,5.689455629471699e-08,0.06091675930396022,0.061687992728013306,0.0308440248112848
2013-07-26 16:00:00,1.6707849490466785e-07,0.15805708320999579,0.06024588855005991,0.03012302781427741
2013-07-26 17:00:00,0.33118428804184685,0.428588042212627,0.05439712040264722,0.19279070422224703
2013-07-26 18:00:00,0.2599223344510533,0.4062724667447126,0.05719247757519043,0.15855740601312185
2013-07-26 19:00:00,0.21031001778181435,0.3737430491988137,0.057396930249552565,0.13385347401568345
2013-07-26 20:00:00,0.14133281072009876,0.32946331391480727,0.06918364784442285,0.1052582292822608
2013-07-26 21:00:00,5.926773634154811e-07,0.2871639159026674,0.07643338695103559,0.0382169898141995
2013-07-26 22:00:00,5.183947181798954e-07,0.2717564884020725,0.08554850982857269,0.042774514111645436
2013-07-26 23:00:00,3.3602222389893916e-07,0.23393605343187732,0.08202078730978607,0.04101056166600498
2013-07-27 00:00:00,2.6000506584415563e-07,0.20848851811152924,0.07533367381231376,0.0376669669086898
2013-07-27 01:00:00,2.0310472530159762e-07,0.18384655731202115,0.07638680413854232,0.03819350362163381
2013-07-27 02:00:00,1.9180799224844614e-07,0.1769519772088556,0.07533367381231376,0.03766693281015301
2013-07-27 03:00:00,1.9141072891589502e-07,0.17663841750153852,0.0809676569835575,0.04048392419714321
2013-07-27 04:00:00,1.3754157537969787e-07,0.1470963380531258,0.07011983785089264,0.03505998769623401
2013-07-27 05:00:00,4.294951601741356e-08,0.0721164248636825,0.060717581860712126,0.030358812405114073
2013-07-27 06:00:00,1.4117455473326616e-08,0.03108494824434587,0.05386751872216959,0.026933766419812533
2013-07-27 07:00:00,6.41092885915976e-09,6.326107843307863e-08,0.05264060575354232,0.026320306082235588
2013-07-27 08:00:00,5.5263533933999196e-09,5.281675131155036e-08,0.05212422239261714,0.026062113959485267
2013-07-27 09:00:00,6.662670204600808e-09,5.997699622294534e-08,0.05724957752895208,0.028624792095811143
2013-07-27 10:00:00,6.839492183572991e-09,6.163430045243617e-08,0.057888421931464644,0.028944214385478412
2013-07-27 11:00:00,7.137234837094471e-09,6.441379098692465e-08,0.05900419484175797,0.029502100989496405
2013-07-27 12:00:00,7.380513726562348e-09,6.765129213629725e-08,0.05761881790988975,0.02880941264520174
2013-07-27 13:00:00,7.761475052396813e-09,7.301929917926472e-08,0.0547298456530809,0.027364926707277977
2013-07-27 14:00:00,9.960439359362735e-09,9.138022360688499e-08,0.05793395281872289,0.028966981389581127
2013-07-27 15:00:00,2.117047748757623e-08,2.015907775099158e-07,0.061687992728013306,0.030844006949245398
2013-07-27 16:00:00,1.2715086010881445e-07,0.15381908034353978,0.06024588855005991,0.03012300785046001
2013-07-27 17:00:00,0.23378176218878113,0.4946421548209928,0.05439712040264722,0.1440894412957142
2013-07-27 18:00:00,0.28192830162579213,0.49753958288986483,0.05719247757519043,0.16956038960049127
2013-07-27 19:00:00,0.33475678515594964,0.4794201763758569,0.057396930249552565,0.1960768577027511
2013-07-27 20:00:00,0.33372319551452073,0.4636165071292374,0.06918364784442285,0.20145342167947178
2013-07-27 21:00:00,0.334351458394303,0.47309785361517753,0.07643338695103559,0.2053924226726693
2013-07-27 22:00:00,0.21668136581130232,0.47217263220005984,0.08554850982857269,0.1511149378199375
2013-07-27 23:00:00,0.1962639570532638,0.46901568777615155,0.08202078730978607,0.13914237218152492
2013-07-28 00:00:00,0.18348152209542443,0.4559405697558442,0.07533367381231376,0.12940759795386908
2013-07-28 01:00:00,0.16757869479386772,0.4279690247223733,0.07638680413854232,0.12198274946620502
2013-07-28 02:00:00,0.1712509887910366,0.42720656045112604,0.07533367381231376,0.12329233130167518
2013-07-28 03:00:00,0.19174052025974372,0.44852627644510973,0.0809676569835575,0.1363540886216506
2013-07-28 04:00:00,4.0073764579937586e-07,0.2995337736270761,0.07011983785089264,0.03506011929426922
2013-07-28 05:00:00,5.8879792709633604e-08,0.06929857113988283,0.060717581860712126,0.030358820370252417
2013-07-28 06:00:00,1.010123906242885e-08,1.3008906843480983e-07,0.05386751872216959,0.026933764411704326
2013-07-28 07:00:00,9.428220240836344e-09,8.580348211123245e-08,0.05264060575354232,0.02632030759088128
2013-07-28 08:00:00,9.416177385088306e-09,8.183034850317973e-08,0.05212422239261714,0.026062115904397262
2013-07-28 09:00:00,9.232250282563023e-09,7.857824796285077e-08,0.05724957752895208,0.02862479338060118
2013-07-28 10:00:00,9.313078418420615e-09,7.866533869086246e-08,0.057888421931464644,0.028944215622271532
2013-07-28 11:00:00,9.252583948300929e-09,7.912264486007891e-08,0.05900419484175797,0.02950210204717096
2013-07-28 12:00:00,9.032803094142138e-09,8.005651883487716e-08,0.05761881790988975,0.028809413471346423
2013-07-28 13:00:00,8.591027035947763e-09,8.062700540359057e-08,0.0547298456530809,0.02736492712205397
2013-07-28 14:00:00,9.209137250725346e-09,9.047692809054353e-08,0.05793395281872289,0.02896698101393007
2013-07-28 15:00:00,1.3917482227259217e-08,1.815025352177575e-07,0.061687992728013306,0.030844003322747768
2013-07-28 16:00:00,8.029775907958212e-08,0.13026607906889295,0.06024588855005991,0.030122984423909496
2013-07-28 17:00:00,2.4280315983149286e-07,0.2514259685342937,0.05439712040264722,0.027198681602903528
2013-07-28 18:00:00,2.591055826040846e-07,0.2413257607079061,0.05719247757519043,0.028596368340386515
2013-07-28 19:00:00,2.697962773215332e-07,0.22811019996196047,0.057396930249552565,0.028698600022914942
2013-07-28 20:00:00,2.617434220130358e-07,0.22057163946653216,0.06918364784442285,0.034591954793922436
2013-07-28 21:00:00,2.4919685552533657e-07,0.21469981032394883,0.07643338695103559,0.03821681807394556
2013-07-28 22:00:00,1.657876879762977e-07,0.16746093382413213,0.08554850982857269,0.042774337808130336
2013-07-28 23:00:00,1.9521228386428678e-07,0.192124187248449,0.08202078730978607,0.04101049126103497
2013-07-29 00:00:00,2.3628148617274299e-07,0.22078200504762616,0.07533367381231376,0.037666955046899965
2013-07-29 01:00:00,3.148330920948616e-07,0.26013871529641963,0.07638680413854232,0.03819355948581721
2013-07-29 02:00:00,4.145956983359486e-07,0.2932992122392981,0.07533367381231376,0.03766704420400605
2013-07-29 03:00:00,5.608604741789779e-07,0.3321230179524789,0.0809676569835575,0.040484108922015836
2013-07-29 04:00:00,2.947130777963757e-07,0.2524296105134986,0.07011983785089264,0.03506006628198522
2013-07-29 05:00:00,6.030696219635159e-08,0.08809303623203033,0.060717581860712126,0.03035882108383716
2013-07-29 06:00:00,2.573376493360536e-08,0.035512805486190416,0.05386751872216959,0.02693377222796726
2013-07-29 07:00:00,1.161320101825011e-08,7.473744120368318e-07,0.05264060575354232,0.02632030868337167
2013-07-29 08:00:00,5.823904532196286e-09,7.079883032969217e-08,0.05212422239261714,0.026062114108260835
2013-07-29 09:00:00,5.2232008208155635e-09,6.222331571843118e-08,0.05724957752895208,0.02862479137607645
2013-07-29 10:00:00,5.2085999304568575e-09,6.187651579094098e-08,0.057888421931464644,0.02894421357003229
2013-07-29 11:00:00,5.401890643358746e-09,6.419711202667574e-08,0.05900419484175797,0.029502100121824307
2013-07-29 12:00:00,5.968069206430772e-09,7.262534324875634e-08,0.05761881790988975,0.028809411938979478
2013-07-29 13:00:00,7.0738595922059545e-09,9.024694107273179e-08,0.0547298456530809,0.027364926363470248
2013-07-29 14:00:00,1.8550301482900588e-08,0.03444265780691868,0.05793395281872289,0.028966985684512187
2013-07-29 15:00:00,4.787718269322961e-08,0.07417942838046993,0.061687992728013306,0.030844020302598
2013-07-29 16:00:00,1.0812113152420598e-07,0.13911012589426167,0.06024588855005991,0.03012299833559572
2013-07-29 17:00:00,3.357191776223025e-07,0.3144894917081241,0.05439712040264722,0.027198728060912423
2013-07-29 18:00:00,4.002216791497022e-07,0.31375587874350525,0.05719247757519043,0.02859643889843479
2013-07-29 19:00:00,5.240182327856676e-07,0.31836822762365136,0.057396930249552565,0.028698727133892675
2013-07-29 20:00:00,6.83055613270305e-07,0.3361601217040626,0.06918364784442285,0.03459216545001806
2013-07-29 21:00:00,6.707712582808997e-07,0.3456167574592735,0.07643338695103559,0.03821702886114694
2013-07-29 22:00:00,5.022435906070038e-07,0.32486260125281907,0.08554850982857269,0.04277450603608165
2013-07-29 23:00:00,4.3404613705251415e-07,0.29480256018583145,0.08202078730978607,0.04101061067796156
2013-07-30 00:00:00,4.932208807660492e-07,0.2908327594927502,0.07533367381231376,0.03766708351659726
2013-07-30 01:00:00,7.132384579213948e-07,0.30436498868789186,0.07638680413854232,0.03819375868850012
2013-07-30 02:00:00,0.15481735394335758,0.3201829578944363,0.07533367381231376,0.11507551387783567
2013-07-30 03:00:00,0.19653159973048642,0.3439203736207432,0.0809676569835575,0.13874962835702195
2013-07-30 04:00:00,3.8877372743491015e-07,0.24563704833201164,0.07011983785089264,0.035060113312310036
2013-07-30 05:00:00,8.290450038413047e-08,0.10159806242469811,0.060717581860712126,0.030358832382606254
2013-07-30 06:00:00,3.664318940235968e-08,0.043220596230457126,0.05386751872216959,0.026933777682679495
2013-07-30 07:00:00,9.071543956067965e-09,1.099720871717178e-07,0.05264060575354232,0.026320307412543136
2013-07-30 08:00:00,7.835254926992428e-09,7.04449243824913e-08,0.05212422239261714,0.02606211511393603
2013-07-30 09:00:00,7.198500005362883e-09,6.652944063468144e-08,0.05724957752895208,0.028624792363726042
2013-07-30 10:00:00,7.1905495757413975e-09,6.653248420597714e-08,0.057888421931464644,0.028944214561007108
2013-07-30 11:00:00,7.845982279869943e-09,7.226080501881433e-08,0.05900419484175797,0.029502101343870126
2013-07-30 12:00:00,9.715108711677879e-09,8.506732908962788e-08,0.05761881790988975,0.02880941381249923
2013-07-30 13:00:00,1.2127649918794469e-08,1.0524973382884043e-07,0.0547298456530809,0.02736492889036541
2013-07-30 14:00:00,1.6586377725184708e-08,1.6850682295921632e-07,0.05793395281872289,0.028966984702550307
2013-07-30 15:00:00,8.314997378281327e-08,0.08645992444898958,0.061687992728013306,0.030844037938993544
2013-07-30 16:00:00,2.490212615485025e-07,0.20223607587523584,0.06024588855005991,0.03012306878566073
2013-07-30 17:00:00,0.32862391843078914,0.3977854682573353,0.05439712040264722,0.19151051941671818
2013-07-30 18:00:00,0.32445618518659597,0.35532502582389425,0.05719247757519043,0.1908243313808932
2013-07-30 19:00:00,0.3216503128554642,0.3310233154392713,0.057396930249552565,0.18952362155250838
2013-07-30 20:00:00,0.09541420230355536,0.2975652772986527,0.06918364784442285,0.08229892507398912
2013-07-30 21:00:00,0.2787463575649213,0.28366548389593466,0.07643338695103559,0.17758987225797843
2013-07-30 22:00:00,0.08768971774007853,0.28005354854757614,0.08554850982857269,0.0866191137843256
2013-07-30 23:00:00,0.21460036173991998,0.2541300877750261,0.08202078730978607,0.14831057452485302
2013-07-31 00:00:00,0.11602177836234057,0.2237526258055117,0.07533367381231376,0.09567772608732716
2013-07-31 01:00:00,0.07649282831081794,0.25388314462890427,0.07638680413854232,0.07643981622468013
2013-07-31 02:00:00,0.07022835210213735,0.23841389256809112,0.07533367381231376,0.07278101295722555
2013-07-31 03:00:00,0.11669755348219112,0.20847427687557302,0.0809676569835575,0.09883260523287431
2013-07-31 04:00:00,2.9155909902937326e-07,0.161913740476922,0.07011983785089264,0.035060064704995834
2013-07-31 05:00:00,8.499676030598255e-08,0.09330920621584628,0.060717581860712126,0.030358833428736215
2013-07-31 06:00:00,3.5878328962343795e-08,0.04046631104944163,0.05386751872216959,0.026933777300249276
2013-07-31 07:00:00,9.822733258433028e-09,1.0399317571822577e-07,0.05264060575354232,0.02632030778813779
2013-07-31 08:00:00,8.236456905103107e-09,7.230664917303698e-08,0.05212422239261714,0.02606211531453702
2013-07-31 09:00:00,7.367986786075666e-09,6.578263779580962e-08,0.05724957752895208,0.02862479244846943
2013-07-31 10:00:00,7.586258988863448e-09,6.61568102435723e-08,0.057888421931464644,0.028944214758861816
2013-07-31 11:00:00,8.122949263306175e-09,6.997247954390546e-08,0.05900419484175797,0.029502101482353618
2013-07-31 12:00:00,8.834610377735869e-09,7.469420448777122e-08,0.05761881790988975,0.028809413372250063
2013-07-31 13:00:00,1.0275303465674905e-08,8.505162999662805e-08,0.0547298456530809,0.02736492796419218
2013-07-31 14:00:00,1.210407128910659e-08,1.2557665007006592e-07,0.05793395281872289,0.02896698246139709
2013-07-31 15:00:00,3.9265506888588374e-08,0.045243870891178414,0.061687992728013306,0.030844015996760097
2013-07-31 16:00:00,6.404178967573471e-08,0.07969698474398651,0.06024588855005991,0.030122976295924794
2013-07-31 17:00:00,8.953360901219912e-08,0.09696715056220802,0.05439712040264722,0.027198604968128117
2013-07-31 18:00:00,8.615336263466634e-08,0.09528800963647382,0.05719247757519043,0.02859628186427653
2013-07-31 19:00:00,9.056004256783033e-08,0.09799766720277513,0.057396930249552565,0.028698510404797567
2013-07-31 20:00:00,9.294742800524596e-08,0.09969412978066285,0.06918364784442285,0.03459187039592543
2013-07-31 21:00:00,9.68694403545971e-08,0.10214175725386353,0.07643338695103559,0.038216741910237974
2013-07-31 22:00:00,1.0963503811432198e-07,0.1129639860112181,0.08554850982857269,0.042774309731805404
2013-07-31 23:00:00,1.1197059969641309e-07,0.11500293591621917,0.08202078730978607,0.04101044964019288
2013-08-01 00:00:00,9.606344952415691e-08,0.11206335342175641,0.0683300930688148,0.03416509456613216
2013-08-01 01:00:00,8.65423129210278e-08,0.10661827958369498,0.06938322339504337,0.03469165496867815
2013-08-01 02:00:00,8.160471427170158e-08,0.10240178021298668,0.07112115250739952,0.0355606170560569
2013-08-01 03:00:00,8.465840456512656e-08,0.10511106125585967,0.07954619511722799,0.03977313988781628
2013-08-01 04:00:00,8.229784378227785e-08,0.09797467984788916,0.07229536155853439,0.03614772192818908
2013-08-01 05:00:00,3.691394755486995e-08,0.062104390734946224,0.06596307684439764,0.0329815568791726
2013-08-01 06:00:00,1.845746839098551e-08,0.028428415685737934,0.05785166214740418,0.028925840302436286
2013-08-01 07:00:00,6.178103313756894e-09,5.8987279318285227e-08,0.05851802560921489,0.0292590158936591
2013-08-01 08:00:00,5.581758967981887e-09,5.062655964609471e-08,0.05801376406418538,0.029006884822972173
2013-08-01 09:00:00,5.641667120758185e-09,5.0179558000249115e-08,0.05475531396585294,0.02737765980376003
2013-08-01 10:00:00,6.093306138826791e-09,5.8214228665496675e-08,0.059215325404203115,0.029607665748754626
2013-08-01 11:00:00,6.275397461763632e-09,6.027893403610445e-08,0.055943545099060764,0.02797177568722911
2013-08-01 12:00:00,6.9550875154141276e-09,6.70693098160015e-08,0.056917813449461736,0.028458910202274625
2013-08-01 13:00:00,7.704431899974286e-09,7.519593083068883e-08,0.05985603966195091,0.029928023683191404
2013-08-01 14:00:00,1.0017080892606185e-08,8.550874795291447e-08,0.059857829675113744,0.02992891984609732
2013-08-01 15:00:00,2.9014600480629765e-08,0.04633466338240881,0.060558791113939185,0.030279410064269832
2013-08-01 16:00:00,1.009001738378825e-07,0.11696947862348495,0.0568312479640321,0.02841567443210297
2013-08-01 17:00:00,3.8214183131536967e-07,0.22726020758427962,0.05819713886778581,0.029098760504808564
2013-08-01 18:00:00,4.816542494011834e-07,0.22830568229152876,0.049941763000776636,0.02497112232751302
2013-08-01 19:00:00,0.10756955320699563,0.22968452169917955,0.05680980771571115,0.08218968046135339
2013-08-01 20:00:00,0.10792273073102217,0.22224549521976175,0.07250114536898451,0.09021193805000334
2013-08-01 21:00:00,3.573668031385512e-07,0.19279237129632945,0.07987449627787983,0.039937426822341485
2013-08-01 22:00:00,1.570857430107805e-07,0.1444866822679266,0.0809676569835575,0.040483907034650254
2013-08-01 23:00:00,9.55109887389592e-08,0.11243255327973142,0.0742805434860852,0.037140319498536974
2013-08-02 00:00:00,7.750744850455502e-08,0.10534655829213244,0.0683300930688148,0.03416508528813165
2013-08-02 01:00:00,7.937705900122196e-08,0.10868149520422463,0.06938322339504337,0.03469165138605118
2013-08-02 02:00:00,9.542527691723528e-08,0.12399995248341969,0.07112115250739952,0.03556062396633822
2013-08-02 03:00:00,1.2952346879298046e-07,0.14045981546147354,0.07954619511722799,0.039773162320348394
2013-08-02 04:00:00,1.1396341509151615e-07,0.12956715158938334,0.07229536155853439,0.03614773776097474
2013-08-02 05:00:00,3.926058944034273e-08,0.0670394119357835,0.06596307684439764,0.032981558052493545
2013-08-02 06:00:00,1.6022025414248865e-08,0.029664888808987055,0.05785166214740418,0.028925839084714796
2013-08-02 07:00:00,6.341927467388239e-09,6.30052107948735e-08,0.05851802560921489,0.02925901597557118
2013-08-02 08:00:00,5.8778716403126564e-09,5.574349664702714e-08,0.05801376406418538,0.02900688497102851
2013-08-02 09:00:00,6.0060916424117664e-09,5.5602135644051015e-08,0.05475531396585294,0.027377659985972292
2013-08-02 10:00:00,6.138634064583043e-09,5.655338336436264e-08,0.059215325404203115,0.02960766577141859
2013-08-02 11:00:00,6.216502570166364e-09,5.7239628730602944e-08,0.055943545099060764,0.027971775657781667
2013-08-02 12:00:00,6.269426680616057e-09,5.8365277960477776e-08,0.056917813449461736,0.028458909859444208
2013-08-02 13:00:00,6.7551052856564256e-09,6.385646179909034e-08,0.05985603966195091,0.0299280232085281
2013-08-02 14:00:00,8.776490597188317e-09,8.075191811703822e-08,0.059857829675113744,0.02992891922580217
2013-08-02 15:00:00,2.7729987327072277e-08,0.0485771732773194,0.060558791113939185,0.030279409421963256
2013-08-02 16:00:00,1.0322821999399522e-07,0.1342996173351507,0.0568312479640321,0.028415675596126046
2013-08-02 17:00:00,6.703480556798408e-07,0.36067905776444453,0.05819713886778581,0.029098904607920747
2013-08-02 18:00:00,0.16161049330762028,0.39891532154749876,0.049941763000776636,0.10577612815419846
2013-08-02 19:00:00,0.19867634027349218,0.41151423574082463,0.05680980771571115,0.12774307399460166
2013-08-02 20:00:00,0.20765964157485883,0.41263776171755745,0.07250114536898451,0.14008039347192167
2013-08-02 21:00:00,0.1806498794998061,0.4020615957457328,0.07987449627787983,0.13026218788884297
2013-08-02 22:00:00,9.244100646070195e-07,0.39162466868977536,0.0809676569835575,0.04048429069681105
2013-08-02 23:00:00,8.0053434940064e-07,0.3802433789930785,0.0742805434860852,0.037140672010217306
2013-08-03 00:00:00,8.071976789691175e-07,0.3688146097203685,0.0683300930688148,0.034165450133246886
2013-08-03 01:00:00,8.7789417767812e-07,0.3629536344822745,0.06938322339504337,0.03469205064461052
2013-08-03 02:00:00,0.14100158171872668,0.36544291602140766,0.07112115250739952,0.1060613671130631
2013-08-03 03:00:00,7.851030773606814e-07,0.3571241728920384,0.07954619511722799,0.03977349011015267
2013-08-03 04:00:00,3.254133897131556e-07,0.2670164552502296,0.07229536155853439,0.03614784348596205
2013-08-03 05:00:00,5.4787872619170165e-08,0.08867954482053247,0.06596307684439764,0.03298156581613513
2013-08-03 06:00:00,9.192035830187985e-09,1.1917090862343413e-07,0.05785166214740418,0.028925835669720002
2013-08-03 07:00:00,6.744704395343997e-09,6.510449927700098e-08,0.05851802560921489,0.02925901617695964
2013-08-03 08:00:00,7.1757691669297245e-09,6.551627393488292e-08,0.05801376406418538,0.029006885619977274
2013-08-03 09:00:00,7.542589552468066e-09,6.807996294982514e-08,0.05475531396585294,0.027377660754221246
2013-08-03 10:00:00,7.558735037225736e-09,6.815232745640986e-08,0.059215325404203115,0.029607666481469078
2013-08-03 11:00:00,7.68142870149345e-09,6.964085583876249e-08,0.055943545099060764,0.027971776390244733
2013-08-03 12:00:00,7.666820487789852e-09,7.10637047067138e-08,0.056917813449461736,0.028458910558141114
2013-08-03 13:00:00,7.900826050325544e-09,7.553724956007841e-08,0.05985603966195091,0.02992802378138848
2013-08-03 14:00:00,1.015275771574052e-08,9.353608395033979e-08,0.059857829675113744,0.02992891991393573
2013-08-03 15:00:00,1.6238927717187512e-08,1.8738300451872893e-07,0.060558791113939185,0.03027940367643345
2013-08-03 16:00:00,1.2410066266403145e-07,0.14757455719842974,0.0568312479640321,0.02841568603234738
2013-08-03 17:00:00,4.3763886828339215e-07,0.2946492036767043,0.05819713886778581,0.029098788253327047
2013-08-03 18:00:00,3.8446932660022697e-07,0.26712662233041234,0.049941763000776636,0.024971073735051617
2013-08-03 19:00:00,5.560178928579805e-07,0.28747324520771006,0.05680980771571115,0.028405181866802003
2013-08-03 20:00:00,0.13544374466271852,0.31671831596047917,0.07250114536898451,0.10397244501585151
2013-08-03 21:00:00,0.14845991898238683,0.31183630311715704,0.07987449627787983,0.11416720763013333
2013-08-03 22:00:00,0.11484716296768656,0.26115267188054936,0.0809676569835575,0.09790740997562203
2013-08-03 23:00:00,4.3704993045144995e-07,0.22938104288264702,0.0742805434860852,0.03714049026800783
2013-08-04 00:00:00,2.913417213263464e-07,0.1883496921143975,0.0683300930688148,0.03416519220526806
2013-08-04 01:00:00,2.3088607333070985e-07,0.17388258214853344,0.06938322339504337,0.03469172714055835
2013-08-04 02:00:00,2.0308186477729048e-07,0.167115262336496,0.07112115250739952,0.03556067779463215
2013-08-04 03:00:00,1.7423470802078674e-07,0.15845979705583432,0.07954619511722799,0.03977318467596801
2013-08-04 04:00:00,1.6269137080901946e-07,0.1580531025513111,0.07229536155853439,0.0361477621249526
2013-08-04 05:00:00,4.474991242939359e-08,0.07216807858362384,0.06596307684439764,0.032981560797155036
2013-08-04 06:00:00,7.989361068531664e-09,1.026149566249929e-07,0.05785166214740418,0.028925835068382623
2013-08-04 07:00:00,7.936299850085148e-09,6.955779681768751e-08,0.05851802560921489,0.02925901677275737
2013-08-04 08:00:00,8.140850697623145e-09,6.702188476587401e-08,0.05801376406418538,0.02900688610251804
2013-08-04 09:00:00,9.234528877407606e-09,7.805994597939499e-08,0.05475531396585294,0.02737766160019091
2013-08-04 10:00:00,9.103132142289031e-09,7.691526279255398e-08,0.059215325404203115,0.02960766725366763
2013-08-04 11:00:00,9.171599068572754e-09,7.807350367933748e-08,0.055943545099060764,0.027971777135329917
2013-08-04 12:00:00,9.149686064206482e-09,7.990144742404195e-08,0.056917813449461736,0.0284589112995739
2013-08-04 13:00:00,9.010012231932538e-09,8.232562443122858e-08,0.05985603966195091,0.02992802433598157
2013-08-04 14:00:00,9.409882109515275e-09,8.604688396411342e-08,0.059857829675113744,0.029928919542497927
2013-08-04 15:00:00,1.5599796740888385e-08,1.8089060767124508e-07,0.060558791113939185,0.030279403356867962
2013-08-04 16:00:00,1.4860764960551283e-07,0.15355215831227,0.0568312479640321,0.02841569828584085
2013-08-04 17:00:00,0.3256640590764261,0.3668099332861986,0.05819713886778581,0.19193059897210596
2013-08-04 18:00:00,0.32106994061514377,0.32638285073637974,0.049941763000776636,0.1855058518079602
2013-08-04 19:00:00,0.10334797360977478,0.31471525958202734,0.05680980771571115,0.08007889066274296
2013-08-04 20:00:00,0.2409685752268514,0.30518515821245096,0.07250114536898451,0.15673486029791794
2013-08-04 21:00:00,0.14608749013613417,0.295112270010187,0.07987449627787983,0.112980993207007
2013-08-04 22:00:00,0.14556946844367008,0.31776959381800124,0.0809676569835575,0.1132685627136138
2013-08-04 23:00:00,5.128573333470095e-07,0.28517342132449097,0.0742805434860852,0.03714052817170928
2013-08-05 00:00:00,3.328226925531316e-07,0.25059591235021533,0.0683300930688148,0.03416521294575368
2013-08-05 01:00:00,2.8489770230003097e-07,0.23158029568085486,0.06938322339504337,0.034691754146372836
2013-08-05 02:00:00,2.585194193324817e-07,0.21825589139267382,0.07112115250739952,0.035560705513409424
2013-08-05 03:00:00,2.571168843305234e-07,0.2165163416260381,0.07954619511722799,0.03977322611705616
2013-08-05 04:00:00,2.7155583024936427e-07,0.22384854286876346,0.07229536155853439,0.03614781655718232
2013-08-05 05:00:00,5.726364350972261e-08,0.08387987076351813,0.06596307684439764,0.032981567054020576
2013-08-05 06:00:00,2.0761837412763984e-08,0.03272003052813626,0.05785166214740418,0.028925841454620797
2013-08-05 07:00:00,6.699259696520767e-09,6.65485729265567e-08,0.05851802560921489,0.029259016154237292
2013-08-05 08:00:00,5.750320012496595e-09,5.568931811788341e-08,0.05801376406418538,0.029006884907252697
2013-08-05 09:00:00,6.214847283003113e-09,5.809622307981394e-08,0.05475531396585294,0.02737766009035011
2013-08-05 10:00:00,6.103486605126554e-09,5.7073020239897125e-08,0.059215325404203115,0.02960766575384486
2013-08-05 11:00:00,6.198689034297186e-09,5.8120561599096594e-08,0.055943545099060764,0.0279717756488749
2013-08-05 12:00:00,6.3090537154221325e-09,6.009995293288882e-08,0.056917813449461736,0.028458909879257727
2013-08-05 13:00:00,7.0588467156470945e-09,6.812939841621972e-08,0.05985603966195091,0.029928023360398813
2013-08-05 14:00:00,9.577222759273855e-09,8.993603302220897e-08,0.059857829675113744,0.02992891962616825
2013-08-05 15:00:00,3.195016609054216e-08,0.056099312774751504,0.060558791113939185,0.030279411532052637
2013-08-05 16:00:00,1.609849445270029e-07,0.1707434613218697,0.0568312479640321,0.028415704474488313
2013-08-05 17:00:00,0.21346856451171906,0.4391768804886968,0.05819713886778581,0.13583285168975243
2013-08-05 18:00:00,0.2212654864840406,0.39752801218669065,0.049941763000776636,0.1356036247424086
2013-08-05 19:00:00,0.21198561277506583,0.3670689252036748,0.05680980771571115,0.1343977102453885
2013-08-05 20:00:00,0.16984674288517518,0.3493110305273166,0.07250114536898451,0.12117394412707985
2013-08-05 21:00:00,0.1291194902452538,0.33034505474804915,0.07987449627787983,0.1044969932615668
2013-08-05 22:00:00,8.526934804141733e-07,0.34283497110643735,0.0809676569835575,0.04048425483851895
2013-08-05 23:00:00,5.613806452692862e-07,0.31354765845624777,0.0742805434860852,0.03714055243336524
2013-08-06 00:00:00,4.2291115816873477e-07,0.2843291745668709,0.0683300930688148,0.03416525798998648
2013-08-06 01:00:00,3.373774047187935e-07,0.25517795544982225,0.06938322339504337,0.034691780386224044
2013-08-06 02:00:00,2.9603340268678304e-07,0.23423007061497575,0.07112115250739952,0.0355607242704011
2013-08-06 03:00:00,2.932932108220929e-07,0.2263751215062817,0.07954619511722799,0.0397732442052194
2013-08-06 04:00:00,2.947760854057432e-07,0.22529388661424843,0.07229536155853439,0.036147828167309895
2013-08-06 05:00:00,5.735996625398465e-08,0.08263977730614813,0.06596307684439764,0.03298156710218195
2013-08-06 06:00:00,1.795505433343082e-08,0.03269915514129503,0.05785166214740418,0.028925840051229255
2013-08-06 07:00:00,6.616901640526881e-09,6.903332187999719e-08,0.05851802560921489,0.029259016113058263
2013-08-06 08:00:00,5.625269225385127e-09,5.4275192294481e-08,0.05801376406418538,0.029006884844727302
2013-08-06 09:00:00,5.169664458585797e-09,4.986429853614806e-08,0.05475531396585294,0.0273776595677587
2013-08-06 10:00:00,5.0827477173545195e-09,4.9068370605454113e-08,0.059215325404203115,0.029607665243475415
2013-08-06 11:00:00,5.274077882244798e-09,5.091608128589446e-08,0.055943545099060764,0.027971775186569323
2013-08-06 12:00:00,5.830260580328863e-09,5.6240610630055315e-08,0.056917813449461736,0.028458909639861158
2013-08-06 13:00:00,6.923778392369787e-09,6.659165043254719e-08,0.05985603966195091,0.02992802329286465
2013-08-06 14:00:00,9.196128997399792e-09,9.806525128942382e-08,0.059857829675113744,0.02992891943562137
2013-08-06 15:00:00,3.515330744061233e-08,0.052975106400519396,0.060558791113939185,0.030279413133623312
2013-08-06 16:00:00,1.483837175417194e-07,0.1599190762946489,0.0568312479640321,0.02841569817387482
2013-08-06 17:00:00,0.22288362929756136,0.4178265417695163,0.05819713886778581,0.14054038408267358
2013-08-06 18:00:00,0.3292439399732181,0.40483609757810524,0.049941763000776636,0.18959285148699737
2013-08-06 19:00:00,0.32711888425629626,0.3814227394668848,0.05680980771571115,0.1919643459860037
2013-08-06 20:00:00,0.2799383367841873,0.3679150824797234,0.07250114536898451,0.1762197410765859
2013-08-06 21:00:00,0.17950070057716935,0.34901217367463916,0.07987449627787983,0.1296875984275246
2013-08-06 22:00:00,0.14620328407072006,0.34273073736691473,0.0809676569835575,0.11358547052713877
2013-08-06 23:00:00,5.438059684484766e-07,0.2933259953659175,0.0742805434860852,0.03714054364602683
2013-08-07 00:00:00,3.138628155280718e-07,0.23984945808612618,0.0683300930688148,0.03416520346581516
2013-08-07 01:00:00,2.59857714199887e-07,0.2180290514385886,0.06938322339504337,0.03469174162637878
2013-08-07 02:00:00,2.5025486751973696e-07,0.21053912516749795,0.07112115250739952,0.03556070138113352
2013-08-07 03:00:00,2.6800445394165603e-07,0.21585846113243937,0.07954619511722799,0.03977323156084096
2013-08-07 04:00:00,3.1791728341415413e-07,0.23494112472417084,0.07229536155853439,0.0361478397379089
2013-08-07 05:00:00,6.754686246266907e-08,0.08675871886883857,0.06596307684439764,0.032981572195630054
2013-08-07 06:00:00,2.4548743538690155e-08,0.0333916977226556,0.05785166214740418,0.028925843348073858
2013-08-07 07:00:00,8.957488099624361e-09,1.6512769568809373e-07,0.05851802560921489,0.029259017283351493
2013-08-07 08:00:00,5.684103417464299e-09,6.386291733561174e-08,0.05801376406418538,0.0290068848741444
2013-08-07 09:00:00,5.221541539939781e-09,5.028536399307963e-08,0.05475531396585294,0.02737765959369724
2013-08-07 10:00:00,5.103456079339717e-09,4.922700320514146e-08,0.059215325404203115,0.029607665253829598
2013-08-07 11:00:00,5.334421707096244e-09,5.1712123481012405e-08,0.055943545099060764,0.027971775216741237
2013-08-07 12:00:00,5.914432043586871e-09,5.5690810146594475e-08,0.056917813449461736,0.02845890968194689
2013-08-07 13:00:00,7.115022024740411e-09,8.4193659707287e-08,0.05985603966195091,0.029928023388486467
2013-08-07 14:00:00,1.2817730469186683e-08,1.2681929821269912e-07,0.059857829675113744,0.029928921246422106
2013-08-07 15:00:00,5.3903120073221136e-08,0.08068087490924451,0.060558791113939185,0.03027942250852963
2013-08-07 16:00:00,1.657615932980237e-07,0.1835448286115857,0.0568312479640321,0.0284157068628127
2013-08-07 17:00:00,0.2045266758995945,0.45476815589308567,0.05819713886778581,0.13136190738369016
2013-08-07 18:00:00,0.18410691967204937,0.40488193174347614,0.049941763000776636,0.117024341336413
2013-08-07 19:00:00,0.15392543735801792,0.36139416451674206,0.05680980771571115,0.10536762253686453
2013-08-07 20:00:00,7.009509419092005e-07,0.3275746540413474,0.07250114536898451,0.036250923159963214
2013-08-07 21:00:00,5.944472038203284e-07,0.3230709428077892,0.07987449627787983,0.03993754536254183
2013-08-07 22:00:00,3.169315311492411e-07,0.268433007698752,0.0809676569835575,0.04048398695754432
2013-08-07 23:00:00,2.1600971305348264e-07,0.22156931971752952,0.0742805434860852,0.037140379747899126
2013-08-08 00:00:00,1.747922082146395e-07,0.19381965467471987,0.0683300930688148,0.03416513393051151
2013-08-08 01:00:00,1.7788935860843559e-07,0.19447689918856495,0.06938322339504337,0.034691700642200986
2013-08-08 02:00:00,1.9728054507682011e-07,0.20463752072807093,0.07112115250739952,0.0355606748939723
2013-08-08 03:00:00,2.0538457103303808e-07,0.2061432842705475,0.07954619511722799,0.03977320025089951
2013-08-08 04:00:00,2.3323233383807634e-07,0.2175333687718176,0.07229536155853439,0.03614779739543411
2013-08-08 05:00:00,6.192303249654882e-08,0.08279085882923574,0.06596307684439764,0.03298156938371507
2013-08-08 06:00:00,2.384474093061553e-08,0.03306137847056611,0.05785166214740418,0.028925842996072555
2013-08-08 07:00:00,1.1029407661117446e-08,2.4276326221905454e-07,0.05851802560921489,0.029259018319311273
2013-08-08 08:00:00,5.625752222845812e-09,6.670677724968514e-08,0.05801376406418538,0.029006884844968803
2013-08-08 09:00:00,5.1664356836509535e-09,4.9984320057643254e-08,0.05475531396585294,0.02737765956614431
2013-08-08 10:00:00,4.976522384758485e-09,4.829521130482394e-08,0.059215325404203115,0.029607665190362748
2013-08-08 11:00:00,5.188174860059533e-09,5.0284339923713465e-08,0.055943545099060764,0.027971775143617813
2013-08-08 12:00:00,5.719807114910396e-09,5.542822759319866e-08,0.056917813449461736,0.028458909584634425
2013-08-08 13:00:00,6.844181963272668e-09,6.436365124584996e-08,0.05985603966195091,0.029928023253066437
2013-08-08 14:00:00,1.2466922527395517e-08,1.224919727947928e-07,0.059857829675113744,0.029928921071018137
2013-08-08 15:00:00,4.8472961935330194e-08,0.0790581856843066,0.060558791113939185,0.03027941979345056
2013-08-08 16:00:00,1.7234689387418817e-07,0.17528173145919945,0.0568312479640321,0.028415710155462987
2013-08-08 17:00:00,0.2530418650280191,0.4136942000670185,0.05819713886778581,0.15561950194790247
2013-08-08 18:00:00,0.32642849491015374,0.37434261855883566,0.049941763000776636,0.1881851289554652
2013-08-08 19:00:00,0.32436060540721257,0.35442818443080015,0.05680980771571115,0.19058520656146186
2013-08-08 20:00:00,0.32567460323493325,0.36684327946078055,0.07250114536898451,0.19908787430195887
2013-08-08 21:00:00,0.32894569644809946,0.401369963481343,0.07987449627787983,0.20441009636298965
2013-08-08 22:00:00,0.3288993072401997,0.4008379599484029,0.0809676569835575,0.20493348211187862
2013-08-08 23:00:00,0.3319833812069895,0.4390137197512082,0.0742805434860852,0.20313196234653735
2013-08-09 00:00:00,0.33514972393121073,0.485614319230843,0.0683300930688148,0.20173990850001278
2013-08-09 01:00:00,0.336629016680375,0.5105909046387077,0.06938322339504337,0.20300612003770918
2013-08-09 02:00:00,0.3365973414658075,0.5322765802733794,0.07112115250739952,0.20385924698660352
2013-08-09 03:00:00,0.3370079661794495,0.5174005178343052,0.07954619511722799,0.20827708064833875
2013-08-09 04:00:00,0.335594707307062,0.4930423780220543,0.07229536155853439,0.20394503443279818
2013-08-09 05:00:00,7.869404063193662e-08,0.09848959061962098,0.06596307684439764,0.03298157776921914
2013-08-09 06:00:00,2.6974226618745428e-08,0.03648647647815307,0.05785166214740418,0.028925844560815397
2013-08-09 07:00:00,9.551751216157622e-09,2.2872623312198622e-07,0.05851802560921489,0.029259017580483052
2013-08-09 08:00:00,5.973756392106019e-09,7.166065435369099e-08,0.05801376406418538,0.029006885018970887
2013-08-09 09:00:00,5.801434408911988e-09,5.328891469852041e-08,0.05475531396585294,0.027377659883643674
2013-08-09 10:00:00,5.736786735911136e-09,5.226137438165854e-08,0.059215325404203115,0.029607665570494924
2013-08-09 11:00:00,5.790933428166689e-09,5.316744305235555e-08,0.055943545099060764,0.027971775444997096
2013-08-09 12:00:00,6.212640364824135e-09,5.742894941654034e-08,0.056917813449461736,0.028458909831051052
2013-08-09 13:00:00,7.376968160658701e-09,6.819658601967025e-08,0.05985603966195091,0.029928023519459536
2013-08-09 14:00:00,1.3336533256667828e-08,1.283184674555665e-07,0.059857829675113744,0.029928921505823502
2013-08-09 15:00:00,5.132875518478173e-08,0.05776262137587555,0.060558791113939185,0.030279421221347184
2013-08-09 16:00:00,1.8572310370253024e-07,0.17027326825148528,0.0568312479640321,0.0284157168435679
2013-08-09 17:00:00,0.2799999738580117,0.34192240954482817,0.05819713886778581,0.16909855636289875
2013-08-09 18:00:00,0.09575687028910704,0.298323085647088,0.049941763000776636,0.07284931664494183
2013-08-09 19:00:00,0.08460977534254625,0.27283399213252085,0.05680980771571115,0.07070979152912871
2013-08-09 20:00:00,0.08518860809271445,0.2742014599018133,0.07250114536898451,0.07884487673084947
2013-08-09 21:00:00,0.09074007691407554,0.2870685292875834,0.07987449627787983,0.0853072865959777
2013-08-09 22:00:00,0.09050022604487293,0.2865217363822407,0.0809676569835575,0.0857339415142152
2013-08-09 23:00:00,0.3217785195632224,0.3320606303881307,0.0742805434860852,0.1980295315246538
2013-08-10 00:00:00,0.324142490881096,0.3524384603490507,0.0683300930688148,0.1962362919749554
2013-08-10 01:00:00,0.19716858828583952,0.34706727300850543,0.06938322339504337,0.13327590584044144
2013-08-10 02:00:00,0.14294312306913243,0.33537160515952713,0.07112115250739952,0.10703213778826598
2013-08-10 03:00:00,7.570168059795518e-07,0.3118675040889815,0.07954619511722799,0.039773476067016984
2013-08-10 04:00:00,3.960080516357059e-07,0.24697984473395332,0.07229536155853439,0.036147878783293015
2013-08-10 05:00:00,5.950295122076322e-08,0.09078394385203079,0.06596307684439764,0.03298156817367443
2013-08-10 06:00:00,2.0569323918205262e-08,0.037053279160991354,0.05785166214740418,0.028925841358364048
2013-08-10 07:00:00,7.212742313310193e-09,8.824503927010719e-08,0.05851802560921489,0.0292590164109786
2013-08-10 08:00:00,5.90527708788394e-09,5.643213586478135e-08,0.05801376406418538,0.029006884984731234
2013-08-10 09:00:00,6.078562465687655e-09,5.467223235198889e-08,0.05475531396585294,0.027377660022207703
2013-08-10 10:00:00,6.071487159111268e-09,5.583420546362269e-08,0.059215325404203115,0.029607665737845137
2013-08-10 11:00:00,6.0861840050495354e-09,5.642875761813621e-08,0.055943545099060764,0.027971775592622386
2013-08-10 12:00:00,6.5453184266324296e-09,6.055573307709007e-08,0.056917813449461736,0.02845890999739008
2013-08-10 13:00:00,7.842155376044146e-09,7.096159575873815e-08,0.05985603966195091,0.029928023752053143
2013-08-10 14:00:00,1.0809091989901843e-08,1.0259744299470748e-07,0.059857829675113744,0.029928920242102867
2013-08-10 15:00:00,3.6146509756274325e-08,0.055666067054871975,0.060558791113939185,0.03027941363022447
2013-08-10 16:00:00,1.3254466898935e-07,0.13670129237934364,0.0568312479640321,0.028415690254350544
2013-08-10 17:00:00,5.121797747284354e-07,0.22198417071574078,0.05819713886778581,0.02909882552378027
2013-08-10 18:00:00,5.825257320150741e-07,0.22903325683138395,0.049941763000776636,0.024971172763254324
2013-08-10 19:00:00,0.11867886033126267,0.2495603075660085,0.05680980771571115,0.08774433402348691
2013-08-10 20:00:00,0.14314113057420988,0.27376640932594554,0.07250114536898451,0.1078211379715972
2013-08-10 21:00:00,0.15698446211177552,0.2892784618886486,0.07987449627787983,0.11842947919482769
2013-08-10 22:00:00,0.12451113085009102,0.2963329514584997,0.0809676569835575,0.10273939391682427
2013-08-10 23:00:00,5.218541858754472e-07,0.27415008805896823,0.0742805434860852,0.03714053267013554
2013-08-11 00:00:00,3.278386385373962e-07,0.24020860654253964,0.0683300930688148,0.03416521045372667
2013-08-11 01:00:00,2.510070402454648e-07,0.21657347015611653,0.06938322339504337,0.03469173720104181
2013-08-11 02:00:00,1.9773147425146676e-07,0.20237236788879084,0.07112115250739952,0.035560675119436884
2013-08-11 03:00:00,2.016430846423465e-07,0.2069248698614251,0.07954619511722799,0.03977319838015632
2013-08-11 04:00:00,1.8992555108323085e-07,0.20006949925918974,0.07229536155853439,0.03614777574204273
2013-08-11 05:00:00,7.458534278677693e-08,0.1048271564672834,0.06596307684439764,0.03298157571487022
2013-08-11 06:00:00,1.2497598482304972e-08,1.642839013434135e-07,0.05785166214740418,0.02892583732250133
2013-08-11 07:00:00,8.8342807054e-09,8.458816925757136e-08,0.05851802560921489,0.029259017221747795
2013-08-11 08:00:00,8.156761448570032e-09,7.619800987561769e-08,0.05801376406418538,0.029006886110473414
2013-08-11 09:00:00,8.863986654287144e-09,8.033971738763716e-08,0.05475531396585294,0.027377661414919797
2013-08-11 10:00:00,8.807680379495937e-09,7.946665881300623e-08,0.059215325404203115,0.029607667105941746
2013-08-11 11:00:00,8.806215433898218e-09,8.019564208059415e-08,0.055943545099060764,0.027971776952638097
2013-08-11 12:00:00,8.804335442597758e-09,8.259475554275337e-08,0.056917813449461736,0.02845891112689859
2013-08-11 13:00:00,9.61998028346561e-09,9.268943899081101e-08,0.05985603966195091,0.029928024640965598
2013-08-11 14:00:00,1.2812639015798673e-08,1.2005065297200853e-07,0.059857829675113744,0.02992892124387638
2013-08-11 15:00:00,2.153718792856985e-08,2.531677894841586e-07,0.060558791113939185,0.030279406325563557
2013-08-11 16:00:00,2.0847767371938995e-07,0.208027918272766,0.0568312479640321,0.02841572822085291
2013-08-11 17:00:00,0.33441072701007923,0.4740916489116237,0.05819713886778581,0.19630393293893253
2013-08-11 18:00:00,0.3324352614643056,0.44530112168747465,0.049941763000776636,0.1911885122325411
2013-08-11 19:00:00,0.24520134646373704,0.3889727694572733,0.05680980771571115,0.1510055770897241
2013-08-11 20:00:00,0.1623075814462797,0.3278148125153436,0.07250114536898451,0.1174043634076321
2013-08-11 21:00:00,6.782163624876558e-07,0.27214277645874513,0.07987449627787983,0.03993758724712116
2013-08-11 22:00:00,3.0871050834854247e-07,0.19080277098552473,0.0809676569835575,0.040483982847032925
2013-08-11 23:00:00,1.4893033467863098e-07,0.1429327591388962,0.0742805434860852,0.03714034620820994
2013-08-12 00:00:00,8.911763841965483e-08,0.10679494270471498,0.0683300930688148,0.03416509109322661
2013-08-12 01:00:00,7.890854707712327e-08,0.09875065599250103,0.06938322339504337,0.03469165115179522
2013-08-12 02:00:00,7.654523316550639e-08,0.09633103387605926,0.07112115250739952,0.03556061452631634
2013-08-12 03:00:00,7.62344743728285e-08,0.09727800107787003,0.07954619511722799,0.03977313567585118
2013-08-12 04:00:00,6.99416518763387e-08,0.09237149155342965,0.07229536155853439,0.03614771575009313
2013-08-12 05:00:00,3.553685892088916e-08,0.059183186090679574,0.06596307684439764,0.032981556190628286
2013-08-12 06:00:00,1.2279497613924156e-08,0.02676309701318191,0.05785166214740418,0.028925837213450895
2013-08-12 07:00:00,5.669788351336675e-09,5.61209335131812e-08,0.05851802560921489,0.02925901563950162
2013-08-12 08:00:00,5.291881727417098e-09,5.0573528467415626e-08,0.05801376406418538,0.029006884678033553
2013-08-12 09:00:00,5.399344441834201e-09,5.086555649735489e-08,0.05475531396585294,0.02737765968259869
2013-08-12 10:00:00,5.60077004315231e-09,5.280365649128082e-08,0.059215325404203115,0.02960766550248658
2013-08-12 11:00:00,5.743436399924926e-09,5.44638179035895e-08,0.055943545099060764,0.027971775421248582
2013-08-12 12:00:00,6.191481215293652e-09,5.922870709347626e-08,0.056917813449461736,0.028458909820471476
2013-08-12 13:00:00,7.498495633059856e-09,7.185908347499653e-08,0.05985603966195091,0.02992802358022327
2013-08-12 14:00:00,1.0582150930820106e-08,9.829589711156131e-08,0.059857829675113744,0.02992892012863234
2013-08-12 15:00:00,3.663496803669256e-08,0.06384742610984838,0.060558791113939185,0.030279413874453612
2013-08-12 16:00:00,2.0939584273869663e-07,0.20447427510350621,0.0568312479640321,0.02841572867993742
2013-08-12 17:00:00,0.3367215638020635,0.5123247723177865,0.05819713886778581,0.19745935133492465
2013-08-12 18:00:00,0.18433714942674903,0.40524788167707804,0.049941763000776636,0.11713945621376283
2013-08-12 19:00:00,5.265844735323325e-07,0.29975313802239073,0.05680980771571115,0.02840516715009234
2013-08-12 20:00:00,2.786053693991868e-07,0.23089943569772076,0.07250114536898451,0.036250711987176956
2013-08-12 21:00:00,2.1042017542309187e-07,0.19976243909291533,0.07987449627787983,0.03993735334902763
2013-08-12 22:00:00,1.4722726490475965e-07,0.15898677876439893,0.0809676569835575,0.0404839021054112
2013-08-12 23:00:00,1.3739268257564015e-07,0.15435307348785446,0.0742805434860852,0.03714034043938389
2013-08-13 00:00:00,1.5254845295968062e-07,0.16734850988661937,0.0683300930688148,0.034165122808633874
2013-08-13 01:00:00,1.771642440422644e-07,0.1839740431945572,0.06938322339504337,0.0346917002796437
2013-08-13 02:00:00,2.0532179917594285e-07,0.20049749103633682,0.07112115250739952,0.035560678914599346
2013-08-13 03:00:00,2.3000228413177442e-07,0.2125227060972568,0.07954619511722799,0.03977321255975606
2013-08-13 04:00:00,2.3476036547579063e-07,0.21539662051181868,0.07229536155853439,0.036147798159449934
2013-08-13 05:00:00,5.653104522194179e-08,0.08381407054332066,0.06596307684439764,0.03298156668772143
2013-08-13 06:00:00,1.8027310690658545e-08,0.03331245608761595,0.05785166214740418,0.028925840087357435
2013-08-13 07:00:00,6.624698904674492e-09,7.748922512324664e-08,0.05851802560921489,0.029259016116956898
2013-08-13 08:00:00,5.6875430493688125e-09,5.386153164489405e-08,0.05801376406418538,0.029006884875864215
2013-08-13 09:00:00,5.7928565335589754e-09,5.3661032530133566e-08,0.05475531396585294,0.027377659879354737
2013-08-13 10:00:00,5.740523899537502e-09,5.325822142751353e-08,0.059215325404203115,0.029607665572363506
2013-08-13 11:00:00,5.7548234801125615e-09,5.406824005718975e-08,0.055943545099060764,0.02797177542694212
2013-08-13 12:00:00,6.512487589667972e-09,6.120504004758562e-08,0.056917813449461736,0.028458909980974664
2013-08-13 13:00:00,7.890963300392243e-09,7.42279466437643e-08,0.05985603966195091,0.029928023776457105
2013-08-13 14:00:00,1.0731530862786356e-08,1.2691017296515366e-07,0.059857829675113744,0.029928920203322305
2013-08-13 15:00:00,5.535948660645499e-08,0.06526835705180824,0.060558791113939185,0.030279423236712896
2013-08-13 16:00:00,2.165603929350519e-07,0.217210382914008,0.0568312479640321,0.028415732262212518
2013-08-13 17:00:00,0.34135233485596495,0.6090659590254756,0.05819713886778581,0.19977473686187538
2013-08-13 18:00:00,0.3357280388916189,0.49514589416396615,0.049941763000776636,0.19283490094619776
2013-08-13 19:00:00,0.3315720618848558,0.4335687921042992,0.05680980771571115,0.19419093480028346
2013-08-13 20:00:00,0.3297125680023826,0.4103189245772075,0.07250114536898451,0.20110685668568354
2013-08-13 21:00:00,0.32952343608670015,0.40807535730881317,0.07987449627787983,0.20469896618229
2013-08-13 22:00:00,0.22675826788540723,0.3925466297650265,0.0809676569835575,0.15386296243448236
2013-08-13 23:00:00,0.1796214458258596,0.36774398553061,0.0742805434860852,0.1269509946559724
2013-08-14 00:00:00,0.17045101771983273,0.3532552549455459,0.0683300930688148,0.11939055539432376
2013-08-14 01:00:00,0.18796834955674127,0.3576702912760424,0.06938322339504337,0.1286757864758923
2013-08-14 02:00:00,0.20608745476373003,0.3715484937176565,0.07112115250739952,0.13860430363556478
2013-08-14 03:00:00,0.2261488054953433,0.3830031769844971,0.07954619511722799,0.15284750030628563
2013-08-14 04:00:00,0.2739356474735274,0.37536307733372576,0.07229536155853439,0.1731155045160309
2013-08-14 05:00:00,8.542986506306216e-08,0.10063113072362748,0.06596307684439764,0.03298158113713135
2013-08-14 06:00:00,3.572420201559918e-08,0.05903711522869023,0.05785166214740418,0.028925848935803095
2013-08-14 07:00:00,8.403565078027313e-09,1.0146909940008935e-07,0.05851802560921489,0.029259017006389984
2013-08-14 08:00:00,7.001349713196361e-09,6.846724631395154e-08,0.05801376406418538,0.02900688553276755
2013-08-14 09:00:00,6.33312529087121e-09,5.89321131673908e-08,0.05475531396585294,0.027377660149489114
2013-08-14 10:00:00,6.250908465363634e-09,5.814944733602262e-08,0.059215325404203115,0.02960766582755579
2013-08-14 11:00:00,6.61857876491615e-09,6.17547179285593e-08,0.055943545099060764,0.027971775858819766
2013-08-14 12:00:00,7.61049605012845e-09,7.102965814152069e-08,0.056917813449461736,0.028458910529978895
2013-08-14 13:00:00,9.503662453326683e-09,8.826904070707133e-08,0.05985603966195091,0.029928024582806682
2013-08-14 14:00:00,1.3535653208335128e-08,1.5940887900300358e-07,0.059857829675113744,0.029928921605383477
2013-08-14 15:00:00,7.024569798759734e-08,0.07719861695077063,0.060558791113939185,0.030279430679818586
2013-08-14 16:00:00,2.783018426365001e-07,0.22000801242871335,0.0568312479640321,0.028415763132937366
2013-08-14 17:00:00,0.32807158267941133,0.3916575420567582,0.05819713886778581,0.19313436077359858
2013-08-14 18:00:00,0.10477962490645625,0.31772429136603936,0.049941763000776636,0.07736069395361644
2013-08-14 19:00:00,0.08276395498538129,0.26843995910578045,0.05680980771571115,0.06978688135054623
2013-08-14 20:00:00,0.07382563588936077,0.24641480703794724,0.07250114536898451,0.07316339062917264
2013-08-14 21:00:00,0.0699684141546056,0.23650926161486105,0.07987449627787983,0.07492145521624272
2013-08-14 22:00:00,0.0654360688872623,0.22541232134832945,0.0809676569835575,0.0732018629354099
2013-08-14 23:00:00,0.21105846289903746,0.21167168136036166,0.0742805434860852,0.14266950319256133
2013-08-15 00:00:00,0.1837826462061354,0.19303415684231767,0.0683300930688148,0.1260563696374751
2013-08-15 01:00:00,0.1636295514048318,0.1795380433894102,0.06938322339504337,0.11650638739993757
2013-08-15 02:00:00,0.1027991457407054,0.16692255312734294,0.07112115250739952,0.08696014912405245
2013-08-15 03:00:00,0.07168327025167055,0.15011890815671083,0.07954619511722799,0.07561473268444927
2013-08-15 04:00:00,1.8249297144910732e-07,0.12010549539172631,0.07229536155853439,0.036147772025752915
2013-08-15 05:00:00,5.3887054028046514e-08,0.07203424779333581,0.06596307684439764,0.032981565365725836
2013-08-15 06:00:00,1.726879310256221e-08,0.03374253228379782,0.05785166214740418,0.02892583970809864
2013-08-15 07:00:00,7.65348509479951e-09,6.866817915833898e-08,0.05851802560921489,0.029259016631349992
2013-08-15 08:00:00,6.517733161605838e-09,5.8980413456630365e-08,0.05801376406418538,0.02900688529095927
2013-08-15 09:00:00,6.435082546214414e-09,5.805555281986682e-08,0.05475531396585294,0.02737766020046774
2013-08-15 10:00:00,5.948191136239531e-09,5.373711665502714e-08,0.059215325404203115,0.029607665676197124
2013-08-15 11:00:00,7.889119373894241e-09,7.512398493775789e-08,0.055943545099060764,0.027971776494090068
2013-08-15 12:00:00,8.52776000782098e-09,8.172641197314457e-08,0.056917813449461736,0.02845891098861087
2013-08-15 13:00:00,8.176141650193285e-09,8.156486211840697e-08,0.05985603966195091,0.02992802391904628
2013-08-15 14:00:00,1.1220939421985624e-08,9.940501295172767e-08,0.059857829675113744,0.029928920448026582
2013-08-15 15:00:00,1.7445739505009476e-08,1.9030193174924063e-07,0.060558791113939185,0.030279404279839345
2013-08-15 16:00:00,9.576049355724464e-08,0.08403190805148553,0.0568312479640321,0.028415671862262827
2013-08-15 17:00:00,1.431937206273067e-07,0.1251442246258671,0.05819713886778581,0.029098641030753217
2013-08-15 18:00:00,8.99781524048146e-08,0.09223673039300452,0.049941763000776636,0.024970926489464522
2013-08-15 19:00:00,8.398988096022546e-08,0.08549759928869655,0.05680980771571115,0.028404945852796053
2013-08-15 20:00:00,8.336625226641577e-08,0.0831339391205727,0.07250114536898451,0.03625061436761839
2013-08-15 21:00:00,7.560683520266949e-08,0.0833128940764877,0.07987449627787983,0.03993728594235752
2013-08-15 22:00:00,7.552327908785704e-08,0.08325497413646304,0.0809676569835575,0.040483866253418294
2013-08-15 23:00:00,6.798663730197902e-08,0.08379914039258295,0.0742805434860852,0.037140305736361255
2013-08-16 00:00:00,6.80206252744585e-08,0.08394124422077556,0.0683300930688148,0.03416508054472003
2013-08-16 01:00:00,6.802062887308516e-08,0.08524033355695411,0.06938322339504337,0.03469164570783612
2013-08-16 02:00:00,6.805044988152417e-08,0.08632518550050501,0.07112115250739952,0.0355606102789247
2013-08-16 03:00:00,6.805604442480801e-08,0.08846257703166556,0.07954619511722799,0.03977313158663621
2013-08-16 04:00:00,7.053455700256573e-08,0.08549496247579796,0.07229536155853439,0.036147716046545694
2013-08-16 05:00:00,4.229370749567571e-08,0.06543891066580858,0.06596307684439764,0.03298155956905257
2013-08-16 06:00:00,1.5870109980306528e-08,0.03312955521966767,0.05785166214740418,0.02892583900875708
2013-08-16 07:00:00,7.0805638091524364e-09,6.691118852483674e-08,0.05851802560921489,0.02925901634488935
2013-08-16 08:00:00,5.880984620556745e-09,5.616177704399157e-08,0.05801376406418538,0.029006884972585002
2013-08-16 09:00:00,5.535756737060236e-09,5.2870774369447e-08,0.05475531396585294,0.027377659750804837
2013-08-16 10:00:00,5.531839902269058e-09,5.299857650092849e-08,0.059215325404203115,0.02960766546802151
2013-08-16 11:00:00,5.648985177983678e-09,5.407959261386213e-08,0.055943545099060764,0.02797177537402297
2013-08-16 12:00:00,5.848671280435196e-09,5.638985123652372e-08,0.056917813449461736,0.02845890964906651
2013-08-16 13:00:00,6.656973447629572e-09,6.430824490899046e-08,0.05985603966195091,0.029928023159462178
2013-08-16 14:00:00,8.588923890376093e-09,8.01722302915063e-08,0.059857829675113744,0.029928919132018818
2013-08-16 15:00:00,1.697605030282112e-08,1.6466351429234102e-07,0.060558791113939185,0.030279404044994743
2013-08-16 16:00:00,8.177823567774417e-08,0.11038700961304532,0.0568312479640321,0.028415664871133887
2013-08-16 17:00:00,1.731852137928168e-07,0.173973012788566,0.05819713886778581,0.029098656026499803
2013-08-16 18:00:00,1.8010279055684397e-07,0.16592236197486263,0.049941763000776636,0.024970971551783596
2013-08-16 19:00:00,1.8215435747004423e-07,0.1579978843278398,0.05680980771571115,0.02840499493503431
2013-08-16 20:00:00,1.7056237594009913e-07,0.14652184359161535,0.07250114536898451,0.03625065796568023
2013-08-16 21:00:00,1.5137470664613956e-07,0.13585329141809688,0.07987449627787983,0.03993732382629324
2013-08-16 22:00:00,1.3054120258329648e-07,0.1284683486728952,0.0809676569835575,0.04048389376238004
2013-08-16 23:00:00,9.475621296826519e-08,0.11291591627243368,0.0742805434860852,0.03714031912114909
2013-08-17 00:00:00,7.559652842598303e-08,0.10538357244401482,0.0683300930688148,0.03416508433267161
2013-08-17 01:00:00,7.180833493705283e-08,0.10202553314458933,0.06938322339504337,0.03469164760168915
2013-08-17 02:00:00,7.033417721321141e-08,0.1016539504271591,0.07112115250739952,0.03556061142078837
2013-08-17 03:00:00,6.931446698283923e-08,0.10128651778297108,0.07954619511722799,0.03977313221584749
2013-08-17 04:00:00,6.921769081431175e-08,0.10304241116178821,0.07229536155853439,0.0361477153881126
2013-08-17 05:00:00,3.5929737529913914e-08,0.06178918972672388,0.06596307684439764,0.03298155638706759
2013-08-17 06:00:00,1.2548846919961946e-08,0.02797393271851077,0.05785166214740418,0.02892583734812555
2013-08-17 07:00:00,5.685795956054195e-09,5.530133446759239e-08,0.05851802560921489,0.029259015647505424
2013-08-17 08:00:00,6.059576312121617e-09,5.573809946560153e-08,0.05801376406418538,0.029006885061880847
2013-08-17 09:00:00,6.330425203519372e-09,5.662550941134056e-08,0.05475531396585294,0.027377660148139072
2013-08-17 10:00:00,8.385629754253753e-09,7.333161291937454e-08,0.059215325404203115,0.029607666894916434
2013-08-17 11:00:00,8.371031950180842e-09,7.41073815299637e-08,0.055943545099060764,0.027971776735046357
2013-08-17 12:00:00,8.262028629647704e-09,7.522398128487526e-08,0.056917813449461736,0.028458910855745184
2013-08-17 13:00:00,8.230398505552772e-09,7.815740156878015e-08,0.05985603966195091,0.02992802394617471
2013-08-17 14:00:00,9.434293324777394e-09,8.781149667971193e-08,0.059857829675113744,0.029928919554703535
2013-08-17 15:00:00,1.5902825846277626e-08,1.7814506169478213e-07,0.060558791113939185,0.030279403508382517
2013-08-17 16:00:00,1.449626571121586e-07,0.1533464733100258,0.0568312479640321,0.028415696463344606
2013-08-17 17:00:00,6.592362352672688e-07,0.28077150764364783,0.05819713886778581,0.02909889905201054
2013-08-17 18:00:00,5.23044011538351e-07,0.24238032140113286,0.049941763000776636,0.024971143022394088
2013-08-17 19:00:00,2.4180347229346574e-07,0.17646725411435044,0.05680980771571115,0.02840502475959172
2013-08-17 20:00:00,1.2755598124722988e-07,0.12576438438360868,0.07250114536898451,0.03625063646248288
2013-08-17 21:00:00,8.727626402431376e-08,0.09964487581527762,0.07987449627787983,0.03993729177707193
2013-08-17 22:00:00,7.570370798124357e-08,0.09809431713018606,0.0809676569835575,0.04048386634363274
2013-08-17 23:00:00,7.570336755832113e-08,0.09889275508238278,0.0742805434860852,0.03714030959472638
2013-08-18 00:00:00,6.811573508219425e-08,0.09916107949278703,0.0683300930688148,0.03416508059227494
2013-08-18 01:00:00,6.815134781746861e-08,0.09963070942426458,0.06938322339504337,0.03469164577319559
2013-08-18 02:00:00,6.82986062113712e-08,0.10121401740482776,0.07112115250739952,0.03556061040300287
2013-08-18 03:00:00,6.846448521979564e-08,0.10295864346683045,0.07954619511722799,0.039773131790856606
2013-08-18 04:00:00,6.855371742473024e-08,0.10525192704576548,0.07229536155853439,0.036147715056125906
2013-08-18 05:00:00,3.089252604876139e-08,0.04248474604949854,0.06596307684439764,0.03298155386846185
2013-08-18 06:00:00,6.999045505169234e-09,7.528768292349101e-08,0.05785166214740418,0.02892583457322484
2013-08-18 07:00:00,6.915019069444362e-09,6.518471097311911e-08,0.05851802560921489,0.02925901626211698
2013-08-18 08:00:00,7.072474603557034e-09,6.492024979213033e-08,0.05801376406418538,0.029006885568329994
2013-08-18 09:00:00,6.9615461755563785e-09,6.299345441314541e-08,0.05475531396585294,0.027377660463699556
2013-08-18 10:00:00,7.327431979192477e-09,6.599612707227956e-08,0.059215325404203115,0.029607666365817548
2013-08-18 11:00:00,9.682838089678425e-09,8.24809821193832e-08,0.055943545099060764,0.027971777390949425
2013-08-18 12:00:00,9.727048292729396e-09,8.458681794799757e-08,0.056917813449461736,0.028458911588255014
2013-08-18 13:00:00,9.470187279077499e-09,8.695338826666777e-08,0.05985603966195091,0.029928024566069095
2013-08-18 14:00:00,8.774894430341971e-09,8.640284894385764e-08,0.059857829675113744,0.029928919225004087
2013-08-18 15:00:00,1.465815260576293e-08,1.8195440207319007e-07,0.060558791113939185,0.030279402886045897
2013-08-18 16:00:00,1.1163159272309865e-07,0.16862662579701151,0.0568312479640321,0.02841567979781241
2013-08-18 17:00:00,3.7733973360981137e-07,0.311706399235247,0.05819713886778581,0.02909875810375971
2013-08-18 18:00:00,5.007152261810336e-07,0.33439352839547554,0.049941763000776636,0.02497113185800141
2013-08-18 19:00:00,8.196192406659898e-07,0.3697410775911987,0.05680980771571115,0.028405313667475906
2013-08-18 20:00:00,0.1782439579693793,0.408955562749969,0.07250114536898451,0.1253725516691819
2013-08-18 21:00:00,0.1912936157992246,0.4200692022828879,0.07987449627787983,0.13558405603855223
2013-08-18 22:00:00,0.16925033268672737,0.4124280588836234,0.0809676569835575,0.12510899483514243
2013-08-18 23:00:00,7.900475838477503e-07,0.3862597569158456,0.0742805434860852,0.03714066676683453
2013-08-19 00:00:00,4.587081934916229e-07,0.33157421678927107,0.0683300930688148,0.03416527588850414
2013-08-19 01:00:00,3.184931553750704e-07,0.29600771310673085,0.06938322339504337,0.03469177094409937
2013-08-19 02:00:00,3.1519207160132335e-07,0.2796322095152199,0.07112115250739952,0.03556073384973556
2013-08-19 03:00:00,3.270340918472869e-07,0.28367037182927446,0.07954619511722799,0.03977326107565992
2013-08-19 04:00:00,3.9544904299354347e-07,0.3062172601432919,0.07229536155853439,0.03614787850378869
2013-08-19 05:00:00,6.795754700193694e-08,0.09737631658052757,0.06596307684439764,0.032981572400972325
2013-08-19 06:00:00,2.555394345309039e-08,0.03528192953496692,0.05785166214740418,0.028925843850673816
2013-08-19 07:00:00,9.14048863854858e-09,1.8133016951414066e-07,0.05851802560921489,0.029259017374851762
2013-08-19 08:00:00,5.7660295915752305e-09,5.753020772046493e-08,0.05801376406418538,0.029006884915107486
2013-08-19 09:00:00,5.266062682628701e-09,5.111250520469057e-08,0.05475531396585294,0.02737765961595781
2013-08-19 10:00:00,5.147577009163352e-09,5.006438996748731e-08,0.059215325404203115,0.029607665275890063
2013-08-19 11:00:00,5.329279319763398e-09,5.189679177190321e-08,0.055943545099060764,0.02797177521417004
2013-08-19 12:00:00,5.881899077697246e-09,5.584804292596743e-08,0.056917813449461736,0.028458909665680408
2013-08-19 13:00:00,6.9555842957207286e-09,7.965357008609721e-08,0.05985603966195091,0.029928023308767603
2013-08-19 14:00:00,1.2344307689300432e-08,1.8895578385529284e-07,0.059857829675113744,0.029928921009710716
2013-08-19 15:00:00,3.6496524665362836e-08,0.056444912107503895,0.060558791113939185,0.030279413805231924
2013-08-19 16:00:00,1.5848926876365262e-07,0.17434472790344258,0.0568312479640321,0.02841570322665043
2013-08-19 17:00:00,5.874461371971909e-07,0.31381011526036,0.05819713886778581,0.029098863156961505
2013-08-19 18:00:00,0.14910548642997143,0.3153313753174193,0.049941763000776636,0.09952362471537403
2013-08-19 19:00:00,0.24883981488150134,0.3107864052773376,0.05680980771571115,0.15282481129860626
2013-08-19 20:00:00,0.3207905910301925,0.3241503730707725,0.07250114536898451,0.19664586819958849
2013-08-19 21:00:00,0.3236963487012276,0.3484224004652406,0.07987449627787983,0.20178542248955372
2013-08-19 22:00:00,0.32359229483421675,0.34750000265050096,0.0809676569835575,0.20227997590888713
2013-08-19 23:00:00,0.2799305814732691,0.3650167574119955,0.0742805434860852,0.17710556247967715
2013-08-20 00:00:00,0.2242213898788258,0.3838157791314548,0.0683300930688148,0.1462757414738203
2013-08-20 01:00:00,0.1582719112027904,0.361946714529507,0.06938322339504337,0.11382756729891688
2013-08-20 02:00:00,5.922265527143815e-07,0.31887209923405974,0.07112115250739952,0.035560872366976116
2013-08-20 03:00:00,3.9229564169884416e-07,0.2775658264421663,0.07954619511722799,0.03977329370643484
2013-08-20 04:00:00,3.1870275231696904e-07,0.24946203927216645,0.07229536155853439,0.03614784013064335
2013-08-20 05:00:00,6.282849762178115e-08,0.08913330159820758,0.06596307684439764,0.032981569836447636
2013-08-20 06:00:00,2.474882066146384e-08,0.03398490383100428,0.05785166214740418,0.02892584344811242
2013-08-20 07:00:00,1.1165103641849808e-08,0.02477587784903241,0.05851802560921489,0.029259018387159264
2013-08-20 08:00:00,5.667692820714423e-09,6.691507458557241e-08,0.05801376406418538,0.029006884865939102
2013-08-20 09:00:00,5.208236754901425e-09,6.11635393927369e-08,0.05475531396585294,0.027377659587044845
2013-08-20 10:00:00,5.16605032357074e-09,6.063915571993238e-08,0.059215325404203115,0.02960766528512672
2013-08-20 11:00:00,5.581260339447565e-09,6.526740906712796e-08,0.055943545099060764,0.027971775340160553
2013-08-20 12:00:00,6.250909754801168e-09,7.281537186515841e-08,0.056917813449461736,0.028458909850185746
2013-08-20 13:00:00,7.453036905220233e-09,9.035273306293039e-08,0.05985603966195091,0.029928023557493907
2013-08-20 14:00:00,1.3310604987262066e-08,2.4174150706459146e-07,0.059857829675113744,0.029928921492859365
2013-08-20 15:00:00,5.049624709927816e-08,0.05648195602259561,0.060558791113939185,0.030279420805093143
2013-08-20 16:00:00,1.667314468862501e-07,0.15988683506867396,0.0568312479640321,0.028415707347739492
2013-08-20 17:00:00,5.753500377325015e-07,0.2607044858187143,0.05819713886778581,0.02909885710891177
2013-08-20 18:00:00,0.13209273975563748,0.26399214501634105,0.049941763000776636,0.09101725137820706
2013-08-20 19:00:00,0.16286610315992436,0.2786812721488867,0.05680980771571115,0.10983795543781776
2013-08-20 20:00:00,0.1831346256907537,0.30276066727381945,0.07250114536898451,0.1278178855298691
2013-08-20 21:00:00,0.2117342059588353,0.33730780974133134,0.07987449627787983,0.14580435111835757
2013-08-20 22:00:00,0.17605745119408914,0.3638928121663861,0.0809676569835575,0.1285125540888233
2013-08-20 23:00:00,0.26162365572135504,0.41811872524361005,0.0742805434860852,0.16795209960372012
2013-08-21 00:00:00,0.3339832201358369,0.4674429439222974,0.0683300930688148,0.20115665660232585
2013-08-21 01:00:00,0.33395882642913466,0.4670824593643617,0.06938322339504337,0.20167102491208902
2013-08-21 02:00:00,0.19620919088832725,0.39056813211269664,0.07112115250739952,0.13366517169786338
2013-08-21 03:00:00,7.735047344818426e-07,0.3206969052289795,0.07954619511722799,0.03977348431098124
2013-08-21 04:00:00,4.672258085342617e-07,0.27576416079231025,0.07229536155853439,0.03614791439217146
2013-08-21 05:00:00,7.865397423194268e-08,0.09897927673998644,0.06596307684439764,0.03298157774918594
2013-08-21 06:00:00,3.151199002859798e-08,0.038325765904135035,0.05785166214740418,0.028925846829697104
2013-08-21 07:00:00,1.0016576908913967e-08,9.704019578975461e-08,0.05851802560921489,0.029259017812895898
2013-08-21 08:00:00,6.306114977262914e-09,6.100496550255624e-08,0.05801376406418538,0.02900688518515018
2013-08-21 09:00:00,5.765876171386033e-09,5.414057210973673e-08,0.05475531396585294,0.027377659865864556
2013-08-21 10:00:00,5.778260334422943e-09,5.5755613148729164e-08,0.059215325404203115,0.029607665591231725
2013-08-21 11:00:00,6.199779333320783e-09,5.796706850757997e-08,0.055943545099060764,0.02797177564942005
2013-08-21 12:00:00,7.040088875583852e-09,6.56144443172795e-08,0.056917813449461736,0.028458910244775305
2013-08-21 13:00:00,8.468608748810734e-09,1.0088316892380879e-07,0.05985603966195091,0.02992802406527983
2013-08-21 14:00:00,1.1497803448131466e-08,1.3861797529076737e-07,0.059857829675113744,0.029928920586458595
2013-08-21 15:00:00,5.589077913366946e-08,0.06286538767902414,0.060558791113939185,0.03027942350235916
2013-08-21 16:00:00,1.8545728286534875e-07,0.17690571154325574,0.0568312479640321,0.02841571671065748
2013-08-21 17:00:00,5.846049909109868e-07,0.2834708247663138,0.05819713886778581,0.02909886173638836
2013-08-21 18:00:00,0.11817254614204767,0.2823451262132464,0.049941763000776636,0.08405715457141215
2013-08-21 19:00:00,0.11517496189696194,0.28087881533493797,0.05680980771571115,0.08599238480633654
2013-08-21 20:00:00,6.09682388176906e-07,0.2854927804471202,0.07250114536898451,0.03625087752568634
2013-08-21 21:00:00,4.525080464158072e-07,0.27459305005383233,0.07987449627787983,0.03993747439296313
2013-08-21 22:00:00,3.183769398308972e-07,0.25001653775394084,0.0809676569835575,0.04048398768024866
2013-08-21 23:00:00,2.7358956372214324e-07,0.24362178751491714,0.0742805434860852,0.037140408537824465
2013-08-22 00:00:00,2.443682721388157e-07,0.23417921938109487,0.0683300930688148,0.03416516871854347
2013-08-22 01:00:00,2.1605572132048858e-07,0.21870159846938633,0.06938322339504337,0.03469171972538234
2013-08-22 02:00:00,2.1948141808460643e-07,0.2150261200699749,0.07112115250739952,0.0355606859944088
2013-08-22 03:00:00,2.103599361775603e-07,0.20216043453618202,0.07954619511722799,0.039773202738582085
2013-08-22 04:00:00,2.1441430160544857e-07,0.20023061970785366,0.07229536155853439,0.036147787986418
2013-08-22 05:00:00,6.845399551098612e-08,0.0893887301528988,0.06596307684439764,0.03298157264919658
2013-08-22 06:00:00,3.0043604887552397e-08,0.03683281935773531,0.05785166214740418,0.028925846095504533
2013-08-22 07:00:00,9.667944278252081e-09,1.682251586553967e-07,0.05851802560921489,0.029259017638579583
2013-08-22 08:00:00,6.14692758825253e-09,5.792142128444095e-08,0.05801376406418538,0.029006885105556483
2013-08-22 09:00:00,5.6045627552447486e-09,5.259264923571061e-08,0.05475531396585294,0.02737765978520785
2013-08-22 10:00:00,5.653207651220832e-09,5.3024745876254156e-08,0.059215325404203115,0.029607665528705383
2013-08-22 11:00:00,5.9710142368365295e-09,5.596992471766875e-08,0.055943545099060764,0.0279717755350375
2013-08-22 12:00:00,6.8137217417584386e-09,6.372772045208343e-08,0.056917813449461736,0.028458910131591738
2013-08-22 13:00:00,8.51456030966661e-09,8.390914567166294e-08,0.05985603966195091,0.02992802408825561
2013-08-22 14:00:00,1.6165696971375266e-08,1.541579239184976e-07,0.059857829675113744,0.029928922920405356
2013-08-22 15:00:00,6.49636878609423e-08,0.07355543059654314,0.060558791113939185,0.030279428038813522
2013-08-22 16:00:00,2.474506620497472e-07,0.22067818056654956,0.0568312479640321,0.028415747707347075
2013-08-22 17:00:00,8.805209161740086e-07,0.3450411734773037,0.05819713886778581,0.029099009694350992
2013-08-22 18:00:00,0.1305249332053047,0.3096317344227018,0.049941763000776636,0.09023334810304066
2013-08-22 19:00:00,0.12927531476359405,0.2905810481548959,0.05680980771571115,0.0930425612396526
2013-08-22 20:00:00,0.1193581045571246,0.28257287677547643,0.07250114536898451,0.09592962496305456
2013-08-22 21:00:00,6.447812664547447e-07,0.28220993478963563,0.07987449627787983,0.03993757052957314
2013-08-22 22:00:00,4.003761788985593e-07,0.2515496383170705,0.0809676569835575,0.0404840286798682
2013-08-22 23:00:00,3.0120085220126206e-07,0.224810107187935,0.0742805434860852,0.037140422343468704
2013-08-23 00:00:00,2.266777496974419e-07,0.19050588598228618,0.0683300930688148,0.034165159873282246
2013-08-23 01:00:00,1.8791669673333813e-07,0.16217073910959579,0.06938322339504337,0.03469170565587005
2013-08-23 02:00:00,1.7600354259930545e-07,0.1468812436559683,0.07112115250739952,0.03556066425547106
2013-08-23 03:00:00,1.523045548338627e-07,0.13328506696812717,0.07954619511722799,0.03977317371089141
2013-08-23 04:00:00,1.2163103726849066e-07,0.11890458010003493,0.07229536155853439,0.03614774159478583
2013-08-23 05:00:00,4.8424659157467686e-08,0.06884228288675331,0.06596307684439764,0.0329815626345284
2013-08-23 06:00:00,2.340834750918475e-08,0.031563274652635066,0.05785166214740418,0.028925842777875844
2013-08-23 07:00:00,8.835565563502498e-09,2.12379605430727e-07,0.05851802560921489,0.029259017222390226
2013-08-23 08:00:00,5.696055072316061e-09,5.497892421120174e-08,0.05801376406418538,0.029006884880120227
2013-08-23 09:00:00,5.499971156317933e-09,5.2866774881430406e-08,0.05475531396585294,0.02737765973291205
2013-08-23 10:00:00,5.462541681969826e-09,5.28070937458856e-08,0.059215325404203115,0.0296076654333724
2013-08-23 11:00:00,5.610907511435226e-09,5.4477163788834334e-08,0.055943545099060764,0.027971775354984137
2013-08-23 12:00:00,6.595008876178479e-09,6.209528136289221e-08,0.056917813449461736,0.028458910022235308
2013-08-23 13:00:00,8.505782400991843e-09,7.992095680364766e-08,0.05985603966195091,0.029928024083866654
2013-08-23 14:00:00,1.632872279326578e-08,1.574010820032387e-07,0.059857829675113744,0.029928923001918267
2013-08-23 15:00:00,6.554279847518612e-08,0.07517299217441246,0.060558791113939185,0.03027942832836883
2013-08-23 16:00:00,2.5876224842281473e-07,0.22794635875038746,0.0568312479640321,0.02841575336314026
2013-08-23 17:00:00,0.14300879763798857,0.3588136729899804,0.05819713886778581,0.1006029682528872
2013-08-23 18:00:00,0.12527292192081071,0.30732274808911886,0.049941763000776636,0.08760734246079367
2013-08-23 19:00:00,4.6492063889225137e-07,0.2481338744162969,0.05680980771571115,0.02840513631817502
2013-08-23 20:00:00,2.2466001026287777e-07,0.18628443212652418,0.07250114536898451,0.03625068501449739
2013-08-23 21:00:00,1.44968713840602e-07,0.14946966360778605,0.07987449627787983,0.039937320623296836
2013-08-23 22:00:00,9.516419920749507e-08,0.11190516513761503,0.0809676569835575,0.04048387607387835
2013-08-23 23:00:00,9.647118745034033e-08,0.11497021548427862,0.0742805434860852,0.03714031997863633
2013-08-24 00:00:00,9.71933107711138e-08,0.1164381470972912,0.0683300930688148,0.034165095131062785
2013-08-24 01:00:00,8.901666697332908e-08,0.11810354381998471,0.06938322339504337,0.03469165620585517
2013-08-24 02:00:00,9.653091540122281e-08,0.12626633232541024,0.07112115250739952,0.03556062451915746
2013-08-24 03:00:00,1.1618111410506322e-07,0.13377539451456014,0.07954619511722799,0.03977315564917105
2013-08-24 04:00:00,1.2335149833663309e-07,0.14018029381348085,0.07229536155853439,0.03614774245501636
2013-08-24 05:00:00,5.050107928381592e-08,0.08296031188319114,0.06596307684439764,0.03298156367273847
2013-08-24 06:00:00,2.112802192116786e-08,0.03857792197117238,0.05785166214740418,0.02892584163771305
2013-08-24 07:00:00,7.91697382985715e-09,7.873867805109913e-08,0.05851802560921489,0.029259016763094357
2013-08-24 08:00:00,6.988117233083307e-09,6.570713239601759e-08,0.05801376406418538,0.029006885526151306
2013-08-24 09:00:00,6.759016506052271e-09,6.543044551803002e-08,0.05475531396585294,0.027377660362434723
2013-08-24 10:00:00,7.144171755509821e-09,6.681443423300993e-08,0.059215325404203115,0.029607666274187434
2013-08-24 11:00:00,7.68379564260094e-09,7.202312912081877e-08,0.055943545099060764,0.027971776391428203
2013-08-24 12:00:00,8.917316050639499e-09,8.412297648549377e-08,0.056917813449461736,0.028458911183388894
2013-08-24 13:00:00,1.0950267258792877e-08,1.0333956569333098e-07,0.05985603966195091,0.029928025306109083
2013-08-24 14:00:00,1.5457942951142465e-08,1.8794517712690649e-07,0.059857829675113744,0.02992892256652835
2013-08-24 15:00:00,7.445224875665211e-08,0.0967552613201518,0.060558791113939185,0.03027943278309397
2013-08-24 16:00:00,3.806360871939002e-07,0.29106020102414454,0.0568312479640321,0.028415814300059645
2013-08-24 17:00:00,0.2696328366493374,0.464222388775728,0.05819713886778581,0.16391498775856161
2013-08-24 18:00:00,0.3290569373698148,0.40269051715268994,0.049941763000776636,0.1894993501852957
2013-08-24 19:00:00,0.3264338174339618,0.3743999150291683,0.05680980771571115,0.1916218125748365
2013-08-24 20:00:00,0.3270268232012401,0.38047042917020524,0.07250114536898451,0.1997639842851123
2013-08-24 21:00:00,0.3280010307891608,0.3908415660539699,0.07987449627787983,0.20393776353352033
2013-08-24 22:00:00,0.3321044869301417,0.4406769651938937,0.0809676569835575,0.20653607195684962
2013-08-24 23:00:00,0.33134263070347125,0.4305903392165612,0.0742805434860852,0.20281158709477823
2013-08-25 00:00:00,0.33184092619090877,0.4371252006719583,0.0683300930688148,0.20008550962986177
2013-08-25 01:00:00,0.33251643143224097,0.44625018882711537,0.06938322339504337,0.20094982741364217
2013-08-25 02:00:00,0.33252616117183426,0.4464043009871306,0.07112115250739952,0.2018236568396169
2013-08-25 03:00:00,0.3320876760229584,0.4404314496916699,0.07954619511722799,0.2058169355700932
2013-08-25 04:00:00,0.15912449510865068,0.3845373119802769,0.07229536155853439,0.11570992833359253
2013-08-25 05:00:00,1.3102967098764086e-07,0.15854823290464415,0.06596307684439764,0.032981603937034316
2013-08-25 06:00:00,2.6161035930979444e-08,0.05627350977331714,0.05785166214740418,0.028925844154220053
2013-08-25 07:00:00,9.897902802660465e-09,1.092151849287584e-07,0.05851802560921489,0.029259017753558846
2013-08-25 08:00:00,8.755252451050435e-09,7.99626655685249e-08,0.05801376406418538,0.029006886409718918
2013-08-25 09:00:00,8.613824313432763e-09,7.82134195724926e-08,0.05475531396585294,0.027377661289838626
2013-08-25 10:00:00,8.425111844553295e-09,7.689004360842989e-08,0.059215325404203115,0.02960766691465748
2013-08-25 11:00:00,8.706792097990626e-09,8.064218143165065e-08,0.055943545099060764,0.027971776902926432
2013-08-25 12:00:00,9.392568270618228e-09,8.814944455876449e-08,0.056917813449461736,0.028458911421015004
2013-08-25 13:00:00,1.0691904998703302e-08,1.002146945213162e-07,0.05985603966195091,0.029928025176927955
2013-08-25 14:00:00,1.3386452860621389e-08,1.6525226356174048e-07,0.059857829675113744,0.029928921530783303
2013-08-25 15:00:00,4.938448831669888e-08,0.07424127177529331,0.060558791113939185,0.03027942024921375
2013-08-25 16:00:00,2.194728481659901e-07,0.2174273505921212,0.0568312479640321,0.028415733718440132
2013-08-25 17:00:00,5.322680745899189e-07,0.3269518444299879,0.05819713886778581,0.0290988355679302
2013-08-25 18:00:00,5.447713661434599e-07,0.30059166423215666,0.049941763000776636,0.02497115388607139
2013-08-25 19:00:00,7.017717567745855e-07,0.2970089850729465,0.05680980771571115,0.02840525474373396
2013-08-25 20:00:00,0.1282078582280877,0.2982288072230444,0.07250114536898451,0.10035450179853611
2013-08-25 21:00:00,0.13911653325864973,0.3027765874012826,0.07987449627787983,0.10949551476826477
2013-08-25 22:00:00,0.13610940097264998,0.31078646501411755,0.0809676569835575,0.10853852897810373
2013-08-25 23:00:00,0.14710734016896196,0.3163840981496115,0.0742805434860852,0.11069394182752358
2013-08-26 00:00:00,0.19368442074803405,0.339122661600586,0.0683300930688148,0.1310072569084244
2013-08-26 01:00:00,0.2750673577125503,0.365813424149531,0.06938322339504337,0.17222529055379684
2013-08-26 02:00:00,0.2950434811292994,0.3945570323337963,0.07112115250739952,0.18308231681834947
2013-08-26 03:00:00,0.24338926497481472,0.38513671006228484,0.07954619511722799,0.16146773004602136
2013-08-26 04:00:00,0.2567695980084465,0.40553006268591896,0.07229536155853439,0.16453247978349045
2013-08-26 05:00:00,1.2437549509220514e-07,0.13740245586427693,0.06596307684439764,0.03298160060994637
2013-08-26 06:00:00,4.466597599502556e-08,0.054152530995994826,0.05785166214740418,0.028925853406690086
2013-08-26 07:00:00,1.695194110795304e-08,0.03667503763904026,0.05851802560921489,0.029259021280577998
2013-08-26 08:00:00,7.942272534565519e-09,7.67135531948314e-08,0.05801376406418538,0.029006886003228958
2013-08-26 09:00:00,6.95536593069289e-09,6.353148991271576e-08,0.05475531396585294,0.027377660460609434
2013-08-26 10:00:00,6.912707340953708e-09,6.317236402455681e-08,0.059215325404203115,0.02960766615845523
2013-08-26 11:00:00,7.367007882160642e-09,6.741640022350363e-08,0.055943545099060764,0.02797177623303432
2013-08-26 12:00:00,8.567877651255484e-09,7.853762081508621e-08,0.056917813449461736,0.028458911008669693
2013-08-26 13:00:00,1.0848981947084294e-08,1.1716623169728355e-07,0.05985603966195091,0.02992802525546643
2013-08-26 14:00:00,3.206487673684215e-08,0.05703437154516506,0.059857829675113744,0.029928930869995242
2013-08-26 15:00:00,9.083585243861109e-08,0.12347066265400708,0.060558791113939185,0.03027944097489581
2013-08-26 16:00:00,2.5119962665341307e-07,0.23190713492592407,0.0568312479640321,0.028415749581829377
2013-08-26 17:00:00,4.3053764366747627e-07,0.2840837733377555,0.05819713886778581,0.02909878470271474
2013-08-26 18:00:00,4.0967462263473893e-07,0.2433225749917926,0.049941763000776636,0.024971086337699636
2013-08-26 19:00:00,5.095828679722211e-07,0.23994781612792945,0.05680980771571115,0.02840515864928956
2013-08-26 20:00:00,0.10897660557009779,0.25094030150236696,0.07250114536898451,0.09073887546954115
2013-08-26 21:00:00,0.16639502119577984,0.2766643106306545,0.07987449627787983,0.12313475873682983
2013-08-26 22:00:00,0.2399206412584144,0.25603717287707023,0.0809676569835575,0.16044414912098595
2013-08-26 23:00:00,0.07782439835791652,0.2571532277913052,0.0742805434860852,0.07605247092200086
2013-08-27 00:00:00,0.07900322716287651,0.2593266121888982,0.0683300930688148,0.07366666011584566
2013-08-27 01:00:00,0.08521920893296785,0.27427368060155044,0.06938322339504337,0.0773012161640056
2013-08-27 02:00:00,0.09282828257878277,0.2917952921818518,0.07112115250739952,0.08197471754309114
2013-08-27 03:00:00,0.28262050797856325,0.30902454053161965,0.07954619511722799,0.18108335154789562
2013-08-27 04:00:00,0.32385747778263657,0.34989857840607985,0.07229536155853439,0.19807641967058548
2013-08-27 05:00:00,1.7341858254524312e-07,0.15422995085180585,0.06596307684439764,0.0329816251314901
2013-08-27 06:00:00,5.8427528246788536e-08,0.0848276598917446,0.05785166214740418,0.02892586028746621
2013-08-27 07:00:00,2.8217254802939557e-08,0.04120137857677279,0.05851802560921489,0.029259026913234846
2013-08-27 08:00:00,1.3140496460176928e-08,1.3294370702998933e-07,0.05801376406418538,0.02900688860234092
2013-08-27 09:00:00,1.2227645886262421e-08,1.2809847584348794e-07,0.05475531396585294,0.027377663096749414
2013-08-27 10:00:00,1.2120538366194577e-08,1.1105822218123481e-07,0.059215325404203115,0.02960766876237074
2013-08-27 11:00:00,1.3186298935645136e-08,1.421333213976438e-07,0.055943545099060764,0.02797177914267985
2013-08-27 12:00:00,1.5946898359365558e-08,1.6845934747290824e-07,0.056917813449461736,0.028458914698180047
2013-08-27 13:00:00,2.994763610904879e-08,0.052672401053642334,0.05985603966195091,0.02992803480479351
2013-08-27 14:00:00,5.028426629587718e-08,0.07315028696767598,0.059857829675113744,0.029928939979690018
2013-08-27 15:00:00,1.1898767964786916e-07,0.1360261770101087,0.060558791113939185,0.030279455050809416
2013-08-27 16:00:00,2.0870868879506234e-07,0.20123160321901198,0.0568312479640321,0.028415728336360448
2013-08-27 17:00:00,2.553109730590523e-07,0.22191094417183266,0.05819713886778581,0.029098697089379434
2013-08-27 18:00:00,2.1895607436600222e-07,0.19372468909664212,0.049941763000776636,0.024970990978425502
2013-08-27 19:00:00,2.1682235135679644e-07,0.18150966367332894,0.05680980771571115,0.028405012269031252
2013-08-27 20:00:00,1.9049506515606623e-07,0.16184205568628215,0.07250114536898451,0.03625066793202483
2013-08-27 21:00:00,1.5567084255117e-07,0.14498140656797603,0.07987449627787983,0.03993732597436119
2013-08-27 22:00:00,1.4909584147707244e-07,0.13854331758337657,0.0809676569835575,0.04048390303969949
2013-08-27 23:00:00,1.1939275507569645e-07,0.12527375170609711,0.0742805434860852,0.03714033143942014
2013-08-28 00:00:00,1.1639992943836277e-07,0.12752024926869487,0.0683300930688148,0.03416510473437212
2013-08-28 01:00:00,1.2040013250275383e-07,0.13664680757197423,0.06938322339504337,0.034691671897587935
2013-08-28 02:00:00,1.5384159884384964e-07,0.15149979600596072,0.07112115250739952,0.035560653174499184
2013-08-28 03:00:00,1.8354342019114114e-07,0.16412130878491388,0.07954619511722799,0.03977318933032409
2013-08-28 04:00:00,1.8931452377656175e-07,0.1615719324191177,0.07229536155853439,0.036147775436529084
2013-08-28 05:00:00,1.0965914647501171e-07,0.11703994317771894,0.06596307684439764,0.03298159325177206
2013-08-28 06:00:00,6.597106555244616e-08,0.08683214753353367,0.05785166214740418,0.028925864059234866
2013-08-28 07:00:00,3.565444336929885e-08,0.05093534893850757,0.05851802560921489,0.02925903063182913
2013-08-28 08:00:00,1.8809929080642237e-08,1.8318433794483586e-07,0.05801376406418538,0.02900689143705723
2013-08-28 09:00:00,1.3555221587026546e-08,1.7384875589790855e-07,0.05475531396585294,0.02737766376053726
2013-08-28 10:00:00,1.512351842546267e-08,1.5684228065440768e-07,0.059215325404203115,0.02960767026386077
2013-08-28 11:00:00,1.4967295523824473e-08,1.5135535430713765e-07,0.055943545099060764,0.027971780033178142
2013-08-28 12:00:00,1.6679201781772415e-08,1.862905429664692e-07,0.056917813449461736,0.02845891506433176
2013-08-28 13:00:00,2.926131664230118e-08,0.05101790875286182,0.05985603966195091,0.029928034461633776
2013-08-28 14:00:00,4.178967133050343e-08,0.06086945191456532,0.059857829675113744,0.029928935732392536
2013-08-28 15:00:00,7.997574815412974e-08,0.10691045245073878,0.060558791113939185,0.03027943554484367
2013-08-28 16:00:00,1.714982531733608e-07,0.17422936335485034,0.0568312479640321,0.028415709731142637
2013-08-28 17:00:00,3.438893074091233e-07,0.2427869913969278,0.05819713886778581,0.02909874137854661
2013-08-28 18:00:00,4.923833003458904e-07,0.2632377803061421,0.049941763000776636,0.02497112769203849
2013-08-28 19:00:00,5.687155765509262e-07,0.28367147594119796,0.05680980771571115,0.028405188215643848
2013-08-28 20:00:00,5.610715691672198e-07,0.2990027187785014,0.07250114536898451,0.03625085322027684
2013-08-28 21:00:00,5.592473791125781e-07,0.3198592020885178,0.07987449627787983,0.039937527762629474
2013-08-28 22:00:00,9.218863873920805e-07,0.38984850210730154,0.0809676569835575,0.04048428943497245
2013-08-28 23:00:00,0.16540228121738812,0.43499105596167553,0.0742805434860852,0.11984141235173666
2013-08-29 00:00:00,0.27068351420324005,0.4807628854412666,0.0683300930688148,0.16950680363602744
2013-08-29 01:00:00,0.33458356195750083,0.47662875691340256,0.06938322339504337,0.2019833926762721
2013-08-29 02:00:00,0.2681591568881165,0.43135637025448387,0.07112115250739952,0.169640154697758
2013-08-29 03:00:00,0.22731685684149966,0.3730583728792939,0.07954619511722799,0.15343152597936383
2013-08-29 04:00:00,0.2062570293475164,0.3348200768889209,0.07229536155853439,0.1392761954530254
2013-08-29 05:00:00,1.4716982459885553e-07,0.13563105431405906,0.06596307684439764,0.032981612007111125
2013-08-29 06:00:00,5.563917126987562e-08,0.0564911678694545,0.05785166214740418,0.028925858893287724
2013-08-29 07:00:00,1.6313397062489008e-08,1.4039907882409395e-07,0.05851802560921489,0.029259020961305976
2013-08-29 08:00:00,9.414711015696433e-09,8.579359231727562e-08,0.05801376406418538,0.0290068867394482
2013-08-29 09:00:00,8.35023190639811e-09,7.28620052867089e-08,0.05475531396585294,0.027377661158042424
2013-08-29 10:00:00,8.40667333835208e-09,7.302435522691758e-08,0.059215325404203115,0.029607666905438226
2013-08-29 11:00:00,9.032502874481133e-09,7.712077543767467e-08,0.055943545099060764,0.02797177706578182
2013-08-29 12:00:00,1.0775356935404584e-08,8.980948526573653e-08,0.056917813449461736,0.028458912112409335
2013-08-29 13:00:00,1.292958330422561e-08,1.0508966796937422e-07,0.05985603966195091,0.02992802629576711
2013-08-29 14:00:00,2.2407257370071857e-08,1.7222871952986587e-07,0.059857829675113744,0.029928926041185556
2013-08-29 15:00:00,8.902085252144839e-08,0.0753464897450205,0.060558791113939185,0.030279440067395854
2013-08-29 16:00:00,0.09361362384135215,0.2037429107810772,0.0568312479640321,0.07522243590269212
2013-08-29 17:00:00,0.2200925979438376,0.2385910453973722,0.05819713886778581,0.1391448684058117
2013-08-29 18:00:00,0.19558309376358404,0.22507675664482976,0.049941763000776636,0.12276242838218034
2013-08-29 19:00:00,0.1794732888699746,0.21088529052309207,0.05680980771571115,0.11814154829284287
2013-08-29 20:00:00,0.11658735603380525,0.19246606337927866,0.07250114536898451,0.09454425070139488
2013-08-29 21:00:00,0.0948627441445259,0.1763991473035834,0.07987449627787983,0.08736862021120287
2013-08-29 22:00:00,2.851320830308773e-07,0.14852924560511283,0.0809676569835575,0.04048397105782026
2013-08-29 23:00:00,1.409149642448006e-07,0.11998172680087305,0.0742805434860852,0.03714034220052472
2013-08-30 00:00:00,7.86241026642083e-08,0.09583523581171567,0.0683300930688148,0.03416508584645873
2013-08-30 01:00:00,7.317483009271959e-08,0.09446808602717092,0.06938322339504337,0.03469164828493673
2013-08-30 02:00:00,7.541998751346687e-08,0.09871887226277391,0.07112115250739952,0.03556061396369352
2013-08-30 03:00:00,8.666226608518341e-08,0.10978587327189648,0.07954619511722799,0.03977314088974704
2013-08-30 04:00:00,9.575331005787409e-08,0.11230563292619761,0.07229536155853439,0.03614772865592222
2013-08-30 05:00:00,5.800752459687265e-08,0.07973677815692792,0.06596307684439764,0.032981567425961124
2013-08-30 06:00:00,3.0649060635599685e-08,0.03839947130628892,0.05785166214740418,0.028925846398232407
2013-08-30 07:00:00,8.751119764114616e-09,1.0488646780620656e-07,0.05851802560921489,0.029259017180167327
2013-08-30 08:00:00,7.506523675764588e-09,6.874909430229621e-08,0.05801376406418538,0.029006885785354528
2013-08-30 09:00:00,6.8272252538515965e-09,6.317717696543771e-08,0.05475531396585294,0.027377660396539095
2013-08-30 10:00:00,6.3277724629879416e-09,5.8979690574554455e-08,0.059215325404203115,0.02960766586598779
2013-08-30 11:00:00,6.186662023975514e-09,5.7779555191027905e-08,0.055943545099060764,0.027971775642861393
2013-08-30 12:00:00,6.558069681680763e-09,6.132966401587878e-08,0.056917813449461736,0.02845891000376571
2013-08-30 13:00:00,7.606316740786377e-09,6.90923106849614e-08,0.05985603966195091,0.029928023634133827
2013-08-30 14:00:00,9.748748272907695e-09,1.2209540220841636e-07,0.059857829675113744,0.02992891971193101
2013-08-30 15:00:00,2.8890072172744947e-08,0.05071028331638305,0.060558791113939185,0.03027941000200568
2013-08-30 16:00:00,1.0754615487446054e-07,0.13125031491994163,0.0568312479640321,0.028415677755093488
2013-08-30 17:00:00,1.6811851523901873e-07,0.18033634018314806,0.05819713886778581,0.029098653493150526
2013-08-30 18:00:00,2.3369655301408428e-07,0.21397412696268356,0.049941763000776636,0.024970998348664824
2013-08-30 19:00:00,3.1233283981905256e-07,0.23974727762557674,0.05680980771571115,0.028405060024275484
2013-08-30 20:00:00,3.4795287933538217e-07,0.24180265962337405,0.07250114536898451,0.03625074666093192
2013-08-30 21:00:00,2.570224491351405e-07,0.2091647397047809,0.07987449627787983,0.03993737665016448
2013-08-30 22:00:00,1.6712211494434213e-07,0.1678209709543928,0.0809676569835575,0.04048391205283622
2013-08-30 23:00:00,1.3412771635786488e-07,0.15839382695312246,0.0742805434860852,0.037140338806900784
2013-08-31 00:00:00,1.1983189821542476e-07,0.15836836165146786,0.0683300930688148,0.0341651064503565
2013-08-31 01:00:00,1.1732095564227633e-07,0.1577587343923269,0.06938322339504337,0.034691670357999506
2013-08-31 02:00:00,1.125663001437059e-07,0.15309348552006524,0.07112115250739952,0.03556063253684983
2013-08-31 03:00:00,1.0783492500278662e-07,0.15003321466008407,0.07954619511722799,0.0397731514760765
2013-08-31 04:00:00,1.1770346570923354e-07,0.1591234889559233,0.07229536155853439,0.03614773963100005
2013-08-31 05:00:00,5.218269607187102e-08,0.08434748827727166,0.06596307684439764,0.032981564513546856
2013-08-31 06:00:00,1.4001367788018663e-08,0.03087228280454981,0.05785166214740418,0.028925838074385982
2013-08-31 07:00:00,6.108929780847582e-09,6.185784103473467e-08,0.05851802560921489,0.029259015859072333
2013-08-31 08:00:00,7.215299956975167e-09,6.350816925339203e-08,0.05801376406418538,0.029006885639742668
2013-08-31 09:00:00,7.335965913170289e-09,6.330801792828905e-08,0.05475531396585294,0.027377660650909425
2013-08-31 10:00:00,7.511870483093498e-09,6.611124746759948e-08,0.059215325404203115,0.029607666458036797
2013-08-31 11:00:00,7.667495852670662e-09,6.909991551805942e-08,0.055943545099060764,0.02797177638327831
2013-08-31 12:00:00,8.086827643021787e-09,7.469310765054303e-08,0.056917813449461736,0.02845891076814469
2013-08-31 13:00:00,9.306524021312671e-09,8.657838228942031e-08,0.05985603966195091,0.029928024484237467
2013-08-31 14:00:00,1.1986329878445549e-08,1.1803292489924059e-07,0.059857829675113744,0.029928920830721812
2013-08-31 15:00:00,3.8154988565077116e-08,0.0656132735811556,0.060558791113939185,0.030279414634463875
2013-08-31 16:00:00,2.0850823699279746e-07,0.2172194216637876,0.0568312479640321,0.028415728236134547
2013-08-31 17:00:00,6.821174115058077e-07,0.34819386366733807,0.05819713886778581,0.02909891049259866
2013-08-31 18:00:00,6.796344629290602e-07,0.33375436719697493,0.049941763000776636,0.024971221317619783
2013-08-31 19:00:00,4.995727290695377e-07,0.2951762621331703,0.05680980771571115,0.028405153644220107
2013-08-31 20:00:00,3.269041393434243e-07,0.24595121322531335,0.07250114536898451,0.03625073613656193
2013-08-31 21:00:00,2.437116360497277e-07,0.2119384184485612,0.07987449627787983,0.03993736999475794
2013-08-31 22:00:00,1.7054925164779146e-07,0.18027115257741508,0.0809676569835575,0.040483913766404575
2013-08-31 23:00:00,1.8056224012015334e-07,0.18889446942079,0.0742805434860852,0.03714036202416266
2013-09-01 00:00:00,1.9455927819441676e-07,0.19874830133119403,0.06851789250785625,0.03425904353356722
2013-09-01 01:00:00,2.0150038394890664e-07,0.20645781730349522,0.06826215536691849,0.03413117843365122
2013-09-01 02:00:00,2.3569884861819546e-07,0.22907996618125975,0.07504730053047332,0.03752376811466097
2013-09-01 03:00:00,3.467928613521793e-07,0.2782497627674921,0.07667692377064407,0.038338635281752714
2013-09-01 04:00:00,5.083411668707148e-07,0.32850285598545004,0.06873312677123106,0.03436681755619896
2013-09-01 05:00:00,8.357891185706105e-08,0.11399075996311897,0.061352292841289936,0.030676188210100895
2013-09-01 06:00:00,9.960656899346118e-09,1.2913888929513833e-07,0.05808240130670557,0.029041205633681233
2013-09-01 07:00:00,6.8726760790378634e-09,6.65309838709823e-08,0.05747353342245908,0.02873677014756758
2013-09-01 08:00:00,9.961474660847483e-09,8.349470037103424e-08,0.06153840437427814,0.0307692071678764
2013-09-01 09:00:00,1.014753013750492e-08,8.237150585649394e-08,0.05864341450655609,0.02932171232704311
2013-09-01 10:00:00,1.024174414881817e-08,8.434981657148308e-08,0.05892840586177338,0.029464208051758763
2013-09-01 11:00:00,1.0357230119272619e-08,8.739218762636594e-08,0.05810819834839224,0.02905410435281118
2013-09-01 12:00:00,1.0240111744468469e-08,9.065156629136013e-08,0.06347982890519263,0.03173991957265219
2013-09-01 13:00:00,1.013220631136347e-08,9.536755669631048e-08,0.06691384669576077,0.03345692841398354
2013-09-01 14:00:00,1.3031357172324761e-08,1.1996546913936295e-07,0.06197042379106603,0.0309852184112116
2013-09-01 15:00:00,3.1216088840863975e-08,2.9358639779477957e-07,0.0636619376837588,0.03183098444992382
2013-09-01 16:00:00,2.3944962790365897e-07,0.24028737131968023,0.058378695116213214,0.02918946728292056
2013-09-01 17:00:00,3.1981395433760324e-07,0.26546396855488263,0.05112494652249508,0.02556263316822471
2013-09-01 18:00:00,2.678983300508888e-07,0.23911677597666503,0.05400170697323955,0.027000987435784798
2013-09-01 19:00:00,2.3105855000551285e-07,0.21610255563627156,0.06237091591916507,0.03118557348885754
2013-09-01 20:00:00,2.2056504352851136e-07,0.20256365954755162,0.07645110091756532,0.03822566074130443
2013-09-01 21:00:00,2.0038470657507113e-07,0.1954390679898004,0.08484141256439891,0.04242080647455274
2013-09-01 22:00:00,2.041362328462793e-07,0.19442459090341252,0.07357845660193284,0.03678933036908284
2013-09-01 23:00:00,2.287735336474394e-07,0.20260525132265622,0.06378434456800723,0.03189228667077044
2013-09-02 00:00:00,2.3084892336909973e-07,0.2000107098901611,0.06851789250785625,0.03425906167838981
2013-09-02 01:00:00,2.4878758346947824e-07,0.20945958620688576,0.06826215536691849,0.034131202077250976
2013-09-02 02:00:00,2.4457783774065453e-07,0.2086660956514733,0.07504730053047332,0.03752377255415553
2013-09-02 03:00:00,2.573674322875937e-07,0.21586916935540967,0.07667692377064407,0.038338590569038176
2013-09-02 04:00:00,3.469508295733116e-07,0.2435776538352385,0.06873312677123106,0.03436673686103032
2013-09-02 05:00:00,9.385195812772365e-08,0.11524937844297015,0.061352292841289936,0.030676193346624032
2013-09-02 06:00:00,3.8584256844662816e-08,0.044407694802222085,0.05808240130670557,0.029041219945481207
2013-09-02 07:00:00,8.544759425132398e-09,1.0431660189885603e-07,0.05747353342245908,0.028736770983609255
2013-09-02 08:00:00,7.030818867989883e-09,6.336316287590088e-08,0.06153840437427814,0.030769205702548503
2013-09-02 09:00:00,6.94983515164766e-09,6.110464605527462e-08,0.05864341450655609,0.02932171072819562
2013-09-02 10:00:00,6.916521949011793e-09,6.106665364702349e-08,0.05892840586177338,0.029464206389147665
2013-09-02 11:00:00,6.917712832762684e-09,6.079363840360402e-08,0.05810819834839224,0.029054102633052536
2013-09-02 12:00:00,7.55584725043789e-09,6.589666699967704e-08,0.06347982890519263,0.03173991823051994
2013-09-02 13:00:00,9.524113388379535e-09,8.066817253708858e-08,0.06691384669576077,0.03345692810993708
2013-09-02 14:00:00,1.3161245890214523e-08,1.4051607693922359e-07,0.06197042379106603,0.03098521847615596
2013-09-02 15:00:00,7.123339418986879e-08,0.0673524714244511,0.0636619376837588,0.03183100445857649
2013-09-02 16:00:00,2.819514061877824e-07,0.18634742030275,0.058378695116213214,0.0291894885338097
2013-09-02 17:00:00,5.059324489112863e-07,0.22215466787613128,0.05112494652249508,0.025562726227471997
2013-09-02 18:00:00,0.11159077010090492,0.22509978272446726,0.05400170697323955,0.08279623853707223
2013-09-02 19:00:00,0.13441946532490937,0.21964987659518662,0.06237091591916507,0.09839519062203722
2013-09-02 20:00:00,0.1773060904489938,0.20904577254025944,0.07645110091756532,0.12687859568327955
2013-09-02 21:00:00,0.16529101496679263,0.1950018036687938,0.08484141256439891,0.12506621376559576
2013-09-02 22:00:00,0.07952737206855236,0.15908114716898636,0.07357845660193284,0.0765529143352426
2013-09-02 23:00:00,3.281515361790679e-07,0.14925152429288224,0.06378434456800723,0.031892336359771706
2013-09-03 00:00:00,1.9548157247018943e-07,0.1301589967205955,0.06851789250785625,0.03425904399471436
2013-09-03 01:00:00,1.7909685396675357e-07,0.1277222786646458,0.06826215536691849,0.03413116723188623
2013-09-03 02:00:00,2.4261063797184495e-07,0.13742111961650155,0.07504730053047332,0.03752377157055564
2013-09-03 03:00:00,2.4709640718364603e-07,0.13065799830731717,0.07667692377064407,0.03833858543352563
2013-09-03 04:00:00,2.469421933917461e-07,0.1194542650978501,0.06873312677123106,0.03436668685671222
2013-09-03 05:00:00,7.77180784630995e-08,0.07450333115770921,0.061352292841289936,0.0306761852796842
2013-09-03 06:00:00,3.1903394098013264e-08,0.03483997036195247,0.05808240130670557,0.029041216605049835
2013-09-03 07:00:00,1.1523634631801697e-08,2.202734336164346e-07,0.05747353342245908,0.028736772473046856
2013-09-03 08:00:00,7.265141003684994e-09,6.710231298956828e-08,0.06153840437427814,0.030769205819709572
2013-09-03 09:00:00,6.8703650198827685e-09,5.483570088028032e-08,0.05864341450655609,0.029321710688460553
2013-09-03 10:00:00,7.305277161521506e-09,5.71342374173736e-08,0.05892840586177338,0.02946420658352527
2013-09-03 11:00:00,7.5647961288578e-09,5.635717726185774e-08,0.05810819834839224,0.029054102956594184
2013-09-03 12:00:00,8.173879405476806e-09,5.977812899089064e-08,0.06347982890519263,0.03173991853953602
2013-09-03 13:00:00,9.803923811355124e-09,8.426037439850311e-08,0.06691384669576077,0.03345692824984229
2013-09-03 14:00:00,1.6468831466291418e-08,1.0351199368363646e-07,0.06197042379106603,0.030985220129948747
2013-09-03 15:00:00,5.0344274566888624e-08,0.05416507763837571,0.0636619376837588,0.031830994014016685
2013-09-03 16:00:00,8.57568812685844e-08,0.0687812613800811,0.058378695116213214,0.029189390436547242
2013-09-03 17:00:00,1.0339893350204026e-07,0.07486777612533564,0.05112494652249508,0.02556252496071429
2013-09-03 18:00:00,1.2614284413376202e-07,0.07996536625889852,0.05400170697323955,0.02700091655804184
2013-09-03 19:00:00,1.0912798121895539e-07,0.0777000757561189,0.06237091591916507,0.031185512523573145
2013-09-03 20:00:00,9.704791791235388e-08,0.07578630208916219,0.07645110091756532,0.03822559898274162
2013-09-03 21:00:00,8.023131458214653e-08,0.07403039494865203,0.08484141256439891,0.04242074639785674
2013-09-03 22:00:00,7.840149942554044e-08,0.07648706081034992,0.07357845660193284,0.036789267501716134
2013-09-03 23:00:00,7.23373396859878e-08,0.08000045811539214,0.06378434456800723,0.03189220845267346
2013-09-04 00:00:00,7.573957422038984e-08,0.08067749116484146,0.06851789250785625,0.03425898412371524
2013-09-04 01:00:00,7.235410271518659e-08,0.07742173391735746,0.06826215536691849,0.0341311138605106
2013-09-04 02:00:00,6.888898395568675e-08,0.0744996878709723,0.07504730053047332,0.03752368470972864
2013-09-04 03:00:00,6.850044228071676e-08,0.07329186998314481,0.07667692377064407,0.038338496135543174
2013-09-04 04:00:00,7.577388723489227e-08,0.07266775600451271,0.06873312677123106,0.034366601272559145
2013-09-04 05:00:00,4.0002062150750606e-08,0.053398428165900055,0.061352292841289936,0.030676166421676043
2013-09-04 06:00:00,1.7305878661117342e-08,0.02359433280018401,0.05808240130670557,0.029041209306292115
2013-09-04 07:00:00,7.445729266042916e-09,7.60611021368178e-08,0.05747353342245908,0.028736770434094176
2013-09-04 08:00:00,4.8947511597676426e-09,4.080905331163797e-08,0.06153840437427814,0.03076920463451465
2013-09-04 09:00:00,5.113798726745939e-09,4.1603418972669254e-08,0.05864341450655609,0.029321709810177406
2013-09-04 10:00:00,5.078197813950947e-09,4.24346968619082e-08,0.05892840586177338,0.029464205469985596
2013-09-04 11:00:00,5.157145840551725e-09,4.2749572210374593e-08,0.05810819834839224,0.02905410175276904
2013-09-04 12:00:00,5.462809264632435e-09,4.4571885314394685e-08,0.06347982890519263,0.031739917184000946
2013-09-04 13:00:00,6.15625669140213e-09,4.9419710058020475e-08,0.06691384669576077,0.033456926426008726
2013-09-04 14:00:00,7.866042203251466e-09,8.439788636000288e-08,0.06197042379106603,0.030985215828554118
2013-09-04 15:00:00,2.7429547696554744e-08,0.03427884919569312,0.0636619376837588,0.03183098255665325
2013-09-04 16:00:00,7.509502097277641e-08,0.07825313546313904,0.058378695116213214,0.029189385105617093
2013-09-04 17:00:00,8.373248227029392e-08,0.0868845903700639,0.05112494652249508,0.025562515127488673
2013-09-04 18:00:00,8.365530931006859e-08,0.08826002410788289,0.05400170697323955,0.02700089531427443
2013-09-04 19:00:00,8.373990006404198e-08,0.09010933220560059,0.06237091591916507,0.031185499829532566
2013-09-04 20:00:00,8.39676504092675e-08,0.09252708986913308,0.07645110091756532,0.03822559244260787
2013-09-04 21:00:00,8.40721401940541e-08,0.09449500531999142,0.08484141256439891,0.04242074831826955
2013-09-04 22:00:00,7.68009946527538e-08,0.09392907162722243,0.07357845660193284,0.03678926670146374
2013-09-04 23:00:00,7.634334843804297e-08,0.09580583055046932,0.06378434456800723,0.03189221045567783
2013-09-05 00:00:00,7.63108985676223e-08,0.09801787727684264,0.06851789250785625,0.03425898440937741
2013-09-05 01:00:00,7.843543765781995e-08,0.10289432807501682,0.06826215536691849,0.03413111690117807
2013-09-05 02:00:00,8.147809476902973e-08,0.10791360179568206,0.07504730053047332,0.03752369100428404
2013-09-05 03:00:00,8.561753643039018e-08,0.11440871855537442,0.07667692377064407,0.03833850469409025
2013-09-05 04:00:00,9.773794239880115e-08,0.11889976502376325,0.06873312677123106,0.034366612254586724
2013-09-05 05:00:00,4.826277001041048e-08,0.07279947049276904,0.061352292841289936,0.030676170552029973
2013-09-05 06:00:00,1.813725588630065e-08,0.02901582995179144,0.05808240130670557,0.029041209721980727
2013-09-05 07:00:00,5.900896995942444e-09,7.117062873556837e-08,0.05747353342245908,0.028736769661678038
2013-09-05 08:00:00,5.249771621810022e-09,4.9190711275357935e-08,0.06153840437427814,0.030769204812024883
2013-09-05 09:00:00,5.260472847877389e-09,4.8522118765382347e-08,0.05864341450655609,0.029321709883514468
2013-09-05 10:00:00,5.207151210566411e-09,4.891755565752179e-08,0.05892840586177338,0.029464205534462294
2013-09-05 11:00:00,5.1897695546663415e-09,4.892405750670707e-08,0.05810819834839224,0.029054101769080895
2013-09-05 12:00:00,5.463693744142784e-09,5.1795412884285066e-08,0.06347982890519263,0.03173991718444319
2013-09-05 13:00:00,6.352967144410643e-09,6.041370834232107e-08,0.06691384669576077,0.03345692652436395
2013-09-05 14:00:00,8.54767721401978e-09,1.0917676669275236e-07,0.06197042379106603,0.03098521616937162
2013-09-05 15:00:00,4.509137609545929e-08,0.07429018860817194,0.0636619376837588,0.031830991387567446
2013-09-05 16:00:00,1.583579353182982e-07,0.1684411914777238,0.058378695116213214,0.029189426737074267
2013-09-05 17:00:00,2.670310394209913e-07,0.2162137871517903,0.05112494652249508,0.02556260677676725
2013-09-05 18:00:00,3.2402650654651376e-07,0.22555341424738337,0.05400170697323955,0.02700101549987305
2013-09-05 19:00:00,3.1053906928730774e-07,0.2175573217525707,0.06237091591916507,0.031185613229117178
2013-09-05 20:00:00,3.1292034447637e-07,0.2157331849568048,0.07645110091756532,0.038225706918954896
2013-09-05 21:00:00,3.192582620555403e-07,0.21773223557409696,0.08484141256439891,0.04242086591133048
2013-09-05 22:00:00,2.9869264402022486e-07,0.20373310091087174,0.07357845660193284,0.03678937764728843
2013-09-05 23:00:00,3.3525774325760873e-07,0.21295842841854815,0.06378434456800723,0.031892339912875246
2013-09-06 00:00:00,4.598813706739169e-07,0.2314981303092187,0.06851789250785625,0.034259176194613467
2013-09-06 01:00:00,6.17222505458772e-07,0.24702105751068476,0.06826215536691849,0.03413138629471197
2013-09-06 02:00:00,6.205789742314738e-07,0.25267224019330425,0.07504730053047332,0.037523960554723776
2013-09-06 03:00:00,6.123498267718008e-07,0.2600879965400937,0.07667692377064407,0.03833876806023542
2013-09-06 04:00:00,5.120849487479779e-07,0.2530743993433565,0.06873312677123106,0.034366819428089904
2013-09-06 05:00:00,8.828875933521197e-08,0.1029046335480249,0.061352292841289936,0.030676190565024637
2013-09-06 06:00:00,2.2145230356805785e-08,0.034138569067311754,0.05808240130670557,0.029041211725967964
2013-09-06 07:00:00,6.57067268687468e-09,7.310281791590495e-08,0.05747353342245908,0.028736769996565884
2013-09-06 08:00:00,5.515717610967082e-09,5.2420745010093316e-08,0.06153840437427814,0.030769204944997876
2013-09-06 09:00:00,5.240268448122709e-09,4.8962278908143484e-08,0.05864341450655609,0.029321709873412267
2013-09-06 10:00:00,5.181900512795693e-09,4.8538493947448004e-08,0.05892840586177338,0.029464205521836945
2013-09-06 11:00:00,5.340749350714419e-09,5.017069296140186e-08,0.05810819834839224,0.029054101844570794
2013-09-06 12:00:00,5.9936946931197855e-09,5.601803143251416e-08,0.06347982890519263,0.03173991744944366
2013-09-06 13:00:00,7.312079698002918e-09,6.967706015896282e-08,0.06691384669576077,0.03345692700392023
2013-09-06 14:00:00,1.413941052267303e-08,1.2119272874329697e-07,0.06197042379106603,0.030985218965238277
2013-09-06 15:00:00,7.291231410531589e-08,0.09623127386574278,0.0636619376837588,0.03183100529803645
2013-09-06 16:00:00,5.274601508651113e-07,0.2864836742841553,0.058378695116213214,0.029189611288182038
2013-09-06 17:00:00,0.19481214929217866,0.3661174149490543,0.05112494652249508,0.12296854790733687
2013-09-06 18:00:00,0.18991804618203695,0.3546079629133349,0.05400170697323955,0.12195987657763825
2013-09-06 19:00:00,0.18354839032711634,0.33668636378864913,0.06237091591916507,0.12295965312314071
2013-09-06 20:00:00,0.18154000412265955,0.3235510317770909,0.07645110091756532,0.12899555252011244
2013-09-06 21:00:00,0.1559376163201906,0.29980360940972123,0.08484141256439891,0.12038951444229476
2013-09-06 22:00:00,0.12366917944762776,0.2768919714364144,0.07357845660193284,0.09862381802478029
2013-09-06 23:00:00,5.146883155177872e-07,0.2516692641457042,0.06378434456800723,0.03189242962816138
2013-09-07 00:00:00,4.2258170607682876e-07,0.2374838523344545,0.06851789250785625,0.03425915754478116
2013-09-07 01:00:00,4.4355525504911047e-07,0.23797565075099428,0.06826215536691849,0.03413129946108677
2013-09-07 02:00:00,4.365446963430809e-07,0.2339439450088226,0.07504730053047332,0.03752386853758483
2013-09-07 03:00:00,3.997854097297084e-07,0.23071589103010845,0.07667692377064407,0.0383386617780269
2013-09-07 04:00:00,3.825328011444269e-07,0.2306006873640178,0.06873312677123106,0.0343667546520161
2013-09-07 05:00:00,7.731834973817378e-08,0.10050675229818422,0.061352292841289936,0.030676185079819836
2013-09-07 06:00:00,2.102670612458236e-08,0.0325653742941658,0.05808240130670557,0.029041211166705848
2013-09-07 07:00:00,6.267615433499089e-09,6.173079910250826e-08,0.05747353342245908,0.028736769845037258
2013-09-07 08:00:00,5.332000001564053e-09,5.104977169386389e-08,0.06153840437427814,0.03076920485313907
2013-09-07 09:00:00,7.977957053582816e-09,6.739993552821725e-08,0.05864341450655609,0.02932171124225657
2013-09-07 10:00:00,8.07328069523821e-09,6.804495387609659e-08,0.05892840586177338,0.029464206967527037
2013-09-07 11:00:00,8.366605534018163e-09,7.057635632465312e-08,0.05810819834839224,0.029054103357498886
2013-09-07 12:00:00,8.467558052900605e-09,7.341684766230887e-08,0.06347982890519263,0.031739918686375344
2013-09-07 13:00:00,8.423961730009252e-09,7.680434806823402e-08,0.06691384669576077,0.03345692755986125
2013-09-07 14:00:00,1.0702714398166177e-08,1.083368840747089e-07,0.06197042379106603,0.030985217246890212
2013-09-07 15:00:00,5.334473142589034e-08,0.07551708442218007,0.0636619376837588,0.03183099551424511
2013-09-07 16:00:00,5.557262870204012e-07,0.3098897173550679,0.058378695116213214,0.02918962542125012
2013-09-07 17:00:00,0.1636612407778297,0.3740508879658078,0.05112494652249508,0.10739309365016239
2013-09-07 18:00:00,0.15172501494871657,0.3486847393112498,0.05400170697323955,0.10286336096097806
2013-09-07 19:00:00,0.1271629089700843,0.3130818832746703,0.06237091591916507,0.09476691244462469
2013-09-07 20:00:00,7.292030784832655e-07,0.2912545856838488,0.07645110091756532,0.038225915060321906
2013-09-07 21:00:00,6.709253756541675e-07,0.2786228482584368,0.08484141256439891,0.04242104174488728
2013-09-07 22:00:00,4.810636088980848e-07,0.2470252017896061,0.07357845660193284,0.036789468832770865
2013-09-07 23:00:00,3.582498375092725e-07,0.22102974875690004,0.06378434456800723,0.03189235140892237
2013-09-08 00:00:00,2.747358867762859e-07,0.20212824486708447,0.06851789250785625,0.034259083621871515
2013-09-08 01:00:00,2.373703542467693e-07,0.18805333035717,0.06826215536691849,0.03413119636863637
2013-09-08 02:00:00,2.2067365222353198e-07,0.1849563744023527,0.07504730053047332,0.03752376060206277
2013-09-08 03:00:00,2.2612303042035389e-07,0.1919868306986921,0.07667692377064407,0.03833857494683725
2013-09-08 04:00:00,2.138192721254143e-07,0.19395116196680093,0.06873312677123106,0.03436667029525159
2013-09-08 05:00:00,6.355169807418655e-08,0.09643547509911267,0.061352292841289936,0.030676178196494007
2013-09-08 06:00:00,1.517404271926396e-08,6.251336558954623e-07,0.05808240130670557,0.029041208240374143
2013-09-08 07:00:00,6.49494928603956e-09,6.256806949735807e-08,0.05747353342245908,0.028736769958704184
2013-09-08 08:00:00,8.65316176363378e-09,7.525234038070876e-08,0.06153840437427814,0.030769206513719952
2013-09-08 09:00:00,9.621556658951396e-09,7.998715406305748e-08,0.05864341450655609,0.02932171206405637
2013-09-08 10:00:00,9.862948608573676e-09,8.222953506735628e-08,0.05892840586177338,0.029464207862360994
2013-09-08 11:00:00,9.827823542057284e-09,8.256171290235349e-08,0.05810819834839224,0.02905410408810789
2013-09-08 12:00:00,9.758455330722768e-09,8.442979949116366e-08,0.06347982890519263,0.03173991933182398
2013-09-08 13:00:00,9.601544696510775e-09,8.727844512169932e-08,0.06691384669576077,0.03345692814865273
2013-09-08 14:00:00,1.2066719255842528e-08,1.523501272568176e-07,0.06197042379106603,0.030985217928892642
2013-09-08 15:00:00,5.864924750501912e-08,0.08121100230116057,0.0636619376837588,0.03183099816650315
2013-09-08 16:00:00,7.263182130828795e-07,0.3387153039273941,0.058378695116213214,0.029189710717213147
2013-09-08 17:00:00,0.2783970141010412,0.45462270697337787,0.05112494652249508,0.1647609803117681
2013-09-08 18:00:00,0.33362161114904715,0.4621144356525442,0.05400170697323955,0.19381165906114334
2013-09-08 19:00:00,0.3321870928148552,0.4418022156242364,0.06237091591916507,0.19727900436701012
2013-09-08 20:00:00,0.3320371291771099,0.4397656976257911,0.07645110091756532,0.20424411504733764
2013-09-08 21:00:00,0.33064414119999014,0.4216907098993243,0.08484141256439891,0.20774277688219453
2013-09-08 22:00:00,0.22588659864673097,0.37207781461522144,0.07357845660193284,0.1497325276243319
2013-09-08 23:00:00,0.14220013786639082,0.33354168850949184,0.06378434456800723,0.10299224121719902
2013-09-09 00:00:00,6.121693819254097e-07,0.30147913119765274,0.06851789250785625,0.03425925233861909
2013-09-09 01:00:00,5.521444462074026e-07,0.29258891625973305,0.06826215536691849,0.034131353755682346
2013-09-09 02:00:00,6.272609549842754e-07,0.30235779840796295,0.07504730053047332,0.03752396389571415
2013-09-09 03:00:00,0.12310997856667313,0.3055918012993044,0.07667692377064407,0.09989345116865861
2013-09-09 04:00:00,0.1405064129287434,0.2983695102489116,0.06873312677123106,0.10461976984998723
2013-09-09 05:00:00,1.0502566922833824e-07,0.11375082510268433,0.061352292841289936,0.030676198933479584
2013-09-09 06:00:00,3.081557961336987e-08,0.03606957245978538,0.05808240130670557,0.029041216061142593
2013-09-09 07:00:00,1.4739713427297943e-08,0.026498333441674397,0.05747353342245908,0.028736774081086255
2013-09-09 08:00:00,1.0588390888653219e-08,2.7052879542231077e-07,0.06153840437427814,0.030769207481334514
2013-09-09 09:00:00,5.917400696060294e-09,5.445542806798215e-08,0.05864341450655609,0.02932171021197839
2013-09-09 10:00:00,6.029826670280731e-09,5.591793510684329e-08,0.05892840586177338,0.029464205945800025
2013-09-09 11:00:00,6.602355629376053e-09,6.844420190159263e-08,0.05810819834839224,0.029054102475373933
2013-09-09 12:00:00,7.902277965171959e-09,9.283962982147241e-08,0.06347982890519263,0.0317399184037353
2013-09-09 13:00:00,1.3895406606554397e-08,1.4550125155979437e-07,0.06691384669576077,0.033456930295583685
2013-09-09 14:00:00,3.6782534593238136e-08,0.05671425376051937,0.06197042379106603,0.03098523028680031
2013-09-09 15:00:00,1.0588895452292733e-07,0.1320859299136449,0.0636619376837588,0.03183102178635666
2013-09-09 16:00:00,2.2861503288076492e-07,0.21752597671408638,0.058378695116213214,0.02918946186562305
2013-09-09 17:00:00,2.4110696679895697e-07,0.2018998962569879,0.05112494652249508,0.02556259381473094
2013-09-09 18:00:00,2.3407454171875445e-07,0.18219881910197558,0.05400170697323955,0.027000970523890635
2013-09-09 19:00:00,2.3163391531565138e-07,0.1750299003751319,0.06237091591916507,0.03118557377654019
2013-09-09 20:00:00,2.263925141133608e-07,0.1719233267127539,0.07645110091756532,0.03822566365503972
2013-09-09 21:00:00,2.2848510511831145e-07,0.17617744657264847,0.08484141256439891,0.04242082052475201
2013-09-09 22:00:00,1.8381564721004779e-07,0.16648030927585641,0.07357845660193284,0.03678932020879002
2013-09-09 23:00:00,1.8345396042744637e-07,0.1749673203204822,0.06378434456800723,0.03189226401098383
2013-09-10 00:00:00,2.2241808043855022e-07,0.20076501049931728,0.06851789250785625,0.03425905746296835
2013-09-10 01:00:00,2.421200915654164e-07,0.2162819563282671,0.06826215536691849,0.03413119874350502
2013-09-10 02:00:00,2.358295693147483e-07,0.2234647346899055,0.07504730053047332,0.037523768180021316
2013-09-10 03:00:00,2.9376334803903755e-07,0.25938087169644297,0.07667692377064407,0.03833860876699605
2013-09-10 04:00:00,2.975806986778192e-07,0.270303678173989,0.06873312677123106,0.03436671217596487
2013-09-10 05:00:00,1.2424167540396247e-07,0.14931913617652834,0.061352292841289936,0.03067620854148267
2013-09-10 06:00:00,5.0776658699148825e-08,0.07834927654500788,0.05808240130670557,0.029041226041682133
2013-09-10 07:00:00,1.984086246059849e-08,0.036842978863046515,0.05747353342245908,0.02873677663166077
2013-09-10 08:00:00,1.0689125088564414e-08,1.5044612443391975e-07,0.06153840437427814,0.030769207531701617
2013-09-10 09:00:00,1.0245318359513682e-08,1.3558174591617874e-07,0.05864341450655609,0.029321712375937222
2013-09-10 10:00:00,1.002307025114311e-08,1.3483042279666378e-07,0.05892840586177338,0.029464207942421813
2013-09-10 11:00:00,1.0242987477922201e-08,1.3790935893593e-07,0.05810819834839224,0.02905410429568986
2013-09-10 12:00:00,1.1281018446961088e-08,1.5714225349871742e-07,0.06347982890519263,0.03173992009310554
2013-09-10 13:00:00,1.6811051464192995e-08,0.03761355443287505,0.06691384669576077,0.03345693175340612
2013-09-10 14:00:00,3.556560212684435e-08,0.04991796256487903,0.06197042379106603,0.03098522967833408
2013-09-10 15:00:00,8.087088176338163e-08,0.1109025630466775,0.0636619376837588,0.031831009277320285
2013-09-10 16:00:00,2.119876511411729e-07,0.2452540806405169,0.058378695116213214,0.029189453551932178
2013-09-10 17:00:00,1.8823093279686835e-07,0.21619679619841578,0.05112494652249508,0.02556256737671394
2013-09-10 18:00:00,1.921880988952434e-07,0.20658539993128797,0.05400170697323955,0.02700094958066922
2013-09-10 19:00:00,2.2199206354155524e-07,0.21104632301685733,0.06237091591916507,0.031185568955614307
2013-09-10 20:00:00,2.795877412670642e-07,0.2264794409911973,0.07645110091756532,0.038225690252653294
2013-09-10 21:00:00,3.170073491813761e-07,0.23117228206779705,0.08484141256439891,0.04242086478587404
2013-09-10 22:00:00,3.989934772909054e-07,0.2523335410871521,0.07357845660193284,0.03678942779770506
2013-09-10 23:00:00,3.951050223272053e-07,0.24490290466684617,0.06378434456800723,0.03189236983651478
2013-09-11 00:00:00,3.930120176643896e-07,0.24164959434005998,0.06851789250785625,0.03425914275993696
2013-09-11 01:00:00,5.414337332608993e-07,0.2570677225250869,0.06826215536691849,0.034131348400325875
2013-09-11 02:00:00,5.663872249404803e-07,0.2499085904496606,0.07504730053047332,0.03752393345884913
2013-09-11 03:00:00,5.042333137049057e-07,0.23505245203402683,0.07667692377064407,0.038338714001978885
2013-09-11 04:00:00,4.33616847796308e-07,0.22286086279889553,0.06873312677123106,0.03436678019403943
2013-09-11 05:00:00,1.2432258881763975e-07,0.12466215911789169,0.061352292841289936,0.03067620858193938
2013-09-11 06:00:00,5.8506039847621255e-08,0.08131543528757491,0.05808240130670557,0.029041229906372708
2013-09-11 07:00:00,3.073633851300445e-08,0.04087874902764031,0.05747353342245908,0.0287367820793988
2013-09-11 08:00:00,1.749112635804822e-08,0.03166416318721802,0.06153840437427814,0.03076921093270225
2013-09-11 09:00:00,1.3564840082092678e-08,0.029591598337450207,0.05864341450655609,0.029321714035698086
2013-09-11 10:00:00,1.6490845622391656e-08,0.03005799122398221,0.05892840586177338,0.0294642111763095
2013-09-11 11:00:00,1.8727874771695498e-08,0.033730814228170515,0.05810819834839224,0.029054108538133505
2013-09-11 12:00:00,2.201468457246202e-08,0.0394438015302642,0.06347982890519263,0.0317399254599386
2013-09-11 13:00:00,2.6275522120790574e-08,0.0465768189773775,0.06691384669576077,0.03345693648564144
2013-09-11 14:00:00,5.984869140890643e-08,0.07807558131331985,0.06197042379106603,0.030985241819878717
2013-09-11 15:00:00,7.45951303525829e-08,0.09307513099183187,0.0636619376837588,0.031831006139444576
2013-09-11 16:00:00,1.0858716158194122e-07,0.12467032854596538,0.058378695116213214,0.029189401851687398
2013-09-11 17:00:00,9.732909066979005e-08,0.11649724082810084,0.05112494652249508,0.025562521925792874
2013-09-11 18:00:00,8.952659022745319e-08,0.11163658741228022,0.05400170697323955,0.027000898249914886
2013-09-11 19:00:00,9.089318009547435e-08,0.11327008195875883,0.06237091591916507,0.03118550340617258
2013-09-11 20:00:00,8.900178702642634e-08,0.11106822450259216,0.07645110091756532,0.038225594959676173
2013-09-11 21:00:00,8.813477287436674e-08,0.11050352242704739,0.08484141256439891,0.04242075034958589
2013-09-11 22:00:00,8.48338912691265e-08,0.1074705415784984,0.07357845660193284,0.036789270717912055
2013-09-11 23:00:00,8.63461947534184e-08,0.1113969241482095,0.06378434456800723,0.03189221545710099
2013-09-12 00:00:00,7.91858766984361e-08,0.11511708256262822,0.06851789250785625,0.03425898584686648
2013-09-12 01:00:00,8.445300351237508e-08,0.12371334726735568,0.06826215536691849,0.034131119909961
2013-09-12 02:00:00,1.0434075665014152e-07,0.13793330158280004,0.07504730053047332,0.03752370243561498
2013-09-12 03:00:00,1.1830326870855957e-07,0.15366227126221368,0.07667692377064407,0.03833852103695639
2013-09-12 04:00:00,1.4776265577743653e-07,0.18177355019913194,0.06873312677123106,0.03436663726694342
2013-09-12 05:00:00,8.161187549535625e-08,0.11091861275945536,0.061352292841289936,0.030676187226582715
2013-09-12 06:00:00,3.732306534335665e-08,0.06603229385003466,0.05808240130670557,0.029041219314885458
2013-09-12 07:00:00,2.0801463015628745e-08,0.03378353488147497,0.05747353342245908,0.02873677711196105
2013-09-12 08:00:00,1.2303405997897136e-08,0.027978247733966136,0.06153840437427814,0.03076920833884207
2013-09-12 09:00:00,1.0741523155674405e-08,0.024531385185690452,0.05864341450655609,0.029321712624039622
2013-09-12 10:00:00,9.806329830180865e-09,0.022603380549262492,0.05892840586177338,0.029464207834051605
2013-09-12 11:00:00,1.0340726760629667e-08,0.023989309195683244,0.05810819834839224,0.0290541043445595
2013-09-12 12:00:00,1.4479788756099414e-08,0.027969965957527067,0.06347982890519263,0.031739921692490694
2013-09-12 13:00:00,1.8802265597795475e-08,0.036391079617897934,0.06691384669576077,0.03345693274901318
2013-09-12 14:00:00,5.312074424364782e-08,0.07753534269167003,0.06197042379106603,0.030985238455905135
2013-09-12 15:00:00,9.143764204266206e-08,0.12206103359912863,0.0636619376837588,0.03183101456070042
2013-09-12 16:00:00,1.308596108354137e-07,0.15953150357549703,0.058378695116213214,0.029189412987912024
2013-09-12 17:00:00,1.169033981734843e-07,0.14081962067936593,0.05112494652249508,0.025562531712946625
2013-09-12 18:00:00,1.1927819257190937e-07,0.1349638532693597,0.05400170697323955,0.02700091312571606
2013-09-12 19:00:00,1.240412317564949e-07,0.1350129591600637,0.06237091591916507,0.031185519980198414
2013-09-12 20:00:00,1.1833348415473767e-07,0.12904817442033623,0.07645110091756532,0.03822560962552474
2013-09-12 21:00:00,1.071854463055335e-07,0.121900659145412,0.08484141256439891,0.04242075987492261
2013-09-12 22:00:00,1.0176548593384965e-07,0.12342180125954197,0.07357845660193284,0.03678927918370938
2013-09-12 23:00:00,1.0206240186178153e-07,0.12453106136068594,0.06378434456800723,0.03189222331520455
2013-09-13 00:00:00,9.564736576155248e-08,0.12685544780937894,0.06851789250785625,0.03425899407761101
2013-09-13 01:00:00,1.0266504178020609e-07,0.13332975323620433,0.06826215536691849,0.03413112901598013
2013-09-13 02:00:00,1.0705257435427548e-07,0.13460709546254016,0.07504730053047332,0.03752370379152384
2013-09-13 03:00:00,1.2973808958044743e-07,0.13910660115051426,0.07667692377064407,0.038338526754366824
2013-09-13 04:00:00,1.9459088637121694e-07,0.16583478171592025,0.06873312677123106,0.03436666068105872
2013-09-13 05:00:00,1.1486780224906353e-07,0.1149873095337121,0.061352292841289936,0.030676203854546093
2013-09-13 06:00:00,4.122460303363976e-08,0.062018398503074806,0.05808240130670557,0.029041221265654303
2013-09-13 07:00:00,1.985871669205253e-08,0.028231337397695504,0.05747353342245908,0.028736776640587887
2013-09-13 08:00:00,1.0957800499965428e-08,2.725529489460606e-07,0.06153840437427814,0.03076920766603932
2013-09-13 09:00:00,8.256062436967543e-09,7.45566443496821e-08,0.05864341450655609,0.029321711381309262
2013-09-13 10:00:00,8.709760205625594e-09,7.27356682058388e-08,0.05892840586177338,0.02946420728576679
2013-09-13 11:00:00,9.744403017712017e-09,1.0347739600698908e-07,0.05810819834839224,0.02905410404639763
2013-09-13 12:00:00,1.1064900857865914e-08,1.948727133015991e-07,0.06347982890519263,0.031739919985046744
2013-09-13 13:00:00,2.0868876000077844e-08,0.03209617927385242,0.06691384669576077,0.033456933782318385
2013-09-13 14:00:00,4.594343634782117e-08,0.04850376319904933,0.06197042379106603,0.030985234867251188
2013-09-13 15:00:00,1.4119761247673446e-07,0.11814907463203517,0.0636619376837588,0.03183103944068564
2013-09-13 16:00:00,0.14300307659955844,0.25963710871864554,0.058378695116213214,0.10069088585788583
2013-09-13 17:00:00,0.14133093102802827,0.26044802945486245,0.05112494652249508,0.09622793877526167
2013-09-13 18:00:00,0.14204030705530796,0.2570597290416762,0.05400170697323955,0.09802100701427376
2013-09-13 19:00:00,0.1313201239578657,0.23714071999971234,0.06237091591916507,0.09684551993851538
2013-09-13 20:00:00,0.104025853883158,0.21112901074726698,0.07645110091756532,0.09023847740036167
2013-09-13 21:00:00,4.6763641421839166e-07,0.19045244201180325,0.08484141256439891,0.04242094010040656
2013-09-13 22:00:00,4.6144837907027884e-07,0.18457012364274633,0.07357845660193284,0.03678945902515596
2013-09-13 23:00:00,4.583346128507942e-07,0.185866901022181,0.06378434456800723,0.03189240145131004
2013-09-14 00:00:00,3.083497726588518e-07,0.17570680350368875,0.06851789250785625,0.03425910042881446
2013-09-14 01:00:00,3.0249359587447144e-07,0.17311356891644208,0.06826215536691849,0.03413122893025718
2013-09-14 02:00:00,2.210142402421845e-07,0.1536968794802378,0.07504730053047332,0.03752376077235678
2013-09-14 03:00:00,1.5018272983043021e-07,0.1318661047720841,0.07667692377064407,0.03833853697668695
2013-09-14 04:00:00,9.682688194825671e-08,0.10950710910997578,0.06873312677123106,0.0343666117990565
2013-09-14 05:00:00,5.9193802119526166e-08,0.08055855438291219,0.061352292841289936,0.030676176017546027
2013-09-14 06:00:00,3.047036019870314e-08,0.040133076158969626,0.05808240130670557,0.029041215888532885
2013-09-14 07:00:00,1.2676702657927732e-08,1.759796375431609e-07,0.05747353342245908,0.02873677304958087
2013-09-14 08:00:00,7.587591843120247e-09,7.620363525724745e-08,0.06153840437427814,0.030769205980934994
2013-09-14 09:00:00,7.249980489698337e-09,7.383593497491797e-08,0.05864341450655609,0.02932171087826829
2013-09-14 10:00:00,7.1538076806684464e-09,7.385614041572649e-08,0.05892840586177338,0.029464206507790528
2013-09-14 11:00:00,7.507574654834375e-09,7.553735380456788e-08,0.05810819834839224,0.029054102927983445
2013-09-14 12:00:00,8.566863730328242e-09,8.780526411303762e-08,0.06347982890519263,0.03173991873602818
2013-09-14 13:00:00,1.0782353944569643e-08,1.0995285578279967e-07,0.06691384669576077,0.033456928739057354
2013-09-14 14:00:00,1.9456855837666242e-08,1.5632297562635458e-07,0.06197042379106603,0.030985221623960932
2013-09-14 15:00:00,5.1024077657246675e-08,0.056344122919478656,0.0636619376837588,0.03183099435391823
2013-09-14 16:00:00,1.1816518472306779e-07,0.10175174688064378,0.058378695116213214,0.029189406640698967
2013-09-14 17:00:00,1.1942972177565155e-07,0.10229611771989564,0.05112494652249508,0.02556253297610843
2013-09-14 18:00:00,1.4012903438177963e-07,0.10752007917457486,0.05400170697323955,0.027000923551136966
2013-09-14 19:00:00,9.733681948986819e-08,0.09083161857987687,0.06237091591916507,0.031185506627992278
2013-09-14 20:00:00,8.799103899258901e-08,0.08549481892666334,0.07645110091756532,0.03822559445430216
2013-09-14 21:00:00,7.930347126757914e-08,0.08558910057524999,0.08484141256439891,0.042420745933935085
2013-09-14 22:00:00,8.149417416892526e-08,0.08642141101355758,0.07357845660193284,0.036789269048053505
2013-09-14 23:00:00,6.869497904276478e-08,0.07984126751955944,0.06378434456800723,0.031892206631493135
2013-09-15 00:00:00,6.820741146280115e-08,0.07551889001983905,0.06851789250785625,0.03425898035763386
2013-09-15 01:00:00,6.812437178921321e-08,0.07233910224922988,0.06826215536691849,0.034131111745645135
2013-09-15 02:00:00,6.802379118491935e-08,0.06894088418105654,0.07504730053047332,0.03752368427713225
2013-09-15 03:00:00,6.801753419479505e-08,0.06685410262792761,0.07667692377064407,0.03833849589408913
2013-09-15 04:00:00,6.800428680889566e-08,0.06700477394186169,0.06873312677123106,0.034366597387758935
2013-09-15 05:00:00,4.7049095129584845e-08,0.039770505966767865,0.061352292841289936,0.03067616994519253
2013-09-15 06:00:00,1.5754481504842113e-08,0.027833561108997575,0.05808240130670557,0.029041208530593537
2013-09-15 07:00:00,7.084333263359013e-09,7.127996153391131e-08,0.05747353342245908,0.028736770253396174
2013-09-15 08:00:00,7.048790430381663e-09,5.561496220512991e-08,0.06153840437427814,0.030769205711534287
2013-09-15 09:00:00,7.0914586054577156e-09,5.519543879244633e-08,0.05864341450655609,0.029321710799007347
2013-09-15 10:00:00,7.2011007602622146e-09,5.7578350448106165e-08,0.05892840586177338,0.029464206531437068
2013-09-15 11:00:00,7.233333259714077e-09,5.735109779551732e-08,0.05810819834839224,0.02905410279086275
2013-09-15 12:00:00,6.634725784538576e-09,5.436785749068199e-08,0.06347982890519263,0.03173991776995921
2013-09-15 13:00:00,7.3062234823206335e-09,6.408997163401468e-08,0.06691384669576077,0.03345692700099213
2013-09-15 14:00:00,1.7768640810991473e-08,5.367917260957497e-07,0.06197042379106603,0.03098522077985342
2013-09-15 15:00:00,6.59773238576994e-08,0.0810045798106235,0.0636619376837588,0.03183100183054133
2013-09-15 16:00:00,2.992128335974884e-07,0.169631695441842,0.058378695116213214,0.029189497164523407
2013-09-15 17:00:00,4.731370626025283e-07,0.20302067750882893,0.05112494652249508,0.025562709829778842
2013-09-15 18:00:00,0.1123672422920822,0.232260941872194,0.05400170697323955,0.08318447463266088
2013-09-15 19:00:00,0.11832010981155956,0.24850435075693666,0.06237091591916507,0.09034551286536231
2013-09-15 20:00:00,6.451203128856977e-07,0.25470559602502735,0.07645110091756532,0.03822587301893911
2013-09-15 21:00:00,6.300912446587596e-07,0.27423109496929526,0.08484141256439891,0.04242102132782178
2013-09-15 22:00:00,0.12002921639660605,0.2958095197419976,0.07357845660193284,0.09680383649926944
2013-09-15 23:00:00,7.31204907964335e-07,0.31604242481304984,0.06378434456800723,0.0318925378864576
2013-09-16 00:00:00,7.55863897634864e-07,0.33815325068087415,0.06851789250785625,0.034259324185876947
2013-09-16 01:00:00,7.041382274038346e-07,0.35489908840067996,0.06826215536691849,0.034131429752572946
2013-09-16 02:00:00,6.762894997872054e-07,0.3642631729820674,0.07504730053047332,0.03752398840998655
2013-09-16 03:00:00,8.364971302445042e-07,0.38580848111581706,0.07667692377064407,0.03833888013388716
2013-09-16 04:00:00,0.17180209033702257,0.44485721422659125,0.06873312677123106,0.12026760855412681
2013-09-16 05:00:00,1.7470527735884246e-07,0.1818716045965971,0.061352292841289936,0.030676233773283646
2013-09-16 06:00:00,6.373857313185731e-08,0.09134207739577177,0.05808240130670557,0.029041232522639352
2013-09-16 07:00:00,2.7793434856371607e-08,0.04310792576477479,0.05747353342245908,0.02873678060794697
2013-09-16 08:00:00,1.1613401601824289e-08,1.2853107552249736e-07,0.06153840437427814,0.03076920799383987
2013-09-16 09:00:00,7.3576545657259545e-09,9.672978451586843e-08,0.05864341450655609,0.029321710932105328
2013-09-16 10:00:00,6.8012728337262506e-09,9.123992938138955e-08,0.05892840586177338,0.029464206331523107
2013-09-16 11:00:00,6.994631312703723e-09,9.383385814610197e-08,0.05810819834839224,0.029054102671511775
2013-09-16 12:00:00,1.0752299499539329e-08,1.1263482223059366e-07,0.06347982890519263,0.03173991982874606
2013-09-16 13:00:00,2.131031145343396e-08,0.0388379164138324,0.06691384669576077,0.033456934003036114
2013-09-16 14:00:00,4.9557569839500877e-08,0.05927828179001688,0.06197042379106603,0.030985236674317934
2013-09-16 15:00:00,1.3695004968547802e-07,0.15562947746674263,0.0636619376837588,0.031831037316904245
2013-09-16 16:00:00,0.16325788744539577,0.4052107802010232,0.058378695116213214,0.11081829128080449
2013-09-16 17:00:00,0.1913762268156044,0.3780819087652468,0.05112494652249508,0.12125058666904974
2013-09-16 18:00:00,0.19908619671096717,0.33919490231509103,0.05400170697323955,0.12654395184210335
2013-09-16 19:00:00,0.19236275696442476,0.3075540526145697,0.06237091591916507,0.12736683644179492
2013-09-16 20:00:00,0.1563177621831984,0.2786317181703446,0.07645110091756532,0.11638443155038186
2013-09-16 21:00:00,0.12930629665518692,0.26284368337749153,0.08484141256439891,0.1070738546097929
2013-09-16 22:00:00,0.15352677105053075,0.2981061805374394,0.07357845660193284,0.1135526138262318
2013-09-16 23:00:00,0.17400714191871494,0.30966814037416385,0.06378434456800723,0.11889574324336108
2013-09-17 00:00:00,0.2763696236065795,0.32539532086233275,0.06851789250785625,0.1724437580572179
2013-09-17 01:00:00,0.32054677208280474,0.3222039519029724,0.06826215536691849,0.19440446372486161
2013-09-17 02:00:00,0.10258852917273478,0.31310864099419766,0.07504730053047332,0.08881791485160405
2013-09-17 03:00:00,0.2605016438317849,0.2961240683742751,0.07667692377064407,0.1685892838012145
2013-09-17 04:00:00,0.22632459148962109,0.28088602222508524,0.06873312677123106,0.14752885913042607
2013-09-17 05:00:00,1.3542967637995392e-07,0.1261954181343302,0.061352292841289936,0.03067621413548316
2013-09-17 06:00:00,3.992983777358749e-08,0.06281234403408743,0.05808240130670557,0.029041220618271673
2013-09-17 07:00:00,1.73200835117848e-08,0.030425141687127757,0.05747353342245908,0.028736775371271298
2013-09-17 08:00:00,9.166041823324348e-09,1.9704891555593881e-07,0.06153840437427814,0.03076920677015998
2013-09-17 09:00:00,8.527165504910717e-09,1.0137832830570407e-07,0.05864341450655609,0.029321711516860794
2013-09-17 10:00:00,8.619737211364597e-09,9.892911149436838e-08,0.05892840586177338,0.029464207240755293
2013-09-17 11:00:00,1.005239428530231e-08,1.3187643507347913e-07,0.05810819834839224,0.029054104200393262
2013-09-17 12:00:00,1.7321121993136796e-08,5.060418038857001e-07,0.06347982890519263,0.03173992311315731
2013-09-17 13:00:00,2.6581331236768047e-08,0.049245305380540956,0.06691384669576077,0.033456936638546
2013-09-17 14:00:00,7.156423229331153e-08,0.07294937470663791,0.06197042379106603,0.03098524767764916
2013-09-17 15:00:00,1.9836044632110255e-07,0.14392024141064472,0.0636619376837588,0.03183106802210256
2013-09-17 16:00:00,0.11220683483224185,0.18586034318737366,0.058378695116213214,0.08529276497422753
2013-09-17 17:00:00,0.1534709375647702,0.16620646984683526,0.05112494652249508,0.10229794204363264
2013-09-17 18:00:00,0.13097876189874944,0.15123968458712564,0.05400170697323955,0.0924902344359945
2013-09-17 19:00:00,0.07137888272004145,0.1394669979616878,0.06237091591916507,0.06687489931960326
2013-09-17 20:00:00,2.784832405241521e-07,0.1245009713469381,0.07645110091756532,0.03822568970040292
2013-09-17 21:00:00,2.1714278314510872e-07,0.11136232979863502,0.08484141256439891,0.042420814853591025
2013-09-17 22:00:00,1.3206655446468287e-07,0.09049526342891454,0.07357845660193284,0.036789294334243654
2013-09-17 23:00:00,9.1388506707231e-08,0.08194779403821792,0.06378434456800723,0.03189221797825697
2013-09-18 00:00:00,8.010927759963553e-08,0.07791298769499151,0.06851789250785625,0.03425898630856693
2013-09-18 01:00:00,7.981909304101049e-08,0.07694739867643136,0.06826215536691849,0.034131117593005765
2013-09-18 02:00:00,8.167087206623595e-08,0.07565255482049028,0.07504730053047332,0.03752369110067269
2013-09-18 03:00:00,9.270825854437939e-08,0.07753078161190508,0.07667692377064407,0.038338508239451306
2013-09-18 04:00:00,8.770642001960783e-08,0.07133602129897565,0.06873312677123106,0.034366607238825536
2013-09-18 05:00:00,5.6525625414640186e-08,0.05655049001416161,0.061352292841289936,0.030676174683457676
2013-09-18 06:00:00,2.6838580928417843e-08,0.027271337467558467,0.05808240130670557,0.02904121407264325
2013-09-18 07:00:00,1.4680014620022293e-08,0.021385753027141068,0.05747353342245908,0.02873677405123685
2013-09-18 08:00:00,8.339401672698007e-09,7.453445859974665e-08,0.06153840437427814,0.03076920635683991
2013-09-18 09:00:00,5.996060983673752e-09,5.7642010835864246e-08,0.05864341450655609,0.029321710251308534
2013-09-18 10:00:00,5.859010459692962e-09,5.499667800423186e-08,0.05892840586177338,0.029464205860391918
2013-09-18 11:00:00,6.165144239098103e-09,5.8210367892698946e-08,0.05810819834839224,0.02905410225676824
2013-09-18 12:00:00,6.8591397683023755e-09,6.820619023354105e-08,0.06347982890519263,0.0317399178821662
2013-09-18 13:00:00,1.3337986974772814e-08,0.024481754472457925,0.06691384669576077,0.03345693001687387
2013-09-18 14:00:00,2.2289251201410144e-08,0.03206194153692113,0.06197042379106603,0.030985223040158615
2013-09-18 15:00:00,5.98391296805494e-08,0.06636898487074214,0.0636619376837588,0.03183099876144424
2013-09-18 16:00:00,1.1647607439542882e-07,0.10179431163211002,0.058378695116213214,0.029189405796143805
2013-09-18 17:00:00,1.4676925250339644e-07,0.11450151904805358,0.05112494652249508,0.02556254664587379
2013-09-18 18:00:00,1.662980494024941e-07,0.12438010160584902,0.05400170697323955,0.027000936635644474
2013-09-18 19:00:00,1.7200465119340977e-07,0.13409211076232658,0.06237091591916507,0.031185543961908133
2013-09-18 20:00:00,1.883342769736675e-07,0.14616239000023382,0.07645110091756532,0.03822564462592115
2013-09-18 21:00:00,1.9980381082175588e-07,0.15963615894349872,0.08484141256439891,0.04242080618410486
2013-09-18 22:00:00,1.87080060537747e-07,0.15635987904543452,0.07357845660193284,0.03678932184099669
2013-09-18 23:00:00,2.1503231486079333e-07,0.17135365722362914,0.06378434456800723,0.031892279800161044
2013-09-19 00:00:00,2.510567354580533e-07,0.18941823240610034,0.06851789250785625,0.034259071782295855
2013-09-19 01:00:00,3.175686436532081e-07,0.2053642587335813,0.06826215536691849,0.03413123646778107
2013-09-19 02:00:00,3.759155551498706e-07,0.21416697970850557,0.07504730053047332,0.037523838223014236
2013-09-19 03:00:00,3.364608902449282e-07,0.2078900216786792,0.07667692377064407,0.03833863011576716
2013-09-19 04:00:00,3.0363792182587747e-07,0.2027228380976389,0.06873312677123106,0.03436671520457644
2013-09-19 05:00:00,1.20161496614499e-07,0.1255452821421118,0.061352292841289936,0.030676206501393275
2013-09-19 06:00:00,5.79408499824193e-08,0.08181989255766983,0.05808240130670557,0.029041229623777774
2013-09-19 07:00:00,2.1642896706072322e-08,0.04550388412725886,0.05747353342245908,0.028736777532677893
2013-09-19 08:00:00,1.1971150150636773e-08,1.1783842112293637e-07,0.06153840437427814,0.030769208172714144
2013-09-19 09:00:00,1.2925292867102164e-08,1.208359309520499e-07,0.05864341450655609,0.029321713715924475
2013-09-19 10:00:00,1.3179714505681212e-08,1.2068942824704427e-07,0.05892840586177338,0.029464209520743943
2013-09-19 11:00:00,1.429477240649587e-08,1.2830679778257415e-07,0.05810819834839224,0.029054106321582323
2013-09-19 12:00:00,1.7187688724402963e-08,1.578867881691867e-07,0.06347982890519263,0.03173992304644068
2013-09-19 13:00:00,2.8143626749428067e-08,2.1751174065899301e-07,0.06691384669576077,0.03345693741969376
2013-09-19 14:00:00,7.005677821647332e-08,0.0778233418545653,0.06197042379106603,0.030985246923922124
2013-09-19 15:00:00,1.7082334741456072e-07,0.13429733130615934,0.0636619376837588,0.03183105425355311
2013-09-19 16:00:00,3.866376754021358e-07,0.17393427245255816,0.058378695116213214,0.02918954087694431
2013-09-19 17:00:00,3.851569476045793e-07,0.16356096855240607,0.05112494652249508,0.025562665839721343
2013-09-19 18:00:00,2.128085809062918e-07,0.1309535669591815,0.05400170697323955,0.027000959890910226
2013-09-19 19:00:00,1.401068365576693e-07,0.10709710313874704,0.06237091591916507,0.031185528013000813
2013-09-19 20:00:00,1.1786342708251041e-07,0.09574448517065645,0.07645110091756532,0.038225609390496205
2013-09-19 21:00:00,9.162811108465743e-08,0.08518989229263181,0.08484141256439891,0.042420752096254996
2013-09-19 22:00:00,8.359243435304316e-08,0.08426865816585818,0.07357845660193284,0.03678927009718359
2013-09-19 23:00:00,1.0717190761944464e-07,0.09591172020995638,0.06378434456800723,0.03189222586995743
2013-09-20 00:00:00,1.0121570179425075e-07,0.09634933146809385,0.06851789250785625,0.03425899686177902
2013-09-20 01:00:00,8.514145908604238e-08,0.09228200278801975,0.06826215536691849,0.03413112025418879
2013-09-20 02:00:00,9.273997702496907e-08,0.10129068632886332,0.07504730053047332,0.03752369663522517
2013-09-20 03:00:00,1.2371689649781345e-07,0.120758773805978,0.07667692377064407,0.03833852374377028
2013-09-20 04:00:00,1.882337318783322e-07,0.14150879500763935,0.06873312677123106,0.03436665750248147
2013-09-20 05:00:00,9.946688822343332e-08,0.09862292103788688,0.061352292841289936,0.03067619615408908
2013-09-20 06:00:00,3.282136214385695e-08,0.03643046461327366,0.05808240130670557,0.029041217064033856
2013-09-20 07:00:00,1.5069885387895534e-08,0.02565818975371806,0.05747353342245908,0.028736774246172235
2013-09-20 08:00:00,8.502372020441769e-09,7.271945397756965e-08,0.06153840437427814,0.03076920643832508
2013-09-20 09:00:00,8.342787449594443e-09,6.182469016514019e-08,0.05864341450655609,0.029321711424671767
2013-09-20 10:00:00,9.050309812468078e-09,6.40223588402816e-08,0.05892840586177338,0.029464207456041596
2013-09-20 11:00:00,1.083363426235205e-08,7.696288597584792e-08,0.05810819834839224,0.02905410459101325
2013-09-20 12:00:00,1.2823667401592115e-08,1.4519474474099328e-07,0.06347982890519263,0.03173992086443002
2013-09-20 13:00:00,1.934785246228548e-08,0.03620348127245986,0.06691384669576077,0.03345693302180661
2013-09-20 14:00:00,3.843760556099023e-08,0.049648125467489465,0.06197042379106603,0.030985231114335796
2013-09-20 15:00:00,1.2465330516198856e-07,0.12081002469787899,0.0636619376837588,0.03183103116853198
2013-09-20 16:00:00,5.794433414242939e-07,0.24440400871060614,0.058378695116213214,0.02918963727977732
2013-09-20 17:00:00,0.10168781235322735,0.23243945743168615,0.05112494652249508,0.07640637943786122
2013-09-20 18:00:00,4.555474518725506e-07,0.2078754959926884,0.05400170697323955,0.02700108126034571
2013-09-20 19:00:00,3.1934610922925935e-07,0.18378764837588155,0.06237091591916507,0.03118561763263715
2013-09-20 20:00:00,2.4787186791079415e-07,0.16736200334891557,0.07645110091756532,0.038225674394716615
2013-09-20 21:00:00,2.0654812769473718e-07,0.15647725624187792,0.08484141256439891,0.0424208095562633
2013-09-20 22:00:00,1.7209682474005126e-07,0.1435755175091274,0.07357845660193284,0.036789314349378786
2013-09-20 23:00:00,2.1639815229814736e-07,0.16346649171052596,0.06378434456800723,0.031892280483079766
2013-09-21 00:00:00,2.938931017277575e-07,0.18743506833761642,0.06851789250785625,0.03425909320047899
2013-09-21 01:00:00,3.749315707277561e-07,0.2054699753311843,0.06826215536691849,0.03413126514924461
2013-09-21 02:00:00,3.9098309108317214e-07,0.2150437987647092,0.07504730053047332,0.0375238457567822
2013-09-21 03:00:00,3.3236693115822754e-07,0.21060504778548353,0.07667692377064407,0.038338628068787614
2013-09-21 04:00:00,3.744586009464135e-07,0.2277746210335302,0.06873312677123106,0.034366750614916
2013-09-21 05:00:00,1.1953766369995702e-07,0.1338420023507699,0.061352292841289936,0.030676206189476817
2013-09-21 06:00:00,4.545386341702924e-08,0.05138167948304845,0.05808240130670557,0.029041223380284493
2013-09-21 07:00:00,1.7618944108589977e-08,3.999682223886876e-07,0.05747353342245908,0.028736775520701596
2013-09-21 08:00:00,8.68325563097912e-09,8.653437714146238e-08,0.06153840437427814,0.030769206528766885
2013-09-21 09:00:00,8.481974685586133e-09,8.088964974166478e-08,0.05864341450655609,0.029321711494265386
2013-09-21 10:00:00,8.933282778099436e-09,8.21357858306618e-08,0.05892840586177338,0.02946420739752808
2013-09-21 11:00:00,1.037424124312458e-08,9.203642794067458e-08,0.05810819834839224,0.02905410436131674
2013-09-21 12:00:00,1.320349509190438e-08,1.1229100490511638e-07,0.06347982890519263,0.03173992105434386
2013-09-21 13:00:00,1.6524096213731387e-08,1.575821778450888e-07,0.06691384669576077,0.03345693160992849
2013-09-21 14:00:00,3.2162396689054944e-08,2.6246914388138057e-07,0.06197042379106603,0.03098522797673136
2013-09-21 15:00:00,1.3862414671831826e-07,0.09969822944186789,0.0636619376837588,0.03183103815395276
2013-09-21 16:00:00,0.09747543717364092,0.2178513317317306,0.058378695116213214,0.07792706614492706
2013-09-21 17:00:00,0.09464902742765673,0.21170452851443097,0.05112494652249508,0.0728869869750759
2013-09-21 18:00:00,0.10104308839705213,0.20552132671636053,0.05400170697323955,0.07752239768514584
2013-09-21 19:00:00,0.09660946835275748,0.19439278237536814,0.06237091591916507,0.07949019213596127
2013-09-21 20:00:00,4.3925319928071093e-07,0.17955541957083215,0.07645110091756532,0.038225770085382305
2013-09-21 21:00:00,3.042331049538387e-07,0.16276873743046363,0.08484141256439891,0.04242085839875193
2013-09-21 22:00:00,2.2201235999320322e-07,0.15230257699723668,0.07357845660193284,0.03678933930714642
2013-09-21 23:00:00,1.4283117818939344e-07,0.13174106076237693,0.06378434456800723,0.03189224369959271
2013-09-22 00:00:00,1.0371454686751474e-07,0.11238709436462109,0.06851789250785625,0.03425899811120156
2013-09-22 01:00:00,9.339011913301208e-08,0.10627963391958446,0.06826215536691849,0.03413112437851881
2013-09-22 02:00:00,8.998617713334439e-08,0.10395515119619728,0.07504730053047332,0.037523695258325225
2013-09-22 03:00:00,8.803835077334912e-08,0.10125577434126355,0.07667692377064407,0.03833850590449742
2013-09-22 04:00:00,8.850663385100304e-08,0.10125747272503839,0.06873312677123106,0.034366607638932456
2013-09-22 05:00:00,5.585260383659976e-08,0.07886420812817621,0.061352292841289936,0.030676174346946885
2013-09-22 06:00:00,1.7557645974347637e-08,0.03580084293101999,0.05808240130670557,0.029041209432175773
2013-09-22 07:00:00,7.252899182653627e-09,6.874290720669743e-08,0.05747353342245908,0.028736770337679133
2013-09-22 08:00:00,6.648575906399965e-09,5.8676756504393845e-08,0.06153840437427814,0.030769205511427023
2013-09-22 09:00:00,6.653615127448212e-09,5.663733672816692e-08,0.05864341450655609,0.029321710580085605
2013-09-22 10:00:00,6.941083321250065e-09,6.076420835812091e-08,0.05892840586177338,0.02946420640142835
2013-09-22 11:00:00,7.107899242040636e-09,6.33011025981229e-08,0.05810819834839224,0.02905410272814574
2013-09-22 12:00:00,7.270832837401944e-09,6.623509705026763e-08,0.06347982890519263,0.031739918088012735
2013-09-22 13:00:00,7.948044186219084e-09,7.047415916354469e-08,0.06691384669576077,0.033456927321902474
2013-09-22 14:00:00,1.0436793152528556e-08,1.1733313149948793e-07,0.06197042379106603,0.03098521711392959
2013-09-22 15:00:00,4.764484560133912e-08,0.06027799535066844,0.0636619376837588,0.0318309926643022
2013-09-22 16:00:00,1.0078119812774558e-07,0.12166488874472192,0.058378695116213214,0.029189397948705672
2013-09-22 17:00:00,1.031377997232513e-07,0.12647697279262124,0.05112494652249508,0.025562524830147402
2013-09-22 18:00:00,1.1387388715449756e-07,0.13704289975909975,0.05400170697323955,0.02700091042356335
2013-09-22 19:00:00,1.3133747336908857e-07,0.1493027466318442,0.06237091591916507,0.03118552362831922
2013-09-22 20:00:00,1.4226812510463982e-07,0.1577743245480813,0.07645110091756532,0.03822562159284521
2013-09-22 21:00:00,1.4234185425317332e-07,0.1594775987424047,0.08484141256439891,0.04242077745312658
2013-09-22 22:00:00,1.5210894208369062e-07,0.16285406127259322,0.07357845660193284,0.03678930435543746
2013-09-22 23:00:00,1.235476708749845e-07,0.1557836708239258,0.06378434456800723,0.03189223405783905
2013-09-23 00:00:00,1.363328951548639e-07,0.16989170569824963,0.06851789250785625,0.034259014420375704
2013-09-23 01:00:00,1.6884082433358277e-07,0.19151568118570994,0.06826215536691849,0.03413116210387141
2013-09-23 02:00:00,1.9604516519883076e-07,0.20024968516541394,0.07504730053047332,0.03752374828781926
2013-09-23 03:00:00,3.3920580819021683e-07,0.22386990532017173,0.07667692377064407,0.03833863148822613
2013-09-23 04:00:00,4.4537424190218533e-07,0.21717593921169853,0.06873312677123106,0.03436678607273648
2013-09-23 05:00:00,1.5061142075450025e-07,0.12515456156123533,0.061352292841289936,0.030676221726355344
2013-09-23 06:00:00,4.8719623659745483e-08,0.06829588020528173,0.05808240130670557,0.029041225013164616
2013-09-23 07:00:00,1.4400403055761209e-08,2.8292293198025983e-07,0.05747353342245908,0.02873677391143107
2013-09-23 08:00:00,8.612547234223424e-09,6.85384387660757e-08,0.06153840437427814,0.030769206493412686
2013-09-23 09:00:00,7.522093667858424e-09,5.800000142845718e-08,0.05864341450655609,0.02932171101432488
2013-09-23 10:00:00,7.644629315364583e-09,5.6887601037397744e-08,0.05892840586177338,0.029464206753201348
2013-09-23 11:00:00,8.138708309565028e-09,5.8151535931098013e-08,0.05810819834839224,0.029054103243550275
2013-09-23 12:00:00,9.082944779589297e-09,6.264231450150664e-08,0.06347982890519263,0.03173991899406871
2013-09-23 13:00:00,1.0648364503852982e-08,7.111696648929528e-08,0.06691384669576077,0.03345692867206264
2013-09-23 14:00:00,1.8197121547468658e-08,1.1216996401532662e-07,0.06197042379106603,0.030985220994093787
2013-09-23 15:00:00,6.417182648258979e-08,0.059152648947626764,0.0636619376837588,0.03183100092779264
2013-09-23 16:00:00,1.1084655956161515e-07,0.07369343461522308,0.058378695116213214,0.02918940298138639
2013-09-23 17:00:00,1.2708546966896154e-07,0.07846108589499103,0.05112494652249508,0.025562536803982374
2013-09-23 18:00:00,1.2143917969291387e-07,0.07879529934073234,0.05400170697323955,0.02700091420620962
2013-09-23 19:00:00,1.1650106463968371e-07,0.08003580971622878,0.06237091591916507,0.031185516210114856
2013-09-23 20:00:00,1.1820542839731966e-07,0.08242478682462355,0.07645110091756532,0.038225609561496864
2013-09-23 21:00:00,1.2446448166704379e-07,0.08478255664232975,0.08484141256439891,0.04242076851444029
2013-09-23 22:00:00,9.271966317394168e-08,0.07546892539570697,0.07357845660193284,0.036789274660798
2013-09-23 23:00:00,8.394450372895475e-08,0.0771429094806264,0.06378434456800723,0.03189221425625548
2013-09-24 00:00:00,7.944997734086645e-08,0.07611813552554816,0.06851789250785625,0.0342589859789168
2013-09-24 01:00:00,9.002158897746857e-08,0.0792555943855697,0.06826215536691849,0.03413112269425373
2013-09-24 02:00:00,8.240433433613916e-08,0.0752671907142593,0.07504730053047332,0.03752369146740383
2013-09-24 03:00:00,8.52440123587527e-08,0.07541108383701133,0.07667692377064407,0.03833850450732822
2013-09-24 04:00:00,9.807484954827706e-08,0.07579444346831578,0.06873312677123106,0.0343666124230403
2013-09-24 05:00:00,6.331750697472415e-08,0.06111157574991391,0.061352292841289936,0.030676178079398455
2013-09-24 06:00:00,2.7906465049944912e-08,0.029835273956192752,0.05808240130670557,0.02904121460658531
2013-09-24 07:00:00,1.3081559191563306e-08,0.023706763691591116,0.05747353342245908,0.028736773252009136
2013-09-24 08:00:00,6.6404654999960524e-09,5.887431214234204e-08,0.06153840437427814,0.03076920550737182
2013-09-24 09:00:00,6.299797232836326e-09,5.185669345021904e-08,0.05864341450655609,0.02932171040317666
2013-09-24 10:00:00,6.427159276089427e-09,5.041913302840043e-08,0.05892840586177338,0.029464206144466328
2013-09-24 11:00:00,7.312994303567464e-09,5.750137211483642e-08,0.05810819834839224,0.02905410283069327
2013-09-24 12:00:00,8.794327304770178e-09,6.543505154560414e-08,0.06347982890519263,0.03173991884975997
2013-09-24 13:00:00,1.1302546570362992e-08,9.700048561395287e-08,0.06691384669576077,0.033456928999153666
2013-09-24 14:00:00,3.034498306971464e-08,0.04138599842897473,0.06197042379106603,0.03098522706802455
2013-09-24 15:00:00,1.8124962421597797e-07,0.104562815795964,0.0636619376837588,0.03183105946669151
2013-09-24 16:00:00,0.04633877148000008,0.17097273226196177,0.058378695116213214,0.05235873329810665
2013-09-24 17:00:00,0.05206810379321859,0.18748015634162846,0.05112494652249508,0.051596525157856836
2013-09-24 18:00:00,0.05671318018599106,0.2004614986057836,0.05400170697323955,0.055357443579615306
2013-09-24 19:00:00,0.1936857547471555,0.1984516695637941,0.06237091591916507,0.12802833533316027
2013-09-24 20:00:00,4.3110516238242196e-07,0.1782883943190517,0.07645110091756532,0.038225766011363856
2013-09-24 21:00:00,2.4949232281503183e-07,0.15900343403686035,0.08484141256439891,0.04242083102836086
2013-09-24 22:00:00,2.418224708694606e-07,0.15219321682149137,0.07357845660193284,0.03678934921220185
2013-09-24 23:00:00,3.6924139925169545e-07,0.1710918267044511,0.06378434456800723,0.03189235690470324
2013-09-25 00:00:00,0.11284892936710839,0.1837036750128449,0.06851789250785625,0.09068341093748232
2013-09-25 01:00:00,0.15499684925457685,0.16506445602961317,0.06826215536691849,0.11162950231074767
2013-09-25 02:00:00,0.07118836615778736,0.12827734975473645,0.07504730053047332,0.07311783334413033
2013-09-25 03:00:00,1.6225391096827e-07,0.09732747656400767,0.07667692377064407,0.03833854301227752
2013-09-25 04:00:00,8.750566579298358e-08,0.07502828042636203,0.06873312677123106,0.03436660713844843
2013-09-25 05:00:00,5.90933550430143e-08,0.060099980277350695,0.061352292841289936,0.03067617596732249
2013-09-25 06:00:00,2.289563473659763e-08,0.02739333676691806,0.05808240130670557,0.029041212101170152
2013-09-25 07:00:00,1.034729191152067e-08,0.02072676401784113,0.05747353342245908,0.028736771884875497
2013-09-25 08:00:00,6.910461518092156e-09,7.033556910754588e-08,0.06153840437427814,0.03076920564236983
2013-09-25 09:00:00,4.685835869320722e-09,4.653459540756141e-08,0.05864341450655609,0.02932170959619598
2013-09-25 10:00:00,4.891535762661197e-09,4.56110502712491e-08,0.05892840586177338,0.02946420537665457
2013-09-25 11:00:00,5.4539922313225575e-09,5.3863385179213455e-08,0.05810819834839224,0.029054101901192234
2013-09-25 12:00:00,6.430462793033618e-09,6.376680519613545e-08,0.06347982890519263,0.03173991766782771
2013-09-25 13:00:00,1.0991711839831504e-08,2.1356514640626402e-07,0.06691384669576077,0.03345692884373631
2013-09-25 14:00:00,3.673526955296139e-08,0.04814075733755325,0.06197042379106603,0.030985230263167792
2013-09-25 15:00:00,1.6157924380061938e-07,0.17020396707120516,0.0636619376837588,0.0318310496315013
2013-09-25 16:00:00,0.18485058678396254,0.40118569446080615,0.058378695116213214,0.12161464095008788
2013-09-25 17:00:00,0.21837533632498551,0.3638112491427866,0.05112494652249508,0.1347501414237403
2013-09-25 18:00:00,0.20220220953937879,0.32163461149430617,0.05400170697323955,0.12810195825630916
2013-09-25 19:00:00,0.16962369184414322,0.2968968155152744,0.06237091591916507,0.11599730388165415
2013-09-25 20:00:00,0.13977404765744478,0.28255592228189635,0.07645110091756532,0.10811257428750505
2013-09-25 21:00:00,0.11128764167008622,0.26418147223267785,0.08484141256439891,0.09806452711724256
2013-09-25 22:00:00,3.860236285063009e-07,0.22727874493360475,0.07357845660193284,0.03678942131278067
2013-09-25 23:00:00,2.537414581686561e-07,0.19063132108441977,0.06378434456800723,0.0318922991547327
2013-09-26 00:00:00,1.7959597697174672e-07,0.16342469256642234,0.06851789250785625,0.03425903605191661
2013-09-26 01:00:00,1.2268175536267605e-07,0.13359440168050715,0.06826215536691849,0.034131139024336926
2013-09-26 02:00:00,8.838908124022536e-08,0.11725835190297569,0.07504730053047332,0.037523694459777275
2013-09-26 03:00:00,8.563938261852814e-08,0.1081688640290195,0.07667692377064407,0.03833850470501334
2013-09-26 04:00:00,8.393134800291537e-08,0.10825999141113003,0.06873312677123106,0.03436660535128953
2013-09-26 05:00:00,5.927320734259897e-08,0.08159856884344899,0.061352292841289936,0.03067617605724864
2013-09-26 06:00:00,2.6020162237330584e-08,0.03257611430132997,0.05808240130670557,0.029041213663433905
2013-09-26 07:00:00,1.258551353023252e-08,0.023767116016637724,0.05747353342245908,0.028736773003986305
2013-09-26 08:00:00,7.3178114709779265e-09,1.1989168649345458e-07,0.06153840437427814,0.030769205846044805
2013-09-26 09:00:00,7.274610021160132e-09,8.677353049518804e-08,0.05864341450655609,0.029321710890583053
2013-09-26 10:00:00,8.004225975179664e-09,7.332936045485832e-08,0.05892840586177338,0.029464206932999677
2013-09-26 11:00:00,9.214112751568198e-09,1.0532468085010593e-07,0.05810819834839224,0.029054103781252495
2013-09-26 12:00:00,1.1136059999665861e-08,1.78084629651042e-07,0.06347982890519263,0.03173992002062632
2013-09-26 13:00:00,2.2588621883765024e-08,0.03622408238593226,0.06691384669576077,0.03345693464219133
2013-09-26 14:00:00,6.432366391500539e-08,0.0767694019882144,0.06197042379106603,0.030985244057364972
2013-09-26 15:00:00,1.6356171758300806e-07,0.12403626944018743,0.0636619376837588,0.031831050622738194
2013-09-26 16:00:00,2.3997763408450334e-07,0.13846184451687304,0.058378695116213214,0.02918946754692365
2013-09-26 17:00:00,1.7358303810935124e-07,0.11679246067661037,0.05112494652249508,0.025562560052766595
2013-09-26 18:00:00,1.3187286295529914e-07,0.1005510901932702,0.05400170697323955,0.027000919423051252
2013-09-26 19:00:00,1.1257682498393324e-07,0.09217503599045028,0.06237091591916507,0.03118551424799503
2013-09-26 20:00:00,9.632547136803738e-08,0.08213676363277303,0.07645110091756532,0.03822559862151834
2013-09-26 21:00:00,8.764163405946393e-08,0.07560460053611961,0.08484141256439891,0.042420750103016484
2013-09-26 22:00:00,7.666015323674691e-08,0.07340412033565985,0.07357845660193284,0.03678926663104304
2013-09-26 23:00:00,7.763075410017697e-08,0.07326835346321398,0.06378434456800723,0.03189221109938067
2013-09-27 00:00:00,6.996649926274747e-08,0.07337486345403624,0.06851789250785625,0.03425898123717776
2013-09-27 01:00:00,6.975018112378283e-08,0.07503499277286915,0.06826215536691849,0.0341311125585498
2013-09-27 02:00:00,7.402178849438547e-08,0.0786207453911816,0.07504730053047332,0.0375236872761309
2013-09-27 03:00:00,8.526843073293215e-08,0.07959792882036969,0.07667692377064407,0.0383385045195374
2013-09-27 04:00:00,7.891555631426723e-08,0.07624768922745831,0.06873312677123106,0.034366602843393684
2013-09-27 05:00:00,5.45600379475976e-08,0.06243225804317133,0.061352292841289936,0.03067617370066394
2013-09-27 06:00:00,2.2768040650469603e-08,0.027380139830891975,0.05808240130670557,0.02904121203737311
2013-09-27 07:00:00,1.2451617011188313e-08,0.021292424440783345,0.05747353342245908,0.028736772937038045
2013-09-27 08:00:00,7.288276173876501e-09,7.562277561382273e-08,0.06153840437427814,0.03076920583127716
2013-09-27 09:00:00,5.680084873797281e-09,5.1143336166791056e-08,0.05864341450655609,0.02932171009332048
2013-09-27 10:00:00,6.340588087685226e-09,5.753059796905747e-08,0.05892840586177338,0.029464206101180734
2013-09-27 11:00:00,7.3047279133120674e-09,7.133885209441577e-08,0.05810819834839224,0.029054102826560076
2013-09-27 12:00:00,8.904905132528187e-09,1.0363281708788182e-07,0.06347982890519263,0.03173991890504888
2013-09-27 13:00:00,1.9233433061248218e-08,0.03871303004924669,0.06691384669576077,0.03345693296459691
2013-09-27 14:00:00,5.369894078168071e-08,0.06263645997278638,0.06197042379106603,0.030985238745003404
2013-09-27 15:00:00,2.3582364387576934e-07,0.184988460179723,0.0636619376837588,0.03183108675370134
2013-09-27 16:00:00,0.1372529951570496,0.2997555504426018,0.058378695116213214,0.09781584513663141
2013-09-27 17:00:00,0.13417015058033457,0.29208221154518454,0.05112494652249508,0.09264754855141483
2013-09-27 18:00:00,0.1524187197754207,0.3047544941260459,0.05400170697323955,0.10321021337433013
2013-09-27 19:00:00,0.19017027880484733,0.33774563079079656,0.06237091591916507,0.1262705973620062
2013-09-27 20:00:00,0.27029062064017617,0.37690374307266006,0.07645110091756532,0.17337086077887076
2013-09-27 21:00:00,0.29598397983026026,0.40429412618092214,0.08484141256439891,0.1904126961973296
2013-09-27 22:00:00,0.33349423088479485,0.46017610117448804,0.07357845660193284,0.20353634374336385
2013-09-27 23:00:00,0.3343918818613324,0.4736524140210662,0.06378434456800723,0.19908811321466982
2013-09-28 00:00:00,0.33509538297888974,0.48472826440476807,0.06851789250785625,0.20180663774337299
2013-09-28 01:00:00,0.3352392820802058,0.4870585860946807,0.06826215536691849,0.20175071872356215
2013-09-28 02:00:00,0.24414005912393277,0.4545627813368164,0.07504730053047332,0.15959367982720304
2013-09-28 03:00:00,0.2033744724315021,0.43223850815180037,0.07667692377064407,0.1400256981010731
2013-09-28 04:00:00,0.16135456366627304,0.40098513300187655,0.06873312677123106,0.11504384521875205
2013-09-28 05:00:00,1.9247956107660818e-07,0.1921169004985999,0.061352292841289936,0.030676242660425505
2013-09-28 06:00:00,4.989348613845447e-08,0.07482311726045605,0.05808240130670557,0.029041225600095855
2013-09-28 07:00:00,1.522668546792821e-08,0.033585836944601155,0.05747353342245908,0.028736774324572275
2013-09-28 08:00:00,7.197270737358229e-09,7.022145472946383e-08,0.06153840437427814,0.03076920578577444
2013-09-28 09:00:00,6.540156495480687e-09,6.056215433961153e-08,0.05864341450655609,0.02932171052335629
2013-09-28 10:00:00,6.5016683389318844e-09,6.03835195664972e-08,0.05892840586177338,0.029464206181720857
2013-09-28 11:00:00,7.136746762232844e-09,6.65737017136903e-08,0.05810819834839224,0.0290541027425695
2013-09-28 12:00:00,8.055745457820285e-09,8.162005413024345e-08,0.06347982890519263,0.031739918480469045
2013-09-28 13:00:00,9.954408014938938e-09,1.1610959842056169e-07,0.06691384669576077,0.033456928325084394
2013-09-28 14:00:00,2.5205206296673898e-08,0.05508705411686737,0.06197042379106603,0.030985224498136163
2013-09-28 15:00:00,1.4110932790255698e-07,0.16450478685201583,0.0636619376837588,0.03183103939654335
2013-09-28 16:00:00,3.9609924345764683e-07,0.3003609021063892,0.058378695116213214,0.029189545607728337
2013-09-28 17:00:00,4.418641896670702e-07,0.3075347951214987,0.05112494652249508,0.025562694193342374
2013-09-28 18:00:00,4.297682662159674e-07,0.3043197102154408,0.05400170697323955,0.027001068370752883
2013-09-28 19:00:00,4.233003116760195e-07,0.30348261512887037,0.06237091591916507,0.031185669609738374
2013-09-28 20:00:00,4.3813634325035033e-07,0.3118604228296648,0.07645110091756532,0.038225769526954285
2013-09-28 21:00:00,4.382622201750507e-07,0.31734560825185887,0.08484141256439891,0.042420925413309545
2013-09-28 22:00:00,4.522107948554362e-07,0.3304955760836316,0.07357845660193284,0.036789454406363845
2013-09-28 23:00:00,1.0591660761815792e-06,0.4366754530885663,0.06378434456800723,0.031892701867041705
2013-09-29 00:00:00,0.26081065891570954,0.5688842307501492,0.06851789250785625,0.16466427571178288
2013-09-29 01:00:00,0.3413676676023043,0.6090721124991145,0.06826215536691849,0.2048149114846114
2013-09-29 02:00:00,0.3379572356376038,0.5522563587429365,0.07504730053047332,0.20650226808403857
2013-09-29 03:00:00,0.3366928819754702,0.5117374876130439,0.07667692377064407,0.20668490287305713
2013-09-29 04:00:00,0.33430037666311685,0.47233224136699453,0.06873312677123106,0.20151675171717395
2013-09-29 05:00:00,2.785818451807734e-07,0.2175504973404717,0.061352292841289936,0.03067628571156756
2013-09-29 06:00:00,5.7450862295432114e-08,0.07025719505161764,0.05808240130670557,0.029041229378783933
2013-09-29 07:00:00,1.8696371736294748e-08,2.900143089479611e-07,0.05747353342245908,0.02873677605941541
2013-09-29 08:00:00,1.222059209933751e-08,1.4476485319336445e-07,0.06153840437427814,0.03076920829743512
2013-09-29 09:00:00,1.3259105150153334e-08,1.5553626605303325e-07,0.05864341450655609,0.029321713882830617
2013-09-29 10:00:00,1.4845741610362131e-08,1.6289300820530814e-07,0.05892840586177338,0.029464210353757493
2013-09-29 11:00:00,1.7945721442707277e-08,2.0802476591726652e-07,0.05810819834839224,0.02905410814705684
2013-09-29 12:00:00,2.8548396133262488e-08,2.4488881293635146e-07,0.06347982890519263,0.03173992872679438
2013-09-29 13:00:00,3.313136014437852e-08,3.2631600715353276e-07,0.06691384669576077,0.033456939913560454
2013-09-29 14:00:00,1.0580519854562996e-07,0.1246580528940604,0.06197042379106603,0.030985264798132288
2013-09-29 15:00:00,2.7705381377419883e-07,0.187145192741172,0.0636619376837588,0.03183110736878629
2013-09-29 16:00:00,3.8063209634476567e-07,0.20992743487618534,0.058378695116213214,0.029189537874154778
2013-09-29 17:00:00,3.3490931508244005e-07,0.20093566766544055,0.05112494652249508,0.02556264071590508
2013-09-29 18:00:00,3.3207621354384303e-07,0.20014862614292767,0.05400170697323955,0.027001019524726545
2013-09-29 19:00:00,2.9018844890633517e-07,0.18521838732052998,0.06237091591916507,0.03118560305380699
2013-09-29 20:00:00,2.893256865080436e-07,0.17499256166719587,0.07645110091756532,0.038225695121625915
2013-09-29 21:00:00,2.754282427174832e-07,0.16419417782865198,0.08484141256439891,0.04242084399632081
2013-09-29 22:00:00,2.3842599481458145e-07,0.15558010004451775,0.07357845660193284,0.03678934751396382
2013-09-29 23:00:00,1.8603647085019656e-07,0.13613517413902038,0.06378434456800723,0.03189226530223904
2013-09-30 00:00:00,1.9204813187100213e-07,0.13104925745832843,0.06851789250785625,0.03425904227799406
2013-09-30 01:00:00,1.8334426615192398e-07,0.12281097701656433,0.06826215536691849,0.03413116935559232
2013-09-30 02:00:00,1.5020821938475224e-07,0.1099348201023897,0.07504730053047332,0.03752372536934635
2013-09-30 03:00:00,1.0537691393717804e-07,0.09246782754377542,0.07667692377064407,0.038338514573779
2013-09-30 04:00:00,9.961888260705297e-08,0.08515854070260002,0.06873312677123106,0.03436661319505683
2013-09-30 05:00:00,8.969570958838491e-08,0.07892338494746866,0.061352292841289936,0.030676191268499763
2013-09-30 06:00:00,7.577909764758121e-08,0.07151698829688406,0.05808240130670557,0.02904123854290161
2013-09-30 07:00:00,5.8948174981008065e-08,0.06417704304297578,0.05747353342245908,0.02873679618531703
2013-09-30 08:00:00,5.188689441547271e-08,0.05782515533104807,0.06153840437427814,0.030769228130586277
2013-09-30 09:00:00,3.8320042992405846e-08,0.03807881448094311,0.05864341450655609,0.02932172641329954
2013-09-30 10:00:00,3.1117206764468225e-08,0.037061558503370784,0.05892840586177338,0.02946421848949007
2013-09-30 11:00:00,3.707480081123001e-08,0.03809278609244042,0.05810819834839224,0.029054117711596526
2013-09-30 12:00:00,4.462588757357502e-08,0.039432414308230905,0.06347982890519263,0.0317399367655401
2013-09-30 13:00:00,5.3100985792719744e-08,0.05716304419333688,0.06691384669576077,0.03345694989837328
2013-09-30 14:00:00,5.88855448965653e-08,0.05968010138073239,0.06197042379106603,0.030985241338305464
2013-09-30 15:00:00,7.54998783456733e-08,0.06406455496508494,0.0636619376837588,0.031831006591818575
2013-09-30 16:00:00,8.314675704971119e-08,0.06595556311422952,0.058378695116213214,0.02918938913148513
2013-09-30 17:00:00,8.313741371961415e-08,0.06473329715044451,0.05112494652249508,0.0255625148299544
2013-09-30 18:00:00,8.310460741840531e-08,0.06390173247449568,0.05400170697323955,0.027000895038923483
2013-09-30 19:00:00,8.308594053930497e-08,0.06334491900779644,0.06237091591916507,0.031185499502552803
2013-09-30 20:00:00,8.307616414421125e-08,0.06285447895005732,0.07645110091756532,0.03822559199686473
2013-09-30 21:00:00,7.551618484018027e-08,0.06270355575854222,0.08484141256439891,0.04242074404029188
2013-09-30 22:00:00,7.551602288401311e-08,0.0625285238409497,0.07357845660193284,0.03678926605897786
2013-09-30 23:00:00,6.796442110885208e-08,0.0630173565005748,0.06378434456800723,0.03189220626621417
2013-10-01 00:00:00,6.796441341024871e-08,0.06342071243582656,0.08324662591444362,0.04162334693942852
2013-10-01 01:00:00,6.796440468516702e-08,0.06321393379564075,0.0827146716063341,0.04135736978536939
2013-10-01 02:00:00,6.796439647332747e-08,0.06305504802576073,0.07855957319049682,0.039279820577446646
2013-10-01 03:00:00,6.796438826148991e-08,0.06388557221051015,0.07189610456312784,0.03594808626375805
2013-10-01 04:00:00,7.55158837391285e-08,0.06475827796492956,0.061583577607476694,0.030791826561680218
2013-10-01 05:00:00,6.988560997565088e-08,0.06238227099511031,0.05825969475543702,0.029129882320523496
2013-10-01 06:00:00,6.069744189235104e-08,0.05796481584781453,0.05654246827951166,0.028271264488476777
2013-10-01 07:00:00,3.159022441347932e-08,0.03769747677371435,0.05518950765670508,0.027594769623464747
2013-10-01 08:00:00,1.3926394797722807e-08,1.136184625663511e-07,0.06705595036276384,0.03352798214457932
2013-10-01 09:00:00,1.3493977091517982e-08,1.0809232217739156e-07,0.062103514839646136,0.031051764166811612
2013-10-01 10:00:00,1.4056615615178483e-08,1.1073471331725318e-07,0.06473807974695596,0.03236904690178579
2013-10-01 11:00:00,1.5098182727366927e-08,1.418062504980945e-07,0.05592554546427459,0.027962780281228658
2013-10-01 12:00:00,2.1913452545254366e-08,1.7309148927864567e-07,0.0576083476017763,0.028804184757614423
2013-10-01 13:00:00,3.542551233099204e-08,0.04172640223112527,0.06209735720969025,0.03104869631760129
2013-10-01 14:00:00,6.915661626660308e-08,0.0616415729356022,0.05945817204461718,0.029729120600616724
2013-10-01 15:00:00,7.791277898131381e-08,0.06631496897115166,0.053295226152652135,0.026647652032715557
2013-10-01 16:00:00,8.331520344012413e-08,0.06931969753156501,0.05288717708650763,0.026443630200855533
2013-10-01 17:00:00,8.306729709912159e-08,0.06947639948114277,0.06227401515194166,0.03113704910961938
2013-10-01 18:00:00,8.30672952172555e-08,0.07004862623919533,0.048818364025543654,0.024409223546419435
2013-10-01 19:00:00,8.30672845533492e-08,0.07079137449003452,0.05517566968651828,0.027587876376901417
2013-10-01 20:00:00,8.306730901760886e-08,0.07160740685853192,0.06828336199621236,0.03414172253176069
2013-10-01 21:00:00,7.551602459481406e-08,0.07250360731348782,0.07569092428379691,0.037845499899910755
2013-10-01 22:00:00,7.551604170282785e-08,0.07322365340570502,0.08080678261975367,0.040403429067897685
2013-10-01 23:00:00,6.796443753254506e-08,0.0743541148503111,0.08324662591444362,0.04162334693944058
2013-10-02 00:00:00,6.796443240014016e-08,0.07643828367422162,0.08324662591444362,0.04162334693943801
2013-10-02 01:00:00,6.796442624125528e-08,0.07790538510772349,0.0827146716063341,0.04135736978538017
2013-10-02 02:00:00,6.79644205956118e-08,0.0795732410975756,0.07855957319049682,0.039279820577458706
2013-10-02 03:00:00,6.796441084404798e-08,0.07949337480305292,0.07189610456312784,0.035948086263769344
2013-10-02 04:00:00,7.551574858659628e-08,0.07895492057303706,0.061583577607476694,0.03079182656161264
2013-10-02 05:00:00,6.525755037525604e-08,0.07164278049284326,0.05825969475543702,0.0291298800064937
2013-10-02 06:00:00,5.0927315887987746e-08,0.06129418707665024,0.05654246827951166,0.028271259603413774
2013-10-02 07:00:00,2.5450252721857873e-08,0.036132288525986524,0.05518950765670508,0.0275947665534789
2013-10-02 08:00:00,1.1396189665751352e-08,1.169957609145315e-07,0.06705595036276384,0.033527980879476754
2013-10-02 09:00:00,1.1336418224652665e-08,1.1677278202752995e-07,0.062103514839646136,0.031051763088032182
2013-10-02 10:00:00,1.1562000437274856e-08,1.2569142538877805e-07,0.06473807974695596,0.0323690456544782
2013-10-02 11:00:00,1.269357414972919e-08,1.4614057610460487e-07,0.05592554546427459,0.02796277907892437
2013-10-02 12:00:00,1.8684394332815805e-08,1.3630570559388888e-07,0.0576083476017763,0.028804183143085315
2013-10-02 13:00:00,3.0394154434117075e-08,0.044795745907397634,0.06209735720969025,0.031048693801922343
2013-10-02 14:00:00,6.372126769661977e-08,0.07195169600324253,0.05945817204461718,0.02972911788294244
2013-10-02 15:00:00,7.689038452958194e-08,0.0840450612334757,0.053295226152652135,0.026647651521518333
2013-10-02 16:00:00,8.306744325764898e-08,0.08825687097424041,0.05288717708650763,0.026443630076975443
2013-10-02 17:00:00,8.307043428845454e-08,0.08678659655110717,0.06227401515194166,0.031137049111187975
2013-10-02 18:00:00,8.307367209623853e-08,0.0867810378332931,0.048818364025543654,0.024409223549607874
2013-10-02 19:00:00,8.307736944059084e-08,0.08770659208214797,0.05517566968651828,0.027587876381943863
2013-10-02 20:00:00,8.319180013215396e-08,0.08924143910108338,0.06828336199621236,0.034141722594006246
2013-10-02 21:00:00,8.33866331848614e-08,0.09088559101690942,0.07569092428379691,0.037845503835215046
2013-10-02 22:00:00,7.587441200555357e-08,0.09054221648453425,0.08080678261975367,0.04040342924708284
2013-10-02 23:00:00,7.598144645530103e-08,0.09238025557568008,0.08324662591444362,0.04162335094794504
2013-10-03 00:00:00,7.592095074166721e-08,0.0907763257908175,0.08324662591444362,0.041623350917697186
2013-10-03 01:00:00,7.587533427637269e-08,0.08903938870289349,0.0827146716063341,0.04135737374083419
2013-10-03 02:00:00,7.572362117110987e-08,0.08774067880467315,0.07855957319049682,0.03927982445705899
2013-10-03 03:00:00,7.57015336827918e-08,0.08857884953978722,0.07189610456312784,0.03594809013233076
2013-10-03 04:00:00,8.320990971323876e-08,0.08873078587860411,0.061583577607476694,0.030791830408693203
2013-10-03 05:00:00,6.826862893710692e-08,0.07692139554392143,0.05825969475543702,0.02912988151203298
2013-10-03 06:00:00,3.930380741445653e-08,0.05405136890070045,0.05654246827951166,0.02827125379165954
2013-10-03 07:00:00,1.1825297384500236e-08,1.2729879858101522e-07,0.05518950765670508,0.027594759741001233
2013-10-03 08:00:00,7.807832644374952e-09,6.92189973352453e-08,0.06705595036276384,0.03352797908529824
2013-10-03 09:00:00,8.471344979544513e-09,7.260783750858916e-08,0.062103514839646136,0.031051761655495558
2013-10-03 10:00:00,9.320779453040133e-09,7.664630286530237e-08,0.06473807974695596,0.03236904453386771
2013-10-03 11:00:00,1.1018849913490458e-08,8.999700750220652e-08,0.05592554546427459,0.027962778241562253
2013-10-03 12:00:00,1.286363833294245e-08,1.0481165483536159e-07,0.0576083476017763,0.028804180232707317
2013-10-03 13:00:00,1.8528258807017574e-08,1.3717970636391982e-07,0.06209735720969025,0.03104868786897453
2013-10-03 14:00:00,3.83706024528276e-08,0.04516894152601361,0.05945817204461718,0.029729105207609817
2013-10-03 15:00:00,7.498202408220842e-08,0.08016407333268886,0.053295226152652135,0.02664765056733811
2013-10-03 16:00:00,8.321423736897521e-08,0.0894058965567142,0.05288717708650763,0.0264436301503725
2013-10-03 17:00:00,8.318323800282188e-08,0.08976276818468071,0.06227401515194166,0.031137049167589834
2013-10-03 18:00:00,8.316219310013265e-08,0.08841440112927067,0.048818364025543654,0.024409223593868375
2013-10-03 19:00:00,8.307762292746633e-08,0.08731833387574951,0.05517566968651828,0.027587876382070605
2013-10-03 20:00:00,8.30675241782566e-08,0.08688507264649059,0.06828336199621236,0.03414172253186827
2013-10-03 21:00:00,8.306735920075065e-08,0.0875770423524678,0.07569092428379691,0.037845503675578054
2013-10-03 22:00:00,8.306759506232924e-08,0.0911236254430589,0.08080678261975367,0.04040343284367437
2013-10-03 23:00:00,7.551605710004688e-08,0.09194808510704414,0.08324662591444362,0.04162335071525036
2013-10-04 00:00:00,7.551604968657026e-08,0.0915413735021956,0.08324662591444362,0.04162335071524666
2013-10-04 01:00:00,7.551604455416423e-08,0.09151602377905807,0.0827146716063341,0.04135737356118933
2013-10-04 02:00:00,7.551604170282785e-08,0.0921834581257651,0.07855957319049682,0.03927982435326926
2013-10-04 03:00:00,8.306771424821084e-08,0.09252051881780544,0.07189610456312784,0.035948093815421044
2013-10-04 04:00:00,8.307226803234052e-08,0.09282887279349762,0.061583577607476694,0.030791830339872362
2013-10-04 05:00:00,6.733287733468412e-08,0.08031118911607846,0.05825969475543702,0.029129881044157178
2013-10-04 06:00:00,2.8995708412854466e-08,0.047444109182279724,0.05654246827951166,0.028271248637610037
2013-10-04 07:00:00,6.885291518388757e-09,8.14633565509387e-08,0.05518950765670508,0.027594757270998298
2013-10-04 08:00:00,6.215313912778404e-09,5.382018163410199e-08,0.06705595036276384,0.033527978289038876
2013-10-04 09:00:00,6.785297582818708e-09,5.8559826834777294e-08,0.062103514839646136,0.03105176081247186
2013-10-04 10:00:00,7.138597371838762e-09,6.139269191814622e-08,0.06473807974695596,0.03236904344277666
2013-10-04 11:00:00,7.693428920802566e-09,6.61390960103444e-08,0.05592554546427459,0.027962776578851756
2013-10-04 12:00:00,8.122494560710599e-09,6.794397923790267e-08,0.0576083476017763,0.02880417786213543
2013-10-04 13:00:00,8.43213552281115e-09,9.155061824735906e-08,0.06209735720969025,0.031048682820912887
2013-10-04 14:00:00,2.8504871427298742e-08,0.03585163716719596,0.05945817204461718,0.029729100274744305
2013-10-04 15:00:00,6.73074293145026e-08,0.08349332664244753,0.053295226152652135,0.026647646730040726
2013-10-04 16:00:00,8.371754868076517e-08,0.10386448983612931,0.05288717708650763,0.026443630402028153
2013-10-04 17:00:00,8.41106842774253e-08,0.10467558446408738,0.06227401515194166,0.03113704963131297
2013-10-04 18:00:00,8.415624754942746e-08,0.10396930272349446,0.048818364025543654,0.0244092240908956
2013-10-04 19:00:00,8.417019807833928e-08,0.1040488278517463,0.05517566968651828,0.02758787692835818
2013-10-04 20:00:00,8.421151590183279e-08,0.10473081148792632,0.06828336199621236,0.03414172310386413
2013-10-04 21:00:00,8.43080344874738e-08,0.10508107647730185,0.07569092428379691,0.0378455042959157
2013-10-04 22:00:00,8.398967125564598e-08,0.10121207058183983,0.08080678261975367,0.040403433304712466
2013-10-04 23:00:00,8.365496958012513e-08,0.10082277265003986,0.08324662591444362,0.0416233547847066
2013-10-05 00:00:00,7.576801337541832e-08,0.10121588305121582,0.08324662591444362,0.0416233508412285
2013-10-05 01:00:00,7.571401094813998e-08,0.1027557839181192,0.0827146716063341,0.041357373660172524
2013-10-05 02:00:00,7.572677045156866e-08,0.10432303392341517,0.07855957319049682,0.039279824458633636
2013-10-05 03:00:00,8.336832592498389e-08,0.10550780240626668,0.07189610456312784,0.03594809396572688
2013-10-05 04:00:00,8.363479177229203e-08,0.10810357363954094,0.061583577607476694,0.030791830621134234
2013-10-05 05:00:00,6.439375144578607e-08,0.08734170996774614,0.05825969475543702,0.029129879574594234
2013-10-05 06:00:00,1.9572882898142675e-08,0.03132408235080871,0.05654246827951166,0.02827124392619728
2013-10-05 07:00:00,7.904582629016083e-09,1.0683416623650404e-07,0.05518950765670508,0.027594757780643853
2013-10-05 08:00:00,5.1604435748034345e-09,5.456085383136348e-08,0.06705595036276384,0.033527977761603704
2013-10-05 09:00:00,4.90173634566033e-09,5.165736941084897e-08,0.062103514839646136,0.03105175987069124
2013-10-05 10:00:00,5.075511729376489e-09,5.2203643054035286e-08,0.06473807974695596,0.032369042411233846
2013-10-05 11:00:00,5.7572052959533604e-09,6.066800466580514e-08,0.05592554546427459,0.027962775610739943
2013-10-05 12:00:00,6.848763555389584e-09,8.332346690903501e-08,0.0576083476017763,0.028804177225269928
2013-10-05 13:00:00,1.4482698516492006e-08,0.032139175851898835,0.06209735720969025,0.031048685846194385
2013-10-05 14:00:00,4.36221236831838e-08,0.053737420536576,0.05945817204461718,0.029729107833370433
2013-10-05 15:00:00,1.983317308429984e-07,0.2172448251313157,0.053295226152652135,0.02664771224219149
2013-10-05 16:00:00,5.95664665919306e-07,0.36191115475310687,0.05288717708650763,0.026443886375586773
2013-10-05 17:00:00,6.327632136778096e-07,0.3445900175182619,0.06227401515194166,0.03113732395757767
2013-10-05 18:00:00,5.95755415971867e-07,0.3294178745783558,0.048818364025543654,0.024409479890479813
2013-10-05 19:00:00,6.698963792100703e-07,0.345357119543412,0.05517566968651828,0.027588169791448746
2013-10-05 20:00:00,8.148103484469788e-07,0.3680336258488097,0.06828336199621236,0.0341420884032804
2013-10-05 21:00:00,8.929870318799619e-07,0.3767994459608041,0.07569092428379691,0.03784590863541439
2013-10-05 22:00:00,0.166856055132847,0.38564711980148964,0.08080678261975367,0.12383141887630034
2013-10-05 23:00:00,0.17551596977381778,0.40733543883935325,0.08324662591444362,0.12938129784413072
2013-10-06 00:00:00,0.16931926270167882,0.41198646267327527,0.08324662591444362,0.12628294430806122
2013-10-06 01:00:00,0.1515040918107367,0.39451121103735204,0.0827146716063341,0.11710938170853541
2013-10-06 02:00:00,9.295425349368562e-07,0.3773914536058342,0.07855957319049682,0.039280251366515875
2013-10-06 03:00:00,8.399039272075118e-07,0.3720795670836978,0.07189610456312784,0.035948472233527526
2013-10-06 04:00:00,9.320346757569986e-07,0.3862536447176351,0.061583577607476694,0.030792254821076226
2013-10-06 05:00:00,1.89893514967286e-07,0.18899276672561252,0.05825969475543702,0.029129942324475994
2013-10-06 06:00:00,2.7368632590554693e-08,0.03687456497504562,0.05654246827951166,0.028271247824072126
2013-10-06 07:00:00,1.0748763394004505e-08,0.023829304866007567,0.05518950765670508,0.027594759202734236
2013-10-06 08:00:00,7.236640187528846e-09,1.223888968128415e-07,0.06705595036276384,0.03352797879970201
2013-10-06 09:00:00,6.72080779163141e-09,9.602090401587606e-08,0.062103514839646136,0.031051760780226964
2013-10-06 10:00:00,6.7239431079710064e-09,8.11822796196815e-08,0.06473807974695596,0.032369043235449535
2013-10-06 11:00:00,7.2825003882483014e-09,1.0404586523453445e-07,0.05592554546427459,0.02796277637338749
2013-10-06 12:00:00,8.723083369737486e-09,1.5446804516653365e-07,0.0576083476017763,0.028804178162429833
2013-10-06 13:00:00,1.470880347805073e-08,0.03229268444609655,0.06209735720969025,0.031048685959246865
2013-10-06 14:00:00,3.826441072966e-08,0.05841705629537081,0.05945817204461718,0.029729105154513956
2013-10-06 15:00:00,3.358358702934702e-07,0.2695990150302391,0.053295226152652135,0.026647780994261214
2013-10-06 16:00:00,8.685997327397586e-07,0.36799322579585964,0.05288717708650763,0.026444022843120182
2013-10-06 17:00:00,6.806419369237979e-07,0.30734713997542656,0.06227401515194166,0.031137347896939293
2013-10-06 18:00:00,5.908156419407992e-07,0.26667089402700644,0.048818364025543654,0.024409477420592796
2013-10-06 19:00:00,5.399380916801136e-07,0.24714564236381467,0.05517566968651828,0.027588104812304982
2013-10-06 20:00:00,5.609888458587778e-07,0.24844210726668245,0.06828336199621236,0.03414196149252911
2013-10-06 21:00:00,6.822369258751441e-07,0.264825239585788,0.07569092428379691,0.03784580326036139
2013-10-06 22:00:00,0.1216052939672236,0.286922331388128,0.08080678261975367,0.10120603829348863
2013-10-06 23:00:00,0.1393968429001186,0.3102575774011756,0.08324662591444362,0.11132173440728112
2013-10-07 00:00:00,0.1507443906446587,0.327924167776412,0.08324662591444362,0.11699550827955116
2013-10-07 01:00:00,0.17649486089764876,0.36447647603630234,0.0827146716063341,0.12960476625199144
2013-10-07 02:00:00,0.2111723150539585,0.40410441464363067,0.07855957319049682,0.14486594412222767
2013-10-07 03:00:00,0.21003925482209967,0.41411136911804697,0.07189610456312784,0.14096767969261376
2013-10-07 04:00:00,0.17419431419883769,0.39632485910662074,0.061583577607476694,0.11788894590315718
2013-10-07 05:00:00,2.1570820484396305e-07,0.19732413236725324,0.05825969475543702,0.029129955231820933
2013-10-07 06:00:00,3.70864634030297e-08,0.056590742015756174,0.05654246827951166,0.02827125268298753
2013-10-07 07:00:00,1.603773975258194e-08,0.025343907715757893,0.05518950765670508,0.027594761847222416
2013-10-07 08:00:00,9.309994661351141e-09,0.02068445533637071,0.06705595036276384,0.03352797983637925
2013-10-07 09:00:00,8.544281475262614e-09,4.7494123128828084e-07,0.062103514839646136,0.031051761691963806
2013-10-07 10:00:00,6.906763612302984e-09,7.519752646036288e-08,0.06473807974695596,0.03236904332685978
2013-10-07 11:00:00,9.418394546493377e-09,3.2426179302348744e-07,0.05592554546427459,0.027962777441334567
2013-10-07 12:00:00,1.0933476593365122e-08,8.648709305765307e-07,0.0576083476017763,0.028804179267626448
2013-10-07 13:00:00,1.9579953495372736e-08,0.03110095457502014,0.06209735720969025,0.031048688394821874
2013-10-07 14:00:00,4.7432561759235005e-08,0.07281844985627213,0.05945817204461718,0.02972910973858947
2013-10-07 15:00:00,1.6120422250719875e-07,0.17764649530311077,0.053295226152652135,0.02664769367843732
2013-10-07 16:00:00,2.4731197735953275e-07,0.21398354801788494,0.05288717708650763,0.026443712199242495
2013-10-07 17:00:00,2.593818901262086e-07,0.1998167026953659,0.06227401515194166,0.031137137266915894
2013-10-07 18:00:00,3.186013424238599e-07,0.20687630652034908,0.048818364025543654,0.02440934131344304
2013-10-07 19:00:00,3.956009177941293e-07,0.22345498821427628,0.05517566968651828,0.02758803264371804
2013-10-07 20:00:00,5.072413779110582e-07,0.24814840063916124,0.06828336199621236,0.03414193461879514
2013-10-07 21:00:00,6.398975419324861e-07,0.27301925869472315,0.07569092428379691,0.03784578209066942
2013-10-07 22:00:00,0.12779122510526744,0.3068923134001338,0.08080678261975367,0.10429900386251056
2013-10-07 23:00:00,0.13652154938952166,0.3246664052971684,0.08324662591444362,0.10988408765198264
2013-10-08 00:00:00,0.14003432263305837,0.3389207286480185,0.08324662591444362,0.111640474273751
2013-10-08 01:00:00,0.14403098545451226,0.3482193641949545,0.0827146716063341,0.11337282853042319
2013-10-08 02:00:00,0.1434098763701172,0.3392448997481173,0.07855957319049682,0.11098472478030702
2013-10-08 03:00:00,0.15993513886792035,0.34974858498356814,0.07189610456312784,0.1159156217155241
2013-10-08 04:00:00,0.16690929661394935,0.3526966637086196,0.061583577607476694,0.11424643711071303
2013-10-08 05:00:00,2.41059175447448e-07,0.201194210281708,0.05825969475543702,0.029129967907306233
2013-10-08 06:00:00,4.185439478846487e-08,0.06222155160374163,0.05654246827951166,0.028271255066953226
2013-10-08 07:00:00,2.0622353605862224e-08,0.02816214793820993,0.05518950765670508,0.02759476413952934
2013-10-08 08:00:00,1.0653419040657698e-08,0.023450815009629155,0.06705595036276384,0.033527980508091436
2013-10-08 09:00:00,9.826972177011602e-09,9.39655467153757e-06,0.062103514839646136,0.031051762333309158
2013-10-08 10:00:00,9.531648296902335e-09,2.2425694155783564e-07,0.06473807974695596,0.032369044639302125
2013-10-08 11:00:00,9.995712738849181e-09,1.4647837747131244e-06,0.05592554546427459,0.027962777729993664
2013-10-08 12:00:00,1.1539677847136652e-08,0.025250225235237976,0.0576083476017763,0.028804179570727072
2013-10-08 13:00:00,2.1227606429381042e-08,0.0326453508707963,0.06209735720969025,0.03104868921864834
2013-10-08 14:00:00,6.322423831992691e-08,0.08151913229199251,0.05945817204461718,0.02972911763442775
2013-10-08 15:00:00,4.470905884789227e-07,0.2628415567783228,0.053295226152652135,0.02664783662162031
2013-10-08 16:00:00,0.2657649023424657,0.33027661660457386,0.05288717708650763,0.15932603971448667
2013-10-08 17:00:00,0.27665579750293356,0.28965526317671403,0.06227401515194166,0.1694649063274376
2013-10-08 18:00:00,0.08800533517175953,0.2807856114537124,0.048818364025543654,0.0684118495986516
2013-10-08 19:00:00,0.08823881298381388,0.2813262152750039,0.05517566968651828,0.07170724133516608
2013-10-08 20:00:00,0.08808973859340076,0.28173628976164905,0.06828336199621236,0.07818655029480656
2013-10-08 21:00:00,0.28095202340056413,0.2922415865446441,0.07569092428379691,0.17832147384218053
2013-10-08 22:00:00,0.260797102746131,0.29838261360287344,0.08080678261975367,0.17080194268294233
2013-10-08 23:00:00,0.24500347979346554,0.3020435920985249,0.08324662591444362,0.16412505285395457
2013-10-09 00:00:00,0.25916144301366334,0.32087662179031445,0.08324662591444362,0.17120403446405347
2013-10-09 01:00:00,0.2680933498842253,0.3312534306119603,0.0827146716063341,0.1754040107452797
2013-10-09 02:00:00,0.25354317577297825,0.3326028125484738,0.07855957319049682,0.16605137448173754
2013-10-09 03:00:00,0.18178103454931993,0.3163433571301958,0.07189610456312784,0.12683856955622388
2013-10-09 04:00:00,0.1514980020075615,0.30227554708258003,0.061583577607476694,0.1065407898075191
2013-10-09 05:00:00,2.725936049887207e-07,0.19594282578141023,0.05825969475543702,0.029129983674521003
2013-10-09 06:00:00,6.660361564751197e-08,0.08254648848930266,0.05654246827951166,0.028271267441563656
2013-10-09 07:00:00,3.839652782349097e-08,0.05794080226633727,0.05518950765670508,0.02759477302661645
2013-10-09 08:00:00,2.669525004208284e-08,0.03389029334079903,0.06705595036276384,0.03352798852900694
2013-10-09 09:00:00,2.365973378456617e-08,0.02830732680086207,0.062103514839646136,0.03105176924968996
2013-10-09 10:00:00,1.7572593570188514e-08,0.027190363476445333,0.06473807974695596,0.03236904865977477
2013-10-09 11:00:00,2.551286644470246e-08,0.03046537320774142,0.05592554546427459,0.027962785488570518
2013-10-09 12:00:00,3.309542929138549e-08,0.05539800789195599,0.0576083476017763,0.028804190348602796
2013-10-09 13:00:00,5.135100303888561e-08,0.07336764834838841,0.06209735720969025,0.031048704280346645
2013-10-09 14:00:00,1.0947716879023676e-07,0.12250679132425656,0.05945817204461718,0.029729140760892985
2013-10-09 15:00:00,4.1698333708049725e-07,0.2437146451254918,0.053295226152652135,0.02664782156799461
2013-10-09 16:00:00,5.714909752742872e-07,0.23512510835179495,0.05288717708650763,0.02644387428874145
2013-10-09 17:00:00,4.692950288473521e-07,0.2024083071289641,0.06227401515194166,0.031137242223485254
2013-10-09 18:00:00,3.907539238176914e-07,0.19064802150153717,0.048818364025543654,0.024409377389733734
2013-10-09 19:00:00,3.5672025945367066e-07,0.18849007249335065,0.05517566968651828,0.02758801320338887
2013-10-09 20:00:00,3.3226910559439683e-07,0.19016839875355268,0.06828336199621236,0.03414184713265898
2013-10-09 21:00:00,3.3818344761115676e-07,0.19643746109044136,0.07569092428379691,0.03784563123362226
2013-10-09 22:00:00,3.2039827252902307e-07,0.19089598388903858,0.08080678261975367,0.0404035515090131
2013-10-09 23:00:00,3.8225581038388177e-07,0.21091237659813913,0.08324662591444362,0.041623504085127
2013-10-10 00:00:00,4.470197114560912e-07,0.23129151335899298,0.08324662591444362,0.04162353646707754
2013-10-10 01:00:00,5.777065156366772e-07,0.26097581133572184,0.0827146716063341,0.04135762465642487
2013-10-10 02:00:00,6.866607717879803e-07,0.2789691490124782,0.07855957319049682,0.0392801299256343
2013-10-10 03:00:00,5.451735512917366e-07,0.272647219377794,0.07189610456312784,0.035948324868339564
2013-10-10 04:00:00,5.759949697835657e-07,0.2782067435190459,0.061583577607476694,0.03079207680122324
2013-10-10 05:00:00,2.2979477237783273e-07,0.19104268312760392,0.05825969475543702,0.0291299622751047
2013-10-10 06:00:00,7.860752627045661e-08,0.09562001721568772,0.05654246827951166,0.028271273443518968
2013-10-10 07:00:00,4.785514576619974e-08,0.06991007018488214,0.05518950765670508,0.02759477775592542
2013-10-10 08:00:00,2.4122434449868925e-08,0.036590400227682326,0.06705595036276384,0.033527987242599144
2013-10-10 09:00:00,1.6610952516811515e-08,0.029839111938157793,0.062103514839646136,0.031051765725299326
2013-10-10 10:00:00,1.4590762098265978e-08,0.02635928224011603,0.06473807974695596,0.03236904716885903
2013-10-10 11:00:00,1.5917149243239567e-08,0.0286081821656142,0.05592554546427459,0.027962780690711918
2013-10-10 12:00:00,1.8651386969669802e-08,0.03334886417913204,0.0576083476017763,0.028804183126581635
2013-10-10 13:00:00,3.694873594433137e-08,0.06194429244745562,0.06209735720969025,0.031048697079213098
2013-10-10 14:00:00,7.893542235689404e-08,0.1008475347956522,0.05945817204461718,0.02972912549001977
2013-10-10 15:00:00,2.8466426644658163e-07,0.23837133363308197,0.053295226152652135,0.02664775540845929
2013-10-10 16:00:00,4.6760208337982785e-07,0.27340638838311165,0.05288717708650763,0.026443822344295504
2013-10-10 17:00:00,4.843700606638273e-07,0.2520496888972281,0.06227401515194166,0.031137249761001164
2013-10-10 18:00:00,4.794463318890521e-07,0.2376185385863721,0.048818364025543654,0.02440942173593777
2013-10-10 19:00:00,4.543504968777034e-07,0.2297795378572049,0.05517566968651828,0.02758806201850758
2013-10-10 20:00:00,4.6597400619076125e-07,0.23371623812592338,0.06828336199621236,0.034141913985109275
2013-10-10 21:00:00,5.48094467370018e-07,0.24959737155490969,0.07569092428379691,0.03784573618913214
2013-10-10 22:00:00,4.519955088082625e-07,0.2405064025623231,0.08080678261975367,0.04040361730763124
2013-10-10 23:00:00,6.04787852517094e-07,0.2670703884383592,0.08324662591444362,0.04162361535114807
2013-10-11 00:00:00,0.14508889236805492,0.3054491458762712,0.08324662591444362,0.11416775914124927
2013-10-11 01:00:00,0.2072305727716687,0.3443472716049287,0.0827146716063341,0.1449726221890014
2013-10-11 02:00:00,0.3278529391553271,0.3892099806539907,0.07855957319049682,0.20320625617291196
2013-10-11 03:00:00,0.3276270203326592,0.3867872281831838,0.07189610456312784,0.19976156244789353
2013-10-11 04:00:00,0.32646824392905366,0.3747415300744161,0.061583577607476694,0.19402591076826517
2013-10-11 05:00:00,4.2146746849703084e-07,0.2372192700094693,0.05825969475543702,0.029130058111452757
2013-10-11 06:00:00,5.205183465357868e-08,0.07240915988624866,0.05654246827951166,0.02827126016567316
2013-10-11 07:00:00,2.8282951800922614e-08,0.03452861338729358,0.05518950765670508,0.02759476796982844
2013-10-11 08:00:00,1.3037653876062425e-08,0.028249115094913055,0.06705595036276384,0.033527981700208855
2013-10-11 09:00:00,1.2129490520546013e-08,0.026286050514623117,0.062103514839646136,0.03105176348456833
2013-10-11 10:00:00,1.1613372786685963e-08,0.025209209464810207,0.06473807974695596,0.032369045680164375
2013-10-11 11:00:00,1.2695123831119642e-08,0.027360167992501,0.05592554546427459,0.027962779079699213
2013-10-11 12:00:00,1.7912047708070353e-08,0.031800793335097034,0.0576083476017763,0.028804182756912003
2013-10-11 13:00:00,2.4500093157520882e-08,0.04250697014130003,0.06209735720969025,0.031048690854891703
2013-10-11 14:00:00,8.579271741654792e-08,0.10262883945408831,0.05945817204461718,0.0297291289186673
2013-10-11 15:00:00,4.821814238291428e-07,0.25820627459647527,0.053295226152652135,0.026647854167037983
2013-10-11 16:00:00,0.10537062297291176,0.23779397943878142,0.05288717708650763,0.0791289000297097
2013-10-11 17:00:00,4.890265987791052e-07,0.1970422837303991,0.06227401515194166,0.03113725208927022
2013-10-11 18:00:00,3.9471775778496454e-07,0.18122463512392883,0.048818364025543654,0.02440937937165072
2013-10-11 19:00:00,3.149549124863417e-07,0.17455855876051324,0.05517566968651828,0.027587992320715383
2013-10-11 20:00:00,2.8855324492026936e-07,0.1757879383391438,0.06828336199621236,0.03414182527472864
2013-10-11 21:00:00,3.5693716630633863e-07,0.19627394464690928,0.07569092428379691,0.03784564061048161
2013-10-11 22:00:00,0.11322892730345903,0.24644709182140878,0.08080678261975367,0.09701785496160635
2013-10-11 23:00:00,0.15538855032093826,0.286420183222838,0.08324662591444362,0.11931758811769094
2013-10-12 00:00:00,0.2415950831680611,0.31825439743851797,0.08324662591444362,0.16242085454125238
2013-10-12 01:00:00,0.2517923094400664,0.3363219841637946,0.0827146716063341,0.16725349052320027
2013-10-12 02:00:00,0.1541272897030858,0.31767983040609105,0.07855957319049682,0.11634343144679132
2013-10-12 03:00:00,6.806085828702205e-07,0.28801825238852324,0.07189610456312784,0.03594839258585535
2013-10-12 04:00:00,5.926644945692536e-07,0.28548300434339985,0.061583577607476694,0.030792085135985633
2013-10-12 05:00:00,3.178272726658086e-07,0.22711870665684677,0.05825969475543702,0.029130006291354843
2013-10-12 06:00:00,7.887643868921156e-08,0.09517784859764311,0.05654246827951166,0.028271273577975174
2013-10-12 07:00:00,3.266900568035603e-08,0.04781884273017685,0.05518950765670508,0.02759477016285538
2013-10-12 08:00:00,1.99876187095656e-08,0.04208851920495146,0.06705595036276384,0.033527985175191274
2013-10-12 09:00:00,1.1851774127624487e-08,1.3640439605451649e-07,0.062103514839646136,0.03105176334571013
2013-10-12 10:00:00,1.1721735379479461e-08,1.491767480701494e-07,0.06473807974695596,0.03236904573434567
2013-10-12 11:00:00,1.3289532451921929e-08,1.8244602003813756e-07,0.05592554546427459,0.027962779376903522
2013-10-12 12:00:00,1.5303638106340473e-08,1.608217412017139e-07,0.0576083476017763,0.028804181452707203
2013-10-12 13:00:00,3.213812771893783e-08,0.03681424970473321,0.06209735720969025,0.031048694673908986
2013-10-12 14:00:00,8.969452712473497e-08,0.10632431518119136,0.05945817204461718,0.029729130869572153
2013-10-12 15:00:00,0.13492359170396126,0.34337766369037503,0.053295226152652135,0.0941094089283067
2013-10-12 16:00:00,0.14607717697586659,0.31626567169102227,0.05288717708650763,0.09948217703118711
2013-10-12 17:00:00,0.15778007855868173,0.30502129750455226,0.06227401515194166,0.1100270468553117
2013-10-12 18:00:00,0.14399357725283723,0.28671283009682236,0.048818364025543654,0.09640597063919044
2013-10-12 19:00:00,0.12877397533433463,0.2704509946899043,0.05517566968651828,0.09197482251042646
2013-10-12 20:00:00,0.13107050899029818,0.2633904854562801,0.06828336199621236,0.09967693549325526
2013-10-12 21:00:00,0.13577400192487596,0.25623304052570195,0.07569092428379691,0.10573246310433643
2013-10-12 22:00:00,0.17676408620445935,0.2817037828866577,0.08080678261975367,0.12878543441210652
2013-10-12 23:00:00,0.12258787283939723,0.2606939937979999,0.08324662591444362,0.10291724937692043
2013-10-13 00:00:00,5.674007921637204e-07,0.256992437563707,0.08324662591444362,0.041623596657617896
2013-10-13 01:00:00,5.317447250198171e-07,0.26711652697769545,0.0827146716063341,0.04135760167552956
2013-10-13 02:00:00,5.456423095411957e-07,0.2782458594743184,0.07855957319049682,0.03928005941640318
2013-10-13 03:00:00,5.800141059430566e-07,0.28885859756828886,0.07189610456312784,0.03594834228861689
2013-10-13 04:00:00,5.756104335565812e-07,0.2938533719196824,0.061583577607476694,0.030792076608955124
2013-10-13 05:00:00,3.311630213495682e-07,0.23776843645705445,0.05825969475543702,0.029130012959229186
2013-10-13 06:00:00,8.050751032826823e-08,0.10559779583635676,0.05654246827951166,0.028271274393510994
2013-10-13 07:00:00,2.03309738187783e-08,1.8130785467130167e-07,0.05518950765670508,0.02759476399383945
2013-10-13 08:00:00,1.2201144654452806e-08,1.4321353086531654e-07,0.06705595036276384,0.03352798128195424
2013-10-13 09:00:00,1.192640615489064e-08,1.1864745671089783e-07,0.062103514839646136,0.031051763383026145
2013-10-13 10:00:00,1.2161775647784212e-08,1.1232567832979701e-07,0.06473807974695596,0.0323690459543658
2013-10-13 11:00:00,1.4663406489589676e-08,1.385054068528805e-07,0.05592554546427459,0.02796278006384054
2013-10-13 12:00:00,1.8478121239240377e-08,1.8349275956885776e-07,0.0576083476017763,0.02880418303994877
2013-10-13 13:00:00,2.2611820199368117e-08,2.653018533150298e-07,0.06209735720969025,0.031048689910755226
2013-10-13 14:00:00,5.443855355783304e-08,6.797416969002701e-07,0.05945817204461718,0.02972911324158537
2013-10-13 15:00:00,0.27185755741494766,0.5038563400663778,0.053295226152652135,0.1625763917837999
2013-10-13 16:00:00,0.24927634465536494,0.46617674616206745,0.05288717708650763,0.15108176087093628
2013-10-13 17:00:00,0.225430519115771,0.43931353161119485,0.06227401515194166,0.14385226713385632
2013-10-13 18:00:00,0.22166723523545362,0.4318494159182743,0.048818364025543654,0.13524279963049862
2013-10-13 19:00:00,0.2229205426661892,0.42606766332569135,0.05517566968651828,0.13904810617635374
2013-10-13 20:00:00,0.2314402453662477,0.433081713641336,0.06828336199621236,0.14986180368123003
2013-10-13 21:00:00,0.22596669581612228,0.4302335507016502,0.07569092428379691,0.1508288100499596
2013-10-13 22:00:00,0.1594973303919034,0.39546215772664917,0.08080678261975367,0.12015205650582853
2013-10-13 23:00:00,0.16692297701397069,0.4157098583027613,0.08324662591444362,0.12508480146420714
2013-10-14 00:00:00,0.19140369875078836,0.4474666988263826,0.08324662591444362,0.137325162332616
2013-10-14 01:00:00,0.22671625201695064,0.4877184262511635,0.0827146716063341,0.15471546181164236
2013-10-14 02:00:00,0.3381479139506903,0.5552420194276048,0.07855957319049682,0.20835374357059358
2013-10-14 03:00:00,0.2669429639970262,0.5725621734146363,0.07189610456312784,0.16941953428007703
2013-10-14 04:00:00,0.26960976625858746,0.5741235349536802,0.061583577607476694,0.16559667193303207
2013-10-14 05:00:00,6.428351695822553e-07,0.3828178258344835,0.05825969475543702,0.0291301687953033
2013-10-14 06:00:00,9.648507503074145e-08,0.1211640609769592,0.05654246827951166,0.028271282382293348
2013-10-14 07:00:00,5.67522773566756e-08,0.0775734945682459,0.05518950765670508,0.027594782204491217
2013-10-14 08:00:00,2.4858453994991576e-08,0.04511386913399035,0.06705595036276384,0.03352798761060891
2013-10-14 09:00:00,1.5973468452264034e-08,1.8104874581003092e-07,0.062103514839646136,0.031051765406557293
2013-10-14 10:00:00,1.597907514543186e-08,1.0972335521447241e-07,0.06473807974695596,0.03236904786301555
2013-10-14 11:00:00,1.807377839241477e-08,1.972941271223349e-07,0.05592554546427459,0.02796278176902649
2013-10-14 12:00:00,2.2065605945039123e-08,2.456867172906977e-07,0.0576083476017763,0.028804184833691123
2013-10-14 13:00:00,5.2710821146039274e-08,0.07927453355778975,0.06209735720969025,0.031048704960255698
2013-10-14 14:00:00,1.6995204046119297e-07,0.1863520755182778,0.05945817204461718,0.02972917099832882
2013-10-14 15:00:00,0.22726182236948259,0.54633408608222,0.053295226152652135,0.14027852426106735
2013-10-14 16:00:00,0.21549159458182482,0.5372904432220882,0.05288717708650763,0.13418938583416623
2013-10-14 17:00:00,0.21352494327697255,0.49438176069831913,0.06227401515194166,0.1378994792144571
2013-10-14 18:00:00,0.21969719457670236,0.4838234361360494,0.048818364025543654,0.134257779301123
2013-10-14 19:00:00,0.22210602429117793,0.4766504537968111,0.05517566968651828,0.1386408469888481
2013-10-14 20:00:00,0.23234929010057775,0.4778725582649975,0.06828336199621236,0.15031632604839507
2013-10-14 21:00:00,0.22986293893980436,0.46105532145777556,0.07569092428379691,0.15277693161180064
2013-10-14 22:00:00,9.7368414996223e-07,0.3787129361864834,0.08080678261975367,0.040403878151951816
2013-10-14 23:00:00,9.288191036135707e-07,0.3824157616944675,0.08324662591444362,0.04162377736677362
2013-10-15 00:00:00,9.169745408687635e-07,0.3895849533699184,0.08324662591444362,0.041623771444492245
2013-10-15 01:00:00,8.531928843403195e-07,0.37987833735227367,0.0827146716063341,0.04135776239960922
2013-10-15 02:00:00,9.078059510311314e-07,0.3766306687194226,0.07855957319049682,0.03928024049822393
2013-10-15 03:00:00,9.294911661159573e-07,0.3689442549334668,0.07189610456312784,0.03594851702714698
2013-10-15 04:00:00,7.622825372504954e-07,0.342454785039819,0.061583577607476694,0.030792169945006973
2013-10-15 05:00:00,5.924719437604087e-07,0.3130198422190725,0.05825969475543702,0.02913014361369039
2013-10-15 06:00:00,1.5181142216995494e-07,0.15549350039900006,0.05654246827951166,0.028271310045466916
2013-10-15 07:00:00,9.591568348731289e-08,0.11152604070360889,0.05518950765670508,0.027594801786194282
2013-10-15 08:00:00,6.164276784548026e-08,0.06686957766830397,0.06705595036276384,0.03352800600276584
2013-10-15 09:00:00,5.5403349473206264e-08,0.06685759943816297,0.062103514839646136,0.031051785121497803
2013-10-15 10:00:00,5.3644498245405814e-08,0.06705392207321918,0.06473807974695596,0.0323690666957271
2013-10-15 11:00:00,5.933841450649186e-08,0.07492484696553285,0.05592554546427459,0.02796280240134455
2013-10-15 12:00:00,5.81767633615136e-08,0.07467576865419637,0.0576083476017763,0.02880420288926983
2013-10-15 13:00:00,7.727485882945823e-08,0.10668879582573708,0.06209735720969025,0.03104871724227454
2013-10-15 14:00:00,8.872256723426391e-08,0.11381231764374519,0.05945817204461718,0.02972913038359221
2013-10-15 15:00:00,1.172352271437322e-07,0.14494085621962616,0.053295226152652135,0.02664767169393964
2013-10-15 16:00:00,1.0560195321372666e-07,0.13429228814681476,0.05288717708650763,0.026443641344230422
2013-10-15 17:00:00,9.55694506586308e-08,0.1239637283412652,0.06227401515194166,0.03113705536069616
2013-10-15 18:00:00,9.480713810527366e-08,0.12247178172025473,0.048818364025543654,0.02440922941634088
2013-10-15 19:00:00,9.869230276390397e-08,0.12546146074376546,0.05517566968651828,0.027587884189410522
2013-10-15 20:00:00,1.0651053899997157e-07,0.13113633699411165,0.06828336199621236,0.03414173425337568
2013-10-15 21:00:00,1.1734611185552997e-07,0.13796532040875456,0.07569092428379691,0.03784552081495438
2013-10-15 22:00:00,1.2678292230348342e-07,0.14238555128313166,0.08080678261975367,0.040403454701337986
2013-10-15 23:00:00,1.636031919399192e-07,0.16247058487718208,0.08324662591444362,0.04162339475881778
2013-10-16 00:00:00,1.9750927517022735e-07,0.1768829477398633,0.08324662591444362,0.0416234117118594
2013-10-16 01:00:00,2.3416804235069544e-07,0.19634769884440367,0.0827146716063341,0.04135745288718822
2013-10-16 02:00:00,3.3559627938439077e-07,0.23688783062044658,0.07855957319049682,0.039279954393388106
2013-10-16 03:00:00,4.946258452256376e-07,0.2805693435013349,0.07189610456312784,0.03594829959448653
2013-10-16 04:00:00,5.109250167374391e-07,0.2933553843173733,0.061583577607476694,0.030792044266246717
2013-10-16 05:00:00,3.117713054306707e-07,0.24550067368541234,0.05825969475543702,0.029130003263371226
2013-10-16 06:00:00,9.379614157292873e-08,0.11436103396290404,0.05654246827951166,0.02827128103782662
2013-10-16 07:00:00,6.1754543709852e-08,0.08188515144429985,0.05518950765670508,0.027594784705624393
2013-10-16 08:00:00,4.547658030468518e-08,0.06858625716494683,0.06705595036276384,0.03352799791967207
2013-10-16 09:00:00,4.1602313953983974e-08,0.06354149446502544,0.062103514839646136,0.031051778220980045
2013-10-16 10:00:00,4.061399787104672e-08,0.0620711448977206,0.06473807974695596,0.032369060180476916
2013-10-16 11:00:00,4.200194015361957e-08,0.06404827574714617,0.05592554546427459,0.027962793733107373
2013-10-16 12:00:00,4.852068015435475e-08,0.07206548870385467,0.0576083476017763,0.028804198061228227
2013-10-16 13:00:00,7.691110084277997e-08,0.09416209425695052,0.06209735720969025,0.031048717060395546
2013-10-16 14:00:00,1.531326286151203e-07,0.1475788278408765,0.05945817204461718,0.029729162588622897
2013-10-16 15:00:00,3.64618579796047e-07,0.19962158645625297,0.053295226152652135,0.026647795385615965
2013-10-16 16:00:00,2.8728267000722436e-07,0.1653219562319614,0.05288717708650763,0.026443732184588817
2013-10-16 17:00:00,1.933176044272262e-07,0.13853312803277407,0.06227401515194166,0.031137104234773044
2013-10-16 18:00:00,1.199158604914141e-07,0.10821028731712742,0.048818364025543654,0.024409241970702072
2013-10-16 19:00:00,1.0939207977077308e-07,0.10021757225341077,0.05517566968651828,0.027587889539299026
2013-10-16 20:00:00,1.2530019791621899e-07,0.1038005446325384,0.06828336199621236,0.03414174364820514
2013-10-16 21:00:00,1.3195559219282578e-07,0.10407671341044801,0.07569092428379691,0.03784552811969455
2013-10-16 22:00:00,1.8773287516499373e-07,0.12077344823369404,0.08080678261975367,0.04040348517631442
2013-10-16 23:00:00,2.8809363231620653e-07,0.13568844559680035,0.08324662591444362,0.04162345700403797
2013-10-17 00:00:00,3.2361998728820687e-07,0.1409403892994741,0.08324662591444362,0.04162347476721546
2013-10-17 01:00:00,2.4489849496160534e-07,0.13282609110384663,0.0827146716063341,0.041357458252414527
2013-10-17 02:00:00,1.941198647069956e-07,0.12437713491890917,0.07855957319049682,0.039279883655180765
2013-10-17 03:00:00,2.3309262140856985e-07,0.12370811655666093,0.07189610456312784,0.035948168827874626
2013-10-17 04:00:00,2.3638577496594275e-07,0.11893088769968875,0.061583577607476694,0.03079190699662583
2013-10-17 05:00:00,2.2440418343254924e-07,0.11183337996174635,0.05825969475543702,0.029129959579810225
2013-10-17 06:00:00,1.043407823830416e-07,0.07870858909323732,0.05654246827951166,0.028271286310147022
2013-10-17 07:00:00,4.609414815363798e-08,0.045339899689036824,0.05518950765670508,0.027594776875426615
2013-10-17 08:00:00,1.963914977112658e-08,1.0630798809425767e-07,0.06705595036276384,0.0335279850009568
2013-10-17 09:00:00,2.0513500614263956e-08,8.160967485509533e-08,0.062103514839646136,0.031051767676573375
2013-10-17 10:00:00,1.709788370004119e-08,1.3296868836517127e-07,0.06473807974695596,0.03236904842241983
2013-10-17 11:00:00,1.835914667604207e-08,7.562020661908908e-08,0.05592554546427459,0.027962781911710633
2013-10-17 12:00:00,1.9131707091039056e-08,1.4567453927268337e-07,0.0576083476017763,0.028804183366741697
2013-10-17 13:00:00,2.0746102025263527e-08,1.6472554089278606e-07,0.06209735720969025,0.031048688977896137
2013-10-17 14:00:00,4.26446329889572e-08,0.04481377091724297,0.05945817204461718,0.029729107344625087
2013-10-17 15:00:00,8.320047603984371e-08,0.07237167398161769,0.053295226152652135,0.026647654676564086
2013-10-17 16:00:00,8.306725444351096e-08,0.0718957156699568,0.05288717708650763,0.026443630076881035
2013-10-17 17:00:00,8.30672826714837e-08,0.07236074898707343,0.06227401515194166,0.031137049109612167
2013-10-17 18:00:00,8.30673021174316e-08,0.07356498937505421,0.048818364025543654,0.024409223546422887
2013-10-17 19:00:00,8.306731089947557e-08,0.07496073708321428,0.05517566968651828,0.02758787637691459
2013-10-17 20:00:00,8.30673058811645e-08,0.07599975631504224,0.06828336199621236,0.03414172253175912
2013-10-17 21:00:00,8.306728518063774e-08,0.07679133065855422,0.07569092428379691,0.03784550367554104
2013-10-17 22:00:00,7.551605995138442e-08,0.08057030240154364,0.08080678261975367,0.04040342906790681
2013-10-17 23:00:00,7.551606565406016e-08,0.08258730908265406,0.08324662591444362,0.04162335071525464
2013-10-18 00:00:00,7.551627722393889e-08,0.08466324890534731,0.08324662591444362,0.04162335071536042
2013-10-18 01:00:00,7.551934996810139e-08,0.08540897357230925,0.0827146716063341,0.04135737356284203
2013-10-18 02:00:00,7.552416660422708e-08,0.08601212393217601,0.07855957319049682,0.03927982435733171
2013-10-18 03:00:00,7.552566961171968e-08,0.0857998041124655,0.07189610456312784,0.03594809004439872
2013-10-18 04:00:00,8.307171470116133e-08,0.08572895250973503,0.061583577607476694,0.030791830339595698
2013-10-18 05:00:00,7.776846143031443e-08,0.08158743245550627,0.05825969475543702,0.029129886261949223
2013-10-18 06:00:00,4.365561503235353e-08,0.058160799827136,0.05654246827951166,0.028271255967563347
2013-10-18 07:00:00,1.6266957746307222e-08,0.03221515072456075,0.05518950765670508,0.027594761961831412
2013-10-18 08:00:00,1.0982362888047894e-08,1.31229255935368e-07,0.06705595036276384,0.033527980672563365
2013-10-18 09:00:00,7.778289946481424e-09,8.602066066784451e-08,0.062103514839646136,0.031051761308968043
2013-10-18 10:00:00,7.689789089206898e-09,8.078282130835983e-08,0.06473807974695596,0.03236904371837252
2013-10-18 11:00:00,8.666894338277027e-09,9.13015373795169e-08,0.05592554546427459,0.027962777065584466
2013-10-18 12:00:00,9.711062987974442e-09,9.821519613407705e-08,0.0576083476017763,0.028804178656419644
2013-10-18 13:00:00,1.5278009955785326e-08,1.1408630842524163e-07,0.06209735720969025,0.031048686243850102
2013-10-18 14:00:00,3.594075003056889e-08,0.04283190666077755,0.05945817204461718,0.029729103992683605
2013-10-18 15:00:00,8.347752368054344e-08,0.07815728226460353,0.053295226152652135,0.026647654815087907
2013-10-18 16:00:00,8.441458893137953e-08,0.07826701849909276,0.05288717708650763,0.02644363075054828
2013-10-18 17:00:00,8.34579657923552e-08,0.07605162185890926,0.06227401515194166,0.03113704930495373
2013-10-18 18:00:00,8.33559322632417e-08,0.07483396137960634,0.048818364025543654,0.024409223690737957
2013-10-18 19:00:00,8.333992034385566e-08,0.07441310793530838,0.05517566968651828,0.027587876513219315
2013-10-18 20:00:00,8.329525982729591e-08,0.07431512443279138,0.06828336199621236,0.034141722645736096
2013-10-18 21:00:00,8.32404779495709e-08,0.0742714847710284,0.07569092428379691,0.03784550376213743
2013-10-18 22:00:00,7.557947101641033e-08,0.07016825388612462,0.08080678261975367,0.040403429099612344
2013-10-18 23:00:00,7.57032878975069e-08,0.07412725090380193,0.08324662591444362,0.04162335080886576
2013-10-19 00:00:00,6.811296423109743e-08,0.07521844650930669,0.08324662591444362,0.041623347013703925
2013-10-19 01:00:00,6.811369777587511e-08,0.07676929379734214,0.0827146716063341,0.04135736986001594
2013-10-19 02:00:00,6.818720548762145e-08,0.07961194607784375,0.07855957319049682,0.03927982068885116
2013-10-19 03:00:00,7.609703598772657e-08,0.08151068286358538,0.07189610456312784,0.035948090330081915
2013-10-19 04:00:00,7.850621637343235e-08,0.08445155038716669,0.061583577607476694,0.030791828056846535
2013-10-19 05:00:00,6.896827549675591e-08,0.07909133484130164,0.05825969475543702,0.029129881861856256
2013-10-19 06:00:00,2.3006105616251368e-08,0.028856544382638995,0.05654246827951166,0.02827124564280864
2013-10-19 07:00:00,5.864815085635323e-09,6.831732116662835e-08,0.05518950765670508,0.02759475676076008
2013-10-19 08:00:00,5.0450107195799184e-09,4.578909358050988e-08,0.06705595036276384,0.033527977703887275
2013-10-19 09:00:00,5.182534881634056e-09,4.6055358482046906e-08,0.062103514839646136,0.031051760011090508
2013-10-19 10:00:00,5.6404097969796926e-09,5.000814090860542e-08,0.06473807974695596,0.032369042693682876
2013-10-19 11:00:00,5.809088939281661e-09,5.2104248756729674e-08,0.05592554546427459,0.027962775636681765
2013-10-19 12:00:00,5.859351322269754e-09,5.4077601845346496e-08,0.0576083476017763,0.02880417673056381
2013-10-19 13:00:00,6.893682193268007e-09,6.551863101441243e-08,0.06209735720969025,0.031048682051686222
2013-10-19 14:00:00,2.378332195023906e-08,0.043530244218053384,0.05945817204461718,0.029729097913969566
2013-10-19 15:00:00,1.1208253382824088e-07,0.14021216787510776,0.053295226152652135,0.026647669117592983
2013-10-19 16:00:00,1.3405034180156152e-07,0.15888979876734002,0.05288717708650763,0.026443655568424713
2013-10-19 17:00:00,1.4853729585827383e-07,0.17089104106752703,0.06227401515194166,0.03113708184461876
2013-10-19 18:00:00,1.694610433248109e-07,0.1837474770769989,0.048818364025543654,0.024409266743293488
2013-10-19 19:00:00,2.1187618402671612e-07,0.2033630257218429,0.05517566968651828,0.027587940781351156
2013-10-19 20:00:00,2.511279640804824e-07,0.2139940360131131,0.06828336199621236,0.03414180656208822
2013-10-19 21:00:00,3.0844064076692477e-07,0.22702032864345986,0.07569092428379691,0.03784561636221884
2013-10-19 22:00:00,7.002164114303582e-07,0.28581039248198237,0.08080678261975367,0.040403741418082555
2013-10-19 23:00:00,0.13876736604847495,0.30324699859321236,0.08324662591444362,0.11100699598145929
2013-10-20 00:00:00,0.18227707348589112,0.3213263778435932,0.08324662591444362,0.13276184970016736
2013-10-20 01:00:00,0.27930297779899593,0.32576312044969263,0.0827146716063341,0.18100882470266502
2013-10-20 02:00:00,0.10238253916954178,0.31267228498471417,0.07855957319049682,0.0904710561800193
2013-10-20 03:00:00,0.09114604214622829,0.2879928207875979,0.07189610456312784,0.08152107335467806
2013-10-20 04:00:00,0.08252552203179694,0.26786878265547975,0.061583577607476694,0.07205454981963683
2013-10-20 05:00:00,0.0981122894909292,0.20204301166126112,0.05825969475543702,0.07818599212318311
2013-10-20 06:00:00,2.4126681580950185e-08,0.03809325038173624,0.05654246827951166,0.028271246203096623
2013-10-20 07:00:00,6.915919685673664e-09,8.062803136749429e-08,0.05518950765670508,0.02759475728631238
2013-10-20 08:00:00,8.869745848608588e-09,7.16955574908895e-08,0.06705595036276384,0.033527979616254845
2013-10-20 09:00:00,8.676286676901542e-09,6.918751701185139e-08,0.062103514839646136,0.031051761757966406
2013-10-20 10:00:00,8.095322574426561e-09,6.801338136828774e-08,0.06473807974695596,0.03236904392113927
2013-10-20 11:00:00,7.63203259940299e-09,6.625049175117614e-08,0.05592554546427459,0.027962776548153594
2013-10-20 12:00:00,7.214018766048247e-09,6.417561852369454e-08,0.0576083476017763,0.028804177407897532
2013-10-20 13:00:00,7.422922525146412e-09,9.161536826770993e-08,0.06209735720969025,0.03104868231630639
2013-10-20 14:00:00,2.4387670804895365e-08,0.04436651485854366,0.05945817204461718,0.029729098216143994
2013-10-20 15:00:00,8.383954379581127e-08,0.10337339965370472,0.053295226152652135,0.026647654996097964
2013-10-20 16:00:00,8.340158679100832e-08,0.0965534702922115,0.05288717708650763,0.02644363024404721
2013-10-20 17:00:00,8.319562629398979e-08,0.0936164345963642,0.06227401515194166,0.031137049173783977
2013-10-20 18:00:00,8.310324688465192e-08,0.09316937840355584,0.048818364025543654,0.024409223564395267
2013-10-20 19:00:00,8.312402200809743e-08,0.09457099644360645,0.05517566968651828,0.027587876405270145
2013-10-20 20:00:00,8.317754305545627e-08,0.09470737882674142,0.06828336199621236,0.03414172258687771
2013-10-20 21:00:00,8.331133913980043e-08,0.09549430334360265,0.07569092428379691,0.03784550379756802
2013-10-20 22:00:00,7.573433220252888e-08,0.0954913851609317,0.08080678261975367,0.04040342917704294
2013-10-20 23:00:00,7.590323636826452e-08,0.09568290786212232,0.08324662591444362,0.04162335090883999
2013-10-21 00:00:00,7.698042852664354e-08,0.09737116337373296,0.08324662591444362,0.04162335144743608
2013-10-21 01:00:00,7.925592697022842e-08,0.10104926812125874,0.0827146716063341,0.041357375431130536
2013-10-21 02:00:00,8.122511714225477e-08,0.10414074301646968,0.07855957319049682,0.03927982720780698
2013-10-21 03:00:00,8.437861277577925e-08,0.10827683720306935,0.07189610456312784,0.03594809447087031
2013-10-21 04:00:00,9.36307925732532e-08,0.10875954009212087,0.061583577607476694,0.030791835619134632
2013-10-21 05:00:00,8.39088181485681e-08,0.10035216279736697,0.05825969475543702,0.029129889332127585
2013-10-21 06:00:00,2.9076620639808485e-08,0.04937936935378391,0.05654246827951166,0.02827124867806615
2013-10-21 07:00:00,1.1395007830204976e-08,0.025128549628143825,0.05518950765670508,0.027594759525856456
2013-10-21 08:00:00,8.107053889826779e-09,9.380942611135607e-08,0.06705595036276384,0.03352797923490886
2013-10-21 09:00:00,5.9308983090607596e-09,6.726310796983287e-08,0.062103514839646136,0.03105176038527222
2013-10-21 10:00:00,6.01235236591106e-09,6.817999591647279e-08,0.06473807974695596,0.03236904287965416
2013-10-21 11:00:00,6.443497034642525e-09,7.475607548927613e-08,0.05592554546427459,0.027962775953885813
2013-10-21 12:00:00,7.501392108347466e-09,8.666695805576007e-08,0.0576083476017763,0.028804177551584206
2013-10-21 13:00:00,1.3042114183311893e-08,1.7115443108170999e-07,0.06209735720969025,0.031048685125902215
2013-10-21 14:00:00,4.596289178781727e-08,0.07668392649974155,0.05945817204461718,0.029729109003754486
2013-10-21 15:00:00,9.889763926210385e-08,0.11773940055602217,0.053295226152652135,0.0266476625251457
2013-10-21 16:00:00,1.0413193827081419e-07,0.11656629461529779,0.05288717708650763,0.02644364060922295
2013-10-21 17:00:00,1.1578113866097576e-07,0.1207150716576847,0.06227401515194166,0.031137065466540163
2013-10-21 18:00:00,1.2662513868618312e-07,0.12521094255727802,0.048818364025543654,0.02440924532534117
2013-10-21 19:00:00,1.346691550425047e-07,0.12990747232237315,0.05517566968651828,0.027587902177836663
2013-10-21 20:00:00,1.4296119818639427e-07,0.13658514059438878,0.06828336199621236,0.034141752478705274
2013-10-21 21:00:00,1.6130647451487483e-07,0.1484533150157958,0.07569092428379691,0.03784554279513571
2013-10-21 22:00:00,1.615452988585092e-07,0.14345748423906074,0.08080678261975367,0.040403472082526266
2013-10-21 23:00:00,1.975663631700091e-07,0.15914657668942064,0.08324662591444362,0.0416234117404034
2013-10-22 00:00:00,2.5628373946306886e-07,0.17775709743426543,0.08324662591444362,0.041623441099091545
2013-10-22 01:00:00,3.091804298569245e-07,0.192983623056331,0.0827146716063341,0.041357490393381977
2013-10-22 02:00:00,3.2663649337313946e-07,0.20262378798863745,0.07855957319049682,0.039279949913495094
2013-10-22 03:00:00,3.102628024656867e-07,0.20687387855827066,0.07189610456312784,0.03594820741296515
2013-10-22 04:00:00,2.8124094755700054e-07,0.20686187147448454,0.061583577607476694,0.030791929424212126
2013-10-22 05:00:00,2.1081147411590605e-07,0.18551790861446982,0.05825969475543702,0.02912995278345557
2013-10-22 06:00:00,3.858768986493983e-08,0.06371957659989472,0.05654246827951166,0.028271253433600763
2013-10-22 07:00:00,1.301198498023451e-08,3.0081931084831964e-07,0.05518950765670508,0.02759476033434503
2013-10-22 08:00:00,6.469484820259597e-09,6.995094918777567e-08,0.06705595036276384,0.03352797841612433
2013-10-22 09:00:00,5.993109649918173e-09,5.819591678340188e-08,0.062103514839646136,0.03105176041637789
2013-10-22 10:00:00,6.032783569654425e-09,5.6892271163668445e-08,0.06473807974695596,0.03236904288986976
2013-10-22 11:00:00,6.649761215165308e-09,6.461932435617626e-08,0.05592554546427459,0.027962776057017903
2013-10-22 12:00:00,8.076300863173228e-09,7.850067667474266e-08,0.0576083476017763,0.028804177839038582
2013-10-22 13:00:00,1.6103035400836534e-08,1.5666967276601288e-07,0.06209735720969025,0.031048686656362824
2013-10-22 14:00:00,1.1251115560893221e-07,0.13766014901804943,0.05945817204461718,0.029729142277886395
2013-10-22 15:00:00,0.208299878751213,0.531426153875741,0.053295226152652135,0.13079755245193256
2013-10-22 16:00:00,0.20963851851806364,0.4857570185136084,0.05288717708650763,0.13126284780228564
2013-10-22 17:00:00,0.19379076185585434,0.43574962321508826,0.06227401515194166,0.128032388503898
2013-10-22 18:00:00,0.174313936282501,0.3986574943557197,0.048818364025543654,0.11156615015402233
2013-10-22 19:00:00,0.17507518018563778,0.3843939686801659,0.05517566968651828,0.11512542493607802
2013-10-22 20:00:00,0.17445483801339906,0.3728469081455454,0.06828336199621236,0.12136910000480572
2013-10-22 21:00:00,0.17370864575834505,0.36679624317480025,0.07569092428379691,0.12469978502107099
2013-10-22 22:00:00,0.2910147812322204,0.40569272700450926,0.08080678261975367,0.18591078192598703
2013-10-22 23:00:00,0.2849043753003297,0.3983986455022719,0.08324662591444362,0.18407550060738664
2013-10-23 00:00:00,0.21169466547314783,0.3776577200862869,0.08324662591444362,0.14747064569379573
2013-10-23 01:00:00,0.16183449235592628,0.3453075904746941,0.0827146716063341,0.1222745819811302
2013-10-23 02:00:00,0.1371440985085985,0.31514354428542163,0.07855957319049682,0.10785183584954766
2013-10-23 03:00:00,0.1181278235344114,0.28227307167319016,0.07189610456312784,0.09501196404876962
2013-10-23 04:00:00,5.379638128371076e-07,0.2468488857505034,0.061583577607476694,0.030792057785644766
2013-10-23 05:00:00,3.2071320084982004e-07,0.19699885424140356,0.05825969475543702,0.029130007734318935
2013-10-23 06:00:00,3.8085965754529935e-08,0.04202689871093312,0.05654246827951166,0.02827125318273871
2013-10-23 07:00:00,9.725265244209822e-09,1.570728939641601e-07,0.05518950765670508,0.027594758690985162
2013-10-23 08:00:00,5.91200882941965e-09,6.026001175286547e-08,0.06705595036276384,0.03352797813738633
2013-10-23 09:00:00,5.385342588137918e-09,5.515677536961128e-08,0.062103514839646136,0.031051760112494362
2013-10-23 10:00:00,5.361010998896772e-09,5.494915561675545e-08,0.06473807974695596,0.03236904255398348
2013-10-23 11:00:00,5.7544332551812895e-09,5.689100460080699e-08,0.05592554546427459,0.027962775609353924
2013-10-23 12:00:00,6.812386227047246e-09,6.630420576894679e-08,0.0576083476017763,0.028804177207081262
2013-10-23 13:00:00,9.610522060857285e-09,1.0712789137643186e-07,0.06209735720969025,0.031048683410106154
2013-10-23 14:00:00,6.648589329575267e-08,0.07977954161557724,0.05945817204461718,0.02972911926525524
2013-10-23 15:00:00,2.1627134362229178e-07,0.12436983204896498,0.053295226152652135,0.02664772121199788
2013-10-23 16:00:00,2.012002472714457e-07,0.10634834561768097,0.05288717708650763,0.026443689143377448
2013-10-23 17:00:00,2.045903832699525e-07,0.10302934059079896,0.06227401515194166,0.031137109871162465
2013-10-23 18:00:00,2.2024032624399746e-07,0.10587704756972884,0.048818364025543654,0.02440929213293495
2013-10-23 19:00:00,2.4471836042436035e-07,0.11189539069322914,0.05517566968651828,0.027587957202439353
2013-10-23 20:00:00,2.5247564419103237e-07,0.11688842199225781,0.06828336199621236,0.03414180723592828
2013-10-23 21:00:00,2.776458679454665e-07,0.12417257806223553,0.07569092428379691,0.03784560096483243
2013-10-23 22:00:00,0.07080062277893517,0.14281592162750342,0.08080678261975367,0.07580370269934442
2013-10-23 23:00:00,0.09738129053123351,0.16097154027509078,0.08324662591444362,0.09031395822283857
2013-10-24 00:00:00,0.16353966792953356,0.17966510048097892,0.08324662591444362,0.12339314692198859
2013-10-24 01:00:00,0.19266685293461738,0.19594211643470705,0.0827146716063341,0.13769076227047575
2013-10-24 02:00:00,0.06098657966591685,0.2139339613071752,0.07855957319049682,0.06977307642820683
2013-10-24 03:00:00,0.0646853931328909,0.22401125878184702,0.07189610456312784,0.06829074884800937
2013-10-24 04:00:00,0.2012812047776846,0.23125748013820088,0.061583577607476694,0.13143239119258066
2013-10-24 05:00:00,0.11286261300390661,0.2194783189177384,0.05825969475543702,0.08556115387967181
2013-10-24 06:00:00,5.368630316755255e-08,0.07029481164965157,0.05654246827951166,0.028271260982907415
2013-10-24 07:00:00,1.5070247108620128e-08,0.03119100464709114,0.05518950765670508,0.027594761363476092
2013-10-24 08:00:00,9.474327547285708e-09,7.747527585016627e-08,0.06705595036276384,0.03352797991854569
2013-10-24 09:00:00,6.118697231704962e-09,5.758984391584575e-08,0.062103514839646136,0.031051760479171683
2013-10-24 10:00:00,5.7412030110665435e-09,5.453387113808944e-08,0.06473807974695596,0.032369042744079486
2013-10-24 11:00:00,5.974697621598943e-09,5.688113593107364e-08,0.05592554546427459,0.027962775719486105
2013-10-24 12:00:00,7.0823408337620596e-09,6.562250437615859e-08,0.0576083476017763,0.028804177342058566
2013-10-24 13:00:00,1.6849135389313364e-08,0.036228168183519475,0.06209735720969025,0.03104868702941282
2013-10-24 14:00:00,8.280819263305496e-08,0.10135063851893988,0.05945817204461718,0.02972912742640491
2013-10-24 15:00:00,3.629443816770631e-07,0.2245032115905992,0.053295226152652135,0.026647794548516904
2013-10-24 16:00:00,3.356321183949011e-07,0.19568736331524605,0.05288717708650763,0.026443756359313012
2013-10-24 17:00:00,3.1468363623921933e-07,0.1842066482699855,0.06227401515194166,0.03113716491778895
2013-10-24 18:00:00,3.343845166593406e-07,0.1893350163713716,0.048818364025543654,0.024409349205030156
2013-10-24 19:00:00,3.5903090508655735e-07,0.19887337565360727,0.05517566968651828,0.027588014358711686
2013-10-24 20:00:00,3.894588501142478e-07,0.21344848890868234,0.06828336199621236,0.03414187572753124
2013-10-24 21:00:00,4.5744613561356655e-07,0.2317903069165802,0.07569092428379691,0.03784569086496626
2013-10-24 22:00:00,6.5593282293809e-07,0.2616778179637793,0.08080678261975367,0.0404037192762883
2013-10-24 23:00:00,0.11958022781110285,0.2781931520839101,0.08324662591444362,0.10141342686277324
2013-10-25 00:00:00,0.11702493116028022,0.2868777871099898,0.08324662591444362,0.10013577853736191
2013-10-25 01:00:00,6.166799019254708e-07,0.28934832688177414,0.0827146716063341,0.04135764414311801
2013-10-25 02:00:00,5.63689047598672e-07,0.29372525352948275,0.07855957319049682,0.039280068439772206
2013-10-25 03:00:00,6.176035656611968e-07,0.30577549142010674,0.07189610456312784,0.03594836108334675
2013-10-25 04:00:00,7.212538696909322e-07,0.31821278887133625,0.061583577607476694,0.030792149430673193
2013-10-25 05:00:00,8.191893466063853e-07,0.32881756961568315,0.05825969475543702,0.029130256972391813
2013-10-25 06:00:00,6.504600485132027e-08,0.08358687229754411,0.05654246827951166,0.028271266662758258
2013-10-25 07:00:00,2.2613098751163188e-08,0.035093919079187796,0.05518950765670508,0.027594765134901916
2013-10-25 08:00:00,1.0098219524345991e-08,1.5400695238043227e-07,0.06705595036276384,0.03352798023049168
2013-10-25 09:00:00,6.451259318720438e-09,7.260927542521181e-08,0.062103514839646136,0.031051760645452727
2013-10-25 10:00:00,6.010905019952628e-09,6.48062549286372e-08,0.06473807974695596,0.03236904287893049
2013-10-25 11:00:00,6.30400443600184e-09,7.123835798583641e-08,0.05592554546427459,0.027962775884139514
2013-10-25 12:00:00,7.575421043416677e-09,8.351473752796819e-08,0.0576083476017763,0.02880417758859867
2013-10-25 13:00:00,1.9145524445903537e-08,0.04180570724208216,0.06209735720969025,0.031048688177607347
2013-10-25 14:00:00,1.125955353925385e-07,0.1376201268971066,0.05945817204461718,0.02972914232007629
2013-10-25 15:00:00,0.20153965397119009,0.483310255894717,0.053295226152652135,0.1274174400619211
2013-10-25 16:00:00,0.1988194872044259,0.45400078960772755,0.05288717708650763,0.12585333214546676
2013-10-25 17:00:00,0.22145969556327444,0.4638190800411211,0.06227401515194166,0.14186685535760804
2013-10-25 18:00:00,0.2586080906578201,0.4757298716805273,0.048818364025543654,0.15371322734168186
2013-10-25 19:00:00,0.24297275346392383,0.474185941489235,0.05517566968651828,0.14907421157522105
2013-10-25 20:00:00,0.26171699734376075,0.49932122128233075,0.06828336199621236,0.16500017966998656
2013-10-25 21:00:00,0.33661808541793414,0.5325717690811627,0.07569092428379691,0.20615450485086553
2013-10-25 22:00:00,0.26047548301153545,0.4541640955320123,0.08080678261975367,0.17064113281564455
2013-10-25 23:00:00,0.33487644261020116,0.4811993099885093,0.08324662591444362,0.20906153426232238
2013-10-26 00:00:00,0.33618023565078764,0.5026982778599501,0.08324662591444362,0.20971343078261562
2013-10-26 01:00:00,0.3372128552203298,0.5210339019780518,0.0827146716063341,0.20996376341333195
2013-10-26 02:00:00,0.33682912723763153,0.5140971816495407,0.07855957319049682,0.20769435021406418
2013-10-26 03:00:00,0.3362807442665241,0.5044696722704435,0.07189610456312784,0.20408842441482597
2013-10-26 04:00:00,0.33614710435822104,0.5022521630515695,0.061583577607476694,0.19886534098284886
2013-10-26 05:00:00,0.33603331113396323,0.5004036359697265,0.05825969475543702,0.19714650294470012
2013-10-26 06:00:00,5.138846640115007e-08,0.08198037080857258,0.05654246827951166,0.02827125983398903
2013-10-26 07:00:00,1.206614876322835e-08,1.1957411269150808e-07,0.05518950765670508,0.02759475986142692
2013-10-26 08:00:00,6.977196032506786e-09,6.873199193946866e-08,0.06705595036276384,0.03352797866997993
2013-10-26 09:00:00,8.303152113458878e-09,7.430232776726617e-08,0.062103514839646136,0.031051761571399123
2013-10-26 10:00:00,8.371721396702278e-09,7.409274026117717e-08,0.06473807974695596,0.03236904405933868
2013-10-26 11:00:00,8.551643684067254e-09,7.651393907031378e-08,0.05592554546427459,0.027962777007959138
2013-10-26 12:00:00,8.672126078375264e-09,8.100514459623075e-08,0.0576083476017763,0.02880417813695119
2013-10-26 13:00:00,1.1484542978488432e-08,1.0991030775441831e-07,0.06209735720969025,0.031048684347116613
2013-10-26 14:00:00,5.669020475462637e-08,0.09412671120137012,0.05945817204461718,0.029729114367410967
2013-10-26 15:00:00,5.128050449946801e-07,0.2956613986556047,0.053295226152652135,0.026647869478848566
2013-10-26 16:00:00,4.566575144197913e-07,0.26679929903906396,0.05288717708650763,0.026443816872011024
2013-10-26 17:00:00,3.541195271873336e-07,0.2346340372577504,0.06227401515194166,0.031137184635734425
2013-10-26 18:00:00,2.73534654341593e-07,0.20753760128946652,0.048818364025543654,0.024409318780099
2013-10-26 19:00:00,2.3190967986576396e-07,0.19127649740843128,0.05517566968651828,0.027587950798099073
2013-10-26 20:00:00,1.9423964669574083e-07,0.17308602689374544,0.06828336199621236,0.03414177811792953
2013-10-26 21:00:00,1.7615035066570585e-07,0.16476488126649141,0.07569092428379691,0.03784555021707379
2013-10-26 22:00:00,1.452623918823572e-07,0.14528644497905707,0.08080678261975367,0.040403463941072776
2013-10-26 23:00:00,1.2979517905400705e-07,0.14557548290258093,0.08324662591444362,0.041623377854811336
2013-10-27 00:00:00,1.2937467694334578e-07,0.14595893965018658,0.08324662591444362,0.04162337764456028
2013-10-27 01:00:00,1.312596651413681e-07,0.14773063838593004,0.0827146716063341,0.04135740143299962
2013-10-27 02:00:00,1.296948615816675e-07,0.1478321934372249,0.07855957319049682,0.0392798514426792
2013-10-27 03:00:00,1.4298604273200802e-07,0.1593415097011365,0.07189610456312784,0.03594812377458528
2013-10-27 04:00:00,1.4989664476446848e-07,0.16471186756319955,0.061583577607476694,0.03079186375206073
2013-10-27 05:00:00,1.562754973241103e-07,0.17114042638025923,0.05825969475543702,0.029129925515467173
2013-10-27 06:00:00,2.7815921242827115e-08,0.042312824510278776,0.05654246827951166,0.02827124804771645
2013-10-27 07:00:00,7.229522437339794e-09,8.548876496450473e-08,0.05518950765670508,0.02759475744311376
2013-10-27 08:00:00,7.940905811820321e-09,7.30964447710583e-08,0.06705595036276384,0.03352797915183482
2013-10-27 09:00:00,7.893243170465407e-09,7.125861947972615e-08,0.062103514839646136,0.031051761366444653
2013-10-27 10:00:00,7.796729611865234e-09,7.021971890484764e-08,0.06473807974695596,0.032369043771842784
2013-10-27 11:00:00,7.760293695247426e-09,7.11364453813009e-08,0.05592554546427459,0.027962776612284142
2013-10-27 12:00:00,7.673046770954286e-09,7.342896241390275e-08,0.0576083476017763,0.028804177637411537
2013-10-27 13:00:00,8.81390284115835e-09,8.593994380205374e-08,0.06209735720969025,0.031048683011796547
2013-10-27 14:00:00,2.7289658123950293e-08,0.06138059245207115,0.05945817204461718,0.029729099667137653
2013-10-27 15:00:00,1.0488395572394369e-07,0.13212537198526855,0.053295226152652135,0.02664766551830393
2013-10-27 16:00:00,9.942484714424e-08,0.12152331671810616,0.05288717708650763,0.026443638255677387
2013-10-27 17:00:00,1.0224602067550247e-07,0.12082165519921252,0.06227401515194166,0.03113705869898117
2013-10-27 18:00:00,1.1228307993509017e-07,0.12646430016463198,0.048818364025543654,0.024409238154311796
2013-10-27 19:00:00,1.2402454134484366e-07,0.13354569694617377,0.05517566968651828,0.027587896855529814
2013-10-27 20:00:00,1.1973928316815426e-07,0.1288997916168002,0.06828336199621236,0.034141740867747766
2013-10-27 21:00:00,1.230878553442878e-07,0.13027807656645465,0.07569092428379691,0.037845523685826124
2013-10-27 22:00:00,1.1505357406920036e-07,0.1199901632962325,0.08080678261975367,0.04040344883666387
2013-10-27 23:00:00,1.0927716824916035e-07,0.12037958922087902,0.08324662591444362,0.041623367595805934
2013-10-28 00:00:00,1.0230287174391272e-07,0.12299864073517615,0.08324662591444362,0.04162336410865768
2013-10-28 01:00:00,1.0868314311166844e-07,0.1257768880269642,0.0827146716063341,0.041357390144738604
2013-10-28 02:00:00,1.239878578415287e-07,0.13160252292872712,0.07855957319049682,0.03927984858917733
2013-10-28 03:00:00,1.3666593312492485e-07,0.13415531249068444,0.07189610456312784,0.03594812061453048
2013-10-28 04:00:00,1.523026740283078e-07,0.1281140441892676,0.061583577607476694,0.03079186495507536
2013-10-28 05:00:00,1.574248320040905e-07,0.12076724469260458,0.05825969475543702,0.02912992609013451
2013-10-28 06:00:00,5.5060177001840885e-08,0.06829211616760132,0.05654246827951166,0.02827126166984433
2013-10-28 07:00:00,1.854495345676597e-08,0.03632132848172832,0.05518950765670508,0.027594763100829266
2013-10-28 08:00:00,8.59125254302149e-09,8.311243051754333e-08,0.06705595036276384,0.03352797947700819
2013-10-28 09:00:00,7.439229676694054e-09,6.73875706829673e-08,0.062103514839646136,0.031051761139437906
2013-10-28 10:00:00,7.217709099661067e-09,6.610293554411163e-08,0.06473807974695596,0.03236904348233253
2013-10-28 11:00:00,7.61285385915051e-09,6.990875551175858e-08,0.05592554546427459,0.027962776538564226
2013-10-28 12:00:00,9.540677987673329e-09,8.454317076541118e-08,0.0576083476017763,0.028804178571227145
2013-10-28 13:00:00,1.4851516689607226e-08,1.564542879207273e-07,0.06209735720969025,0.03104868603060347
2013-10-28 14:00:00,1.2357601393164523e-07,0.13422521380290847,0.05945817204461718,0.029729147810315555
2013-10-28 15:00:00,3.445719332753367e-07,0.2344446539040027,0.053295226152652135,0.026647785362292706
2013-10-28 16:00:00,3.4078069262994214e-07,0.2250893273078475,0.05288717708650763,0.02644375893360013
2013-10-28 17:00:00,3.263462502266993e-07,0.22455488688158814,0.06227401515194166,0.031137170749095944
2013-10-28 18:00:00,3.586220800745726e-07,0.24210520466420968,0.048818364025543654,0.024409361323811864
2013-10-28 19:00:00,5.942442153566966e-07,0.28957425123968816,0.05517566968651828,0.02758813196536682
2013-10-28 20:00:00,0.15265739352002153,0.3338380587830486,0.06828336199621236,0.11047037775811694
2013-10-28 21:00:00,0.19477935907120897,0.3675175277718883,0.07569092428379691,0.13523514167750295
2013-10-28 22:00:00,0.20588394715227884,0.3738507151439176,0.08080678261975367,0.14334536488601626
2013-10-28 23:00:00,0.2135275977182595,0.39806476285626563,0.08324662591444362,0.14838711181635156
2013-10-29 00:00:00,0.2542179816855358,0.43566978715844135,0.08324662591444362,0.1687323037999897
2013-10-29 01:00:00,0.33456958301016226,0.4764079288888468,0.0827146716063341,0.2086421273082482
2013-10-29 02:00:00,0.3346744383263559,0.4780561238665127,0.07855957319049682,0.20661700575842637
2013-10-29 03:00:00,0.3343682632454613,0.4733160684899562,0.07189610456312784,0.20313218390429458
2013-10-29 04:00:00,0.33437165573399963,0.47338988459654757,0.061583577607476694,0.19797761667073815
2013-10-29 05:00:00,0.3342610441131001,0.4717498240316247,0.05825969475543702,0.19626036943426856
2013-10-29 06:00:00,5.46039485786098e-08,0.07762253043936093,0.05654246827951166,0.02827126144173012
2013-10-29 07:00:00,1.4027328332826442e-08,0.030116674464453867,0.05518950765670508,0.027594760842016706
2013-10-29 08:00:00,6.734956521612631e-09,6.968931353260041e-08,0.06705595036276384,0.03352797854886018
2013-10-29 09:00:00,6.075714447666794e-09,5.829674818341989e-08,0.062103514839646136,0.03105176045768029
2013-10-29 10:00:00,6.085880155334626e-09,5.8393652137672885e-08,0.06473807974695596,0.03236904291641806
2013-10-29 11:00:00,6.6216387725608585e-09,6.699073658793535e-08,0.05592554546427459,0.02796277604295668
2013-10-29 12:00:00,1.085819762866519e-08,1.0597772276462173e-07,0.0576083476017763,0.028804179229986963
2013-10-29 13:00:00,2.516060707412106e-08,0.044844834177518784,0.06209735720969025,0.031048691185148664
2013-10-29 14:00:00,1.2409435516551272e-07,0.14189476035884568,0.05945817204461718,0.029729148069486174
2013-10-29 15:00:00,5.260155830681897e-07,0.30626952752078906,0.053295226152652135,0.026647876084117603
2013-10-29 16:00:00,4.97351310382801e-07,0.29002063964284064,0.05288717708650763,0.026443837218909007
2013-10-29 17:00:00,4.955425943636986e-07,0.28630401965487484,0.06227401515194166,0.031137255347268012
2013-10-29 18:00:00,4.910686005424344e-07,0.2879177685694594,0.048818364025543654,0.024409427547072097
2013-10-29 19:00:00,5.197451906678145e-07,0.3046608762879625,0.05517566968651828,0.027588094715854477
2013-10-29 20:00:00,6.125719591064781e-07,0.33197040458395555,0.06828336199621236,0.03414198728408573
2013-10-29 21:00:00,8.285570783932499e-07,0.3756059560174739,0.07569092428379691,0.03784587642043765
2013-10-29 22:00:00,0.14996176869414762,0.3959653027545096,0.08080678261975367,0.11538427565695064
2013-10-29 23:00:00,0.17511672766400593,0.45372261053828855,0.08324662591444362,0.12918167678922476
2013-10-30 00:00:00,0.16679070477586416,0.4914287386930444,0.08324662591444362,0.12501866534515388
2013-10-30 01:00:00,1.0123083815268812e-06,0.46471399326482526,0.0827146716063341,0.04135784195735781
2013-10-30 02:00:00,1.0888216129110486e-06,0.4725852594365572,0.07855957319049682,0.03928033100605487
2013-10-30 03:00:00,0.1670862946559973,0.49175731366539055,0.07189610456312784,0.11949119960956257
2013-10-30 04:00:00,0.18895847423472165,0.5142129136688434,0.061583577607476694,0.12527102592109918
2013-10-30 05:00:00,0.1983422091251196,0.5228417430425477,0.05825969475543702,0.1283009519402783
2013-10-30 06:00:00,5.927231465512183e-08,0.08050514674547918,0.05654246827951166,0.028271263775913158
2013-10-30 07:00:00,1.9593664020378126e-08,0.030802511158624,0.05518950765670508,0.027594763625184548
2013-10-30 08:00:00,9.010702067162056e-09,3.0642995797362083e-07,0.06705595036276384,0.033527979686732955
2013-10-30 09:00:00,8.230252930384128e-09,8.777584553147082e-08,0.062103514839646136,0.031051761534949533
2013-10-30 10:00:00,8.303313188858951e-09,8.688418266604082e-08,0.06473807974695596,0.032369044025134575
2013-10-30 11:00:00,8.970285800459405e-09,1.0119637480540094e-07,0.05592554546427459,0.027962777217280195
2013-10-30 12:00:00,1.1198333938752595e-08,3.4803556860231925e-07,0.0576083476017763,0.02880417940005512
2013-10-30 13:00:00,3.160176902549629e-08,0.049078492071802926,0.06209735720969025,0.03104869440572964
2013-10-30 14:00:00,1.489387834114204e-07,0.17161732563990206,0.05945817204461718,0.029729160491700296
2013-10-30 15:00:00,9.405868081674059e-07,0.4072868703871243,0.053295226152652135,0.026648083369730152
2013-10-30 16:00:00,0.14329359233063202,0.37279129731048316,0.05288717708650763,0.09809038470856982
2013-10-30 17:00:00,0.1480229352186685,0.3591511144074926,0.06227401515194166,0.10514847518530508
2013-10-30 18:00:00,0.15968317487009442,0.35802130636923124,0.048818364025543654,0.10425076944781904
2013-10-30 19:00:00,0.19111542400830342,0.37884895960550236,0.05517566968651828,0.12314554684741086
2013-10-30 20:00:00,0.2629138981678931,0.41968384966535616,0.06828336199621236,0.16559863008205275
2013-10-30 21:00:00,0.33206857813592133,0.44014152245700827,0.07569092428379691,0.20387975120985913
2013-10-30 22:00:00,0.296540255821036,0.41532970950937786,0.08080678261975367,0.18867351922039483
2013-10-30 23:00:00,0.3288221134990603,0.39994386316488756,0.08324662591444362,0.20603436970675199
2013-10-31 00:00:00,0.32655115600600854,0.37554793477883036,0.08324662591444362,0.20489889096022607
2013-10-31 01:00:00,0.32406390820334285,0.351706932825998,0.0827146716063341,0.20338928990483848
2013-10-31 02:00:00,0.32088412898710683,0.3248748001321095,0.07855957319049682,0.19972185108880183
2013-10-31 03:00:00,0.0899509005732672,0.28526642002964453,0.07189610456312784,0.08092350256819753
2013-10-31 04:00:00,0.07699662039820174,0.2543737017341073,0.061583577607476694,0.06929009900283922
2013-10-31 05:00:00,0.06740952809609216,0.22979786104161126,0.05825969475543702,0.06283461142576459
2013-10-31 06:00:00,1.0334470729523536e-07,0.09312081020933416,0.05654246827951166,0.028271285812109477
2013-10-31 07:00:00,2.9566377855107374e-08,0.03736253699735193,0.05518950765670508,0.027594768611541465
2013-10-31 08:00:00,8.788832239461602e-09,7.580612660157063e-08,0.06705595036276384,0.03352797957579804
2013-10-31 09:00:00,7.140427289452578e-09,6.13859396852134e-08,0.062103514839646136,0.031051760990036714
2013-10-31 10:00:00,6.719027585776276e-09,5.759826181727318e-08,0.06473807974695596,0.03236904323299177
2013-10-31 11:00:00,6.850776317184148e-09,6.1140407119472e-08,0.05592554546427459,0.027962776157525453
2013-10-31 12:00:00,7.929386801752406e-09,6.902354840468076e-08,0.0576083476017763,0.02880417776558155
2013-10-31 13:00:00,2.121277687977023e-08,0.036974162709068434,0.06209735720969025,0.031048689211233566
2013-10-31 14:00:00,6.42341362763873e-08,0.08268336185325643,0.05945817204461718,0.029729118139376728
2013-10-31 15:00:00,9.24429470703956e-08,0.11093078539543111,0.053295226152652135,0.0266476592977996
2013-10-31 16:00:00,9.136183713571471e-08,0.10848911776177869,0.05288717708650763,0.026443634224172383
2013-10-31 17:00:00,9.260480894415632e-08,0.10868896022537088,0.06227401515194166,0.031137053878375304
2013-10-31 18:00:00,9.425596844858573e-08,0.10948257147406479,0.048818364025543654,0.02440922914075605
2013-10-31 19:00:00,1.0149532883434682e-07,0.11518529372379899,0.05517566968651828,0.02758788559092356
2013-10-31 20:00:00,1.0962352868531831e-07,0.12133092614702246,0.06828336199621236,0.034141735809870524
2013-10-31 21:00:00,1.174217183829454e-07,0.1280415370381616,0.07569092428379691,0.03784552085275764
2013-10-31 22:00:00,1.3406180568552953e-07,0.14118002838809485,0.08080678261975367,0.04040345834077968
2013-10-31 23:00:00,1.4858477727344504e-07,0.1498355581350358,0.08324662591444362,0.04162338724961045
2013-11-01 00:00:00,1.5993592327170042e-07,0.15503778168435636,0.0757611614146465,0.03788066067528489
2013-11-01 01:00:00,1.7570269136750476e-07,0.16225062184491507,0.07736087036695821,0.03868052303482479
2013-11-01 02:00:00,1.9501749794500314e-07,0.1718175892987229,0.07389402231858867,0.03694710866804331
2013-11-01 03:00:00,2.2459721755899413e-07,0.18551882288065136,0.07411780315571065,0.037059013876464104
2013-11-01 04:00:00,2.5989395003741997e-07,0.19865735287696107,0.06414965944004278,0.03207495966699641
2013-11-01 05:00:00,3.1627070149876663e-07,0.2161985793228716,0.0575412177586934,0.028770767014697447
2013-11-01 06:00:00,7.951838576404608e-08,0.09456270027150582,0.05395056946896275,0.026975324493674256
2013-11-01 07:00:00,3.033589445133435e-08,0.044872952998326214,0.06063441395749315,0.0303172221466938
2013-11-01 08:00:00,1.0839903431925352e-08,1.1746250975645006e-07,0.056948108067803024,0.02847405945385323
2013-11-01 09:00:00,1.0236893068557733e-08,9.006934263849249e-08,0.06241444747024409,0.03120722885356858
2013-11-01 10:00:00,1.0017555699579809e-08,8.373787296021053e-08,0.06325826817013372,0.03162913909384471
2013-11-01 11:00:00,1.1160422238057954e-08,9.287628179790026e-08,0.0631183360086631,0.03155917358454267
2013-11-01 12:00:00,1.4543295721009484e-08,1.2012337526518786e-07,0.05672225445774767,0.028361134500521697
2013-11-01 13:00:00,3.1438002200471523e-08,2.6184166741440317e-07,0.05624389734820075,0.028121964393101474
2013-11-01 14:00:00,2.508945582751661e-07,0.22316157123272518,0.060283443496674215,0.030141847195616245
2013-11-01 15:00:00,0.19417385508225274,0.3692844989257874,0.0780678419976331,0.1361208485399429
2013-11-01 16:00:00,0.20087301909529756,0.34817809940881955,0.09638823195936896,0.14863062552733325
2013-11-01 17:00:00,0.21103588465686848,0.3418631789005538,0.08418470171128138,0.14761029318407493
2013-11-01 18:00:00,0.21172322452593842,0.3359026025121453,0.06351929346665064,0.13762125899629452
2013-11-01 19:00:00,0.2113253796656067,0.3375650099613242,0.05195173425154269,0.13163855695857468
2013-11-01 20:00:00,0.210569042692755,0.3372778030976482,0.055570751085621414,0.13306989688918822
2013-11-01 21:00:00,0.21767544393809063,0.33992942883100513,0.06533606735391101,0.14150575564600082
2013-11-01 22:00:00,0.21646794273770578,0.35433192603059677,0.07305664275545527,0.14476229274658053
2013-11-01 23:00:00,0.2714578895412271,0.36939713169165217,0.07652237993085513,0.17399013473604114
2013-11-02 00:00:00,0.2812695887102852,0.37697529691461057,0.0757611614146465,0.17851537506246584
2013-11-02 01:00:00,0.22409582954271592,0.36316841125752425,0.07736087036695821,0.15072834995483708
2013-11-02 02:00:00,0.18666834536342386,0.35061372206415636,0.07389402231858867,0.13028118384100626
2013-11-02 03:00:00,0.17028999966079578,0.3423989770143222,0.07411780315571065,0.12220390140825321
2013-11-02 04:00:00,0.1498926532000499,0.3301549579825787,0.06414965944004278,0.10702115632004634
2013-11-02 05:00:00,0.12769992636415683,0.3084238866078862,0.0575412177586934,0.09262057206142511
2013-11-02 06:00:00,1.0357624479955446e-07,0.11513437415412107,0.05395056946896275,0.026975336522603772
2013-11-02 07:00:00,3.851305244656934e-08,0.049170470125549016,0.06063441395749315,0.0303172262352728
2013-11-02 08:00:00,2.1341226817638867e-08,0.03755157126302387,0.056948108067803024,0.028474064704514922
2013-11-02 09:00:00,1.898022274708584e-08,0.0336155514079605,0.06241444747024409,0.03120723322523342
2013-11-02 10:00:00,1.848509467176666e-08,0.032897075210547966,0.06325826817013372,0.0316291433276142
2013-11-02 11:00:00,2.0221258721184546e-08,0.035783080103218366,0.0631183360086631,0.03155917811496091
2013-11-02 12:00:00,2.3405245195026036e-08,0.04084064494815108,0.05672225445774767,0.028361138931496433
2013-11-02 13:00:00,3.258598021330403e-08,0.0549134072204769,0.05624389734820075,0.02812196496709048
2013-11-02 14:00:00,1.4720989867194722e-07,0.14990674831139125,0.060283443496674215,0.030141795353286444
2013-11-02 15:00:00,3.252904866224435e-07,0.21871690941250424,0.0780678419976331,0.03903408364405986
2013-11-02 16:00:00,2.806398650152864e-07,0.1909598753566682,0.09638823195936896,0.04819425629961699
2013-11-02 17:00:00,2.028664662837778e-07,0.15958387626712434,0.08418470171128138,0.04209245228887383
2013-11-02 18:00:00,1.6350715838798712e-07,0.14138949230766953,0.06351929346665064,0.03175972848690451
2013-11-02 19:00:00,1.5122862326699388e-07,0.1353457351584296,0.05195173425154269,0.02597594274008298
2013-11-02 20:00:00,1.5347993997650697e-07,0.13682390991008872,0.055570751085621414,0.027785452282780697
2013-11-02 21:00:00,1.547186066593645e-07,0.13825093695349408,0.06533606735391101,0.032668111036258836
2013-11-02 22:00:00,1.177902476720926e-07,0.1176468174775286,0.07305664275545527,0.03652838027285147
2013-11-02 23:00:00,1.1512892812445547e-07,0.11836118602276154,0.07652237993085513,0.03826124752989163
2013-11-03 00:00:00,1.1564297959225212e-07,0.12534629554999138,0.0757611614146465,0.03788063852881305
2013-11-03 01:00:00,1.2752810438858895e-07,0.13229614285113991,0.07736087036695821,0.0386804989475313
2013-11-03 02:00:00,1.317087758281733e-07,0.1373820358080416,0.07389402231858867,0.03694707701368225
2013-11-03 03:00:00,1.2320530224367453e-07,0.1338320342017641,0.07411780315571065,0.03705896318050644
2013-11-03 04:00:00,1.207908583352493e-07,0.13474457602597678,0.06414965944004278,0.032074890115450554
2013-11-03 05:00:00,1.255163915507112e-07,0.13091075695225293,0.0575412177586934,0.028770671637542475
2013-11-03 06:00:00,4.6937050291557834e-08,0.060510467629268136,0.05395056946896275,0.026975308203006518
2013-11-03 07:00:00,1.6708172440316004e-08,3.5464228722767255e-07,0.06063441395749315,0.030317215332832798
2013-11-03 08:00:00,1.0623595917506133e-08,1.1426713408695893e-07,0.056948108067803024,0.028474059345699472
2013-11-03 09:00:00,9.66331208813907e-09,1.1552620185378389e-07,0.06241444747024409,0.03120722856677809
2013-11-03 10:00:00,9.837652370970631e-09,1.1986010258932287e-07,0.06325826817013372,0.031629139003893046
2013-11-03 11:00:00,1.1152593585685617e-08,1.2810920771015106e-07,0.0631183360086631,0.03155917358062834
2013-11-03 12:00:00,1.448552214612716e-08,1.83227099294751e-07,0.05672225445774767,0.028361134471634908
2013-11-03 13:00:00,2.6250786171669665e-08,0.05245296800670945,0.05624389734820075,0.02812196179949346
2013-11-03 14:00:00,8.556921704234863e-08,0.10309963919377094,0.060283443496674215,0.03014176453294563
2013-11-03 15:00:00,1.0372362925735053e-07,0.10398944930571566,0.0780678419976331,0.03903397286063118
2013-11-03 16:00:00,9.317942610808402e-08,0.09143613725028815,0.09638823195936896,0.048194162569397535
2013-11-03 17:00:00,8.792668040315886e-08,0.08403271958451516,0.08418470171128138,0.042092394818980895
2013-11-03 18:00:00,8.58385676976594e-08,0.08027574013841456,0.06351929346665064,0.03175968965260917
2013-11-03 19:00:00,8.591604515259954e-08,0.07911498949564989,0.05195173425154269,0.02597591008379392
2013-11-03 20:00:00,8.549802346057992e-08,0.07848999147877352,0.055570751085621414,0.027785418291822437
2013-11-03 21:00:00,8.668825004447106e-08,0.08171223683313103,0.06533606735391101,0.03266807702108053
2013-11-03 22:00:00,8.488765851516205e-08,0.0836685154926687,0.07305664275545527,0.03652836382155689
2013-11-03 23:00:00,7.944758442042722e-08,0.08856799844026185,0.07652237993085513,0.03826122968921977
2013-11-04 00:00:00,8.283863893001505e-08,0.09287672305173732,0.0757611614146465,0.03788062212664272
2013-11-04 01:00:00,8.635050637663948e-08,0.09607406307993063,0.07736087036695821,0.03868047835873229
2013-11-04 02:00:00,9.161970668060851e-08,0.09788779242394724,0.07389402231858867,0.03694705696914768
2013-11-04 03:00:00,1.0063376326358032e-07,0.10142925887527535,0.07411780315571065,0.03705895189473696
2013-11-04 04:00:00,1.1463120380167093e-07,0.1050409888460818,0.06414965944004278,0.03207488703562329
2013-11-04 05:00:00,1.2332063915517737e-07,0.11467894281114029,0.0575412177586934,0.028770670539666275
2013-11-04 06:00:00,5.281380755734571e-08,0.06574728458965642,0.05395056946896275,0.026975311141385152
2013-11-04 07:00:00,2.2988102926863083e-08,0.0303338025660972,0.06063441395749315,0.03031721847279804
2013-11-04 08:00:00,1.4007646657579988e-08,0.025633523266434886,0.056948108067803024,0.028474061037724843
2013-11-04 09:00:00,1.3793671303599321e-08,0.025227549370186283,0.06241444747024409,0.031207230631957697
2013-11-04 10:00:00,1.4725154404042373e-08,0.02689707327237159,0.06325826817013372,0.03162914144764406
2013-11-04 11:00:00,2.0672246818783376e-08,0.03203021650331863,0.0631183360086631,0.031559178340454956
2013-11-04 12:00:00,2.650020810802714e-08,0.04038773385256695,0.05672225445774767,0.028361140478977892
2013-11-04 13:00:00,6.604251724800902e-08,0.08537827562340333,0.05624389734820075,0.028121981695358997
2013-11-04 14:00:00,1.679816345373539e-07,0.1659724536652913,0.060283443496674215,0.030141805739154377
2013-11-04 15:00:00,2.158053017123896e-07,0.1702720901027782,0.0780678419976331,0.039034028901467406
2013-11-04 16:00:00,1.5675639217297095e-07,0.12897053917214493,0.09638823195936896,0.04819419435788057
2013-11-04 17:00:00,1.230812376337623e-07,0.1038548030519238,0.08418470171128138,0.04209241239625951
2013-11-04 18:00:00,1.0189966166347975e-07,0.08953379714739211,0.06351929346665064,0.03175969768315615
2013-11-04 19:00:00,9.004161879146974e-08,0.08284950550287422,0.05195173425154269,0.02597591214658074
2013-11-04 20:00:00,8.566927752356848e-08,0.0795374919493492,0.055570751085621414,0.02778541837744947
2013-11-04 21:00:00,8.32749172406302e-08,0.07812723085398805,0.06533606735391101,0.032668075314414124
2013-11-04 22:00:00,8.317263623897088e-08,0.0781629417917126,0.07305664275545527,0.036528362964045755
2013-11-04 23:00:00,8.314632590823037e-08,0.07937297750648373,0.07652237993085513,0.03826123153859052
2013-11-05 00:00:00,7.553972833738146e-08,0.07993587234681429,0.0757611614146465,0.03788061847718742
2013-11-05 01:00:00,7.551620993204296e-08,0.08051778230254718,0.07736087036695821,0.038680472941584075
2013-11-05 02:00:00,7.551625327257236e-08,0.08123168082354498,0.07389402231858867,0.036947048917420976
2013-11-05 03:00:00,7.551627095096047e-08,0.08140214736866895,0.07411780315571065,0.0370589393359908
2013-11-05 04:00:00,8.306945189174669e-08,0.08094956210697886,0.06414965944004278,0.03207487125474733
2013-11-05 05:00:00,8.307009050969678e-08,0.07966725780139233,0.0575412177586934,0.028770650414391953
2013-11-05 06:00:00,3.9494561867393885e-08,0.050787789428288446,0.05395056946896275,0.026975304481762306
2013-11-05 07:00:00,2.0530946443139924e-08,0.025137756046219824,0.06063441395749315,0.030317217244219798
2013-11-05 08:00:00,1.4876736167179285e-08,0.02148253067276655,0.056948108067803024,0.028474061472269597
2013-11-05 09:00:00,1.1819355220487562e-08,0.02030577522260554,0.06241444747024409,0.031207229644799658
2013-11-05 10:00:00,1.170180195112101e-08,0.019854707650273307,0.06325826817013372,0.03162913993596784
2013-11-05 11:00:00,1.2698201222972649e-08,0.021414851826020494,0.0631183360086631,0.03155917435343216
2013-11-05 12:00:00,1.7659346419364805e-08,0.02508200078052623,0.05672225445774767,0.028361136058547048
2013-11-05 13:00:00,3.0844605177281374e-08,0.046823332690827106,0.05624389734820075,0.02812196409640296
2013-11-05 14:00:00,6.416168520689527e-08,0.06604026932014863,0.060283443496674215,0.03014175382917971
2013-11-05 15:00:00,8.306733536375074e-08,0.07286957122286788,0.0780678419976331,0.03903396253248423
2013-11-05 16:00:00,8.306737362841512e-08,0.06994596533249059,0.09638823195936896,0.0481941575133713
2013-11-05 17:00:00,8.306739558356637e-08,0.06885680651850708,0.08418470171128138,0.042092392389338484
2013-11-05 18:00:00,8.306740373833975e-08,0.06816080956237598,0.06351929346665064,0.031759688267027186
2013-11-05 19:00:00,8.306740185646884e-08,0.06857492398774706,0.05195173425154269,0.025975908659472274
2013-11-05 20:00:00,8.306738993795494e-08,0.06918870822629664,0.055570751085621414,0.027785417076505677
2013-11-05 21:00:00,8.306741252040522e-08,0.07028365916224989,0.06533606735391101,0.032668075210661764
2013-11-05 22:00:00,8.306735292785461e-08,0.06756941455953185,0.07305664275545527,0.0365283629114041
2013-11-05 23:00:00,8.306749971387023e-08,0.06987273216102098,0.07652237993085513,0.03826123149917742
2013-11-06 00:00:00,7.551605995138443e-08,0.07128694158597056,0.0757611614146465,0.037880618465353226
2013-11-06 01:00:00,7.551605595951192e-08,0.07201444557828611,0.07736087036695821,0.03868047294150709
2013-11-06 02:00:00,7.551605253790726e-08,0.07256407222542786,0.07389402231858867,0.036947048917320605
2013-11-06 03:00:00,7.551604797576816e-08,0.07184987645794048,0.07411780315571065,0.03705893933587931
2013-11-06 04:00:00,8.306739307440562e-08,0.07137145820650087,0.06414965944004278,0.032074871253717926
2013-11-06 05:00:00,8.306735794617135e-08,0.07195665838789127,0.0575412177586934,0.02877065041302567
2013-11-06 06:00:00,4.575582740383948e-08,0.05349389554958309,0.05395056946896275,0.026975307612395076
2013-11-06 07:00:00,3.328401474448569e-08,0.043972410538245375,0.06063441395749315,0.03031722362075395
2013-11-06 08:00:00,2.5140580706372325e-08,0.029791238808388444,0.056948108067803024,0.028474066604191866
2013-11-06 09:00:00,2.1118863829261827e-08,0.028322833931757076,0.06241444747024409,0.03120723429455396
2013-11-06 10:00:00,2.332677821706961e-08,0.026971799586731772,0.06325826817013372,0.03162914574845597
2013-11-06 11:00:00,2.8699987111473567e-08,0.028571703408658253,0.0631183360086631,0.0315591823543251
2013-11-06 12:00:00,3.584511640637828e-08,0.04881151555227785,0.05672225445774767,0.02836114515143204
2013-11-06 13:00:00,4.965640104328893e-08,0.05737882169732205,0.05624389734820075,0.028121973502300897
2013-11-06 14:00:00,7.253148088810314e-08,0.06897434741489171,0.060283443496674215,0.030141758014077553
2013-11-06 15:00:00,8.30674288299603e-08,0.07799993396804024,0.0780678419976331,0.03903396253253096
2013-11-06 16:00:00,8.30674733676241e-08,0.07869609723623686,0.09638823195936896,0.04819415751342117
2013-11-06 17:00:00,8.30674984592867e-08,0.0779145254173458,0.08418470171128138,0.04209239238938992
2013-11-06 18:00:00,8.306751476887552e-08,0.07828163998554954,0.06351929346665064,0.031759688267082704
2013-11-06 19:00:00,8.306752668742523e-08,0.08024125128748416,0.05195173425154269,0.02597590865953469
2013-11-06 20:00:00,8.306753296034752e-08,0.08033986594535679,0.055570751085621414,0.02778541707657719
2013-11-06 21:00:00,8.306796203048036e-08,0.08101078781169209,0.06533606735391101,0.03266807521093652
2013-11-06 22:00:00,8.322984962590678e-08,0.08538586389937015,0.07305664275545527,0.03652836299265245
2013-11-06 23:00:00,8.307553170700392e-08,0.09423126380460747,0.07652237993085513,0.03826123150319342
2013-11-07 00:00:00,9.325894581562837e-08,0.1083340096704968,0.0757611614146465,0.03788062733679616
2013-11-07 01:00:00,1.648179363388923e-07,0.14157644016179774,0.07736087036695821,0.038680517592447276
2013-11-07 02:00:00,3.0742517885996907e-07,0.1689875180749906,0.07389402231858867,0.036947164871883764
2013-11-07 03:00:00,2.479672378471764e-07,0.15468428616760985,0.07411780315571065,0.037059025561474244
2013-11-07 04:00:00,1.9713310755379844e-07,0.14091473487909326,0.06414965944004278,0.03207492828657517
2013-11-07 05:00:00,1.5716578763127255e-07,0.1274939900381118,0.0575412177586934,0.028770687462240516
2013-11-07 06:00:00,4.6237660734650685e-08,0.06220685332839544,0.05395056946896275,0.02697530785331174
2013-11-07 07:00:00,1.870697271006778e-08,0.027790222927224405,0.06063441395749315,0.03031721633223293
2013-11-07 08:00:00,1.1480613983327673e-08,2.399545510553831e-07,0.056948108067803024,0.028474059774208502
2013-11-07 09:00:00,6.553182138853843e-09,6.318760964671535e-08,0.06241444747024409,0.031207227011713114
2013-11-07 10:00:00,6.8158320755642954e-09,6.326723439226545e-08,0.06325826817013372,0.0316291374929829
2013-11-07 11:00:00,8.02927755084467e-09,7.164523143351339e-08,0.0631183360086631,0.03155917201897032
2013-11-07 12:00:00,1.0275818836587751e-08,1.0583373322781522e-07,0.05672225445774767,0.028361132366783254
2013-11-07 13:00:00,3.421281147650058e-08,0.055421056110393135,0.05624389734820075,0.028121965780506113
2013-11-07 14:00:00,2.3209526894682826e-07,0.1923672244445713,0.060283443496674215,0.03014183779597158
2013-11-07 15:00:00,0.15795628518333651,0.30628775702870953,0.0780678419976331,0.1180120635904848
2013-11-07 16:00:00,0.15601480221477948,0.2738111664181431,0.09638823195936896,0.12620151708707422
2013-11-07 17:00:00,0.14458454438941304,0.25924830809397553,0.08418470171128138,0.11438462305034722
2013-11-07 18:00:00,0.11838279750590085,0.2427118505815703,0.06351929346665064,0.09095104548627575
2013-11-07 19:00:00,6.122686730673976e-07,0.23763719223106966,0.05195173425154269,0.025976173260107878
2013-11-07 20:00:00,5.060816522259335e-07,0.2374417215735709,0.055570751085621414,0.02778562858363682
2013-11-07 21:00:00,4.1203645383897557e-07,0.23509157749897794,0.06533606735391101,0.03266823969518243
2013-11-07 22:00:00,2.603495268135516e-07,0.19094271714273406,0.07305664275545527,0.03652845155249104
2013-11-07 23:00:00,2.443634678215077e-07,0.18900316245142507,0.07652237993085513,0.038261312147161476
2013-11-08 00:00:00,2.4789310020204187e-07,0.19678709970299801,0.0757611614146465,0.03788070465387335
2013-11-08 01:00:00,2.3732028974995114e-07,0.19859364204705363,0.07736087036695821,0.03868055384362398
2013-11-08 02:00:00,2.6576409957069434e-07,0.2165078731530703,0.07389402231858867,0.036947144041344124
2013-11-08 03:00:00,3.10444232997428e-07,0.24027765591246994,0.07411780315571065,0.037059056799971825
2013-11-08 04:00:00,4.327191029906083e-07,0.28560385677906197,0.06414965944004278,0.032075046079572886
2013-11-08 05:00:00,6.015369487781992e-07,0.3242644803219002,0.0575412177586934,0.02877090964782109
2013-11-08 06:00:00,6.69819225655606e-08,0.0859931407366971,0.05395056946896275,0.026975318225442656
2013-11-08 07:00:00,1.6069526283863553e-08,0.029033509523612798,0.06063441395749315,0.03031721501350972
2013-11-08 08:00:00,1.059971735938459e-08,0.02333121380653184,0.056948108067803024,0.028474059333760193
2013-11-08 09:00:00,7.733991526948243e-09,1.5147787380890235e-07,0.06241444747024409,0.031207227602117808
2013-11-08 10:00:00,7.750969939422974e-09,1.254134957418873e-07,0.06325826817013372,0.03162913796055183
2013-11-08 11:00:00,1.066892360775225e-08,2.3317203229374356e-07,0.0631183360086631,0.03155917333879335
2013-11-08 12:00:00,1.3204417478711714e-08,0.0290004839519484,0.05672225445774767,0.028361133831082574
2013-11-08 13:00:00,3.228349544914295e-08,0.04398714877342978,0.05624389734820075,0.028121964815848097
2013-11-08 14:00:00,1.0931651923363036e-07,0.13442878903099542,0.060283443496674215,0.030141776406596724
2013-11-08 15:00:00,1.5083014788059574e-07,0.1645801628734448,0.0780678419976331,0.03903399641389049
2013-11-08 16:00:00,1.3132710565075824e-07,0.141598589690958,0.09638823195936896,0.048194181643237306
2013-11-08 17:00:00,1.2882674125531988e-07,0.13418956767325574,0.08418470171128138,0.04209241526901132
2013-11-08 18:00:00,1.2855773900876328e-07,0.13004954478764236,0.06351929346665064,0.031759711012194825
2013-11-08 19:00:00,1.2625085328360795e-07,0.12721346962418795,0.05195173425154269,0.025975930251197987
2013-11-08 20:00:00,1.1195779817972293e-07,0.1184170826145192,0.055570751085621414,0.027785431521709796
2013-11-08 21:00:00,1.0584805602010292e-07,0.11589343030353355,0.06533606735391101,0.03266808660098351
2013-11-08 22:00:00,1.1861839760563373e-07,0.12799636641877357,0.07305664275545527,0.03652838068692644
2013-11-08 23:00:00,1.2553911632239963e-07,0.1311522672436176,0.07652237993085513,0.03826125273498573
2013-11-09 00:00:00,1.2493281453959917e-07,0.12881802719545987,0.0757611614146465,0.03788064317373052
2013-11-09 01:00:00,1.0530648208995793e-07,0.12102406745943235,0.07736087036695821,0.03868048783672015
2013-11-09 02:00:00,9.96944802835024e-08,0.11568197244728505,0.07389402231858867,0.03694706100653448
2013-11-09 03:00:00,9.64706855685411e-08,0.11226012220696274,0.07411780315571065,0.03705894981319811
2013-11-09 04:00:00,9.573304236104795e-08,0.11194345876682354,0.06414965944004278,0.032074877586542566
2013-11-09 05:00:00,1.0732753786744825e-07,0.11268429634287427,0.0575412177586934,0.02877066254311563
2013-11-09 06:00:00,3.613958147184373e-08,0.05743167993491892,0.05395056946896275,0.02697530280427211
2013-11-09 07:00:00,1.0811565867194616e-08,0.02327551221517853,0.06063441395749315,0.03031721238452951
2013-11-09 08:00:00,7.084981121341593e-09,7.747702682895614e-08,0.056948108067803024,0.028474057576392073
2013-11-09 09:00:00,6.556894031819323e-09,5.913695978219684e-08,0.06241444747024409,0.031207227013569063
2013-11-09 10:00:00,6.881476236853574e-09,6.337747491795098e-08,0.06325826817013372,0.03162913752580498
2013-11-09 11:00:00,7.628634691367686e-09,8.227053827046045e-08,0.0631183360086631,0.031559171818648896
2013-11-09 12:00:00,9.531269648563457e-09,1.3621887903759002e-07,0.05672225445774767,0.02836113199450866
2013-11-09 13:00:00,2.1598290097930213e-08,0.038142028710291175,0.05624389734820075,0.028121959473245424
2013-11-09 14:00:00,9.617341038117473e-08,0.10809606287301657,0.060283443496674215,0.030141769835042298
2013-11-09 15:00:00,1.3364400136895197e-07,0.1254168731836873,0.0780678419976331,0.03903398782081723
2013-11-09 16:00:00,1.0996566981753967e-07,0.10805538708289271,0.09638823195936896,0.04819417096251939
2013-11-09 17:00:00,9.982382093842581e-08,0.1021419429515722,0.08418470171128138,0.04209240076755116
2013-11-09 18:00:00,9.31774607686678e-08,0.09878089433766317,0.06351929346665064,0.03175969332205571
2013-11-09 19:00:00,9.364943992313936e-08,0.09928630402342724,0.05195173425154269,0.025975913950491307
2013-11-09 20:00:00,9.635930035439199e-08,0.10049538057985466,0.055570751085621414,0.027785423722460883
2013-11-09 21:00:00,9.726940463829158e-08,0.10010854087388901,0.06533606735391101,0.032668082311657826
2013-11-09 22:00:00,1.1642836021694161e-07,0.11260612341893433,0.07305664275545527,0.036528379591907745
2013-11-09 23:00:00,1.1273844154764955e-07,0.10935354771678917,0.07652237993085513,0.03826124633464834
2013-11-10 00:00:00,1.1172152252668989e-07,0.10805161959756561,0.0757611614146465,0.03788063656808452
2013-11-10 01:00:00,1.0005533360114142e-07,0.10826899547173893,0.07736087036695821,0.03868048521114591
2013-11-10 02:00:00,1.0018583169363359e-07,0.10867456892429207,0.07389402231858867,0.03694706125221019
2013-11-10 03:00:00,1.0531558288331108e-07,0.11295664572567456,0.07411780315571065,0.037058954235646764
2013-11-10 04:00:00,1.1044944652070382e-07,0.11923403759916594,0.06414965944004278,0.03207488494474465
2013-11-10 05:00:00,1.243879645688346e-07,0.12202695595862247,0.0575412177586934,0.028770671073328983
2013-11-10 06:00:00,5.5659654226395865e-08,0.08089771365434203,0.05395056946896275,0.026975312564308487
2013-11-10 07:00:00,2.4089884465998143e-08,0.04103399481127079,0.06063441395749315,0.03031721902368881
2013-11-10 08:00:00,1.335226764999709e-08,1.31035839331999e-07,0.056948108067803024,0.02847406071003534
2013-11-10 09:00:00,8.974792974636169e-09,1.0900924875463394e-07,0.06241444747024409,0.03120722822251853
2013-11-10 10:00:00,7.97269445694777e-09,9.615064750121593e-08,0.06325826817013372,0.03162913807141409
2013-11-10 11:00:00,8.06440056096938e-09,1.0157828843359022e-07,0.0631183360086631,0.03155917203653183
2013-11-10 12:00:00,1.282802132453297e-08,1.3210615077353213e-07,0.05672225445774767,0.0283611336428845
2013-11-10 13:00:00,2.691165844440747e-08,0.04898057857300704,0.05624389734820075,0.028121962129929595
2013-11-10 14:00:00,9.693282938249075e-08,0.12287914374763736,0.060283443496674215,0.030141770214751798
2013-11-10 15:00:00,1.438586193061772e-07,0.16005206870951147,0.0780678419976331,0.039033992928126204
2013-11-10 16:00:00,1.8146911323105162e-07,0.17717234057426484,0.09638823195936896,0.0481942067142411
2013-11-10 17:00:00,2.0668472126601832e-07,0.18609332805835974,0.08418470171128138,0.042092454198001325
2013-11-10 18:00:00,2.0571853772944376e-07,0.18719805498353795,0.06351929346665064,0.031759749592594186
2013-11-10 19:00:00,2.0529917100381382e-07,0.1864232964355664,0.05195173425154269,0.025975969775356846
2013-11-10 20:00:00,2.0934192926819605e-07,0.18542210972989176,0.055570751085621414,0.027785480213775342
2013-11-10 21:00:00,2.223162238093804e-07,0.1875352449251181,0.06533606735391101,0.03266814483506741
2013-11-10 22:00:00,2.5593327791524755e-07,0.20157329767922347,0.07305664275545527,0.036528449344366595
2013-11-10 23:00:00,2.7967622849181745e-07,0.20468512932900684,0.07652237993085513,0.03826132980354181
2013-11-11 00:00:00,2.999341072033212e-07,0.2055273818491668,0.0757611614146465,0.037880730674376854
2013-11-11 01:00:00,3.084921782929984e-07,0.20800867591244923,0.07736087036695821,0.03868058942956825
2013-11-11 02:00:00,2.6824232533711905e-07,0.19451568894503843,0.07389402231858867,0.036947145280457006
2013-11-11 03:00:00,2.042591827686657e-07,0.17451948736800094,0.07411780315571065,0.037059003707446705
2013-11-11 04:00:00,1.8526312981274664e-07,0.1635437432972704,0.06414965944004278,0.032074922351586294
2013-11-11 05:00:00,1.9241269177904178e-07,0.16249721340000164,0.0575412177586934,0.02877070508569259
2013-11-11 06:00:00,1.1698161733849634e-07,0.11730045730285717,0.05395056946896275,0.026975343225290042
2013-11-11 07:00:00,7.474278544414151e-08,0.08641414004962533,0.06063441395749315,0.0303172443501393
2013-11-11 08:00:00,4.9297751341134386e-08,0.0741890641430308,0.056948108067803024,0.028474078682777182
2013-11-11 09:00:00,4.699626161448639e-08,0.07239128447883243,0.06241444747024409,0.03120724723325285
2013-11-11 10:00:00,4.347996162922374e-08,0.06863604537615507,0.06325826817013372,0.031629155825047675
2013-11-11 11:00:00,4.6127833840408075e-08,0.07262999180503861,0.0631183360086631,0.03155919106824847
2013-11-11 12:00:00,5.181966659295606e-08,0.0788956252037422,0.05672225445774767,0.028361153138707133
2013-11-11 13:00:00,9.179617040897538e-08,0.10170747989195444,0.05624389734820075,0.028121994572185578
2013-11-11 14:00:00,2.317163868944077e-07,0.15531485087252153,0.060283443496674215,0.030141837606530556
2013-11-11 15:00:00,0.09048124876090799,0.17572015392417353,0.0780678419976331,0.08427454537927054
2013-11-11 16:00:00,0.1502661288042789,0.1782966380753009,0.09638823195936896,0.12332718038182393
2013-11-11 17:00:00,0.15777408468791568,0.18475613840391006,0.08418470171128138,0.12097939319959852
2013-11-11 18:00:00,0.17344158246854663,0.19177359036830072,0.06351929346665064,0.11848043796759863
2013-11-11 19:00:00,0.05459520222007239,0.19605468833144304,0.05195173425154269,0.053273468235807545
2013-11-11 20:00:00,0.055080202965571576,0.1973271780552781,0.055570751085621414,0.055325477025596495
2013-11-11 21:00:00,0.181703173525991,0.19225771620958818,0.06533606735391101,0.123519620439951
2013-11-11 22:00:00,0.11100308090004551,0.17874816210044409,0.07305664275545527,0.09202986182775039
2013-11-11 23:00:00,3.9593370327698847e-07,0.1641316753319625,0.07652237993085513,0.038261387932279206
2013-11-12 00:00:00,2.662196693208042e-07,0.14859243141434414,0.0757611614146465,0.037880713817157914
2013-11-12 01:00:00,1.8326279853655657e-07,0.1308852660520604,0.07736087036695821,0.03868052681487837
2013-11-12 02:00:00,1.3937261392501185e-07,0.11759474764796696,0.07389402231858867,0.0369470808456013
2013-11-12 03:00:00,1.2372834119921267e-07,0.11170014092758958,0.07411780315571065,0.03705896344202592
2013-11-12 04:00:00,1.153689804674338e-07,0.10872897644450513,0.06414965944004278,0.03207488740451162
2013-11-12 05:00:00,1.175503959385868e-07,0.11014240753383596,0.0575412177586934,0.028770667654544668
2013-11-12 06:00:00,8.05136236334011e-08,0.08619329611432415,0.05395056946896275,0.026975324991293192
2013-11-12 07:00:00,5.407612907258205e-08,0.06578032284456091,0.06063441395749315,0.030317234016811113
2013-11-12 08:00:00,4.792642467734743e-08,0.059469813964952864,0.056948108067803024,0.02847407799711385
2013-11-12 09:00:00,4.396776624568733e-08,0.059257270396531427,0.06241444747024409,0.03120724571900517
2013-11-12 10:00:00,4.221899223476631e-08,0.0571080764980591,0.06325826817013372,0.031629155194562976
2013-11-12 11:00:00,4.7698338611536086e-08,0.06402330689558057,0.0631183360086631,0.031559191853500854
2013-11-12 12:00:00,6.07408950856048e-08,0.07815708892190357,0.05672225445774767,0.02836115759932138
2013-11-12 13:00:00,9.93307715686544e-08,0.1075543452761326,0.05624389734820075,0.028121998339486157
2013-11-12 14:00:00,2.2827149050533792e-07,0.179941749063741,0.060283443496674215,0.03014183588408236
2013-11-12 15:00:00,3.977086630021791e-07,0.23113915618834027,0.0780678419976331,0.03903411985314805
2013-11-12 16:00:00,4.1950360748313587e-07,0.24020374103540823,0.09638823195936896,0.04819432573148822
2013-11-12 17:00:00,3.9481918268480987e-07,0.24053406563335353,0.08418470171128138,0.04209254826523203
2013-11-12 18:00:00,3.4612113528613415e-07,0.2365000331744634,0.06351929346665064,0.03175981979389296
2013-11-12 19:00:00,3.084021329427953e-07,0.22892007842722203,0.05195173425154269,0.025976021326837816
2013-11-12 20:00:00,2.994317764840873e-07,0.22839774844821542,0.055570751085621414,0.02778552525869895
2013-11-12 21:00:00,2.997113752210133e-07,0.23039352781312483,0.06533606735391101,0.032668183532643114
2013-11-12 22:00:00,3.243216723770868e-07,0.24412997747776582,0.07305664275545527,0.036528483538563826
2013-11-12 23:00:00,3.3003673638912744e-07,0.24218823419345697,0.07652237993085513,0.03826135498379576
2013-11-13 00:00:00,3.198039125217681e-07,0.23720132935491772,0.0757611614146465,0.03788074060927951
2013-11-13 01:00:00,3.288259466869112e-07,0.2453483912310283,0.07736087036695821,0.03868059959645245
2013-11-13 02:00:00,3.6545910451156933e-07,0.2598040091421475,0.07389402231858867,0.03694719388884659
2013-11-13 03:00:00,4.2717608839127616e-07,0.2821200093589118,0.07411780315571065,0.03705911516589952
2013-11-13 04:00:00,5.099759643691848e-07,0.30605647932814456,0.06414965944004278,0.032075084708003576
2013-11-13 05:00:00,5.182253007108308e-07,0.3183798267124916,0.0575412177586934,0.028770867991997056
2013-11-13 06:00:00,1.695470527366089e-07,0.1774146592641927,0.05395056946896275,0.026975369508007743
2013-11-13 07:00:00,8.14293799482876e-08,0.10367864438911172,0.06063441395749315,0.03031724769343655
2013-11-13 08:00:00,6.261596227171964e-08,0.08342391111222665,0.056948108067803024,0.028474085341882647
2013-11-13 09:00:00,6.347076991884564e-08,0.08446105966546116,0.06241444747024409,0.031207255470507005
2013-11-13 10:00:00,5.872321069816463e-08,0.0799115240592814,0.06325826817013372,0.03162916344667221
2013-11-13 11:00:00,6.078499354225755e-08,0.08218287290247676,0.0631183360086631,0.03155919839682832
2013-11-13 12:00:00,7.248110580654113e-08,0.09531267174244878,0.05672225445774767,0.02836116346942674
2013-11-13 13:00:00,1.1082896519438514e-07,0.13459647028107283,0.05624389734820075,0.02812200408858297
2013-11-13 14:00:00,5.537223152056226e-07,0.35710906536777526,0.060283443496674215,0.03014199860949471
2013-11-13 15:00:00,0.3413666254598271,0.6090719311493525,0.0780678419976331,0.2097172337287301
2013-11-13 16:00:00,0.3377353422600277,0.5488777450494157,0.09638823195936896,0.21706178710969834
2013-11-13 17:00:00,0.3367946771526027,0.5349954739341397,0.08418470171128138,0.21048968943194205
2013-11-13 18:00:00,0.33609880478911364,0.5251202215384536,0.06351929346665064,0.19980904912788214
2013-11-13 19:00:00,0.33619239293021635,0.5264302715338902,0.05195173425154269,0.19407206359087953
2013-11-13 20:00:00,0.336536825225755,0.5312752764758321,0.055570751085621414,0.19605378815568822
2013-11-13 21:00:00,0.3368913127736316,0.5151660755279148,0.06533606735391101,0.2011136900637713
2013-11-13 22:00:00,0.33406520076411755,0.46860928076995606,0.07305664275545527,0.2035609217597864
2013-11-13 23:00:00,0.3316280383500953,0.4342288708260832,0.07652237993085513,0.20407520914047522
2013-11-14 00:00:00,0.25066370976794455,0.4018190139373165,0.0757611614146465,0.16321243559129553
2013-11-14 01:00:00,0.24695900698829085,0.39828852730695613,0.07736087036695821,0.16215993867762452
2013-11-14 02:00:00,0.16385081645497093,0.35936076437477765,0.07389402231858867,0.11887241938677981
2013-11-14 03:00:00,5.99334194195176e-07,0.2996701974244083,0.07411780315571065,0.03705920124495242
2013-11-14 04:00:00,3.516319622968703e-07,0.23758060447296714,0.06414965944004278,0.03207500553600254
2013-11-14 05:00:00,3.386396316487428e-07,0.22976838676441627,0.0575412177586934,0.028770778199162524
2013-11-14 06:00:00,1.9077943231914933e-07,0.1663222760400967,0.05395056946896275,0.026975380124197534
2013-11-14 07:00:00,1.1652003961427121e-07,0.12229391419941765,0.06063441395749315,0.030317265238766385
2013-11-14 08:00:00,9.164977561302119e-08,0.10314047543730827,0.056948108067803024,0.02847409985878932
2013-11-14 09:00:00,9.056692830546585e-08,0.10172836087601267,0.06241444747024409,0.031207269018586198
2013-11-14 10:00:00,7.756768992059276e-08,0.08791630979934095,0.06325826817013372,0.03162917286891182
2013-11-14 11:00:00,7.855330015303827e-08,0.089319697451764,0.0631183360086631,0.031559207280981626
2013-11-14 12:00:00,8.551811847886933e-08,0.09567975761009033,0.05672225445774767,0.028361169987933074
2013-11-14 13:00:00,9.727659234508034e-08,0.10517793963827016,0.05624389734820075,0.028121997312396545
2013-11-14 14:00:00,1.5488664550445737e-07,0.144805393258427,0.060283443496674215,0.03014179919165986
2013-11-14 15:00:00,1.4564775960577762e-07,0.14351569490341945,0.0780678419976331,0.03903399382269635
2013-11-14 16:00:00,1.4165121090988353e-07,0.14102878521744605,0.09638823195936896,0.04819418680528994
2013-11-14 17:00:00,1.4012304382816972e-07,0.1379810246125314,0.08418470171128138,0.04209242091716261
2013-11-14 18:00:00,1.2764246149018234e-07,0.12938080662499146,0.06351929346665064,0.031759710554556064
2013-11-14 19:00:00,1.1124876178863938e-07,0.11846321822908763,0.05195173425154269,0.025975922750152237
2013-11-14 20:00:00,1.1126911662851503e-07,0.11756243968080789,0.055570751085621414,0.02778543117736902
2013-11-14 21:00:00,1.1314389431677293e-07,0.11734519980113892,0.06533606735391101,0.032668090248902666
2013-11-14 22:00:00,1.2011605525901995e-07,0.11662086911223657,0.07305664275545527,0.036528381435755264
2013-11-14 23:00:00,1.2553246449271446e-07,0.1185843644671218,0.07652237993085513,0.03826125273165981
2013-11-15 00:00:00,1.199123231616179e-07,0.1159463701485242,0.0757611614146465,0.03788064066348484
2013-11-15 01:00:00,1.0959387141506491e-07,0.10992991055840586,0.07736087036695821,0.03868048998041481
2013-11-15 02:00:00,1.0074893276197577e-07,0.10478174661187772,0.07389402231858867,0.03694706153376072
2013-11-15 03:00:00,9.311561311556438e-08,0.09949711903567908,0.07411780315571065,0.03705894813566188
2013-11-15 04:00:00,8.816999103736012e-08,0.09538565051796119,0.06414965944004278,0.032074873805016904
2013-11-15 05:00:00,8.623025576034963e-08,0.09424782380124085,0.0575412177586934,0.02877065199447458
2013-11-15 06:00:00,5.671175617331053e-08,0.06914727751362873,0.05395056946896275,0.02697531309035946
2013-11-15 07:00:00,3.5071471753747506e-08,0.04738950255637163,0.06063441395749315,0.030317224514482453
2013-11-15 08:00:00,2.6039082965783435e-08,0.039644751778791565,0.056948108067803024,0.028474067053442995
2013-11-15 09:00:00,2.505960225920534e-08,0.03819922309804728,0.06241444747024409,0.031207236264923176
2013-11-15 10:00:00,2.36997230490654e-08,0.0360904291494585,0.06325826817013372,0.03162914593492838
2013-11-15 11:00:00,2.5906195211149667e-08,0.039664641516086716,0.0631183360086631,0.031559180957429156
2013-11-15 12:00:00,3.385054973061963e-08,0.04687079081307339,0.05672225445774767,0.028361144154148702
2013-11-15 13:00:00,4.705567487567602e-08,0.06330474854386324,0.05624389734820075,0.028121972201937812
2013-11-15 14:00:00,1.0083126393969308e-07,0.12028597531916681,0.060283443496674215,0.03014177216396908
2013-11-15 15:00:00,1.3959449145415848e-07,0.1544229185411465,0.0780678419976331,0.039033990796062276
2013-11-15 16:00:00,1.4669004319194976e-07,0.15800694060437492,0.09638823195936896,0.04819418932470608
2013-11-15 17:00:00,1.5488537187076638e-07,0.1619077132749283,0.08418470171128138,0.04209242829832663
2013-11-15 18:00:00,1.74815711660618e-07,0.17363053791056854,0.06351929346665064,0.03175973414118115
2013-11-15 19:00:00,1.9605074663075205e-07,0.18591461837983106,0.05195173425154269,0.02597596515114466
2013-11-15 20:00:00,2.3904215547527795e-07,0.21067338239137534,0.055570751085621414,0.027785495063888443
2013-11-15 21:00:00,3.0615353293523176e-07,0.2422633220024752,0.06533606735391101,0.032668186753721976
2013-11-15 22:00:00,5.962835273965178e-07,0.3158230233628428,0.07305664275545527,0.03652861951949134
2013-11-15 23:00:00,0.1420824355951428,0.36184924626119835,0.07652237993085513,0.10930240776299896
2013-11-16 00:00:00,0.14901583009223487,0.37233056372026613,0.0757611614146465,0.11238849575344069
2013-11-16 01:00:00,9.494297466006532e-07,0.3771873716167572,0.07736087036695821,0.038680909898352406
2013-11-16 02:00:00,0.1484367305808805,0.40846662567738207,0.07389402231858867,0.1111653764497346
2013-11-16 03:00:00,0.1677936236812053,0.4473814884791877,0.07411780315571065,0.12095571341845797
2013-11-16 04:00:00,0.1803316585768157,0.5057726127611247,0.06414965944004278,0.12224065900842924
2013-11-16 05:00:00,0.19474220553348234,0.5195960304852613,0.0575412177586934,0.12614171164608787
2013-11-16 06:00:00,9.844943658864184e-08,0.12313985620299858,0.05395056946896275,0.026975333959199668
2013-11-16 07:00:00,3.044172135054007e-08,0.05295955475078306,0.06063441395749315,0.030317222199607252
2013-11-16 08:00:00,1.8514985046279752e-08,0.029128509533677266,0.056948108067803024,0.028474063291394035
2013-11-16 09:00:00,1.7245508845134025e-08,0.027184583630427646,0.06241444747024409,0.03120723235787647
2013-11-16 10:00:00,1.7521483704421918e-08,0.02760781362190872,0.06325826817013372,0.031629142845808714
2013-11-16 11:00:00,1.96385601006612e-08,0.030842584118121755,0.0631183360086631,0.031559177823611596
2013-11-16 12:00:00,2.6186582218979223e-08,0.040715223147568,0.05672225445774767,0.028361140322164947
2013-11-16 13:00:00,6.525935638075786e-08,0.09428669003261962,0.05624389734820075,0.028121981303778566
2013-11-16 14:00:00,5.970780519970307e-07,0.3681693112630232,0.060283443496674215,0.030142020287363108
2013-11-16 15:00:00,0.3413542121581715,0.6090668158581942,0.0780678419976331,0.20971102707790232
2013-11-16 16:00:00,0.2501531724255743,0.49464404947773405,0.09638823195936896,0.17327070219247162
2013-11-16 17:00:00,0.16080735326996065,0.4018603025846038,0.08418470171128138,0.12249602749062102
2013-11-16 18:00:00,6.404692240563966e-07,0.32712640544786975,0.06351929346665064,0.03175996696793735
2013-11-16 19:00:00,5.119104100937564e-07,0.29772400741582805,0.05195173425154269,0.025976123080976393
2013-11-16 20:00:00,4.7384531113049285e-07,0.28333595214196494,0.055570751085621414,0.02778561246546627
2013-11-16 21:00:00,4.0101947901080464e-07,0.2628159043297802,0.06533606735391101,0.03266823418669501
2013-11-16 22:00:00,3.4714158412507654e-07,0.23748768569386208,0.07305664275545527,0.0365284949485197
2013-11-16 23:00:00,4.148049310049302e-07,0.25352900071045426,0.07652237993085513,0.038261397367893066
2013-11-17 00:00:00,5.086969607113914e-07,0.26846067239459853,0.0757611614146465,0.037880835055803606
2013-11-17 01:00:00,5.890009638733046e-07,0.274749573285943,0.07736087036695821,0.038680729683961045
2013-11-17 02:00:00,5.794882139209189e-07,0.2687937353149523,0.07389402231858867,0.036947300903401294
2013-11-17 03:00:00,4.234698053324704e-07,0.24003067984048812,0.07411780315571065,0.03705911331275799
2013-11-17 04:00:00,3.38139037054413e-07,0.21653733292471147,0.06414965944004278,0.03207499878953991
2013-11-17 05:00:00,3.2139827651050766e-07,0.2095918752322622,0.0575412177586934,0.028770769578484956
2013-11-17 06:00:00,1.067578805998512e-07,0.11436254965473035,0.05395056946896275,0.026975338113421673
2013-11-17 07:00:00,4.41290349456651e-08,0.06971656046633354,0.06063441395749315,0.03031722904326405
2013-11-17 08:00:00,2.9867901780070623e-08,0.0449387952751463,0.056948108067803024,0.0284740689678524
2013-11-17 09:00:00,3.0944260757347874e-08,0.0465530998045379,0.06241444747024409,0.031207239207252425
2013-11-17 10:00:00,2.810840930002379e-08,0.042291553340231776,0.06325826817013372,0.03162914813927151
2013-11-17 11:00:00,2.964244495256112e-08,0.04428586601816332,0.0631183360086631,0.031559182825554026
2013-11-17 12:00:00,3.672695292804557e-08,0.053504074148803565,0.05672225445774767,0.0283611455923503
2013-11-17 13:00:00,1.0015966360921707e-07,0.11640328429916534,0.05624389734820075,0.02812199875393218
2013-11-17 14:00:00,7.158800349063105e-07,0.3293763900167884,0.060283443496674215,0.03014207968835456
2013-11-17 15:00:00,0.3329564128359692,0.45247037165958426,0.0780678419976331,0.20551212741680117
2013-11-17 16:00:00,0.3333489207054559,0.4580797851058904,0.09638823195936896,0.21486857633241244
2013-11-17 17:00:00,0.33377480399676374,0.4643191322234421,0.08418470171128138,0.20897975285402257
2013-11-17 18:00:00,0.3345407413127883,0.4759515747296301,0.06351929346665064,0.19903001738971948
2013-11-17 19:00:00,0.3347972802954265,0.4799648954421522,0.05195173425154269,0.1933745072734846
2013-11-17 20:00:00,0.2323692571900281,0.44393930686438077,0.055570751085621414,0.14397000413782476
2013-11-17 21:00:00,0.17492174566461915,0.404286311276101,0.06533606735391101,0.12012890650926508
2013-11-17 22:00:00,0.20701747151533323,0.4316696486157441,0.07305664275545527,0.14003705713539424
2013-11-17 23:00:00,7.496252895768419e-07,0.35110137674606423,0.07652237993085513,0.038261564778072354
2013-11-18 00:00:00,4.1431665943558545e-07,0.28407097479960847,0.0757611614146465,0.03788078786565297
2013-11-18 01:00:00,3.383517979599294e-07,0.25474659980001174,0.07736087036695821,0.03868060435937808
2013-11-18 02:00:00,2.911014931177785e-07,0.2323000142138959,0.07389402231858867,0.036947156710040896
2013-11-18 03:00:00,2.5703306129810907e-07,0.21404349225892028,0.07411780315571065,0.03705903009438597
2013-11-18 04:00:00,2.1428773610441927e-07,0.19106954383122687,0.06414965944004278,0.032074936863889444
2013-11-18 05:00:00,2.043935698526174e-07,0.1848452138290369,0.0575412177586934,0.028770711076131626
2013-11-18 06:00:00,8.78194144790631e-08,0.10404367894126527,0.05395056946896275,0.026975328644188612
2013-11-18 07:00:00,3.894551012168883e-08,0.0581358634314677,0.06063441395749315,0.030317226451501637
2013-11-18 08:00:00,2.9361781646027937e-08,0.04917682610540192,0.056948108067803024,0.028474068714792335
2013-11-18 09:00:00,3.156910855112689e-08,0.036705052831833264,0.06241444747024409,0.03120723951967632
2013-11-18 10:00:00,3.5125883673564205e-08,0.0411824035489366,0.06325826817013372,0.031629151648008696
2013-11-18 11:00:00,3.7761098327697315e-08,0.05625982649455646,0.0631183360086631,0.03155918688488071
2013-11-18 12:00:00,4.9747926757639776e-08,0.0734698062203541,0.05672225445774767,0.028361152102837215
2013-11-18 13:00:00,8.237073149253218e-08,0.10267768465354858,0.05624389734820075,0.02812198985946612
2013-11-18 14:00:00,2.2479975808276216e-07,0.2032479618338116,0.060283443496674215,0.03014183414821615
2013-11-18 15:00:00,3.5551088232142445e-07,0.23190126029485125,0.0780678419976331,0.03903409875425771
2013-11-18 16:00:00,3.51573102126361e-07,0.21347369864341542,0.09638823195936896,0.04819429176623555
2013-11-18 17:00:00,3.6775266377811254e-07,0.20242071973464232,0.08418470171128138,0.04209253473197258
2013-11-18 18:00:00,4.2651848845686364e-07,0.20113940217992915,0.06351929346665064,0.03175985999256955
2013-11-18 19:00:00,5.148594040661535e-07,0.21062127055811666,0.05195173425154269,0.02597612455547338
2013-11-18 20:00:00,0.10897520536964339,0.22166017867971924,0.055570751085621414,0.08227297822763241
2013-11-18 21:00:00,0.11812649781271654,0.22417128115597051,0.06533606735391101,0.09173128258331378
2013-11-18 22:00:00,0.15605721103272527,0.2524783981083446,0.07305664275545527,0.11455692689409028
2013-11-18 23:00:00,0.13383930321236653,0.25177504226564046,0.07652237993085513,0.10518084157161084
2013-11-19 00:00:00,0.11665247005277618,0.24808414039001886,0.0757611614146465,0.09620681573371134
2013-11-19 01:00:00,0.11813255511234377,0.24975739298996924,0.07736087036695821,0.09774671273965099
2013-11-19 02:00:00,0.1245364934618879,0.25265643327050963,0.07389402231858867,0.09921525789023829
2013-11-19 03:00:00,0.11993105647922465,0.2520840381371182,0.07411780315571065,0.09702442981746764
2013-11-19 04:00:00,0.12026646094920558,0.2516033214323843,0.06414965944004278,0.09220806019462419
2013-11-19 05:00:00,0.10618584014091799,0.24342020458686012,0.0575412177586934,0.0818635289498057
2013-11-19 06:00:00,1.8900390081714465e-07,0.15238378491067123,0.05395056946896275,0.02697537923643178
2013-11-19 07:00:00,7.087823644122696e-08,0.08259472238020021,0.06063441395749315,0.030317242417864796
2013-11-19 08:00:00,5.222064222075668e-08,0.06647947436135063,0.056948108067803024,0.028474080144222622
2013-11-19 09:00:00,4.764103529738598e-08,0.06129842404335175,0.06241444747024409,0.031207247555639694
2013-11-19 10:00:00,4.483760940850549e-08,0.058988881827485073,0.06325826817013372,0.03162915650387156
2013-11-19 11:00:00,4.702605476854413e-08,0.060657435202008614,0.0631183360086631,0.031559191517358934
2013-11-19 12:00:00,5.5122538781775353e-08,0.06820634989176083,0.05672225445774767,0.028361154790143228
2013-11-19 13:00:00,8.335586530780339e-08,0.09199237160231663,0.05624389734820075,0.028121990352033027
2013-11-19 14:00:00,2.1444530057940006e-07,0.16009014458110205,0.060283443496674215,0.030141828970987397
2013-11-19 15:00:00,2.2157213777636185e-07,0.1481852010330127,0.0780678419976331,0.03903403178488544
2013-11-19 16:00:00,1.4600040291244524e-07,0.11799954615635859,0.09638823195936896,0.048194188979885935
2013-11-19 17:00:00,1.224518921975583e-07,0.10319027654243312,0.08418470171128138,0.04209241208158679
2013-11-19 18:00:00,1.2081026113228553e-07,0.09811060358599374,0.06351929346665064,0.031759707138455884
2013-11-19 19:00:00,1.2400621291794422e-07,0.09628838029027251,0.05195173425154269,0.025975929128877803
2013-11-19 20:00:00,1.1885798781703465e-07,0.09539037637160941,0.055570751085621414,0.027785434971804617
2013-11-19 21:00:00,1.2273319597331575e-07,0.09757488906772759,0.06533606735391101,0.03266809504355349
2013-11-19 22:00:00,1.354310203028336e-07,0.10591544101988969,0.07305664275545527,0.03652838909323779
2013-11-19 23:00:00,1.4895525895885314e-07,0.11026968629121602,0.07652237993085513,0.038261264443057046
2013-11-20 00:00:00,1.7246337497215894e-07,0.1180517441981563,0.0757611614146465,0.03788066693901074
2013-11-20 01:00:00,1.873777573062846e-07,0.12411514048701856,0.07736087036695821,0.03868052887235776
2013-11-20 02:00:00,1.6999283140229976e-07,0.12000682967771881,0.07389402231858867,0.03694709615571004
2013-11-20 03:00:00,1.4770069163802876e-07,0.11496424475109986,0.07411780315571065,0.03705897542820114
2013-11-20 04:00:00,1.1976991589418974e-07,0.10508672607165685,0.06414965944004278,0.03207488960497933
2013-11-20 05:00:00,1.0891770006295245e-07,0.10199205213154013,0.0575412177586934,0.02877066333819673
2013-11-20 06:00:00,7.054688561409961e-08,0.0785180641392726,0.05395056946896275,0.02697532000792418
2013-11-20 07:00:00,4.244681402626105e-08,0.05406770660252635,0.06063441395749315,0.03031722820215359
2013-11-20 08:00:00,3.503751439591928e-08,0.04648502181172199,0.056948108067803024,0.02847407155265871
2013-11-20 09:00:00,2.9549282023660594e-08,0.04361450164950406,0.06241444747024409,0.031207238509763056
2013-11-20 10:00:00,2.7238640046176684e-08,0.04001281042781128,0.06325826817013372,0.031629147704386885
2013-11-20 11:00:00,2.614989344859816e-08,0.0390047052374581,0.0631183360086631,0.03155918107927827
2013-11-20 12:00:00,2.8144513928370952e-08,0.04234947736309646,0.05672225445774767,0.0283611413011308
2013-11-20 13:00:00,4.1679503480107814e-08,0.055248943570657634,0.05624389734820075,0.028121969513852114
2013-11-20 14:00:00,7.33391608630555e-08,0.08542238938392346,0.060283443496674215,0.03014175841791754
2013-11-20 15:00:00,8.346535212480365e-08,0.08987591956668214,0.0780678419976331,0.039033962731492615
2013-11-20 16:00:00,8.344391865082714e-08,0.08760735916294739,0.09638823195936896,0.04819415770164381
2013-11-20 17:00:00,8.334881790198037e-08,0.08527862870637341,0.08418470171128138,0.04209239253004964
2013-11-20 18:00:00,8.330152098732599e-08,0.08424353455187156,0.06351929346665064,0.03175968838408581
2013-11-20 19:00:00,8.32389132899559e-08,0.08380985070643605,0.05195173425154269,0.02597590874522799
2013-11-20 20:00:00,8.318052503744012e-08,0.08492622134823685,0.055570751085621414,0.027785417133073226
2013-11-20 21:00:00,8.31018430764931e-08,0.08634247500151358,0.06533606735391101,0.03266807522787704
2013-11-20 22:00:00,8.30754915525857e-08,0.08648657717703961,0.07305664275545527,0.036528362915473414
2013-11-20 23:00:00,8.308039758048735e-08,0.090052725221623,0.07652237993085513,0.03826123150562635
2013-11-21 00:00:00,8.319864669988902e-08,0.09484314557782914,0.0757611614146465,0.0378806223066466
2013-11-21 01:00:00,8.340013051968791e-08,0.09974120680713155,0.07736087036695821,0.03868047688354437
2013-11-21 02:00:00,8.36856480095068e-08,0.10469763322674934,0.07389402231858867,0.03694705300211834
2013-11-21 03:00:00,8.397883666133064e-08,0.11010020540810245,0.07411780315571065,0.037058943567273656
2013-11-21 04:00:00,8.404271111700937e-08,0.11202814882510785,0.06414965944004278,0.03207487174137695
2013-11-21 05:00:00,8.437619044737105e-08,0.11370380399918281,0.0575412177586934,0.02877065106744192
2013-11-21 06:00:00,6.306508827363736e-08,0.08827619410021943,0.05395056946896275,0.026975316267025512
2013-11-21 07:00:00,3.908999417505782e-08,0.05695074950464476,0.06063441395749315,0.030317226523743662
2013-11-21 08:00:00,3.023908096949675e-08,0.04863636291622019,0.056948108067803024,0.028474069153441996
2013-11-21 09:00:00,2.9571587831327096e-08,0.04757838096270458,0.06241444747024409,0.03120723852091596
2013-11-21 10:00:00,2.839235563194841e-08,0.04620196862173704,0.06325826817013372,0.031629148281244676
2013-11-21 11:00:00,2.9927794437400464e-08,0.04847420046767927,0.0631183360086631,0.031559182968228766
2013-11-21 12:00:00,3.370255731870596e-08,0.054215744327174104,0.05672225445774767,0.028361144080152497
2013-11-21 13:00:00,4.838977226031143e-08,0.06996072977465673,0.05624389734820075,0.028121972868986503
2013-11-21 14:00:00,7.819948723316594e-08,0.10763142458513958,0.060283443496674215,0.030141760848080724
2013-11-21 15:00:00,8.479350315262245e-08,0.11118055757882342,0.0780678419976331,0.039033963395568125
2013-11-21 16:00:00,8.40374590097744e-08,0.10602079794457869,0.09638823195936896,0.048194157998413985
2013-11-21 17:00:00,8.652571465186413e-08,0.10578865861109073,0.08418470171128138,0.042092394118498015
2013-11-21 18:00:00,8.602644731403299e-08,0.10360035621672149,0.06351929346665064,0.031759689746548976
2013-11-21 19:00:00,8.463038567674731e-08,0.10125194540323378,0.05195173425154269,0.025975909440964184
2013-11-21 20:00:00,8.561389819287118e-08,0.10177789085931775,0.055570751085621414,0.027785418349759804
2013-11-21 21:00:00,8.64926129686505e-08,0.10303961436645263,0.06533606735391101,0.03266807692326199
2013-11-21 22:00:00,8.421218767316849e-08,0.10169898226952229,0.07305664275545527,0.03652836348382147
2013-11-21 23:00:00,8.536234585286985e-08,0.1046890735188703,0.07652237993085513,0.038261232646600495
2013-11-22 00:00:00,9.000271153623663e-08,0.11202720912100812,0.0757611614146465,0.03788062570867902
2013-11-22 01:00:00,9.31522596803172e-08,0.115517115587055,0.07736087036695821,0.03868048175960895
2013-11-22 02:00:00,9.483105816813827e-08,0.11693847508717196,0.07389402231858867,0.03694705857482342
2013-11-22 03:00:00,9.027547347352054e-08,0.11351310844022358,0.07411780315571065,0.03705894671559206
2013-11-22 04:00:00,8.529806174732893e-08,0.1096133242324966,0.06414965944004278,0.032074872369052265
2013-11-22 05:00:00,8.450663367855473e-08,0.11010109871164835,0.0575412177586934,0.028770651132663538
2013-11-22 06:00:00,7.03631594258594e-08,0.09540832899161956,0.05395056946896275,0.026975319916061086
2013-11-22 07:00:00,4.834090838297447e-08,0.06873265107029694,0.06063441395749315,0.030317231149200766
2013-11-22 08:00:00,3.807130306584283e-08,0.060728200309857774,0.056948108067803024,0.028474073069553046
2013-11-22 09:00:00,3.728601245183538e-08,0.059443889107863204,0.06241444747024409,0.03120724237812827
2013-11-22 10:00:00,3.865951188894616e-08,0.06184062985339542,0.06325826817013372,0.0316291534148228
2013-11-22 11:00:00,4.236273942890791e-08,0.06661383367533733,0.0631183360086631,0.03155918918570126
2013-11-22 12:00:00,5.573257375037018e-08,0.07758668424497836,0.05672225445774767,0.02836115509516071
2013-11-22 13:00:00,8.325181151968486e-08,0.10852434575899977,0.05624389734820075,0.028121990300006134
2013-11-22 14:00:00,1.6038117765332654e-07,0.1803661463732127,0.060283443496674215,0.030141801938925933
2013-11-22 15:00:00,1.6736231510282135e-07,0.17950493719944455,0.0780678419976331,0.0390340046799741
2013-11-22 16:00:00,1.4933165311994205e-07,0.16370770247802202,0.09638823195936896,0.048194190645511045
2013-11-22 17:00:00,1.5124258640350324e-07,0.16348904274886983,0.08418470171128138,0.04209242647693389
2013-11-22 18:00:00,1.6009337499461024e-07,0.16790253435421942,0.06351929346665064,0.03175972678001282
2013-11-22 19:00:00,1.8759990547693486e-07,0.1922209804847971,0.05195173425154269,0.025975960925724084
2013-11-22 20:00:00,2.982357565585025e-07,0.24111636912040063,0.055570751085621414,0.027785524660688985
2013-11-22 21:00:00,4.0637601004295505e-07,0.2753851401355289,0.06533606735391101,0.03266823686496052
2013-11-22 22:00:00,4.7137940655646766e-07,0.2864131733030829,0.07305664275545527,0.03652855706743091
2013-11-22 23:00:00,8.055358768836542e-07,0.3358851737401799,0.07652237993085513,0.038261592733366004
2013-11-23 00:00:00,0.15634052377087457,0.35324203057928094,0.0757611614146465,0.11605084259276054
2013-11-23 01:00:00,0.18877575989157164,0.3618974508952496,0.07736087036695821,0.13306831512926492
2013-11-23 02:00:00,0.22447445750498526,0.36828234149890793,0.07389402231858867,0.14918423991178698
2013-11-23 03:00:00,0.27393152004517635,0.3723757818622209,0.07411780315571065,0.1740246616004435
2013-11-23 04:00:00,0.2710454618352955,0.36320165499676305,0.06414965944004278,0.16759756063766912
2013-11-23 05:00:00,0.27187469698592687,0.3541116892539969,0.0575412177586934,0.16470795737231014
2013-11-23 06:00:00,4.390262573223094e-07,0.23885353867487508,0.05395056946896275,0.026975504247610034
2013-11-23 07:00:00,1.4112531711339865e-07,0.13738715459861267,0.06063441395749315,0.030317277541405133
2013-11-23 08:00:00,9.541566254693062e-08,0.10601536878842754,0.056948108067803024,0.028474101741732784
2013-11-23 09:00:00,8.610035343725448e-08,0.09825182475260114,0.06241444747024409,0.031207266785298764
2013-11-23 10:00:00,7.479189952869612e-08,0.08948494772070961,0.06325826817013372,0.03162917148101663
2013-11-23 11:00:00,7.694896459956589e-08,0.09017430060577095,0.0631183360086631,0.03155920647881385
2013-11-23 12:00:00,9.470500690390893e-08,0.10318080353980827,0.05672225445774767,0.02836117458137729
2013-11-23 13:00:00,1.532206130142218e-07,0.13815260489475803,0.05624389734820075,0.028122025284406882
2013-11-23 14:00:00,0.14056111917702835,0.27196777789295074,0.060283443496674215,0.10042228133685129
2013-11-23 15:00:00,0.2771467187059407,0.28887780560666015,0.0780678419976331,0.1776072803517869
2013-11-23 16:00:00,0.24748530079892833,0.25574743719891463,0.09638823195936896,0.17193676637914865
2013-11-23 17:00:00,0.19516486487976212,0.2216996494692069,0.08418470171128138,0.13967478329552174
2013-11-23 18:00:00,0.1204965637470326,0.19860113573871332,0.06351929346665064,0.09200792860684162
2013-11-23 19:00:00,0.10517480751900066,0.18890392035850082,0.05195173425154269,0.07856327088527168
2013-11-23 20:00:00,0.09878397618389134,0.18421666453584085,0.055570751085621414,0.07717736363475639
2013-11-23 21:00:00,0.09182058313624306,0.1824526996301267,0.06533606735391101,0.07857832524507703
2013-11-23 22:00:00,3.929309296724363e-07,0.17968439414003587,0.07305664275545527,0.03652851784319247
2013-11-23 23:00:00,4.092969190546506e-07,0.18911464743411932,0.07652237993085513,0.03826139461388709
2013-11-24 00:00:00,4.057175487371894e-07,0.19620985169675625,0.0757611614146465,0.03788078356609762
2013-11-24 01:00:00,3.99912499145187e-07,0.20104455669918841,0.07736087036695821,0.03868063513972868
2013-11-24 02:00:00,3.535787261837808e-07,0.19320263674316135,0.07389402231858867,0.03694718794865743
2013-11-24 03:00:00,3.3817987104832597e-07,0.18655643957711582,0.07411780315571065,0.03705907066779085
2013-11-24 04:00:00,2.688208437621565e-07,0.17309851880598015,0.06414965944004278,0.03207496413044327
2013-11-24 05:00:00,1.80805922676046e-07,0.1484439537223273,0.0575412177586934,0.02877069928230804
2013-11-24 06:00:00,1.0646171921120304e-07,0.11085479940010573,0.05395056946896275,0.02697533796534098
2013-11-24 07:00:00,6.157389158626694e-08,0.07471827263511985,0.06063441395749315,0.03031723776569237
2013-11-24 08:00:00,4.208964444402467e-08,0.059255641070495156,0.056948108067803024,0.028474075078723734
2013-11-24 09:00:00,3.6887750126335016e-08,0.05362972647418509,0.06241444747024409,0.03120724217899711
2013-11-24 10:00:00,3.571151870929144e-08,0.05241396085440692,0.06325826817013372,0.03162915194082622
2013-11-24 11:00:00,3.8936589867189365e-08,0.058568670120476396,0.0631183360086631,0.03155918747262648
2013-11-24 12:00:00,4.444945379911105e-08,0.06758206268048451,0.05672225445774767,0.028361149453600736
2013-11-24 13:00:00,6.21201925542997e-08,0.08610362186593473,0.05624389734820075,0.02812197973419665
2013-11-24 14:00:00,9.131223897203205e-08,0.12258192693378399,0.060283443496674215,0.030141767404456593
2013-11-24 15:00:00,9.943331327673008e-08,0.12936543262070993,0.0780678419976331,0.03903397071547319
2013-11-24 16:00:00,9.733185082177281e-08,0.12148273869561409,0.09638823195936896,0.04819416464560989
2013-11-24 17:00:00,8.931298229314916e-08,0.10766536152107936,0.08418470171128138,0.042092395512131835
2013-11-24 18:00:00,8.628884593430138e-08,0.09988695466491283,0.06351929346665064,0.031759689877748284
2013-11-24 19:00:00,8.456448265129273e-08,0.09414481441855888,0.05195173425154269,0.02597590940801267
2013-11-24 20:00:00,8.348710646379037e-08,0.0897630023922865,0.055570751085621414,0.02778541728636394
2013-11-24 21:00:00,8.325164706950645e-08,0.08548096671922208,0.06533606735391101,0.03266807530277904
2013-11-24 22:00:00,8.30674507851407e-08,0.08083520362389154,0.07305664275545527,0.036528362911453026
2013-11-24 23:00:00,8.30673861742144e-08,0.07580234827553153,0.07652237993085513,0.038261231499120654
2013-11-25 00:00:00,7.551606109191951e-08,0.07138133877979927,0.0757611614146465,0.0378806184653538
2013-11-25 01:00:00,7.551604683523348e-08,0.06764041589283265,0.07736087036695821,0.03868047294150252
2013-11-25 02:00:00,7.551603657042289e-08,0.06494678965123862,0.07389402231858867,0.036947048917312625
2013-11-25 03:00:00,7.551603086775153e-08,0.06361355007602011,0.07411780315571065,0.03705893933587076
2013-11-25 04:00:00,7.551602687588212e-08,0.0632529328434151,0.06414965944004278,0.03207486747803483
2013-11-25 05:00:00,8.306733536375074e-08,0.062550507276132,0.0575412177586934,0.02877065041301438
2013-11-25 06:00:00,6.58622617251561e-08,0.05480593013288713,0.05395056946896275,0.026975317665612238
2013-11-25 07:00:00,4.088111391878059e-08,0.043680159080436855,0.06063441395749315,0.030317227419303535
2013-11-25 08:00:00,2.7685507939888754e-08,0.02695624592425321,0.056948108067803024,0.028474067876655483
2013-11-25 09:00:00,2.3085190695498057e-08,0.025222971693687393,0.06241444747024409,0.031207235277717394
2013-11-25 10:00:00,2.2636505411736837e-08,0.02441787435152546,0.06325826817013372,0.03162914540331956
2013-11-25 11:00:00,2.5312603053935182e-08,0.02387710919363228,0.0631183360086631,0.031559180660633075
2013-11-25 12:00:00,3.099839731052945e-08,0.037721425908279184,0.05672225445774767,0.02836114272807249
2013-11-25 13:00:00,4.955610926048076e-08,0.04701354154550753,0.05624389734820075,0.028121973452155002
2013-11-25 14:00:00,8.1144703912012e-08,0.06580574598164445,0.060283443496674215,0.030141762320689065
2013-11-25 15:00:00,9.18417169792291e-08,0.07332534829765532,0.0780678419976331,0.03903396691967504
2013-11-25 16:00:00,1.0163448392254261e-07,0.07792634233303988,0.09638823195936896,0.048194166796926445
2013-11-25 17:00:00,1.1849982539050728e-07,0.08433501800006742,0.08418470171128138,0.04209241010555339
2013-11-25 18:00:00,1.543789057336859e-07,0.09475598483855355,0.06351929346665064,0.031759723922778184
2013-11-25 19:00:00,1.5553968076724838e-07,0.09806128478533982,0.05195173425154269,0.025975944895611728
2013-11-25 20:00:00,1.3267061706696047e-07,0.09563972165452855,0.055570751085621414,0.02778544187811924
2013-11-25 21:00:00,1.1655089454400894e-07,0.0946881713217717,0.06533606735391101,0.03266809195240278
2013-11-25 22:00:00,2.332667674803224e-07,0.13725944867585138,0.07305664275545527,0.03652843801111138
2013-11-25 23:00:00,3.4130885242841565e-07,0.15642356328021656,0.07652237993085513,0.03826136061985378
2013-11-26 00:00:00,0.08286003878631051,0.172736884636392,0.0757611614146465,0.07931060010047851
2013-11-26 01:00:00,3.6664531568778315e-07,0.16805175721335674,0.07736087036695821,0.03868061850613695
2013-11-26 02:00:00,2.1025457030837333e-07,0.14234218411270363,0.07389402231858867,0.03694711628657949
2013-11-26 03:00:00,1.085052693857857e-07,0.10542946626121867,0.07411780315571065,0.037058955830490015
2013-11-26 04:00:00,8.656865106909961e-08,0.09244545047276292,0.06414965944004278,0.03207487300434692
2013-11-26 05:00:00,8.444568710964453e-08,0.0912212197218143,0.0575412177586934,0.028770651102190254
2013-11-26 06:00:00,6.732125901256471e-08,0.07762706878578574,0.05395056946896275,0.02697531839511088
2013-11-26 07:00:00,4.604218856621022e-08,0.056202962896508196,0.06063441395749315,0.03031722999984086
2013-11-26 08:00:00,4.286589946968453e-08,0.05240356948473921,0.056948108067803024,0.028474075466851247
2013-11-26 09:00:00,4.107058515095906e-08,0.050901222854327285,0.06241444747024409,0.03120724427041462
2013-11-26 10:00:00,4.1804474006778044e-08,0.05276996894003781,0.06325826817013372,0.03162915498730386
2013-11-26 11:00:00,4.427157227241002e-08,0.055222599586260024,0.0631183360086631,0.03155919014011768
2013-11-26 12:00:00,5.2133866403697126e-08,0.06266586075681825,0.05672225445774767,0.02836115329580704
2013-11-26 13:00:00,6.678492820325758e-08,0.07514678187969881,0.05624389734820075,0.028121982066564476
2013-11-26 14:00:00,8.941709790500781e-08,0.09184657544994668,0.060283443496674215,0.03014176645688606
2013-11-26 15:00:00,8.358829917614004e-08,0.08347580553571517,0.0780678419976331,0.039033962792966136
2013-11-26 16:00:00,8.316601087998924e-08,0.07728360610531947,0.09638823195936896,0.048194157562689924
2013-11-26 17:00:00,8.3102990102245e-08,0.07238556471757661,0.08418470171128138,0.04209239240713574
2013-11-26 18:00:00,8.306827505373914e-08,0.06758049220413584,0.06351929346665064,0.031759688267462845
2013-11-26 19:00:00,8.30675831437599e-08,0.0649530661218133,0.05195173425154269,0.025975908659562917
2013-11-26 20:00:00,8.306758188917384e-08,0.06357013168733941,0.055570751085621414,0.027785417076601652
2013-11-26 21:00:00,8.306758188917384e-08,0.06352877986554305,0.06533606735391101,0.032668075210746446
2013-11-26 22:00:00,8.306758000729484e-08,0.06339949399642036,0.07305664275545527,0.03652836291151764
2013-11-26 23:00:00,8.306758377105294e-08,0.06594709187939944,0.07652237993085513,0.03826123149921945
2013-11-27 00:00:00,8.306758377105294e-08,0.06706929281702222,0.0757611614146465,0.03788062224111514
2013-11-27 01:00:00,8.308680094712306e-08,0.06752847934869007,0.07736087036695821,0.03868047672687958
2013-11-27 02:00:00,8.312736701871384e-08,0.06786822442896494,0.07389402231858867,0.036947052722977845
2013-11-27 03:00:00,8.316508155281304e-08,0.06861622602241421,0.07411780315571065,0.0370589431603961
2013-11-27 04:00:00,8.31233197471038e-08,0.06875454181040203,0.06414965944004278,0.03207487128168126
2013-11-27 05:00:00,8.311471895483152e-08,0.06951631211944584,0.0575412177586934,0.028770650436706176
2013-11-27 06:00:00,7.451872959169102e-08,0.06620257380644742,0.05395056946896275,0.02697532199384617
2013-11-27 07:00:00,5.3697240770700096e-08,0.05492763760306593,0.06063441395749315,0.030317233827366962
2013-11-27 08:00:00,4.702794362360233e-08,0.05198299077167326,0.056948108067803024,0.028474077547873324
2013-11-27 09:00:00,4.004128127967834e-08,0.051216026114380614,0.06241444747024409,0.031207243755762684
2013-11-27 10:00:00,3.6214627787830116e-08,0.04664258101595688,0.06325826817013372,0.03162915219238075
2013-11-27 11:00:00,3.632412984375506e-08,0.04976156825449522,0.0631183360086631,0.03155918616639647
2013-11-27 12:00:00,4.463157698272484e-08,0.05646360075806143,0.05672225445774767,0.028361149544662328
2013-11-27 13:00:00,5.5969867980463326e-08,0.06973219542616149,0.05624389734820075,0.028121976659034365
2013-11-27 14:00:00,8.666865164142153e-08,0.10020236132882104,0.060283443496674215,0.03014176508266293
2013-11-27 15:00:00,9.11254188880179e-08,0.10801056890790524,0.0780678419976331,0.039033966561525996
2013-11-27 16:00:00,9.707693665819018e-08,0.11572053599550818,0.09638823195936896,0.04819416451815281
2013-11-27 17:00:00,1.0322575704855266e-07,0.12385940803403558,0.08418470171128138,0.04209240246851922
2013-11-27 18:00:00,1.1335313653847983e-07,0.13571900651878901,0.06351929346665064,0.03175970340989359
2013-11-27 19:00:00,1.2130591240385375e-07,0.14539337233146918,0.05195173425154269,0.025975927778727547
2013-11-27 20:00:00,1.3680749414538548e-07,0.1607573563434948,0.055570751085621414,0.02778544394655778
2013-11-27 21:00:00,1.5573335680093448e-07,0.17693862467863927,0.06533606735391101,0.03266811154363391
2013-11-27 22:00:00,2.493498486049726e-07,0.23656053119121262,0.07305664275545527,0.03652844605265194
2013-11-27 23:00:00,2.9409131251856617e-07,0.2520338820059848,0.07652237993085513,0.03826133701108383
2013-11-28 00:00:00,2.592494243661134e-07,0.23379384271161957,0.0757611614146465,0.03788071033203544
2013-11-28 01:00:00,2.2073876851045075e-07,0.2149292158770153,0.07736087036695821,0.03868054555286336
2013-11-28 02:00:00,2.4639302451491883e-07,0.2270464344864725,0.07389402231858867,0.03694713435580659
2013-11-28 03:00:00,3.303158380949112e-07,0.25213275501905225,0.07411780315571065,0.037059066735774374
2013-11-28 04:00:00,4.850279371682464e-07,0.2740198293118939,0.06414965944004278,0.032075072233989976
2013-11-28 05:00:00,5.61371706661849e-07,0.2532088798216511,0.0575412177586934,0.02877088956520003
2013-11-28 06:00:00,1.7012464862880387e-07,0.1422730571385085,0.05395056946896275,0.026975369796805686
2013-11-28 07:00:00,5.7389758916474676e-08,0.06792303591802518,0.06063441395749315,0.030317235673626035
2013-11-28 08:00:00,4.224094962520915e-08,0.057125167117090356,0.056948108067803024,0.028474075154376326
2013-11-28 09:00:00,4.0400773899448474e-08,0.054319604815543765,0.06241444747024409,0.031207243935508996
2013-11-28 10:00:00,3.6220529578117294e-08,0.049629576394662034,0.06325826817013372,0.03162915219533165
2013-11-28 11:00:00,3.6653161687065864e-08,0.04904151446820711,0.0631183360086631,0.03155918633091239
2013-11-28 12:00:00,4.3165166514279895e-08,0.05030252239965296,0.05672225445774767,0.028361148811457095
2013-11-28 13:00:00,5.4381271912593634e-08,0.05781621971128717,0.05624389734820075,0.028121975864736328
2013-11-28 14:00:00,8.441167586597898e-08,0.07257796873460684,0.060283443496674215,0.03014176395417504
2013-11-28 15:00:00,8.324097053977193e-08,0.06691307579910621,0.0780678419976331,0.03903396261930182
2013-11-28 16:00:00,8.315708692741413e-08,0.0645420643696589,0.09638823195936896,0.048194157558227944
2013-11-28 17:00:00,8.314941313068621e-08,0.06327842400588392,0.08418470171128138,0.04209239243034726
2013-11-28 18:00:00,8.315103413996263e-08,0.0631850441112439,0.06351929346665064,0.03175968830884239
2013-11-28 19:00:00,8.314636738812012e-08,0.06391347992213293,0.05195173425154269,0.02597590869895504
2013-11-28 20:00:00,8.318962577570356e-08,0.06538707063206431,0.055570751085621414,0.027785417137623596
2013-11-28 21:00:00,8.333657651510272e-08,0.06664741555806553,0.06533606735391101,0.03266807534524376
2013-11-28 22:00:00,8.33359205348663e-08,0.07144727228260368,0.07305664275545527,0.036528363045687906
2013-11-28 23:00:00,8.622699501007517e-08,0.07423395687715581,0.07652237993085513,0.038261233078925073
2013-11-29 00:00:00,9.492007026811995e-08,0.0783679191403605,0.0757611614146465,0.037880628167358384
2013-11-29 01:00:00,1.2390872320227451e-07,0.08804949128043578,0.07736087036695821,0.038680497137840705
2013-11-29 02:00:00,1.42630791495735e-07,0.09311232714504926,0.07389402231858867,0.036947082474690085
2013-11-29 03:00:00,1.495940751172233e-07,0.0956506307405182,0.07411780315571065,0.03705897637489288
2013-11-29 04:00:00,1.4365540047011882e-07,0.09565372810605795,0.06414965944004278,0.03207490154772162
2013-11-29 05:00:00,1.6048976808426065e-07,0.09983075021989182,0.0575412177586934,0.028770689124230742
2013-11-29 06:00:00,1.2977991061491247e-07,0.0908675930895709,0.05395056946896275,0.026975349624436682
2013-11-29 07:00:00,7.219094910307078e-08,0.06820390924322521,0.06063441395749315,0.030317243074221126
2013-11-29 08:00:00,5.381022419501593e-08,0.05852593368429728,0.056948108067803024,0.02847408093901361
2013-11-29 09:00:00,4.266600094052079e-08,0.05410725052616489,0.06241444747024409,0.031207245068122516
2013-11-29 10:00:00,3.884572839279582e-08,0.05129730174334704,0.06325826817013372,0.03162915350793106
2013-11-29 11:00:00,4.1796561672728485e-08,0.05279079393058648,0.0631183360086631,0.03155918890261238
2013-11-29 12:00:00,5.525478339780821e-08,0.060073583822708124,0.05672225445774767,0.028361154856265534
2013-11-29 13:00:00,7.579654520449452e-08,0.0767279895624316,0.05624389734820075,0.028121986572372977
2013-11-29 14:00:00,1.0951441309234855e-07,0.09723177066885778,0.060283443496674215,0.030141776505543654
2013-11-29 15:00:00,9.00651086401776e-08,0.08539031435502036,0.0780678419976331,0.03903396603137087
2013-11-29 16:00:00,8.463548098482338e-08,0.08097607795284911,0.09638823195936896,0.048194158297424974
2013-11-29 17:00:00,8.372459167002879e-08,0.08275788058266698,0.08418470171128138,0.04209239271793653
2013-11-29 18:00:00,8.366085353282177e-08,0.08626281291049075,0.06351929346665064,0.03175968856375209
2013-11-29 19:00:00,8.381183414259752e-08,0.09134056051658893,0.05195173425154269,0.025975909031688414
2013-11-29 20:00:00,8.642216087959782e-08,0.09782614420317329,0.055570751085621414,0.027785418753891147
2013-11-29 21:00:00,9.091202563943923e-08,0.10422985541225209,0.06533606735391101,0.032668079132968326
2013-11-29 22:00:00,1.2803621590500328e-07,0.13363174256252797,0.07305664275545527,0.03652838539583559
2013-11-29 23:00:00,1.61751818068378e-07,0.15372981644433867,0.07652237993085513,0.0382612708413366
2013-11-30 00:00:00,2.0247488363492337e-07,0.17251300846868106,0.0757611614146465,0.03788068194476507
2013-11-30 01:00:00,2.9528558840968636e-07,0.20268848463394848,0.07736087036695821,0.03868058282627331
2013-11-30 02:00:00,4.08596741723288e-07,0.22477540023203257,0.07389402231858867,0.036947215457665196
2013-11-30 03:00:00,4.341721420707556e-07,0.23376606148555376,0.07411780315571065,0.03705911866392636
2013-11-30 04:00:00,4.0600154435605633e-07,0.24202252322632606,0.06414965944004278,0.03207503272079357
2013-11-30 05:00:00,4.749741311816372e-07,0.26306544028094103,0.0575412177586934,0.02877084636641229
2013-11-30 06:00:00,1.9328792906164318e-07,0.17385290199160305,0.05395056946896275,0.026975381378445906
2013-11-30 07:00:00,5.098329227919171e-08,0.06710574558792565,0.06063441395749315,0.030317232470392717
2013-11-30 08:00:00,3.2161788927209366e-08,0.049828500858799606,0.056948108067803024,0.028474070114795975
2013-11-30 09:00:00,2.7231302198883268e-08,0.043126560610464534,0.06241444747024409,0.031207237350773145
2013-11-30 10:00:00,2.5273831475395853e-08,0.04034769569982327,0.06325826817013372,0.031629146721982596
2013-11-30 11:00:00,2.6125044405717663e-08,0.04172403078721725,0.0631183360086631,0.03155918106685375
2013-11-30 12:00:00,3.1073717248364165e-08,0.04914475346750011,0.05672225445774767,0.02836114276573246
2013-11-30 13:00:00,5.3518903677129636e-08,0.07427795467323814,0.05624389734820075,0.028121975433552212
2013-11-30 14:00:00,1.0905534623263101e-07,0.13696770321847385,0.060283443496674215,0.030141776276010224
2013-11-30 15:00:00,1.1315931529232312e-07,0.1408599784860849,0.0780678419976331,0.0390339775784742
2013-11-30 16:00:00,1.1422017385992613e-07,0.14060624994146892,0.09638823195936896,0.04819417308977141
2013-11-30 17:00:00,1.0798470520342367e-07,0.13454882087273565,0.08418470171128138,0.042092404847993294
2013-11-30 18:00:00,1.0129337644821443e-07,0.12973460106210682,0.06351929346665064,0.031759697380013545
2013-11-30 19:00:00,1.2051964785254532e-07,0.14961601677051978,0.05195173425154269,0.02597592738559527
2013-11-30 20:00:00,1.5907720873064313e-07,0.1816811045032155,0.055570751085621414,0.027785455081415073
2013-11-30 21:00:00,1.9210669899461478e-07,0.20794994875809655,0.06533606735391101,0.032668129730305
2013-11-30 22:00:00,1.821822632847058e-07,0.20016663526283462,0.07305664275545527,0.03652841246885928
2013-11-30 23:00:00,2.679997265428245e-07,0.2503972164175421,0.07652237993085513,0.03826132396529083
2013-12-01 00:00:00,4.811919351706729e-07,0.3292569607768289,0.07343126319870259,0.03671587219531888
2013-12-01 01:00:00,6.414028950710928e-07,0.3658348232346301,0.07476252317107879,0.03738158228698693
2013-12-01 02:00:00,5.49241250674256e-07,0.34486992608757855,0.07360624414875065,0.03680339669500066
2013-12-01 03:00:00,6.778555141111955e-07,0.372510867622894,0.06731733547033034,0.03365900666292222
2013-12-01 04:00:00,7.560152525389914e-07,0.382788251423507,0.05872646906198569,0.029363612538619115
2013-12-01 05:00:00,0.15216895409686995,0.4244418396362028,0.05992081922544336,0.10604488666115666
2013-12-01 06:00:00,2.9957727467799127e-07,0.2513907917291709,0.09234071732935435,0.04617050845331452
2013-12-01 07:00:00,4.491735944956014e-08,0.06207692941294779,0.08896562208860338,0.04448283350298141
2013-12-01 08:00:00,2.2386251823713498e-08,0.030841866147177377,0.08825525526673725,0.044127638826494536
2013-12-01 09:00:00,2.09578861599375e-08,0.028953819814252994,0.09190683140713028,0.04595342618250822
2013-12-01 10:00:00,2.0685707358661914e-08,0.028557002639481414,0.09197440175512463,0.04598721122041599
2013-12-01 11:00:00,2.3656395538765746e-08,0.03245602787270946,0.0929151937153699,0.046457608685882716
2013-12-01 12:00:00,3.918958247783292e-08,0.06052579257845238,0.07431684298526463,0.037158441087423555
2013-12-01 13:00:00,7.913613157063882e-08,0.10258990968660947,0.07307528779309783,0.036537683464614695
2013-12-01 14:00:00,8.795161254084453e-07,0.4217366958777847,0.08205040409286213,0.041025641804493765
2013-12-01 15:00:00,0.33712135876645394,0.5194256506568196,0.1061224264983127,0.22162189263238333
2013-12-01 16:00:00,0.3330167665116556,0.45330697047655505,0.10606979422661465,0.21954328036913515
2013-12-01 17:00:00,0.331016149130517,0.4263559420907038,0.10606979422661465,0.21854297167856584
2013-12-01 18:00:00,0.28680015471675224,0.4000047951865789,0.09748157207800126,0.19214086339737674
2013-12-01 19:00:00,0.2172615432224724,0.3722829970175012,0.0796416525599425,0.14845159789120746
2013-12-01 20:00:00,0.17511882420020172,0.3416729143802553,0.051982743562825354,0.11355078388151355
2013-12-01 21:00:00,0.12297137802746604,0.2894346746531737,0.05699911964084566,0.08998524883415585
2013-12-01 22:00:00,2.9892226295566453e-07,0.20048687617801642,0.06075153779207956,0.03037591835717126
2013-12-01 23:00:00,2.2785264520867835e-07,0.17848337088712288,0.0709189094005956,0.035459568626620405
2013-12-02 00:00:00,1.795257946905148e-07,0.15874637006932846,0.07343126319870259,0.03671572136224864
2013-12-02 01:00:00,1.6743186580926534e-07,0.1514861041348481,0.07476252317107879,0.037381345301472295
2013-12-02 02:00:00,1.7580253858865721e-07,0.15080384884108705,0.07360624414875065,0.03680320997564462
2013-12-02 03:00:00,1.81324149935489e-07,0.15085167474495192,0.06731733547033034,0.033658758397240134
2013-12-02 04:00:00,1.876999986144328e-07,0.15148443611964832,0.05872646906198569,0.029363328380992152
2013-12-02 05:00:00,2.0151598275470189e-07,0.1525467815976264,0.05992081922544336,0.029960510370713057
2013-12-02 06:00:00,1.4318279632148296e-07,0.12748635965476682,0.09234071732935435,0.04617043025607534
2013-12-02 07:00:00,5.012372768777577e-08,0.06270028037505107,0.08896562208860338,0.04448283610616553
2013-12-02 08:00:00,3.775753911133568e-08,0.050255883155856815,0.08825525526673725,0.04412764651213818
2013-12-02 09:00:00,3.198372463394787e-08,0.04336165323334875,0.09190683140713028,0.045953431695427455
2013-12-02 10:00:00,2.8194093803114677e-08,0.04182436121030428,0.09197440175512463,0.04598721497460922
2013-12-02 11:00:00,2.8918000646566008e-08,0.04163146170860799,0.0929151937153699,0.04645761131668527
2013-12-02 12:00:00,3.4570988769186876e-08,0.04440255963426666,0.07431684298526463,0.0371584387781267
2013-12-02 13:00:00,4.7296544968471436e-08,0.056916544793104186,0.07307528779309783,0.0365376675448214
2013-12-02 14:00:00,9.468417885559055e-08,0.08813395480093753,0.08205040409286213,0.04102524938852049
2013-12-02 15:00:00,1.1622963838344332e-07,0.08797937040954702,0.1061224264983127,0.053061271363975544
2013-12-02 16:00:00,1.0684629095254724e-07,0.0796250599711869,0.10606979422661465,0.0530349505364528
2013-12-02 17:00:00,8.430184594755777e-08,0.07140276324052333,0.10606979422661465,0.0530349392642303
2013-12-02 18:00:00,8.306753797868605e-08,0.07000878771022628,0.09748157207800126,0.04874082757276962
2013-12-02 19:00:00,8.306757373436547e-08,0.06918282347793532,0.0796416525599425,0.03982086781375812
2013-12-02 20:00:00,8.306757185248684e-08,0.06953586314178908,0.051982743562825354,0.025991413315198605
2013-12-02 21:00:00,8.306757122519397e-08,0.07092562434733378,0.05699911964084566,0.028499601354208443
2013-12-02 22:00:00,8.306780395149465e-08,0.07652698472612703,0.06075153779207956,0.03037581042994176
2013-12-02 23:00:00,8.333445014122952e-08,0.08060531813353723,0.0709189094005956,0.03545949636752287
2013-12-03 00:00:00,8.364524264108546e-08,0.08405226373772826,0.07343126319870259,0.036715673421972614
2013-12-03 01:00:00,8.373492030190215e-08,0.08510091444468408,0.07476252317107879,0.037381303452999545
2013-12-03 02:00:00,8.372015406000089e-08,0.0868129238466101,0.07360624414875065,0.036803163934452356
2013-12-03 03:00:00,8.365457768534066e-08,0.08878188524726213,0.06731733547033034,0.03365870956245401
2013-12-03 04:00:00,8.360778602523827e-08,0.09114200299599515,0.05872646906198569,0.02936327633488586
2013-12-03 05:00:00,8.361451564714537e-08,0.09303971278888785,0.05992081922544336,0.0299604514199795
2013-12-03 06:00:00,6.533409931031365e-08,0.07884770925459551,0.09234071732935435,0.04617039133172683
2013-12-03 07:00:00,2.230734178385111e-08,0.035165146970137943,0.08896562208860338,0.04448282219797258
2013-12-03 08:00:00,1.1973479106404679e-08,0.018848205793578897,0.08825525526673725,0.04412763362010818
2013-12-03 09:00:00,7.991401073437598e-09,0.01773858413641792,0.09190683140713028,0.045953419699265675
2013-12-03 10:00:00,8.18783258699629e-09,1.2714213866274529e-06,0.09197440175512463,0.04598720497147861
2013-12-03 11:00:00,9.30676923039066e-09,1.142785056701344e-05,0.0929151937153699,0.04645760151106956
2013-12-03 12:00:00,1.439691869083904e-08,0.026740966822586528,0.07431684298526463,0.037158428691091656
2013-12-03 13:00:00,4.1497535507013527e-08,0.06455041611299049,0.07307528779309783,0.036537664645316666
2013-12-03 14:00:00,2.005757216108178e-07,0.21629574719557332,0.08205040409286213,0.04102530233429187
2013-12-03 15:00:00,3.570950956738108e-07,0.2892160765572011,0.1061224264983127,0.05306139179670419
2013-12-03 16:00:00,4.2197205686973677e-07,0.3081392871582363,0.10606979422661465,0.05303510809933576
2013-12-03 17:00:00,5.886365191568076e-07,0.3504631379786501,0.10606979422661465,0.0530351914315669
2013-12-03 18:00:00,1.0216585656237263e-06,0.4050275594326429,0.09748157207800126,0.04874129686828344
2013-12-03 19:00:00,0.19999143218372037,0.44617801664648726,0.0796416525599425,0.13981654237183144
2013-12-03 20:00:00,0.2783217944857099,0.46652452149780904,0.051982743562825354,0.1651522690242676
2013-12-03 21:00:00,0.33422558012684084,0.47107120076613346,0.05699911964084566,0.19561234988384324
2013-12-03 22:00:00,0.3319530286264979,0.4385523381192931,0.06075153779207956,0.1963522832092887
2013-12-03 23:00:00,0.33023890569260606,0.4166110776302581,0.0709189094005956,0.20057890754660082
2013-12-04 00:00:00,0.32903570912911373,0.4023594511995038,0.07343126319870259,0.20123348616390815
2013-12-04 01:00:00,0.3279035760458898,0.38972650072902193,0.07476252317107879,0.2013330496084843
2013-12-04 02:00:00,0.3266040805012951,0.3760724447526856,0.07360624414875065,0.20010516232502287
2013-12-04 03:00:00,0.28084023395186253,0.3501017705221389,0.06731733547033034,0.17407878471109645
2013-12-04 04:00:00,0.26293322692349047,0.33508663038829756,0.05872646906198569,0.16082984799273808
2013-12-04 05:00:00,0.19771155358919362,0.31324597712100605,0.05992081922544336,0.12881618640731848
2013-12-04 06:00:00,3.015855028451954e-07,0.19035707295137852,0.09234071732935435,0.0461705094574286
2013-12-04 07:00:00,3.227033713353664e-08,0.04768275609875067,0.08896562208860338,0.04448282717947026
2013-12-04 08:00:00,1.5489204381903885e-08,0.02390601889220466,0.08825525526673725,0.04412763537797081
2013-12-04 09:00:00,1.1638038317632105e-08,0.021165831063548284,0.09190683140713028,0.045953421522584297
2013-12-04 10:00:00,1.1434527227313073e-08,0.02083055918761714,0.09197440175512463,0.04598720659482593
2013-12-04 11:00:00,1.2578081058604844e-08,0.022823097942080914,0.0929151937153699,0.04645760314672548
2013-12-04 12:00:00,1.5861710250205155e-08,0.028487521887907822,0.07431684298526463,0.03715842942348744
2013-12-04 13:00:00,5.023486007287517e-08,0.06679370525533164,0.07307528779309783,0.03653766901397895
2013-12-04 14:00:00,2.3411496943458812e-07,0.1853957505250443,0.08205040409286213,0.04102531910391578
2013-12-04 15:00:00,3.552853702425883e-07,0.19872585076520585,0.1061224264983127,0.053061390891841476
2013-12-04 16:00:00,2.922689812811217e-07,0.1794820926399832,0.10606979422661465,0.05303504324779797
2013-12-04 17:00:00,2.376581545701703e-07,0.16295755479741184,0.10606979422661465,0.05303501594238461
2013-12-04 18:00:00,2.0740137740439768e-07,0.15065770268540335,0.09748157207800126,0.04874088973968933
2013-12-04 19:00:00,1.7811315032691998e-07,0.13720652741091965,0.0796416525599425,0.039820915336546414
2013-12-04 20:00:00,1.3614521218627378e-07,0.12283527968275088,0.051982743562825354,0.02599143985401877
2013-12-04 21:00:00,1.1783789319559011e-07,0.11185870342505232,0.05699911964084566,0.028499618739369428
2013-12-04 22:00:00,9.17506636346353e-08,0.092321255482935,0.06075153779207956,0.0303758147713716
2013-12-04 23:00:00,9.153026064473217e-08,0.09179996954240928,0.0709189094005956,0.035459500465428125
2013-12-05 00:00:00,9.283088196511163e-08,0.0931684688927332,0.07343126319870259,0.03671567801479228
2013-12-05 01:00:00,9.747544360963621e-08,0.09571866711024299,0.07476252317107879,0.037381310323261197
2013-12-05 02:00:00,9.573420564020682e-08,0.09285961723150296,0.07360624414875065,0.03680316994147815
2013-12-05 03:00:00,9.309704535875934e-08,0.08905762141188983,0.06731733547033034,0.03365871428368785
2013-12-05 04:00:00,9.432213826160906e-08,0.08705535488139503,0.05872646906198569,0.029363281692061975
2013-12-05 05:00:00,1.0204567816885969e-07,0.09004621706429351,0.05992081922544336,0.029960460635560765
2013-12-05 06:00:00,8.67231316246322e-08,0.082415382845814,0.09234071732935435,0.046170402026242986
2013-12-05 07:00:00,3.9402394909084494e-08,0.04838165093306389,0.08896562208860338,0.04448283074549914
2013-12-05 08:00:00,1.8682583197933387e-08,0.0305390564389713,0.08825525526673725,0.044127636974660225
2013-12-05 09:00:00,1.5351134135956536e-08,0.03068299447263656,0.09190683140713028,0.04595342337913221
2013-12-05 10:00:00,1.4370713318608392e-08,0.028894517412268724,0.09197440175512463,0.04598720806291897
2013-12-05 11:00:00,1.4319208140916589e-08,0.02897330590215215,0.0929151937153699,0.04645760401728902
2013-12-05 12:00:00,1.951103239132172e-08,0.03301847389724686,0.07431684298526463,0.03715843124814851
2013-12-05 13:00:00,3.98886855703491e-08,0.06398628224326297,0.07307528779309783,0.0365376638408917
2013-12-05 14:00:00,8.937334804537808e-08,0.10509538130162235,0.08205040409286213,0.041025246733105085
2013-12-05 15:00:00,1.0673638212763325e-07,0.11286149268003716,0.1061224264983127,0.05306126661734741
2013-12-05 16:00:00,1.0763923451174347e-07,0.1163510211713516,0.10606979422661465,0.05303495093292458
2013-12-05 17:00:00,1.106342294358649e-07,0.12020866860845886,0.10606979422661465,0.05303495243042204
2013-12-05 18:00:00,1.223260868107055e-07,0.13066062805992804,0.09748157207800126,0.04874084720204404
2013-12-05 19:00:00,1.9015431656637078e-07,0.16681903174237697,0.0796416525599425,0.039820921357129536
2013-12-05 20:00:00,3.6962570007492623e-07,0.21025021499748905,0.051982743562825354,0.025991556594262714
2013-12-05 21:00:00,5.758911796027023e-07,0.22253164441140835,0.05699911964084566,0.028499847766012634
2013-12-05 22:00:00,0.2127640259363478,0.22968803621854256,0.06075153779207956,0.13675778186421367
2013-12-05 23:00:00,0.057122306490044496,0.2016233538859421,0.0709189094005956,0.06402060794532005
2013-12-06 00:00:00,0.04402660392574555,0.16384067722327417,0.07343126319870259,0.05872893356222407
2013-12-06 01:00:00,0.08185916079936077,0.134200321169534,0.07476252317107879,0.07831084198521979
2013-12-06 02:00:00,1.7524061372640294e-07,0.10345454766795027,0.07360624414875065,0.03680320969468219
2013-12-06 03:00:00,9.478535116180304e-08,0.08138710300934275,0.06731733547033034,0.03365871512784075
2013-12-06 04:00:00,8.376913145125975e-08,0.07508181111176493,0.05872646906198569,0.02936327641555857
2013-12-06 05:00:00,8.30675022230374e-08,0.07380014237975831,0.05992081922544336,0.02996045114647279
2013-12-06 06:00:00,7.345346108234637e-08,0.06847935935975884,0.09234071732935435,0.046170395391407715
2013-12-06 07:00:00,4.835748610988361e-08,0.05230114393353335,0.08896562208860338,0.04448283522304475
2013-12-06 08:00:00,2.6128221649854902e-08,0.03330454417683037,0.08825525526673725,0.04412764069747945
2013-12-06 09:00:00,2.0371679527432447e-08,0.032366625074350876,0.09190683140713028,0.0459534258894049
2013-12-06 10:00:00,1.982361613755877e-08,0.03242365780938582,0.09197440175512463,0.04598721078937038
2013-12-06 11:00:00,2.467692572250645e-08,0.03323116060158283,0.0929151937153699,0.04645760919614781
2013-12-06 12:00:00,2.9517984926590393e-08,0.0366615190715218,0.07431684298526463,0.03715843625162478
2013-12-06 13:00:00,6.128264190672629e-08,0.05711248966774375,0.07307528779309783,0.036537674537869866
2013-12-06 14:00:00,9.931056618741374e-08,0.06990168410970196,0.08205040409286213,0.04102525170171416
2013-12-06 15:00:00,8.748099415755794e-08,0.06648144400346218,0.1061224264983127,0.05306125698965343
2013-12-06 16:00:00,8.370345861321298e-08,0.06495711669097538,0.10606979422661465,0.05303493896503663
2013-12-06 17:00:00,8.309422278275737e-08,0.062389139967682763,0.10606979422661465,0.053034938660418716
2013-12-06 18:00:00,1.1821195138518456e-07,0.06802037184871713,0.09748157207800126,0.04874084514497632
2013-12-06 19:00:00,1.267302670576549e-07,0.0668408860683697,0.0796416525599425,0.03982088964510478
2013-12-06 20:00:00,8.865430851396327e-08,0.059132927768139075,0.051982743562825354,0.025991416108566933
2013-12-06 21:00:00,8.361615039255542e-08,0.057565583140772626,0.05699911964084566,0.028499601628498027
2013-12-06 22:00:00,8.627675164610356e-08,0.05579758708748327,0.06075153779207956,0.030375812034415604
2013-12-06 23:00:00,1.1086703676972803e-07,0.060319368006640235,0.0709189094005956,0.03545951013381619
2013-12-07 00:00:00,1.271367556683287e-07,0.06272268185059778,0.07343126319870259,0.03671569516772913
2013-12-07 01:00:00,1.2672492933616331e-07,0.06128130994999503,0.07476252317107879,0.037381324948004065
2013-12-07 02:00:00,9.632184863413782e-08,0.05682903733389031,0.07360624414875065,0.036803170235299644
2013-12-07 03:00:00,8.322071553050166e-08,0.053660945146740927,0.06731733547033034,0.03365870934552293
2013-12-07 04:00:00,8.306749406824464e-08,0.054224514928451734,0.05872646906198569,0.02936327606473988
2013-12-07 05:00:00,8.306736798280668e-08,0.054053225169621855,0.05992081922544336,0.02996045114640567
2013-12-07 06:00:00,6.996121223191659e-08,0.050185901614805115,0.09234071732935435,0.04617039364528329
2013-12-07 07:00:00,2.149163920028461e-08,0.021191521857209777,0.08896562208860338,0.044482821790121294
2013-12-07 08:00:00,1.268008743605012e-08,0.018360462269782274,0.08825525526673725,0.04412763397341234
2013-12-07 09:00:00,1.014250528254131e-08,0.01739030393756598,0.09190683140713028,0.04595342077481778
2013-12-07 10:00:00,1.0750681748032644e-08,0.018132112299524515,0.09197440175512463,0.04598720625290319
2013-12-07 11:00:00,1.1842521699200543e-08,0.018995198019499275,0.0929151937153699,0.0464576027789458
2013-12-07 12:00:00,1.4089718015315784e-08,0.021047055452324017,0.07431684298526463,0.03715842853749132
2013-12-07 13:00:00,3.0719054148035163e-08,0.02648390041593472,0.07307528779309783,0.03653765925607599
2013-12-07 14:00:00,7.544257495000353e-08,0.052986194928286975,0.08205040409286213,0.04102523976771854
2013-12-07 15:00:00,8.313936667151395e-08,0.05691878989297981,0.1061224264983127,0.053061254818839686
2013-12-07 16:00:00,8.313338494656941e-08,0.05695201395054053,0.10606979422661465,0.053034938679999796
2013-12-07 17:00:00,8.307784567092333e-08,0.05714373130489352,0.10606979422661465,0.05303493865223016
2013-12-07 18:00:00,8.306747901324686e-08,0.05833984927286255,0.09748157207800126,0.048740827572740134
2013-12-07 19:00:00,8.306749218636963e-08,0.058636168908229994,0.0796416525599425,0.039820867813717346
2013-12-07 20:00:00,8.306749908657845e-08,0.059295405607508504,0.051982743562825354,0.02599141331516222
2013-12-07 21:00:00,8.306750159574559e-08,0.05937338036828033,0.05699911964084566,0.028499601354173627
2013-12-07 22:00:00,8.306750285032921e-08,0.060868816924127864,0.06075153779207956,0.030375810429791206
2013-12-07 23:00:00,8.306749908657845e-08,0.06153074920413748,0.0709189094005956,0.035459496234047344
2013-12-08 00:00:00,8.306777697775956e-08,0.06151819557648125,0.07343126319870259,0.036715673133239785
2013-12-08 01:00:00,8.306755930663146e-08,0.0619207315778581,0.07476252317107879,0.037381303119319045
2013-12-08 02:00:00,8.30675342149321e-08,0.06295480691430057,0.07360624414875065,0.03680316360814243
2013-12-08 03:00:00,8.30674357301586e-08,0.06357879812813602,0.06731733547033034,0.033658709268883036
2013-12-08 04:00:00,8.306739746543699e-08,0.0647310234026918,0.05872646906198569,0.02936327606469158
2013-12-08 05:00:00,8.306734100935474e-08,0.06633620369874983,0.05992081922544336,0.029960451146392186
2013-12-08 06:00:00,7.111337202788612e-08,0.0627007593337289,0.09234071732935435,0.04617039422136319
2013-12-08 07:00:00,2.3074424760143015e-08,0.02594444353653316,0.08896562208860338,0.04448282258151407
2013-12-08 08:00:00,1.139679882064832e-08,4.203788090256078e-07,0.08825525526673725,0.044127633331768036
2013-12-08 09:00:00,8.744966962706317e-09,1.0523848777765463e-07,0.09190683140713028,0.04595342007604862
2013-12-08 10:00:00,9.094975619871929e-09,1.4306367291971538e-07,0.09197440175512463,0.04598720542505012
2013-12-08 11:00:00,9.808377985933247e-09,1.270229393876409e-07,0.0929151937153699,0.04645760176187394
2013-12-08 12:00:00,1.1205231287725266e-08,2.486811910382874e-07,0.07431684298526463,0.037158427095247956
2013-12-08 13:00:00,2.7273269054446036e-08,0.03631024052683997,0.07307528779309783,0.03653765753318344
2013-12-08 14:00:00,8.239294828417099e-08,0.08695147390346042,0.08205040409286213,0.041025243242905206
2013-12-08 15:00:00,9.511521379344919e-08,0.09682348085192408,0.1061224264983127,0.053061260806763245
2013-12-08 16:00:00,9.31912167278234e-08,0.09615138469044378,0.10606979422661465,0.05303494370891569
2013-12-08 17:00:00,9.014437457472343e-08,0.09644521917913629,0.10606979422661465,0.053034942185494614
2013-12-08 18:00:00,8.774473162284711e-08,0.09665495020684534,0.09748157207800126,0.04874082991136644
2013-12-08 19:00:00,8.710419123037855e-08,0.09944840042106304,0.0796416525599425,0.03982086983206687
2013-12-08 20:00:00,9.393844666202754e-08,0.10763003129306699,0.051982743562825354,0.025991418750636007
2013-12-08 21:00:00,1.0238490749663225e-07,0.11485444520022342,0.05699911964084566,0.02849961101287658
2013-12-08 22:00:00,1.233798238230333e-07,0.13159548872780483,0.06075153779207956,0.030375830585951693
2013-12-08 23:00:00,1.660824816032323e-07,0.15623038086186872,0.0709189094005956,0.0354595377415386
2013-12-09 00:00:00,2.348430782820793e-07,0.17659260681987307,0.07343126319870259,0.036715749020890434
2013-12-09 01:00:00,3.4658670386277186e-07,0.19522499014113456,0.07476252317107879,0.037381434878891326
2013-12-09 02:00:00,3.4147969359958403e-07,0.17764755090252463,0.07360624414875065,0.03680329281422213
2013-12-09 03:00:00,2.646536882583095e-07,0.15419025800652666,0.06731733547033034,0.033658800062009296
2013-12-09 04:00:00,2.2520182895003905e-07,0.13325247930355913,0.05872646906198569,0.02936334713190732
2013-12-09 05:00:00,1.459026445504255e-07,0.10507854316100168,0.05992081922544336,0.029960482564043954
2013-12-09 06:00:00,8.326177425375935e-08,0.07616249482898842,0.09234071732935435,0.0461704002955643
2013-12-09 07:00:00,4.780344184259774e-08,0.05110107102672781,0.08896562208860338,0.04448283494602261
2013-12-09 08:00:00,3.349133002236705e-08,0.04214280068966793,0.08825525526673725,0.04412764437903364
2013-12-09 09:00:00,2.9259981135504965e-08,0.03802344720124733,0.09190683140713028,0.04595343033355571
2013-12-09 10:00:00,2.993507435606048e-08,0.03868874410254534,0.09197440175512463,0.04598721584509949
2013-12-09 11:00:00,3.264561962218506e-08,0.03910800083901307,0.0929151937153699,0.04645761318049476
2013-12-09 12:00:00,3.6537905298039023e-08,0.04012080065184996,0.07431684298526463,0.03715843976158496
2013-12-09 13:00:00,5.23503844928719e-08,0.043569217822998677,0.07307528779309783,0.03653767007174116
2013-12-09 14:00:00,8.306744388493991e-08,0.053389163833588354,0.08205040409286213,0.041025243580153005
2013-12-09 15:00:00,8.30674733676241e-08,0.05271325451997995,0.1061224264983127,0.05306125478289304
2013-12-09 16:00:00,8.306749155907796e-08,0.05268470869620913,0.10606979422661465,0.05303493864705311
2013-12-09 17:00:00,8.306750347762103e-08,0.052588788300938785,0.10606979422661465,0.05303493864705906
2013-12-09 18:00:00,8.306751288699956e-08,0.052485780787666074,0.09748157207800126,0.04874082757275707
2013-12-09 19:00:00,8.306751790533565e-08,0.052228047544431784,0.0796416525599425,0.039820867813730204
2013-12-09 20:00:00,8.306752166908809e-08,0.05231483642004832,0.051982743562825354,0.02599141331517351
2013-12-09 21:00:00,8.306752355096446e-08,0.052489235043819284,0.05699911964084566,0.028499601354184608
2013-12-09 22:00:00,8.306752919659403e-08,0.05483049893412923,0.06075153779207956,0.03037581042980438
2013-12-09 23:00:00,8.30675304511785e-08,0.05562179268838983,0.0709189094005956,0.035459496234063026
2013-12-10 00:00:00,8.306752606013307e-08,0.05629552919827105,0.07343126319870259,0.03671567313311433
2013-12-10 01:00:00,8.306751790533565e-08,0.05581330944733928,0.07476252317107879,0.03738130311929835
2013-12-10 02:00:00,8.306750849595598e-08,0.055764257563254815,0.07360624414875065,0.036803163608129574
2013-12-10 03:00:00,8.306749720470321e-08,0.05651325463523544,0.06731733547033034,0.03365870926891377
2013-12-10 04:00:00,8.30674827769958e-08,0.05812673831566776,0.05872646906198569,0.029363276064734233
2013-12-10 05:00:00,8.306745768534266e-08,0.05966211524332222,0.05992081922544336,0.02996045114645052
2013-12-10 06:00:00,7.387813632165647e-08,0.058229998151474886,0.09234071732935435,0.046170395603745334
2013-12-10 07:00:00,3.4881333402516763e-08,0.037744304577969144,0.08896562208860338,0.044482828484968394
2013-12-10 08:00:00,2.2139623550682126e-08,0.031263967454359186,0.08825525526673725,0.0441276387031804
2013-12-10 09:00:00,1.8035231671771342e-08,0.01999645459115106,0.09190683140713028,0.045953424721180976
2013-12-10 10:00:00,1.4974088793967806e-08,0.019249602027294116,0.09197440175512463,0.04598720836460671
2013-12-10 11:00:00,1.535174348917426e-08,0.019821437092861754,0.0929151937153699,0.04645760453355669
2013-12-10 12:00:00,1.9760823440824286e-08,0.02197499586497939,0.07431684298526463,0.03715843137304403
2013-12-10 13:00:00,3.7412946705311836e-08,0.04160390326218793,0.07307528779309783,0.03653766260302226
2013-12-10 14:00:00,7.473608734229881e-08,0.06940413946138678,0.08205040409286213,0.04102523941447474
2013-12-10 15:00:00,8.30674771313725e-08,0.0762497735137241,0.1061224264983127,0.05306125478289492
2013-12-10 16:00:00,8.306749344095295e-08,0.0747218687483277,0.10606979422661465,0.053034938647054046
2013-12-10 17:00:00,8.306751037783175e-08,0.07418613042642178,0.10606979422661465,0.05303493864706252
2013-12-10 18:00:00,8.3067521041796e-08,0.07384603245637719,0.09748157207800126,0.04874082757276115
2013-12-10 19:00:00,8.306754362431758e-08,0.07534967805481521,0.0796416525599425,0.03982086781374306
2013-12-10 20:00:00,8.306755240641263e-08,0.0783842173608742,0.051982743562825354,0.02599141331518888
2013-12-10 21:00:00,8.306755742475348e-08,0.08202301509963353,0.05699911964084566,0.028499601354201543
2013-12-10 22:00:00,8.306756369768041e-08,0.088298133390503,0.06075153779207956,0.03037581042982163
2013-12-10 23:00:00,8.306756307038767e-08,0.08907424787107623,0.0709189094005956,0.03545949623407933
2013-12-11 00:00:00,8.306777384127988e-08,0.09046201102567296,0.07343126319870259,0.036715673133238216
2013-12-11 01:00:00,8.3077590300356e-08,0.09337022230028835,0.07476252317107879,0.03738130312433455
2013-12-11 02:00:00,8.340919273034592e-08,0.09788864201497804,0.07360624414875065,0.03680316377897169
2013-12-11 03:00:00,8.329232511426627e-08,0.10149003974805872,0.06731733547033034,0.03365870938132773
2013-12-11 04:00:00,8.339986937002642e-08,0.1055340534745157,0.05872646906198569,0.02936327623092753
2013-12-11 05:00:00,8.368441544902864e-08,0.10844965872451023,0.05992081922544336,0.029960451454929402
2013-12-11 06:00:00,7.411332718718248e-08,0.09976717734117635,0.09234071732935435,0.04617039572134077
2013-12-11 07:00:00,3.210239182780968e-08,0.0476602255972809,0.08896562208860338,0.044482827095497605
2013-12-11 08:00:00,2.2024657293946502e-08,0.040552750006109826,0.08825525526673725,0.04412763864569727
2013-12-11 09:00:00,2.262437029244515e-08,0.028453332423434837,0.09190683140713028,0.04595342701575029
2013-12-11 10:00:00,2.1436911918515725e-08,0.02978195112275743,0.09197440175512463,0.04598721159601827
2013-12-11 11:00:00,2.8169406869194376e-08,0.03405265969194113,0.0929151937153699,0.04645761094238838
2013-12-11 12:00:00,4.106920180582558e-08,0.06715395433792663,0.07431684298526463,0.037158442027233216
2013-12-11 13:00:00,9.877988522567575e-08,0.11304322412835728,0.07307528779309783,0.03653769328649153
2013-12-11 14:00:00,3.174861531060041e-07,0.2086329951050724,0.08205040409286213,0.041025360789507616
2013-12-11 15:00:00,0.06590337920723781,0.5945061713356822,0.1061224264983127,0.08601290285277526
2013-12-11 16:00:00,0.08357421947389468,0.7139184451600042,0.10606979422661465,0.09482200685025466
2013-12-11 17:00:00,0.08289929452028102,0.7037573167867655,0.10606979422661465,0.09448454437344783
2013-12-11 18:00:00,0.06177087489877841,0.5425376013239211,0.09748157207800126,0.07962622348838984
2013-12-11 19:00:00,4.841198321072421e-07,0.21547001521447243,0.0796416525599425,0.03982106833988731
2013-12-11 20:00:00,5.84726985123376e-07,0.20115259266457108,0.051982743562825354,0.025991664144905238
2013-12-11 21:00:00,0.11454429214988242,0.22656538847750127,0.05699911964084566,0.08577170589536404
2013-12-11 22:00:00,0.22179382818539178,0.27873988798454813,0.06075153779207956,0.1412726829887357
2013-12-11 23:00:00,0.24438584430293905,0.29676781660891577,0.0709189094005956,0.15765237685176733
2013-12-12 00:00:00,0.25003039084050704,0.30949379185431913,0.07343126319870259,0.1617308270196048
2013-12-12 01:00:00,0.27133455362142717,0.3253257927789331,0.07476252317107879,0.17304853839625298
2013-12-12 02:00:00,0.29058841866485574,0.3437343268102103,0.07360624414875065,0.1820973314068032
2013-12-12 03:00:00,0.32608325023248186,0.3707941746747894,0.06731733547033034,0.1967002928514061
2013-12-12 04:00:00,0.32679682973982,0.3780028378059685,0.05872646906198569,0.19276164940090285
2013-12-12 05:00:00,0.32765094881456486,0.38697238464029937,0.05992081922544336,0.1937858840200041
2013-12-12 06:00:00,0.14758734704502627,0.32654647304977863,0.09234071732935435,0.11996403218719032
2013-12-12 07:00:00,1.1889839512783777e-07,0.1290273945301638,0.08896562208860338,0.044482870493499256
2013-12-12 08:00:00,9.272699600232843e-08,0.11050829781109213,0.08825525526673725,0.04412767399686662
2013-12-12 09:00:00,1.0953773214891713e-07,0.1272166449816643,0.09190683140713028,0.045953470472431215
2013-12-12 10:00:00,1.0658929601607196e-07,0.1245701711977216,0.09197440175512463,0.04598725417221032
2013-12-12 11:00:00,1.1355862876634355e-07,0.13112464525634682,0.0929151937153699,0.04645765363699933
2013-12-12 12:00:00,1.5544018314131948e-07,0.16423930823726823,0.07431684298526463,0.037158499212723885
2013-12-12 13:00:00,2.721165038610116e-07,0.2332905105431292,0.07307528779309783,0.03653777995480084
2013-12-12 14:00:00,0.20850867242318913,0.4569238106980688,0.08205040409286213,0.14527953825802564
2013-12-12 15:00:00,0.14222497722401847,0.4963674249005939,0.1061224264983127,0.12417370186116558
2013-12-12 16:00:00,0.10907786902351377,0.621548503262341,0.10606979422661465,0.1075738316250642
2013-12-12 17:00:00,0.09617848302179954,0.6958289694285275,0.10606979422661465,0.1011241386242071
2013-12-12 18:00:00,0.08967838526308655,0.7183167476501006,0.09748157207800126,0.0935799786705439
2013-12-12 19:00:00,6.144712545080244e-07,0.42977403022186395,0.0796416525599425,0.0398211335155985
2013-12-12 20:00:00,6.333008781711863e-07,0.3205608918848516,0.051982743562825354,0.02599168843185176
2013-12-12 21:00:00,5.823436105035078e-07,0.3015684063033503,0.05699911964084566,0.02849985099222808
2013-12-12 22:00:00,6.262841761317776e-07,0.3212345353143165,0.06075153779207956,0.030376082038127847
2013-12-12 23:00:00,5.625160956310091e-07,0.30871035633111243,0.0709189094005956,0.03545973595834562
2013-12-13 00:00:00,5.052220671445639e-07,0.30023264178140197,0.07343126319870259,0.036715884210384866
2013-12-13 01:00:00,4.895169500139113e-07,0.2949086802418841,0.07476252317107879,0.0373815063440144
2013-12-13 02:00:00,4.613018298291938e-07,0.28796365926414697,0.07360624414875065,0.03680335272529024
2013-12-13 03:00:00,4.966008125833951e-07,0.2984710037759161,0.06731733547033034,0.03365891603557146
2013-12-13 04:00:00,6.169476760506466e-07,0.31993479889749316,0.05872646906198569,0.02936354300483087
2013-12-13 05:00:00,0.13970106266708557,0.3591274486849295,0.05992081922544336,0.09981094094626447
2013-12-13 06:00:00,0.1671997988486941,0.3848329435130979,0.09234071732935435,0.12977025808902423
2013-12-13 07:00:00,6.821246869357745e-08,0.0875317224737721,0.08896562208860338,0.044482845150536035
2013-12-13 08:00:00,4.82107435003448e-08,0.06582916028821818,0.08825525526673725,0.04412765173874037
2013-12-13 09:00:00,4.5837017101607734e-08,0.06288702274790287,0.09190683140713028,0.04595343862207369
2013-12-13 10:00:00,4.069991712601475e-08,0.061667143845302454,0.09197440175512463,0.04598722122752088
2013-12-13 11:00:00,4.874820978847036e-08,0.06633776047666602,0.0929151937153699,0.04645762123178984
2013-12-13 12:00:00,6.13464524618086e-08,0.08059769295002846,0.07431684298526463,0.037158452165858544
2013-12-13 13:00:00,1.0907453204571576e-07,0.12711647473042842,0.07307528779309783,0.036537698433814936
2013-12-13 14:00:00,1.0021850975744113e-06,0.35892275518612915,0.08205040409286213,0.04102570313897985
2013-12-13 15:00:00,0.1845250116331527,0.3676783933372433,0.1061224264983127,0.14532371906573271
2013-12-13 16:00:00,0.14312491146532608,0.30166367248938586,0.10606979422661465,0.12459735284597037
2013-12-13 17:00:00,0.1280442723979921,0.26239875497711557,0.10606979422661465,0.11705703331230338
2013-12-13 18:00:00,0.12507338396252377,0.24406370286097628,0.09748157207800126,0.11127747802026251
2013-12-13 19:00:00,0.10628408626159452,0.22493149279015193,0.0796416525599425,0.0929628694107685
2013-12-13 20:00:00,4.822713168652024e-07,0.19995936102389944,0.051982743562825354,0.02599161291707111
2013-12-13 21:00:00,3.1165175534215263e-07,0.17950267743421286,0.05699911964084566,0.0284997156463005
2013-12-13 22:00:00,2.251080667086882e-07,0.16426344710138366,0.06075153779207956,0.030375881450073135
2013-12-13 23:00:00,2.037193335036798e-07,0.1538433526473372,0.0709189094005956,0.03545955655996455
2013-12-14 00:00:00,1.7564077386877877e-07,0.14119625936129265,0.07343126319870259,0.03671571941973823
2013-12-14 01:00:00,1.4449555544150626e-07,0.1282880989956652,0.07476252317107879,0.03738133383331711
2013-12-14 02:00:00,1.1528174980173372e-07,0.11522049425783276,0.07360624414875065,0.036803179715250225
2013-12-14 03:00:00,1.0346268344615689e-07,0.11040876405961036,0.06731733547033034,0.03365871946650689
2013-12-14 04:00:00,1.0114657365154194e-07,0.1114773550600841,0.05872646906198569,0.02936328510427967
2013-12-14 05:00:00,1.1060819797998662e-07,0.12122990212480504,0.05992081922544336,0.02996046491682067
2013-12-14 06:00:00,1.0812607457044486e-07,0.12252337533966325,0.09234071732935435,0.04617041272771446
2013-12-14 07:00:00,4.65612421096843e-08,0.06371200212376651,0.08896562208860338,0.04448283432492275
2013-12-14 08:00:00,3.1606263941501076e-08,0.03867462606869694,0.08825525526673725,0.044127643436500594
2013-12-14 09:00:00,2.9021568227309002e-08,0.040202930923539035,0.09190683140713028,0.04595343021434926
2013-12-14 10:00:00,2.8517587061510866e-08,0.03959591882086515,0.09197440175512463,0.04598721513635584
2013-12-14 11:00:00,3.158611774963566e-08,0.043615207843342774,0.0929151937153699,0.04645761265074382
2013-12-14 12:00:00,4.4910693962288643e-08,0.05448619646153567,0.07431684298526463,0.03715844394797929
2013-12-14 13:00:00,8.91653714315674e-08,0.11568678328353671,0.07307528779309783,0.03653768847923463
2013-12-14 14:00:00,4.547077542109064e-07,0.3471580826371039,0.08205040409286213,0.04102542940030817
2013-12-14 15:00:00,7.142125075036952e-07,0.39037476996977977,0.1061224264983127,0.053061570355410106
2013-12-14 16:00:00,1.0501566046036616e-06,0.44110339138676785,0.10606979422661465,0.05303542219160963
2013-12-14 17:00:00,1.316050086234182e-06,0.4671427942360824,0.10606979422661465,0.05303555513835044
2013-12-14 18:00:00,0.1732385801819924,0.4985399586622791,0.09748157207800126,0.13536007612999684
2013-12-14 19:00:00,0.2388227373278609,0.8876981896845645,0.0796416525599425,0.1592321949439017
2013-12-14 20:00:00,0.2531407402560049,0.5642173294813775,0.051982743562825354,0.15256174190941513
2013-12-14 21:00:00,0.341346423050541,0.6090797746718328,0.05699911964084566,0.19917277134569333
2013-12-14 22:00:00,0.3413724742661075,0.6090743192408041,0.06075153779207956,0.20106200602909352
2013-12-14 23:00:00,0.3413717061941699,0.6090740169925944,0.0709189094005956,0.20614530779738274
2013-12-15 00:00:00,0.341370810114611,0.6090736625074402,0.07343126319870259,0.2074010366566568
2013-12-15 01:00:00,0.3413698713696426,0.6090733080227319,0.07476252317107879,0.2080661972703607
2013-12-15 02:00:00,0.3377294549422577,0.5487572311916896,0.07360624414875065,0.20566784954550418
2013-12-15 03:00:00,0.336053808359462,0.5244824345221901,0.06731733547033034,0.20168557191489617
2013-12-15 04:00:00,0.33639330180583027,0.5063865229598182,0.05872646906198569,0.19755988543390798
2013-12-15 05:00:00,0.3359043456710093,0.49802603084744074,0.05992081922544336,0.19791258244822632
2013-12-15 06:00:00,0.1421627643072054,0.37479823873106,0.09234071732935435,0.11725174081827988
2013-12-15 07:00:00,8.19716519224629e-08,0.10056367840452987,0.08896562208860338,0.044482852030127654
2013-12-15 08:00:00,4.4575895292648386e-08,0.05796521709835699,0.08825525526673725,0.04412764992131627
2013-12-15 09:00:00,4.581940249288363e-08,0.05980549766511673,0.09190683140713028,0.04595343861326639
2013-12-15 10:00:00,4.819694128113025e-08,0.06265781817448528,0.09197440175512463,0.045987224976032956
2013-12-15 11:00:00,5.316861943153667e-08,0.06809243073100327,0.0929151937153699,0.04645762344199467
2013-12-15 12:00:00,7.541112890627554e-08,0.08333759094170118,0.07431684298526463,0.03715845919819677
2013-12-15 13:00:00,1.572705068731215e-07,0.16555586689593454,0.07307528779309783,0.03653772253180235
2013-12-15 14:00:00,0.334534967443282,0.47580187714821665,0.08205040409286213,0.20829268576807206
2013-12-15 15:00:00,0.331368391515102,0.4312109779699216,0.1061224264983127,0.21874540900670736
2013-12-15 16:00:00,0.15619290950315803,0.904448180740656,0.10606979422661465,0.13113135186488634
2013-12-15 17:00:00,0.1855038052230599,0.9655263438247089,0.10606979422661465,0.14578679972483727
2013-12-15 18:00:00,0.1873052600273802,0.9541839374951604,0.09748157207800126,0.14239341605269074
2013-12-15 19:00:00,0.1608054454340719,0.8856896096258549,0.0796416525599425,0.12022354899700721
2013-12-15 20:00:00,0.33147976385229255,0.502926878904283,0.051982743562825354,0.19173125370755895
2013-12-15 21:00:00,0.33221300817849775,0.44212531484434175,0.05699911964084566,0.1946060639096717
2013-12-15 22:00:00,0.3339381062928813,0.4666505618318878,0.06075153779207956,0.19734482204248044
2013-12-15 23:00:00,0.3341360677778447,0.4696414965300339,0.0709189094005956,0.20252748858922015
2013-12-16 00:00:00,0.3349288520801834,0.4819633436925336,0.07343126319870259,0.204180057639443
2013-12-16 01:00:00,0.18264513703312488,0.42064501969395485,0.07476252317107879,0.12870383010210185
2013-12-16 02:00:00,6.607601516937114e-07,0.3511311121828652,0.07360624414875065,0.03680345245445117
2013-12-16 03:00:00,4.393946196688051e-07,0.30861089659426727,0.06731733547033034,0.033658887432475006
2013-12-16 04:00:00,3.3856810928486106e-07,0.28123978061373195,0.05872646906198569,0.029363403815047488
2013-12-16 05:00:00,2.8653917618319713e-07,0.26489715828226595,0.05992081922544336,0.029960552882309772
2013-12-16 06:00:00,4.0351625304491817e-07,0.2896890184583181,0.09234071732935435,0.0461705604228037
2013-12-16 07:00:00,9.328341754621059e-08,0.11759163086386783,0.08896562208860338,0.044482857686010464
2013-12-16 08:00:00,6.415414500718239e-08,0.08642524399463918,0.08825525526673725,0.04412765971044113
2013-12-16 09:00:00,5.796443510933657e-08,0.08019090106399328,0.09190683140713028,0.0459534446857827
2013-12-16 10:00:00,5.6724651482065334e-08,0.07864746661487916,0.09197440175512463,0.04598722923988805
2013-12-16 11:00:00,6.047292887008081e-08,0.0833182411111413,0.0929151937153699,0.046457627094149384
2013-12-16 12:00:00,7.595471485992405e-08,0.10105008152444511,0.07431684298526463,0.037158459469989746
2013-12-16 13:00:00,1.2469165454172575e-07,0.15014039097210263,0.07307528779309783,0.036537706242376185
2013-12-16 14:00:00,1.4572947072513526e-06,0.48531501406560107,0.08205040409286213,0.04102593069378469
2013-12-16 15:00:00,0.13665426988457605,0.7994147181060355,0.1061224264983127,0.12138834819144437
2013-12-16 16:00:00,0.10669385582650692,0.7758299936188353,0.10606979422661465,0.1063818250265608
2013-12-16 17:00:00,0.11741946729530728,0.9374641891509959,0.10606979422661465,0.11174463076096097
2013-12-16 18:00:00,0.116351508568183,0.9308574061603213,0.09748157207800126,0.10691654032309214
2013-12-16 19:00:00,0.09790412172258892,0.792033110141502,0.0796416525599425,0.08877288714126572
2013-12-16 20:00:00,7.697436214919895e-07,0.5963467351019305,0.051982743562825354,0.025991756653223425
2013-12-16 21:00:00,8.692190414600096e-07,0.3704785300047267,0.05699911964084566,0.02849999442994356
2013-12-16 22:00:00,0.1815703590119174,0.430301474012265,0.06075153779207956,0.12116094840199848
2013-12-16 23:00:00,0.15232595353793227,0.39948178790205296,0.0709189094005956,0.11162243146926393
2013-12-17 00:00:00,9.674458856945098e-07,0.3933271309146412,0.07343126319870259,0.03671611532229414
2013-12-17 01:00:00,9.770956347453077e-07,0.4028410760644231,0.07476252317107879,0.03738175013335677
2013-12-17 02:00:00,1.038437578148328e-06,0.408070476912556,0.07360624414875065,0.0368036412931644
2013-12-17 03:00:00,8.274691472486615e-07,0.3838407469124618,0.06731733547033034,0.03365908146973879
2013-12-17 04:00:00,5.962383108156708e-07,0.34516856566302534,0.05872646906198569,0.029363532650148252
2013-12-17 05:00:00,5.212349458462953e-07,0.3281445291165449,0.05992081922544336,0.0299606702301946
2013-12-17 06:00:00,6.479885786530032e-07,0.33432342144674493,0.09234071732935435,0.046170682658966504
2013-12-17 07:00:00,6.901696322136851e-08,0.09013285676613364,0.08896562208860338,0.044482845552783305
2013-12-17 08:00:00,4.8128216438784754e-08,0.06664838464114525,0.08825525526673725,0.044127651697476844
2013-12-17 09:00:00,4.580605124920931e-08,0.06428036695756513,0.09190683140713028,0.04595343860659076
2013-12-17 10:00:00,4.761666802244306e-08,0.06639389198435838,0.09197440175512463,0.045987224685896326
2013-12-17 11:00:00,5.213540084954637e-08,0.07184498930995482,0.0929151937153699,0.04645762292538537
2013-12-17 12:00:00,6.662754458769797e-08,0.08873665815722831,0.07431684298526463,0.03715845480640461
2013-12-17 13:00:00,1.2551052547240678e-07,0.14809126478770618,0.07307528779309783,0.03653770665181165
2013-12-17 14:00:00,0.3366633979735151,0.5112118164862411,0.08205040409286213,0.2093569010331886
2013-12-17 15:00:00,1.0186427410683516,1.0186297655569347,0.1061224264983127,0.5623825837833322
2013-12-17 16:00:00,0.20352985105045854,1.00213913105549,0.10606979422661465,0.1547998226385366
2013-12-17 17:00:00,0.19318772563766123,0.9911333202840663,0.10606979422661465,0.14962875993213795
2013-12-17 18:00:00,0.1892771670418396,0.9867272649247304,0.09748157207800126,0.14337936955992042
2013-12-17 19:00:00,0.18446947575601044,0.9811111131655438,0.0796416525599425,0.13205556415797648
2013-12-17 20:00:00,0.14633457474271347,0.8999115652709577,0.051982743562825354,0.09915865915276942
2013-12-17 21:00:00,0.291574753586286,0.3775173184021783,0.05699911964084566,0.1742869366135658
2013-12-17 22:00:00,0.26683293774145794,0.36255848531191415,0.06075153779207956,0.16379223776676877
2013-12-17 23:00:00,0.21053096138323205,0.34743491447785185,0.0709189094005956,0.14072493539191383
2013-12-18 00:00:00,0.20372168666214718,0.33773681707665326,0.07343126319870259,0.13857647493042488
2013-12-18 01:00:00,0.24167110038294667,0.32563401325988917,0.07476252317107879,0.15821681177701274
2013-12-18 02:00:00,0.19382283488121335,0.30701339024300095,0.07360624414875065,0.133714539514982
2013-12-18 03:00:00,0.17997560504824853,0.2959499752216766,0.06731733547033034,0.12364647025928943
2013-12-18 04:00:00,0.1876719032099502,0.2966308157973278,0.05872646906198569,0.12319918613596795
2013-12-18 05:00:00,0.22963617551204088,0.29159905686395354,0.05992081922544336,0.14477849736874213
2013-12-18 06:00:00,0.18008823478598146,0.2839440793830125,0.09234071732935435,0.1362144760576679
2013-12-18 07:00:00,8.46699961115689e-08,0.09433902636091301,0.08896562208860338,0.04448285337929975
2013-12-18 08:00:00,5.936301926101158e-08,0.0739939606052048,0.08825525526673725,0.044127657314878256
2013-12-18 09:00:00,5.619990133238777e-08,0.07247133114903993,0.09190683140713028,0.045953443803515806
2013-12-18 10:00:00,5.4192728586197774e-08,0.07024470196984255,0.09197440175512463,0.045987227973926605
2013-12-18 11:00:00,5.896225751389683e-08,0.07578432845128348,0.0929151937153699,0.0464576263388137
2013-12-18 12:00:00,7.662454128021776e-08,0.0940144933686014,0.07431684298526463,0.037158459804902955
2013-12-18 13:00:00,1.3874359876451096e-07,0.1465075481406707,0.07307528779309783,0.036537713268348294
2013-12-18 14:00:00,0.1708365824789222,0.3612101165171172,0.08205040409286213,0.12644349328589216
2013-12-18 15:00:00,0.18327470374744673,0.7004769890426101,0.1061224264983127,0.1446985651228797
2013-12-18 16:00:00,0.1639186435640583,0.7115116890650351,0.10606979422661465,0.13499421889533647
2013-12-18 17:00:00,0.11156277982209033,0.6858344997687497,0.10606979422661465,0.10881628702435249
2013-12-18 18:00:00,0.10848028872583756,0.6889292566892344,0.09748157207800126,0.10298093040191941
2013-12-18 19:00:00,0.10347475856266027,0.5548720220216147,0.0796416525599425,0.09155820556130138
2013-12-18 20:00:00,6.25234211619183e-07,0.4198643255392509,0.051982743562825354,0.025991684398518487
2013-12-18 21:00:00,4.983499632716077e-07,0.3803314076615194,0.05699911964084566,0.028499808995404465
2013-12-18 22:00:00,3.2939066679331236e-07,0.25318026743683436,0.06075153779207956,0.030375933591373177
2013-12-18 23:00:00,3.0257896024901915e-07,0.24031726158025715,0.0709189094005956,0.035459605989777924
2013-12-19 00:00:00,3.2663486391263196e-07,0.25587512860293127,0.07343126319870259,0.03671579491678325
2013-12-19 01:00:00,3.678821369845256e-07,0.27594066006562695,0.07476252317107879,0.03738144552660789
2013-12-19 02:00:00,3.9800758848504705e-07,0.2936065069697018,0.07360624414875065,0.03680332107816957
2013-12-19 03:00:00,4.1718174389933337e-07,0.30566993914822205,0.06731733547033034,0.03365887632603712
2013-12-19 04:00:00,4.868324221895739e-07,0.3278193577493361,0.05872646906198569,0.02936347794720394
2013-12-19 05:00:00,6.326677352424716e-07,0.34526061927965773,0.05992081922544336,0.0299607259465893
2013-12-19 06:00:00,6.657777679902754e-07,0.33893883241832434,0.09234071732935435,0.04617069155356117
2013-12-19 07:00:00,8.241817441226179e-08,0.10497157194746039,0.08896562208860338,0.044482852253388896
2013-12-19 08:00:00,5.500873126086939e-08,0.07530433857713141,0.08825525526673725,0.044127655137734256
2013-12-19 09:00:00,4.9663935884617265e-08,0.06933809739198968,0.09190683140713028,0.04595344053553308
2013-12-19 10:00:00,4.6822240911768986e-08,0.06602308331696027,0.09197440175512463,0.04598722428868277
2013-12-19 11:00:00,4.889917901479107e-08,0.06866481809992739,0.0929151937153699,0.04645762130727445
2013-12-19 12:00:00,5.578852477212099e-08,0.07744409474705449,0.07431684298526463,0.0371584493868947
2013-12-19 13:00:00,8.007757682690038e-08,0.10576445514651345,0.07307528779309783,0.03653768393533733
2013-12-19 14:00:00,2.10665558331757e-07,0.20023119159062297,0.08205040409286213,0.04102530737921023
2013-12-19 15:00:00,2.2166738172869554e-07,0.17565286454384724,0.1061224264983127,0.053061324082847215
2013-12-19 16:00:00,1.9775502562262424e-07,0.15748417722922417,0.10606979422661465,0.053034995990820136
2013-12-19 17:00:00,1.764856295567644e-07,0.14481551911709753,0.10606979422661465,0.053034985356122104
2013-12-19 18:00:00,1.5830378668537605e-07,0.1344661380254587,0.09748157207800126,0.048740865190893976
2013-12-19 19:00:00,1.4388321517403896e-07,0.12553105834602737,0.0796416525599425,0.03982089822157884
2013-12-19 20:00:00,1.3506274359048172e-07,0.11941462935190836,0.051982743562825354,0.025991439312784474
2013-12-19 21:00:00,1.0585439164513996e-07,0.11885257900281773,0.05699911964084566,0.028499612747618655
2013-12-19 22:00:00,1.0324334171253165e-07,0.11920382786646111,0.06075153779207956,0.030375820517710636
2013-12-19 23:00:00,1.0981467784781082e-07,0.1258101970974438,0.0709189094005956,0.035459509607636726
2013-12-20 00:00:00,1.2245868313609785e-07,0.13687913148067735,0.07343126319870259,0.036715692828692865
2013-12-20 01:00:00,1.453077850719791e-07,0.15473873989245024,0.07476252317107879,0.03738133423943193
2013-12-20 02:00:00,1.752045656653333e-07,0.1746074663817079,0.07360624414875065,0.036803209676658157
2013-12-20 03:00:00,1.861178140313848e-07,0.18137179193520134,0.06731733547033034,0.033658760794072186
2013-12-20 04:00:00,1.7747850670746138e-07,0.17668429978595562,0.05872646906198569,0.0293633232702462
2013-12-20 05:00:00,1.8011344625525835e-07,0.16966071860288504,0.05992081922544336,0.029960499669444807
2013-12-20 06:00:00,1.8379361616908783e-07,0.16483819672992486,0.09234071732935435,0.04617045056148526
2013-12-20 07:00:00,5.1418688356004307e-08,0.07003646254254112,0.08896562208860338,0.04448283675364587
2013-12-20 08:00:00,3.402426568438521e-08,0.05354970788365962,0.08825525526673725,0.044127644645501465
2013-12-20 09:00:00,2.8942155625707554e-08,0.05121909736756698,0.09190683140713028,0.045953430174642956
2013-12-20 10:00:00,2.7646911548612295e-08,0.048729306317998856,0.09197440175512463,0.04598721470101809
2013-12-20 11:00:00,2.999259792680699e-08,0.05320292023786939,0.0929151937153699,0.046457611853983914
2013-12-20 12:00:00,4.318079531710148e-08,0.06772778141043442,0.07431684298526463,0.03715844308302997
2013-12-20 13:00:00,8.032261300033468e-08,0.10695527793655724,0.07307528779309783,0.036537684057855416
2013-12-20 14:00:00,3.536748115082054e-07,0.2815628340471391,0.08205040409286213,0.04102537888383682
2013-12-20 15:00:00,0.0953921265979001,0.6898301726442105,0.1061224264983127,0.1007572765481064
2013-12-20 16:00:00,0.09580217424682798,0.6880281350965539,0.10606979422661465,0.10093598423672132
2013-12-20 17:00:00,0.10168849671736312,0.881071590012831,0.10606979422661465,0.10387914547198888
2013-12-20 18:00:00,0.11442078202549476,0.9012295623692038,0.09748157207800126,0.105951177051748
2013-12-20 19:00:00,0.1162192874765357,0.8140817406386086,0.0796416525599425,0.0979304700182391
2013-12-20 20:00:00,0.1083280035004328,0.8018074022999083,0.051982743562825354,0.08015537353162908
2013-12-20 21:00:00,9.048352456595377e-07,0.31058044975401555,0.05699911964084566,0.02850001223804566
2013-12-20 22:00:00,5.006858713684286e-07,0.26625058759889675,0.06075153779207956,0.030376019238975465
2013-12-20 23:00:00,4.818532742762278e-07,0.2522561859933086,0.0709189094005956,0.03545969562693494
2013-12-21 00:00:00,4.660377529557597e-07,0.24178556605013068,0.07343126319870259,0.036715864618227775
2013-12-21 01:00:00,4.3922911776000176e-07,0.22806228572609144,0.07476252317107879,0.03738148120009827
2013-12-21 02:00:00,4.2132321381364076e-07,0.2144765303451925,0.07360624414875065,0.036803332735982235
2013-12-21 03:00:00,4.0593951508605943e-07,0.20772378932658406,0.06731733547033034,0.03365887070492271
2013-12-21 04:00:00,3.370872493039991e-07,0.19649624410486885,0.05872646906198569,0.029363403074617496
2013-12-21 05:00:00,3.4004056127466e-07,0.19901715476625165,0.05992081922544336,0.02996057963300232
2013-12-21 06:00:00,3.9351065161786544e-07,0.21018798818189466,0.09234071732935435,0.046170555420002986
2013-12-21 07:00:00,6.17316073916686e-08,0.0744342772183494,0.08896562208860338,0.04448284191010539
2013-12-21 08:00:00,2.2982400177534445e-08,0.039110991126686194,0.08825525526673725,0.04412763912456871
2013-12-21 09:00:00,1.377435541061536e-08,1.3467788409150188e-07,0.09190683140713028,0.045953422590742844
2013-12-21 10:00:00,1.294426296156297e-08,7.542933961054433e-07,0.09197440175512463,0.0459872073496938
2013-12-21 11:00:00,1.2707815877027612e-08,1.500994427570696e-07,0.0929151937153699,0.04645760321159289
2013-12-21 12:00:00,1.5307491180799438e-08,7.227909476073568e-06,0.07431684298526463,0.0371584291463779
2013-12-21 13:00:00,6.414334775883014e-08,0.09019734379485352,0.07307528779309783,0.03653767596822279
2013-12-21 14:00:00,3.9390205245887267e-07,0.27352640631668873,0.08205040409286213,0.041025398997457295
2013-12-21 15:00:00,7.769497651475098e-07,0.33011172082647106,0.1061224264983127,0.053061601724038926
2013-12-21 16:00:00,5.059970224966637e-07,0.2938023118986278,0.10606979422661465,0.05303515011181857
2013-12-21 17:00:00,3.723954132801737e-07,0.26145608391132635,0.10606979422661465,0.05303508331101397
2013-12-21 18:00:00,3.3586216754023615e-07,0.2521705001492538,0.09748157207800126,0.0487409539700844
2013-12-21 19:00:00,3.1005336062629713e-07,0.2430302744791357,0.0796416525599425,0.039820981306651564
2013-12-21 20:00:00,3.0106677220986943e-07,0.24925728050074752,0.051982743562825354,0.02599152231479878
2013-12-21 21:00:00,3.008151763116034e-07,0.2718620900670094,0.05699911964084566,0.028499710228010986
2013-12-21 22:00:00,5.903566317578057e-07,0.36044873873250177,0.06075153779207956,0.030376064074355662
2013-12-21 23:00:00,9.761690511814308e-07,0.4115144584655001,0.0709189094005956,0.03545994278482339
2013-12-22 00:00:00,0.19769838630492506,0.45561026360445117,0.07343126319870259,0.13556482475181383
2013-12-22 01:00:00,0.3354411529358781,0.49028349357773215,0.07476252317107879,0.20510183805347845
2013-12-22 02:00:00,0.33324064322527347,0.4564478176223233,0.07360624414875065,0.20342344368701207
2013-12-22 03:00:00,0.3312580871008059,0.42942108753635094,0.06731733547033034,0.1992877112855681
2013-12-22 04:00:00,0.32991050369183245,0.4126503274549739,0.05872646906198569,0.19431848637690907
2013-12-22 05:00:00,0.3275674286211916,0.38614030248493864,0.05992081922544336,0.19374412392331747
2013-12-22 06:00:00,0.32656599260551394,0.3757381914456184,0.09234071732935435,0.20945335496743414
2013-12-22 07:00:00,6.2401219932504e-08,0.0766858445699119,0.08896562208860338,0.044482842244911655
2013-12-22 08:00:00,1.806884950077251e-08,0.03716135524396481,0.08825525526673725,0.044127636667793374
2013-12-22 09:00:00,1.3238774372405726e-08,3.6926192168140295e-07,0.09190683140713028,0.045953422322952325
2013-12-22 10:00:00,1.3073353060979525e-08,6.666403412105257e-08,0.09197440175512463,0.04598720741423885
2013-12-22 11:00:00,1.3607730775020074e-08,1.4991522708852077e-07,0.0929151937153699,0.046457603661550335
2013-12-22 12:00:00,1.6352226768363838e-08,1.898066286741569e-07,0.07431684298526463,0.0371584296687457
2013-12-22 13:00:00,6.063377779621643e-08,0.09305847450808923,0.07307528779309783,0.03653767421343781
2013-12-22 14:00:00,2.623260325295728e-07,0.2073384210092784,0.08205040409286213,0.04102533320944733
2013-12-22 15:00:00,2.4788510065870284e-07,0.1922082890845707,0.1061224264983127,0.05306133719170668
2013-12-22 16:00:00,1.820434613538529e-07,0.1616156853946727,0.10606979422661465,0.053034988135038
2013-12-22 17:00:00,1.5156564208062975e-07,0.1465560008974849,0.10606979422661465,0.053034972896128366
2013-12-22 18:00:00,1.3930098058772452e-07,0.14129690897001285,0.09748157207800126,0.04874085568949092
2013-12-22 19:00:00,1.3176841805940793e-07,0.13831427771877702,0.0796416525599425,0.039820892164180284
2013-12-22 20:00:00,1.3642594412179367e-07,0.142696524539474,0.051982743562825354,0.02599143999438474
2013-12-22 21:00:00,1.5004781819355166e-07,0.15318570178287036,0.05699911964084566,0.028499634844331927
2013-12-22 22:00:00,1.4781545487713534e-07,0.1508567231217025,0.06075153779207956,0.03037584280376722
2013-12-22 23:00:00,1.6907152986064512e-07,0.16397532764474693,0.0709189094005956,0.03545953923606273
2013-12-23 00:00:00,2.0109139980710583e-07,0.18049210477063193,0.07343126319870259,0.0367157321450512
2013-12-23 01:00:00,2.359152433739183e-07,0.19610211012552556,0.07476252317107879,0.03738137954316108
2013-12-23 02:00:00,2.5616738107091664e-07,0.20339002402958048,0.07360624414875065,0.03680325015806586
2013-12-23 03:00:00,2.627294508846996e-07,0.20451173081863194,0.06731733547033034,0.03365879909989061
2013-12-23 04:00:00,2.7668489340978594e-07,0.21204154957782131,0.05872646906198569,0.02936337287343955
2013-12-23 05:00:00,2.6750031437366494e-07,0.20847044255976593,0.05992081922544336,0.029960543362878865
2013-12-23 06:00:00,2.5401013301841004e-07,0.20390049498504575,0.09234071732935435,0.04617048566974369
2013-12-23 07:00:00,5.664245299638036e-08,0.07357074933961157,0.08896562208860338,0.04448283936552819
2013-12-23 08:00:00,2.4624518222620143e-08,0.037679939763221114,0.08825525526673725,0.04412763994562773
2013-12-23 09:00:00,1.9208630483777076e-08,0.034966594278228964,0.09190683140713028,0.04595342530788038
2013-12-23 10:00:00,1.8758443057980127e-08,0.03466971302705772,0.09197440175512463,0.045987210256783845
2013-12-23 11:00:00,1.9727905558728332e-08,0.03657765243328346,0.0929151937153699,0.04645760672163773
2013-12-23 12:00:00,2.4181712608857608e-08,0.04452248243437941,0.07431684298526463,0.037158433583488616
2013-12-23 13:00:00,7.024297043473374e-08,0.09355968834402038,0.07307528779309783,0.03653767901803413
2013-12-23 14:00:00,2.1593395922903804e-07,0.2091382448399778,0.08205040409286213,0.04102531001341068
2013-12-23 15:00:00,3.2220280174668285e-07,0.23936692406257315,0.1061224264983127,0.053061374350557224
2013-12-23 16:00:00,3.328153986141123e-07,0.23593673689835187,0.10606979422661465,0.053035063521006634
2013-12-23 17:00:00,3.607796448124397e-07,0.24429130429413348,0.10606979422661465,0.05303507750312973
2013-12-23 18:00:00,4.190875521043696e-07,0.2637236624401944,0.09748157207800126,0.04874099558277668
2013-12-23 19:00:00,4.6286681809611766e-07,0.28254490621179207,0.0796416525599425,0.0398210577133803
2013-12-23 20:00:00,5.536799391284274e-07,0.31920619965304614,0.051982743562825354,0.02599164862138224
2013-12-23 21:00:00,6.938571553961327e-07,0.3595185105798391,0.05699911964084566,0.02849990674900053
2013-12-23 22:00:00,6.604817157345538e-07,0.3633760914037863,0.06075153779207956,0.03037609913689765
2013-12-23 23:00:00,8.311700244424435e-07,0.39180613182075624,0.0709189094005956,0.03545987028531002
2013-12-24 00:00:00,9.253569248875166e-07,0.3994262120448451,0.07343126319870259,0.03671609427781374
2013-12-24 01:00:00,9.86184363939326e-07,0.4026980068744839,0.07476252317107879,0.03738175467772136
2013-12-24 02:00:00,0.16526248601094046,0.42989228427768866,0.07360624414875065,0.11943436507984556
2013-12-24 03:00:00,0.2096775815750546,0.47288614340129254,0.06731733547033034,0.13849745852269246
2013-12-24 04:00:00,0.3364116725518537,0.5295772758754138,0.05872646906198569,0.1975690708069197
2013-12-24 05:00:00,0.3365001228800636,0.508323232059092,0.05992081922544336,0.19821047105275347
2013-12-24 06:00:00,0.3349443275486187,0.4823582750524698,0.09234071732935435,0.21364252243898652
2013-12-24 07:00:00,5.4188825524253126e-08,0.071197234795157,0.08896562208860338,0.04448283813871445
2013-12-24 08:00:00,2.3395787960370768e-08,0.03122317177824058,0.08825525526673725,0.044127639331262604
2013-12-24 09:00:00,2.0898386800493215e-08,0.028146468644461114,0.09190683140713028,0.04595342615275854
2013-12-24 10:00:00,2.06171384225731e-08,0.027957035869287782,0.09197440175512463,0.04598721118613153
2013-12-24 11:00:00,2.2569929031792257e-08,0.030620484263140936,0.0929151937153699,0.046457608142649466
2013-12-24 12:00:00,2.8033732373422828e-08,0.03767410960916484,0.07431684298526463,0.0371584355094985
2013-12-24 13:00:00,5.582981518030988e-08,0.07952565279989247,0.07307528779309783,0.0365376718114565
2013-12-24 14:00:00,2.392225926861955e-07,0.18684651782424874,0.08205040409286213,0.041025321657727404
2013-12-24 15:00:00,3.946165619387196e-07,0.20204114648036506,0.1061224264983127,0.05306141055743732
2013-12-24 16:00:00,3.156809209843552e-07,0.17634121393995877,0.10606979422661465,0.05303505495376782
2013-12-24 17:00:00,2.768790872256341e-07,0.1613274526930659,0.10606979422661465,0.05303503555285094
2013-12-24 18:00:00,2.298541900790718e-07,0.14361802884918082,0.09748157207800126,0.04874090096609567
2013-12-24 19:00:00,1.75704804683025e-07,0.13130318914789849,0.0796416525599425,0.03982091413237359
2013-12-24 20:00:00,1.5627530372424936e-07,0.12443112030732567,0.051982743562825354,0.02599144991906454
2013-12-24 21:00:00,1.5196843190157795e-07,0.12306915494440125,0.05699911964084566,0.02849963580463878
2013-12-24 22:00:00,1.1957637698666098e-07,0.11022014573568602,0.06075153779207956,0.030375828684228275
2013-12-24 23:00:00,1.1372950081320212e-07,0.10807430107406227,0.0709189094005956,0.03545951156504821
2013-12-25 00:00:00,1.0819284836223468e-07,0.10500143550014908,0.07343126319870259,0.03671568569577548
2013-12-25 01:00:00,1.0950032592274283e-07,0.10639455498850142,0.07476252317107879,0.03738131633570235
2013-12-25 02:00:00,1.1258087374998641e-07,0.10812608818866186,0.07360624414875065,0.0368031783648122
2013-12-25 03:00:00,1.090483005853356e-07,0.10628765914886397,0.06731733547033034,0.03365872225931546
2013-12-25 04:00:00,9.866367142894982e-08,0.10111243817213908,0.05872646906198569,0.02936328386282856
2013-12-25 05:00:00,8.941425162701829e-08,0.09415496885718003,0.05992081922544336,0.029960454319847493
2013-12-25 06:00:00,8.716693306862478e-08,0.09193780504405208,0.09234071732935435,0.04617040224814371
2013-12-25 07:00:00,4.6174981831508903e-08,0.057913345599404566,0.08896562208860338,0.04448283413179261
2013-12-25 08:00:00,2.097449863824416e-08,0.030669921033007315,0.08825525526673725,0.04412763812061794
2013-12-25 09:00:00,1.8449606991216053e-08,0.02753155119256601,0.09190683140713028,0.04595342492836864
2013-12-25 10:00:00,1.7780258389115803e-08,0.02719722740537437,0.09197440175512463,0.04598720976769151
2013-12-25 11:00:00,1.8521318226460694e-08,0.02831501111287467,0.0929151937153699,0.04645760611834406
2013-12-25 12:00:00,2.242550810050359e-08,0.03373169984483909,0.07431684298526463,0.037158432705386366
2013-12-25 13:00:00,3.955122568951778e-08,0.048399049537902694,0.07307528779309783,0.036537663672161755
2013-12-25 14:00:00,1.4610429176708293e-07,0.1264723479974652,0.08205040409286213,0.041025275098576945
2013-12-25 15:00:00,2.0452327391188507e-07,0.13577932040295823,0.1061224264983127,0.05306131551079331
2013-12-25 16:00:00,1.9590574796369333e-07,0.12557692242515353,0.10606979422661465,0.053034995066181305
2013-12-25 17:00:00,1.753034925778573e-07,0.11516449635329926,0.10606979422661465,0.05303498476505362
2013-12-25 18:00:00,1.5655967236330386e-07,0.10731508167378971,0.09748157207800126,0.04874086431883681
2013-12-25 19:00:00,1.467798848415729e-07,0.10451633625673794,0.0796416525599425,0.03982089966991367
2013-12-25 20:00:00,1.475179059581128e-07,0.10628259865124925,0.051982743562825354,0.025991445540365657
2013-12-25 21:00:00,1.6559344800318315e-07,0.11409331339937236,0.05699911964084566,0.028499642617146832
2013-12-25 22:00:00,2.236166595712423e-07,0.12963161928749756,0.06075153779207956,0.030375880704369567
2013-12-25 23:00:00,3.3958312405237017e-07,0.1478222941830411,0.0709189094005956,0.035459624491859826
2013-12-26 00:00:00,0.08918691909554845,0.16655192231761573,0.07343126319870259,0.08130909114712552
2013-12-26 01:00:00,0.09264957299751893,0.17035628409669198,0.07476252317107879,0.08370604808429885
2013-12-26 02:00:00,0.08236237707607531,0.16500893974602118,0.07360624414875065,0.07798431061241298
2013-12-26 03:00:00,0.07400562539341292,0.15521303955873356,0.06731733547033034,0.07066148043187162
2013-12-26 04:00:00,0.07815399665300937,0.15082514154489818,0.05872646906198569,0.06844023285749753
2013-12-26 05:00:00,0.08505275390901881,0.15178185217514537,0.05992081922544336,0.07248678656723109
2013-12-26 06:00:00,0.08631998896026968,0.14923318990140327,0.09234071732935435,0.08933035314481202
2013-12-26 07:00:00,6.182732502695587e-08,0.06339562849915162,0.08896562208860338,0.0444828419579642
2013-12-26 08:00:00,3.0764976262257074e-08,0.04542433420007198,0.08825525526673725,0.044127643015856755
2013-12-26 09:00:00,2.7528316429188294e-08,0.029414271308422817,0.09190683140713028,0.04595342946772336
2013-12-26 10:00:00,2.685153803416984e-08,0.02945290371916668,0.09197440175512463,0.04598721430333133
2013-12-26 11:00:00,2.903087937868964e-08,0.04565970689599929,0.0929151937153699,0.04645761137312464
2013-12-26 12:00:00,3.576123482304121e-08,0.0533894900215455,0.07431684298526463,0.037158439373249724
2013-12-26 13:00:00,7.201864638701897e-08,0.07402562278696882,0.07307528779309783,0.03653767990587211
2013-12-26 14:00:00,2.3554813678854188e-07,0.12810099976140854,0.08205040409286213,0.04102531982049946
2013-12-26 15:00:00,2.594011578064114e-07,0.1220277936689004,0.1061224264983127,0.05306134294973525
2013-12-26 16:00:00,2.0921061923433368e-07,0.10985403162929051,0.10606979422661465,0.05303500171861694
2013-12-26 17:00:00,1.7062175389204894e-07,0.1016950576444927,0.10606979422661465,0.05303498242418427
2013-12-26 18:00:00,1.3652374938598445e-07,0.09399495909345373,0.09748157207800126,0.048740854300875325
2013-12-26 19:00:00,1.1707076639408725e-07,0.08913307662291065,0.0796416525599425,0.03982088481535445
2013-12-26 20:00:00,1.026420607644359e-07,0.08517220129381842,0.051982743562825354,0.02599142310244306
2013-12-26 21:00:00,9.162371804883126e-08,0.082579649268787,0.05699911964084566,0.028499605632281856
2013-12-26 22:00:00,8.532876393148184e-08,0.08071115922586264,0.06075153779207956,0.030375811560421746
2013-12-26 23:00:00,8.526381263106647e-08,0.08184616507086835,0.0709189094005956,0.03545949733220412
2013-12-27 00:00:00,8.547453187250107e-08,0.08393586147408712,0.07343126319870259,0.03671567433661723
2013-12-27 01:00:00,8.429546646107157e-08,0.08473337260922775,0.07476252317107879,0.03738130373327262
2013-12-27 02:00:00,8.343012428638707e-08,0.0851273151801595,0.07360624414875065,0.03680316378943747
2013-12-27 03:00:00,8.328207384780481e-08,0.08586951933535268,0.06731733547033034,0.03365870937620209
2013-12-27 04:00:00,8.343046155976374e-08,0.08697449868913706,0.05872646906198569,0.029363276246223625
2013-12-27 05:00:00,8.348221817748346e-08,0.08801480658743954,0.05992081922544336,0.02996045135383077
2013-12-27 06:00:00,8.358420054664218e-08,0.08909808251798439,0.09234071732935435,0.04617040045677745
2013-12-27 07:00:00,5.0727797240957535e-08,0.06280204456747618,0.08896562208860338,0.04448283640820031
2013-12-27 08:00:00,4.014909886150587e-08,0.053198791236001054,0.08825525526673725,0.044127647707918057
2013-12-27 09:00:00,3.166597232689146e-08,0.0480447010523425,0.09190683140713028,0.045953431536551306
2013-12-27 10:00:00,2.8936824352460494e-08,0.04609034100241336,0.09197440175512463,0.04598721534597449
2013-12-27 11:00:00,2.9822532906212636e-08,0.04780379146549576,0.0929151937153699,0.0464576117689514
2013-12-27 12:00:00,3.570759105107208e-08,0.056515620760888084,0.07431684298526463,0.03715843934642784
2013-12-27 13:00:00,5.5366171093296906e-08,0.07553944575310263,0.07307528779309783,0.03653767157963446
2013-12-27 14:00:00,1.0196232330867887e-07,0.11798970925442714,0.08205040409286213,0.04102525302759272
2013-12-27 15:00:00,1.1286891448393321e-07,0.11961640946291864,0.1061224264983127,0.05306126968361359
2013-12-27 16:00:00,1.0584760685104215e-07,0.11147698296686352,0.10606979422661465,0.05303495003711075
2013-12-27 17:00:00,1.0149643576811903e-07,0.10742556246490637,0.10606979422661465,0.05303494786152521
2013-12-27 18:00:00,1.0349465509380652e-07,0.10722800399047244,0.09748157207800126,0.04874083778632818
2013-12-27 19:00:00,1.0825769417449403e-07,0.11111745150682123,0.0796416525599425,0.039820880408818336
2013-12-27 20:00:00,1.1461304676570736e-07,0.1166684940488291,0.051982743562825354,0.02599142908793606
2013-12-27 21:00:00,1.3169843218883046e-07,0.1284297082378741,0.05699911964084566,0.028499625669638925
2013-12-27 22:00:00,1.2472766706049238e-07,0.12497018642554736,0.06075153779207956,0.030375831259873313
2013-12-27 23:00:00,1.4866938802827862e-07,0.1411137320601047,0.0709189094005956,0.03545952903499181
2013-12-28 00:00:00,1.886222703571014e-07,0.16072997117481425,0.07343126319870259,0.036715725910486476
2013-12-28 01:00:00,2.5386622685342943e-07,0.18360045931894922,0.07476252317107879,0.037381388518652824
2013-12-28 02:00:00,3.7924112678330823e-07,0.21494846501313897,0.07360624414875065,0.036803311694938716
2013-12-28 03:00:00,4.896580001503696e-07,0.2335589875497133,0.06731733547033034,0.03365891256416524
2013-12-28 04:00:00,3.4245088048012857e-07,0.20836982466263884,0.05872646906198569,0.029363405756433085
2013-12-28 05:00:00,2.0753082186450408e-07,0.17236339303679088,0.05992081922544336,0.029960513378132613
2013-12-28 06:00:00,1.575677453210186e-07,0.14889751357551573,0.09234071732935435,0.04617043744854984
2013-12-28 07:00:00,4.134521981390773e-08,0.05973712310886839,0.08896562208860338,0.0444828317169116
2013-12-28 08:00:00,1.583360974637637e-08,0.02817715742098517,0.08825525526673725,0.044127635550173495
2013-12-28 09:00:00,8.960708449380856e-09,1.260342165927105e-06,0.09190683140713028,0.04595342018391937
2013-12-28 10:00:00,8.82295268908224e-09,9.903648114893638e-08,0.09197440175512463,0.04598720528903866
2013-12-28 11:00:00,9.147460521344145e-09,1.948059531927423e-07,0.0929151937153699,0.04645760143141521
2013-12-28 12:00:00,1.089137570036549e-08,4.8071461062077105e-06,0.07431684298526463,0.037158426938320166
2013-12-28 13:00:00,3.3822242587346093e-08,0.04560925777820291,0.07307528779309783,0.03653766080767021
2013-12-28 14:00:00,1.1948888088071996e-07,0.13538972990621598,0.08205040409286213,0.04102526179087151
2013-12-28 15:00:00,1.32972458973977e-07,0.13870183602026542,0.1061224264983127,0.05306127973538584
2013-12-28 16:00:00,1.257215732550806e-07,0.1279749651562339,0.10606979422661465,0.05303495997409395
2013-12-28 17:00:00,1.2908612142535298e-07,0.12769615626912095,0.10606979422661465,0.05303496165636804
2013-12-28 18:00:00,1.433319737644113e-07,0.1367217011381502,0.09748157207800126,0.04874085770498751
2013-12-28 19:00:00,1.4267364046774386e-07,0.13909939604386007,0.0796416525599425,0.03982089761679149
2013-12-28 20:00:00,1.3086736546112088e-07,0.13246881316262954,0.051982743562825354,0.025991437215095406
2013-12-28 21:00:00,1.2339782784374165e-07,0.12892024937919339,0.05699911964084566,0.028499621519336753
2013-12-28 22:00:00,1.6668133714981065e-07,0.1548181628102891,0.06075153779207956,0.030375852236708356
2013-12-28 23:00:00,1.7175450616293428e-07,0.1600724579784463,0.0709189094005956,0.03545954057755088
2013-12-29 00:00:00,1.7217436818267764e-07,0.16416470053149052,0.07343126319870259,0.036715717686535386
2013-12-29 01:00:00,1.9335420504088472e-07,0.178216486938856,0.07476252317107879,0.03738135826264191
2013-12-29 02:00:00,2.0408893290283184e-07,0.18768270484865116,0.07360624414875065,0.03680322411884178
2013-12-29 03:00:00,2.056388375191648e-07,0.19377849872937164,0.06731733547033034,0.033658770554583925
2013-12-29 04:00:00,2.1495558148093567e-07,0.20163141593378903,0.05872646906198569,0.029363342008783586
2013-12-29 05:00:00,2.6906752521058757e-07,0.22806812647609045,0.05992081922544336,0.029960544146484285
2013-12-29 06:00:00,3.158150622596378e-07,0.248724869009064,0.09234071732935435,0.0461705165722083
2013-12-29 07:00:00,6.05605069927007e-08,0.08634701606804128,0.08896562208860338,0.04448284132455519
2013-12-29 08:00:00,1.8580472143769688e-08,0.04005161298512267,0.08825525526673725,0.0441276369236047
2013-12-29 09:00:00,1.715985520514178e-08,6.872740329578922e-07,0.09190683140713028,0.04595342428349274
2013-12-29 10:00:00,1.7955645605113338e-08,8.10652588921889e-07,0.09197440175512463,0.04598720985538512
2013-12-29 11:00:00,1.9268542540467773e-08,0.042366153980905714,0.0929151937153699,0.04645760649195622
2013-12-29 12:00:00,2.4055935052631858e-08,0.05261359284608244,0.07431684298526463,0.03715843352059984
2013-12-29 13:00:00,5.446748879168014e-08,0.08387282739091174,0.07307528779309783,0.03653767113029331
2013-12-29 14:00:00,3.174538950885871e-07,0.27989906372385115,0.08205040409286213,0.04102536077337861
2013-12-29 15:00:00,5.610417218676466e-07,0.35903568506095856,0.1061224264983127,0.05306149377001729
2013-12-29 16:00:00,5.826123681826276e-07,0.3622509096081754,0.10606979422661465,0.05303518841949142
2013-12-29 17:00:00,5.971447901858493e-07,0.3661350131807203,0.10606979422661465,0.05303519568570242
2013-12-29 18:00:00,6.560783572275083e-07,0.3798655513433161,0.09748157207800126,0.04874111407817924
2013-12-29 19:00:00,8.911524521234422e-07,0.4184340826309579,0.0796416525599425,0.03982127185619731
2013-12-29 20:00:00,1.2049966610637972e-06,0.4830212146680091,0.051982743562825354,0.02599197427974321
2013-12-29 21:00:00,1.2433455580575687e-06,0.48612437438010725,0.05699911964084566,0.02850018149320186
2013-12-29 22:00:00,9.073785882080049e-07,0.45231646752701044,0.06075153779207956,0.030376222585333887
2013-12-29 23:00:00,5.571356823929524e-07,0.3893243405312919,0.0709189094005956,0.035459733268139
2013-12-30 00:00:00,4.81095378952051e-07,0.3683203972261579,0.07343126319870259,0.03671587214704077
2013-12-30 01:00:00,4.594786796671286e-07,0.3615959949496268,0.07476252317107879,0.03738149132487923
2013-12-30 02:00:00,3.731267341912988e-07,0.31229657341180334,0.07360624414875065,0.03680330863774242
2013-12-30 03:00:00,3.8781868559785945e-07,0.3176558579776635,0.06731733547033034,0.033658861644507966
2013-12-30 04:00:00,4.2313072577613146e-07,0.32447372537953695,0.05872646906198569,0.029363446096355734
2013-12-30 05:00:00,4.2498830799211756e-07,0.31787945116970523,0.05992081922544336,0.029960622106875674
2013-12-30 06:00:00,3.5456656268411267e-07,0.28964136277260355,0.09234071732935435,0.046170535947958516
2013-12-30 07:00:00,9.680652692838116e-08,0.12048906175334814,0.08896562208860338,0.04448285944756516
2013-12-30 08:00:00,5.294430205303179e-08,0.06222854537133406,0.08825525526673725,0.04412765410551965
2013-12-30 09:00:00,3.637464323620004e-08,0.055319551041529476,0.09190683140713028,0.04595343389088676
2013-12-30 10:00:00,3.3333669844667e-08,0.05101069904116194,0.09197440175512463,0.04598721754439723
2013-12-30 11:00:00,3.530606314199883e-08,0.053968193816921285,0.0929151937153699,0.04645761451071652
2013-12-30 12:00:00,4.089354928912932e-08,0.06224507127354861,0.07431684298526463,0.037158441939406955
2013-12-30 13:00:00,8.659564925981543e-08,0.11080209498826789,0.07307528779309783,0.036537687194373544
2013-12-30 14:00:00,1.770401548154995e-07,0.18730077980257492,0.08205040409286213,0.04102529056650847
2013-12-30 15:00:00,2.1940102970388265e-07,0.19689264417807154,0.1061224264983127,0.053061322949671204
2013-12-30 16:00:00,2.3589741371904656e-07,0.2027939664661658,0.10606979422661465,0.05303501506201418
2013-12-30 17:00:00,2.356280950609347e-07,0.20305502253613278,0.10606979422661465,0.05303501492735486
2013-12-30 18:00:00,2.1946085198799347e-07,0.19449483545059545,0.09748157207800126,0.048740895769426626
2013-12-30 19:00:00,2.012296844170197e-07,0.1829528345360564,0.0796416525599425,0.03982092689481346
2013-12-30 20:00:00,1.8140295196034254e-07,0.17981531500789902,0.051982743562825354,0.025991462482888656
2013-12-30 21:00:00,1.8317803804564553e-07,0.17834694927583808,0.05699911964084566,0.028499651409441853
2013-12-30 22:00:00,1.5460392281030915e-07,0.1673591539733747,0.06075153779207956,0.030375846198001186
2013-12-30 23:00:00,1.3175492687667436e-07,0.15245606812776724,0.0709189094005956,0.035459520577761236
2013-12-31 00:00:00,1.196404569338785e-07,0.14428806176467307,0.07343126319870259,0.03671569141957976
2013-12-31 01:00:00,1.1730947102280102e-07,0.14359816350020796,0.07476252317107879,0.03738132024027491
2013-12-31 02:00:00,1.1980576262015114e-07,0.146337724150785,0.07360624414875065,0.036803181977256634
2013-12-31 03:00:00,1.2538469163253697e-07,0.15219198331186162,0.06731733547033034,0.03365873042751098
2013-12-31 04:00:00,1.3582558463807697e-07,0.16053944817281637,0.05872646906198569,0.029363302443785166
2013-12-31 05:00:00,1.4141095869366612e-07,0.16411623557930632,0.05992081922544336,0.029960480318201026
2013-12-31 06:00:00,1.5291076767043781e-07,0.17242850514746658,0.09234071732935435,0.04617043512006101
2013-12-31 07:00:00,9.135563498789602e-08,0.11529130877053471,0.08896562208860338,0.044482856722119185
2013-12-31 08:00:00,6.602241196796665e-08,0.0865660111791446,0.08825525526673725,0.04412766064457461
2013-12-31 09:00:00,5.926481522593703e-08,0.07760595873345298,0.09190683140713028,0.04595344533597275
2013-12-31 10:00:00,5.5829994944949244e-08,0.07396289500761369,0.09197440175512463,0.04598722879255979
2013-12-31 11:00:00,5.865034841932619e-08,0.07793648948553103,0.0929151937153699,0.04645762618285916
2013-12-31 12:00:00,7.097915584167326e-08,0.0921659028438685,0.07431684298526463,0.037158456982210236
2013-12-31 13:00:00,1.0547865532971851e-07,0.12777958210443216,0.07307528779309783,0.036537696635876575
2013-12-31 14:00:00,2.8715496829521994e-07,0.2556971396726267,0.08205040409286213,0.04102534562391521
2013-12-31 15:00:00,2.818385228730281e-07,0.23981674937906738,0.1061224264983127,0.053061354168417785
2013-12-31 16:00:00,2.580323314511308e-07,0.22743006712005187,0.10606979422661465,0.05303502612947305
2013-12-31 17:00:00,2.5664244104602323e-07,0.22269111045018522,0.10606979422661465,0.05303502543452785
2013-12-31 18:00:00,2.948191866557761e-07,0.23581980728080068,0.09748157207800126,0.04874093344859396
2013-12-31 19:00:00,3.3678438332039216e-07,0.25583627775888546,0.0796416525599425,0.039820994672162914
2013-12-31 20:00:00,4.3357264966967284e-07,0.2803159671334479,0.051982743562825354,0.025991588567737513
2013-12-31 21:00:00,5.786886945745777e-07,0.3041681373040452,0.05699911964084566,0.02849984916477012
2013-12-31 22:00:00,0.1805177846997876,0.37534809194005264,0.06075153779207956,0.12063466124593358
2013-12-31 23:00:00,0.1855673458449558,0.3755822596966656,0.0709189094005956,0.1282431276227757
