ts,mber,aer,moer,cmer
2013-01-01 00:00:00,0.022113022113022116,0.27865612648221344,0.09476965827589158,0.05844134019445685
2013-01-01 01:00:00,0.02459016393442623,0.2855579868708972,0.09265341168104799,0.05862178780773711
2013-01-01 02:00:00,0.029197080291970802,0.30606060606060603,0.09290635316992811,0.06105171673094946
2013-01-01 03:00:00,0.3202829613367484,0.3345727420227149,0.0970233500999038,0.2086531557183261
2013-01-01 04:00:00,0.3199619092965123,0.3341716857502151,0.10643310499560917,0.21319750714606073
2013-01-01 05:00:00,0.31754667985655993,0.33310359087462954,0.11809819495669387,0.2178224374066269
2013-01-01 06:00:00,0.34135912267742485,0.34137169164628556,0.12212785547237817,0.2317434890749015
2013-01-01 07:00:00,6.384743018083987e-07,1.1147718171144133e-05,0.10133849565926119,0.050669567066781496
2013-01-01 08:00:00,2.3645656407993382e-08,1.7351902054472384e-07,0.10411851071412473,0.05205926717989057
2013-01-01 09:00:00,1.6983555180173697e-08,1.2463046744083618e-07,0.1085755668855183,0.054287791934536735
2013-01-01 10:00:00,1.5225816752778388e-08,1.117316352220711e-07,0.09138089967007856,0.045690457447947655
2013-01-01 11:00:00,1.4994157001928703e-08,1.1003162957841279e-07,0.0968257854536508,0.0484129002239039
2013-01-01 12:00:00,1.683155163224056e-08,1.235149915021899e-07,0.10410156390573055,0.052050790368641096
2013-01-01 13:00:00,3.146761577191518e-08,2.0902139568686024e-07,0.11621778378370001,0.058108907625657895
2013-01-01 14:00:00,1.3817659130232443e-07,1.6783126328704752e-06,0.11584576969164466,0.057922953934117984
2013-01-01 15:00:00,0.017977528089887642,0.23178807947019867,0.11177176607071139,0.06487464708029951
2013-01-01 16:00:00,0.3413606317715515,0.34137238694320127,0.08975510698729385,0.21555786937942267
2013-01-01 17:00:00,0.34136228209606695,0.3413733330432791,0.08878413002897691,0.21507320606252192
2013-01-01 18:00:00,0.3413636197921094,0.3413741134089097,0.0883539352001908,0.2148587774961501
2013-01-01 19:00:00,0.3413641156197719,0.34137434784123877,0.1204486475802615,0.2309063816000167
2013-01-01 20:00:00,0.2348596750369276,0.3087719298245614,0.12207515515693884,0.1784674150969332
2013-01-01 21:00:00,0.024456521739130436,0.29191321499013806,0.12233686713148047,0.07339669443530546
2013-01-01 22:00:00,0.03137254901960784,0.3135048231511254,0.11999431741819608,0.07568343321890196
2013-01-01 23:00:00,0.035398230088495575,0.3271719038817006,0.10633310641640364,0.07086566825244961
2013-01-02 00:00:00,0.03619909502262444,0.3282442748091603,0.09476965827589158,0.065484376649258
2013-01-02 01:00:00,0.036036036036036036,0.3269961977186312,0.09265341168104799,0.06434472385854201
2013-01-02 02:00:00,0.03669724770642202,0.3295019157088122,0.09290635316992811,0.06480180043817507
2013-01-02 03:00:00,0.03773584905660378,0.3339805825242718,0.0970233500999038,0.06737959957825379
2013-01-02 04:00:00,0.03940886699507389,0.33992094861660077,0.10643310499560917,0.07292098599534153
2013-01-02 05:00:00,0.24085365853658533,0.31347962382445144,0.11809819495669387,0.1794759267466396
2013-01-02 06:00:00,0.3413443479006584,0.3413629615074184,0.12212785547237817,0.23173610168651826
2013-01-02 07:00:00,1.5583106873275577e-06,0.24521700486863915,0.10133849565926119,0.050670026984974255
2013-01-02 08:00:00,2.9721307755374026e-07,4.907302466551234e-06,0.10411851071412473,0.05205940396360114
2013-01-02 09:00:00,1.9465482237491977e-07,3.380202269826143e-06,0.1085755668855183,0.054287880770170334
2013-01-02 10:00:00,2.1509277823846137e-07,5.152477502586897e-06,0.09138089967007856,0.0456905573814284
2013-01-02 11:00:00,2.1180119549066787e-07,4.841388778989959e-06,0.0968257854536508,0.04841299862742314
2013-01-02 12:00:00,2.0810807079864316e-07,6.073454038258899e-06,0.10410156390573055,0.05205088600690068
2013-01-02 13:00:00,2.2061906789032136e-07,0.09055010082996028,0.11621778378370001,0.05810900220138395
2013-01-02 14:00:00,4.839345557018352e-07,0.1508667733550856,0.11584576969164466,0.05792312681310018
2013-01-02 15:00:00,0.3413649543791913,0.34137540123700033,0.11177176607071139,0.22656836022495133
2013-01-02 16:00:00,0.3413654198625533,0.3413756312337628,0.08975510698729385,0.21556026342492357
2013-01-02 17:00:00,0.3413653866397972,0.34137564634289785,0.08878413002897691,0.21507475833438705
2013-01-02 18:00:00,0.3413647349637462,0.34137529317157456,0.0883539352001908,0.2148593350819685
2013-01-02 19:00:00,0.34136615770395706,0.34137592627214214,0.1204486475802615,0.2309074026421093
2013-01-02 20:00:00,0.34136547681600254,0.34137547212273556,0.12207515515693884,0.2317203159864707
2013-01-02 21:00:00,0.30737093404953747,0.3383379888268157,0.12233686713148047,0.21485390059050896
2013-01-02 22:00:00,0.04060913705583757,0.34141414141414145,0.11999431741819608,0.08030172723701683
2013-01-02 23:00:00,0.037037037037037035,0.32871287128712867,0.10633310641640364,0.07168507172672034
2013-01-03 00:00:00,0.034482758620689655,0.3179190751445087,0.09476965827589158,0.06462620844829062
2013-01-03 01:00:00,0.03375527426160338,0.3151750972762645,0.09265341168104799,0.06320434297132568
2013-01-03 02:00:00,0.032520325203252036,0.30769230769230765,0.09290635316992811,0.06271333918659007
2013-01-03 03:00:00,0.029411764705882353,0.2949640287769784,0.0970233500999038,0.06321755740289307
2013-01-03 04:00:00,0.02702702702702703,0.28376068376068375,0.10643310499560917,0.06673006601131809
2013-01-03 05:00:00,0.024169184290030215,0.27099841521394613,0.11809819495669387,0.07113368962336204
2013-01-03 06:00:00,0.014446227929373999,0.23064516129032256,0.12212785547237817,0.06828704170087609
2013-01-03 07:00:00,7.253247686984646e-07,1.3421177117071962e-05,0.10133849565926119,0.050669610492014946
2013-01-03 08:00:00,1.000677896732668e-07,1.1964458493546293e-06,0.10411851071412473,0.052059305390957204
2013-01-03 09:00:00,4.589825817257692e-08,4.2392228777409344e-07,0.1085755668855183,0.05428780639188823
2013-01-03 10:00:00,3.986142176722624e-08,3.63121907922391e-07,0.09138089967007856,0.04569046976575016
2013-01-03 11:00:00,4.3482883604241725e-08,4.0161350039295955e-07,0.0968257854536508,0.0484129144682672
2013-01-03 12:00:00,4.789200620795341e-08,4.4233675357604265e-07,0.10410156390573055,0.05205080589886838
2013-01-03 13:00:00,8.928209716503673e-08,1.0929045544001502e-06,0.11621778378370001,0.058108936532898586
2013-01-03 14:00:00,3.371740959482089e-07,1.8257725022621663e-05,0.11584576969164466,0.057923053432870304
2013-01-03 15:00:00,0.34135980350091266,0.34137275596730077,0.11177176607071139,0.22656578478581202
2013-01-03 16:00:00,0.3413617296312575,0.3413737111284463,0.08975510698729385,0.21555841830927566
2013-01-03 17:00:00,0.34136275367343666,0.34137432699415476,0.08878413002897691,0.21507344185120678
2013-01-03 18:00:00,0.34136309502219503,0.34137448535998177,0.0883539352001908,0.21485851511119292
2013-01-03 19:00:00,0.3413628445787095,0.34137442884103913,0.1204486475802615,0.2309057460794855
2013-01-03 20:00:00,0.34136197350427844,0.3413740191554848,0.12207515515693884,0.23171856433060864
2013-01-03 21:00:00,0.3413619932101058,0.34137383535544313,0.12233686713148047,0.23184943017079312
2013-01-03 22:00:00,0.2358604091456077,0.32701754385964915,0.11999431741819608,0.1779273632819019
2013-01-03 23:00:00,0.043243243243243246,0.35073068893528186,0.10633310641640364,0.07478817482982345
2013-01-04 00:00:00,0.0449438202247191,0.35159817351598177,0.09476965827589158,0.06985673925030533
2013-01-04 01:00:00,0.04232804232804233,0.34375000000000006,0.09265341168104799,0.06749072700454516
2013-01-04 02:00:00,0.04060913705583757,0.33986928104575165,0.09290635316992811,0.06675774511288284
2013-01-04 03:00:00,0.04020100502512563,0.3376623376623377,0.0970233500999038,0.06861217756251471
2013-01-04 04:00:00,0.04060913705583757,0.34061135371179047,0.10643310499560917,0.07352112102572336
2013-01-04 05:00:00,0.028846153846153848,0.29569892473118276,0.11809819495669387,0.07347217440142385
2013-01-04 06:00:00,0.34135867606798415,0.34137158935235623,0.12212785547237817,0.23174326577018117
2013-01-04 07:00:00,7.650392044340312e-07,0.18978389925851952,0.10133849565926119,0.05066963034923281
2013-01-04 08:00:00,2.0466865577310924e-07,4.505728101060892e-06,0.10411851071412473,0.05205935769139025
2013-01-04 09:00:00,1.2698312263688943e-07,1.4184143815540472e-06,0.1085755668855183,0.05428784693432047
2013-01-04 10:00:00,1.9865968285173593e-07,2.2405910955075012e-06,0.09138089967007856,0.04569054916488071
2013-01-04 11:00:00,1.7804092565715478e-07,2.220430602893634e-06,0.0968257854536508,0.048412981747288225
2013-01-04 12:00:00,2.26028089471298e-07,2.681018106545332e-06,0.10410156390573055,0.05205089496691001
2013-01-04 13:00:00,1.1153128509009492e-07,1.682757426008521e-06,0.11621778378370001,0.058108947657492555
2013-01-04 14:00:00,2.1705649208732615e-07,0.08946665935489505,0.11584576969164466,0.05792299337406837
2013-01-04 15:00:00,0.341362196539306,0.34137361722570414,0.11177176607071139,0.22656698130500869
2013-01-04 16:00:00,0.34136340240439356,0.34137428215601623,0.08975510698729385,0.2155592546958437
2013-01-04 17:00:00,0.34136396098158384,0.34137459764726935,0.08878413002897691,0.21507404550528036
2013-01-04 18:00:00,0.3413642092386996,0.3413747220655232,0.0883539352001908,0.2148590722194452
2013-01-04 19:00:00,0.341365656074941,0.341375466776522,0.1204486475802615,0.23090715182760124
2013-01-04 20:00:00,0.3337895267593459,0.33993945509586276,0.12207515515693884,0.22793234095814238
2013-01-04 21:00:00,0.0410958904109589,0.3374233128834355,0.12233686713148047,0.08171637877121968
2013-01-04 22:00:00,0.03272727272727272,0.3187919463087248,0.11999431741819608,0.0763607950727344
2013-01-04 23:00:00,0.0365296803652968,0.335016835016835,0.10633310641640364,0.07143139339085022
2013-01-05 00:00:00,0.03703703703703704,0.3321678321678322,0.09476965827589158,0.06590334765646431
2013-01-05 01:00:00,0.03636363636363636,0.3316062176165803,0.09265341168104799,0.06450852402234217
2013-01-05 02:00:00,0.03636363636363636,0.3304647160068847,0.09290635316992811,0.06463499476678224
2013-01-05 03:00:00,0.03703703703703704,0.33390705679862304,0.0970233500999038,0.06703019356847043
2013-01-05 04:00:00,0.031578947368421054,0.31584948688711517,0.10643310499560917,0.06900602618201511
2013-01-05 05:00:00,0.26913875598086123,0.3244158482898747,0.11809819495669387,0.19361847546877756
2013-01-05 06:00:00,0.3251341096428104,0.33751433486238536,0.12212785547237817,0.22363098255759428
2013-01-05 07:00:00,7.256464582728292e-07,0.18525864145443222,0.10133849565926119,0.05066961065285973
2013-01-05 08:00:00,9.705721342636433e-08,2.4395979493460057e-06,0.10411851071412473,0.05205930388566908
2013-01-05 09:00:00,6.074424824862184e-08,1.0663623948558032e-06,0.1085755668855183,0.05428781381488327
2013-01-05 10:00:00,4.533911824210809e-08,7.701125166223838e-07,0.09138089967007856,0.0456904725045984
2013-01-05 11:00:00,4.8832801730297544e-08,8.757928398504501e-07,0.0968257854536508,0.048412917143226264
2013-01-05 12:00:00,6.26130953927179e-08,1.1229354964580418e-06,0.10410156390573055,0.05205081325941297
2013-01-05 13:00:00,8.41596371979032e-08,1.693039699768478e-06,0.11621778378370001,0.05810893397166861
2013-01-05 14:00:00,2.0223353911120251e-07,0.0008291223772649075,0.11584576969164466,0.057922985962591884
2013-01-05 15:00:00,0.3413665742718052,0.3413759813642784,0.11177176607071139,0.2265691701712583
2013-01-05 16:00:00,0.3413675651273219,0.34137654196736267,0.08975510698729385,0.21556133605730787
2013-01-05 17:00:00,0.3413681857842247,0.3413768938998558,0.08878413002897691,0.21507615790660078
2013-01-05 18:00:00,0.341368340948803,0.3413769642864415,0.0883539352001908,0.2148611380744969
2013-01-05 19:00:00,0.34136852714648314,0.34137705226971443,0.1204486475802615,0.23090858736337233
2013-01-05 20:00:00,0.3413681215271676,0.34137692411775694,0.12207515515693884,0.23172163834205323
2013-01-05 21:00:00,0.3413650054841787,0.341377950925156,0.12233686713148047,0.23185093630782957
2013-01-05 22:00:00,0.34137079733964615,0.34137837379764097,0.11999431741819608,0.23068255737892113
2013-01-05 23:00:00,0.341372087172438,0.3413787831016779,0.10633310641640364,0.22385259679442082
2013-01-06 00:00:00,0.3413719195657584,0.3413787198284471,0.09476965827589158,0.218070788920825
2013-01-06 01:00:00,0.341371794771383,0.3413786836783354,0.09265341168104799,0.21701260322621552
2013-01-06 02:00:00,0.3413716577306433,0.34137857396468796,0.09290635316992811,0.21713900545028572
2013-01-06 03:00:00,0.34137145144524716,0.341378447642793,0.0970233500999038,0.2191974007725755
2013-01-06 04:00:00,0.341371441150372,0.3413784946569774,0.10643310499560917,0.22390227307299057
2013-01-06 05:00:00,0.34136985693641303,0.34137773351775724,0.11809819495669387,0.22973402594655346
2013-01-06 06:00:00,0.3413665231606807,0.34137604410361283,0.12212785547237817,0.23174718931652943
2013-01-06 07:00:00,8.16685057204251e-07,0.19517154742610485,0.10133849565926119,0.0506696561721592
2013-01-06 08:00:00,1.4294397621755303e-07,1.8582923747156238e-06,0.10411851071412473,0.05205932682905047
2013-01-06 09:00:00,1.367580715069664e-07,6.448137182768953e-06,0.1085755668855183,0.0542878518217949
2013-01-06 10:00:00,1.0025196437597686e-07,7.644144055890328e-06,0.09138089967007856,0.04569049996102147
2013-01-06 11:00:00,7.468519071834356e-08,3.6099059194646426e-05,0.0968257854536508,0.048412930069420754
2013-01-06 12:00:00,8.874164437024635e-08,2.4850744705709774e-06,0.10410156390573055,0.05205082632368746
2013-01-06 13:00:00,1.0946353290815874e-07,1.6307851349593114e-06,0.11621778378370001,0.05810894662361646
2013-01-06 14:00:00,2.2577824066219458e-07,0.09209789515735631,0.11584576969164466,0.05792299773494266
2013-01-06 15:00:00,0.3413689594170277,0.34137741682425615,0.11177176607071139,0.22657036274386955
2013-01-06 16:00:00,0.3413667476826095,0.34137638041850543,0.08975510698729385,0.21556092733495166
2013-01-06 17:00:00,0.3413663687209242,0.34137621334426366,0.08878413002897691,0.21507524937495054
2013-01-06 18:00:00,0.34136658594778807,0.34137633651934945,0.0883539352001908,0.21486026057398944
2013-01-06 19:00:00,0.3413705132677104,0.3413782639553943,0.1204486475802615,0.23090958042398596
2013-01-06 20:00:00,0.34137077687853323,0.34137837060044296,0.12207515515693884,0.23172296601773604
2013-01-06 21:00:00,0.34137053080321156,0.34137823231397746,0.12233686713148047,0.231853698967346
2013-01-06 22:00:00,0.3408150798498996,0.34141317691992906,0.11999431741819608,0.23040469863404783
2013-01-06 23:00:00,0.3407964649265613,0.34140675444260404,0.10633310641640364,0.22356478567148247
2013-01-07 00:00:00,0.3413733845259466,0.34137968734869356,0.09476965827589158,0.2180715214009191
2013-01-07 01:00:00,0.3413734601110936,0.34137958634796256,0.09265341168104799,0.2170134358960708
2013-01-07 02:00:00,0.3413736797446729,0.3413796692740989,0.09290635316992811,0.21714001645730052
2013-01-07 03:00:00,0.34137394952821754,0.34137985043797514,0.0970233500999038,0.21919864981406068
2013-01-07 04:00:00,0.34137434882752554,0.3413800686409822,0.10643310499560917,0.22390372691156735
2013-01-07 05:00:00,0.3413682197180436,0.3413774113316739,0.11809819495669387,0.22973320733736874
2013-01-07 06:00:00,0.341358223501177,0.3413729854801743,0.12212785547237817,0.2317430394867776
2013-01-07 07:00:00,1.4063129644668185e-06,0.22296690579045314,0.10133849565926119,0.05066995098611283
2013-01-07 08:00:00,2.2419076661360072e-07,0.09162500618761081,0.10411851071412473,0.05205936745244567
2013-01-07 09:00:00,2.2552862217573328e-07,9.501270947131227e-05,0.1085755668855183,0.05428789620707024
2013-01-07 10:00:00,2.688266871062567e-07,1.6007946108637223e-05,0.09138089967007856,0.045690584248382834
2013-01-07 11:00:00,2.7275274618071904e-07,1.614970621222835e-05,0.0968257854536508,0.04841302910319849
2013-01-07 12:00:00,3.064084510446792e-07,2.9926126658583853e-05,0.10410156390573055,0.0520509351570908
2013-01-07 13:00:00,4.0860678434360456e-07,0.13679095337832398,0.11621778378370001,0.058109096195242176
2013-01-07 14:00:00,9.724491540373076e-07,0.20102166665538562,0.11584576969164466,0.05792337107039935
2013-01-07 15:00:00,0.3413558122732656,0.34137814741074773,0.11177176607071139,0.2265637891719885
2013-01-07 16:00:00,0.3413558122732656,0.3413790325419706,0.08975510698729385,0.21555545963027972
2013-01-07 17:00:00,0.3413558433034824,0.34137886280306545,0.08878413002897691,0.21506998666622965
2013-01-07 18:00:00,0.34135593639416656,0.34137804805510324,0.0883539352001908,0.21485493579717868
2013-01-07 19:00:00,0.3413680561451839,0.34137869553382144,0.1204486475802615,0.23090835186272268
2013-01-07 20:00:00,0.34137323393092595,0.34138043564712467,0.12207515515693884,0.2317241945439324
2013-01-07 21:00:00,0.3413731850197998,0.34138024315109833,0.12233686713148047,0.23185502607564012
2013-01-07 22:00:00,0.34137234930742727,0.34137970262787326,0.11999431741819608,0.23068333336281166
2013-01-07 23:00:00,0.34137281227946203,0.3413797575531522,0.10633310641640364,0.22385295934793284
2013-01-08 00:00:00,0.3413748886333551,0.3413804117739411,0.09476965827589158,0.21807227345462332
2013-01-08 01:00:00,0.34137465191574834,0.3413802309645396,0.09265341168104799,0.21701403179839818
2013-01-08 02:00:00,0.341374569721454,0.34138027722138886,0.09290635316992811,0.21714046144569107
2013-01-08 03:00:00,0.3413744752271555,0.3413802115927257,0.0970233500999038,0.21919891266352967
2013-01-08 04:00:00,0.3413745063701203,0.34138019843075473,0.10643310499560917,0.22390380568286472
2013-01-08 05:00:00,0.3413683106248204,0.34137754712818574,0.11809819495669387,0.22973325279075715
2013-01-08 06:00:00,0.34136061945193175,0.34137385246538343,0.12212785547237817,0.23174423746215495
2013-01-08 07:00:00,1.0273730184928172e-06,0.20553918252446504,0.10133849565926119,0.05066976151613984
2013-01-08 08:00:00,2.05361912835779e-07,0.031132532889610234,0.10411851071412473,0.05205935803801878
2013-01-08 09:00:00,2.481207746065921e-07,0.0985716287618549,0.1085755668855183,0.05428790750314645
2013-01-08 10:00:00,2.9514717054541425e-07,0.11116938863381141,0.09138089967007856,0.04569059740862456
2013-01-08 11:00:00,2.791173342284936e-07,0.10702703719604818,0.0968257854536508,0.04841303228549251
2013-01-08 12:00:00,2.641291563400727e-07,0.10300524026909955,0.10410156390573055,0.052050914017443446
2013-01-08 13:00:00,4.2395047139264895e-07,0.13121864833329333,0.11621778378370001,0.058109103867085704
2013-01-08 14:00:00,9.53950063957582e-07,0.1994311966641478,0.11584576969164466,0.05792336182085431
2013-01-08 15:00:00,0.3413563043815392,0.34138189907713784,0.11177176607071139,0.22656403522612528
2013-01-08 16:00:00,0.34135639747242524,0.3413836202699756,0.08975510698729385,0.21555575222985954
2013-01-08 17:00:00,0.3413569271765137,0.3413815368544856,0.08878413002897691,0.2150705286027453
2013-01-08 18:00:00,0.3413567720245424,0.3413818411384262,0.0883539352001908,0.2148553536123666
2013-01-08 19:00:00,0.3413577693762846,0.3413782186783313,0.1204486475802615,0.23090320847827306
2013-01-08 20:00:00,0.34137272204718966,0.34138071505672907,0.12207515515693884,0.23172393860206425
2013-01-08 21:00:00,0.3413743599142116,0.34138094204717606,0.12233686713148047,0.23185561352284603
2013-01-08 22:00:00,0.34137377465897817,0.3413805271891438,0.11999431741819608,0.2306840460385871
2013-01-08 23:00:00,0.34137318721246324,0.34138024688417984,0.10633310641640364,0.22385314681443344
2013-01-09 00:00:00,0.3413747799076503,0.3413805874652735,0.09476965827589158,0.21807221909177094
2013-01-09 01:00:00,0.3413745582817217,0.3413804253579276,0.09265341168104799,0.21701398498138486
2013-01-09 02:00:00,0.3413745228613808,0.34138043797739503,0.09290635316992811,0.21714043801565447
2013-01-09 03:00:00,0.34137455608864914,0.3413804580633199,0.0970233500999038,0.21919895309427648
2013-01-09 04:00:00,0.34137359031489184,0.3413801144679586,0.10643310499560917,0.2239033476552505
2013-01-09 05:00:00,0.34136991337373185,0.34137862069889785,0.11809819495669387,0.22973405416521286
2013-01-09 06:00:00,0.341360018915337,0.34137422360288455,0.12212785547237817,0.2317439371938576
2013-01-09 07:00:00,8.504464418596541e-07,0.1898256806964357,0.10133849565926119,0.05066967305285153
2013-01-09 08:00:00,1.5867977160585753e-07,0.06466623999913763,0.10411851071412473,0.052059334696948165
2013-01-09 09:00:00,9.445201658098854e-08,4.2792716399269795e-05,0.1085755668855183,0.05428783066876744
2013-01-09 10:00:00,8.013817673751856e-08,3.984952263333595e-05,0.09138089967007856,0.04569048990412765
2013-01-09 11:00:00,9.383141243403419e-08,4.1150607710591956e-05,0.0968257854536508,0.04841293964253161
2013-01-09 12:00:00,1.7195702188734315e-07,0.06898366058429417,0.10410156390573055,0.05205086793137622
2013-01-09 13:00:00,2.771173302028682e-07,0.09894361676839654,0.11621778378370001,0.05810903045051511
2013-01-09 14:00:00,6.52137733576172e-07,0.16724634267992666,0.11584576969164466,0.05792321091468912
2013-01-09 15:00:00,0.34136548703812186,0.34137700236721014,0.11177176607071139,0.22656862655441662
2013-01-09 16:00:00,0.34136383577653107,0.3413763879247122,0.08975510698729385,0.21555947138191245
2013-01-09 17:00:00,0.34136458273013814,0.341376743580932,0.08878413002897691,0.21507435637955752
2013-01-09 18:00:00,0.341364148284331,0.34137648088085837,0.0883539352001908,0.2148590417422609
2013-01-09 19:00:00,0.3413672580659237,0.34137775260991954,0.1204486475802615,0.23090795282309262
2013-01-09 20:00:00,0.34136838180970774,0.34137820620537324,0.12207515515693884,0.2317217684833233
2013-01-09 21:00:00,0.34136988014905484,0.3413786848647629,0.12233686713148047,0.23185337364026765
2013-01-09 22:00:00,0.34137299628875695,0.3413798782425505,0.11999431741819608,0.23068365685347653
2013-01-09 23:00:00,0.34137401063132683,0.34138015624809115,0.10633310641640364,0.22385355852386524
2013-01-10 00:00:00,0.3413739190546209,0.3413800172549709,0.09476965827589158,0.21807178866525623
2013-01-10 01:00:00,0.3413741427381251,0.3413800738026402,0.09265341168104799,0.21701377720958653
2013-01-10 02:00:00,0.34137398756186726,0.3413800034115092,0.09290635316992811,0.2171401703658977
2013-01-10 03:00:00,0.34137404743934346,0.34138000216711734,0.0970233500999038,0.21919869876962364
2013-01-10 04:00:00,0.34137408571957945,0.34138006313151825,0.10643310499560917,0.2239035953575943
2013-01-10 05:00:00,0.3413687140503044,0.3413777758831876,0.11809819495669387,0.22973345450349913
2013-01-10 06:00:00,0.3413630132503309,0.3413750941405228,0.12212785547237817,0.23174543436135453
2013-01-10 07:00:00,1.168386863172201e-06,0.21590956361899405,0.10133849565926119,0.05066983202306218
2013-01-10 08:00:00,2.953708447414169e-07,0.10348531065893962,0.10411851071412473,0.052059403042484735
2013-01-10 09:00:00,1.7893206899668296e-07,0.07731405864420483,0.1085755668855183,0.054287872908793645
2013-01-10 10:00:00,1.2752504730081121e-07,0.058936139299221806,0.09138089967007856,0.04569051359756293
2013-01-10 11:00:00,1.0374151975032784e-07,4.498007018045853e-05,0.0968257854536508,0.04841294459758527
2013-01-10 12:00:00,1.0531886849667253e-07,4.339030971008247e-05,0.10410156390573055,0.05205083461229953
2013-01-10 13:00:00,1.5515732875557148e-07,6.249349762092252e-05,0.11621778378370001,0.05810896947051438
2013-01-10 14:00:00,4.168439295477069e-07,0.12985587838804824,0.11584576969164466,0.05792309326778711
2013-01-10 15:00:00,0.3413638156949801,0.3413757000589882,0.11177176607071139,0.22656779088284573
2013-01-10 16:00:00,0.34136384453671126,0.34137578306555255,0.08975510698729385,0.21555947576200254
2013-01-10 17:00:00,0.3413640329175535,0.34137588988658335,0.08878413002897691,0.2150740814732652
2013-01-10 18:00:00,0.3413641880767039,0.34137596151521665,0.0883539352001908,0.21485906163844734
2013-01-10 19:00:00,0.3413671116678614,0.3413772998970794,0.1204486475802615,0.23090787962406145
2013-01-10 20:00:00,0.3413708264834554,0.34137890579857083,0.12207515515693884,0.23172299082019712
2013-01-10 21:00:00,0.3413727567898573,0.3413796619262612,0.12233686713148047,0.23185481196066887
2013-01-10 22:00:00,0.34137197656569956,0.34137919943158956,0.11999431741819608,0.2306831469919478
2013-01-10 23:00:00,0.34137234862858046,0.3413792895484958,0.10633310641640364,0.22385272752249205
2013-01-11 00:00:00,0.3413742858220996,0.34138008123123015,0.09476965827589158,0.2180719720489956
2013-01-11 01:00:00,0.34137419535302616,0.34138002299550185,0.09265341168104799,0.21701380351703708
2013-01-11 02:00:00,0.34137421094117293,0.3413799920233823,0.09290635316992811,0.21714028205555053
2013-01-11 03:00:00,0.34137431729340195,0.341380087224153,0.0970233500999038,0.21919883369665288
2013-01-11 04:00:00,0.34137319025264395,0.3413796142943963,0.10643310499560917,0.22390314762412655
2013-01-11 05:00:00,0.34136787616767333,0.34137721528226395,0.11809819495669387,0.2297330355621836
2013-01-11 06:00:00,0.3413679050091016,0.3413772303909971,0.12212785547237817,0.2317478802407399
2013-01-11 07:00:00,1.2615372310544547e-06,0.22193304450486623,0.10133849565926119,0.05066987859824612
2013-01-11 08:00:00,2.5642391043557283e-07,0.10090437143841735,0.10411851071412473,0.052059383569017584
2013-01-11 09:00:00,1.635330226593537e-07,0.07205002191903823,0.1085755668855183,0.05428786520927048
2013-01-11 10:00:00,1.3604395368519644e-07,0.00024309904590160642,0.09138089967007856,0.045690517857016125
2013-01-11 11:00:00,9.752301193624237e-08,8.850433536784477e-05,0.0968257854536508,0.04841294148833136
2013-01-11 12:00:00,8.510928997404621e-08,0.04173083575775104,0.10410156390573055,0.052050824507510265
2013-01-11 13:00:00,1.0126647111811045e-07,0.021881511677778524,0.11621778378370001,0.05810894252508556
2013-01-11 14:00:00,2.0248419352702177e-07,0.07841714241600148,0.11584576969164466,0.05792298608791909
2013-01-11 15:00:00,0.3413588021429652,0.3413746878793828,0.11177176607071139,0.2265652841068383
2013-01-11 16:00:00,0.34135624888473404,0.3413754680065906,0.08975510698729385,0.21555567793601393
2013-01-11 17:00:00,0.3413604467832277,0.34137541553275125,0.08878413002897691,0.2150722884061023
2013-01-11 18:00:00,0.34136026059674207,0.3413754293980554,0.0883539352001908,0.21485709789846644
2013-01-11 19:00:00,0.3413632129530148,0.34137644214093976,0.1204486475802615,0.23090593026663814
2013-01-11 20:00:00,0.3413677213613398,0.34137809956269977,0.12207515515693884,0.23172143825913932
2013-01-11 21:00:00,0.34137296778482656,0.34137998293206784,0.12233686713148047,0.2318549174581535
2013-01-11 22:00:00,0.3413718483884698,0.3413794336996327,0.11999431741819608,0.23068308290333295
2013-01-11 23:00:00,0.3413712985578771,0.34137910931554744,0.10633310641640364,0.22385220248714038
2013-01-12 00:00:00,0.3413734984009003,0.34137980537393103,0.09476965827589158,0.21807157833839594
2013-01-12 01:00:00,0.3413729529433797,0.34137950231317415,0.09265341168104799,0.21701318231221384
2013-01-12 02:00:00,0.34137229026681515,0.34137915552630216,0.09290635316992811,0.21713932171837164
2013-01-12 03:00:00,0.34137161629114793,0.3413787431508955,0.0970233500999038,0.21919748319552587
2013-01-12 04:00:00,0.34137098903956037,0.34137838499030454,0.10643310499560917,0.22390204701758476
2013-01-12 05:00:00,0.34137119359611223,0.34137840470260633,0.11809819495669387,0.22973469427640306
2013-01-12 06:00:00,0.3413638704463526,0.34137466840794156,0.12212785547237817,0.2317458629593654
2013-01-12 07:00:00,5.904786111260736e-07,0.16773637567911295,0.10133849565926119,0.05066954306893616
2013-01-12 08:00:00,8.083761711327325e-08,0.03972355095207478,0.10411851071412473,0.05205929577587092
2013-01-12 09:00:00,3.9106280047903845e-08,4.028937047277621e-07,0.1085755668855183,0.05428780299589917
2013-01-12 10:00:00,3.5900207761682354e-08,3.6986302068522795e-07,0.09138089967007856,0.045690467785143164
2013-01-12 11:00:00,3.804635179429829e-08,3.919736747179228e-07,0.0968257854536508,0.04841291175000129
2013-01-12 12:00:00,5.076924361217568e-08,5.450748550197236e-07,0.10410156390573055,0.052050807337487084
2013-01-12 13:00:00,8.70586500522488e-08,1.4374373367161025e-06,0.11621778378370001,0.05810893542117503
2013-01-12 14:00:00,2.021453370169305e-07,0.07501578211458265,0.11584576969164466,0.057922985918490835
2013-01-12 15:00:00,0.23391863063877466,0.26559699425731764,0.11177176607071139,0.17284519835474302
2013-01-12 16:00:00,0.3413605241692498,0.3413738663313921,0.08975510698729385,0.2155578155782718
2013-01-12 17:00:00,0.34136095860617943,0.341374146624683,0.08878413002897691,0.21507254431757816
2013-01-12 18:00:00,0.3413626386812594,0.34137493080089526,0.0883539352001908,0.2148582869407251
2013-01-12 19:00:00,0.3413644118703702,0.341375769015033,0.1204486475802615,0.23090652972531583
2013-01-12 20:00:00,0.34136958516162746,0.34137815163128726,0.12207515515693884,0.23172237015928315
2013-01-12 21:00:00,0.34136843694697394,0.34137755085998533,0.12233686713148047,0.2318526520392272
2013-01-12 22:00:00,0.34137165492783295,0.3413789075724854,0.11999431741819608,0.23068298617301453
2013-01-12 23:00:00,0.34137306510610893,0.3413795064035821,0.10633310641640364,0.2238530857612563
2013-01-13 00:00:00,0.3412987667011918,0.34138794044836673,0.09476965827589158,0.21803421248854168
2013-01-13 01:00:00,0.341373245683688,0.3413795563643531,0.09265341168104799,0.217013328682368
2013-01-13 02:00:00,0.34137293407002123,0.3413792872150284,0.09290635316992811,0.21713964361997468
2013-01-13 03:00:00,0.34137274753595265,0.341379149664166,0.0970233500999038,0.21919804881792823
2013-01-13 04:00:00,0.34137255560283886,0.3413790603416626,0.10643310499560917,0.223902830299224
2013-01-13 05:00:00,0.3413723508668303,0.34137901343478816,0.11809819495669387,0.2297352729117621
2013-01-13 06:00:00,0.3413720973663925,0.3413788374578471,0.12212785547237817,0.23174997641938533
2013-01-13 07:00:00,0.3413716774131783,0.34137861208592507,0.10133849565926119,0.22135508653621974
2013-01-13 08:00:00,5.053979590570375e-07,0.15450707284317075,0.10411851071412473,0.05205950805604189
2013-01-13 09:00:00,3.4433626716760197e-07,7.289988359834523e-06,0.1085755668855183,0.05428795561089273
2013-01-13 10:00:00,3.4367661191681846e-07,9.971846058003155e-06,0.09138089967007856,0.04569062167334524
2013-01-13 11:00:00,2.967317666489518e-07,8.409533046661697e-06,0.0968257854536508,0.04841304109270872
2013-01-13 12:00:00,3.686431784709763e-07,5.885212978023158e-05,0.10410156390573055,0.05205096627445451
2013-01-13 13:00:00,5.252488585320987e-07,0.1577935091991122,0.11621778378370001,0.05810915451627927
2013-01-13 14:00:00,1.0418333117635252e-06,0.21516979863883498,0.11584576969164466,0.05792340576247821
2013-01-13 15:00:00,0.34136837269021747,0.3413774968264628,0.11177176607071139,0.22657006938046442
2013-01-13 16:00:00,0.34136335678870333,0.34137517074302215,0.08975510698729385,0.21555923188799858
2013-01-13 17:00:00,0.3413626719025542,0.34137488298645025,0.08878413002897691,0.21507340096576555
2013-01-13 18:00:00,0.3413626719025542,0.3413748829864502,0.0883539352001908,0.2148583035513725
2013-01-13 19:00:00,0.3413678385615525,0.3413772757171496,0.1204486475802615,0.23090824307090702
2013-01-13 20:00:00,0.34137129383024956,0.3413788298990619,0.12207515515693884,0.2317232244935942
2013-01-13 21:00:00,0.3413716903458626,0.34137893014596743,0.12233686713148047,0.23185427873867154
2013-01-13 22:00:00,0.34137103425881116,0.34137858958574585,0.11999431741819608,0.2306826758385036
2013-01-13 23:00:00,0.3413732611428877,0.3413794671447446,0.10633310641640364,0.22385318377964566
2013-01-14 00:00:00,0.3413732503705601,0.34137947284693454,0.09476965827589158,0.21807145432322583
2013-01-14 01:00:00,0.3413733043513447,0.3413795377390501,0.09265341168104799,0.21701335801619637
2013-01-14 02:00:00,0.34137345919871237,0.3413795588012529,0.09290635316992811,0.21713990618432025
2013-01-14 03:00:00,0.3413737428825612,0.3413797245712806,0.0970233500999038,0.21919854649123252
2013-01-14 04:00:00,0.3413737600190551,0.34137978423480186,0.10643310499560917,0.22390343250733213
2013-01-14 05:00:00,0.34137076222516294,0.3413788517644149,0.11809819495669387,0.2297344785909284
2013-01-14 06:00:00,0.341355510722265,0.341373228855566,0.12212785547237817,0.23174168309732157
2013-01-14 07:00:00,0.2330507059788036,0.2649026767153118,0.10133849565926119,0.1671946008190324
2013-01-14 08:00:00,5.301932883255785e-07,0.1496841572491455,0.10411851071412473,0.05205952045370653
2013-01-14 09:00:00,5.188413608295734e-07,0.14786742291084048,0.1085755668855183,0.054288042863439565
2013-01-14 10:00:00,5.548899342522015e-07,0.15352104027398938,0.09138089967007856,0.04569072728000641
2013-01-14 11:00:00,5.076882532158117e-07,0.14604864967974482,0.0968257854536508,0.048413146570952005
2013-01-14 12:00:00,5.673415402312949e-07,0.15539782684810852,0.10410156390573055,0.052051065623635394
2013-01-14 13:00:00,7.080904288124828e-07,0.1742697498595186,0.11621778378370001,0.058109245937064416
2013-01-14 14:00:00,1.2494510224570082e-06,0.22118303093210778,0.11584576969164466,0.057923509571333555
2013-01-14 15:00:00,0.34135705348633677,0.3413786815093824,0.11177176607071139,0.22656440977852407
2013-01-14 16:00:00,0.34135714657768096,0.34137941449895554,0.08975510698729385,0.2155561267824874
2013-01-14 17:00:00,0.3413572396690759,0.3413795012348361,0.08878413002897691,0.2150706848490264
2013-01-14 18:00:00,0.3413574258520182,0.3413788926613312,0.0883539352001908,0.21485568052610451
2013-01-14 19:00:00,0.3413608746515073,0.34137705376356053,0.1204486475802615,0.23090476111588437
2013-01-14 20:00:00,0.34137444862956134,0.3413809886154206,0.12207515515693884,0.2317248018932501
2013-01-14 21:00:00,0.3413742091312551,0.3413807383514422,0.12233686713148047,0.23185553813136778
2013-01-14 22:00:00,0.3413736194905758,0.3413804555573751,0.11999431741819608,0.23068396845438593
2013-01-14 23:00:00,0.3413730298519335,0.3413801551670574,0.10633310641640364,0.22385306813416858
2013-01-15 00:00:00,0.3413753463139019,0.3413807735889302,0.09476965827589158,0.21807250229489672
2013-01-15 01:00:00,0.341375288959484,0.3413808141108282,0.09265341168104799,0.217014350320266
2013-01-15 02:00:00,0.3413752867661865,0.34138079526900944,0.09290635316992811,0.2171408199680573
2013-01-15 03:00:00,0.3413754196781232,0.3413808919671737,0.0970233500999038,0.2191993848890135
2013-01-15 04:00:00,0.34137336902871124,0.3413803298908109,0.10643310499560917,0.2239032370121602
2013-01-15 05:00:00,0.3413680959426199,0.3413783119642535,0.11809819495669387,0.2297331454496569
2013-01-15 06:00:00,0.34135516064001664,0.34137738687463404,0.12212785547237817,0.23174150805619742
2013-01-15 07:00:00,1.0038145866852755e-06,0.1957427940956458,0.10133849565926119,0.05066974973692394
2013-01-15 08:00:00,3.4038368934460516e-07,0.11399001658761498,0.10411851071412473,0.05205942554890704
2013-01-15 09:00:00,3.0212367565597397e-07,0.10512267858485524,0.1085755668855183,0.05428793450459698
2013-01-15 10:00:00,3.7167181363988723e-07,0.1207615241715674,0.09138089967007856,0.045690635670946105
2013-01-15 11:00:00,3.5080952982507197e-07,0.1162921326710733,0.0968257854536508,0.04841306813159031
2013-01-15 12:00:00,5.092624657266359e-07,0.14630739252720368,0.10410156390573055,0.05205103658409814
2013-01-15 13:00:00,4.691871651411202e-07,0.13949909517221215,0.11621778378370001,0.05810912648543258
2013-01-15 14:00:00,7.411887481618518e-07,0.17816479985933706,0.11584576969164466,0.057923255440196414
2013-01-15 15:00:00,0.34135723091629805,0.34142606240681367,0.11177176607071139,0.2265644984935047
2013-01-15 16:00:00,0.3413580066790314,0.34149414090734775,0.08975510698729385,0.2155565568331626
2013-01-15 17:00:00,0.3413585031690311,0.34149985381526693,0.08878413002897691,0.215071316599004
2013-01-15 18:00:00,0.3413585031690311,0.341479407813849,0.0883539352001908,0.21485621918461095
2013-01-15 19:00:00,0.3413581308013959,0.3414816993154824,0.1204486475802615,0.2309033891908287
2013-01-15 20:00:00,0.34136552500658385,0.34138379205878144,0.12207515515693884,0.23172034008176134
2013-01-15 21:00:00,0.3413703127657603,0.3413821830175565,0.12233686713148047,0.23185358994862038
2013-01-15 22:00:00,0.34137305245179234,0.3413817498790609,0.11999431741819608,0.2306836849349942
2013-01-15 23:00:00,0.34137569437215937,0.3413816471681744,0.10633310641640364,0.2238544003942815
2013-01-16 00:00:00,0.34137545048671153,0.3413814937739316,0.09476965827589158,0.21807255438130155
2013-01-16 01:00:00,0.3413753263507596,0.3413814573354943,0.09265341168104799,0.21701436901590382
2013-01-16 02:00:00,0.3413753263507596,0.3413814573354943,0.09290635316992811,0.21714083976034387
2013-01-16 03:00:00,0.3413753573847392,0.3413814925293737,0.0970233500999038,0.2191993537423215
2013-01-16 04:00:00,0.3413752887370351,0.3413814662205583,0.10643310499560917,0.22390419686632212
2013-01-16 05:00:00,0.3413655337686314,0.3413788444852772,0.11809819495669387,0.22973186436266263
2013-01-16 06:00:00,0.34135894854232274,0.3413779506454359,0.12212785547237817,0.23174340200735044
2013-01-16 07:00:00,2.2211425001735268e-06,0.24976694909581448,0.10133849565926119,0.05067035840088068
2013-01-16 08:00:00,8.620626824585057e-07,0.1829088572232404,0.10411851071412473,0.052059686388403595
2013-01-16 09:00:00,5.406256671658624e-07,0.15132482783248558,0.1085755668855183,0.05428805375559273
2013-01-16 10:00:00,5.74935949521878e-07,0.14848491126080485,0.09138089967007856,0.04569073730301404
2013-01-16 11:00:00,5.485973298890198e-07,0.15255903394208364,0.0968257854536508,0.04841316702549034
2013-01-16 12:00:00,6.355801855589064e-07,0.16505314185943565,0.10410156390573055,0.05205109974295806
2013-01-16 13:00:00,7.326791485442365e-07,0.16905057407897256,0.11621778378370001,0.05810925823142428
2013-01-16 14:00:00,9.807375128264864e-07,0.19379615248212426,0.11584576969164466,0.05792337521457874
2013-01-16 15:00:00,0.34135636425417293,0.341409158499406,0.11177176607071139,0.22656406516244215
2013-01-16 16:00:00,0.3413568607395272,0.3414052171005162,0.08975510698729385,0.21555598386341052
2013-01-16 17:00:00,0.34135714220134156,0.34140140894652904,0.08878413002897691,0.21507063611515922
2013-01-16 18:00:00,0.3413568917699098,0.3414034129934888,0.0883539352001908,0.2148554134850503
2013-01-16 19:00:00,0.3413631045293219,0.3413813973617078,0.1204486475802615,0.23090587605479168
2013-01-16 20:00:00,0.3413677060234659,0.3413805012141446,0.12207515515693884,0.23172143059020237
2013-01-16 21:00:00,0.3413736596299645,0.3413809612370368,0.12233686713148047,0.2318552633807225
2013-01-16 22:00:00,0.3413747677400933,0.34138107269228224,0.11999431741819608,0.23068454257914467
2013-01-16 23:00:00,0.3413743621072019,0.3413808929899479,0.10633310641640364,0.22385373426180277
2013-01-17 00:00:00,0.3413740828032924,0.3413807861642725,0.09476965827589158,0.21807187053959198
2013-01-17 01:00:00,0.34137389440807964,0.3413806780942681,0.09265341168104799,0.21701365304456383
2013-01-17 02:00:00,0.3413739232489144,0.3413807107990991,0.09290635316992811,0.21714013820942127
2013-01-17 03:00:00,0.34137398750920445,0.3413807308848171,0.0970233500999038,0.21919866880455413
2013-01-17 04:00:00,0.3413741780974843,0.3413807383514422,0.10643310499560917,0.22390364154654674
2013-01-17 05:00:00,0.3413703945583773,0.3413794292551884,0.11809819495669387,0.2297342947575356
2013-01-17 06:00:00,0.3413579621250514,0.3413749420578107,0.12212785547237817,0.2317429087987148
2013-01-17 07:00:00,0.3413646426036467,0.3413769975744991,0.10133849565926119,0.22135156913145393
2013-01-17 08:00:00,6.222243350195199e-07,0.1632426698006336,0.10411851071412473,0.05205956646922987
2013-01-17 09:00:00,3.858816999385445e-07,0.12370550899136631,0.1085755668855183,0.05428797638360912
2013-01-17 10:00:00,2.956117470787278e-07,0.10354410803830917,0.09138089967007856,0.04569059764091282
2013-01-17 11:00:00,3.376281319862646e-07,0.11337368689896526,0.0968257854536508,0.04841306154089139
2013-01-17 12:00:00,4.082544143529188e-07,0.12818465110383445,0.10410156390573055,0.052050986080072456
2013-01-17 13:00:00,5.061087067854652e-07,0.1457882382547414,0.11621778378370001,0.0581091449462034
2013-01-17 14:00:00,8.134831248620128e-07,0.1860714243470947,0.11584576969164466,0.05792329158738476
2013-01-17 15:00:00,0.34135574802506846,0.3413800006741909,0.11177176607071139,0.22656375704788992
2013-01-17 16:00:00,0.34135565274675844,0.34138234678930984,0.08975510698729385,0.21555537986702614
2013-01-17 17:00:00,0.3413563375997728,0.3413807775620103,0.08878413002897691,0.21507023381437484
2013-01-17 18:00:00,0.3413561514180672,0.3413800420874844,0.0883539352001908,0.214855043309129
2013-01-17 19:00:00,0.34135602948490146,0.34137818509055656,0.1204486475802615,0.23090233853258146
2013-01-17 20:00:00,0.3413719173731086,0.34137997084159183,0.12207515515693884,0.23172353626502373
2013-01-17 21:00:00,0.34137064939818085,0.3413792204064852,0.12233686713148047,0.23185375826483065
2013-01-17 22:00:00,0.34137169541410645,0.34137931301099755,0.11999431741819608,0.23068300641615125
2013-01-17 23:00:00,0.34137400542709667,0.34137985179279867,0.10633310641640364,0.22385355592175016
2013-01-18 00:00:00,0.341373828269011,0.34137979915832367,0.09476965827589158,0.2180717432724513
2013-01-18 01:00:00,0.34137372755218676,0.3413797050988384,0.09265341168104799,0.21701356961661739
2013-01-18 02:00:00,0.3413735456716199,0.3413796195688187,0.09290635316992811,0.21713994942077403
2013-01-18 03:00:00,0.34137367018471004,0.34137970918713084,0.0970233500999038,0.21919851014230693
2013-01-18 04:00:00,0.3413740788174088,0.3413799273635592,0.10643310499560917,0.22390359190650896
2013-01-18 05:00:00,0.3413698312335441,0.34137832386523254,0.11809819495669387,0.22973401309511898
2013-01-18 06:00:00,0.34136527857560184,0.34137630952523934,0.12212785547237817,0.23174656702399
2013-01-18 07:00:00,0.3413654315454749,0.341376446564533,0.10133849565926119,0.22135196360236803
2013-01-18 08:00:00,6.470225864585548e-07,0.1665738576454487,0.10411851071412473,0.05205957886835559
2013-01-18 09:00:00,5.06249139376463e-07,0.14581160209120142,0.1085755668855183,0.054288036567328835
2013-01-18 10:00:00,4.272746317522904e-07,0.1318502621527997,0.09138089967007856,0.04569066347235516
2013-01-18 11:00:00,3.6715455877825066e-07,0.11980899003809171,0.0968257854536508,0.04841307630410479
2013-01-18 12:00:00,3.752393933519738e-07,0.12150819616308467,0.10410156390573055,0.05205096957256195
2013-01-18 13:00:00,4.445870284443224e-07,0.13507869512739495,0.11621778378370001,0.05810911418536423
2013-01-18 14:00:00,6.163360865888103e-07,0.16243284302719968,0.11584576969164466,0.05792319301386562
2013-01-18 15:00:00,0.34136558013433865,0.3413770891049924,0.11177176607071139,0.22656867310252501
2013-01-18 16:00:00,0.34136417712599915,0.3413765814832857,0.08975510698729385,0.2155596420566465
2013-01-18 17:00:00,0.3413640219670654,0.3413764419571371,0.08878413002897691,0.21507407599802114
2013-01-18 18:00:00,0.3413639000300805,0.3413763740596911,0.0883539352001908,0.21485891761513565
2013-01-18 19:00:00,0.341364525046855,0.34137650842715134,0.1204486475802615,0.23090658631355826
2013-01-18 20:00:00,0.34137193710387537,0.34137958336048085,0.12207515515693884,0.2317235461304071
2013-01-18 21:00:00,0.3413715380553911,0.34137930927836,0.12233686713148047,0.23185420259343578
2013-01-18 22:00:00,0.3413701415635195,0.3413786029230596,0.11999431741819608,0.23068222949085782
2013-01-18 23:00:00,0.34137458554936595,0.34138029212082704,0.10633310641640364,0.2238538459828848
2013-01-19 00:00:00,0.34137407561556077,0.34138001781546157,0.09476965827589158,0.21807186694572617
2013-01-19 01:00:00,0.3413736819300618,0.3413798352532922,0.09265341168104799,0.2170135468055549
2013-01-19 02:00:00,0.341373228712964,0.3413796215876752,0.09290635316992811,0.21713979094144606
2013-01-19 03:00:00,0.3413729804365142,0.34137948080842995,0.0970233500999038,0.219198165268209
2013-01-19 04:00:00,0.3413728541057848,0.34137942552768796,0.10643310499560917,0.22390297955069696
2013-01-19 05:00:00,0.341372763194917,0.34137939157718855,0.11809819495669387,0.22973547907580544
2013-01-19 06:00:00,0.3413685607243777,0.3413773819945288,0.12212785547237817,0.23174820809837793
2013-01-19 07:00:00,6.602273470862113e-07,0.17728542289238294,0.10133849565926119,0.05066957794330414
2013-01-19 08:00:00,2.201750993852051e-07,0.09040800443149345,0.10411851071412473,0.05205936544461206
2013-01-19 09:00:00,2.1719606921449883e-07,0.08949434325389467,0.1085755668855183,0.054287892040793755
2013-01-19 10:00:00,2.1979163069613826e-07,0.0902966685499943,0.09138089967007856,0.04569055973085463
2013-01-19 11:00:00,1.844782576692685e-07,8.238848191599269e-05,0.0968257854536508,0.04841298496595423
2013-01-19 12:00:00,1.9816388827317413e-07,8.587606875098698e-05,0.10410156390573055,0.05205088103480941
2013-01-19 13:00:00,2.1364198047825037e-07,8.595380592769225e-05,0.11621778378370001,0.05810899871284025
2013-01-19 14:00:00,3.4055874110418e-07,0.12216469470530389,0.11584576969164466,0.057923055125192885
2013-01-19 15:00:00,0.3413668210620629,0.34137668490054984,0.11177176607071139,0.22656929356638714
2013-01-19 16:00:00,0.34136784513506224,0.34137714614015646,0.08975510698729385,0.21556147606117804
2013-01-19 17:00:00,0.3413678451350623,0.3413772140383837,0.08878413002897691,0.2150759875820196
2013-01-19 18:00:00,0.341368000298174,0.3413772680717659,0.0883539352001908,0.2148609677491824
2013-01-19 19:00:00,0.3413676279069429,0.34137710845944563,0.1204486475802615,0.2309081377436022
2013-01-19 20:00:00,0.3413675059677902,0.3413769726629972,0.12207515515693884,0.23172133056236452
2013-01-19 21:00:00,0.34136961146160977,0.3413779577075653,0.12233686713148047,0.2318532392965451
2013-01-19 22:00:00,0.3413736777691709,0.34137970900419556,0.11999431741819608,0.23068399759368347
2013-01-19 23:00:00,0.3413734422412138,0.3413795512844809,0.10633310641640364,0.22385327432880872
2013-01-20 00:00:00,0.341373233032382,0.3413794172127471,0.09476965827589158,0.21807144565413678
2013-01-20 01:00:00,0.34137299902278784,0.34137936440518,0.09265341168104799,0.21701320535191793
2013-01-20 02:00:00,0.3413726685514186,0.34137918946172385,0.09290635316992811,0.21713951086067337
2013-01-20 03:00:00,0.34137229934616825,0.3413790040691699,0.0970233500999038,0.21919782472303603
2013-01-20 04:00:00,0.34137246851520037,0.34137907410092805,0.10643310499560917,0.22390278675540476
2013-01-20 05:00:00,0.3413726462852621,0.34137920190540516,0.11809819495669387,0.229735420620978
2013-01-20 06:00:00,0.3413706279415199,0.3413782381742419,0.12212785547237817,0.23174924170694905
2013-01-20 07:00:00,1.5290234127462791e-06,0.2438978452428366,0.10133849565926119,0.050670012341336966
2013-01-20 08:00:00,4.572575460450728e-07,0.14610896216414418,0.10411851071412473,0.05205948398583539
2013-01-20 09:00:00,3.8300284443445804e-07,0.131522936311832,0.1085755668855183,0.05428797494418137
2013-01-20 10:00:00,4.075718702046622e-07,0.13657951843659227,0.09138089967007856,0.04569065362097438
2013-01-20 11:00:00,4.5555425413266166e-07,0.14579403546729042,0.0968257854536508,0.04841312050395247
2013-01-20 12:00:00,3.0580856872891283e-07,0.11385268175039877,0.10410156390573055,0.05205093485714964
2013-01-20 13:00:00,2.4224501047951916e-07,0.09690735386159746,0.11621778378370001,0.05810901301435525
2013-01-20 14:00:00,3.622648217029152e-07,0.00016752118761252131,0.11584576969164466,0.05792306597823318
2013-01-20 15:00:00,0.2222500986921733,0.2561127437782799,0.11177176607071139,0.16701093238144235
2013-01-20 16:00:00,0.34136722229302824,0.3413768948141062,0.08975510698729385,0.21556116464016103
2013-01-20 17:00:00,0.34136774984611784,0.3413771939541357,0.08878413002897691,0.21507593993754737
2013-01-20 18:00:00,0.3413678429438911,0.34137724674360703,0.0883539352001908,0.21486088907204096
2013-01-20 19:00:00,0.3413675946832752,0.3413771575172931,0.1204486475802615,0.23090812113176834
2013-01-20 20:00:00,0.341367596874377,0.34137710845944563,0.12207515515693884,0.23172137601565793
2013-01-20 21:00:00,0.3413727072016273,0.34137946871805225,0.12233686713148047,0.2318547871665539
2013-01-20 22:00:00,0.34137240344011316,0.34137926501914323,0.11999431741819608,0.2306833604291546
2013-01-20 23:00:00,0.3413723676819347,0.3413792244923481,0.10633310641640364,0.22385273704916916
2013-01-21 00:00:00,0.3413735700389494,0.34137973472061506,0.09476965827589158,0.2180716141574205
2013-01-21 01:00:00,0.3413736532658589,0.341380184519799,0.09265341168104799,0.21701353247345345
2013-01-21 02:00:00,0.3413736730560782,0.3413801516247837,0.09290635316992811,0.21714001311300316
2013-01-21 03:00:00,0.3413738540994307,0.3413803375960192,0.0970233500999038,0.21919860209966727
2013-01-21 04:00:00,0.3413740286719528,0.3413800081199694,0.10643310499560917,0.223903566833781
2013-01-21 05:00:00,0.3413684102969128,0.3413774703408584,0.11809819495669387,0.22973330262680333
2013-01-21 06:00:00,0.34136771881353806,0.3413772103067452,0.12212785547237817,0.23174778714295813
2013-01-21 07:00:00,1.6036877119674232e-06,0.23983654897255,0.10133849565926119,0.05067004967348658
2013-01-21 08:00:00,8.043129835982084e-07,0.185110825612838,0.10411851071412473,0.05205965751355417
2013-01-21 09:00:00,5.423739109470852e-07,0.15159590040572482,0.1085755668855183,0.05428805462971462
2013-01-21 10:00:00,3.461846033243723e-07,0.12344941591483191,0.09138089967007856,0.04569062292734095
2013-01-21 11:00:00,3.0447250831455227e-07,0.1135209017978845,0.0968257854536508,0.048413044963079556
2013-01-21 12:00:00,3.0193448417563045e-07,0.11289007046772974,0.10410156390573055,0.052050932920107366
2013-01-21 13:00:00,4.4447842235050855e-07,0.14374626284729167,0.11621778378370001,0.05810911413106118
2013-01-21 14:00:00,9.874480540608063e-07,0.20228435769861,0.11584576969164466,0.05792337856984936
2013-01-21 15:00:00,0.3413687607758562,0.3413781004461114,0.11177176607071139,0.2265702634232838
2013-01-21 16:00:00,0.3413662694136511,0.3413770071599473,0.08975510698729385,0.21556068820047247
2013-01-21 17:00:00,0.3413642479502427,0.341376182804323,0.08878413002897691,0.2150741889896098
2013-01-21 18:00:00,0.341363999695649,0.3413760244381166,0.0883539352001908,0.2148589674479199
2013-01-21 19:00:00,0.34136599012380203,0.34137684879268915,0.1204486475802615,0.23090731885203175
2013-01-21 20:00:00,0.3413706647418549,0.3413788794928881,0.12207515515693884,0.23172290994939687
2013-01-21 21:00:00,0.34137004627268147,0.3413785300483551,0.12233686713148047,0.23185345670208096
2013-01-21 22:00:00,0.34137387924862783,0.34138000730013124,0.11999431741819608,0.23068409833341197
2013-01-21 23:00:00,0.3413736642012153,0.3413799042054932,0.10633310641640364,0.22385338530880947
2013-01-22 00:00:00,0.34137422647119575,0.34138005856222353,0.09476965827589158,0.21807194237354366
2013-01-22 01:00:00,0.34137403838932906,0.3413799659427543,0.09265341168104799,0.2170137250351885
2013-01-22 02:00:00,0.34137401054539385,0.3413799719787885,0.09290635316992811,0.21714018185766099
2013-01-22 03:00:00,0.3413740748115075,0.3413799933107029,0.0970233500999038,0.21919871245570566
2013-01-22 04:00:00,0.34137271192482266,0.34137947404989333,0.10643310499560917,0.2239029084602159
2013-01-22 05:00:00,0.3413681843028277,0.34137747425425086,0.11809819495669387,0.2297331896297608
2013-01-22 06:00:00,0.3413628602819404,0.3413749910504971,0.12212785547237817,0.23174535787715927
2013-01-22 07:00:00,1.4526104717526822e-06,0.23263926064872384,0.10133849565926119,0.05066997413486647
2013-01-22 08:00:00,4.1278439124621905e-07,0.13762804378859889,0.10411851071412473,0.05205946174925799
2013-01-22 09:00:00,3.7045174779546227e-07,0.12883567981643868,0.1085755668855183,0.054287968668633044
2013-01-22 10:00:00,3.613169569500481e-07,0.1268391295413305,0.09138089967007856,0.04569063049351776
2013-01-22 11:00:00,3.6929917480099393e-07,0.1285868430115677,0.0968257854536508,0.048413077376412796
2013-01-22 12:00:00,4.330235082207829e-07,0.1415734201899804,0.10410156390573055,0.052050998464619386
2013-01-22 13:00:00,5.266135571043066e-07,0.1580139308269609,0.11621778378370001,0.05810915519862856
2013-01-22 14:00:00,9.047181594848028e-07,0.19501808596220738,0.11584576969164466,0.05792333720490207
2013-01-22 15:00:00,0.34136679258064756,0.34137770995337935,0.11177176607071139,0.22656927932567947
2013-01-22 16:00:00,0.34135811727831117,0.3413749797366551,0.08975510698729385,0.2155566121328025
2013-01-22 17:00:00,0.34135845861597924,0.3413750374984923,0.08878413002897691,0.21507129432247807
2013-01-22 18:00:00,0.34135833449311187,0.34137494951879516,0.0883539352001908,0.21485613484665134
2013-01-22 19:00:00,0.34136417712599915,0.3413766996818955,0.1204486475802615,0.2309064123531303
2013-01-22 20:00:00,0.34137327592789896,0.34138027710036206,0.12207515515693884,0.2317242155424189
2013-01-22 21:00:00,0.3413724690563198,0.34137981958382263,0.12233686713148047,0.23185466809390012
2013-01-22 22:00:00,0.3413715070221143,0.34137934198335707,0.11999431741819608,0.2306829122201552
2013-01-22 23:00:00,0.3413750958386326,0.3413805843904545,0.10633310641640364,0.22385410112751813
2013-01-23 00:00:00,0.3413750640309582,0.34138054977377597,0.09476965827589158,0.21807236115342488
2013-01-23 01:00:00,0.34137500305709584,0.34138051807911385,0.09265341168104799,0.2170142073690719
2013-01-23 02:00:00,0.34137504067418545,0.34138054190061756,0.09290635316992811,0.2171406969220568
2013-01-23 03:00:00,0.3413753021307005,0.34138066242820225,0.0970233500999038,0.21919932611530216
2013-01-23 04:00:00,0.3413733599222115,0.341380113399661,0.10643310499560917,0.22390323245891033
2013-01-23 05:00:00,0.34136579954963453,0.34137706137540985,0.11809819495669387,0.2297319972531642
2013-01-23 06:00:00,0.34135485033934393,0.3413775000947115,0.12212785547237817,0.23174135290586106
2013-01-23 07:00:00,7.237900171985668e-07,0.16801087598222453,0.10133849565926119,0.05066960972463919
2013-01-23 08:00:00,2.750971471187907e-07,0.09843030239969136,0.10411851071412473,0.05205939290563592
2013-01-23 09:00:00,2.3717611789339647e-07,0.09544818403435135,0.1085755668855183,0.0542879020308181
2013-01-23 10:00:00,1.7310255557072875e-07,0.07535437137389515,0.09138089967007856,0.045690536386317065
2013-01-23 11:00:00,1.4172038341599412e-07,0.06426438585351331,0.0968257854536508,0.048412963587017105
2013-01-23 12:00:00,1.7338032530926623e-07,0.0754485030690371,0.10410156390573055,0.05205086864302793
2013-01-23 13:00:00,2.2941108362485938e-07,0.08621196547493803,0.11621778378370001,0.05810900659739182
2013-01-23 14:00:00,2.6989542928581866e-07,0.09709872269835973,0.11584576969164466,0.05792301979353697
2013-01-23 15:00:00,1.0389206030502549e-06,0.18457481072996307,0.11177176607071139,0.05588640249565722
2013-01-23 16:00:00,0.34135651721769755,0.3414405722693835,0.08975510698729385,0.2155558121024957
2013-01-23 17:00:00,0.3413572020740461,0.3414069771481333,0.08878413002897691,0.21507066605151148
2013-01-23 18:00:00,0.3413572331044907,0.341408306008687,0.0883539352001908,0.21485558415234074
2013-01-23 19:00:00,0.3413611783954054,0.3413835225628295,0.1204486475802615,0.23090491298783344
2013-01-23 20:00:00,0.34136270111978206,0.34138123650599633,0.12207515515693884,0.23171892813836045
2013-01-23 21:00:00,0.3413719951266403,0.341381386743361,0.12233686713148047,0.23185443112906037
2013-01-23 22:00:00,0.34137532196424075,0.34138146995421664,0.11999431741819608,0.2306848196912184
2013-01-23 23:00:00,0.3413751401470011,0.34138133540150634,0.10633310641640364,0.22385412328170237
2013-01-24 00:00:00,0.34137482980785483,0.3413811418354084,0.09476965827589158,0.2180722440418732
2013-01-24 01:00:00,0.34137476774009323,0.34138110664159593,0.09265341168104799,0.21701408971057062
2013-01-24 02:00:00,0.34137473670622104,0.34138108904469244,0.09290635316992811,0.21714054493807458
2013-01-24 03:00:00,0.34137489187563896,0.34138117702922804,0.0970233500999038,0.2191991209877714
2013-01-24 04:00:00,0.3413750138181014,0.3413812285754551,0.10643310499560917,0.2239040594068553
2013-01-24 05:00:00,0.3413601941565764,0.3413764805557149,0.11809819495669387,0.22972919455663515
2013-01-24 06:00:00,0.3413577693762846,0.34137668728327636,0.12212785547237817,0.23174281242433137
2013-01-24 07:00:00,1.5050644735414452e-06,0.22816020495863304,0.10133849565926119,0.05067000036186736
2013-01-24 08:00:00,5.043873375979955e-07,0.1455047106275439,0.10411851071412473,0.05205950755073117
2013-01-24 09:00:00,4.2356315729060205e-07,0.13114573316442546,0.1085755668855183,0.05428799522433779
2013-01-24 10:00:00,3.9583386441043485e-07,0.12572184668831332,0.09138089967007856,0.045690647751971486
2013-01-24 11:00:00,4.0805750346338807e-07,0.12814688828989546,0.0968257854536508,0.04841309675557713
2013-01-24 12:00:00,4.2505205825083426e-07,0.1314290276309101,0.10410156390573055,0.0520509944788944
2013-01-24 13:00:00,5.649007717900304e-07,0.1550338289510051,0.11621778378370001,0.0581091743422359
2013-01-24 14:00:00,9.90259020071362e-07,0.20251929521992276,0.11584576969164466,0.05792337997533237
2013-01-24 15:00:00,0.34135888210343746,0.34138056837339775,0.11177176607071139,0.22656532408707442
2013-01-24 16:00:00,0.3413581662089073,0.3413818484333515,0.08975510698729385,0.21555663659810056
2013-01-24 17:00:00,0.3413584476732971,0.3413817012690924,0.08878413002897691,0.215071288851137
2013-01-24 18:00:00,0.3413575145670182,0.34138285814957875,0.0883539352001908,0.2148557248836045
2013-01-24 19:00:00,0.34135642850273185,0.3413860555933282,0.1204486475802615,0.23090253804149669
2013-01-24 20:00:00,0.34136786118558343,0.34138004477416833,0.12207515515693884,0.23172150817126114
2013-01-24 21:00:00,0.3413718775706898,0.341380301621622,0.12233686713148047,0.23185437235108514
2013-01-24 22:00:00,0.3413713854242356,0.3413798880118678,0.11999431741819608,0.23068285142121586
2013-01-24 23:00:00,0.34137327154252595,0.3413801866276154,0.10633310641640364,0.2238531889794648
2013-01-25 00:00:00,0.3413735950352442,0.3413801901847828,0.09476965827589158,0.2180716266555679
2013-01-25 01:00:00,0.34137332011769705,0.3413799676475527,0.09265341168104799,0.21701336589937253
2013-01-25 02:00:00,0.3413733489586415,0.3413800179494096,0.09290635316992811,0.21713985106428482
2013-01-25 03:00:00,0.34137325805040186,0.34137995005071886,0.0970233500999038,0.21919830407515284
2013-01-25 04:00:00,0.34137221201934587,0.3413796525031347,0.10643310499560917,0.2239026585074775
2013-01-25 05:00:00,0.34136504820901575,0.3413766152485681,0.11809819495669387,0.22973162158285482
2013-01-25 06:00:00,0.34135597398793643,0.34137362734220217,0.12212785547237817,0.23174191473015732
2013-01-25 07:00:00,6.242186980852205e-07,0.15541957135690673,0.10133849565926119,0.05066955993897964
2013-01-25 08:00:00,1.612430263600422e-07,0.0655106235848382,0.10411851071412473,0.052059335978575545
2013-01-25 09:00:00,1.1649655408370644e-07,0.05465741172619427,0.1085755668855183,0.05428784169103619
2013-01-25 10:00:00,1.0182180247805758e-07,0.048714633527800984,0.09138089967007856,0.04569050074594052
2013-01-25 11:00:00,9.649802967642507e-08,0.04652062894628597,0.0968257854536508,0.04841294097584024
2013-01-25 12:00:00,1.0285955741178199e-07,0.04914117479852106,0.10410156390573055,0.052050833382643984
2013-01-25 13:00:00,1.2090728179419527e-07,0.0563488447191235,0.11621778378370001,0.058108952345490905
2013-01-25 14:00:00,2.1859773574716533e-07,0.08313777897753268,0.11584576969164466,0.0579229941446902
2013-01-25 15:00:00,1.1282991184147669e-06,0.2131260330498061,0.11177176607071139,0.0558864471849149
2013-01-25 16:00:00,0.341354229739691,0.34137668801639665,0.08975510698729385,0.2155546683634924
2013-01-25 17:00:00,0.34135528694809547,0.34137464970747794,0.08878413002897691,0.21506970848853618
2013-01-25 18:00:00,0.34135494561704305,0.3413748647746492,0.0883539352001908,0.21485444040861693
2013-01-25 19:00:00,0.34136272082732183,0.3413755859619838,0.1204486475802615,0.23090568420379165
2013-01-25 20:00:00,0.34137187942180863,0.3413794173471335,0.12207515515693884,0.23172351728937374
2013-01-25 21:00:00,0.34137051396023477,0.34137871099113987,0.12233686713148047,0.2318536905458576
2013-01-25 22:00:00,0.34137115654419176,0.34137881372523043,0.11999431741819608,0.2306827369811939
2013-01-25 23:00:00,0.34137360523243193,0.34137967327123925,0.10633310641640364,0.2238533558244178
2013-01-26 00:00:00,0.3413726096999706,0.34137912849911695,0.09476965827589158,0.21807113398793107
2013-01-26 01:00:00,0.3413723676779912,0.34137898512487497,0.09265341168104799,0.2170128896795196
2013-01-26 02:00:00,0.3413718703297881,0.3413786874152656,0.09290635316992811,0.21713911174985812
2013-01-26 03:00:00,0.3413712060893413,0.34137830802256164,0.0970233500999038,0.21919727809462256
2013-01-26 04:00:00,0.3413702498529394,0.3413777991344168,0.10643310499560917,0.22390167742427428
2013-01-26 05:00:00,0.34136490728019697,0.34137507505080356,0.11809819495669387,0.22973155111844543
2013-01-26 06:00:00,0.3413625068577145,0.3413738107850812,0.12212785547237817,0.23174518116504633
2013-01-26 07:00:00,3.901718316746695e-07,0.13302433949649806,0.10133849565926119,0.05066944291554643
2013-01-26 08:00:00,1.2975830180639127e-07,2.21633342431382e-06,0.10411851071412473,0.05205932023621327
2013-01-26 09:00:00,1.028994505542351e-07,1.161951796634767e-06,0.1085755668855183,0.05428783489248443
2013-01-26 10:00:00,6.902492628137873e-08,8.009583294242948e-07,0.09138089967007856,0.04569048434750242
2013-01-26 11:00:00,6.422154097642577e-08,7.173616336165858e-07,0.0968257854536508,0.048412924837595885
2013-01-26 12:00:00,6.594451581054152e-08,7.437589665417669e-07,0.10410156390573055,0.05205081492512318
2013-01-26 13:00:00,7.744994592555418e-08,9.911131087173137e-07,0.11621778378370001,0.05810893061682297
2013-01-26 14:00:00,1.4227327872718914e-07,2.26808870608334e-06,0.11584576969164466,0.057922955982461694
2013-01-26 15:00:00,6.954780020307957e-07,0.1817138042237157,0.11177176607071139,0.05588623077435671
2013-01-26 16:00:00,0.34135958847200926,0.34137263403834367,0.08975510698729385,0.21555734772965154
2013-01-26 17:00:00,0.34136064572179137,0.34137320084139977,0.08878413002897691,0.21507238787538413
2013-01-26 18:00:00,0.341361208664731,0.34137347099922233,0.0883539352001908,0.2148575719324609
2013-01-26 19:00:00,0.3413668469928549,0.34137630326164126,0.1204486475802615,0.23090774728655822
2013-01-26 20:00:00,0.3413661332435901,0.3413758985412261,0.12207515515693884,0.23172064420026448
2013-01-26 21:00:00,0.34136898649879,0.3413772742303423,0.12233686713148047,0.23185292681513522
2013-01-26 22:00:00,0.3413699409677605,0.34137735673106273,0.11999431741819608,0.2306821291929783
2013-01-26 23:00:00,0.03169014084507042,0.32381801962533446,0.10633310641640364,0.06901162363073704
2013-01-27 00:00:00,0.03260869565217391,0.31907514450867047,0.09476965827589158,0.06368917696403274
2013-01-27 01:00:00,0.04081632653061225,0.3459244532803181,0.09265341168104799,0.06673486910583012
2013-01-27 02:00:00,0.039603960396039604,0.34246575342465757,0.09290635316992811,0.06625515678298385
2013-01-27 03:00:00,0.03738317757009346,0.33208255159474676,0.0970233500999038,0.06720326383499864
2013-01-27 04:00:00,0.035398230088495575,0.3285714285714285,0.10643310499560917,0.07091566754205236
2013-01-27 05:00:00,0.030769230769230774,0.31345565749235466,0.11809819495669387,0.07443371286296233
2013-01-27 06:00:00,0.028662420382165606,0.2974025974025974,0.12212785547237817,0.07539513792727189
2013-01-27 07:00:00,4.688728227011342e-07,7.875038007069026e-06,0.10133849565926119,0.05066948226604195
2013-01-27 08:00:00,1.0181602109709409e-07,1.0931290161104582e-06,0.10411851071412473,0.052059306265072915
2013-01-27 09:00:00,8.983349003288445e-08,1.2701424994181213e-06,0.1085755668855183,0.054287828359504166
2013-01-27 10:00:00,9.097762646873144e-08,0.04423618233352197,0.09138089967007856,0.04569049532385252
2013-01-27 11:00:00,7.654900223138643e-08,0.03800182712739062,0.0968257854536508,0.048412931001326515
2013-01-27 12:00:00,8.215519737512318e-08,0.04045490058999531,0.10410156390573055,0.05205082303046397
2013-01-27 13:00:00,1.104680899972728e-07,4.756084641685945e-05,0.11621778378370001,0.058108947125895004
2013-01-27 14:00:00,1.60888574727132e-07,2.3816449918143168e-06,0.11584576969164466,0.05792296529010969
2013-01-27 15:00:00,8.645960871263083e-07,2.0637595222812376e-05,0.11177176607071139,0.05588631533339926
2013-01-27 16:00:00,0.34136558378614584,0.34137569521580396,0.08975510698729385,0.21556034538671984
2013-01-27 17:00:00,0.34136401027562535,0.3413749967075389,0.08878413002897691,0.21507407015230112
2013-01-27 18:00:00,0.3413637598300863,0.34137483585386613,0.0883539352001908,0.21485884751513856
2013-01-27 19:00:00,0.3413713465752518,0.34137854299293896,0.1204486475802615,0.23090999707775667
2013-01-27 20:00:00,0.34136929033281455,0.34137841357038395,0.12207515515693884,0.2317222227448767
2013-01-27 21:00:00,0.3313459342889763,0.3408384556944541,0.12233686713148047,0.22684140071022837
2013-01-27 22:00:00,0.26349206349206344,0.3390634262003556,0.11999431741819608,0.19174319045512977
2013-01-27 23:00:00,0.24803149606299213,0.3398203592814371,0.10633310641640364,0.1771823012396979
2013-01-28 00:00:00,0.24331926863572437,0.3408541498791297,0.09476965827589158,0.16904446345580798
2013-01-28 01:00:00,0.04128440366972477,0.34486071085494713,0.09265341168104799,0.06696890767538638
2013-01-28 02:00:00,0.2503382949932341,0.3428132205995388,0.09290635316992811,0.17162232408158112
2013-01-28 03:00:00,0.26340882002383786,0.344,0.0970233500999038,0.18021608506187084
2013-01-28 04:00:00,0.34137178578191657,0.3413788613467326,0.10643310499560917,0.22390244538876286
2013-01-28 05:00:00,0.34136696710106107,0.3413765060813867,0.11809819495669387,0.22973258102887748
2013-01-28 06:00:00,0.3413638065635792,0.3413750598182433,0.12212785547237817,0.2317458310179787
2013-01-28 07:00:00,7.553169022701501e-07,0.179772872668238,0.10133849565926119,0.05066962548808173
2013-01-28 08:00:00,2.0892103012553044e-07,0.08697261322443291,0.10411851071412473,0.05205935981757743
2013-01-28 09:00:00,2.0434320585745714e-07,5.636104256484178e-06,0.1085755668855183,0.054287885614362076
2013-01-28 10:00:00,2.5409632209972556e-07,7.672739404150489e-06,0.09138089967007856,0.04569057688320033
2013-01-28 11:00:00,2.8009807042617824e-07,1.0017106808653487e-05,0.0968257854536508,0.048413032775860614
2013-01-28 12:00:00,3.481527248521163e-07,0.00015175647998701876,0.10410156390573055,0.052050956029227706
2013-01-28 13:00:00,4.3178934897536627e-07,0.14134138820335793,0.11621778378370001,0.05810910778652449
2013-01-28 14:00:00,6.343108507561081e-07,0.16488208565441145,0.11584576969164466,0.05792320200124771
2013-01-28 15:00:00,1.6784121952087375e-06,0.24305600359715318,0.11177176607071139,0.0558867222414533
2013-01-28 16:00:00,0.341364196837289,0.3413756822773553,0.08975510698729385,0.21555965191229143
2013-01-28 17:00:00,0.34136684114003,0.34137684345152136,0.08878413002897691,0.21507548558450346
2013-01-28 18:00:00,0.34136659288113563,0.3413767366292499,0.0883539352001908,0.21486026404066322
2013-01-28 19:00:00,0.3413657550100328,0.3413763130723562,0.1204486475802615,0.23090720129514714
2013-01-28 20:00:00,0.3413619315251686,0.34137438015906973,0.12207515515693884,0.2317185433410537
2013-01-28 21:00:00,0.3413662756237814,0.3413761945041085,0.12233686713148047,0.23185157137763093
2013-01-28 22:00:00,0.0430622009569378,0.34682080924855485,0.11999431741819608,0.08152825918756694
2013-01-28 23:00:00,0.044444444444444446,0.3555133079847909,0.10633310641640364,0.07538877543042405
2013-01-29 00:00:00,0.0449438202247191,0.3557894736842105,0.09476965827589158,0.06985673925030533
2013-01-29 01:00:00,0.0427807486631016,0.3504098360655738,0.09265341168104799,0.0677170801720748
2013-01-29 02:00:00,0.041884816753926704,0.34685598377281945,0.09290635316992811,0.06739558496192741
2013-01-29 03:00:00,0.04166666666666667,0.34623217922606925,0.0970233500999038,0.06934500838328524
2013-01-29 04:00:00,0.03539823008849558,0.33001658374792703,0.10643310499560917,0.07091566754205238
2013-01-29 05:00:00,0.3242933537051184,0.33693982968030156,0.11809819495669387,0.22119577433090615
2013-01-29 06:00:00,0.3413570771596785,0.3413712288490247,0.12212785547237817,0.23174246631602835
2013-01-29 07:00:00,3.16593487840805e-07,0.00012917370339459363,0.10133849565926119,0.050669406126374515
2013-01-29 08:00:00,1.4388780866115757e-07,2.5395925551434632e-06,0.10411851071412473,0.0520593273009667
2013-01-29 09:00:00,1.209145706062876e-07,1.675171258724143e-06,0.1085755668855183,0.05428784390004445
2013-01-29 10:00:00,7.887956857766523e-08,1.055386843776647e-06,0.09138089967007856,0.04569048927482357
2013-01-29 11:00:00,8.674899268967322e-08,1.1359821506582003e-06,0.0968257854536508,0.04841293610132174
2013-01-29 12:00:00,1.0657954286408728e-07,1.3956637435433487e-06,0.10410156390573055,0.052050835242636706
2013-01-29 13:00:00,1.3479544151471796e-07,1.790733203814717e-06,0.11621778378370001,0.058108959289570765
2013-01-29 14:00:00,2.7821705158923144e-07,6.406450117232169e-06,0.11584576969164466,0.057923023954348125
2013-01-29 15:00:00,1.3520023221991884e-06,0.22725347890896375,0.11177176607071139,0.05588655903651679
2013-01-29 16:00:00,0.34136137733840066,0.34137388106230426,0.08975510698729385,0.21555824216284725
2013-01-29 17:00:00,0.3413623393139761,0.3413743925933502,0.08878413002897691,0.2150732346714765
2013-01-29 18:00:00,0.341362150935153,0.3413743021257725,0.0883539352001908,0.2148580430676719
2013-01-29 19:00:00,0.3413625565350177,0.3413744642214211,0.1204486475802615,0.2309056020576396
2013-01-29 20:00:00,0.34136466194804177,0.34137545048123835,0.12207515515693884,0.2317199085524903
2013-01-29 21:00:00,0.3328920447707306,0.34134897360703814,0.12233686713148047,0.22761445595110552
2013-01-29 22:00:00,0.3308923243829672,0.34081542537533116,0.11999431741819608,0.2254433209005816
2013-01-29 23:00:00,0.3300334448160535,0.3403171831805616,0.10633310641640364,0.21818327561622858
2013-01-30 00:00:00,0.3285537019164484,0.3397204688908927,0.09476965827589158,0.21166168009616998
2013-01-30 01:00:00,0.3279045909207489,0.33907925162917807,0.09265341168104799,0.21027900130089844
2013-01-30 02:00:00,0.3257397224404294,0.33794934347420535,0.09290635316992811,0.20932303780517877
2013-01-30 03:00:00,0.3238177981879111,0.336631636413266,0.0970233500999038,0.21042057414390747
2013-01-30 04:00:00,0.035398230088495575,0.32447817836812143,0.10643310499560917,0.07091566754205236
2013-01-30 05:00:00,0.03088803088803089,0.30465949820788535,0.11809819495669387,0.07449311292236238
2013-01-30 06:00:00,0.026402640264026403,0.28260869565217395,0.12212785547237817,0.0742652478682023
2013-01-30 07:00:00,7.111477115133304e-07,1.1539301680601442e-05,0.10133849565926119,0.05066960340348635
2013-01-30 08:00:00,1.9571621247049888e-07,2.8972030030772007e-06,0.10411851071412473,0.0520593532151686
2013-01-30 09:00:00,1.1216604343207005e-07,1.216414136659068e-06,0.1085755668855183,0.05428783952578086
2013-01-30 10:00:00,9.271254619419169e-08,9.35064627946934e-07,0.09138089967007856,0.04569049619131238
2013-01-30 11:00:00,9.987434095775954e-08,1.0072957674255018e-06,0.0968257854536508,0.04841294266399588
2013-01-30 12:00:00,1.034024777331258e-07,1.0653067222704443e-06,0.10410156390573055,0.052050833654104144
2013-01-30 13:00:00,1.2556314087721395e-07,1.3702129035618066e-06,0.11621778378370001,0.05810895467342044
2013-01-30 14:00:00,1.8075476048164097e-07,2.9673117167819318e-06,0.11584576969164466,0.05792297522320257
2013-01-30 15:00:00,7.607435773985746e-07,1.2127465728539819e-05,0.11177176607071139,0.05588626340714439
2013-01-30 16:00:00,0.3413564849918046,0.3413706515226552,0.08975510698729385,0.21555579598954921
2013-01-30 17:00:00,0.34135784338724245,0.3413712984538419,0.08878413002897691,0.21507098670810967
2013-01-30 18:00:00,0.34136415011816357,0.3413743347753891,0.0883539352001908,0.21485904265917719
2013-01-30 19:00:00,0.34135584150993065,0.3413658677262332,0.1204486475802615,0.23090224454509606
2013-01-30 20:00:00,0.3093212327472112,0.33101587631005497,0.12207515515693884,0.215698193952075
2013-01-30 21:00:00,0.03375527426160338,0.3157894736842105,0.12233686713148047,0.07804607069654193
2013-01-30 22:00:00,0.03149606299212599,0.3049001814882033,0.11999431741819608,0.07574519020516103
2013-01-30 23:00:00,0.029739776951672868,0.29876977152899825,0.10633310641640364,0.06803644168403826
2013-01-31 00:00:00,0.028169014084507043,0.2901023890784982,0.09476965827589158,0.06146933618019931
2013-01-31 01:00:00,0.026578073089700997,0.2819237147595356,0.09265341168104799,0.059615742385374496
2013-01-31 02:00:00,0.025477707006369428,0.2771474878444084,0.09290635316992811,0.05919203008814877
2013-01-31 03:00:00,0.024539877300613498,0.2718600953895071,0.0970233500999038,0.06078161370025865
2013-01-31 04:00:00,0.023121387283236997,0.26194144838212635,0.10643310499560917,0.06477724613942308
2013-01-31 05:00:00,0.021333333333333336,0.25110782865583453,0.11809819495669387,0.0697157641450136
2013-01-31 06:00:00,0.018779342723004695,0.23351648351648346,0.12212785547237817,0.07045359909769143
2013-01-31 07:00:00,2.2837765339506077e-07,3.835786969233543e-06,0.10133849565926119,0.050669362018457294
2013-01-31 08:00:00,7.514482450682383e-08,1.1123774308031713e-06,0.10411851071412473,0.052059292929474615
2013-01-31 09:00:00,3.053695051553588e-08,2.3761186353612225e-07,0.1085755668855183,0.0542877987112344
2013-01-31 10:00:00,2.96417058801734e-08,1.9689281092367618e-07,0.09138089967007856,0.04569046465589222
2013-01-31 11:00:00,2.216091380794018e-08,1.9066190478465602e-07,0.0968257854536508,0.048412903807282304
2013-01-31 12:00:00,3.117159321488554e-08,2.0705496733770008e-07,0.10410156390573055,0.05205079753866188
2013-01-31 13:00:00,3.6390277354867156e-08,2.6243850789508957e-07,0.11621778378370001,0.05810891008698869
2013-01-31 14:00:00,1.0956737677374863e-07,1.4451880913340573e-06,0.11584576969164466,0.057922939629510714
2013-01-31 15:00:00,3.768757695920989e-07,6.115338284063257e-06,0.11177176607071139,0.05588607147324049
2013-01-31 16:00:00,0.3413606488786792,0.3413716559523955,0.08975510698729385,0.2155578779329865
2013-01-31 17:00:00,0.3413609445024192,0.34137261393942325,0.08878413002897691,0.21507253726569805
2013-01-31 18:00:00,0.3413628818877579,0.34137368961503856,0.0883539352001908,0.21485840854397434
2013-01-31 19:00:00,0.27747678018575855,0.3208079930495222,0.1204486475802615,0.19896271388301
2013-01-31 20:00:00,0.03587443946188341,0.3256704980842911,0.12207515515693884,0.07897479730941112
2013-01-31 21:00:00,0.03636363636363637,0.3249516441005803,0.12233686713148047,0.07935025174755841
2013-01-31 22:00:00,0.0368663594470046,0.3276190476190476,0.11999431741819608,0.07843033843260033
2013-01-31 23:00:00,0.022332506203473948,0.2971014492753623,0.10633310641640364,0.06433280630993879
2013-02-01 00:00:00,0.02295918367346939,0.2992592592592592,0.1054947773813258,0.0642269805273976
2013-02-01 01:00:00,0.026239067055393587,0.30118110236220474,0.10007036264147302,0.06315471484843331
2013-02-01 02:00:00,0.02848101265822785,0.304932735426009,0.10269518100592415,0.065588096832076
2013-02-01 03:00:00,0.3225484072454715,0.33588365039977947,0.10188540863612368,0.2122169079407976
2013-02-01 04:00:00,0.04,0.33999999999999997,0.1241431201349771,0.08207156006748854
2013-02-01 05:00:00,0.3014477766287487,0.3293933352321276,0.13511326090761386,0.21828051876818128
2013-02-01 06:00:00,0.341358393191753,0.34137153734047165,0.12454040770438642,0.2329494004480697
2013-02-01 07:00:00,2.2831766689380889e-07,0.0928384340862411,0.10511954398795956,0.05255988615281323
2013-02-01 08:00:00,7.598395830471468e-08,1.2834232341266163e-06,0.10920256001040508,0.054601317997181695
2013-02-01 09:00:00,4.841582102181542e-08,4.716775257144651e-07,0.1036203915449588,0.05181021998038991
2013-02-01 10:00:00,5.760085857535759e-08,5.247211549794759e-07,0.09097711939981415,0.04548858850033636
2013-02-01 11:00:00,6.523841012733243e-08,6.02550281686066e-07,0.09704951141673084,0.048524788327570484
2013-02-01 12:00:00,9.163585907266252e-08,9.043301798528385e-07,0.10695594908940743,0.05347802036263325
2013-02-01 13:00:00,1.9036633399303728e-07,8.959661436552614e-06,0.12500576816270298,0.06250297926451849
2013-02-01 14:00:00,2.4197034841579326e-07,0.096809238286029,0.1281228645414413,0.06406155325589487
2013-02-01 15:00:00,1.1128641194023075e-06,0.21202077061250488,0.12686338753567067,0.06343225019989504
2013-02-01 16:00:00,0.34136378210183377,0.3413747416550243,0.10079271253981965,0.2210782473208267
2013-02-01 17:00:00,0.34136474190244986,0.3413752683000326,0.08628764397281026,0.21382619293763006
2013-02-01 18:00:00,0.34136545783146005,0.3413756918556468,0.08628764397281026,0.21382655090213515
2013-02-01 19:00:00,0.34136539576710645,0.34137569061200657,0.12354123818355908,0.23245331697533278
2013-02-01 20:00:00,0.34136489925308994,0.3413754254233021,0.1320509777570204,0.23670793850505517
2013-02-01 21:00:00,0.34136825039603685,0.3413769998450015,0.13462306815183955,0.2379956592739382
2013-02-01 22:00:00,0.34137307108826015,0.3413793167475626,0.1302047063204448,0.2357888887043525
2013-02-01 23:00:00,0.3413726067253786,0.34137907294262654,0.11359008929562268,0.22748134801050066
2013-02-02 00:00:00,0.3413721766888032,0.3413788252702747,0.1054947773813258,0.2234334770350645
2013-02-02 01:00:00,0.34137178546056224,0.3413786972148568,0.10007036264147302,0.22072107405101762
2013-02-02 02:00:00,0.3413710673034375,0.34137830863693785,0.10269518100592415,0.22203312415468085
2013-02-02 03:00:00,0.3413710359097466,0.3413782988282965,0.10188540863612368,0.22162822227293513
2013-02-02 04:00:00,0.3413678254680674,0.3413766928349048,0.1241431201349771,0.23275547280152223
2013-02-02 05:00:00,0.341367889369726,0.3413766270558755,0.13511326090761386,0.23824057513866992
2013-02-02 06:00:00,0.34136714130297724,0.3413761671857595,0.12454040770438642,0.23295377450368182
2013-02-02 07:00:00,8.183283733541371e-07,0.0003076490194334044,0.10511954398795956,0.05256018115816646
2013-02-02 08:00:00,4.7580433831258605e-07,9.165308989429869e-06,0.10920256001040508,0.0546015179073717
2013-02-02 09:00:00,3.6416818160630214e-07,4.734223132298868e-06,0.1036203915449588,0.05181037785657021
2013-02-02 10:00:00,3.5739274487367023e-07,5.2226659905688145e-06,0.09097711939981415,0.04548873839627951
2013-02-02 11:00:00,4.227390265535593e-07,6.177579909804124e-06,0.09704951141673084,0.04852496707787869
2013-02-02 12:00:00,6.551011291896277e-07,9.324448087471776e-06,0.10695594908940743,0.05347830209526831
2013-02-02 13:00:00,7.746687201843325e-07,1.1908386576807844e-05,0.12500576816270298,0.06250327141571158
2013-02-02 14:00:00,9.352086292635433e-07,1.2956358901080685e-05,0.1281228645414413,0.06406189987503529
2013-02-02 15:00:00,0.02694610778443114,0.3179753406878651,0.12686338753567067,0.0769047476600509
2013-02-02 16:00:00,0.3413604460156847,0.34137285867433603,0.10079271253981965,0.22107657927775218
2013-02-02 17:00:00,0.3413616584312595,0.3413734946217715,0.08628764397281026,0.21382465120203487
2013-02-02 18:00:00,0.34136252512739707,0.34137402002101397,0.08628764397281026,0.21382508455010366
2013-02-02 19:00:00,0.3413645907544967,0.3413750981814612,0.12354123818355908,0.23245291446902788
2013-02-02 20:00:00,0.3413644355938234,0.34137495865400486,0.1320509777570204,0.2367077066754219
2013-02-02 21:00:00,0.3413701674618005,0.3413777473537318,0.13462306815183955,0.23799661780682002
2013-02-02 22:00:00,0.3413707403314315,0.3413780437162498,0.1302047063204448,0.23578772332593817
2013-02-02 23:00:00,0.34137012995337745,0.3413777528270738,0.11359008929562268,0.22748010962450008
2013-02-03 00:00:00,0.3413694416361677,0.3413773280870098,0.1054947773813258,0.22343210950874676
2013-02-03 01:00:00,0.34136830753050434,0.34137675432985737,0.10007036264147302,0.22071933508598868
2013-02-03 02:00:00,0.02452316076294278,0.31564400221116634,0.10269518100592415,0.06360917088443346
2013-02-03 03:00:00,0.02786377708978328,0.3036876355748373,0.10188540863612368,0.06487459286295348
2013-02-03 04:00:00,0.02786377708978328,0.29940119760479045,0.1241431201349771,0.07600344861238019
2013-02-03 05:00:00,0.022670025188916882,0.28475551294343243,0.13511326090761386,0.07889164304826538
2013-02-03 06:00:00,0.3317382125263899,0.33768079592007355,0.12454040770438642,0.22813931011538816
2013-02-03 07:00:00,5.919335245497853e-07,0.12163799781183939,0.10511954398795956,0.05256006796074205
2013-02-03 08:00:00,1.1587425542100323e-07,9.529451517610602e-07,0.10920256001040508,0.054601337942330255
2013-02-03 09:00:00,2.655835202805242e-08,2.0833405298187656e-07,0.1036203915449588,0.05181020905165542
2013-02-03 10:00:00,1.769070272371543e-08,1.3877274070580649e-07,0.09097711939981415,0.045488568545258436
2013-02-03 11:00:00,1.781172433836821e-08,1.397220699965294e-07,0.09704951141673084,0.048524764614227583
2013-02-03 12:00:00,1.6671861433446424e-08,1.3078055263313754e-07,0.10695594908940743,0.053477982880634434
2013-02-03 13:00:00,2.5834280967052058e-08,1.7160229010022173e-07,0.12500576816270298,0.06250289699849197
2013-02-03 14:00:00,4.6413134917181565e-08,4.368992877026556e-07,0.1281228645414413,0.06406145547728812
2013-02-03 15:00:00,2.2920651398036539e-07,3.6539608587712813e-06,0.12686338753567067,0.06343180837109233
2013-02-03 16:00:00,0.014218009478672989,0.23927272727272733,0.10079271253981965,0.057505361009246324
2013-02-03 17:00:00,0.015177065767284994,0.26286072772898367,0.08628764397281026,0.050732354870047625
2013-02-03 18:00:00,0.017441860465116282,0.2601957585644372,0.08628764397281026,0.05186475221896327
2013-02-03 19:00:00,0.018145161290322582,0.2612068965517242,0.12354123818355908,0.07084319973694084
2013-02-03 20:00:00,0.030769230769230774,0.30249110320284694,0.1320509777570204,0.08141010426312559
2013-02-03 21:00:00,0.028469750889679717,0.2945091514143095,0.13462306815183955,0.08154640952075963
2013-02-03 22:00:00,0.023460410557184754,0.27762430939226523,0.1302047063204448,0.07683255843881479
2013-02-03 23:00:00,0.030769230769230774,0.3035714285714286,0.11359008929562268,0.07217966003242673
2013-02-04 00:00:00,0.03053435114503817,0.3021582733812949,0.1054947773813258,0.06801456426318199
2013-02-04 01:00:00,0.030651340996168584,0.3027027027027028,0.10007036264147302,0.0653608518188208
2013-02-04 02:00:00,0.03088803088803089,0.30198915009041594,0.10269518100592415,0.06679160594697751
2013-02-04 03:00:00,0.03137254901960784,0.3054545454545455,0.10188540863612368,0.06662897882786575
2013-02-04 04:00:00,0.02373887240356083,0.2841823056300268,0.1241431201349771,0.07394099626926896
2013-02-04 05:00:00,0.23699095022624433,0.30276466621712744,0.13511326090761386,0.18605210556692908
2013-02-04 06:00:00,0.34135766118394917,0.3413710088743084,0.12454040770438642,0.23294903444416779
2013-02-04 07:00:00,2.977363600770608e-07,0.1118249712695524,0.10511954398795956,0.05255992086215982
2013-02-04 08:00:00,9.0855881368658e-08,1.2587339865651183e-06,0.10920256001040508,0.05460132543314323
2013-02-04 09:00:00,6.335793875843815e-08,1.1723672110462628e-06,0.1036203915449588,0.05181022745144878
2013-02-04 10:00:00,4.146970310281472e-08,5.216860107539634e-07,0.09097711939981415,0.045488580434758626
2013-02-04 11:00:00,3.598977810096141e-08,3.746888033852509e-07,0.09704951141673084,0.04852477370325447
2013-02-04 12:00:00,3.766072575532673e-08,4.533482735141784e-07,0.10695594908940743,0.0534779933750666
2013-02-04 13:00:00,4.430328153140495e-08,4.13194682238251e-07,0.12500576816270298,0.06250290623299226
2013-02-04 14:00:00,7.885814898573487e-08,9.054411309938502e-07,0.1281228645414413,0.06406147169979515
2013-02-04 15:00:00,2.3423411184163532e-07,4.600944011467953e-06,0.12686338753567067,0.06343181088489125
2013-02-04 16:00:00,0.01754385964912281,0.2515779981965735,0.10079271253981965,0.05916828609447123
2013-02-04 17:00:00,0.01612903225806452,0.26783398184176394,0.08628764397281026,0.05120833811543739
2013-02-04 18:00:00,0.016100178890876567,0.2809292274446245,0.08628764397281026,0.05119391143184342
2013-02-04 19:00:00,0.01657458563535912,0.2694094226940942,0.12354123818355908,0.0700579119094591
2013-02-04 20:00:00,0.030075187969924814,0.2992957746478873,0.1320509777570204,0.08106308286347261
2013-02-04 21:00:00,0.029090909090909094,0.2956521739130435,0.13462306815183955,0.08185698862137432
2013-02-04 22:00:00,0.028070175438596495,0.2905982905982906,0.1302047063204448,0.07913744087952065
2013-02-04 23:00:00,0.0272108843537415,0.28787878787878785,0.11359008929562268,0.07040048682468208
2013-02-05 00:00:00,0.026402640264026406,0.28264462809917357,0.1054947773813258,0.0659487088226761
2013-02-05 01:00:00,0.025559105431309903,0.2792207792207792,0.10007036264147302,0.06281473403639146
2013-02-05 02:00:00,0.024539877300613498,0.273449920508744,0.10269518100592415,0.06361752915326882
2013-02-05 03:00:00,0.023529411764705882,0.26749611197511663,0.10188540863612368,0.06270741020041479
2013-02-05 04:00:00,0.0221606648199446,0.25791855203619907,0.1241431201349771,0.07315189247746084
2013-02-05 05:00:00,0.019370460048426155,0.2435374149659864,0.13511326090761386,0.07724186047802001
2013-02-05 06:00:00,0.013353115727002969,0.21970289288506648,0.12454040770438642,0.0689467617156947
2013-02-05 07:00:00,7.452899538143816e-07,1.6029998098402188e-05,0.10511954398795956,0.05256014463895669
2013-02-05 08:00:00,2.2080825726988315e-07,2.5622347667959276e-06,0.10920256001040508,0.05460139040933118
2013-02-05 09:00:00,1.2508147755330542e-07,9.8118684994393e-07,0.1036203915449588,0.05181025831321818
2013-02-05 10:00:00,1.4265994265973817e-07,1.1190789532583101e-06,0.09097711939981415,0.04548863102987841
2013-02-05 11:00:00,1.5142957468555836e-07,1.1878713127660185e-06,0.09704951141673084,0.04852483142315276
2013-02-05 12:00:00,1.651007093689562e-07,1.316001743556088e-06,0.10695594908940743,0.0534780570950584
2013-02-05 13:00:00,2.5568692465647827e-07,2.4401191299433588e-06,0.12500576816270298,0.06250301192481382
2013-02-05 14:00:00,5.172280621740313e-07,3.084225352088099e-05,0.1281228645414413,0.06406169088475175
2013-02-05 15:00:00,1.4440046291579513e-06,0.0006022332603957888,0.12686338753567067,0.06343241577014991
2013-02-05 16:00:00,0.3413608275312628,0.34137335298983795,0.10079271253981965,0.22107677003554121
2013-02-05 17:00:00,0.34136269161009936,0.34137430815454084,0.08628764397281026,0.2138251677914548
2013-02-05 18:00:00,0.3413637777217598,0.3413749416185651,0.08628764397281026,0.21382571084728502
2013-02-05 19:00:00,0.34136424539046767,0.341375225646016,0.12354123818355908,0.23245274178701336
2013-02-05 20:00:00,0.3413658678221696,0.3413759959687291,0.1320509777570204,0.236708422789595
2013-02-05 21:00:00,0.34137276706976566,0.34137923533121517,0.13462306815183955,0.2379979176108026
2013-02-05 22:00:00,0.34137301182742297,0.34137931674526506,0.1302047063204448,0.23578885907393388
2013-02-05 23:00:00,0.3413729784493765,0.34137930056201293,0.11359008929562268,0.2274815338724996
2013-02-06 00:00:00,0.34137291432036376,0.34137929309099974,0.1054947773813258,0.22343384585084478
2013-02-06 01:00:00,0.341372822878217,0.34137931158947066,0.10007036264147302,0.22072159275984501
2013-02-06 02:00:00,0.3413726727737462,0.3413791915979671,0.10269518100592415,0.2220339268898352
2013-02-06 03:00:00,0.34137266451630316,0.3413792033341705,0.10188540863612368,0.2216290365762134
2013-02-06 04:00:00,0.34137254780745885,0.34137920013856127,0.1241431201349771,0.23275783397121796
2013-02-06 05:00:00,0.3413643096445713,0.3413752281331475,0.13511326090761386,0.2382387852760926
2013-02-06 06:00:00,0.3413636535943631,0.34137493913152583,0.12454040770438642,0.23295203064937475
2013-02-06 07:00:00,1.1048473631270896e-06,0.21143950540669704,0.10511954398795956,0.05256032441766134
2013-02-06 08:00:00,5.906924589247233e-07,1.1608728647910949e-05,0.10920256001040508,0.054601575351432
2013-02-06 09:00:00,4.5954813206609113e-07,8.634135569533746e-06,0.1036203915449588,0.051810425546545434
2013-02-06 10:00:00,5.286947302528995e-07,0.0002224737431291957,0.09097711939981415,0.045488824047272204
2013-02-06 11:00:00,4.6142691453973643e-07,0.14686121130293925,0.09704951141673084,0.04852498642182269
2013-02-06 12:00:00,3.572650644784049e-07,0.1259310658567567,0.10695594908940743,0.053478153177235956
2013-02-06 13:00:00,3.072095947700639e-07,6.6335440338669374e-06,0.12500576816270298,0.06250303768614887
2013-02-06 14:00:00,4.682064659416993e-07,1.0267829216618339e-05,0.1281228645414413,0.06406166637395362
2013-02-06 15:00:00,1.7161133259460375e-06,0.2446040976035517,0.12686338753567067,0.0634325518244983
2013-02-06 16:00:00,0.341363170598498,0.34137508151848395,0.10079271253981965,0.22107794156915883
2013-02-06 17:00:00,0.34136179864142857,0.3413745726608619,0.08628764397281026,0.2138247213071194
2013-02-06 18:00:00,0.3413648773496496,0.3413760329592338,0.08628764397281026,0.21382626066122992
2013-02-06 19:00:00,0.34136475103141484,0.3413759600867216,0.12354123818355908,0.23245299460748697
2013-02-06 20:00:00,0.3413698622665162,0.34137828991606234,0.1320509777570204,0.2367104200117683
2013-02-06 21:00:00,0.3413689623126146,0.34137786510994517,0.13462306815183955,0.23799601523222708
2013-02-06 22:00:00,0.3413710389872724,0.34137876715569815,0.1302047063204448,0.2357878726538586
2013-02-06 23:00:00,0.34137405573977564,0.3413799728606021,0.11359008929562268,0.22748207251769917
2013-02-07 00:00:00,0.3413740157286977,0.34137988860694324,0.1054947773813258,0.22343439655501174
2013-02-07 01:00:00,0.3413738459687861,0.3413798397562337,0.10007036264147302,0.22072210430512956
2013-02-07 02:00:00,0.34137383262031473,0.34137984205268707,0.10269518100592415,0.22203450681311943
2013-02-07 03:00:00,0.34137396706894835,0.34137983619153356,0.10188540863612368,0.221629687852536
2013-02-07 04:00:00,0.34137058006428994,0.3413784767199773,0.1241431201349771,0.2327568500996335
2013-02-07 05:00:00,0.3413671003540897,0.3413768269159299,0.13511326090761386,0.23824018063085178
2013-02-07 06:00:00,0.3413629577564529,0.3413747068374527,0.12454040770438642,0.23295168273041966
2013-02-07 07:00:00,2.0814064279700065e-07,0.08009388767462143,0.10511954398795956,0.052559876064301174
2013-02-07 08:00:00,7.541032327944749e-08,0.022547087364290973,0.10920256001040508,0.05460131771036418
2013-02-07 09:00:00,6.191053219566081e-08,0.01563032179859731,0.1036203915449588,0.051810226727745504
2013-02-07 10:00:00,5.986055364307738e-08,0.0007936376684196841,0.09097711939981415,0.045488589630183894
2013-02-07 11:00:00,5.724827648179801e-08,0.00023625434714513111,0.09704951141673084,0.04852478433250366
2013-02-07 12:00:00,5.7932270211376634e-08,0.01733217934889332,0.10695594908940743,0.053478003510838826
2013-02-07 13:00:00,6.57094517723909e-08,0.019583512878896085,0.12500576816270298,0.06250291693607737
2013-02-07 14:00:00,9.348424279980986e-08,0.045267763720001214,0.1281228645414413,0.06406147901284205
2013-02-07 15:00:00,2.8081271580632723e-07,0.09987731060564645,0.12686338753567067,0.06343183417419324
2013-02-07 16:00:00,0.3413574966661182,0.341373962716904,0.10079271253981965,0.22107510460296892
2013-02-07 17:00:00,0.34135808624764796,0.3413742643337021,0.08628764397281026,0.2138228651102291
2013-02-07 18:00:00,0.3413581793396547,0.3413743171214225,0.08628764397281026,0.21382291165623246
2013-02-07 19:00:00,0.34135914348209384,0.34137433701589254,0.12354123818355908,0.23245019083282648
2013-02-07 20:00:00,0.34136610987120547,0.34137696450421073,0.1320509777570204,0.23670854381411294
2013-02-07 21:00:00,0.3413722229813027,0.34137951030778374,0.13462306815183955,0.23799764556657113
2013-02-07 22:00:00,0.3413707001588971,0.3413786971268338,0.1302047063204448,0.23578770323967096
2013-02-07 23:00:00,0.34137393593094245,0.34137984537682053,0.11359008929562268,0.22748201261328257
2013-02-08 00:00:00,0.3413737493887345,0.3413797746335932,0.1054947773813258,0.22343426338503014
2013-02-08 01:00:00,0.34137403394461974,0.3413798841575141,0.10007036264147302,0.22072219829304637
2013-02-08 02:00:00,0.34137387400086244,0.3413797732017697,0.10269518100592415,0.2220345275033933
2013-02-08 03:00:00,0.3413738250733116,0.3413797189684054,0.10188540863612368,0.22162961685471763
2013-02-08 04:00:00,0.34137385678581494,0.34137973603519806,0.1241431201349771,0.232758488460396
2013-02-08 05:00:00,0.3413662978931831,0.34137615184896336,0.13511326090761386,0.23823977940039848
2013-02-08 06:00:00,0.3413620910616956,0.3413740984325315,0.12454040770438642,0.23295124938304101
2013-02-08 07:00:00,2.66371653154866e-07,0.10363022844578954,0.10511954398795956,0.052559905179806354
2013-02-08 08:00:00,9.49010819134576e-08,0.04579669375928061,0.10920256001040508,0.0546013274557435
2013-02-08 09:00:00,6.352188315111481e-08,8.476095853242627e-06,0.1036203915449588,0.05181022753342098
2013-02-08 10:00:00,5.369941729688303e-08,1.0145954170779361e-06,0.09097711939981415,0.045488586549615725
2013-02-08 11:00:00,4.768756414610729e-08,8.190524450140907e-07,0.09704951141673084,0.04852477955214749
2013-02-08 12:00:00,6.299243637217992e-08,8.091979420741469e-06,0.10695594908940743,0.053478006040921906
2013-02-08 13:00:00,9.101074071346376e-08,0.04420178551232657,0.12500576816270298,0.06250292958672185
2013-02-08 14:00:00,1.4764322775196602e-07,0.06639112873070481,0.1281228645414413,0.06406150609233453
2013-02-08 15:00:00,4.34060238098535e-07,0.13312764145715336,0.12686338753567067,0.06343191079795438
2013-02-08 16:00:00,0.34135961551223065,0.34137394331045234,0.10079271253981965,0.22107616402602515
2013-02-08 17:00:00,0.3413589306435492,0.34137384289726574,0.08628764397281026,0.21382328730817973
2013-02-08 18:00:00,0.3413590525782423,0.3413739975307101,0.08628764397281026,0.21382334827552626
2013-02-08 19:00:00,0.341359987884295,0.341374204763494,0.12354123818355908,0.23245061303392706
2013-02-08 20:00:00,0.3413701926704468,0.34137865962442027,0.1320509777570204,0.23671058521373362
2013-02-08 21:00:00,0.3413707333840052,0.34137876751348284,0.13462306815183955,0.23799690076792238
2013-02-08 22:00:00,0.34136927264101025,0.34137797317735186,0.1302047063204448,0.23578698948072752
2013-02-08 23:00:00,0.34137380740644846,0.34137990830041737,0.11359008929562268,0.22748194835103558
2013-02-09 00:00:00,0.34137398392912754,0.341379881551097,0.1054947773813258,0.22343438065522667
2013-02-09 01:00:00,0.3413736136718596,0.34137963770900215,0.10007036264147302,0.2207219881566663
2013-02-09 02:00:00,0.3413732593538643,0.341379444596997,0.10269518100592415,0.22203422017989421
2013-02-09 03:00:00,0.34137308557298895,0.3413793393293727,0.10188540863612368,0.2216292471045563
2013-02-09 04:00:00,0.34137293979684763,0.34137927833759707,0.1241431201349771,0.23275802996591236
2013-02-09 05:00:00,0.341372866403102,0.3413792189461012,0.13511326090761386,0.2382430636553579
2013-02-09 06:00:00,0.34136198007287677,0.34137388833320403,0.12454040770438642,0.23295119388863159
2013-02-09 07:00:00,4.219101306107191e-07,0.13942687657997305,0.10511954398795956,0.052559982949045084
2013-02-09 08:00:00,2.1006114459796962e-07,0.08732400728941969,0.10920256001040508,0.054601385035774844
2013-02-09 09:00:00,1.462058975621172e-07,2.663746719308037e-06,0.1036203915449588,0.05181026887542818
2013-02-09 10:00:00,1.515760087084964e-07,2.5602207796321036e-06,0.09097711939981415,0.045488635487911426
2013-02-09 11:00:00,1.338930710854549e-07,2.2615451275257984e-06,0.09704951141673084,0.04852482265490096
2013-02-09 12:00:00,1.453296946222652e-07,3.910368806250089e-06,0.10695594908940743,0.05347804720955103
2013-02-09 13:00:00,1.9182498195566336e-07,1.4626258090775963e-05,0.12500576816270298,0.06250297999384247
2013-02-09 14:00:00,2.963076706088537e-07,0.11144662462670737,0.1281228645414413,0.06406158042455597
2013-02-09 15:00:00,7.15400000887096e-07,0.17514608626538794,0.12686338753567067,0.06343205146783577
2013-02-09 16:00:00,0.34136018063769896,0.3413737721346424,0.10079271253981965,0.2210764465887593
2013-02-09 17:00:00,0.34136105169995107,0.34137424971423574,0.08628764397281026,0.21382434783638066
2013-02-09 18:00:00,0.3413612378876466,0.34137432134190066,0.08628764397281026,0.21382444093022843
2013-02-09 19:00:00,0.34136098744818105,0.3413743327208956,0.12354123818355908,0.23245111281587005
2013-02-09 20:00:00,0.3413704518940591,0.3413786418486523,0.1320509777570204,0.23671071482553976
2013-02-09 21:00:00,0.34136974032636225,0.34137827356350003,0.13462306815183955,0.2379964042391009
2013-02-09 22:00:00,0.3413683106248204,0.34137742768428375,0.1302047063204448,0.2357865084726326
2013-02-09 23:00:00,0.3413703650236487,0.34137830448495887,0.11359008929562268,0.2274802271596357
2013-02-10 00:00:00,0.341373282206224,0.3413795156639418,0.1054947773813258,0.22343402979377489
2013-02-10 01:00:00,0.3413726516218412,0.34137910496557516,0.10007036264147302,0.2207215071316571
2013-02-10 02:00:00,0.3413719375978802,0.3413787176796571,0.10269518100592415,0.22203355930190216
2013-02-10 03:00:00,0.34137101318981106,0.34137819739153596,0.10188540863612368,0.22162821091296736
2013-02-10 04:00:00,0.34136976230736477,0.34137746656393864,0.1241431201349771,0.23275644122117092
2013-02-10 05:00:00,0.3413681016961699,0.3413765992910226,0.13511326090761386,0.23824068130189185
2013-02-10 06:00:00,0.34136535337778073,0.34137499365726454,0.12454040770438642,0.23295288054108357
2013-02-10 07:00:00,2.466538730043338e-07,0.09815763269514739,0.10511954398795956,0.05255989532091628
2013-02-10 08:00:00,6.744898799313585e-08,6.912380929331556e-07,0.10920256001040508,0.05460131372969654
2013-02-10 09:00:00,4.5946327445339545e-08,4.069265881182087e-07,0.1036203915449588,0.05181021874564313
2013-02-10 10:00:00,4.1037964480848344e-08,3.634553458813973e-07,0.09097711939981415,0.04548858021888932
2013-02-10 11:00:00,4.069889885601908e-08,3.6045236524671135e-07,0.09704951141673084,0.04852477605781485
2013-02-10 12:00:00,4.5656351717357965e-08,4.3324110419686556e-07,0.10695594908940743,0.053477997372879574
2013-02-10 13:00:00,5.6955850473160257e-08,4.756083432455037e-07,0.12500576816270298,0.06250291255927673
2013-02-10 14:00:00,1.1083622649366258e-07,1.440888879932707e-06,0.1281228645414413,0.0640614876888339
2013-02-10 15:00:00,2.5435135555760104e-07,4.320296135784735e-06,0.12686338753567067,0.06343182094351311
2013-02-10 16:00:00,0.3413591230061618,0.3413723876943486,0.10079271253981965,0.2210759177729907
2013-02-10 17:00:00,0.3413612951909771,0.34137353392392605,0.08628764397281026,0.21382446958189366
2013-02-10 18:00:00,0.34136287998996406,0.34137441621858866,0.08628764397281026,0.21382526198138715
2013-02-10 19:00:00,0.3413650609847503,0.34137557241205835,0.12354123818355908,0.2324531495841547
2013-02-10 20:00:00,0.3413675654845707,0.3413767812232655,0.1320509777570204,0.23670927162079555
2013-02-10 21:00:00,0.34136907259155774,0.34137752631774554,0.13462306815183955,0.23799607037169865
2013-02-10 22:00:00,0.34136820147811564,0.34137709902274505,0.1302047063204448,0.2357864538992802
2013-02-10 23:00:00,0.3413725334571951,0.34137912636411366,0.11359008929562268,0.2274813113764089
2013-02-11 00:00:00,0.3413721883599292,0.3413789461198341,0.1054947773813258,0.2234334828706275
2013-02-11 01:00:00,0.3413720952538103,0.34137894487558856,0.10007036264147302,0.22072122894764165
2013-02-11 02:00:00,0.34137201345081275,0.3413789061255562,0.10269518100592415,0.22203359722836846
2013-02-11 03:00:00,0.3413720488710509,0.34137882560133964,0.10188540863612368,0.22162872875358727
2013-02-11 04:00:00,0.33269484017718187,0.34121489222730245,0.1241431201349771,0.22841898015607948
2013-02-11 05:00:00,0.34136170078922823,0.341373729967907,0.13511326090761386,0.23823748084842106
2013-02-11 06:00:00,0.3413612641595708,0.3413734987317088,0.12454040770438642,0.2329508359319786
2013-02-11 07:00:00,2.5528417174569417e-07,0.09327828945831185,0.10511954398795956,0.05255989963606565
2013-02-11 08:00:00,8.912389175693905e-08,1.49690807294702e-06,0.10920256001040508,0.05460132456714842
2013-02-11 09:00:00,6.965153320524532e-08,8.261689940970817e-07,0.1036203915449588,0.05181023059824601
2013-02-11 10:00:00,8.972572684680333e-08,1.0472495051767373e-06,0.09097711939981415,0.0454886045627705
2013-02-11 11:00:00,1.3377706516964783e-07,1.5867900464900286e-06,0.09704951141673084,0.048524822596898005
2013-02-11 12:00:00,1.8121306608724998e-07,2.166644131848136e-06,0.10695594908940743,0.05347806515123676
2013-02-11 13:00:00,2.430671181233274e-07,3.967170282019677e-06,0.12500576816270298,0.06250300561491055
2013-02-11 14:00:00,3.4322233141777143e-07,0.1227746900421239,0.1281228645414413,0.06406160388188636
2013-02-11 15:00:00,8.561315456393453e-07,0.19038589766458314,0.12686338753567067,0.06343212183360815
2013-02-11 16:00:00,0.3413590303021929,0.3413732895836775,0.10079271253981965,0.22107587142100626
2013-02-11 17:00:00,0.3413598681380536,0.34137371313005394,0.08628764397281026,0.2138237560554319
2013-02-11 18:00:00,0.3413602405108674,0.3413739242820097,0.08628764397281026,0.21382394224183882
2013-02-11 19:00:00,0.3413606150736385,0.34137413792099214,0.12354123818355908,0.2324509266285988
2013-02-11 20:00:00,0.3413702036295823,0.34137848347889704,0.1320509777570204,0.23671059069330136
2013-02-11 21:00:00,0.3413694588383184,0.3413780787568567,0.13462306815183955,0.23799626349507896
2013-02-11 22:00:00,0.3413684635970109,0.3413775823212431,0.1302047063204448,0.23578658495872784
2013-02-11 23:00:00,0.3413736851294138,0.34137968816344677,0.11359008929562268,0.22748188721251825
2013-02-12 00:00:00,0.3413734174665295,0.34137954952211536,0.1054947773813258,0.22343409742392764
2013-02-12 01:00:00,0.34137325560565845,0.3413794687606779,0.10007036264147302,0.22072180912356573
2013-02-12 02:00:00,0.3413733198816262,0.3413794724944601,0.10269518100592415,0.22203425044377517
2013-02-12 03:00:00,0.34137349077689416,0.34137956068063763,0.10188540863612368,0.2216294497065089
2013-02-12 04:00:00,0.3413719849942664,0.34137900284330486,0.1241431201349771,0.23275755256462174
2013-02-12 05:00:00,0.34136796926554036,0.34137726807176594,0.13511326090761386,0.23824061508657712
2013-02-12 06:00:00,0.3413687140503044,0.3413775872969989,0.12454040770438642,0.2329545608773454
2013-02-12 07:00:00,5.56568045591828e-07,0.15377636951955284,0.10511954398795956,0.052560050278002576
2013-02-12 08:00:00,3.9595812283539596e-07,0.12574607632339238,0.10920256001040508,0.05460147798426396
2013-02-12 09:00:00,2.2148192027088918e-07,0.09081127844680242,0.1036203915449588,0.05181030651343954
2013-02-12 10:00:00,1.776146144146574e-07,0.0768756205043056,0.09097711939981415,0.045488648507214284
2013-02-12 11:00:00,1.7690268518423697e-07,0.07663547039190534,0.09704951141673084,0.04852484415970801
2013-02-12 12:00:00,2.0452171747603105e-07,0.07902357727192733,0.10695594908940743,0.053478076805562456
2013-02-12 13:00:00,2.5770740349817703e-07,0.09391998867540452,0.12500576816270298,0.06250301293505324
2013-02-12 14:00:00,3.538006539934329e-07,0.11694398037927849,0.1281228645414413,0.06406160917104765
2013-02-12 15:00:00,6.816847730095367e-07,0.1710279059471543,0.12686338753567067,0.06343203461022184
2013-02-12 16:00:00,0.3413560893575438,0.34138102781381396,0.10079271253981965,0.22107440094868172
2013-02-12 17:00:00,0.34135646172102274,0.3413810692279883,0.08628764397281026,0.2138220528469165
2013-02-12 18:00:00,0.34135652378168146,0.3413811044200554,0.08628764397281026,0.21382208387724586
2013-02-12 19:00:00,0.34135786246804406,0.3413779483381353,0.12354123818355908,0.23244955032580156
2013-02-12 20:00:00,0.3413638292064085,0.3413776566451876,0.1320509777570204,0.23670740348171446
2013-02-12 21:00:00,0.3413745749577912,0.3413809596440511,0.13462306815183955,0.2379988215548154
2013-02-12 22:00:00,0.341374395333998,0.3413807936309524,0.1302047063204448,0.23578955082722142
2013-02-12 23:00:00,0.34137386776008727,0.34138061392898406,0.11359008929562268,0.22748197852785498
2013-02-13 00:00:00,0.3413737147844111,0.3413804605349532,0.1054947773813258,0.22343424608286844
2013-02-13 01:00:00,0.3413736859435253,0.3413803938807282,0.10007036264147302,0.22072202429249915
2013-02-13 02:00:00,0.3413734687077987,0.34138027070282606,0.10269518100592415,0.22203432485686142
2013-02-13 03:00:00,0.3413732204387355,0.3413801475250128,0.10188540863612368,0.2216293145374296
2013-02-13 04:00:00,0.3413724690563198,0.34137978563458093,0.1241431201349771,0.23275779459564844
2013-02-13 05:00:00,0.3413670141888161,0.34137732638268553,0.13511326090761386,0.238240137548215
2013-02-13 06:00:00,0.3413574367932772,0.3413735062782254,0.12454040770438642,0.2329489222488318
2013-02-13 07:00:00,4.1161318864635823e-07,0.12884222175052387,0.10511954398795956,0.0525599778005741
2013-02-13 08:00:00,2.424800209933814e-07,0.09695075262608639,0.10920256001040508,0.05460140124521304
2013-02-13 09:00:00,2.6486559630751465e-07,0.1032176678611225,0.1036203915449588,0.051810328205277555
2013-02-13 10:00:00,2.2750351695159036e-07,0.09260730374690865,0.09097711939981415,0.04548867345166555
2013-02-13 11:00:00,2.1458817632023769e-07,0.08870347423869951,0.09704951141673084,0.04852486300245358
2013-02-13 12:00:00,2.1806647291218255e-07,0.08976160957876683,0.10695594908940743,0.05347808357794017
2013-02-13 13:00:00,2.6799289401953017e-07,0.10404614775585858,0.12500576816270298,0.0625030180777985
2013-02-13 14:00:00,3.711476910976366e-07,0.12065143162739529,0.1281228645414413,0.06406161784456621
2013-02-13 15:00:00,9.201115643636441e-07,0.18842779054626882,0.12686338753567067,0.06343215382361751
2013-02-13 16:00:00,0.34135454003923543,0.34137635351242646,0.10079271253981965,0.22107362628952754
2013-02-13 17:00:00,0.34135460209921203,0.34137662633938265,0.08628764397281026,0.21382112303601114
2013-02-13 18:00:00,0.3413546331292087,0.3413762189644171,0.08628764397281026,0.21382113855100948
2013-02-13 19:00:00,0.34135687167998885,0.34137462924954903,0.12354123818355908,0.23244905493177398
2013-02-13 20:00:00,0.3413689049821933,0.34137846517677906,0.1320509777570204,0.23670994136960685
2013-02-13 21:00:00,0.3413718483884698,0.34137931425521084,0.13462306815183955,0.23799745827015467
2013-02-13 22:00:00,0.3413724420687085,0.34137939548503193,0.1302047063204448,0.23578857419457666
2013-02-13 23:00:00,0.341374219546868,0.3413800369076113,0.11359008929562268,0.22748215442124534
2013-02-14 00:00:00,0.34137385230649875,0.34137980603741197,0.1054947773813258,0.22343431484391227
2013-02-14 01:00:00,0.3413736569503954,0.34137965740175685,0.10007036264147302,0.2207220097959342
2013-02-14 02:00:00,0.34137354813794574,0.3413796220210674,0.10269518100592415,0.22203436457193493
2013-02-14 03:00:00,0.3413733863509205,0.34137950894261954,0.10188540863612368,0.2216293974935221
2013-02-14 04:00:00,0.34137336560439907,0.34137952956888695,0.1241431201349771,0.23275824286968808
2013-02-14 05:00:00,0.3413632169593062,0.34137462239932,0.13511326090761386,0.23823823893346002
2013-02-14 06:00:00,0.3413579840091195,0.34137227504509116,0.12454040770438642,0.23294919585675294
2013-02-14 07:00:00,4.998977958956292e-07,0.14475829236291177,0.10511954398795956,0.052560021942877726
2013-02-14 08:00:00,2.9609594535095314e-07,0.11141739355541022,0.10920256001040508,0.054601428053175215
2013-02-14 09:00:00,1.8155333264176645e-07,2.56695147825998e-06,0.1036203915449588,0.051810286549145726
2013-02-14 10:00:00,1.3119732929468592e-07,1.5063928011355464e-06,0.09097711939981415,0.04548862529857172
2013-02-14 11:00:00,1.1039192458785417e-07,1.267507818375809e-06,0.09704951141673084,0.04852481090432771
2013-02-14 12:00:00,1.3859592453486557e-07,1.6176455831377568e-06,0.10695594908940743,0.05347804384266598
2013-02-14 13:00:00,1.9675684221303932e-07,2.5578653079286155e-06,0.12500576816270298,0.0625029824597726
2013-02-14 14:00:00,3.685255436314794e-07,0.12842216882676274,0.1281228645414413,0.06406161653349247
2013-02-14 15:00:00,8.464618866568912e-07,0.18942928785352114,0.12686338753567067,0.06343211699877867
2013-02-14 16:00:00,0.341359677574185,0.3413739621497804,0.10079271253981965,0.22107619505700232
2013-02-14 17:00:00,0.34135942932650315,0.34137402507353604,0.08628764397281026,0.2138235366496567
2013-02-14 18:00:00,0.3413605774750583,0.3413744548379096,0.08628764397281026,0.21382411072393429
2013-02-14 19:00:00,0.3413618252938722,0.34137494360996823,0.12354123818355908,0.23245153173871563
2013-02-14 20:00:00,0.3413714471477548,0.3413792413799218,0.1320509777570204,0.2367112124523876
2013-02-14 21:00:00,0.3413709173909265,0.3413789397477705,0.13462306815183955,0.23799699277138303
2013-02-14 22:00:00,0.3413699863984613,0.34137846339411004,0.1302047063204448,0.23578734635945303
2013-02-14 23:00:00,0.3413713139028728,0.34137898969263897,0.11359008929562268,0.22748070159924774
2013-02-15 00:00:00,0.3413744508678089,0.34138012535832063,0.1054947773813258,0.22343461412456733
2013-02-15 01:00:00,0.3413742674770494,0.34138004801186544,0.10007036264147302,0.2207223150592612
2013-02-15 02:00:00,0.34137418093371075,0.34138000391961315,0.10269518100592415,0.22203468096981743
2013-02-15 03:00:00,0.3413741686354865,0.34137999130680036,0.10188540863612368,0.22162978863580507
2013-02-15 04:00:00,0.3413742826989524,0.34138004038942393,0.1241431201349771,0.23275870141696475
2013-02-15 05:00:00,0.34136731758153765,0.34137689854559544,0.13511326090761386,0.23824028924457574
2013-02-15 06:00:00,0.3413602182359046,0.34137360985098514,0.12454040770438642,0.2329503129701455
2013-02-15 07:00:00,3.0472848098124034e-07,0.10574839100886144,0.10511954398795956,0.05255992435822027
2013-02-15 08:00:00,1.637535158789601e-07,0.07211901470574153,0.10920256001040508,0.05460136188196048
2013-02-15 09:00:00,1.6136961347781964e-07,0.0713058235795493,0.1036203915449588,0.05181027645728614
2013-02-15 10:00:00,1.6543070324739e-07,0.07271809258916818,0.09097711939981415,0.0454886424152587
2013-02-15 11:00:00,1.5003639883035621e-07,1.6248702539836718e-05,0.09704951141673084,0.048524830726564834
2013-02-15 12:00:00,1.5024152577280692e-07,0.0673490942099843,0.10695594908940743,0.053478049665466605
2013-02-15 13:00:00,1.383724564029133e-07,0.06301061173701208,0.12500576816270298,0.0625029532675797
2013-02-15 14:00:00,1.7130836842521814e-07,0.07474336513439178,0.1281228645414413,0.06406151792490487
2013-02-15 15:00:00,3.5835925644467916e-07,0.11793110634795037,0.12686338753567067,0.06343187294746355
2013-02-15 16:00:00,0.34135621566652363,0.3413771000009072,0.10079271253981965,0.22107446410317164
2013-02-15 17:00:00,0.34135671215184243,0.3413770735158247,0.08628764397281026,0.21382217806232634
2013-02-15 18:00:00,0.34135683627339775,0.34137729728749,0.08628764397281026,0.213822240123104
2013-02-15 19:00:00,0.3413567121518424,0.3413773802916984,0.12354123818355908,0.23244897516770074
2013-02-15 20:00:00,0.3413600101594375,0.34137600154715797,0.1320509777570204,0.23670549395822896
2013-02-15 21:00:00,0.3413740229287153,0.3413805988209641,0.13462306815183955,0.23799854554027744
2013-02-15 22:00:00,0.34137290571774204,0.34138006842739416,0.1302047063204448,0.2357888060190934
2013-02-15 23:00:00,0.3413714759888431,0.34137930803414834,0.11359008929562268,0.2274807826422329
2013-02-16 00:00:00,0.34137308905309827,0.34137977604077535,0.1054947773813258,0.22343393321721203
2013-02-16 01:00:00,0.3413742128452168,0.3413799691667094,0.10007036264147302,0.2207222877433449
2013-02-16 02:00:00,0.3413739923181453,0.34137984968882823,0.10269518100592415,0.22203458666203474
2013-02-16 03:00:00,0.34137372606728056,0.34137972254430177,0.10188540863612368,0.2216295673517021
2013-02-16 04:00:00,0.34137358768397585,0.34137962454789283,0.1241431201349771,0.23275835390947647
2013-02-16 05:00:00,0.3413678382053229,0.34137698367493574,0.13511326090761386,0.2382405495564684
2013-02-16 06:00:00,0.341363624752521,0.3413748724770665,0.12454040770438642,0.2329520162284537
2013-02-16 07:00:00,1.9625300675960774e-07,0.08296954727716746,0.10511954398795956,0.05255987012048316
2013-02-16 08:00:00,1.1944311320670958e-07,0.05578641280918048,0.10920256001040508,0.054601339726759145
2013-02-16 09:00:00,1.0738801759488237e-07,2.7506983486009927e-05,0.1036203915449588,0.0518102494664882
2013-02-16 10:00:00,8.191060499776943e-08,1.5001166437848357e-06,0.09097711939981415,0.04548860065520957
2013-02-16 11:00:00,8.438640297640973e-08,1.6086285926628756e-06,0.09704951141673084,0.048524797901566906
2013-02-16 12:00:00,8.219295319743175e-08,1.481889339024475e-06,0.10695594908940743,0.053478015641180314
2013-02-16 13:00:00,8.878739404570205e-08,1.6092079993847602e-06,0.12500576816270298,0.06250292847504851
2013-02-16 14:00:00,1.311096572183172e-07,5.560619219233775e-05,0.1281228645414413,0.06406149782554926
2013-02-16 15:00:00,2.691957990858948e-07,0.10438243493738167,0.12686338753567067,0.06343182836573488
2013-02-16 16:00:00,0.341357753664095,0.3413728536066892,0.10079271253981965,0.2210752331019573
2013-02-16 17:00:00,0.34135865355482464,0.34137326204178803,0.08628764397281026,0.21382314876381744
2013-02-16 18:00:00,0.34135943151531645,0.34137353344042914,0.08628764397281026,0.21382353774406335
2013-02-16 19:00:00,0.341361268918949,0.341374338937971,0.12354123818355908,0.23245125355125407
2013-02-16 20:00:00,0.3413701127223013,0.3413784507737904,0.1320509777570204,0.23671054523966084
2013-02-16 21:00:00,0.341368869214206,0.34137774442198193,0.13462306815183955,0.23799596868302278
2013-02-16 22:00:00,0.3413698863756713,0.3413780935047765,0.1302047063204448,0.23578729634805806
2013-02-16 23:00:00,0.3413736041600627,0.3413796618543485,0.11359008929562268,0.2274818467278427
2013-02-17 00:00:00,0.3413730921357195,0.3413793803976066,0.1054947773813258,0.22343393475852263
2013-02-17 01:00:00,0.34137265906636544,0.3413791005404224,0.10007036264147302,0.22072151085391922
2013-02-17 02:00:00,0.34137229314135314,0.3413789659454381,0.10269518100592415,0.22203373707363866
2013-02-17 03:00:00,0.3413718917887691,0.3413787220035216,0.10188540863612368,0.22162865021244638
2013-02-17 04:00:00,0.34137157074804675,0.3413785514977355,0.1241431201349771,0.23275734544151191
2013-02-17 05:00:00,0.34137120297703955,0.3413783141396226,0.13511326090761386,0.2382422319423267
2013-02-17 06:00:00,0.34137071981390293,0.341378066647778,0.12454040770438642,0.23295556375914467
2013-02-17 07:00:00,2.215308763212563e-07,0.09079060060625312,0.10511954398795956,0.05255988275941794
2013-02-17 08:00:00,1.2319176897206966e-07,2.4107049180697514e-06,0.10920256001040508,0.054601341601087025
2013-02-17 09:00:00,9.893891966219087e-08,1.8401390296389218e-06,0.1036203915449588,0.05181024524193924
2013-02-17 10:00:00,1.0417060561769161e-07,1.9374414393497598e-06,0.09097711939981415,0.04548861178520988
2013-02-17 11:00:00,1.0428614627245271e-07,1.9296944810718052e-06,0.09704951141673084,0.048524807851438555
2013-02-17 12:00:00,1.1725116199932051e-07,2.2029745541529976e-06,0.10695594908940743,0.05347803317028472
2013-02-17 13:00:00,1.2848522599780346e-07,2.1458191657959745e-06,0.12500576816270298,0.06250294832396448
2013-02-17 14:00:00,2.149113827240763e-07,0.08879969852651308,0.1281228645414413,0.06406153972641201
2013-02-17 15:00:00,4.086098452907783e-07,0.13677241353210964,0.12686338753567067,0.06343189807275798
2013-02-17 16:00:00,0.34136595215645754,0.3413760727574316,0.10079271253981965,0.2210793323481386
2013-02-17 17:00:00,0.3413596574875866,0.34137325668775587,0.08628764397281026,0.21382365073019843
2013-02-17 18:00:00,0.3413596885186099,0.3413733761298531,0.08628764397281026,0.2138236662457101
2013-02-17 19:00:00,0.34136404386807145,0.3413753754936353,0.12354123818355908,0.23245264102581525
2013-02-17 20:00:00,0.34136796926554036,0.34137723412264637,0.1320509777570204,0.23670947351128038
2013-02-17 21:00:00,0.34136694519179617,0.34137672133723124,0.13462306815183955,0.23799500667181786
2013-02-17 22:00:00,0.34137342049261277,0.34137962674672506,0.1302047063204448,0.23578906340652878
2013-02-17 23:00:00,0.3413734403831955,0.341379563019036,0.11359008929562268,0.2274817648394091
2013-02-18 00:00:00,0.34137326221960634,0.3413794830041757,0.1054947773813258,0.22343401980046607
2013-02-18 01:00:00,0.3413731665564473,0.34137941098907987,0.10007036264147302,0.22072176459896015
2013-02-18 02:00:00,0.3413731019372854,0.3413793565773508,0.10269518100592415,0.22203414147160477
2013-02-18 03:00:00,0.34137316621995206,0.3413794257483243,0.10188540863612368,0.22162928742803786
2013-02-18 04:00:00,0.3413723648107242,0.34137908300278963,0.1241431201349771,0.23275774247285064
2013-02-18 05:00:00,0.3413633721181279,0.34137472673317093,0.13511326090761386,0.23823831651287086
2013-02-18 06:00:00,0.34135829431664627,0.34137253649730503,0.12454040770438642,0.23294935101051634
2013-02-18 07:00:00,2.4747996717722696e-07,0.09118843650356764,0.10511954398795956,0.052559895733963365
2013-02-18 08:00:00,1.2084822726191257e-07,0.05634025735430388,0.10920256001040508,0.05460134042931617
2013-02-18 09:00:00,1.0520004770939053e-07,0.00023769649520038143,0.1036203915449588,0.05181024837250326
2013-02-18 10:00:00,9.932041742484356e-08,1.7812617708181106e-06,0.09097711939981415,0.045488609360115784
2013-02-18 11:00:00,1.0850814979620608e-07,1.719516468674127e-06,0.09704951141673084,0.04852480996244032
2013-02-18 12:00:00,1.6125436979185345e-07,3.128333800724538e-06,0.10695594908940743,0.05347805517188861
2013-02-18 13:00:00,1.5988687683690038e-07,3.627757257348623e-06,0.12500576816270298,0.06250296402478991
2013-02-18 14:00:00,1.9401827850513314e-07,0.082261307844121,0.1281228645414413,0.0640615292798599
2013-02-18 15:00:00,3.739296683913176e-07,0.12123477579423249,0.12686338753567067,0.06343188073266953
2013-02-18 16:00:00,0.3413597107940618,0.34137386279062204,0.10079271253981965,0.22107621166694072
2013-02-18 17:00:00,0.3413603314151321,0.3413741971146124,0.08628764397281026,0.21382398769397118
2013-02-18 18:00:00,0.34136110719464346,0.3413745515222035,0.08628764397281026,0.21382437558372686
2013-02-18 19:00:00,0.3413628183014988,0.3413753193465177,0.12354123818355908,0.23245202824252892
2013-02-18 20:00:00,0.3413653384492648,0.34137639377558804,0.1320509777570204,0.2367081581031426
2013-02-18 21:00:00,0.341370544993331,0.3413786594453008,0.13462306815183955,0.2379968065725853
2013-02-18 22:00:00,0.3413691795424323,0.34137803983164755,0.1302047063204448,0.23578694293143854
2013-02-18 23:00:00,0.34137366167383687,0.3413798837665317,0.11359008929562268,0.22748187548472978
2013-02-19 00:00:00,0.34137338169314113,0.3413796894887029,0.1054947773813258,0.22343407953723346
2013-02-19 01:00:00,0.34137321185813285,0.34137948970385923,0.10007036264147302,0.22072178724980293
2013-02-19 02:00:00,0.34137287957308854,0.3413793240322379,0.10269518100592415,0.22203403028950636
2013-02-19 03:00:00,0.341372484382594,0.3413791421886563,0.10188540863612368,0.22162894650935883
2013-02-19 04:00:00,0.34137165321774915,0.34137873230287313,0.1241431201349771,0.23275738667636311
2013-02-19 05:00:00,0.3413621020095209,0.3413739914234103,0.13511326090761386,0.23823768145856739
2013-02-19 06:00:00,0.34136107797125154,0.3413733931551007,0.12454040770438642,0.23295074283781897
2013-02-19 07:00:00,1.1764866438177275e-07,0.0551104002621341,0.10511954398795956,0.05255983081831197
2013-02-19 08:00:00,6.313004973322187e-08,1.187452712225063e-06,0.10920256001040508,0.05460131157022741
2013-02-19 09:00:00,4.040373979555211e-08,4.0311575175238143e-07,0.1036203915449588,0.0518102159743493
2013-02-19 10:00:00,4.144966091453537e-08,3.7309500947126406e-07,0.09097711939981415,0.04548858042473753
2013-02-19 11:00:00,4.4248148140726624e-08,4.510692808441222e-07,0.09704951141673084,0.04852477783243949
2013-02-19 12:00:00,5.0907892074512456e-08,5.079175709186672e-07,0.10695594908940743,0.05347799999864975
2013-02-19 13:00:00,6.819904057078232e-08,1.4366759914920048e-06,0.12500576816270298,0.06250291818087178
2013-02-19 14:00:00,1.2568871480412237e-07,8.608330898811836e-06,0.1281228645414413,0.06406149511507805
2013-02-19 15:00:00,3.5512257748250835e-07,0.11723118519010477,0.12686338753567067,0.06343187132912408
2013-02-19 16:00:00,0.34136118239297186,0.3413740044239919,0.10079271253981965,0.22107694746639575
2013-02-19 17:00:00,0.34136233055546017,0.3413746215311533,0.08628764397281026,0.2138249872641352
2013-02-19 18:00:00,0.34136292015541503,0.3413749558581442,0.08628764397281026,0.21382528206411264
2013-02-19 19:00:00,0.34136276499733464,0.3413749018261205,0.12354123818355908,0.23245200159044688
2013-02-19 20:00:00,0.34136874289165114,0.3413777733952507,0.1320509777570204,0.23670986032433577
2013-02-19 21:00:00,0.3413685899192847,0.3413776200021958,0.13462306815183955,0.23799582903556213
2013-02-19 22:00:00,0.3413671003540897,0.34137679172302315,0.1302047063204448,0.23578590333726723
2013-02-19 23:00:00,0.34137300775964063,0.3413795117353689,0.11359008929562268,0.22748154852763167
2013-02-20 00:00:00,0.3413735148388786,0.3413795911416798,0.1054947773813258,0.2234341461101022
2013-02-20 01:00:00,0.3413732131453063,0.3413794124205724,0.10007036264147302,0.22072178789338964
2013-02-20 02:00:00,0.3413729315307696,0.3413792866931466,0.10269518100592415,0.22203405626834688
2013-02-20 03:00:00,0.34137261448329304,0.34137908556527724,0.10188540863612368,0.22162901155970835
2013-02-20 04:00:00,0.3413698342218284,0.34137777798625546,0.1241431201349771,0.23275647717840275
2013-02-20 05:00:00,0.3413606745639232,0.3413732159509853,0.13511326090761386,0.23823696773576852
2013-02-20 06:00:00,0.3413594621588279,0.3413725448151642,0.12454040770438642,0.23294993493160715
2013-02-20 07:00:00,1.8015063114872874e-07,0.07772248341129888,0.10511954398795956,0.05255986206929535
2013-02-20 08:00:00,9.569109345698155e-08,1.3257217292656124e-06,0.10920256001040508,0.05460132785074927
2013-02-20 09:00:00,7.63254486600686e-08,7.435790668046015e-07,0.1036203915449588,0.05181023393520373
2013-02-20 10:00:00,1.1728301693828698e-07,1.1425961137011936e-06,0.09097711939981415,0.04548861834141554
2013-02-20 11:00:00,1.453941390362472e-07,1.4348558343316927e-06,0.09704951141673084,0.048524828405434935
2013-02-20 12:00:00,1.937373140114866e-07,2.0380024424513804e-06,0.10695594908940743,0.05347807141336072
2013-02-20 13:00:00,1.9874192881079018e-07,2.4893781346716234e-06,0.12500576816270298,0.06250298345231589
2013-02-20 14:00:00,2.78221618543137e-07,0.10679792089743007,0.1281228645414413,0.06406157138152993
2013-02-20 15:00:00,4.4800331641921704e-07,0.14440398570435237,0.12686338753567067,0.06343191776949354
2013-02-20 16:00:00,0.3413593760198302,0.3413732831769641,0.10079271253981965,0.2210760442798249
2013-02-20 17:00:00,0.3413603379823328,0.3413738626013691,0.08628764397281026,0.21382399097757152
2013-02-20 18:00:00,0.34136102066868823,0.3413741302720131,0.08628764397281026,0.21382433232074924
2013-02-20 19:00:00,0.34136105169995107,0.3413742333615763,0.12354123818355908,0.23245114494175506
2013-02-20 20:00:00,0.3413630442819809,0.3413750601916918,0.1320509777570204,0.23670701101950065
2013-02-20 21:00:00,0.34136837269021747,0.34137749682646285,0.13462306815183955,0.2379957204210285
2013-02-20 22:00:00,0.341370045924678,0.3413781701116151,0.1302047063204448,0.2357873761225614
2013-02-20 23:00:00,0.3413730669922641,0.341379341635952,0.11359008929562268,0.2274815781439434
2013-02-21 00:00:00,0.34137271255190316,0.3413791823324746,0.1054947773813258,0.22343374496661447
2013-02-21 01:00:00,0.3413723378649708,0.34137896986779115,0.10007036264147302,0.2207213502532219
2013-02-21 02:00:00,0.34137218046651074,0.3413788806149803,0.10269518100592415,0.22203368073621743
2013-02-21 03:00:00,0.3413720475306678,0.34137883296678195,0.10188540863612368,0.22162872808339573
2013-02-21 04:00:00,0.3413718229822173,0.34137864005585067,0.1241431201349771,0.2327574715585972
2013-02-21 05:00:00,0.34136132622238896,0.34137353516722346,0.13511326090761386,0.2382372935650014
2013-02-21 06:00:00,0.34136052159663927,0.3413730965081882,0.12454040770438642,0.23295046465051283
2013-02-21 07:00:00,1.8761684620834486e-07,0.08014161108770153,0.10511954398795956,0.052559865802402884
2013-02-21 08:00:00,8.530532497911273e-08,1.278972325337792e-06,0.10920256001040508,0.054601322657865034
2013-02-21 09:00:00,6.86400026797057e-08,9.379245390858068e-07,0.1036203915449588,0.051810230092480744
2013-02-21 10:00:00,7.595962404163879e-08,1.0379426494735982e-06,0.09097711939981415,0.04548859767971909
2013-02-21 11:00:00,8.032413438922488e-08,1.1128250734489323e-06,0.09704951141673084,0.04852479587043261
2013-02-21 12:00:00,1.3177890837573563e-07,1.1259489871527554e-05,0.10695594908940743,0.05347804043415791
2013-02-21 13:00:00,1.5619206792813863e-07,0.06948945492047993,0.12500576816270298,0.06250296217738545
2013-02-21 14:00:00,2.48032461827184e-07,0.09854900077341801,0.1281228645414413,0.06406155628695157
2013-02-21 15:00:00,5.515345621891069e-07,0.1530090072406693,0.12686338753567067,0.06343196953511643
2013-02-21 16:00:00,0.34136052416924983,0.3413737644852344,0.10079271253981965,0.22107661835453474
2013-02-21 17:00:00,0.34136058623160065,0.34137391787613397,0.08628764397281026,0.21382411510220545
2013-02-21 18:00:00,0.34136092757493347,0.3413741453812975,0.08628764397281026,0.21382428577387186
2013-02-21 19:00:00,0.3413635097574066,0.34137518709567416,0.12354123818355908,0.23245237397048285
2013-02-21 20:00:00,0.3413660609508424,0.341376467708367,0.1320509777570204,0.2367085193539314
2013-02-21 21:00:00,0.34136880714862844,0.34137767527972956,0.13462306815183955,0.237995937650234
2013-02-21 22:00:00,0.3413676279069429,0.3413770745103388,0.1302047063204448,0.23578616711369388
2013-02-21 23:00:00,0.34137309752328526,0.34137935105793854,0.11359008929562268,0.22748159340945398
2013-02-22 00:00:00,0.34137289002669174,0.34137922518114616,0.1054947773813258,0.22343383370400877
2013-02-22 01:00:00,0.3413727279034556,0.34137918339895634,0.10007036264147302,0.2207215452724643
2013-02-22 02:00:00,0.3413726724001535,0.34137912170380874,0.10269518100592415,0.22203392670303884
2013-02-22 03:00:00,0.3413727611378089,0.34137918713260124,0.10188540863612368,0.22162908488696628
2013-02-22 04:00:00,0.341372839076881,0.3413792342466416,0.1241431201349771,0.23275797960592903
2013-02-22 05:00:00,0.34136474190244986,0.3413754719942558,0.13511326090761386,0.23823900140503185
2013-02-22 06:00:00,0.34136461777431887,0.34137540160900814,0.12454040770438642,0.23295251273935264
2013-02-22 07:00:00,2.929268648910573e-07,0.1028873309947055,0.10511954398795956,0.05255991845741222
2013-02-22 08:00:00,1.78359686604591e-07,1.0831621999740374e-05,0.10920256001040508,0.054601369185045844
2013-02-22 09:00:00,1.5153221547120014e-07,6.646264933949611e-06,0.1036203915449588,0.05181027153858714
2013-02-22 10:00:00,1.539711152240788e-07,4.9350815348846434e-06,0.09097711939981415,0.045488636685464684
2013-02-22 11:00:00,1.7048692828416215e-07,9.231926838734155e-06,0.09704951141673084,0.04852484095182956
2013-02-22 12:00:00,1.867900344278939e-07,0.07991780519347688,0.10695594908940743,0.05347806793972093
2013-02-22 13:00:00,1.8219478395767645e-07,0.07840023696019002,0.12500576816270298,0.06250297517874347
2013-02-22 14:00:00,2.4740854394727863e-07,0.0911690273274934,0.1281228645414413,0.06406155597499263
2013-02-22 15:00:00,5.07321897925718e-07,0.14598850682344536,0.12686338753567067,0.0634319474287843
2013-02-22 16:00:00,0.3413629157758351,0.3413751897692317,0.10079271253981965,0.22107781415782737
2013-02-22 17:00:00,0.341361672326393,0.341374619231882,0.08628764397281026,0.2138246581496016
2013-02-22 18:00:00,0.3413616412950172,0.34137460163578554,0.08628764397281026,0.21382464263391374
2013-02-22 19:00:00,0.3413662427628591,0.3413767393000301,0.12354123818355908,0.2324537404732091
2013-02-22 20:00:00,0.3413697381346615,0.3413783050245683,0.1320509777570204,0.23671035794584094
2013-02-22 21:00:00,0.3413687739244171,0.34137774069009047,0.13462306815183955,0.23799592103812833
2013-02-22 22:00:00,0.341367284358013,0.3413769300070236,0.1302047063204448,0.2357859953392289
2013-02-22 23:00:00,0.3413716808930019,0.34137883398187724,0.11359008929562268,0.2274808850943123
2013-02-23 00:00:00,0.34137266847958003,0.3413791757274297,0.1054947773813258,0.2234337229304529
2013-02-23 01:00:00,0.3413720671423451,0.34137881189996755,0.10007036264147302,0.22072121489190905
2013-02-23 02:00:00,0.3413716517756648,0.34137858863797454,0.10269518100592415,0.2220334163907945
2013-02-23 03:00:00,0.3413713490506847,0.34137842122253825,0.10188540863612368,0.2216283788434042
2013-02-23 04:00:00,0.34137116415423263,0.3413783284157929,0.1241431201349771,0.23275714214460486
2013-02-23 05:00:00,0.34137067608947597,0.3413780402021685,0.13511326090761386,0.2382419684985449
2013-02-23 06:00:00,0.3413681800433553,0.3413767784389924,0.12454040770438642,0.23295429387387084
2013-02-23 07:00:00,1.806183940327536e-07,1.3634718398809359e-05,0.10511954398795956,0.052559862303176795
2013-02-23 08:00:00,1.1383170862178817e-07,2.3139541053223194e-06,0.10920256001040508,0.054601336921056856
2013-02-23 09:00:00,7.327264569196274e-08,1.1055209221190339e-06,0.1036203915449588,0.05181023240880225
2013-02-23 10:00:00,6.496285923111145e-08,9.863093055995976e-07,0.09097711939981415,0.04548859218133669
2013-02-23 11:00:00,7.023817792473595e-08,1.03307757087552e-06,0.09704951141673084,0.04852479082745438
2013-02-23 12:00:00,1.0946285192033237e-07,2.105116946540426e-06,0.10695594908940743,0.05347802927612968
2013-02-23 13:00:00,1.5457062238994625e-07,2.8943699302812774e-06,0.12500576816270298,0.06250296136666268
2013-02-23 14:00:00,2.2419862653118908e-07,3.6592136851868686e-06,0.1281228645414413,0.06406154437003392
2013-02-23 15:00:00,5.761844158888871e-07,1.3267523823224094e-05,0.12686338753567067,0.06343198186004328
2013-02-23 16:00:00,0.34136555823126696,0.3413752879508824,0.10079271253981965,0.2210791353855433
2013-02-23 17:00:00,0.34136639611613023,0.3413757467082055,0.08628764397281026,0.21382702004447024
2013-02-23 18:00:00,0.34136679735272774,0.3413759729781081,0.08628764397281026,0.213827220662769
2013-02-23 19:00:00,0.34136968302602244,0.34137744135349074,0.12354123818355908,0.23245546060479078
2013-02-23 20:00:00,0.34136864442296144,0.3413769228025313,0.1320509777570204,0.23670981108999092
2013-02-23 21:00:00,0.34136992931066873,0.3413776155516174,0.13462306815183955,0.23799649873125414
2013-02-23 22:00:00,0.34136970009626433,0.3413774665965029,0.1302047063204448,0.23578720320835456
2013-02-23 23:00:00,0.3413696044082359,0.3413774322638344,0.11359008929562268,0.2274798468519293
2013-02-24 00:00:00,0.3413693350575334,0.341377300844103,0.1054947773813258,0.2234320562194296
2013-02-24 01:00:00,0.26323751891074126,0.3268983268983269,0.10007036264147302,0.18165394077610714
2013-02-24 02:00:00,0.23992133726647003,0.3222286042504307,0.10269518100592415,0.17130825913619707
2013-02-24 03:00:00,0.32648542256120067,0.3379692141506887,0.10188540863612368,0.21418541559866217
2013-02-24 04:00:00,0.30838246603435016,0.3332401062788421,0.1241431201349771,0.21626279308466362
2013-02-24 05:00:00,0.32241746538871136,0.3361178280940867,0.13511326090761386,0.2287653631481626
2013-02-24 06:00:00,0.34136324261341444,0.34137384675700067,0.12454040770438642,0.23295182515890042
2013-02-24 07:00:00,3.8428430890309886e-07,9.43224161241156e-06,0.10511954398795956,0.05255996413613423
2013-02-24 08:00:00,3.0290584773748456e-07,3.621638253812744e-06,0.10920256001040508,0.05460143145812641
2013-02-24 09:00:00,2.5893402493748287e-07,3.095899238209765e-06,0.1036203915449588,0.051810325239491875
2013-02-24 10:00:00,2.4068952735797513e-07,2.877763106515125e-06,0.09097711939981415,0.04548868004467076
2013-02-24 11:00:00,2.601269621173528e-07,3.1101626267011748e-06,0.09704951141673084,0.04852488577184648
2013-02-24 12:00:00,3.251702459307281e-07,3.887837852723703e-06,0.10695594908940743,0.05347813712982668
2013-02-24 13:00:00,3.249665020467609e-07,3.854565337935293e-06,0.12500576816270298,0.06250304656460251
2013-02-24 14:00:00,4.099429405545329e-07,5.990589717152749e-06,0.1281228645414413,0.06406163724219094
2013-02-24 15:00:00,9.776575910712488e-07,4.0156278009416194e-05,0.12686338753567067,0.06343218259663087
2013-02-24 16:00:00,0.3413670251788849,0.34137608938291764,0.10079271253981965,0.22107986885935227
2013-02-24 17:00:00,0.341361775989087,0.3413736606370139,0.08628764397281026,0.21382470998094863
2013-02-24 18:00:00,0.34136292197065954,0.34137427526061026,0.08628764397281026,0.2138252829717349
2013-02-24 19:00:00,0.34136373098820866,0.3413747352501677,0.12354123818355908,0.23245248458588386
2013-02-24 20:00:00,0.34137022231406006,0.34137800692652454,0.1320509777570204,0.23671060003554023
2013-02-24 21:00:00,0.34137100623184646,0.34137838569528983,0.13462306815183955,0.237997037191843
2013-02-24 22:00:00,0.34137257351896744,0.3413791268464335,0.1302047063204448,0.2357886399197061
2013-02-24 23:00:00,0.3413722608677943,0.34137897330478617,0.11359008929562268,0.2274811750817085
2013-02-25 00:00:00,0.3413717577657798,0.34137875930838313,0.1054947773813258,0.2234332675735528
2013-02-25 01:00:00,0.3413719345226623,0.34137880018805056,0.10007036264147302,0.22072114858206765
2013-02-25 02:00:00,0.3413721554722002,0.3413788924389831,0.10269518100592415,0.22203366823906218
2013-02-25 03:00:00,0.34137224419291784,0.3413789402556891,0.10188540863612368,0.22162882641452075
2013-02-25 04:00:00,0.34137188326944745,0.34137879966681617,0.1241431201349771,0.23275750170221227
2013-02-25 05:00:00,0.34136581671065624,0.3413758701216296,0.13511326090761386,0.23823953880913507
2013-02-25 06:00:00,0.34136332319403173,0.3413745191210868,0.12454040770438642,0.23295186544920907
2013-02-25 07:00:00,1.364153708595851e-07,0.0622973121191592,0.10511954398795956,0.05255984020166521
2013-02-25 08:00:00,7.656462816435122e-08,3.90065151665242e-06,0.10920256001040508,0.054601318287516624
2013-02-25 09:00:00,6.523953445329173e-08,1.3647011506984013e-06,0.1036203915449588,0.05181022839224663
2013-02-25 10:00:00,6.720128374164324e-08,1.785511441897417e-06,0.09097711939981415,0.04548859330054895
2013-02-25 11:00:00,6.705812267998919e-08,1.5780848249440116e-06,0.09704951141673084,0.04852478923742676
2013-02-25 12:00:00,7.43800970562746e-08,3.34300368297505e-05,0.10695594908940743,0.053478011734752244
2013-02-25 13:00:00,7.812644995095482e-08,4.9225414381614035e-06,0.12500576816270298,0.06250292314457646
2013-02-25 14:00:00,1.0002938863438078e-07,0.048015261026944124,0.1281228645414413,0.06406148228541497
2013-02-25 15:00:00,1.7350161833634504e-07,0.07547575187333119,0.12686338753567067,0.06343178051864451
2013-02-25 16:00:00,0.2357491933363518,0.2670587264196689,0.10079271253981965,0.16827095293808572
2013-02-25 17:00:00,0.34136706932161975,0.3413767238248363,0.08628764397281026,0.213827356647215
2013-02-25 18:00:00,0.3413674727441698,0.3413769525788383,0.08628764397281026,0.21382755835849002
2013-02-25 19:00:00,0.3413675037767131,0.3413769865279445,0.12354123818355908,0.2324543709801361
2013-02-25 20:00:00,0.3413673464230203,0.34137693125085855,0.1320509777570204,0.23670916209002035
2013-02-25 21:00:00,0.3413678184847854,0.3413771335191347,0.13462306815183955,0.2379954433183125
2013-02-25 22:00:00,0.34136822848316056,0.3413773194354361,0.1302047063204448,0.2357864674018027
2013-02-25 23:00:00,0.34137345965514315,0.3413796276558589,0.11359008929562268,0.22748177447538293
2013-02-26 00:00:00,0.34137291077747267,0.3413793830459788,0.1054947773813258,0.22343384407939923
2013-02-26 01:00:00,0.34137314710625255,0.3413794495426655,0.10007036264147302,0.22072175487386278
2013-02-26 02:00:00,0.3413731245033378,0.3413794402990481,0.10269518100592415,0.22203415275463095
2013-02-26 03:00:00,0.3413733837758357,0.3413795759426055,0.10188540863612368,0.22162939620597968
2013-02-26 04:00:00,0.34137297756965895,0.34137940722011517,0.1241431201349771,0.23275804885231802
2013-02-26 05:00:00,0.34136458455203866,0.34137538152552066,0.13511326090761386,0.23823892272982627
2013-02-26 06:00:00,0.34136365359436305,0.34137487123355736,0.12454040770438642,0.23295203064937473
2013-02-26 07:00:00,3.0247727883105035e-07,0.11302229522067193,0.10511954398795956,0.052559923232619196
2013-02-26 08:00:00,1.8737329661538456e-07,0.05030269107923939,0.10920256001040508,0.05460137369185085
2013-02-26 09:00:00,1.6729948626789088e-07,0.00013307582394974095,0.1036203915449588,0.051810279422222535
2013-02-26 10:00:00,1.5956858611541607e-07,7.308289829493156e-06,0.09097711939981415,0.045488639484200136
2013-02-26 11:00:00,1.731939888907987e-07,7.4064369796649305e-06,0.09704951141673084,0.04852484230535986
2013-02-26 12:00:00,2.1904239193123768e-07,0.0642267717455742,0.10695594908940743,0.053478084065899684
2013-02-26 13:00:00,2.3904996444397395e-07,0.09597827234236694,0.12500576816270298,0.0625030036063337
2013-02-26 14:00:00,3.031087949408044e-07,0.11318134143692452,0.1281228645414413,0.06406158382511813
2013-02-26 15:00:00,4.2008105043787144e-07,0.13906980536657906,0.12686338753567067,0.06343190380836056
2013-02-26 16:00:00,0.341359677574185,0.341373944553802,0.10079271253981965,0.22107619505700232
2013-02-26 17:00:00,0.3413611692571567,0.3413745527656508,0.08628764397281026,0.21382440661498348
2013-02-26 18:00:00,0.34136151060138287,0.34137479786720126,0.08628764397281026,0.21382457728709656
2013-02-26 19:00:00,0.34136135544483176,0.34137472623940507,0.12354123818355908,0.2324512968141954
2013-02-26 20:00:00,0.3413687297431422,0.341377979758472,0.1320509777570204,0.2367098537500813
2013-02-26 21:00:00,0.34137116565644154,0.3413790289753393,0.13462306815183955,0.23799711690414055
2013-02-26 22:00:00,0.34137101706662365,0.341378948456854,0.1302047063204448,0.23578786169353422
2013-02-26 23:00:00,0.3413732329225429,0.3413797481358541,0.11359008929562268,0.2274816611090828
2013-02-27 00:00:00,0.34137391619452856,0.34137990972125426,0.1054947773813258,0.22343434678792717
2013-02-27 01:00:00,0.34137415456552345,0.34138001693414616,0.10007036264147302,0.22072225860349823
2013-02-27 02:00:00,0.3413740081588332,0.3413799552525747,0.10269518100592415,0.22203459458237867
2013-02-27 03:00:00,0.34137404358071743,0.34137996023021394,0.10188540863612368,0.22162972610842055
2013-02-27 04:00:00,0.3413708261383589,0.34137861500564837,0.1241431201349771,0.232756973136668
2013-02-27 05:00:00,0.34136725551652436,0.3413769488473228,0.13511326090761386,0.23824025821206912
2013-02-27 06:00:00,0.34135975495848636,0.3413731786537565,0.12454040770438642,0.23295008133143638
2013-02-27 07:00:00,3.189243094101594e-07,0.11706484776170079,0.10511954398795956,0.05255993145613448
2013-02-27 08:00:00,2.2184374583657832e-07,0.09085494379870998,0.10920256001040508,0.05460139092707546
2013-02-27 09:00:00,2.254988033530169e-07,0.09194047443437484,0.1036203915449588,0.05181030852188108
2013-02-27 10:00:00,2.180718623838613e-07,0.08977522586112684,0.09097711939981415,0.04548866873583827
2013-02-27 11:00:00,2.2096117768575922e-07,0.09064255885703555,0.09704951141673084,0.04852486618895426
2013-02-27 12:00:00,3.244225512892228e-07,0.118305419522555,0.10695594908940743,0.053478136755979365
2013-02-27 13:00:00,3.0932471733391794e-07,0.11464767326174462,0.12500576816270298,0.06250303874371016
2013-02-27 14:00:00,3.777165373365243e-07,0.13039870746773927,0.1281228645414413,0.06406162112898932
2013-02-27 15:00:00,4.446080162825336e-07,0.14377009497274765,0.12686338753567067,0.06343191607184348
2013-02-27 16:00:00,0.3413598327291694,0.34137398223247195,0.10079271253981965,0.22107627263449453
2013-02-27 17:00:00,0.34136107616339534,0.34137461941953623,0.08628764397281026,0.2138243600681028
2013-02-27 18:00:00,0.34136175885215797,0.3413749386359311,0.08628764397281026,0.2138247014124841
2013-02-27 19:00:00,0.34136154163271,0.3413748833606443,0.12354123818355908,0.23245138990813452
2013-02-27 20:00:00,0.34136204032425355,0.3413751145970066,0.1320509777570204,0.23670650904063698
2013-02-27 21:00:00,0.34137091739092645,0.34137893974777056,0.13462306815183955,0.237996992771383
2013-02-27 22:00:00,0.3413713693930578,0.3413790174211186,0.1302047063204448,0.2357880378567513
2013-02-27 23:00:00,0.3413727739924813,0.3413794576971767,0.11359008929562268,0.227481431644052
2013-02-28 00:00:00,0.3413730958038639,0.3413795399993773,0.1054947773813258,0.22343393659259483
2013-02-28 01:00:00,0.3413733242479608,0.3413795137314943,0.10007036264147302,0.2207218434447169
2013-02-28 02:00:00,0.34137286522959287,0.34137929114398646,0.10269518100592415,0.2220340231177585
2013-02-28 03:00:00,0.341372489563193,0.3413790747893118,0.10188540863612368,0.22162894909965833
2013-02-28 04:00:00,0.3413709989666248,0.34137829076983384,0.1241431201349771,0.23275705955080095
2013-02-28 05:00:00,0.34136105131843425,0.3413733641792641,0.13511326090761386,0.23823715611302404
2013-02-28 06:00:00,0.34135860204550905,0.3413719250337838,0.12454040770438642,0.23294950487494773
2013-02-28 07:00:00,2.0484561389237463e-07,8.34519801914607e-05,0.10511954398795956,0.05255987441678672
2013-02-28 08:00:00,1.1894649151934563e-07,1.4108787669687094e-06,0.10920256001040508,0.0546013394784483
2013-02-28 09:00:00,9.866645102878876e-08,9.416128149737667e-07,0.1036203915449588,0.051810245105704915
2013-02-28 10:00:00,7.754589072111591e-08,7.554688586906293e-07,0.09097711939981415,0.045488598472852436
2013-02-28 11:00:00,7.270572363206969e-08,6.899171379161008e-07,0.09704951141673084,0.048524792061227236
2013-02-28 12:00:00,9.49540650215052e-08,8.649939215126553e-07,0.10695594908940743,0.05347802202173623
2013-02-28 13:00:00,9.054186603500522e-08,9.033529308878352e-07,0.12500576816270298,0.0625029293522845
2013-02-28 14:00:00,1.6845551133931138e-07,1.1409452587962937e-05,0.1281228645414413,0.06406151649847633
2013-02-28 15:00:00,2.635495818170936e-07,0.10285661751195106,0.12686338753567067,0.06343182554262625
2013-02-28 16:00:00,0.3413618070206442,0.3413736103351412,0.10079271253981965,0.22107725978023193
2013-02-28 17:00:00,0.3413631702248757,0.3413743644852115,0.08628764397281026,0.21382540709884298
2013-02-28 18:00:00,0.3413644115013729,0.3413750695798549,0.08628764397281026,0.21382602773709158
2013-02-28 19:00:00,0.3413654775460617,0.34137560990645976,0.12354123818355908,0.23245335786481042
2013-02-28 20:00:00,0.34136375764005267,0.3413747654687532,0.1320509777570204,0.23670736769853654
2013-02-28 21:00:00,0.34137237423296984,0.34137896584932936,0.13462306815183955,0.2379977211924047
2013-02-28 22:00:00,0.34137218344692266,0.3413788339391478,0.1302047063204448,0.23578844488368372
2013-02-28 23:00:00,0.3413699824654928,0.34137780535420353,0.11359008929562268,0.22748003588055776
2013-03-01 00:00:00,0.3413709668988082,0.34137828720217267,0.0805033391219144,0.2109371530103613
2013-03-01 01:00:00,0.3413709735999746,0.341378238470175,0.07806808836545148,0.20971953098271304
2013-03-01 02:00:00,0.341370407586904,0.34137793453125337,0.07739015365141019,0.2093802806191571
2013-03-01 03:00:00,0.3413701601122666,0.3413777395097847,0.08262039351690634,0.21199527681458646
2013-03-01 04:00:00,0.34136889926798347,0.3413771225909587,0.09826300087968827,0.21981595007383586
2013-03-01 05:00:00,0.34136422895029583,0.34137469165918605,0.12917073311641294,0.23526748103335438
2013-03-01 06:00:00,1.3083835255906008e-06,0.23269661485893345,0.12360238104403823,0.06180184471378191
2013-03-01 07:00:00,1.1045404725658594e-07,5.655108919028166e-06,0.12079946547581896,0.06039978796493311
2013-03-01 08:00:00,6.147715746284203e-08,8.633834930363338e-07,0.11014415623293418,0.05507210885504582
2013-03-01 09:00:00,4.451009811087507e-08,4.5856670054187377e-07,0.09959740394485322,0.049798724227475666
2013-03-01 10:00:00,3.8197711902488875e-08,3.4382371381068484e-07,0.08852809081361382,0.04426406450566286
2013-03-01 11:00:00,3.563746298082167e-08,3.207784847052799e-07,0.09911963339479171,0.049559834516127346
2013-03-01 12:00:00,3.9040105967786594e-08,3.7257526325151986e-07,0.11198811058265565,0.05599407481138081
2013-03-01 13:00:00,4.1271240767321274e-08,4.878590348774229e-07,0.12841528799714516,0.06420766463419296
2013-03-01 14:00:00,6.974697517830697e-08,1.3589785408993327e-06,0.1272616701229747,0.06363086993497494
2013-03-01 15:00:00,1.3304037842005237e-07,0.06102874705243357,0.1265910478915084,0.06329559046594341
2013-03-01 16:00:00,1.2968508441266988e-06,0.22406687549074245,0.1213884854409157,0.06069489114587991
2013-03-01 17:00:00,0.34136220167300113,0.3413738970366894,0.09938082905419919,0.22037151536360017
2013-03-01 18:00:00,0.3413629752749184,0.3413743696471261,0.09981845517277324,0.22059071522384582
2013-03-01 19:00:00,0.34136322571883043,0.3413744613585607,0.1263835603219928,0.2338733930204116
2013-03-01 20:00:00,0.34136466413832905,0.34137521532471243,0.13192385273887433,0.2366442584386017
2013-03-01 21:00:00,0.34137050346108583,0.34137806433255563,0.11544756664547702,0.22840903505328142
2013-03-01 22:00:00,0.3413718815130424,0.34137872034537936,0.1064903447668927,0.22393111313996755
2013-03-01 23:00:00,0.3413715253832308,0.34137850414892673,0.08554502167079693,0.21345827352701385
2013-03-02 00:00:00,0.341370674209318,0.34137807368836104,0.0805033391219144,0.2109370066656162
2013-03-02 01:00:00,0.3413701944887549,0.34137779121745493,0.07806808836545148,0.20971914142710318
2013-03-02 02:00:00,0.3413700789077007,0.3413777007404783,0.07739015365141019,0.20938011627955544
2013-03-02 03:00:00,0.34136914487683145,0.3413771803088077,0.08262039351690634,0.21199476919686888
2013-03-02 04:00:00,0.34136763615429905,0.3413763168137167,0.09826300087968827,0.21981531851699365
2013-03-02 05:00:00,0.34136410516081434,0.3413744144526057,0.12917073311641294,0.23526741913861365
2013-03-02 06:00:00,0.21996513968554016,0.25422203935542426,0.12360238104403823,0.1717837603647892
2013-03-02 07:00:00,1.405550074495911e-07,2.320723508761091e-06,0.12079946547581896,0.06039980301541321
2013-03-02 08:00:00,3.6222417342322664e-08,2.749768407630288e-07,0.11014415623293418,0.05507209622767576
2013-03-02 09:00:00,2.6905772527217913e-08,1.7871959714764544e-07,0.09959740394485322,0.049798715425312876
2013-03-02 10:00:00,2.2147483079738194e-08,1.4711300252850683e-07,0.08852809081361382,0.04426405648054845
2013-03-02 11:00:00,1.981842527222205e-08,1.3164239801447155e-07,0.09911963339479171,0.049559826606608494
2013-03-02 12:00:00,2.0522013111801488e-08,1.3631593162967733e-07,0.11198811058265565,0.05599406555233438
2013-03-02 13:00:00,2.1493088075418733e-08,1.7947757178919316e-07,0.12841528799714516,0.06420765474511662
2013-03-02 14:00:00,4.212174798430412e-08,3.5706611267202004e-07,0.1272616701229747,0.06363085612236134
2013-03-02 15:00:00,1.0430771840869293e-07,1.3857114168674554e-06,0.1265910478915084,0.06329557609961341
2013-03-02 16:00:00,9.293925985651831e-07,0.20594521358202356,0.1213884854409157,0.06069470741675713
2013-03-02 17:00:00,0.34136319319289743,0.341373960746497,0.09938082905419919,0.22037201112354832
2013-03-02 18:00:00,0.3413645235725385,0.34137474799166523,0.09981845517277324,0.22059148937265588
2013-03-02 19:00:00,0.3413651599200347,0.34137522079701144,0.1263835603219928,0.23387436012101376
2013-03-02 20:00:00,0.34136638771456856,0.34137580627219893,0.13192385273887433,0.23664512022672146
2013-03-02 21:00:00,0.3413666315946217,0.3413760451626771,0.11544756664547702,0.22840709912004936
2013-03-02 22:00:00,0.341367772522878,0.3413765497559808,0.1064903447668927,0.22392905864488533
2013-03-02 23:00:00,0.34136743554086596,0.34137642906590804,0.08554502167079693,0.21345622860583144
2013-03-03 00:00:00,0.34136955993249785,0.34137744119972135,0.0805033391219144,0.21093644952720614
2013-03-03 01:00:00,0.3269442912300055,0.33886521641623685,0.07806808836545148,0.2025061897977285
2013-03-03 02:00:00,0.3413687420742086,0.34137698103028424,0.07739015365141019,0.20937944786280938
2013-03-03 03:00:00,0.3413677071943214,0.3413764181858996,0.08262039351690634,0.21199405035561386
2013-03-03 04:00:00,0.34136606798172364,0.34137549779774473,0.09826300087968827,0.21981453443070595
2013-03-03 05:00:00,0.33485042984401137,0.339034423035289,0.12917073311641294,0.23201058148021214
2013-03-03 06:00:00,9.117020606289975e-07,0.20437391626456072,0.12360238104403823,0.061801646373049426
2013-03-03 07:00:00,4.595444247523533e-08,4.256045482362613e-07,0.12079946547581896,0.06039975571513072
2013-03-03 08:00:00,1.6402477430191057e-08,1.1206541173411276e-07,0.11014415623293418,0.055072086317705805
2013-03-03 09:00:00,1.7859691583962652e-08,1.1315041071943742e-07,0.09959740394485322,0.049798710902272406
2013-03-03 10:00:00,2.889491763152175e-08,1.505774141909509e-07,0.08852809081361382,0.04426405985426572
2013-03-03 11:00:00,3.166627495484548e-08,1.5950120970738777e-07,0.09911963339479171,0.04955983253053333
2013-03-03 12:00:00,3.333858675374825e-08,1.7208071033999466e-07,0.11198811058265565,0.0559940719606212
2013-03-03 13:00:00,1.5522876531417793e-08,1.0605575534888667e-07,0.12841528799714516,0.06420765176001085
2013-03-03 14:00:00,2.021951982199058e-08,1.432606012563525e-07,0.1272616701229747,0.06363084517124726
2013-03-03 15:00:00,7.465111335603599e-08,7.744932181548579e-07,0.1265910478915084,0.06329556127131088
2013-03-03 16:00:00,8.541207339516408e-07,0.19899312985141554,0.1213884854409157,0.06069466978082482
2013-03-03 17:00:00,0.341363205856732,0.3413738123749614,0.09938082905419919,0.2203720174554656
2013-03-03 18:00:00,0.34136538919071213,0.3413750038468651,0.09981845517277324,0.22059192218174267
2013-03-03 19:00:00,0.3413667813557482,0.3413758083650092,0.1263835603219928,0.2338751708388705
2013-03-03 20:00:00,0.34136758606312917,0.34137626341837934,0.13192385273887433,0.23664571940100176
2013-03-03 21:00:00,0.3413685194344234,0.34137672029463073,0.11544756664547702,0.22840804303995021
2013-03-03 22:00:00,0.3413685719628952,0.3413768136674572,0.1064903447668927,0.22392945836489397
2013-03-03 23:00:00,0.3413678605818882,0.34137645385625337,0.08554502167079693,0.21345644112634257
2013-03-04 00:00:00,0.341368038434943,0.34137652881233055,0.0805033391219144,0.21093568877842872
2013-03-04 01:00:00,0.341368578466365,0.3413768521558932,0.07806808836545148,0.20971833341590823
2013-03-04 02:00:00,0.34136835566339296,0.3413747580327696,0.07739015365141019,0.2093792546574016
2013-03-04 03:00:00,0.34136765307429384,0.34137613023845703,0.08262039351690634,0.21199402329560008
2013-03-04 04:00:00,0.34136600699695346,0.34137539617704804,0.09826300087968827,0.21981450393832086
2013-03-04 05:00:00,0.34136232422131746,0.341373361425948,0.12917073311641294,0.23526652866886522
2013-03-04 06:00:00,8.085169535224929e-07,0.19438582803715387,0.12360238104403823,0.06180159478049588
2013-03-04 07:00:00,6.552151531870563e-08,8.455737115311215e-07,0.12079946547581896,0.06039976549866714
2013-03-04 08:00:00,1.6781757075474073e-08,1.2314962748108227e-07,0.11014415623293418,0.05507208650734563
2013-03-04 09:00:00,1.3802896905072586e-08,9.430294696674344e-08,0.09959740394485322,0.04979870887387507
2013-03-04 10:00:00,1.2782769562916716e-08,8.733409078082447e-08,0.08852809081361382,0.04426405179819169
2013-03-04 11:00:00,1.2794267022007816e-08,8.741285994102604e-08,0.09911963339479171,0.049559823094529366
2013-03-04 12:00:00,1.401801669333649e-08,9.577411576893467e-08,0.11198811058265565,0.05599406230033617
2013-03-04 13:00:00,1.5522148144437397e-08,1.0605074905411571e-07,0.12841528799714516,0.06420765175964666
2013-03-04 14:00:00,2.0357870600122133e-08,1.699980664007811e-07,0.1272616701229747,0.06363084524042266
2013-03-04 15:00:00,9.997389681554148e-08,1.7645236207907069e-06,0.1265910478915084,0.06329557393270262
2013-03-04 16:00:00,8.287253899636383e-07,0.19649028782948466,0.1213884854409157,0.06069465708315283
2013-03-04 17:00:00,0.34136256053850955,0.3413738540057057,0.09938082905419919,0.22037169479635438
2013-03-04 18:00:00,0.34136392813017796,0.3413746810303213,0.09981845517277324,0.22059119165147562
2013-03-04 19:00:00,0.34136457980314844,0.34137506814960333,0.1263835603219928,0.2338740700625706
2013-03-04 20:00:00,0.3413659828255811,0.34137585109649005,0.13192385273887433,0.23664491778222774
2013-03-04 21:00:00,0.3413646396770872,0.3413751184515567,0.11544756664547702,0.2284061031612821
2013-03-04 22:00:00,0.34137206847930857,0.34137882765285926,0.1064903447668927,0.22393120662310062
2013-03-04 23:00:00,0.34137130217659,0.3413784551603107,0.08554502167079693,0.21345816192369346
2013-03-05 00:00:00,0.34137114713016764,0.3413783285735856,0.0805033391219144,0.210937243126041
2013-03-05 01:00:00,0.34137047992325537,0.34137801290799086,0.07806808836545148,0.20971928414435342
2013-03-05 02:00:00,0.3413700567437165,0.3413777793425732,0.07739015365141019,0.20938010519756334
2013-03-05 03:00:00,0.3413690807363884,0.3413772215901596,0.08262039351690634,0.21199473712664735
2013-03-05 04:00:00,0.34136362619866684,0.34137442914418975,0.09826300087968827,0.21981331353917755
2013-03-05 05:00:00,0.3413595526760983,0.34137226910962837,0.12917073311641294,0.2352651428962556
2013-03-05 06:00:00,7.115264598506965e-07,0.1836510112978776,0.12360238104403823,0.06180154628524904
2013-03-05 07:00:00,5.7671343050044726e-08,5.764407960752467e-07,0.12079946547581896,0.060399761573581005
2013-03-05 08:00:00,2.663505074305665e-08,2.397113725920249e-07,0.11014415623293418,0.055072091433992464
2013-03-05 09:00:00,2.1931802110957882e-08,1.3401337277753897e-07,0.09959740394485322,0.04979871293832767
2013-03-05 10:00:00,2.1970948137518332e-08,1.3170566721876385e-07,0.08852809081361382,0.04426405639228098
2013-03-05 11:00:00,2.1982865455520693e-08,1.3260735944618138e-07,0.09911963339479171,0.049559827688828585
2013-03-05 12:00:00,1.6472999016710217e-08,1.1254708125776717e-07,0.11198811058265565,0.055994063527827334
2013-03-05 13:00:00,2.1393401898330682e-08,1.5699127116622633e-07,0.12841528799714516,0.06420765469527354
2013-03-05 14:00:00,1.163632918342616e-07,4.900949446588694e-05,0.1272616701229747,0.06363089324313327
2013-03-05 15:00:00,2.3113805821321787e-07,4.057600823978096e-06,0.1265910478915084,0.06329563951478331
2013-03-05 16:00:00,0.2291873606427597,0.26178491737701426,0.1213884854409157,0.1752879230418377
2013-03-05 17:00:00,0.34136344732135354,0.3413744700626915,0.09938082905419919,0.22037213818777637
2013-03-05 18:00:00,0.3413644381529538,0.34137499670753896,0.09981845517277324,0.2205914466628635
2013-03-05 19:00:00,0.3413651540811809,0.3413754215065491,0.1263835603219928,0.23387435720158684
2013-03-05 20:00:00,0.3413651540811809,0.3413754554556536,0.13192385273887433,0.23664450341002763
2013-03-05 21:00:00,0.34136572142315597,0.3413757632995012,0.11544756664547702,0.22840664403431649
2013-03-05 22:00:00,0.34137271797154606,0.3413790884844551,0.1064903447668927,0.2239315313692194
2013-03-05 23:00:00,0.3413726369727646,0.3413790224943981,0.08554502167079693,0.21345882932178076
2013-03-06 00:00:00,0.34137246894757706,0.34137896773580817,0.0805033391219144,0.21093790403474572
2013-03-06 01:00:00,0.3413721411075195,0.34137880354028877,0.07806808836545148,0.2097201147364855
2013-03-06 02:00:00,0.34137209321142997,0.34137880319019925,0.07739015365141019,0.20938112343142007
2013-03-06 03:00:00,0.3413724018509872,0.34137897274916623,0.08262039351690634,0.2119963976839468
2013-03-06 04:00:00,0.3413723495640523,0.3413788806663786,0.09826300087968827,0.2198176752218703
2013-03-06 05:00:00,0.34136410337153256,0.3413748961038125,0.12917073311641294,0.23526741824397274
2013-03-06 06:00:00,0.2299748126720425,0.2624222157802133,0.12360238104403823,0.17678859685804038
2013-03-06 07:00:00,4.603386066655189e-07,0.1466619843715111,0.12079946547581896,0.06039996290721281
2013-03-06 08:00:00,2.672788778456681e-07,3.7282790651880474e-06,0.11014415623293418,0.055072211755906014
2013-03-06 09:00:00,2.543907633766508e-07,0.0001226502860681716,0.09959740394485322,0.0497988291678083
2013-03-06 10:00:00,2.19889547037306e-07,5.786690674508721e-06,0.08852809081361382,0.04426415535158043
2013-03-06 11:00:00,1.9235904559648895e-07,0.0001009397649454639,0.09911963339479171,0.04955991287691865
2013-03-06 12:00:00,1.84867042698556e-07,0.07305453773142781,0.11198811058265565,0.055994147724849175
2013-03-06 13:00:00,2.541629799267416e-07,0.09298028262504389,0.12841528799714516,0.06420777108006255
2013-03-06 14:00:00,3.1179435956381906e-07,8.389337199757061e-06,0.1272616701229747,0.06363099095866713
2013-03-06 15:00:00,6.168739705915617e-07,0.1714871244622968,0.1265910478915084,0.0632958323827395
2013-03-06 16:00:00,0.34136720659749403,0.3413766381467975,0.1213884854409157,0.23137784601920486
2013-03-06 17:00:00,0.34136773415151855,0.3413768693888952,0.09938082905419919,0.22037428160285888
2013-03-06 18:00:00,0.34136782944062766,0.34137694101880134,0.09981845517277324,0.22059314230670046
2013-03-06 19:00:00,0.341367641053631,0.34137685054855704,0.1263835603219928,0.23387560068781188
2013-03-06 20:00:00,0.3413673040771929,0.34137669466766024,0.13192385273887433,0.23664557840803363
2013-03-06 21:00:00,0.3413683190355981,0.3413771279965972,0.11544756664547702,0.22840794284053756
2013-03-06 22:00:00,0.34137279438959706,0.3413792113294012,0.1064903447668927,0.2239315695782449
2013-03-06 23:00:00,0.3413727923332504,0.34137921289909495,0.08554502167079693,0.21345890700202366
2013-03-07 00:00:00,0.34137260543122333,0.3413791597526189,0.0805033391219144,0.21093797227656885
2013-03-07 01:00:00,0.3413723655116499,0.34137902906117445,0.07806808836545148,0.2097202269385507
2013-03-07 02:00:00,0.34137172317161824,0.3413786912180915,0.07739015365141019,0.20938093841151423
2013-03-07 03:00:00,0.3413718248494914,0.3413787514603125,0.08262039351690634,0.2119961091831989
2013-03-07 04:00:00,0.34137195820498173,0.34137874999523116,0.09826300087968827,0.219817479542335
2013-03-07 05:00:00,0.34137159327720523,0.3413785754870493,0.12917073311641294,0.23527116319680907
2013-03-07 06:00:00,1.3488699167837183e-06,0.23492082179154156,0.12360238104403823,0.06180186495697751
2013-03-07 07:00:00,2.4829569832668566e-07,0.09862826663108314,0.12079946547581896,0.06039985688575864
2013-03-07 08:00:00,1.0627723036672529e-07,2.1245310265838804e-06,0.11014415623293418,0.05507213125508227
2013-03-07 09:00:00,7.384710999581189e-08,0.010922983399590424,0.09959740394485322,0.04979873889598161
2013-03-07 10:00:00,6.88236598123578e-08,0.006994855809192035,0.08852809081361382,0.044264079818636816
2013-03-07 11:00:00,8.489860898723091e-08,0.0416407194109064,0.09911963339479171,0.04955985914670035
2013-03-07 12:00:00,1.1839617697165942e-07,0.028392879933001144,0.11198811058265565,0.05599411448941631
2013-03-07 13:00:00,1.2868172719473836e-07,0.05383480610207774,0.12841528799714516,0.06420770833943618
2013-03-07 14:00:00,1.5787022541237017e-07,2.9694707250001386e-06,0.1272616701229747,0.06363091399660006
2013-03-07 15:00:00,2.594740386277848e-07,8.426030797383307e-06,0.1265910478915084,0.06329565368277351
2013-03-07 16:00:00,1.7066150485143252e-06,0.2513716271257231,0.1213884854409157,0.06069509602798211
2013-03-07 17:00:00,0.3413665081861404,0.34137613015249596,0.09938082905419919,0.2203736686201698
2013-03-07 18:00:00,0.3413657236137402,0.34137574819040256,0.09981845517277324,0.2205920893932567
2013-03-07 19:00:00,0.3413662887682256,0.3413760723882596,0.1263835603219928,0.23387492454510922
2013-03-07 20:00:00,0.3413655772145017,0.3413757041067064,0.13192385273887433,0.23664471497668804
2013-03-07 21:00:00,0.341368207697116,0.3413769703230222,0.11544756664547702,0.2284078871712965
2013-03-07 22:00:00,0.3413705680670998,0.3413780404204763,0.1064903447668927,0.22393045641699627
2013-03-07 23:00:00,0.03781512605042017,0.3352402745995423,0.08554502167079693,0.06168007386060855
2013-03-08 00:00:00,0.037656903765690385,0.3333333333333333,0.0805033391219144,0.0590801214438024
2013-03-08 01:00:00,0.035856573705179286,0.32922318125770655,0.07806808836545148,0.05696233103531538
2013-03-08 02:00:00,0.03435114503816794,0.32527206771463124,0.07739015365141019,0.05587064934478907
2013-03-08 03:00:00,0.03333333333333333,0.32129963898916963,0.08262039351690634,0.05797686342511983
2013-03-08 04:00:00,0.030201342281879196,0.31401475237091675,0.09826300087968827,0.06423217158078373
2013-03-08 05:00:00,0.3236848728920212,0.3365271124071374,0.12917073311641294,0.22642780300421705
2013-03-08 06:00:00,6.576570572740378e-07,0.1769532727480456,0.12360238104403823,0.06180151935054775
2013-03-08 07:00:00,1.24249735230717e-07,2.7772540004824243e-06,0.12079946547581896,0.0603997948627771
2013-03-08 08:00:00,5.822050974817599e-08,7.260960865555025e-07,0.11014415623293418,0.05507210722672196
2013-03-08 09:00:00,5.664081480757424e-08,6.718429713140088e-07,0.09959740394485322,0.04979873029283401
2013-03-08 10:00:00,5.621936611132732e-08,7.201913865398246e-07,0.08852809081361382,0.04426407351648996
2013-03-08 11:00:00,6.45571358290611e-08,7.841197711585654e-07,0.09911963339479171,0.04955984897596377
2013-03-08 12:00:00,9.01251861366735e-08,1.2913710713295653e-06,0.11198811058265565,0.05599410035392089
2013-03-08 13:00:00,9.066953478583738e-08,1.522868490230846e-06,0.12841528799714516,0.06420768933333998
2013-03-08 14:00:00,1.0249231195559367e-07,2.022935183250501e-06,0.1272616701229747,0.06363088630764333
2013-03-08 15:00:00,1.815508399540386e-07,3.049287757013181e-06,0.1265910478915084,0.06329561472117418
2013-03-08 16:00:00,1.2151711690108672e-06,0.22714861912213535,0.1213884854409157,0.06069485030604235
2013-03-08 17:00:00,0.34136363971063155,0.34137449598727937,0.09938082905419919,0.22037223438241538
2013-03-08 18:00:00,0.34136460170587485,0.34137502387852875,0.09981845517277324,0.22059152843932406
2013-03-08 19:00:00,0.34136488099583207,0.3413751998426413,0.1263835603219928,0.23387422065891245
2013-03-08 20:00:00,0.3413648853765476,0.3413751708676347,0.13192385273887433,0.23664436905771097
2013-03-08 21:00:00,0.3413680938109626,0.3413768073061116,0.11544756664547702,0.2284078302282198
2013-03-08 22:00:00,0.3413682764007566,0.34137688760821766,0.1064903447668927,0.22392931058382465
2013-03-08 23:00:00,0.34136841558831654,0.341376922548345,0.08554502167079693,0.21345671862955673
2013-03-09 00:00:00,0.25258964143426293,0.32290708371665133,0.0805033391219144,0.16654649027808865
2013-03-09 01:00:00,0.024930747922437674,0.30882352941176466,0.07806808836545148,0.05149941814394458
2013-03-09 02:00:00,0.03669724770642202,0.3308957952468007,0.07739015365141019,0.05704370067891611
2013-03-09 03:00:00,0.02952029520295203,0.3085271317829457,0.08262039351690634,0.056070344359929185
2013-03-09 04:00:00,0.02179176755447942,0.2762096774193549,0.09826300087968827,0.06002738421708385
2013-03-09 05:00:00,0.016071428571428573,0.2563527653213752,0.12917073311641294,0.07262108084392076
2013-03-09 06:00:00,1.1850450475124061e-06,5.237162505354599e-05,0.12360238104403823,0.06180178304454287
2013-03-09 07:00:00,2.241255318138668e-07,2.3819777425083034e-06,0.12079946547581896,0.06039984480067539
2013-03-09 08:00:00,9.18881541797955e-08,8.231143684490385e-07,0.11014415623293418,0.05507212406054418
2013-03-09 09:00:00,6.183922565045318e-08,5.16386928913612e-07,0.09959740394485322,0.04979873289203944
2013-03-09 10:00:00,5.1232857229806627e-08,4.2781872597178005e-07,0.08852809081361382,0.04426407102323553
2013-03-09 11:00:00,4.985704303087845e-08,4.16330014962333e-07,0.09911963339479171,0.049559841625917374
2013-03-09 12:00:00,8.648786468229777e-08,7.386287124874278e-07,0.11198811058265565,0.05599409853526016
2013-03-09 13:00:00,1.7144927270361272e-07,1.3015295392931637e-06,0.12841528799714516,0.06420772972320893
2013-03-09 14:00:00,3.2510055902124796e-07,3.1260699591422655e-06,0.1272616701229747,0.06363099761176687
2013-03-09 15:00:00,5.721117136798275e-07,1.0477609050873569e-05,0.1265910478915084,0.06329581000161104
2013-03-09 16:00:00,0.24077269191300396,0.2710372306116689,0.1213884854409157,0.18108058867695984
2013-03-09 17:00:00,0.3413625279363027,0.3413736063494125,0.09938082905419919,0.22037167849525094
2013-03-09 18:00:00,0.3413639554551836,0.3413744321645465,0.09981845517277324,0.2205912053139784
2013-03-09 19:00:00,0.34136476743513744,0.3413748463504474,0.1263835603219928,0.23387416387856513
2013-03-09 20:00:00,0.3413653961294606,0.3413751911393803,0.13192385273887433,0.23664462443416745
2013-03-09 21:00:00,0.3413651058760513,0.34137504041343764,0.11544756664547702,0.22840633626076415
2013-03-09 22:00:00,0.34136422161226193,0.3413745478827171,0.1064903447668927,0.22392728318957733
2013-03-09 23:00:00,0.020000000000000004,0.29943820224719103,0.08554502167079693,0.05277251083539847
2013-03-10 00:00:00,0.03404255319148936,0.3231597845601436,0.0805033391219144,0.05727294615670188
2013-03-10 01:00:00,0.030418250950570346,0.3060869565217392,0.07806808836545148,0.05424316965801092
2013-03-10 02:00:00,0.02693602693602694,0.29079159935379645,0.07739015365141019,0.052163090293718566
2013-03-10 03:00:00,0.023668639053254437,0.2723146747352496,0.08262039351690634,0.053144516285080386
2013-03-10 04:00:00,0.019950124688279305,0.24794520547945206,0.09826300087968827,0.05910656278398379
2013-03-10 05:00:00,0.016032064128256515,0.22088835534213686,0.12917073311641294,0.07260139862233472
2013-03-10 06:00:00,1.2839646774897398e-06,2.217415655661178e-05,0.12360238104403823,0.06180183250435786
2013-03-10 07:00:00,3.0018877070657114e-07,2.324418232299077e-06,0.12079946547581896,0.06039988283229483
2013-03-10 08:00:00,1.416317717454813e-07,1.1468547508458055e-06,0.11014415623293418,0.05507214893235296
2013-03-10 09:00:00,2.0372890100736304e-07,1.3532554182993693e-06,0.09959740394485322,0.04979880383687712
2013-03-10 10:00:00,1.9053374981470595e-07,1.26560751710116e-06,0.08852809081361382,0.04426414067368182
2013-03-10 11:00:00,2.0088705697749556e-07,1.3343787237506259e-06,0.09911963339479171,0.049559917140924344
2013-03-10 12:00:00,2.5882571420529343e-07,1.7192326976052905e-06,0.11198811058265565,0.05599418470418493
2013-03-10 13:00:00,2.070967928990652e-07,1.375626268597632e-06,0.12841528799714516,0.06420774754696904
2013-03-10 14:00:00,2.625753643810847e-07,1.9534384782889664e-06,0.1272616701229747,0.06363096634916954
2013-03-10 15:00:00,3.1641666146776514e-07,3.2827702641705283e-06,0.1265910478915084,0.06329568215408493
2013-03-10 16:00:00,1.8158002311059743e-06,3.3942822368078726e-05,0.1213884854409157,0.0606951506205734
2013-03-10 17:00:00,0.3413598390414047,0.3413720777148842,0.09938082905419919,0.22037033404780196
2013-03-10 18:00:00,0.34136111766146493,0.3413728073177792,0.09981845517277324,0.22058978641711907
2013-03-10 19:00:00,0.341363096036791,0.341373927392433,0.1263835603219928,0.23387332817939188
2013-03-10 20:00:00,0.34136362942146736,0.34137418810461884,0.13192385273887433,0.23664374108017083
2013-03-10 21:00:00,0.3413615545727005,0.34136975532094743,0.11544756664547702,0.22840456060908876
2013-03-10 22:00:00,0.27065267001369236,0.31952045869168616,0.1064903447668927,0.18857150739029255
2013-03-10 23:00:00,0.03333333333333333,0.3222591362126246,0.08554502167079693,0.059439177502065135
2013-03-11 00:00:00,0.034334763948497854,0.32332155477031804,0.0805033391219144,0.05741905153520613
2013-03-11 01:00:00,0.033195020746887974,0.3193717277486911,0.07806808836545148,0.05563155455616973
2013-03-11 02:00:00,0.033195020746887974,0.3197879858657244,0.07739015365141019,0.05529258719914908
2013-03-11 03:00:00,0.03292181069958848,0.3185840707964602,0.08262039351690634,0.05777110210824741
2013-03-11 04:00:00,0.26540475231574706,0.3144186046511628,0.09826300087968827,0.18183387659771766
2013-03-11 05:00:00,0.34136065869616306,0.341372503260234,0.12917073311641294,0.23526569590628799
2013-03-11 06:00:00,4.882103704995955e-07,0.15159774370680718,0.12360238104403823,0.06180143462720437
2013-03-11 07:00:00,1.03722531648143e-07,1.978322117099937e-06,0.12079946547581896,0.060399784599175305
2013-03-11 08:00:00,6.595128936694293e-08,5.924460936845689e-07,0.11014415623293418,0.05507211109211177
2013-03-11 09:00:00,6.133854945453265e-08,5.510094601960546e-07,0.09959740394485322,0.049798732641701336
2013-03-11 10:00:00,4.830837593810035e-08,4.156220419208983e-07,0.08852809081361382,0.04426406956099488
2013-03-11 11:00:00,3.396033757458518e-08,2.921784151915349e-07,0.09911963339479171,0.04955983367756464
2013-03-11 12:00:00,3.190147378694447e-08,2.785011980939911e-07,0.11198811058265565,0.055994071242064715
2013-03-11 13:00:00,3.6082037491558234e-08,3.2412807766685786e-07,0.12841528799714516,0.06420766203959133
2013-03-11 14:00:00,5.2171338954980606e-08,5.346681043121894e-07,0.1272616701229747,0.06363086114715683
2013-03-11 15:00:00,1.4205241592095066e-07,7.728172403089346e-06,0.1265910478915084,0.06329559497196216
2013-03-11 16:00:00,6.948975219182259e-07,0.18164234780724348,0.1213884854409157,0.060694590169218805
2013-03-11 17:00:00,0.3413614612950388,0.34137346334940066,0.09938082905419919,0.220371145174619
2013-03-11 18:00:00,0.34136260946368385,0.34137411440783527,0.09981845517277324,0.22059053231822856
2013-03-11 19:00:00,0.34136310597143604,0.34137441354362436,0.1263835603219928,0.23387333314671443
2013-03-11 20:00:00,0.3413664592659607,0.34137609228758947,0.13192385273887433,0.23664515600241753
2013-03-11 21:00:00,0.34137224629096613,0.34137886865420264,0.11544756664547702,0.22840990646822157
2013-03-11 22:00:00,0.3413716247944727,0.3413785875597172,0.1064903447668927,0.22393098478068268
2013-03-11 23:00:00,0.34137128189117777,0.341378408560697,0.08554502167079693,0.21345815178098734
2013-03-12 00:00:00,0.34137033086795426,0.3413779681411616,0.0805033391219144,0.21093683499493432
2013-03-12 01:00:00,0.34137113001794,0.34137831544356495,0.07806808836545148,0.20971960919169574
2013-03-12 02:00:00,0.34137086888836615,0.34137821659990397,0.07739015365141019,0.20938051126988816
2013-03-12 03:00:00,0.3413704749478777,0.3413779824308176,0.08262039351690634,0.21199543423239203
2013-03-12 04:00:00,0.34136862363986287,0.3413769986801115,0.09826300087968827,0.21981581225977556
2013-03-12 05:00:00,0.3413622564133146,0.3413737354264609,0.12917073311641294,0.23526649476486378
2013-03-12 06:00:00,1.3136030160325245e-06,0.23298962746809912,0.12360238104403823,0.06180184732352713
2013-03-12 07:00:00,4.880099480285674e-07,0.1515197960670566,0.12079946547581896,0.0603999767428835
2013-03-12 08:00:00,2.709413627348062e-07,5.116280456909039e-06,0.11014415623293418,0.05507221358714846
2013-03-12 09:00:00,1.741988861781284e-07,1.520762004911797e-06,0.09959740394485322,0.0497987890718697
2013-03-12 10:00:00,1.592455032984654e-07,1.4305148275783357e-06,0.08852809081361382,0.04426412502955856
2013-03-12 11:00:00,1.6693564636397188e-07,1.457353804127467e-06,0.09911963339479171,0.04955990016521904
2013-03-12 12:00:00,1.983116080212418e-07,1.831629675190837e-06,0.11198811058265565,0.055994154447131836
2013-03-12 13:00:00,2.012177930800396e-07,1.8111914128403739e-06,0.12841528799714516,0.06420774460746911
2013-03-12 14:00:00,2.802205572416184e-07,0.10731422436801637,0.1272616701229747,0.06363097517176597
2013-03-12 15:00:00,3.4149284965196765e-07,0.12236824291972667,0.1265910478915084,0.06329569469217904
2013-03-12 16:00:00,1.5344596676483116e-06,0.23666084378691224,0.1213884854409157,0.06069500995029167
2013-03-12 17:00:00,0.3413589127447204,0.3413728683334892,0.09938082905419919,0.2203698708994598
2013-03-12 18:00:00,0.3413595333635499,0.34137320389982934,0.09981845517277324,0.2205889942681616
2013-03-12 19:00:00,0.3413633301368006,0.3413748676901634,0.1263835603219928,0.23387344522939668
2013-03-12 20:00:00,0.34136666590002324,0.3413765805657346,0.13192385273887433,0.2366452593194488
2013-03-12 21:00:00,0.3413694252634905,0.3413778181783505,0.11544756664547702,0.22840849595448376
2013-03-12 22:00:00,0.3413732142116858,0.3413795160063049,0.1064903447668927,0.22393177948928927
2013-03-12 23:00:00,0.3413731265123252,0.341379479751667,0.08554502167079693,0.21345907409156106
2013-03-13 00:00:00,0.34137277584050674,0.3413792427969623,0.0805033391219144,0.21093805748121058
2013-03-13 01:00:00,0.3413730079444452,0.34137933861241637,0.07806808836545148,0.20972054815494834
2013-03-13 02:00:00,0.34137289525704273,0.34137928634348286,0.07739015365141019,0.20938152445422648
2013-03-13 03:00:00,0.3413730335871064,0.34137937274766106,0.08262039351690634,0.2119967135520064
2013-03-13 04:00:00,0.3413722597265451,0.3413790318078509,0.09826300087968827,0.21981763030311668
2013-03-13 05:00:00,0.3413676607737437,0.3413768037950933,0.12917073311641294,0.2352691969450783
2013-03-13 06:00:00,6.066138705901194e-07,0.17006089531217952,0.12360238104403823,0.06180149382895441
2013-03-13 07:00:00,2.01702544282617e-07,0.08466900770784198,0.12079946547581896,0.06039983358918162
2013-03-13 08:00:00,1.6674637143221127e-07,2.741014840141244e-05,0.11014415623293418,0.055072161489652806
2013-03-13 09:00:00,2.0593842203207954e-07,4.998538474591254e-05,0.09959740394485322,0.04979880494163763
2013-03-13 10:00:00,2.537979524088796e-07,0.021728580673317375,0.08852809081361382,0.04426417230578311
2013-03-13 11:00:00,2.80023802023172e-07,0.0002603265807576363,0.09911963339479171,0.049559956709296867
2013-03-13 12:00:00,3.2121316358669053e-07,0.11758341290935857,0.11198811058265565,0.055994215897909615
2013-03-13 13:00:00,2.968741037082182e-07,0.11159522500916251,0.12841528799714516,0.06420779243562444
2013-03-13 14:00:00,3.626534920831534e-07,0.12712657147376408,0.1272616701229747,0.06363101638823339
2013-03-13 15:00:00,4.5801878681103353e-07,0.1462456492471371,0.1265910478915084,0.06329575295514761
2013-03-13 16:00:00,0.22110810894836058,0.2551697553012351,0.1213884854409157,0.17124829719463813
2013-03-13 17:00:00,0.3413602759200722,0.3413737771079484,0.09938082905419919,0.2203705524871357
2013-03-13 18:00:00,0.34136071035636995,0.3413739203628338,0.09981845517277324,0.22058958276457158
2013-03-13 19:00:00,0.34136083448122956,0.34137404229176066,0.1263835603219928,0.2338721974016112
2013-03-13 20:00:00,0.34136896231261465,0.34137776326250546,0.13192385273887433,0.2366464075257445
2013-03-13 21:00:00,0.34136781191129445,0.3413772127945039,0.11544756664547702,0.22840768927838573
2013-03-13 22:00:00,0.3413722683423991,0.3413791142893476,0.1064903447668927,0.22393130655464588
2013-03-13 23:00:00,0.3413725963826544,0.34137915090085924,0.08554502167079693,0.21345880902672565
2013-03-14 00:00:00,0.3413725497684181,0.3413791007343373,0.0805033391219144,0.21093794444516623
2013-03-14 01:00:00,0.3413721996880669,0.34137886181344135,0.07806808836545148,0.2097201440267592
2013-03-14 02:00:00,0.3413716075687923,0.34137807961926897,0.07739015365141019,0.20938088061010124
2013-03-14 03:00:00,0.34137106608245343,0.34137755722372487,0.08262039351690634,0.2119957297996799
2013-03-14 04:00:00,0.3413711193439863,0.34137821370130483,0.09826300087968827,0.21981706011183727
2013-03-14 05:00:00,0.3413661000203813,0.341375810558654,0.12917073311641294,0.23526841656839714
2013-03-14 06:00:00,1.4310555593010342e-06,0.2392260688123857,0.12360238104403823,0.061801906049798766
2013-03-14 07:00:00,7.740973938377032e-07,0.19076807103361168,0.12079946547581896,0.0604001197866064
2013-03-14 08:00:00,5.216391269221605e-07,2.3538374722302172e-05,0.11014415623293418,0.05507233893603055
2013-03-14 09:00:00,3.353140333282031e-07,5.47274946223873e-06,0.09959740394485322,0.04979886962944328
2013-03-14 10:00:00,2.7543119959307794e-07,4.495391048055991e-06,0.08852809081361382,0.04426418312240671
2013-03-14 11:00:00,2.877277324540662e-07,4.750690583863695e-06,0.09911963339479171,0.049559960561262086
2013-03-14 12:00:00,3.1415282427512283e-07,5.186994273647753e-06,0.11198811058265565,0.05599421236773996
2013-03-14 13:00:00,3.4390967349989396e-07,5.580406312320655e-06,0.12841528799714516,0.06420781595340933
2013-03-14 14:00:00,4.742477166553269e-07,0.1491526191867857,0.1272616701229747,0.06363107218534568
2013-03-14 15:00:00,6.37471690944658e-07,0.1742916079304551,0.1265910478915084,0.06329584268159967
2013-03-14 16:00:00,0.2211093978506894,0.2551709842323703,0.1213884854409157,0.17124894164580254
2013-03-14 17:00:00,0.3413632191491855,0.3413744878468786,0.09938082905419919,0.22037202410169235
2013-03-14 18:00:00,0.34136365359436305,0.3413747341940908,0.09981845517277324,0.22059105438356813
2013-03-14 19:00:00,0.3413637200380895,0.3413748435020914,0.1263835603219928,0.23387364018004114
2013-03-14 20:00:00,0.3413663110376506,0.3413760812787725,0.13192385273887433,0.23664508188826244
2013-03-14 21:00:00,0.3413681459862375,0.3413769178985306,0.11544756664547702,0.22840785631585725
2013-03-14 22:00:00,0.34137142768828793,0.341378460329215,0.1064903447668927,0.22393088622759033
2013-03-14 23:00:00,0.34137163769601725,0.3413785353131955,0.08554502167079693,0.21345832968340708
2013-03-15 00:00:00,0.3413707663234034,0.3413780466997388,0.0805033391219144,0.2109370527226589
2013-03-15 01:00:00,0.34136997556199244,0.3413764419182282,0.07806808836545148,0.20971903196372196
2013-03-15 02:00:00,0.34136927227471486,0.3413756879072261,0.07739015365141019,0.20937971296306251
2013-03-15 03:00:00,0.34136820391658623,0.34137459841535106,0.08262039351690634,0.2119942987167463
2013-03-15 04:00:00,0.34136650078048786,0.3413730331961399,0.09826300087968827,0.21981475083008806
2013-03-15 05:00:00,0.34136379764190417,0.34137419171488737,0.12917073311641294,0.23526726537915854
2013-03-15 06:00:00,4.926625306005015e-07,0.15232348425612546,0.12360238104403823,0.06180143685328442
2013-03-15 07:00:00,1.0323855208343656e-07,1.2539502932984137e-06,0.12079946547581896,0.06039978435718552
2013-03-15 08:00:00,3.667911913591551e-08,2.436384520925184e-07,0.11014415623293418,0.055072096456026655
2013-03-15 09:00:00,2.1875786411734224e-08,1.6053112197764115e-07,0.09959740394485322,0.04979871291031982
2013-03-15 10:00:00,1.9501772233302588e-08,1.4310988266465133e-07,0.08852809081361382,0.04426405515769303
2013-03-15 11:00:00,1.8359050671114486e-08,1.3472425315807702e-07,0.09911963339479171,0.04955982587692119
2013-03-15 12:00:00,1.9691337884828556e-08,1.445009630341423e-07,0.11198811058265565,0.055994065136996764
2013-03-15 13:00:00,2.3610385386890284e-08,1.911835719684687e-07,0.12841528799714516,0.06420765580376528
2013-03-15 14:00:00,4.310078141501202e-08,3.8445179439930295e-07,0.1272616701229747,0.06363085661187806
2013-03-15 15:00:00,1.430625576978001e-07,1.696931392805855e-06,0.1265910478915084,0.06329559547703305
2013-03-15 16:00:00,6.405757323862493e-07,0.1746995122548347,0.1213884854409157,0.06069456300832404
2013-03-15 17:00:00,0.34136323475093433,0.34137386619512194,0.09938082905419919,0.22037203190256677
2013-03-15 18:00:00,0.34136547572120735,0.3413751582457839,0.09981845517277324,0.22059196544699028
2013-03-15 19:00:00,0.34136665499984087,0.3413758093431263,0.1263835603219928,0.23387510766091685
2013-03-15 20:00:00,0.3413673023277167,0.34137619026435245,0.13192385273887433,0.23664557753329551
2013-03-15 21:00:00,0.3413681424959335,0.341376715984895,0.11544756664547702,0.22840785457070525
2013-03-15 22:00:00,0.34136806946960574,0.34137660044719087,0.1064903447668927,0.2239292071182492
2013-03-15 23:00:00,0.3413683650277783,0.34137675029471554,0.08554502167079693,0.2134566933492876
2013-03-16 00:00:00,0.34132986796964343,0.3413596807444501,0.0805033391219144,0.2109166035457789
2013-03-16 01:00:00,0.32608430054978615,0.33775057177451906,0.07806808836545148,0.20207619445761882
2013-03-16 02:00:00,0.3040426726558113,0.3318945583474642,0.07739015365141019,0.19071641315361076
2013-03-16 03:00:00,0.3235258505872382,0.33630513473655993,0.08262039351690634,0.20307312205207229
2013-03-16 04:00:00,0.3413637724349426,0.34137425340059496,0.09826300087968827,0.21981338665731542
2013-03-16 05:00:00,0.3413608527235405,0.3413725931824824,0.12917073311641294,0.23526579291997674
2013-03-16 06:00:00,2.6531276677405975e-07,4.959655468595425e-06,0.12360238104403823,0.0618013231784025
2013-03-16 07:00:00,2.5381580548077834e-08,2.119485657093734e-07,0.12079946547581896,0.060399745428699754
2013-03-16 08:00:00,1.7319419619782622e-08,1.1833017765010371e-07,0.11014415623293418,0.0550720867761769
2013-03-16 09:00:00,1.5291631365723274e-08,1.0447586201292484e-07,0.09959740394485322,0.049798709618242294
2013-03-16 10:00:00,1.3922364376111172e-08,9.512070856669996e-08,0.08852809081361382,0.044264052367989096
2013-03-16 11:00:00,1.3114313572085301e-08,8.959991428142127e-08,0.09911963339479171,0.04955982325455264
2013-03-16 12:00:00,1.381189499180872e-08,9.43659534462275e-08,0.11198811058265565,0.05599406219727532
2013-03-16 13:00:00,1.493429648792987e-08,1.0203446751521856e-07,0.12841528799714516,0.06420765146572083
2013-03-16 14:00:00,1.9260418051611103e-08,1.4133883513756742e-07,0.1272616701229747,0.06363084469169637
2013-03-16 15:00:00,5.4015625877922725e-08,4.5925757142693587e-07,0.1265910478915084,0.06329555095356715
2013-03-16 16:00:00,3.3236257150417206e-07,5.7084471487836094e-06,0.1213884854409157,0.0606944089017436
2013-03-16 17:00:00,0.01382488479262673,0.21768140116763968,0.09938082905419919,0.056602856923412964
2013-03-16 18:00:00,0.01666666666666667,0.2262026612077789,0.09981845517277324,0.05824256091971995
2013-03-16 19:00:00,0.017647058823529415,0.23297872340425538,0.1263835603219928,0.0720153095727611
2013-03-16 20:00:00,0.023188405797101453,0.26564885496183205,0.13192385273887433,0.0775561292679879
2013-03-16 21:00:00,0.018058690744920995,0.24393203883495143,0.11544756664547702,0.066753128695199
2013-03-16 22:00:00,0.022792022792022793,0.2645739910313902,0.1064903447668927,0.06464118377945775
2013-03-16 23:00:00,0.022222222222222223,0.2614475627769572,0.08554502167079693,0.05388362194650958
2013-03-17 00:00:00,0.021220159151193636,0.2575107296137339,0.0805033391219144,0.050861749136554016
2013-03-17 01:00:00,0.02005012531328321,0.25,0.07806808836545148,0.049059106839367345
2013-03-17 02:00:00,0.018475750577367205,0.23915900131406043,0.07739015365141019,0.0479329521143887
2013-03-17 03:00:00,0.016563146997929608,0.22453987730061348,0.08262039351690634,0.04959177025741797
2013-03-17 04:00:00,0.014234875444839859,0.20643729189789123,0.09826300087968827,0.05624893816226406
2013-03-17 05:00:00,0.011799410029498527,0.18395303326810178,0.12917073311641294,0.07048507157295573
2013-03-17 06:00:00,2.7299458406044683e-07,2.6595773157949988e-06,0.12360238104403823,0.061801327019311146
2013-03-17 07:00:00,4.131662077859134e-08,3.450140163512389e-07,0.12079946547581896,0.06039975339621987
2013-03-17 08:00:00,2.5724827454578573e-08,1.7575799753731802e-07,0.11014415623293418,0.055072090978880814
2013-03-17 09:00:00,2.2799676901218695e-08,1.5577246454568222e-07,0.09959740394485322,0.04979871337226506
2013-03-17 10:00:00,2.6224132908660893e-08,1.8580506134579718e-07,0.08852809081361382,0.04426405851887336
2013-03-17 11:00:00,3.375307608658915e-08,2.306088255774091e-07,0.09911963339479171,0.0495598335739339
2013-03-17 12:00:00,4.862208811025765e-08,3.321976929633048e-07,0.11198811058265565,0.05599407960237188
2013-03-17 13:00:00,5.754430705442756e-08,3.9316496970598373e-07,0.12841528799714516,0.0642076727707261
2013-03-17 14:00:00,9.990765784954111e-08,6.63630638658597e-07,0.1272616701229747,0.06363088501531627
2013-03-17 15:00:00,3.889182162032663e-07,0.00017548275134395783,0.1265910478915084,0.06329571840486231
2013-03-17 16:00:00,1.268709098008095e-06,2.5762779933972642e-05,0.1213884854409157,0.06069487707500685
2013-03-17 17:00:00,0.01547388781431335,0.23133543638275497,0.09938082905419919,0.05742735843425627
2013-03-17 18:00:00,0.01694915254237288,0.2424916573971079,0.09981845517277324,0.05838380385757306
2013-03-17 19:00:00,0.021164021164021166,0.2599179206566347,0.1263835603219928,0.07377379074300698
2013-03-17 20:00:00,0.0245398773006135,0.27414330218068533,0.13192385273887433,0.07823186501974391
2013-03-17 21:00:00,0.024922118380062305,0.2754303599374022,0.11544756664547702,0.07018484251276966
2013-03-17 22:00:00,0.027491408934707903,0.28839590443686003,0.1064903447668927,0.0669908768508003
2013-03-17 23:00:00,0.027491408934707903,0.2888146911519198,0.08554502167079693,0.05651821530275242
2013-03-18 00:00:00,0.02702702702702703,0.2875816993464052,0.0805033391219144,0.053765183074470715
2013-03-18 01:00:00,0.027118644067796613,0.28735632183908044,0.07806808836545148,0.05259336621662405
2013-03-18 02:00:00,0.0273972602739726,0.29180327868852457,0.07739015365141019,0.0523937069626914
2013-03-18 03:00:00,0.027303754266211608,0.2926829268292682,0.08262039351690634,0.05496207389155897
2013-03-18 04:00:00,0.02702702702702703,0.2880523731587561,0.09826300087968827,0.06264501395335764
2013-03-18 05:00:00,0.015490533562822723,0.260752688172043,0.12917073311641294,0.07233063333961784
2013-03-18 06:00:00,7.113471729877768e-07,1.655983473284937e-05,0.12360238104403823,0.06180154619560561
2013-03-18 07:00:00,4.3497033148925853e-07,8.667678005833099e-06,0.12079946547581896,0.060399950223075226
2013-03-18 08:00:00,3.7290880897308096e-07,5.30786670786043e-06,0.11014415623293418,0.055072264570871575
2013-03-18 09:00:00,3.252775501851419e-07,4.166914752424612e-06,0.09959740394485322,0.049798864611201706
2013-03-18 10:00:00,2.5790085723665935e-07,2.961184693151764e-06,0.08852809081361382,0.04426417435723553
2013-03-18 11:00:00,2.6450948600450555e-07,3.2378607830301956e-06,0.09911963339479171,0.04955994895213886
2013-03-18 12:00:00,3.293062879018674e-07,3.999786636381615e-06,0.11198811058265565,0.055994219944471776
2013-03-18 13:00:00,3.780316365225815e-07,5.057937599040068e-06,0.12841528799714516,0.06420783301439084
2013-03-18 14:00:00,6.363412358665959e-07,2.4259548399919083e-05,0.1272616701229747,0.06363115323210529
2013-03-18 15:00:00,9.143652263246969e-07,0.2046204898848284,0.1265910478915084,0.06329598112836736
2013-03-18 16:00:00,0.21721390685756728,0.2519309458916673,0.1213884854409157,0.1693011961492415
2013-03-18 17:00:00,0.34136721440483747,0.3413760696101907,0.09938082905419919,0.22037402172951834
2013-03-18 18:00:00,0.3413679260206651,0.3413764542795345,0.09981845517277324,0.22059319059671917
2013-03-18 19:00:00,0.3413685091149633,0.3413768163756823,0.1263835603219928,0.23387603471847807
2013-03-18 20:00:00,0.3413688329698741,0.34137699005137345,0.13192385273887433,0.2366463428543742
2013-03-18 21:00:00,0.3413692642123804,0.3413772299556233,0.11544756664547702,0.2284084154289287
2013-03-18 22:00:00,0.34136869970963796,0.341376943294184,0.1064903447668927,0.22392952223826534
2013-03-18 23:00:00,0.32818579766536965,0.33874958207957206,0.08554502167079693,0.20686540966808328
2013-03-19 00:00:00,0.34136900217221133,0.3413755195134867,0.0805033391219144,0.21093617064706288
2013-03-19 01:00:00,0.3413685731478894,0.3413751041953315,0.07806808836545148,0.20971833075667043
2013-03-19 02:00:00,0.34136820140185103,0.34137470404406556,0.07739015365141019,0.2093791775266306
2013-03-19 03:00:00,0.3297148114075437,0.3385248008224107,0.08262039351690634,0.20616760246222504
2013-03-19 04:00:00,0.3413663480096544,0.3413728879128593,0.09826300087968827,0.21981467444467132
2013-03-19 05:00:00,0.34136414067840665,0.3413743867220629,0.12917073311641294,0.2352674368974098
2013-03-19 06:00:00,3.4527362416804883e-07,0.12319963202321266,0.12360238104403823,0.061801363158831196
2013-03-19 07:00:00,1.0373955013681239e-07,1.5258232091846132e-06,0.12079946547581896,0.06039978460768455
2013-03-19 08:00:00,3.7979884000015256e-08,3.2291661795286886e-07,0.11014415623293418,0.05507209710640909
2013-03-19 09:00:00,1.6737645068238377e-08,1.1435542050961589e-07,0.09959740394485322,0.04979871034124914
2013-03-19 10:00:00,1.3880019106864168e-08,9.483140565378868e-08,0.08852809081361382,0.04426405234681646
2013-03-19 11:00:00,1.2417747068266157e-08,8.484081398199993e-08,0.09911963339479171,0.04955982290626939
2013-03-19 12:00:00,1.3871186814212572e-08,9.477105645182238e-08,0.11198811058265565,0.05599406222692123
2013-03-19 13:00:00,1.9014164018384463e-08,1.3953167147135158e-07,0.12841528799714516,0.06420765350565459
2013-03-19 14:00:00,5.4139178401153126e-08,4.863371489542257e-07,0.1272616701229747,0.06363086213107655
2013-03-19 15:00:00,1.0805304486051771e-07,2.091678000690499e-06,0.1265910478915084,0.06329557797227664
2013-03-19 16:00:00,3.9061579408089475e-07,0.13311777014409962,0.1213884854409157,0.06069443802835489
2013-03-19 17:00:00,0.34136175333653135,0.3413732930330211,0.09938082905419919,0.22037129119536528
2013-03-19 18:00:00,0.3413631786107714,0.34137408237921185,0.09981845517277324,0.22059081689177235
2013-03-19 19:00:00,0.3413638635051075,0.34137445438931807,0.1263835603219928,0.23387371191355016
2013-03-19 20:00:00,0.34136760421038775,0.34137646568706936,0.13192385273887433,0.23664572847463106
2013-03-19 21:00:00,0.3413681511397866,0.3413766988707821,0.11544756664547702,0.2284078588926318
2013-03-19 22:00:00,0.34137036254731984,0.341377490222277,0.1064903447668927,0.22393035365710628
2013-03-19 23:00:00,0.3413700221148034,0.34137642802466817,0.08554502167079693,0.21345752189280015
2013-03-20 00:00:00,0.34136962070408067,0.3413760179602261,0.0805033391219144,0.21093647991299752
2013-03-20 01:00:00,0.3413692143459386,0.341375650559328,0.07806808836545148,0.20971865135569503
2013-03-20 02:00:00,0.3413685514534415,0.34137497688421026,0.07739015365141019,0.20937935255242585
2013-03-20 03:00:00,0.3413675643801077,0.3413740215503884,0.08262039351690634,0.21199397894850702
2013-03-20 04:00:00,0.34136618556576553,0.34137260798024355,0.09826300087968827,0.2198145932227269
2013-03-20 05:00:00,0.34136369204198785,0.34137406752999766,0.12917073311641294,0.2352672125792004
2013-03-20 06:00:00,2.31786625473891e-07,0.09383244328884206,0.12360238104403823,0.06180130641533185
2013-03-20 07:00:00,5.607475123217657e-08,6.020369683658581e-07,0.12079946547581896,0.0603997607752851
2013-03-20 08:00:00,2.4203374371526106e-08,1.9751632409259337e-07,0.11014415623293418,0.055072090218154277
2013-03-20 09:00:00,2.386071726246659e-08,1.5849303230893597e-07,0.09959740394485322,0.049798713902785244
2013-03-20 10:00:00,2.835476394662559e-08,2.313945142150924e-07,0.08852809081361382,0.044264059584188886
2013-03-20 11:00:00,3.326688688514112e-08,2.71480834194943e-07,0.09911963339479171,0.0495598333308393
2013-03-20 12:00:00,5.6106400716941056e-08,4.3444139997565597e-07,0.11198811058265565,0.055994083344528184
2013-03-20 13:00:00,6.068178117144819e-08,4.698693298000389e-07,0.12841528799714516,0.06420767433946317
2013-03-20 14:00:00,1.2372748928572968e-07,1.3015424216954509e-06,0.1272616701229747,0.063630896925232
2013-03-20 15:00:00,3.3050777341429994e-07,0.11979763162022308,0.1265910478915084,0.06329568919964092
2013-03-20 16:00:00,1.1892452587103954e-06,0.2255050171601607,0.1213884854409157,0.060694837343087206
2013-03-20 17:00:00,0.3413625295067823,0.34137395585298347,0.09938082905419919,0.22037167928049076
2013-03-20 18:00:00,0.34136383284418415,0.3413746433507455,0.09981845517277324,0.22059114400847868
2013-03-20 19:00:00,0.341364360388343,0.34137502798274694,0.1263835603219928,0.2338739603551679
2013-03-20 20:00:00,0.3413644224524689,0.34137502922628593,0.13192385273887433,0.2366441375956716
2013-03-20 21:00:00,0.34136938879590983,0.34137752043435204,0.11544756664547702,0.22840847772069342
2013-03-20 22:00:00,0.34137079419014044,0.3413781453589022,0.1064903447668927,0.22393056947851658
2013-03-20 23:00:00,0.3413708680315648,0.3413781563582238,0.08554502167079693,0.21345794485118086
2013-03-21 00:00:00,0.34137129618254647,0.34137772722891846,0.0805033391219144,0.21093731765223045
2013-03-21 01:00:00,0.3413708636930844,0.34137729385139653,0.07806808836545148,0.20971947602926794
2013-03-21 02:00:00,0.3413702052638575,0.3413766513532406,0.07739015365141019,0.20938017945763382
2013-03-21 03:00:00,0.34136963178661994,0.3413760490219928,0.08262039351690634,0.21199501265176313
2013-03-21 04:00:00,0.3413689850189536,0.34137537249414673,0.09826300087968827,0.21981599294932092
2013-03-21 05:00:00,0.3413683278850002,0.3413767188055733,0.12917073311641294,0.2352695305007066
2013-03-21 06:00:00,7.31889039766459e-07,0.18598633706306153,0.12360238104403823,0.061801556466538995
2013-03-21 07:00:00,2.878728661303851e-07,0.07198505485951413,0.12079946547581896,0.060399876674342545
2013-03-21 08:00:00,9.974685956987332e-08,1.1250002366286556e-06,0.11014415623293418,0.05507212798989687
2013-03-21 09:00:00,4.9717126242430095e-08,6.308296613475613e-07,0.09959740394485322,0.04979872683098974
2013-03-21 10:00:00,3.5861068176731844e-08,4.1612836541141804e-07,0.08852809081361382,0.044264063337340995
2013-03-21 11:00:00,3.70035138113818e-08,4.855663652304113e-07,0.09911963339479171,0.04955983519915276
2013-03-21 12:00:00,6.014442762078575e-08,1.8567394525949584e-06,0.11198811058265565,0.05599408536354163
2013-03-21 13:00:00,7.729355948753236e-08,0.029953829838370232,0.12841528799714516,0.06420768264535233
2013-03-21 14:00:00,8.257578461446146e-08,1.574113867399197e-06,0.1272616701229747,0.06363087634937967
2013-03-21 15:00:00,1.1305962251954726e-07,1.04134473308289e-05,0.1265910478915084,0.06329558047556547
2013-03-21 16:00:00,3.7515995882744514e-07,0.12984110923035236,0.1213884854409157,0.06069443030043726
2013-03-21 17:00:00,0.34136364665251745,0.3413745893183785,0.09938082905419919,0.22037223785335833
2013-03-21 18:00:00,0.3413643293562885,0.34137495884094454,0.09981845517277324,0.2205913922645309
2013-03-21 19:00:00,0.3413646064547084,0.3413751159644505,0.1263835603219928,0.23387408338835058
2013-03-21 20:00:00,0.341364360388343,0.3413749600844727,0.13192385273887433,0.23664410656360868
2013-03-21 21:00:00,0.3413716565147402,0.3413785920095364,0.11544756664547702,0.2284096115801086
2013-03-21 22:00:00,0.3413712906604635,0.34137840340425735,0.1064903447668927,0.22393081771367812
2013-03-21 23:00:00,0.3413706848242037,0.34137815740490435,0.08554502167079693,0.2134578532475003
2013-03-22 00:00:00,0.3413706984912603,0.3413780254753255,0.0805033391219144,0.21093701880658733
2013-03-22 01:00:00,0.3413701828180566,0.34137673203432045,0.07806808836545148,0.20971913559175404
2013-03-22 02:00:00,0.3412186679024911,0.34132691820714106,0.07739015365141019,0.20930441077695067
2013-03-22 03:00:00,0.3413678438719841,0.3413765145370504,0.08262039351690634,0.21199411869444523
2013-03-22 04:00:00,0.34136635418992545,0.3413756698309926,0.09826300087968827,0.21981467753480685
2013-03-22 05:00:00,0.3413622829939077,0.3413733849475207,0.12917073311641294,0.2352665080551603
2013-03-22 06:00:00,2.048951686880296e-07,0.0537621082989462,0.12360238104403823,0.06180129296960346
2013-03-22 07:00:00,3.546815093406369e-08,2.9079114836913993e-07,0.12079946547581896,0.060399750471984946
2013-03-22 08:00:00,1.4175742587415601e-08,1.040259073580853e-07,0.11014415623293418,0.055072085204338386
2013-03-22 09:00:00,1.1974424640670868e-08,8.172489013193321e-08,0.09959740394485322,0.049798707959638935
2013-03-22 10:00:00,1.4431193428669487e-08,9.201939475742673e-08,0.08852809081361382,0.04426405262240363
2013-03-22 11:00:00,1.3874287357635587e-08,8.929128170342763e-08,0.09911963339479171,0.049559823634539535
2013-03-22 12:00:00,1.1856939152105144e-08,8.091544934317963e-08,0.11198811058265565,0.0559940612197974
2013-03-22 13:00:00,1.3652357124510323e-08,9.327568987822996e-08,0.12841528799714516,0.06420765082475115
2013-03-22 14:00:00,1.7699372024510637e-08,1.433195749825757e-07,0.1272616701229747,0.06363084391117337
2013-03-22 15:00:00,5.907996833116764e-08,5.008210999308075e-07,0.1265910478915084,0.06329555348573837
2013-03-22 16:00:00,2.6765569908406555e-07,4.72407539177316e-06,0.1213884854409157,0.060694376548307394
2013-03-22 17:00:00,0.34135602967163153,0.3413700748438176,0.09938082905419919,0.22036842936291537
2013-03-22 18:00:00,0.34135738035293794,0.34137071027369276,0.09981845517277324,0.22058791776285558
2013-03-22 19:00:00,0.019093078758949885,0.2527743526510481,0.1263835603219928,0.07273831954047134
2013-03-22 20:00:00,0.02197802197802198,0.26375176304654446,0.13192385273887433,0.07695093735844816
2013-03-22 21:00:00,0.024024024024024027,0.2732824427480916,0.11544756664547702,0.06973579533475052
2013-03-22 22:00:00,0.023323615160349857,0.2698650674662669,0.1064903447668927,0.06490697996362128
2013-03-22 23:00:00,0.022408963585434177,0.2637037037037037,0.08554502167079693,0.053976992628115554
2013-03-23 00:00:00,0.0245398773006135,0.2693548387096774,0.0805033391219144,0.05252160821126395
2013-03-23 01:00:00,0.019851116625310174,0.24760601915184677,0.07806808836545148,0.048959602495380825
2013-03-23 02:00:00,0.01809954751131222,0.23741935483870968,0.07739015365141019,0.04774485058136121
2013-03-23 03:00:00,0.016000000000000004,0.22222222222222227,0.08262039351690634,0.04931019675845317
2013-03-23 04:00:00,0.016359918200409,0.2152866242038217,0.09826300087968827,0.05731145954004863
2013-03-23 05:00:00,0.011611030478955009,0.1840843720038351,0.12917073311641294,0.07039088179768398
2013-03-23 06:00:00,1.8753695063980575e-07,1.7558461312172764e-06,0.12360238104403823,0.06180128429049443
2013-03-23 07:00:00,3.727827580518746e-08,2.7355954978701264e-07,0.12079946547581896,0.06039975137704738
2013-03-23 08:00:00,2.766325063942451e-08,1.842700467981083e-07,0.11014415623293418,0.05507209194809241
2013-03-23 09:00:00,2.6348586298659596e-08,1.678473202587855e-07,0.09959740394485322,0.04979871514671976
2013-03-23 10:00:00,2.6993809320751808e-08,1.6818380711106305e-07,0.08852809081361382,0.04426405890371157
2013-03-23 11:00:00,2.7677594368303337e-08,1.779986050447099e-07,0.09911963339479171,0.04955983053619304
2013-03-23 12:00:00,3.0177036906485956e-08,2.0617711366992518e-07,0.11198811058265565,0.05599407037984628
2013-03-23 13:00:00,4.9004817516595606e-08,3.348138595527534e-07,0.12841528799714516,0.06420766850098134
2013-03-23 14:00:00,7.207870244688694e-08,5.106978337529355e-07,0.1272616701229747,0.06363087110083858
2013-03-23 15:00:00,2.3312909799671e-07,2.0942207000678943e-06,0.1265910478915084,0.0632956405103032
2013-03-23 16:00:00,1.1505962173861703e-06,2.0089259637631246e-05,0.1213884854409157,0.06069481801856654
2013-03-23 17:00:00,0.014598540145985404,0.20709382151029748,0.09938082905419919,0.056989684600092294
2013-03-23 18:00:00,0.01609657947686117,0.22048192771084338,0.09981845517277324,0.0579575173248172
2013-03-23 19:00:00,0.018390804597701153,0.23583662714097497,0.1263835603219928,0.07238718245984697
2013-03-23 20:00:00,0.020253164556962026,0.24788732394366197,0.13192385273887433,0.07608850864791818
2013-03-23 21:00:00,0.020512820512820516,0.24964539007092196,0.11544756664547702,0.06798019357914876
2013-03-23 22:00:00,0.02061855670103093,0.2492917847025496,0.1064903447668927,0.06355445073396182
2013-03-23 23:00:00,0.020356234096692113,0.2517482517482517,0.08554502167079693,0.05295062788374452
2013-03-24 00:00:00,0.01965601965601966,0.2462380300957592,0.0805033391219144,0.05007967938896703
2013-03-24 01:00:00,0.01869158878504673,0.240053050397878,0.07806808836545148,0.04837983857524911
2013-03-24 02:00:00,0.016666666666666666,0.2262773722627737,0.07739015365141019,0.04702841015903843
2013-03-24 03:00:00,0.015151515151515154,0.21534936998854523,0.08262039351690634,0.048885954334210745
2013-03-24 04:00:00,0.013311148086522463,0.19937040923399793,0.09826300087968827,0.05578707448310537
2013-03-24 05:00:00,0.01129943502824859,0.18045112781954886,0.12917073311641294,0.07023508407233077
2013-03-24 06:00:00,9.302296737064383e-07,8.82713711462779e-06,0.12360238104403823,0.06180165563685597
2013-03-24 07:00:00,2.596106904047759e-07,1.7244539393425791e-06,0.12079946547581896,0.06039986254325468
2013-03-24 08:00:00,1.2531547649058686e-07,8.878964461595928e-07,0.11014415623293418,0.05507214077420534
2013-03-24 09:00:00,1.0258794154662197e-07,7.268651164191303e-07,0.09959740394485322,0.049798753266397384
2013-03-24 10:00:00,8.659696611570404e-08,6.13564123433149e-07,0.08852809081361382,0.044264088705289965
2013-03-24 11:00:00,7.496622771441467e-08,5.311568448114874e-07,0.09911963339479171,0.04955985418050971
2013-03-24 12:00:00,7.661945367417991e-08,5.428704924857128e-07,0.11198811058265565,0.05599409360105466
2013-03-24 13:00:00,9.449163234074387e-08,6.695002147421938e-07,0.12841528799714516,0.06420769124438876
2013-03-24 14:00:00,1.3292037630821897e-07,1.1435879243707634e-06,0.1272616701229747,0.06363090152167551
2013-03-24 15:00:00,3.033088416498848e-07,3.1084054083644587e-06,0.1265910478915084,0.06329567560017503
2013-03-24 16:00:00,9.387005589023128e-07,1.9239799877577866e-05,0.1213884854409157,0.0606947120707373
2013-03-24 17:00:00,0.014610389610389612,0.218214607754734,0.09938082905419919,0.0569956093322944
2013-03-24 18:00:00,0.014400000000000001,0.24002954209748895,0.09981845517277324,0.05710922758638662
2013-03-24 19:00:00,0.01777777777777778,0.24684270952927673,0.1263835603219928,0.07208066904988529
2013-03-24 20:00:00,0.01785714285714286,0.25056179775280896,0.13192385273887433,0.07489049779800859
2013-03-24 21:00:00,0.02476780185758514,0.27414330218068533,0.11544756664547702,0.07010768425153108
2013-03-24 22:00:00,0.024922118380062305,0.275,0.1064903447668927,0.0657062315734775
2013-03-24 23:00:00,0.024844720496894415,0.2772585669781932,0.08554502167079693,0.05519487108384567
2013-03-25 00:00:00,0.025000000000000005,0.278816199376947,0.0805033391219144,0.052751669560957205
2013-03-25 01:00:00,0.02515723270440252,0.280811232449298,0.07806808836545148,0.051612660534927
2013-03-25 02:00:00,0.0253968253968254,0.2821316614420063,0.07739015365141019,0.0513934895241178
2013-03-25 03:00:00,0.025723472668810293,0.282780410742496,0.08262039351690634,0.05417193309285832
2013-03-25 04:00:00,0.023323615160349857,0.2740315638450502,0.09826300087968827,0.06079330802001906
2013-03-25 05:00:00,0.018867924528301893,0.2537313432835821,0.12917073311641294,0.07401932882235741
2013-03-25 06:00:00,6.853210028347922e-07,1.8323834997160672e-05,0.12360238104403823,0.06180153318252053
2013-03-25 07:00:00,3.361246524996289e-07,5.6454606684742136e-06,0.12079946547581896,0.06039990080023573
2013-03-25 08:00:00,2.891961244248974e-07,4.088890391502748e-06,0.11014415623293418,0.0550722227145293
2013-03-25 09:00:00,3.1117116541730803e-07,4.753917309063119e-06,0.09959740394485322,0.04979885755800932
2013-03-25 10:00:00,3.3381722922519775e-07,4.054577399316765e-06,0.08852809081361382,0.04426421231542152
2013-03-25 11:00:00,3.4188935665525886e-07,4.152622098606736e-06,0.09911963339479171,0.049559987642074185
2013-03-25 12:00:00,3.8671883761598663e-07,4.6237303640079425e-06,0.11198811058265565,0.055994248650746634
2013-03-25 13:00:00,4.5469524562694004e-07,6.385687499727637e-06,0.12841528799714516,0.06420787134619539
2013-03-25 14:00:00,6.200765491389651e-07,1.406900528053178e-05,0.1272616701229747,0.06363114509976192
2013-03-25 15:00:00,7.645862670791581e-07,0.18972674321694172,0.1265910478915084,0.06329590623888774
2013-03-25 16:00:00,1.4350970197340192e-06,0.2394279788208538,0.1213884854409157,0.060694960268967715
2013-03-25 17:00:00,0.3413608895939057,0.34137338818200386,0.09938082905419919,0.22037085932405245
2013-03-25 18:00:00,0.34136181834676943,0.34137389722587125,0.09981845517277324,0.22059013675977135
2013-03-25 19:00:00,0.3413618227257472,0.34137384941086046,0.1263835603219928,0.23387269152387002
2013-03-25 20:00:00,0.3413665436002477,0.3413762382188349,0.13192385273887433,0.23664519816956103
2013-03-25 21:00:00,0.34136996896636645,0.3413777749552933,0.11544756664547702,0.22840876780592173
2013-03-25 22:00:00,0.34137018296755034,0.3413779260241948,0.1064903447668927,0.22393026386722154
2013-03-25 23:00:00,0.34137093225026516,0.3413782328695893,0.08554502167079693,0.21345797696053104
2013-03-26 00:00:00,0.3413705984064836,0.3413781100515473,0.0805033391219144,0.21093696876419898
2013-03-26 01:00:00,0.3413703693532585,0.3413779567205917,0.07806808836545148,0.20971922885935498
2013-03-26 02:00:00,0.3413700624409996,0.3413778184956746,0.07739015365141019,0.20938010804620488
2013-03-26 03:00:00,0.34136960382142884,0.3413768985347051,0.08262039351690634,0.2119949986691676
2013-03-26 04:00:00,0.34136706608965806,0.34137616612638894,0.09826300087968827,0.21981503348467316
2013-03-26 05:00:00,0.34136319794623965,0.34137412073593365,0.12917073311641294,0.2352669655313263
2013-03-26 06:00:00,7.738393463086704e-07,0.1907445823228059,0.12360238104403823,0.06180157744169227
2013-03-26 07:00:00,3.46312100794137e-07,5.88228277132284e-06,0.12079946547581896,0.060399905893959875
2013-03-26 08:00:00,2.0549340906861422e-07,2.7494400745788545e-06,0.11014415623293418,0.05507218086317162
2013-03-26 09:00:00,1.4979096951062859e-07,1.7909519572020472e-06,0.09959740394485322,0.04979877686791137
2013-03-26 10:00:00,1.2565958519928002e-07,1.5024293388105387e-06,0.08852809081361382,0.04426410823659951
2013-03-26 11:00:00,1.1820288180103368e-07,1.4132745423087959e-06,0.09911963339479171,0.04955987579883676
2013-03-26 12:00:00,1.1752354848721926e-07,1.4051522404946159e-06,0.11198811058265565,0.05599411405310207
2013-03-26 13:00:00,1.4250310915064837e-07,2.325841307171495e-06,0.12841528799714516,0.06420771525012715
2013-03-26 14:00:00,2.254380839656543e-07,3.7436198022513063e-06,0.1272616701229747,0.06363094778052934
2013-03-26 15:00:00,3.595478613733658e-07,2.0955045453343456e-05,0.1265910478915084,0.06329570371968489
2013-03-26 16:00:00,8.262031238740114e-07,0.19623549730528098,0.1213884854409157,0.060694655822019786
2013-03-26 17:00:00,0.34136262735706996,0.34137430566770194,0.09938082905419919,0.22037172820563458
2013-03-26 18:00:00,0.3413636846262038,0.3413749051825434,0.09981845517277324,0.2205910698994885
2013-03-26 19:00:00,0.34136415010449156,0.34137516912648447,0.1263835603219928,0.23387385521324217
2013-03-26 20:00:00,0.34136420997820266,0.34137525462074997,0.13192385273887433,0.2366440313585385
2013-03-26 21:00:00,0.34136540014808603,0.34137576348474047,0.11544756664547702,0.22840648339678152
2013-03-26 22:00:00,0.34137032233712833,0.3413781706350389,0.1064903447668927,0.22393033355201053
2013-03-26 23:00:00,0.3413722067327978,0.34137891553778,0.08554502167079693,0.21345861420179735
2013-03-27 00:00:00,0.3413710581541694,0.341378320268503,0.0805033391219144,0.2109371986380419
2013-03-27 01:00:00,0.3413714881774939,0.3413785202655269,0.07806808836545148,0.2097197882714727
2013-03-27 02:00:00,0.34137073445816035,0.3413781030059731,0.07739015365141019,0.2093804440547853
2013-03-27 03:00:00,0.34137009174752364,0.3413777298407595,0.08262039351690634,0.21199524263221498
2013-03-27 04:00:00,0.3413674384921589,0.34137629179356377,0.09826300087968827,0.21981521968592357
2013-03-27 05:00:00,0.3413606628521602,0.3413727928796491,0.12917073311641294,0.2352656979842866
2013-03-27 06:00:00,3.647674818058034e-07,0.12759424672696362,0.12360238104403823,0.061801372905760016
2013-03-27 07:00:00,1.752259697678692e-07,2.9430586979589076e-06,0.12079946547581896,0.06039982035089436
2013-03-27 08:00:00,1.116601689753337e-07,1.4046763783650337e-06,0.11014415623293418,0.055072133946551576
2013-03-27 09:00:00,1.0219003910769e-07,9.974042996392687e-07,0.09959740394485322,0.04979875306744617
2013-03-27 10:00:00,9.89362585487111e-08,9.334583266220896e-07,0.08852809081361382,0.04426409487493618
2013-03-27 11:00:00,8.724611815846477e-08,8.941247953820243e-07,0.09911963339479171,0.04955986032045494
2013-03-27 12:00:00,1.1359069685701843e-07,1.059403410027406e-06,0.11198811058265565,0.055994112086676255
2013-03-27 13:00:00,1.1811182588076112e-07,1.178423259687558e-06,0.12841528799714516,0.06420770305448552
2013-03-27 14:00:00,1.6312531131446132e-07,2.7398195811778665e-06,0.1272616701229747,0.06363091662414301
2013-03-27 15:00:00,1.9406681468142625e-07,3.4252385609600483e-06,0.1265910478915084,0.06329562097916154
2013-03-27 16:00:00,5.771493749731986e-07,0.15685038656221167,0.1213884854409157,0.060694531295145335
2013-03-27 17:00:00,0.3413619778833428,0.34137390344264507,0.09938082905419919,0.22037140346877102
2013-03-27 18:00:00,0.3413634984352441,0.3413747832523386,0.09981845517277324,0.2205909768040087
2013-03-27 19:00:00,0.3413642742322493,0.341375223158886,0.1263835603219928,0.23387391727712104
2013-03-27 20:00:00,0.3413644604240552,0.3413753287366262,0.13192385273887433,0.23664415658146476
2013-03-27 21:00:00,0.3413657747253496,0.3413759431795408,0.11544756664547702,0.22840667068541332
2013-03-27 22:00:00,0.3413663132283994,0.34137621956289216,0.1064903447668927,0.22392832899764603
2013-03-27 23:00:00,0.34137243124056593,0.3413790293068098,0.08554502167079693,0.21345872645568142
2013-03-28 00:00:00,0.34137190363352576,0.3413787464917477,0.0805033391219144,0.2109376213777201
2013-03-28 01:00:00,0.34137132306949325,0.34137842368390897,0.07806808836545148,0.20971970571747237
2013-03-28 02:00:00,0.34137052157204817,0.34137804258576193,0.07739015365141019,0.2093803376117292
2013-03-28 03:00:00,0.341369847222202,0.3413775958764449,0.08262039351690634,0.21199512036955415
2013-03-28 04:00:00,0.341368370276321,0.34137680313352886,0.09826300087968827,0.21981568557800463
2013-03-28 05:00:00,0.3413625371376168,0.3413736038434784,0.12917073311641294,0.23526663512701484
2013-03-28 06:00:00,1.895019898235326e-07,0.08079361634529833,0.12360238104403823,0.061801285273014026
2013-03-28 07:00:00,8.224052804998252e-08,1.233022576526317e-06,0.12079946547581896,0.06039977385817351
2013-03-28 08:00:00,6.156582802260089e-08,7.653133579925865e-07,0.11014415623293418,0.0550721088993811
2013-03-28 09:00:00,4.66083568157887e-08,5.8127532341742e-07,0.09959740394485322,0.04979872527660502
2013-03-28 10:00:00,4.352854715607636e-08,5.428655360303868e-07,0.08852809081361382,0.04426406717108049
2013-03-28 11:00:00,4.4112112193485805e-08,5.35791883277279e-07,0.09911963339479171,0.049559838753451955
2013-03-28 12:00:00,4.804332014015718e-08,5.574899733995482e-07,0.11198811058265565,0.055994079312987895
2013-03-28 13:00:00,5.7988632952191445e-08,6.540282087900535e-07,0.12841528799714516,0.06420767299288906
2013-03-28 14:00:00,9.219818497731073e-08,1.5747900332448674e-06,0.1272616701229747,0.06363088116057984
2013-03-28 15:00:00,1.8352696243545664e-07,8.436536164442919e-06,0.1265910478915084,0.06329561570923542
2013-03-28 16:00:00,6.410519405924346e-07,0.174773108945206,0.1213884854409157,0.06069456324642814
2013-03-28 17:00:00,0.341362853337818,0.34137421625488906,0.09938082905419919,0.2203718411960086
2013-03-28 18:00:00,0.34136394164145856,0.3413748509631321,0.09981845517277324,0.22059119840711588
2013-03-28 19:00:00,0.3413644049307298,0.34137511366395795,0.1263835603219928,0.23387398262636128
2013-03-28 20:00:00,0.34136422092899693,0.34137502692600374,0.13192385273887433,0.23664403683393564
2013-03-28 21:00:00,0.34136613360617396,0.34137600200244556,0.11544756664547702,0.22840685012582548
2013-03-28 22:00:00,0.34137249035881306,0.3413789707451211,0.1064903447668927,0.2239314175628529
2013-03-28 23:00:00,0.34137171605244243,0.34137860302828643,0.08554502167079693,0.21345836886161967
2013-03-29 00:00:00,0.34137138115781307,0.3413784298389707,0.0805033391219144,0.21093736013986375
2013-03-29 01:00:00,0.3413708177711922,0.3413780882363859,0.07806808836545148,0.20971945306832185
2013-03-29 02:00:00,0.3413699292215994,0.3413776089404921,0.07739015365141019,0.2093800414365048
2013-03-29 03:00:00,0.34136903671474245,0.3413771985580336,0.08262039351690634,0.2119947151158244
2013-03-29 04:00:00,0.34136772992325126,0.3413764228581903,0.09826300087968827,0.21981536540146976
2013-03-29 05:00:00,0.3413658350136532,0.3413752764020541,0.12917073311641294,0.23526828406503308
2013-03-29 06:00:00,4.429894047270809e-07,0.14345373219963026,0.12360238104403823,0.06180141201672148
2013-03-29 07:00:00,3.1927668080814033e-07,1.1364388256730578e-05,0.12079946547581896,0.06039989237624988
2013-03-29 08:00:00,2.084305388852479e-07,2.5316219930320717e-06,0.11014415623293418,0.05507218233173653
2013-03-29 09:00:00,1.9353645740251512e-07,1.9309471877338844e-06,0.09959740394485322,0.04979879874065531
2013-03-29 10:00:00,2.0621441880675497e-07,2.0574372981447147e-06,0.08852809081361382,0.04426414851401631
2013-03-29 11:00:00,2.6941861617977326e-07,2.7172526787290475e-06,0.09911963339479171,0.049559951406703946
2013-03-29 12:00:00,3.09512828134999e-07,3.2558893752173183e-06,0.11198811058265565,0.05599421004774189
2013-03-29 13:00:00,2.8219900754640457e-07,3.121582995133789e-06,0.12841528799714516,0.06420778509807636
2013-03-29 14:00:00,3.474592757098474e-07,5.6050379663840816e-06,0.1272616701229747,0.06363100879112521
2013-03-29 15:00:00,6.806883423045536e-07,0.17988479389406276,0.1265910478915084,0.06329586428992535
2013-03-29 16:00:00,1.7038522964521253e-06,0.25126532892329934,0.1213884854409157,0.06069509464660607
2013-03-29 17:00:00,0.3413629508126083,0.34137429037000067,0.09938082905419919,0.22037188993340376
2013-03-29 18:00:00,0.3413640058954182,0.3413748886427198,0.09981845517277324,0.22059123053409574
2013-03-29 19:00:00,0.3413644093111574,0.3413751349909195,0.1263835603219928,0.23387398481657512
2013-03-29 20:00:00,0.3413644713752019,0.3413751525872331,0.13192385273887433,0.23664416205703814
2013-03-29 21:00:00,0.34136973927892345,0.34137777586024975,0.11544756664547702,0.22840865296220023
2013-03-29 22:00:00,0.3413719869481773,0.3413788398100186,0.1064903447668927,0.22393116585753498
2013-03-29 23:00:00,0.34137162253881376,0.34137857792070864,0.08554502167079693,0.21345832210480534
2013-03-30 00:00:00,0.3413711010039709,0.34137832194870477,0.0805033391219144,0.21093722006294263
2013-03-30 01:00:00,0.34137069026421857,0.3413780528730286,0.07806808836545148,0.20971938931483503
2013-03-30 02:00:00,0.3413701551077384,0.341376552478454,0.07739015365141019,0.2093801543795743
2013-03-30 03:00:00,0.3413690851895682,0.34137715174480476,0.08262039351690634,0.21199473935323726
2013-03-30 04:00:00,0.341367675692624,0.34137639752167726,0.09826300087968827,0.21981533828615613
2013-03-30 05:00:00,0.34136463549634377,0.34137467109816805,0.12917073311641294,0.23526768430637834
2013-03-30 06:00:00,4.4895852845361973e-07,0.14454267102795143,0.12360238104403823,0.06180141500128334
2013-03-30 07:00:00,2.516193988617556e-07,4.799174026335336e-06,0.12079946547581896,0.06039985854760891
2013-03-30 08:00:00,1.6564603402673222e-07,1.5928016097691388e-06,0.11014415623293418,0.055072160939484104
2013-03-30 09:00:00,1.246351492957092e-07,1.1164539847056402e-06,0.09959740394485322,0.04979876429000126
2013-03-30 10:00:00,1.0972667261414493e-07,9.829073085422343e-07,0.08852809081361382,0.044264100270143214
2013-03-30 11:00:00,1.0686556771103893e-07,9.57278152532344e-07,0.09911963339479171,0.04955987013017971
2013-03-30 12:00:00,1.269548540160099e-07,1.137233383343332e-06,0.11198811058265565,0.05599411876875483
2013-03-30 13:00:00,2.1030947565115757e-07,1.8892270605327244e-06,0.12841528799714516,0.0642077491533104
2013-03-30 14:00:00,2.9296431548155277e-07,2.8541205605730004e-06,0.1272616701229747,0.06363098154364509
2013-03-30 15:00:00,6.37658404975436e-07,0.08605985373570837,0.1265910478915084,0.06329584277495669
2013-03-30 16:00:00,1.1792582622764714e-06,0.2248516535082298,0.1213884854409157,0.06069483234958899
2013-03-30 17:00:00,0.3413647294299495,0.3413747460322312,0.09938082905419919,0.22037277924207435
2013-03-30 18:00:00,0.3413661858701181,0.34137551909722064,0.09981845517277324,0.22059232052144567
2013-03-30 19:00:00,0.3413671833698095,0.34137612116046473,0.1263835603219928,0.23387537184590113
2013-03-30 20:00:00,0.3413678814812552,0.34137652448815825,0.13192385273887433,0.23664586711006474
2013-03-30 21:00:00,0.341368293705382,0.34137677832543906,0.11544756664547702,0.2284079301754295
2013-03-30 22:00:00,0.34136871328579266,0.3413770218123806,0.1064903447668927,0.22392952902634267
2013-03-30 23:00:00,0.3406887690193883,0.3411800448383515,0.08554502167079693,0.21311689534509262
2013-03-31 00:00:00,0.3413679338773078,0.3413752148964919,0.0805033391219144,0.2109356364996111
2013-03-31 01:00:00,0.3413640322881542,0.3413734647449054,0.07806808836545148,0.20971606032680284
2013-03-31 02:00:00,0.3413667692049482,0.3413738622652056,0.07739015365141019,0.20937846142817917
2013-03-31 03:00:00,0.34136641063751816,0.34137302467231856,0.08262039351690634,0.21199340207721223
2013-03-31 04:00:00,0.34135903685261315,0.3413683343632052,0.09826300087968827,0.2198110188661507
2013-03-31 05:00:00,0.34136214221901257,0.34136891801252023,0.12917073311641294,0.23526643766771277
2013-03-31 06:00:00,9.92660050991844e-07,0.16365611051451512,0.12360238104403823,0.06180168685204461
2013-03-31 07:00:00,3.0093136753595546e-07,2.703293372819185e-06,0.12079946547581896,0.06039988320359325
2013-03-31 08:00:00,2.006069644559365e-07,1.6447056832683054e-06,0.11014415623293418,0.05507217841994932
2013-03-31 09:00:00,1.6868648489955697e-07,1.3061675747433906e-06,0.09959740394485322,0.049798786315669065
2013-03-31 10:00:00,1.4807935596378797e-07,1.1690856960723872e-06,0.08852809081361382,0.04426411944648489
2013-03-31 11:00:00,1.5276331109221734e-07,1.2060655821353858e-06,0.09911963339479171,0.049559893079051405
2013-03-31 12:00:00,1.6434567298714928e-07,1.2975082651276492e-06,0.11198811058265565,0.05599413746416432
2013-03-31 13:00:00,2.0044915845630257e-07,1.582544774604539e-06,0.12841528799714516,0.06420774422315181
2013-03-31 14:00:00,3.06636095729336e-07,2.715756473771787e-06,0.1272616701229747,0.06363098837953522
2013-03-31 15:00:00,2.3785738071452358e-07,2.130673174633332e-06,0.1265910478915084,0.06329564287444456
2013-03-31 16:00:00,7.778345500970391e-07,0.00032819854786399243,0.1213884854409157,0.0606946316377329
2013-03-31 17:00:00,0.34136198566649684,0.3413731201522811,0.09938082905419919,0.22037140736034802
2013-03-31 18:00:00,0.34136414224485584,0.34137439140826226,0.09981845517277324,0.22059129870881455
2013-03-31 19:00:00,0.3413660247158989,0.34137542358742085,0.1263835603219928,0.23387479251894583
2013-03-31 20:00:00,0.3413669649056397,0.34137594785764974,0.13192385273887433,0.23664540882225704
2013-03-31 21:00:00,0.3413657813321777,0.3413733522305323,0.11544756664547702,0.22840667398882736
2013-03-31 22:00:00,0.34136800367830455,0.34137457590272785,0.1064903447668927,0.22392917422259861
2013-03-31 23:00:00,0.341368089390832,0.34137658231938894,0.08554502167079693,0.21345655553081447
2013-04-01 00:00:00,0.3413676908122218,0.3413742683342084,0.06606301469322172,0.20371535275272176
2013-04-01 01:00:00,0.34136712912427625,0.341373756703802,0.06713527686205371,0.204251202993165
2013-04-01 02:00:00,0.34136621758912183,0.3413729229625004,0.07098460977376335,0.2061754136814426
2013-04-01 03:00:00,0.34136491320317836,0.3413716760654332,0.08063385709801438,0.21099938515059635
2013-04-01 04:00:00,0.34136260651475847,0.3413735866937636,0.10324337167758331,0.22230298909617088
2013-04-01 05:00:00,0.34135902428428144,0.3413715258280886,0.12025662279624215,0.2308078235402618
2013-04-01 06:00:00,4.445513908076044e-07,4.7246322801822635e-06,0.12684371463039343,0.06342207959089212
2013-04-01 07:00:00,1.0812214645382606e-07,8.207953424789087e-07,0.12386203724137504,0.06193107268176075
2013-04-01 08:00:00,7.676673457878488e-08,5.244901038333058e-07,0.12396181705920578,0.06198094691297018
2013-04-01 09:00:00,8.51449651213584e-08,5.817566668290559e-07,0.10446640823426286,0.05223324668961399
2013-04-01 10:00:00,8.37762326772044e-08,5.72414578254479e-07,0.11189952308886851,0.05594980343255059
2013-04-01 11:00:00,7.106394065706146e-08,4.855519782763326e-07,0.10873774282149527,0.05436890694271797
2013-04-01 12:00:00,7.710304531584992e-08,5.268178479096775e-07,0.11663094797601511,0.05831551253953021
2013-04-01 13:00:00,8.53351174061879e-08,5.830377979517494e-07,0.12687822096497978,0.0634391531500486
2013-04-01 14:00:00,1.0181974626315592e-07,7.729513806109734e-07,0.11772174848528275,0.0588609251525145
2013-04-01 15:00:00,2.2361809607080646e-07,1.923904430500099e-06,0.10248344719189258,0.05124183540499432
2013-04-01 16:00:00,5.83709868760862e-07,1.0025361950184364e-05,0.10704355702025822,0.05352207036506349
2013-04-01 17:00:00,0.34136124845277543,0.34137275174311693,0.1217796976284836,0.23157047304062953
2013-04-01 18:00:00,0.3413642452803172,0.3413744962352124,0.1265798643948252,0.23397205483757122
2013-04-01 19:00:00,0.3413661544727606,0.3413755539217521,0.12700096935325644,0.23418356191300851
2013-04-01 20:00:00,0.34136737069727713,0.3413762608395536,0.10147832977551964,0.22142285023639838
2013-04-01 21:00:00,0.34136763753309773,0.3413763732883302,0.07864642074137435,0.21000702913723604
2013-04-01 22:00:00,0.3413679387569677,0.3413765364591455,0.08085140352205267,0.21110967113951018
2013-04-01 23:00:00,0.3413687376905087,0.3413769787247534,0.07336951439270036,0.2073691260416045
2013-04-02 00:00:00,0.3413686591003507,0.34137693748865156,0.06606301469322172,0.2037158368967862
2013-04-02 01:00:00,0.3413684362868422,0.3413767955133072,0.06713527686205371,0.20425185657444797
2013-04-02 02:00:00,0.34136805998310077,0.3413765737287722,0.07098460977376335,0.20617633487843207
2013-04-02 03:00:00,0.3413673793433168,0.3413762269779237,0.08063385709801438,0.21100061822066557
2013-04-02 04:00:00,0.3413651975118391,0.3413749623115494,0.10324337167758331,0.2223042845947112
2013-04-02 05:00:00,0.3413627016830837,0.3413735923970834,0.12025662279624215,0.23080966223966293
2013-04-02 06:00:00,6.620220182638634e-07,0.1775086653965174,0.12684371463039343,0.06342218832620584
2013-04-02 07:00:00,3.8199989337958536e-07,1.3371392720446259e-05,0.12386203724137504,0.06193120962063421
2013-04-02 08:00:00,1.764996120391444e-07,1.429193191412961e-06,0.12396181705920578,0.06198099677940891
2013-04-02 09:00:00,1.1712689140896505e-07,9.424990739946601e-07,0.10446640823426286,0.05223326268057713
2013-04-02 10:00:00,1.047760902470832e-07,8.112987896201542e-07,0.11189952308886851,0.05594981393247938
2013-04-02 11:00:00,1.148842203720144e-07,9.244527287812505e-07,0.10873774282149527,0.05436892885285782
2013-04-02 12:00:00,1.2172257997435208e-07,9.79479769464467e-07,0.11663094797601511,0.058315534849297544
2013-04-02 13:00:00,1.68962567582211e-07,1.4109177327219015e-06,0.12687822096497978,0.06343919496377368
2013-04-02 14:00:00,2.2711806576910907e-07,2.536934252885794e-06,0.11772174848528275,0.05886098780167426
2013-04-02 15:00:00,3.8956459679796406e-07,5.027422742744486e-06,0.10248344719189258,0.05124191837824469
2013-04-02 16:00:00,1.0765257929001211e-06,0.21776255835987515,0.10704355702025822,0.05352231677302556
2013-04-02 17:00:00,0.341362220928907,0.34137333340068793,0.1217796976284836,0.2315709592786953
2013-04-02 18:00:00,0.3413643333418484,0.3413745148716008,0.1265798643948252,0.2339720988683368
2013-04-02 19:00:00,0.3413659755388913,0.3413754446476099,0.12700096935325644,0.23418347244607388
2013-04-02 20:00:00,0.34136729065558474,0.3413761770890633,0.10147832977551964,0.22142281021555218
2013-04-02 21:00:00,0.3413681907070237,0.34137670405678566,0.07864642074137435,0.210007305724199
2013-04-02 22:00:00,0.3413694287078414,0.3413758484844343,0.08085140352205267,0.21111041611494705
2013-04-02 23:00:00,0.34136931065159914,0.34137570681738194,0.07336951439270036,0.20736941252214974
2013-04-03 00:00:00,0.3413691474653642,0.34137567198934055,0.06606301469322172,0.20371608107929295
2013-04-03 01:00:00,0.3413688525551641,0.34137535185710743,0.06713527686205371,0.2042520647086089
2013-04-03 02:00:00,0.34136847792147806,0.3413749965939348,0.07098460977376335,0.2061765438476207
2013-04-03 03:00:00,0.34136772840010177,0.3413743150694102,0.08063385709801438,0.21100079274905809
2013-04-03 04:00:00,0.3413665004765204,0.34137569139040164,0.10324337167758331,0.22230493607705185
2013-04-03 05:00:00,0.34136415931009984,0.3413744190821031,0.12025662279624215,0.230810391053171
2013-04-03 06:00:00,4.866892385925316e-07,0.1513063829306752,0.12684371463039343,0.06342210065981602
2013-04-03 07:00:00,2.172892308946271e-07,5.113465227501734e-06,0.12386203724137504,0.06193112726530297
2013-04-03 08:00:00,8.049285582438415e-08,6.843744983290506e-07,0.12396181705920578,0.0619809487760308
2013-04-03 09:00:00,8.542189437982536e-08,7.262826907782836e-07,0.10446640823426286,0.05223324682807862
2013-04-03 10:00:00,9.06909906191416e-08,7.710821289489456e-07,0.11189952308886851,0.055949806889929565
2013-04-03 11:00:00,9.929882912182836e-08,8.442685457833113e-07,0.10873774282149527,0.054368921060162195
2013-04-03 12:00:00,1.1568815618900632e-07,9.48486353661369e-07,0.11663094797601511,0.058315531832085654
2013-04-03 13:00:00,1.218235424970464e-07,1.0357803286005693e-06,0.12687822096497978,0.06343917139426114
2013-04-03 14:00:00,1.5918474910347812e-07,1.5508133562893992e-06,0.11772174848528275,0.058860953835015925
2013-04-03 15:00:00,2.0285976041045137e-07,2.353963668924734e-06,0.10248344719189258,0.05124182502582649
2013-04-03 16:00:00,5.058531139699431e-07,0.15459496520247484,0.10704355702025822,0.053522031436686095
2013-04-03 17:00:00,0.3413596610919534,0.34137232170530474,0.1217796976284836,0.23156967936021852
2013-04-03 18:00:00,0.34136115278868007,0.3413731864029992,0.1265798643948252,0.2339705085917526
2013-04-03 19:00:00,0.34136624533347776,0.3413757152458039,0.12700096935325644,0.2341836073433671
2013-04-03 20:00:00,0.34136901980449685,0.3413771890340198,0.10147832977551964,0.22142367479000824
2013-04-03 21:00:00,0.34136922170328055,0.3413773639469195,0.07864642074137435,0.21000782122232745
2013-04-03 22:00:00,0.3413691724332733,0.34137735469346864,0.08085140352205267,0.21111028797766299
2013-04-03 23:00:00,0.34136926010047125,0.3413773813337232,0.07336951439270036,0.2073693872465858
2013-04-04 00:00:00,0.34136914621688974,0.34137732016668726,0.06606301469322172,0.20371608045505574
2013-04-04 01:00:00,0.34136881324534574,0.34137708462648814,0.06713527686205371,0.20425204505369973
2013-04-04 02:00:00,0.34136817536706865,0.3413767307284669,0.07098460977376335,0.206176392570416
2013-04-04 03:00:00,0.34136820664210943,0.34137671267675457,0.08063385709801438,0.21100103187006192
2013-04-04 04:00:00,0.34136608291383114,0.34137550678889755,0.10324337167758331,0.22230472729570722
2013-04-04 05:00:00,0.34136060095234483,0.3413724969765956,0.12025662279624215,0.2308086118742935
2013-04-04 06:00:00,1.948336396731514e-07,0.05232111330124994,0.12684371463039343,0.06342195473201655
2013-04-04 07:00:00,8.022318640559886e-08,9.222023406417606e-07,0.12386203724137504,0.06193105873228072
2013-04-04 08:00:00,3.447408006822283e-08,2.3553420859589944e-07,0.12396181705920578,0.06198092576664292
2013-04-04 09:00:00,2.619004417946172e-08,2.0544493086072273e-07,0.10446640823426286,0.052233217212153515
2013-04-04 10:00:00,2.450982614861685e-08,1.9226464029493743e-07,0.11189952308886851,0.05594977379934733
2013-04-04 11:00:00,1.96327957790955e-08,1.4903931937439019e-07,0.10873774282149527,0.054368881227145525
2013-04-04 12:00:00,1.8246534215277538e-08,1.3851572879805998e-07,0.11663094797601511,0.058315483111274664
2013-04-04 13:00:00,3.013216040885726e-08,2.001506608365791e-07,0.12687822096497978,0.06343912554857009
2013-04-04 14:00:00,8.330692619477024e-08,7.378135027544265e-07,0.11772174848528275,0.05886091589610447
2013-04-04 15:00:00,2.537351219591961e-07,4.922455593939533e-06,0.10248344719189258,0.051241850463507266
2013-04-04 16:00:00,6.095790057739324e-07,0.17047307036856185,0.10704355702025822,0.053522083299632
2013-04-04 17:00:00,0.34136392701776486,0.3413744234180988,0.1217796976284836,0.23157181232312424
2013-04-04 18:00:00,0.34136353310244977,0.34137429086001936,0.1265798643948252,0.2339716987486375
2013-04-04 19:00:00,0.3413688017834347,0.34137711761529943,0.12700096935325644,0.23418488556834557
2013-04-04 20:00:00,0.3413691055470792,0.34137725092919713,0.10147832977551964,0.22142371766129942
2013-04-04 21:00:00,0.34137023279476814,0.3413778219799453,0.07864642074137435,0.21000832676807124
2013-04-04 22:00:00,0.3413704592687118,0.34137796842209617,0.08085140352205267,0.21111093139538223
2013-04-04 23:00:00,0.3413710340472136,0.34137822133791873,0.07336951439270036,0.20737027421995696
2013-04-05 00:00:00,0.34137100147426885,0.3413774865910357,0.06606301469322172,0.2037170080837453
2013-04-05 01:00:00,0.3413709047495964,0.3413774532054952,0.06713527686205371,0.20425309080582507
2013-04-05 02:00:00,0.34137070260493235,0.3413772070162621,0.07098460977376335,0.20617765618934786
2013-04-05 03:00:00,0.34137047056306424,0.34137799754331166,0.08063385709801438,0.21100216383053932
2013-04-05 04:00:00,0.34137053425644515,0.34137802121190863,0.10324337167758331,0.22230695296701422
2013-04-05 05:00:00,0.34136983556522027,0.34137761666242755,0.12025662279624215,0.23081322918073122
2013-04-05 06:00:00,1.1819562557989728e-06,0.22502653891740249,0.12684371463039343,0.06342244829332461
2013-04-05 07:00:00,5.34976527607642e-07,0.11361924065233346,0.12386203724137504,0.06193128610895132
2013-04-05 08:00:00,3.07361681096273e-07,0.0001352264903770725,0.12396181705920578,0.06198106221044344
2013-04-05 09:00:00,2.3013049031659803e-07,4.149098328869851e-06,0.10446640823426286,0.052233319182376586
2013-04-05 10:00:00,2.5334638911725255e-07,0.00011448068759506368,0.11189952308886851,0.055949888217628814
2013-04-05 11:00:00,2.957996644843006e-07,0.0007654798248306131,0.10873774282149527,0.05436901931057988
2013-04-05 12:00:00,3.497107270579272e-07,8.672121253953336e-06,0.11663094797601511,0.058315648843371086
2013-04-05 13:00:00,3.7978415684815613e-07,1.063510645437243e-05,0.12687822096497978,0.06343930037456831
2013-04-05 14:00:00,4.170938209450521e-07,2.9444412432000825e-05,0.11772174848528275,0.05886108278955184
2013-04-05 15:00:00,4.6473922784816603e-07,0.1474584348005779,0.10248344719189258,0.051241955965560214
2013-04-05 16:00:00,7.129901094012025e-07,0.18382010997281403,0.10704355702025822,0.05352213500518381
2013-04-05 17:00:00,0.3413695429129664,0.3413776060865327,0.1217796976284836,0.231574620270725
2013-04-05 18:00:00,0.34136960717210074,0.341377592221395,0.1265798643948252,0.23397473578346295
2013-04-05 19:00:00,0.3413707092831237,0.3413781159882819,0.12700096935325644,0.23418583931819006
2013-04-05 20:00:00,0.3413712111330177,0.3413776246299615,0.10147832977551964,0.22142477045426867
2013-04-05 21:00:00,0.3413710521516617,0.3413774991611552,0.07864642074137435,0.21000873644651802
2013-04-05 22:00:00,0.34137078948459587,0.34137726419574416,0.08085140352205267,0.21111109650332427
2013-04-05 23:00:00,0.3413704155880782,0.3413769718904372,0.07336951439270036,0.20736996499038926
2013-04-06 00:00:00,0.34137001595172917,0.34137662964351995,0.06606301469322172,0.20371651532247545
2013-04-06 01:00:00,0.3413695754361785,0.34137618723372576,0.06713527686205371,0.20425242614911612
2013-04-06 02:00:00,0.3413688382077418,0.3413754274151993,0.07098460977376335,0.20617672399075257
2013-04-06 03:00:00,0.34136780775382397,0.3413744210720687,0.08063385709801438,0.21100083242591916
2013-04-06 04:00:00,0.3413661872790217,0.3413729646559893,0.10324337167758331,0.2223047794783025
2013-04-06 05:00:00,0.3413635213620806,0.34137014816750266,0.12025662279624215,0.23081007207916138
2013-04-06 06:00:00,5.496585337968543e-07,0.001124728244971995,0.12684371463039343,0.06342213214446361
2013-04-06 07:00:00,2.0238436537987603e-07,2.3045516343353433e-06,0.12386203724137504,0.06193111981287021
2013-04-06 08:00:00,8.138992505045972e-08,6.178590267203484e-07,0.12396181705920578,0.061980949224565415
2013-04-06 09:00:00,6.22440899081022e-08,5.355185429989496e-07,0.10446640823426286,0.05223323523917638
2013-04-06 10:00:00,8.759602413033956e-08,6.317230187150438e-07,0.11189952308886851,0.05594980534244632
2013-04-06 11:00:00,9.500886147650991e-08,6.671516197801224e-07,0.10873774282149527,0.05436891891517837
2013-04-06 12:00:00,1.0061595072716156e-07,7.256198277985759e-07,0.11663094797601511,0.05831552429598292
2013-04-06 13:00:00,1.0320542903903027e-07,7.63881250076388e-07,0.12687822096497978,0.0634391620852044
2013-04-06 14:00:00,1.5419491427549158e-07,1.3812460590591787e-06,0.11772174848528275,0.058860951340098513
2013-04-06 15:00:00,2.2908851407462554e-07,2.534099476074934e-06,0.10248344719189258,0.051241838140203326
2013-04-06 16:00:00,5.456689768270149e-07,0.11485656729987871,0.10704355702025822,0.05352205134461752
2013-04-06 17:00:00,0.34136203676859433,0.3413731868072048,0.1217796976284836,0.23157086719853898
2013-04-06 18:00:00,0.341364348992532,0.3413744904652731,0.1265798643948252,0.23397210669367857
2013-04-06 19:00:00,0.34136581856173476,0.34137534634963596,0.12700096935325644,0.2341833939574956
2013-04-06 20:00:00,0.3413667609160711,0.34137585314038704,0.10147832977551964,0.22142254534579536
2013-04-06 21:00:00,0.3413680584587036,0.3413745380041234,0.07864642074137435,0.21000723960003898
2013-04-06 22:00:00,0.3413684270436593,0.3413749672499652,0.08085140352205267,0.21110991528285597
2013-04-06 23:00:00,0.341039765188372,0.3412565951710022,0.07336951439270036,0.20720463979053616
2013-04-07 00:00:00,0.3413681750295504,0.34137468899860407,0.06606301469322172,0.20371559486138607
2013-04-07 01:00:00,0.3412309819538689,0.3413170943061967,0.06713527686205371,0.20418312940796132
2013-04-07 02:00:00,0.3413669889070584,0.3413736984120615,0.07098460977376335,0.2061757993404109
2013-04-07 03:00:00,0.34136591988341136,0.3413726189459045,0.08063385709801438,0.21099988849071288
2013-04-07 04:00:00,0.34136431239925014,0.3413710003292867,0.10324337167758331,0.22230384203841672
2013-04-07 05:00:00,2.396766602069368e-06,0.23509009834724853,0.12025662279624215,0.06012950978142211
2013-04-07 06:00:00,4.0878757013261754e-07,1.3929778401016597e-05,0.12684371463039343,0.06342206170898178
2013-04-07 07:00:00,9.537661614781907e-08,7.421387504780005e-07,0.12386203724137504,0.06193106630899559
2013-04-07 08:00:00,4.586603747432611e-08,3.830035423301261e-07,0.12396181705920578,0.061980931462621625
2013-04-07 09:00:00,3.5547366284967736e-08,3.0583276147104486e-07,0.10446640823426286,0.05223322189081457
2013-04-07 10:00:00,3.246015761808575e-08,2.7927186170319417e-07,0.11189952308886851,0.055949777774513064
2013-04-07 11:00:00,3.030281114330527e-08,2.530430768725391e-07,0.10873774282149527,0.05436888656215321
2013-04-07 12:00:00,3.475528600385518e-08,2.902233821229327e-07,0.11663094797601511,0.05831549136565056
2013-04-07 13:00:00,4.7915272764797645e-08,4.001156746540142e-07,0.12687822096497978,0.06343913444012628
2013-04-07 14:00:00,6.932956118894188e-08,5.789354342256979e-07,0.11772174848528275,0.05886090890742197
2013-04-07 15:00:00,1.3591275814419828e-07,1.2587489500537703e-06,0.10248344719189258,0.05124179155232536
2013-04-07 16:00:00,5.002398094064094e-07,9.141252900881908e-05,0.10704355702025822,0.053522028630033816
2013-04-07 17:00:00,0.3413617612504097,0.34136839735218627,0.1217796976284836,0.23157072943944665
2013-04-07 18:00:00,0.3413643581203736,0.3413708959959979,0.1265798643948252,0.23397211125759937
2013-04-07 19:00:00,0.3413660643001574,0.3413726189492424,0.12700096935325644,0.23418351682670693
2013-04-07 20:00:00,0.341367086013246,0.3413736367136447,0.10147832977551964,0.22142270789438281
2013-04-07 21:00:00,0.34136776524672274,0.3413743198750875,0.07864642074137435,0.21000709299404854
2013-04-07 22:00:00,0.3413680491417101,0.34137460122570334,0.08085140352205267,0.21110972633188138
2013-04-07 23:00:00,0.3413682014878274,0.34137473054272893,0.07336951439270036,0.20736885794026388
2013-04-08 00:00:00,0.3413681513041076,0.3413746546633448,0.06606301469322172,0.20371558299866466
2013-04-08 01:00:00,0.3413680513273057,0.341374531652273,0.06713527686205371,0.2042516640946797
2013-04-08 02:00:00,0.34136753885198845,0.34137407401012826,0.07098460977376335,0.2061760743128759
2013-04-08 03:00:00,0.34136671294849774,0.3413733311490014,0.08063385709801438,0.21100028502325607
2013-04-08 04:00:00,0.3413655209049572,0.3413721041086184,0.10324337167758331,0.22230444629127025
2013-04-08 05:00:00,0.34135846545517085,0.3413710253729367,0.12025662279624215,0.2308075441257065
2013-04-08 06:00:00,1.3191985991635285e-07,0.036919268042937374,0.12684371463039343,0.06342192327512668
2013-04-08 07:00:00,4.2271583000189814e-08,4.4390910076552606e-07,0.12386203724137504,0.06193103975647902
2013-04-08 08:00:00,1.6240934303704618e-08,1.3972927715570897e-07,0.12396181705920578,0.06198091665007004
2013-04-08 09:00:00,1.5335386042912448e-08,1.0865517137380791e-07,0.10446640823426286,0.05223321178482445
2013-04-08 10:00:00,1.4108855814167067e-08,9.996488090926686e-08,0.11189952308886851,0.055949768598862165
2013-04-08 11:00:00,1.3018773609654428e-08,9.22413598226536e-08,0.10873774282149527,0.054368877920134444
2013-04-08 12:00:00,1.3361631546783578e-08,9.805166639162047e-08,0.11663094797601511,0.05831548066882333
2013-04-08 13:00:00,2.079348446145273e-08,1.3811919882593314e-07,0.12687822096497978,0.06343912087923212
2013-04-08 14:00:00,4.4831408574015856e-08,4.481019801150039e-07,0.11772174848528275,0.05886089665834566
2013-04-08 15:00:00,1.133070665835805e-07,1.5697770860627921e-06,0.10248344719189258,0.051241780249479583
2013-04-08 16:00:00,3.751342980787122e-07,0.1298446994704183,0.10704355702025822,0.05352196607727815
2013-04-08 17:00:00,0.3413637656189887,0.3413742217543118,0.1217796976284836,0.23157173162373615
2013-04-08 18:00:00,0.3413652183304249,0.3413750093879578,0.1265798643948252,0.23397254136262502
2013-04-08 19:00:00,0.3413671106283624,0.34137609841012434,0.12700096935325644,0.23418403999080942
2013-04-08 20:00:00,0.34136793248293046,0.34137657173647357,0.10147832977551964,0.22142313112922504
2013-04-08 21:00:00,0.3413681252596621,0.34137670113618107,0.07864642074137435,0.21000727300051822
2013-04-08 22:00:00,0.34136865764412816,0.3413769330480819,0.08085140352205267,0.2111100305830904
2013-04-08 23:00:00,0.34136939169919883,0.34137739846388604,0.07336951439270036,0.2073694530459496
2013-04-09 00:00:00,0.3413688772322104,0.3413770580708753,0.06606301469322172,0.20371594596271606
2013-04-09 01:00:00,0.34136854460307314,0.3413768707067774,0.06713527686205371,0.20425191073256344
2013-04-09 02:00:00,0.3413679216936068,0.34137654895756,0.07098460977376335,0.20617626573368508
2013-04-09 03:00:00,0.3413669891487325,0.3413760331213314,0.08063385709801438,0.21100042312337342
2013-04-09 04:00:00,0.3413651993363107,0.3413750159736866,0.10324337167758331,0.222304285506947
2013-04-09 05:00:00,0.22077460960877712,0.25489320650296543,0.12025662279624215,0.17051561620250963
2013-04-09 06:00:00,2.3810070559292207e-07,0.09571173157686906,0.12684371463039343,0.06342197636554951
2013-04-09 07:00:00,7.6846871427461e-08,7.389366549858284e-07,0.12386203724137504,0.06193105704412323
2013-04-09 08:00:00,2.3070331350863874e-08,1.9264834532643228e-07,0.12396181705920578,0.06198092006476857
2013-04-09 09:00:00,1.9330808643809746e-08,1.5163840626528414e-07,0.10446640823426286,0.05223321378253575
2013-04-09 10:00:00,1.756108923428664e-08,1.3331228776683788e-07,0.11189952308886851,0.05594977032497887
2013-04-09 11:00:00,1.8932877157017964e-08,1.4851686744390495e-07,0.10873774282149527,0.054368880877186214
2013-04-09 12:00:00,2.3816236396850486e-08,1.8682386146902195e-07,0.11663094797601511,0.05831548589612576
2013-04-09 13:00:00,2.834660945212212e-08,2.438807801717466e-07,0.12687822096497978,0.06343912465579461
2013-04-09 14:00:00,8.029593333885144e-08,6.705095805761421e-07,0.11772174848528275,0.05886091439060804
2013-04-09 15:00:00,1.5686776794245198e-07,1.920222610067495e-06,0.10248344719189258,0.05124180202983026
2013-04-09 16:00:00,3.907367093187623e-07,0.13313963592048944,0.10704355702025822,0.05352197387848377
2013-04-09 17:00:00,0.3413628229364724,0.34137369701056003,0.1217796976284836,0.23157126028247801
2013-04-09 18:00:00,0.34136288068094217,0.3413738338409161,0.1265798643948252,0.2339713725378837
2013-04-09 19:00:00,0.3413670467655233,0.3413760576385735,0.12700096935325644,0.23418400805938988
2013-04-09 20:00:00,0.3413677711492077,0.3413764216575213,0.10147832977551964,0.22142305046236366
2013-04-09 21:00:00,0.341368174240659,0.3413766840103397,0.07864642074137435,0.21000729749101668
2013-04-09 22:00:00,0.34136881594142576,0.3413770479025028,0.08085140352205267,0.21111010973173922
2013-04-09 23:00:00,0.34136897355397167,0.3413771405282632,0.07336951439270036,0.207369243973336
2013-04-10 00:00:00,0.34136854644104064,0.3413768842076133,0.06606301469322172,0.2037157805671312
2013-04-10 01:00:00,0.34136822618738727,0.3413766981257306,0.06713527686205371,0.2042517515247205
2013-04-10 02:00:00,0.34136771942572014,0.34137640388618584,0.07098460977376335,0.20617616459974175
2013-04-10 03:00:00,0.341366946438478,0.3413760236757074,0.08063385709801438,0.2110004017682462
2013-04-10 04:00:00,0.3413655805124097,0.3413752326197796,0.10324337167758331,0.2223044760949965
2013-04-10 05:00:00,0.34135759284942485,0.3413707117861818,0.12025662279624215,0.2308071078228335
2013-04-10 06:00:00,1.2577524190666714e-07,0.04907256288967814,0.12684371463039343,0.06342192020281767
2013-04-10 07:00:00,4.067498510787108e-08,3.859722989327871e-07,0.12386203724137504,0.06193103895818007
2013-04-10 08:00:00,2.056671310596208e-08,1.678387025415674e-07,0.12396181705920578,0.061980918812959446
2013-04-10 09:00:00,1.7310820273045528e-08,1.1119205068756346e-07,0.10446640823426286,0.052233212772541567
2013-04-10 10:00:00,1.774508528421076e-08,1.1247847115196122e-07,0.11189952308886851,0.0559497704169769
2013-04-10 11:00:00,1.5121613611662023e-08,1.0331424443231882e-07,0.10873774282149527,0.054368878971554443
2013-04-10 12:00:00,1.952381760295119e-08,1.3833135383636198e-07,0.11663094797601511,0.05831548374991636
2013-04-10 13:00:00,2.4993645573893222e-08,1.960598980697239e-07,0.12687822096497978,0.06343912297931267
2013-04-10 14:00:00,5.952001630372286e-08,5.120818868337888e-07,0.11772174848528275,0.058860904002649525
2013-04-10 15:00:00,1.1065969333543146e-07,2.4256537646177927e-06,0.10248344719189258,0.05124177892579296
2013-04-10 16:00:00,2.817937209846399e-07,0.10772739031804575,0.10704355702025822,0.0535219194069896
2013-04-10 17:00:00,0.34136362797524694,0.3413741536651199,0.1217796976284836,0.23157166280186528
2013-04-10 18:00:00,0.3413657604966402,0.3413753579062368,0.1265798643948252,0.2339728124457327
2013-04-10 19:00:00,0.3413669751801621,0.34137604916559294,0.12700096935325644,0.23418397226670928
2013-04-10 20:00:00,0.34136753816638965,0.3413763532914211,0.10147832977551964,0.22142293397095464
2013-04-10 21:00:00,0.3413686960325878,0.3413769214515152,0.07864642074137435,0.21000755838698107
2013-04-10 22:00:00,0.3413687646774371,0.34137701690498384,0.08085140352205267,0.21111008409974488
2013-04-10 23:00:00,0.34136941009607,0.3413760836589329,0.07336951439270036,0.20736946224438518
2013-04-11 00:00:00,0.34136909445702884,0.34137553303789936,0.06606301469322172,0.2037160545751253
2013-04-11 01:00:00,0.34136843805917727,0.3413768871717815,0.06713527686205371,0.2042518574606155
2013-04-11 02:00:00,0.3413679633874351,0.34137660913589396,0.07098460977376335,0.20617628658059922
2013-04-11 03:00:00,0.34136704320921935,0.34137605813399313,0.08063385709801438,0.21100045015361685
2013-04-11 04:00:00,0.341365751389644,0.34137531831060064,0.10324337167758331,0.22230456153361364
2013-04-11 05:00:00,0.3413582506778998,0.3413710726235344,0.12025662279624215,0.230807436737071
2013-04-11 06:00:00,1.3343756289635123e-07,2.5637622181895796e-05,0.12684371463039343,0.06342192403397816
2013-04-11 07:00:00,4.672544935864649e-08,4.374744284372946e-07,0.12386203724137504,0.0619310419834122
2013-04-11 08:00:00,2.7320927598312416e-08,2.4579702114766557e-07,0.12396181705920578,0.06198092219006669
2013-04-11 09:00:00,0.0033936651583710404,0.018243243243243244,0.10446640823426286,0.05393003669631695
2013-04-11 10:00:00,7.445898289178288e-08,6.701092079458076e-07,0.11189952308886851,0.0559497987739257
2013-04-11 11:00:00,3.8589628818580446e-08,3.4730023078486224e-07,0.10873774282149527,0.05436889070556204
2013-04-11 12:00:00,2.739486828917157e-08,2.4654857336996536e-07,0.11663094797601511,0.0583154876854417
2013-04-11 13:00:00,3.162755717596182e-08,2.220885862511067e-07,0.12687822096497978,0.06343912629626848
2013-04-11 14:00:00,6.350281999618709e-08,5.624170751173807e-07,0.11772174848528275,0.058860905994051374
2013-04-11 15:00:00,1.3284176370290098e-07,5.9723560911170244e-05,0.10248344719189258,0.05124179001682814
2013-04-11 16:00:00,3.1429301985235357e-07,0.11592377512519704,0.10704355702025822,0.053521935656639034
2013-04-11 17:00:00,0.34136394342643017,0.341374249864174,0.1217796976284836,0.2315718205274569
2013-04-11 18:00:00,0.34136595984062507,0.34137544446168994,0.1265798643948252,0.23397291211772514
2013-04-11 19:00:00,0.34136691932647045,0.3413759682729771,0.12700096935325644,0.23418394433986345
2013-04-11 20:00:00,0.341367994252151,0.3413765503252681,0.10147832977551964,0.2214231620138353
2013-04-11 21:00:00,0.34136855994426457,0.341376850437329,0.07864642074137435,0.21000749034281946
2013-04-11 22:00:00,0.34136870750476644,0.341376981291228,0.08085140352205267,0.21111005551340956
2013-04-11 23:00:00,0.34136824271800353,0.3413766795321094,0.07336951439270036,0.20736887855535194
2013-04-12 00:00:00,0.34136773624346667,0.341376400478798,0.06606301469322172,0.2037153754683442
2013-04-12 01:00:00,0.3413490759601212,0.34136606675756126,0.06713527686205371,0.20424217641108747
2013-04-12 02:00:00,0.34136660107746675,0.3413757293174505,0.07098460977376335,0.20617560542561505
2013-04-12 03:00:00,0.3413651416349788,0.3413749108740077,0.08063385709801438,0.2109994993664966
2013-04-12 04:00:00,0.32674853176721835,0.3363786051946672,0.10324337167758331,0.21499595172240082
2013-04-12 05:00:00,0.21762021727437963,0.25227034967985107,0.12025662279624215,0.1689384200353109
2013-04-12 06:00:00,3.0445007571842525e-07,4.4343851830218666e-05,0.12684371463039343,0.06342200954023457
2013-04-12 07:00:00,1.280608271854354e-07,1.3610152824031372e-06,0.12386203724137504,0.06193108265110111
2013-04-12 08:00:00,7.365130033432976e-08,5.479304755396902e-07,0.12396181705920578,0.06198094535525306
2013-04-12 09:00:00,4.494250797081595e-08,3.866639864028927e-07,0.10446640823426286,0.05223322658838541
2013-04-12 10:00:00,5.059444083125183e-08,4.35290534859532e-07,0.11189952308886851,0.05594978684165467
2013-04-12 11:00:00,9.289576825404169e-08,6.523136737392866e-07,0.10873774282149527,0.054368917858631766
2013-04-12 12:00:00,1.0905280306735002e-07,7.657683658728663e-07,0.11663094797601511,0.05831552851440909
2013-04-12 13:00:00,1.0596438838904751e-07,7.440815851270559e-07,0.12687822096497978,0.06343916346468409
2013-04-12 14:00:00,1.275458998632676e-07,9.68245516853814e-07,0.11772174848528275,0.05886093801559131
2013-04-12 15:00:00,2.0631092039118337e-07,1.827207654475659e-06,0.10248344719189258,0.05124182675140648
2013-04-12 16:00:00,5.183778781203757e-07,0.00021149872233359646,0.10704355702025822,0.05352203769906817
2013-04-12 17:00:00,0.3413623042280335,0.34137335515717027,0.1217796976284836,0.23157100092825855
2013-04-12 18:00:00,0.3413646074821583,0.341374713323665,0.1265798643948252,0.23397223593849176
2013-04-12 19:00:00,0.341366490414889,0.3413757367020647,0.12700096935325644,0.2341837298840727
2013-04-12 20:00:00,0.34136733313052786,0.3413762524095507,0.10147832977551964,0.22142283145302374
2013-04-12 21:00:00,0.34136817328350516,0.34137617588528624,0.07864642074137435,0.21000729701243975
2013-04-12 22:00:00,0.3270470279302936,0.3382275480642612,0.08085140352205267,0.20394921572617314
2013-04-12 23:00:00,0.34136790109919213,0.3413746038317196,0.07336951439270036,0.20736870774594623
2013-04-13 00:00:00,0.3413676317500795,0.34137437325975245,0.06606301469322172,0.20371532322165062
2013-04-13 01:00:00,0.3413575211160641,0.3413694063699219,0.06713527686205371,0.2042463989890589
2013-04-13 02:00:00,0.32405093419017017,0.3365898739190705,0.07098460977376335,0.19751777198196677
2013-04-13 03:00:00,0.3413588378156568,0.3413680624974103,0.08063385709801438,0.2109963474568356
2013-04-13 04:00:00,0.3199092456040839,0.3340306834030683,0.10324337167758331,0.2115763086408336
2013-04-13 05:00:00,1.4720005861833444e-06,4.891515133155981e-05,0.12025662279624215,0.06012904739841417
2013-04-13 06:00:00,1.1359621253869543e-07,1.0003244155561486e-06,0.12684371463039343,0.06342191411330299
2013-04-13 07:00:00,4.793375018865924e-08,3.274952414334947e-07,0.12386203724137504,0.061931042587562615
2013-04-13 08:00:00,3.146543366358159e-08,2.149832941259541e-07,0.12396181705920578,0.06198092426231972
2013-04-13 09:00:00,3.034686343518968e-08,1.8481154896404708e-07,0.10446640823426286,0.05223321929056315
2013-04-13 10:00:00,3.238978051896569e-08,1.7583679198876114e-07,0.11189952308886851,0.05594977773932452
2013-04-13 11:00:00,3.5767670239535015e-08,1.836586192765393e-07,0.10873774282149527,0.05436888929458276
2013-04-13 12:00:00,3.1960289468176947e-08,1.7794088234477683e-07,0.11663094797601511,0.05831548996815229
2013-04-13 13:00:00,3.2380699975965964e-08,1.9013137465343012e-07,0.12687822096497978,0.06343912667283988
2013-04-13 14:00:00,3.147647817869543e-08,2.0009542180118621e-07,0.11772174848528275,0.05886088998088046
2013-04-13 15:00:00,3.8945050247682736e-08,3.252102513839766e-07,0.10248344719189258,0.051241743068471415
2013-04-13 16:00:00,2.6019968113830076e-07,3.901143926507782e-06,0.10704355702025822,0.05352190860996968
2013-04-13 17:00:00,0.01228878648233487,0.1882591093117409,0.1217796976284836,0.06703424205540924
2013-04-13 18:00:00,0.014059753954305802,0.20288248337028825,0.1265798643948252,0.0703198091745655
2013-04-13 19:00:00,0.014897579143389201,0.20954598370197902,0.12700096935325644,0.07094927424832283
2013-04-13 20:00:00,0.014760147601476014,0.21046643913538116,0.10147832977551964,0.058119238688497825
2013-04-13 21:00:00,0.014760147601476014,0.20938215102974825,0.07864642074137435,0.04670328417142518
2013-04-13 22:00:00,0.017467248908296946,0.22086720867208673,0.08085140352205267,0.049159326215174805
2013-04-13 23:00:00,0.03493449781659389,0.3,0.07336951439270036,0.05415200610464713
2013-04-14 00:00:00,0.030188679245283023,0.27848101265822783,0.06606301469322172,0.04812584696925237
2013-04-14 01:00:00,0.024922118380062305,0.2536764705882353,0.06713527686205371,0.04602869762105801
2013-04-14 02:00:00,0.02185792349726776,0.2387312186978297,0.07098460977376335,0.04642126663551555
2013-04-14 03:00:00,0.016064257028112452,0.2021276595744681,0.08063385709801438,0.048349057063063416
2013-04-14 04:00:00,0.011049723756906079,0.17647058823529413,0.10324337167758331,0.05714654771724469
2013-04-14 05:00:00,0.009580838323353295,0.13010446343779677,0.12025662279624215,0.06491873055979772
2013-04-14 06:00:00,3.7912772466774066e-08,3.2618399417443067e-07,0.12684371463039343,0.06342187627158295
2013-04-14 07:00:00,2.9519035143178832e-08,1.8028795231167318e-07,0.12386203724137504,0.06193103338020509
2013-04-14 08:00:00,2.9639107996818064e-08,1.6387183753527532e-07,0.12396181705920578,0.06198092334915689
2013-04-14 09:00:00,2.9821768708226845e-08,1.543429534724592e-07,0.10446640823426286,0.05223321902801578
2013-04-14 10:00:00,3.1952535403329345e-08,1.5687170763324832e-07,0.11189952308886851,0.05594977752070196
2013-04-14 11:00:00,3.490980220583171e-08,1.6676244492693416e-07,0.10873774282149527,0.05436888886564874
2013-04-14 12:00:00,3.633844039023464e-08,1.8403825449149277e-07,0.11663094797601511,0.058315492157227755
2013-04-14 13:00:00,3.6925468784519545e-08,2.0915860605549802e-07,0.12687822096497978,0.06343912894522429
2013-04-14 14:00:00,3.7155818684806636e-08,2.2829785188716882e-07,0.11772174848528275,0.058860892820550716
2013-04-14 15:00:00,3.673233955947713e-08,2.7884822447296944e-07,0.10248344719189258,0.05124174196211607
2013-04-14 16:00:00,1.7030320783122276e-07,1.723774415244544e-06,0.10704355702025822,0.053521863661733025
2013-04-14 17:00:00,0.012413793103448279,0.21044546850998466,0.1217796976284836,0.06709674536596594
2013-04-14 18:00:00,0.3413572956454264,0.34136836554289407,0.1265798643948252,0.23396858002012577
2013-04-14 19:00:00,0.014446227929373999,0.23311897106109325,0.12700096935325644,0.07072359864131522
2013-04-14 20:00:00,0.016245487364620944,0.23496240601503762,0.10147832977551964,0.058861908570070294
2013-04-14 21:00:00,0.021505376344086023,0.262937062937063,0.07864642074137435,0.05007589854273019
2013-04-14 22:00:00,0.020512820512820513,0.25641025641025644,0.08085140352205267,0.05068211201743659
2013-04-14 23:00:00,0.021220159151193636,0.25608011444921314,0.07336951439270036,0.047294836771947
2013-04-15 00:00:00,0.024922118380062305,0.27124183006535946,0.06606301469322172,0.045492566536642014
2013-04-15 01:00:00,0.03361344537815126,0.30607966457023067,0.06713527686205371,0.05037436112010249
2013-04-15 02:00:00,0.026402640264026403,0.27768014059753954,0.07098460977376335,0.048693625018894876
2013-04-15 03:00:00,0.014814814814814815,0.21476510067114093,0.08063385709801438,0.04772433595641459
2013-04-15 04:00:00,0.012362637362637364,0.21310240963855423,0.10324337167758331,0.057803004520110335
2013-04-15 05:00:00,1.8060949382834784e-06,3.2219824206582545e-05,0.12025662279624215,0.06012921444559022
2013-04-15 06:00:00,6.401858567093251e-08,5.24866630660168e-07,0.12684371463039343,0.06342188932448956
2013-04-15 07:00:00,1.9652001956317492e-08,1.3923964709711443e-07,0.12386203724137504,0.0619310284466885
2013-04-15 08:00:00,3.083883132301331e-08,1.6725043469317146e-07,0.12396181705920578,0.06198092394901855
2013-04-15 09:00:00,2.9254576425035766e-08,1.534139713910558e-07,0.10446640823426286,0.05223321874441964
2013-04-15 10:00:00,2.9492648873705725e-08,1.50046672017331e-07,0.11189952308886851,0.055949776290758695
2013-04-15 11:00:00,3.0389351409189683e-08,1.5221967233599253e-07,0.10873774282149527,0.05436888660542334
2013-04-15 12:00:00,3.170470457973718e-08,1.608391581730883e-07,0.11663094797601511,0.05831548984035985
2013-04-15 13:00:00,3.266294703203396e-08,1.7531390945687186e-07,0.12687822096497978,0.06343912681396341
2013-04-15 14:00:00,3.169273764086233e-08,1.8989267406722964e-07,0.11772174848528275,0.058860890089010194
2013-04-15 15:00:00,3.230027889675813e-08,2.7789649906726085e-07,0.10248344719189258,0.051241739746085736
2013-04-15 16:00:00,2.151933788225237e-07,3.3080488811188308e-06,0.10704355702025822,0.053521886106818524
2013-04-15 17:00:00,0.013050570962479609,0.202416918429003,0.1217796976284836,0.06741513429548161
2013-04-15 18:00:00,0.01512287334593573,0.22556390977443605,0.1265798643948252,0.07085136887038046
2013-04-15 19:00:00,0.01777777777777778,0.24121212121212127,0.12700096935325644,0.07238937356551711
2013-04-15 20:00:00,0.018058690744920995,0.24609843937575024,0.10147832977551964,0.059768510260220314
2013-04-15 21:00:00,0.01904761904761905,0.25156445556946183,0.07864642074137435,0.0488470198944967
2013-04-15 22:00:00,0.021505376344086023,0.26220362622036264,0.08085140352205267,0.05117838993306935
2013-04-15 23:00:00,0.02110817941952507,0.25961538461538464,0.07336951439270036,0.047238846906112714
2013-04-16 00:00:00,0.020460358056265986,0.2570659488559892,0.06606301469322172,0.043261686374743855
2013-04-16 01:00:00,0.019559902200489,0.2503276539973788,0.06713527686205371,0.04334758953127136
2013-04-16 02:00:00,0.01830663615560641,0.24211853720050444,0.07098460977376335,0.04464562296468488
2013-04-16 03:00:00,0.016701461377870565,0.22994011976047907,0.08063385709801438,0.04866765923794247
2013-04-16 04:00:00,0.013333333333333336,0.2086258776328987,0.10324337167758331,0.05828835250545832
2013-04-16 05:00:00,1.1124927653204858e-06,2.2063084163698792e-05,0.12025662279624215,0.06012886764450374
2013-04-16 06:00:00,8.764103941010709e-08,6.919264807356424e-07,0.12684371463039343,0.06342190113571641
2013-04-16 07:00:00,3.040428024160214e-08,2.154225463237335e-07,0.12386203724137504,0.06193103382282764
2013-04-16 08:00:00,2.8877493979499734e-08,1.8168607585369442e-07,0.12396181705920578,0.06198092296834988
2013-04-16 09:00:00,2.7247518364146193e-08,1.6433201191730881e-07,0.10446640823426286,0.05223321774089061
2013-04-16 10:00:00,2.413231613797481e-08,1.4934940577798778e-07,0.11189952308886851,0.05594977361059232
2013-04-16 11:00:00,2.4788237393049502e-08,1.518950032428458e-07,0.10873774282149527,0.05436888380486633
2013-04-16 12:00:00,2.9274633711391812e-08,1.7261827962753502e-07,0.11663094797601511,0.058315488625324416
2013-04-16 13:00:00,3.017964190406258e-08,1.7751779004395028e-07,0.12687822096497978,0.06343912557231084
2013-04-16 14:00:00,3.065017574146683e-08,1.8676377460655962e-07,0.11772174848528275,0.058860889567729245
2013-04-16 15:00:00,2.9660431658346472e-08,2.5518447221700456e-07,0.10248344719189258,0.051241738426162114
2013-04-16 16:00:00,2.1435478756416413e-07,4.502013484850255e-06,0.10704355702025822,0.05352188568752289
2013-04-16 17:00:00,0.013769363166953529,0.2110091743119266,0.1217796976284836,0.06777453039771857
2013-04-16 18:00:00,0.016913319238900635,0.235705950991832,0.1265798643948252,0.07174659181686291
2013-04-16 19:00:00,0.016632016632016633,0.23883928571428573,0.12700096935325644,0.07181649299263654
2013-04-16 20:00:00,0.018957345971563982,0.2496863237139273,0.10147832977551964,0.06021783787354181
2013-04-16 21:00:00,0.022099447513812157,0.2645803698435278,0.07864642074137435,0.05037293412759325
2013-04-16 22:00:00,0.02185792349726776,0.2638297872340426,0.08085140352205267,0.05135466350966021
2013-04-16 23:00:00,0.02144772117962467,0.26123595505617975,0.07336951439270036,0.04740861778616251
2013-04-17 00:00:00,0.02072538860103627,0.2572614107883818,0.06606301469322172,0.043394201647128997
2013-04-17 01:00:00,0.01975308641975309,0.2506702412868633,0.06713527686205371,0.0434441816409034
2013-04-17 02:00:00,0.020887728459530026,0.2532188841201717,0.07098460977376335,0.04593616911664669
2013-04-17 03:00:00,0.01687763713080169,0.23076923076923078,0.08063385709801438,0.048755747114408034
2013-04-17 04:00:00,0.012288786482334871,0.20844564240790658,0.10324337167758331,0.05776607907995909
2013-04-17 05:00:00,8.851536388832063e-07,1.74705220637155e-05,0.12025662279624215,0.06012875397494052
2013-04-17 06:00:00,8.413516529690971e-08,7.02569411303039e-07,0.12684371463039343,0.06342189938277937
2013-04-17 07:00:00,3.51751111419193e-08,2.93729345764612e-07,0.12386203724137504,0.06193103620824309
2013-04-17 08:00:00,2.7778796076422834e-08,1.7995923923231387e-07,0.12396181705920578,0.06198092241900093
2013-04-17 09:00:00,2.6770433865476908e-08,1.5494325627898077e-07,0.10446640823426286,0.05223321750234836
2013-04-17 10:00:00,2.8532549847268115e-08,1.511818210512186e-07,0.11189952308886851,0.05594977581070918
2013-04-17 11:00:00,2.8372374477210624e-08,1.503279479348172e-07,0.10873774282149527,0.054368885596934875
2013-04-17 12:00:00,3.035629886168838e-08,1.6333390784523068e-07,0.11663094797601511,0.05831548916615699
2013-04-17 13:00:00,3.022578906235895e-08,1.7993785066596564e-07,0.12687822096497978,0.06343912559538442
2013-04-17 14:00:00,3.026427430133965e-08,1.9669084839807362e-07,0.11772174848528275,0.05886088937477852
2013-04-17 15:00:00,3.8636750179487026e-08,3.226357707784696e-07,0.10248344719189258,0.051241742914321375
2013-04-17 16:00:00,2.554167072495435e-07,6.398497107211451e-06,0.10704355702025822,0.05352190621848273
2013-04-17 17:00:00,0.020501138952164016,0.2576086956521739,0.1217796976284836,0.0711404182903238
2013-04-17 18:00:00,0.31937561942517345,0.3340213278293774,0.1265798643948252,0.2229777419099993
2013-04-17 19:00:00,0.2564534231200898,0.3152421189470263,0.12700096935325644,0.19172719623667311
2013-04-17 20:00:00,0.03137254901960784,0.3176638176638176,0.10147832977551964,0.06642543939756373
2013-04-17 21:00:00,0.3413656904037827,0.34137254341320217,0.07864642074137435,0.2100060555725785
2013-04-17 22:00:00,0.3259292837715322,0.3372654828386773,0.08085140352205267,0.20339034364679243
2013-04-17 23:00:00,0.2819299905392621,0.32601445247359645,0.07336951439270036,0.17764975246598122
2013-04-18 00:00:00,0.34136656496566953,0.3413758154917624,0.06606301469322172,0.20371478982944563
2013-04-18 01:00:00,0.34133515051703056,0.34135787159909037,0.06713527686205371,0.20423521368954214
2013-04-18 02:00:00,0.34135103775280623,0.3413646267350128,0.07098460977376335,0.2061678237632848
2013-04-18 03:00:00,0.3226962266263576,0.33542141230068334,0.08063385709801438,0.20166504186218598
2013-04-18 04:00:00,0.3198541975168015,0.33403361344537813,0.10324337167758331,0.2115487845971924
2013-04-18 05:00:00,1.373413821487334e-06,0.0007059316992004914,0.12025662279624215,0.06012899810503182
2013-04-18 06:00:00,3.625681543530948e-08,3.1193685076996114e-07,0.12684371463039343,0.06342187544360443
2013-04-18 07:00:00,1.986205656063557e-08,1.4072793565271434e-07,0.12386203724137504,0.0619310285517158
2013-04-18 08:00:00,2.9690113302123814e-08,1.6408178601930205e-07,0.12396181705920578,0.06198092337465954
2013-04-18 09:00:00,2.79063223084787e-08,1.4861781550999412e-07,0.10446640823426286,0.05223321807029258
2013-04-18 10:00:00,2.4707569240430266e-08,1.349408898179197e-07,0.11189952308886851,0.055949773898218876
2013-04-18 11:00:00,2.537530112658386e-08,1.3729964688869999e-07,0.10873774282149527,0.0543688840983982
2013-04-18 12:00:00,2.6443384603383385e-08,1.4472171988449685e-07,0.11663094797601511,0.05831548720969986
2013-04-18 13:00:00,2.6989287735783372e-08,1.5574668044697913e-07,0.12687822096497978,0.06343912397713376
2013-04-18 14:00:00,2.6263225930775512e-08,1.673332137334682e-07,0.11772174848528275,0.058860887374254336
2013-04-18 15:00:00,3.205344874113446e-08,2.514400356110467e-07,0.10248344719189258,0.05124173962267066
2013-04-18 16:00:00,2.828203147230119e-07,0.10038164917386341,0.10704355702025822,0.05352191992028647
2013-04-18 17:00:00,0.3413629034406611,0.34137378099648663,0.1217796976284836,0.23157130053457237
2013-04-18 18:00:00,0.3413589849715272,0.34137189174767674,0.1265798643948252,0.23396942468317622
2013-04-18 19:00:00,0.34136202016260886,0.3413733658157305,0.12700096935325644,0.23418149475793265
2013-04-18 20:00:00,0.3413612499746619,0.34136982202050176,0.10147832977551964,0.22141978987509076
2013-04-18 21:00:00,0.32212608158220024,0.33557046979865773,0.07864642074137435,0.2003862511617873
2013-04-18 22:00:00,0.028662420382165606,0.30012453300124536,0.08085140352205267,0.05475691195210913
2013-04-18 23:00:00,0.026392961876832845,0.2893772893772894,0.07336951439270036,0.0498812381347666
2013-04-19 00:00:00,0.031496062992125984,0.3111111111111111,0.06606301469322172,0.04877953884267385
2013-04-19 01:00:00,0.028985507246376815,0.30258899676375406,0.06713527686205371,0.048060392054215265
2013-04-19 02:00:00,0.025477707006369428,0.2837837837837838,0.07098460977376335,0.04823115839006639
2013-04-19 03:00:00,0.01863354037267081,0.25,0.08063385709801438,0.049633698735342596
2013-04-19 04:00:00,0.31334207702396566,0.3305152979066022,0.10324337167758331,0.20829272435077448
2013-04-19 05:00:00,8.020473059531761e-07,1.4612550506530364e-05,0.12025662279624215,0.060128712421774054
2013-04-19 06:00:00,7.290539306271941e-08,6.19864423253346e-07,0.12684371463039343,0.06342189376789324
2013-04-19 07:00:00,2.5834075295151938e-08,2.0265272813357943e-07,0.12386203724137504,0.06193103153772517
2013-04-19 08:00:00,2.8834410755119874e-08,1.731027242599006e-07,0.12396181705920578,0.06198092294680827
2013-04-19 09:00:00,2.626801417726754e-08,1.5532014646114553e-07,0.10446640823426286,0.05223321725113852
2013-04-19 10:00:00,2.6257639857248767e-08,1.5766965557139657e-07,0.11189952308886851,0.05594977467325418
2013-04-19 11:00:00,2.6179312355158042e-08,1.6069669038321667e-07,0.10873774282149527,0.054368884500403815
2013-04-19 12:00:00,2.4636035829270892e-08,1.5588022468367746e-07,0.11663094797601511,0.05831548630602547
2013-04-19 13:00:00,2.1912275519693438e-08,1.497096074427233e-07,0.12687822096497978,0.06343912143862765
2013-04-19 14:00:00,2.6660658894545467e-08,2.2937579203376664e-07,0.11772174848528275,0.05886088757297082
2013-04-19 15:00:00,5.0689065894543795e-08,3.559386233290678e-07,0.10248344719189258,0.05124174894047923
2013-04-19 16:00:00,2.4428623653478995e-07,4.357970967661027e-06,0.10704355702025822,0.05352190065324738
2013-04-19 17:00:00,0.013559322033898306,0.20739219712525667,0.1217796976284836,0.06766950983119095
2013-04-19 18:00:00,0.01413427561837456,0.22222222222222218,0.1265798643948252,0.07035707000659987
2013-04-19 19:00:00,0.017021276595744685,0.23598130841121498,0.12700096935325644,0.07201112297450056
2013-04-19 20:00:00,0.016949152542372885,0.2298969072164948,0.10147832977551964,0.05921374115894626
2013-04-19 21:00:00,0.021798365122615806,0.25872093023255816,0.07864642074137435,0.050222392931995076
2013-04-19 22:00:00,0.021164021164021163,0.2564102564102564,0.08085140352205267,0.051007712343036915
2013-04-19 23:00:00,0.020460358056265986,0.25208913649025066,0.07336951439270036,0.04691493622448317
2013-04-20 00:00:00,0.019464720194647202,0.24629878869448185,0.06606301469322172,0.04276386744393446
2013-04-20 01:00:00,0.018140589569160998,0.23809523809523814,0.06713527686205371,0.042637933215607354
2013-04-20 02:00:00,0.0163265306122449,0.22490931076178958,0.07098460977376335,0.043655570193004124
2013-04-20 03:00:00,0.01612903225806452,0.21401752190237797,0.08063385709801438,0.04838144467803945
2013-04-20 04:00:00,0.014260249554367204,0.19362455726092093,0.10324337167758331,0.05875181061597526
2013-04-20 05:00:00,7.684138123535392e-07,1.013530560060946e-05,0.12025662279624215,0.06012869560502725
2013-04-20 06:00:00,1.520039825043416e-07,1.3385420775086944e-06,0.12684371463039343,0.06342193331718797
2013-04-20 07:00:00,4.992904334005727e-08,3.537609297281961e-07,0.12386203724137504,0.06193104358520919
2013-04-20 08:00:00,3.28263486158223e-08,2.2394562666538822e-07,0.12396181705920578,0.061980924942777196
2013-04-20 09:00:00,3.221225107499798e-08,2.04708062533946e-07,0.10446640823426286,0.052233220223256965
2013-04-20 10:00:00,3.2423676287203735e-08,1.8952545325433313e-07,0.11189952308886851,0.0559497777562724
2013-04-20 11:00:00,3.628613314173288e-08,1.9359565080343667e-07,0.10873774282149527,0.054368889553814206
2013-04-20 12:00:00,3.890275253313328e-08,2.0626656778909496e-07,0.11663094797601511,0.058315493439383824
2013-04-20 13:00:00,3.9370489495264414e-08,2.22124986323888e-07,0.12687822096497978,0.06343913016773464
2013-04-20 14:00:00,2.9186294003482293e-08,1.9940673247497498e-07,0.11772174848528275,0.058860888835788376
2013-04-20 15:00:00,4.7336115150591104e-08,3.952797749521317e-07,0.10248344719189258,0.051241747264003865
2013-04-20 16:00:00,3.024747005434299e-07,6.285782498550323e-06,0.10704355702025822,0.05352192974747939
2013-04-20 17:00:00,0.01342281879194631,0.20866935483870966,0.1217796976284836,0.06760125821021495
2013-04-20 18:00:00,0.014018691588785048,0.22839016653449645,0.1265798643948252,0.07029927799180512
2013-04-20 19:00:00,0.01593625498007968,0.23008849557522124,0.12700096935325644,0.07146861216666806
2013-04-20 20:00:00,0.01927710843373494,0.2446808510638298,0.10147832977551964,0.06037771910462729
2013-04-20 21:00:00,0.020512820512820516,0.25139664804469275,0.07864642074137435,0.049579620627097434
2013-04-20 22:00:00,0.01970443349753695,0.24761904761904763,0.08085140352205267,0.05027791850979481
2013-04-20 23:00:00,0.018912529550827423,0.24174372523117568,0.07336951439270036,0.04614102197176389
2013-04-21 00:00:00,0.018561484918793503,0.23529411764705885,0.06606301469322172,0.04231224980600761
2013-04-21 01:00:00,0.019801980198019802,0.24023154848046308,0.06713527686205371,0.04346862853003676
2013-04-21 02:00:00,0.014492753623188408,0.2085682074408117,0.07098460977376335,0.042738681698475875
2013-04-21 03:00:00,0.020512820512820513,0.23125996810207336,0.08063385709801438,0.050573338805417443
2013-04-21 04:00:00,0.011251758087201125,0.17826501429933272,0.10324337167758331,0.057247564882392216
2013-04-21 05:00:00,4.909338543777974e-07,6.069439822116431e-06,0.12025662279624215,0.06012855686504826
2013-04-21 06:00:00,3.993058786051032e-08,3.4354426718941175e-07,0.12684371463039343,0.06342187728049065
2013-04-21 07:00:00,3.593751027588184e-08,2.1671981144798485e-07,0.12386203724137504,0.061931036589442656
2013-04-21 08:00:00,3.654863269493999e-08,1.9524751071355636e-07,0.12396181705920578,0.061980926803919235
2013-04-21 09:00:00,3.6309915293808944e-08,1.7866932328980568e-07,0.10446640823426286,0.052233222272089076
2013-04-21 10:00:00,3.247952106650968e-08,1.6264656759900379e-07,0.11189952308886851,0.05594977778419479
2013-04-21 11:00:00,3.4174377678317176e-08,1.7295757680541526e-07,0.10873774282149527,0.054368888497936474
2013-04-21 12:00:00,3.514243463038593e-08,1.893098295784535e-07,0.11663094797601511,0.05831549155922487
2013-04-21 13:00:00,3.7102003102518966e-08,2.1130713561031433e-07,0.12687822096497978,0.06343912903349144
2013-04-21 14:00:00,3.5529205622861564e-08,2.2283950231619795e-07,0.11772174848528275,0.05886089200724418
2013-04-21 15:00:00,4.227755800259001e-08,3.637364397851709e-07,0.10248344719189258,0.051241744734725286
2013-04-21 16:00:00,3.2292414269694943e-07,5.086701603113846e-06,0.10704355702025822,0.053521939972200464
2013-04-21 17:00:00,0.012618296529968456,0.19680319680319686,0.1217796976284836,0.06719899707922602
2013-04-21 18:00:00,0.015594541910331385,0.21631205673758863,0.1265798643948252,0.07108720315257828
2013-04-21 19:00:00,0.01680672268907563,0.2270471464019851,0.12700096935325644,0.07190384602116603
2013-04-21 20:00:00,0.017391304347826087,0.22969543147208116,0.10147832977551964,0.05943481706167286
2013-04-21 21:00:00,0.017467248908296946,0.2308673469387755,0.07864642074137435,0.048056834824835644
2013-04-21 22:00:00,0.017582417582417582,0.22997416020671835,0.08085140352205267,0.04921691055223512
2013-04-21 23:00:00,0.01789709172259508,0.2311756935270806,0.07336951439270036,0.04563330305764772
2013-04-22 00:00:00,0.03333333333333333,0.3,0.06606301469322172,0.04969817401327753
2013-04-22 01:00:00,0.033195020746887974,0.2984749455337691,0.06713527686205371,0.050165148804470844
2013-04-22 02:00:00,0.020408163265306124,0.2393939393939394,0.07098460977376335,0.04569638651953474
2013-04-22 03:00:00,0.013793103448275864,0.20044052863436124,0.08063385709801438,0.04721348027314512
2013-04-22 04:00:00,0.012759170653907496,0.19042663891779396,0.10324337167758331,0.058001271165745404
2013-04-22 05:00:00,6.034580105241569e-07,1.065089814557556e-05,0.12025662279624215,0.060128613127126335
2013-04-22 06:00:00,1.673284306899943e-07,1.7783462033578805e-06,0.12684371463039343,0.06342194097941206
2013-04-22 07:00:00,3.7646935046312375e-08,3.2389663966667456e-07,0.12386203724137504,0.06193103744415504
2013-04-22 08:00:00,0.004032258064516129,0.018659295093296474,0.12396181705920578,0.06399703756186095
2013-04-22 09:00:00,3.041669380089226e-08,2.7374305856039254e-07,0.10446640823426286,0.05223321932547833
2013-04-22 10:00:00,3.550522965403882e-08,3.195347914273928e-07,0.11189952308886851,0.055949779297049085
2013-04-22 11:00:00,3.4437002531670676e-08,3.099108526510715e-07,0.10873774282149527,0.0543688886292489
2013-04-22 12:00:00,4.115975625686262e-08,3.7026611176301566e-07,0.11663094797601511,0.058315494567885685
2013-04-22 13:00:00,5.074875388126469e-08,3.5956871684359075e-07,0.12687822096497978,0.06343913585686684
2013-04-22 14:00:00,6.617187419740755e-08,4.395423389723141e-07,0.11772174848528275,0.058860907328578474
2013-04-22 15:00:00,2.2089456407930412e-07,0.09063435471605237,0.10248344719189258,0.05124183404322833
2013-04-22 16:00:00,4.448740279873217e-07,0.00019700495463898098,0.10704355702025822,0.05352200094714311
2013-04-22 17:00:00,0.017341040462427747,0.2848173515981735,0.1217796976284836,0.06956036904545568
2013-04-22 18:00:00,0.018711018711018716,0.29698857736240913,0.1265798643948252,0.07264544155292195
2013-04-22 19:00:00,0.027272727272727275,0.2943305186972256,0.12700096935325644,0.07713684831299186
2013-04-22 20:00:00,0.030651340996168584,0.31411229135053104,0.10147832977551964,0.06606483538584411
2013-04-22 21:00:00,0.03773584905660378,0.33333333333333337,0.07864642074137435,0.05819113489898906
2013-04-22 22:00:00,0.024456521739130436,0.2963653308480894,0.08085140352205267,0.05265396263059155
2013-04-22 23:00:00,0.3224193356351947,0.33568694734063614,0.07336951439270036,0.19789442501394752
2013-04-23 00:00:00,0.023017902813299237,0.30225988700564976,0.06606301469322172,0.04454045875326048
2013-04-23 01:00:00,0.022443890274314218,0.2893805309734514,0.06713527686205371,0.044789583568183966
2013-04-23 02:00:00,0.021377672209026134,0.2820284697508897,0.07098460977376335,0.04618114099139474
2013-04-23 03:00:00,0.3204041342468935,0.33438995989131837,0.08063385709801438,0.20051899567245396
2013-04-23 04:00:00,0.3413609596625757,0.34137224995286564,0.10324337167758331,0.2223021656700795
2013-04-23 05:00:00,8.276744160596058e-07,3.5881253713343274e-05,0.12025662279624215,0.060128725235329104
2013-04-23 06:00:00,8.159480506111689e-08,7.804624336548089e-07,0.12684371463039343,0.06342189811259924
2013-04-23 07:00:00,2.381419876354299e-08,1.6872993955436725e-07,0.12386203724137504,0.0619310305277869
2013-04-23 08:00:00,1.7587331212183937e-08,1.2016056335117236e-07,0.12396181705920578,0.0619809173232685
2013-04-23 09:00:00,2.798644183764836e-08,1.5854408985771673e-07,0.10446640823426286,0.05223321811035235
2013-04-23 10:00:00,2.8849499555905234e-08,1.5860049047495385e-07,0.11189952308886851,0.05594977596918403
2013-04-23 11:00:00,3.022940125269833e-08,1.6377606958663226e-07,0.10873774282149527,0.05436888652544826
2013-04-23 12:00:00,3.085482966174745e-08,1.7184488448233629e-07,0.11663094797601511,0.05831548941542239
2013-04-23 13:00:00,3.1454501441119435e-08,1.836577210505181e-07,0.12687822096497978,0.06343912620974061
2013-04-23 14:00:00,3.145319814441228e-08,1.95338360006702e-07,0.11772174848528275,0.058860889969240444
2013-04-23 15:00:00,3.985429786805312e-08,2.7229317552068014e-07,0.10248344719189258,0.05124174352309522
2013-04-23 16:00:00,2.1481309885595699e-07,0.08204481701974681,0.10704355702025822,0.05352188591667854
2013-04-23 17:00:00,2.15863891340593e-06,3.605029671852174e-05,0.1217796976284836,0.06089092813369851
2013-04-23 18:00:00,0.016194331983805668,0.22716627634660425,0.1265798643948252,0.07138709818931543
2013-04-23 19:00:00,0.01754385964912281,0.23710073710073712,0.12700096935325644,0.07227241450118962
2013-04-23 20:00:00,0.020202020202020204,0.2489568845618915,0.10147832977551964,0.060840174988769924
2013-04-23 21:00:00,0.021220159151193636,0.25360230547550433,0.07864642074137435,0.04993328994628399
2013-04-23 22:00:00,0.02105263157894737,0.254985754985755,0.08085140352205267,0.05095201755050002
2013-04-23 23:00:00,0.021333333333333333,0.25401459854014596,0.07336951439270036,0.04735142386301684
2013-04-24 00:00:00,0.020942408376963352,0.25358166189111747,0.06606301469322172,0.04350271153509254
2013-04-24 01:00:00,0.020100502512562814,0.24719101123595505,0.06713527686205371,0.043617889687308266
2013-04-24 02:00:00,0.01869158878504673,0.2371967654986523,0.07098460977376335,0.04483809927940504
2013-04-24 03:00:00,0.016260162601626018,0.22128174123337366,0.08063385709801438,0.0484470098498202
2013-04-24 04:00:00,0.014159292035398232,0.20598006644518274,0.10324337167758331,0.05870133185649077
2013-04-24 05:00:00,1.0814237755072386e-06,1.960003612153254e-05,0.12025662279624215,0.060128852110008825
2013-04-24 06:00:00,4.438196253132701e-08,3.4534218091016307e-07,0.12684371463039343,0.06342187950617797
2013-04-24 07:00:00,1.820188901873847e-08,1.289651991325156e-07,0.12386203724137504,0.06193102772163203
2013-04-24 08:00:00,3.0748698838059966e-08,1.6347912545037518e-07,0.12396181705920578,0.06198092390395231
2013-04-24 09:00:00,2.874570612212539e-08,1.4816551257713652e-07,0.10446640823426286,0.05223321848998449
2013-04-24 10:00:00,2.9385235887777194e-08,1.4656592694716673e-07,0.11189952308886851,0.0559497762370522
2013-04-24 11:00:00,2.952287142754066e-08,1.470225595662717e-07,0.10873774282149527,0.05436888617218335
2013-04-24 12:00:00,3.1610799408140466e-08,1.5688700390767757e-07,0.11663094797601511,0.05831548979340726
2013-04-24 13:00:00,3.13715762956997e-08,1.6544871594424312e-07,0.12687822096497978,0.06343912616827804
2013-04-24 14:00:00,3.094042333821694e-08,1.7977380500306905e-07,0.11772174848528275,0.05886088971285304
2013-04-24 15:00:00,2.720752098590914e-08,2.340807628477258e-07,0.10248344719189258,0.05124173719970678
2013-04-24 16:00:00,2.0430541796720686e-07,0.07895966789109174,0.10704355702025822,0.0535218806628381
2013-04-24 17:00:00,1.9407018548257975e-06,3.9223579374437315e-05,0.1217796976284836,0.06089081916516922
2013-04-24 18:00:00,0.014705882352941178,0.27575757575757576,0.1265798643948252,0.07064287337388318
2013-04-24 19:00:00,0.01724137931034483,0.2599190283400809,0.12700096935325644,0.07212117433180064
2013-04-24 20:00:00,0.017307692307692312,0.26448170731707316,0.10147832977551964,0.05939301104160598
2013-04-24 21:00:00,0.017928286852589646,0.26098191214470284,0.07864642074137435,0.048287353796982
2013-04-24 22:00:00,0.027874564459930314,0.2945990180032733,0.08085140352205267,0.05436298399099149
2013-04-24 23:00:00,0.02666666666666667,0.2882447665056361,0.07336951439270036,0.050018090529683513
2013-04-25 00:00:00,0.025316455696202535,0.28169014084507044,0.06606301469322172,0.04568973519471213
2013-04-25 01:00:00,0.023880597014925373,0.273972602739726,0.06713527686205371,0.04550793693848954
2013-04-25 02:00:00,0.02247191011235955,0.26479289940828404,0.07098460977376335,0.04672825994306145
2013-04-25 03:00:00,0.02077922077922078,0.2552594670406732,0.08063385709801438,0.05070653893861758
2013-04-25 04:00:00,0.013043478260869568,0.23654485049833884,0.10324337167758331,0.05814342496922644
2013-04-25 05:00:00,1.1085629218466837e-06,2.5152410517260728e-05,0.12025662279624215,0.060128865679582
2013-04-25 06:00:00,5.512004716335812e-08,5.355975182821191e-07,0.12684371463039343,0.0634218848752203
2013-04-25 07:00:00,3.0004218893218575e-08,1.7914317729161977e-07,0.12386203724137504,0.06193103362279696
2013-04-25 08:00:00,3.128224319460273e-08,1.6702145529159168e-07,0.12396181705920578,0.06198092417072449
2013-04-25 09:00:00,2.8617794031116112e-08,1.4951069386035833e-07,0.10446640823426286,0.05223321842602845
2013-04-25 10:00:00,2.892262805575519e-08,1.4690426120348074e-07,0.11189952308886851,0.055949776005748283
2013-04-25 11:00:00,2.903463328483905e-08,1.4726714317041668e-07,0.10873774282149527,0.05436888592806428
2013-04-25 12:00:00,3.046114178249118e-08,1.554165276048505e-07,0.11663094797601511,0.058315489218578445
2013-04-25 13:00:00,3.1241321095913466e-08,1.6683580109435388e-07,0.12687822096497978,0.06343912610315043
2013-04-25 14:00:00,3.085680269174998e-08,1.8125284382355423e-07,0.11772174848528275,0.05886088967104272
2013-04-25 15:00:00,2.80098748627096e-08,2.3389609442427858e-07,0.10248344719189258,0.05124173760088372
2013-04-25 16:00:00,1.683111932581942e-07,2.7470678045809435e-06,0.10704355702025822,0.05352186266572574
2013-04-25 17:00:00,2.041357448266899e-06,0.00013925212828546374,0.1217796976284836,0.06089086949296594
2013-04-25 18:00:00,0.2579298831385643,0.31013431013431014,0.1265798643948252,0.19225487376669476
2013-04-25 19:00:00,0.015873015873015876,0.2994034302759135,0.12700096935325644,0.07143699261313616
2013-04-25 20:00:00,0.01618705035971223,0.29915837796480493,0.10147832977551964,0.058832690067615934
2013-04-25 21:00:00,0.017274472168905954,0.27746031746031746,0.07864642074137435,0.04796044645514015
2013-04-25 22:00:00,0.023529411764705882,0.28326745718050067,0.08085140352205267,0.052190407643379275
2013-04-25 23:00:00,0.021917808219178082,0.2730769230769231,0.07336951439270036,0.04764366130593922
2013-04-26 00:00:00,0.02777777777777778,0.2931596091205212,0.06606301469322172,0.04692039623549975
2013-04-26 01:00:00,0.025559105431309907,0.2836990595611285,0.06713527686205371,0.04634719114668181
2013-04-26 02:00:00,0.023323615160349857,0.2701492537313433,0.07098460977376335,0.0471541124670566
2013-04-26 03:00:00,0.020942408376963352,0.25666199158485276,0.08063385709801438,0.05078813273748886
2013-04-26 04:00:00,0.01251738525730181,0.25495307612095935,0.10324337167758331,0.05788037846744256
2013-04-26 05:00:00,4.9126931525102e-07,9.043741360371695e-06,0.12025662279624215,0.0601285570327787
2013-04-26 06:00:00,5.969798407787903e-08,4.98507098133805e-07,0.12684371463039343,0.06342188716418876
2013-04-26 07:00:00,2.116754819273908e-08,1.8211561362267858e-07,0.12386203724137504,0.06193102920446161
2013-04-26 08:00:00,1.5489237398910332e-08,1.0582436616848631e-07,0.12396181705920578,0.06198091627422159
2013-04-26 09:00:00,2.7374138501643688e-08,1.4977075173473776e-07,0.10446640823426286,0.05223321780420068
2013-04-26 10:00:00,1.64662463767054e-08,1.0564392578650377e-07,0.11189952308886851,0.055949769777557445
2013-04-26 11:00:00,1.5349931545189447e-08,1.0015012132259882e-07,0.10873774282149527,0.05436887908571341
2013-04-26 12:00:00,1.3613161858316387e-08,9.3007025967758e-08,0.11663094797601511,0.05831548079458849
2013-04-26 13:00:00,1.614828926665252e-08,1.3484598988191697e-07,0.12687822096497978,0.06343911855663452
2013-04-26 14:00:00,2.8432128404609657e-08,2.5360981054694236e-07,0.11772174848528275,0.058860888458705574
2013-04-26 15:00:00,5.3290252640454744e-08,5.016355057028393e-07,0.10248344719189258,0.05124175024107261
2013-04-26 16:00:00,1.9416181630224357e-07,3.3532261941943935e-06,0.10704355702025822,0.053521875591037264
2013-04-26 17:00:00,2.1620562019302843e-06,8.788499828606021e-05,0.1217796976284836,0.06089092984234277
2013-04-26 18:00:00,0.014263074484944535,0.2691292875989446,0.1265798643948252,0.07042146943988487
2013-04-26 19:00:00,0.01465798045602606,0.2704741379310345,0.12700096935325644,0.07082947490464125
2013-04-26 20:00:00,0.014586709886547814,0.2733367715317175,0.10147832977551964,0.058032519831033726
2013-04-26 21:00:00,0.022099447513812157,0.26775956284153,0.07864642074137435,0.05037293412759325
2013-04-26 22:00:00,0.021276595744680854,0.26552179656538977,0.08085140352205267,0.05106399963336676
2013-04-26 23:00:00,0.023529411764705882,0.27095808383233533,0.07336951439270036,0.04844946307870312
2013-04-27 00:00:00,0.02185792349726776,0.2614942528735632,0.06606301469322172,0.04396046909524474
2013-04-27 01:00:00,0.020202020202020204,0.25068493150684934,0.06713527686205371,0.04366864853203696
2013-04-27 02:00:00,0.017937219730941704,0.2372448979591837,0.07098460977376335,0.044460914752352525
2013-04-27 03:00:00,0.01520912547528517,0.21634062140391255,0.08063385709801438,0.04792149128664977
2013-04-27 04:00:00,0.012326656394453005,0.1887550200803213,0.10324337167758331,0.057785014036018156
2013-04-27 05:00:00,3.232125032632919e-07,4.241249714723379e-06,0.12025662279624215,0.060128473004372705
2013-04-27 06:00:00,7.417986995408311e-08,5.743878821546178e-07,0.12684371463039343,0.06342189440513168
2013-04-27 07:00:00,3.813016241885853e-08,2.6051343391433793e-07,0.12386203724137504,0.06193103768576873
2013-04-27 08:00:00,2.2482572577659992e-08,1.8774028302803436e-07,0.12396181705920578,0.06198091977088918
2013-04-27 09:00:00,2.3298764955768463e-08,1.9455587845280676e-07,0.10446640823426286,0.05223321576651391
2013-04-27 10:00:00,2.2790133959571773e-08,1.9030855637419247e-07,0.11189952308886851,0.055949772939501236
2013-04-27 11:00:00,2.5611885226073426e-08,2.138715437086649e-07,0.10873774282149527,0.05436888421669025
2013-04-27 12:00:00,4.838424210390941e-08,4.0403178667435095e-07,0.11663094797601511,0.05831549818012861
2013-04-27 13:00:00,6.549278847990583e-08,5.468965987903907e-07,0.12687822096497978,0.06343914322888412
2013-04-27 14:00:00,1.0663169715702302e-07,7.082939951907647e-07,0.11772174848528275,0.05886092755848995
2013-04-27 15:00:00,1.6766036871449137e-07,1.3045898046688594e-06,0.10248344719189258,0.051241807426130645
2013-04-27 16:00:00,8.388062333368813e-07,6.600101611853753e-05,0.10704355702025822,0.05352219791324578
2013-04-27 17:00:00,0.014035087719298248,0.22000000000000006,0.1217796976284836,0.06790739267389093
2013-04-27 18:00:00,0.015544041450777205,0.23342175066312995,0.1265798643948252,0.0710619529228012
2013-04-27 19:00:00,0.016157989228007184,0.23805229936880073,0.12700096935325644,0.07157947929063181
2013-04-27 20:00:00,0.015280135823429544,0.23872026251025433,0.10147832977551964,0.058379232799474594
2013-04-27 21:00:00,0.0226628895184136,0.2669616519174041,0.07864642074137435,0.05065465512989397
2013-04-27 22:00:00,0.021917808219178082,0.2635327635327635,0.08085140352205267,0.05138460587061537
2013-04-27 23:00:00,0.021164021164021166,0.25941422594142255,0.07336951439270036,0.04726676777836076
2013-04-28 00:00:00,0.019801980198019802,0.251006711409396,0.06606301469322172,0.04293249744562076
2013-04-28 01:00:00,0.01822323462414579,0.24040920716112532,0.06713527686205371,0.04267925574309975
2013-04-28 02:00:00,0.016563146997929608,0.22798552472858866,0.07098460977376335,0.04377387838584648
2013-04-28 03:00:00,0.014285714285714287,0.2098901098901099,0.08063385709801438,0.047459785691864334
2013-04-28 04:00:00,0.011869436201780418,0.1873170731707317,0.10324337167758331,0.057556403939681866
2013-04-28 05:00:00,3.725710628739216e-07,4.4848937868059274e-06,0.12025662279624215,0.06012849768365251
2013-04-28 06:00:00,7.062490041889041e-08,6.299626649275766e-07,0.12684371463039343,0.06342189262764693
2013-04-28 07:00:00,2.59087916743238e-08,1.8357070150501165e-07,0.12386203724137504,0.06193103157508335
2013-04-28 08:00:00,3.2511013837435243e-08,1.915858775039068e-07,0.12396181705920578,0.06198092478510981
2013-04-28 09:00:00,3.225319775135435e-08,1.865183564803765e-07,0.10446640823426286,0.052233220243730304
2013-04-28 10:00:00,3.3634328433342354e-08,1.8697292980300094e-07,0.11189952308886851,0.05594977836159847
2013-04-28 11:00:00,3.648575573596519e-08,2.001956282020179e-07,0.10873774282149527,0.054368889653625505
2013-04-28 12:00:00,3.830023212366349e-08,2.1309491789851382e-07,0.11663094797601511,0.05831549313812362
2013-04-28 13:00:00,3.974673328554804e-08,2.238624188667665e-07,0.12687822096497978,0.06343913035585654
2013-04-28 14:00:00,4.038928485197449e-08,2.346586517932249e-07,0.11772174848528275,0.058860894437283796
2013-04-28 15:00:00,3.264014407620717e-08,2.725611230707628e-07,0.10248344719189258,0.051241739916018325
2013-04-28 16:00:00,1.3995842721530805e-07,1.3989229391257621e-06,0.10704355702025822,0.053521848489342716
2013-04-28 17:00:00,1.566927795183734e-06,2.8398885693146924e-05,0.1217796976284836,0.060890632278139394
2013-04-28 18:00:00,0.01630434782608696,0.23001949317738796,0.1265798643948252,0.07144210611045607
2013-04-28 19:00:00,0.018907563025210086,0.24762908324552166,0.12700096935325644,0.07295426618923326
2013-04-28 20:00:00,0.018907563025210086,0.2568093385214008,0.10147832977551964,0.06019294640036486
2013-04-28 21:00:00,0.028880866425992777,0.30179445350734097,0.07864642074137435,0.05376364358368356
2013-04-28 22:00:00,0.020501138952164016,0.27058823529411774,0.08085140352205267,0.05067627123710834
2013-04-28 23:00:00,0.018556701030927835,0.26585577758470896,0.07336951439270036,0.0459631077118141
2013-04-29 00:00:00,0.01886792452830189,0.26654898499558694,0.06606301469322172,0.04246546961076181
2013-04-29 01:00:00,0.01821862348178138,0.2632034632034632,0.06713527686205371,0.04267695017191755
2013-04-29 02:00:00,0.017408123791102514,0.2575366063738157,0.07098460977376335,0.04419636678243293
2013-04-29 03:00:00,0.016014234875444844,0.24979724249797244,0.08063385709801438,0.04832404598672961
2013-04-29 04:00:00,0.014705882352941178,0.231349538977368,0.10324337167758331,0.058974627015262245
2013-04-29 05:00:00,3.4678213702671336e-07,6.581323139478047e-06,0.12025662279624215,0.060128484789189585
2013-04-29 06:00:00,6.628222973420826e-08,5.534887168708574e-07,0.12684371463039343,0.06342189045631158
2013-04-29 07:00:00,2.369572902019251e-08,1.7388654285629018e-07,0.12386203724137504,0.06193103046855203
2013-04-29 08:00:00,1.9202274655370217e-08,1.310839164957389e-07,0.12396181705920578,0.06198091813074022
2013-04-29 09:00:00,3.1948146539460365e-08,1.859388765610266e-07,0.10446640823426286,0.0522332200912047
2013-04-29 10:00:00,3.1717342822090965e-08,1.8017062879229146e-07,0.11189952308886851,0.055949777403105666
2013-04-29 11:00:00,3.3035978327737494e-08,1.8666471429202533e-07,0.10873774282149527,0.0543688879287368
2013-04-29 12:00:00,3.3807377373768095e-08,2.0889961893614694e-07,0.11663094797601511,0.05831549089169624
2013-04-29 13:00:00,3.199020468463278e-08,2.185644676053703e-07,0.12687822096497978,0.06343912647759223
2013-04-29 14:00:00,3.538185841206338e-08,2.7754938646633737e-07,0.11772174848528275,0.05886089193357058
2013-04-29 15:00:00,7.393435129401307e-08,5.500362720858365e-07,0.10248344719189258,0.051241760563121935
2013-04-29 16:00:00,2.799305473649951e-07,6.398710246684447e-06,0.10704355702025822,0.053521918475402795
2013-04-29 17:00:00,1.7981290018203807e-06,3.344198566226052e-05,0.1217796976284836,0.06089074787874271
2013-04-29 18:00:00,0.015384615384615387,0.2247557003257329,0.1265798643948252,0.07098223988972029
2013-04-29 19:00:00,0.018058690744920995,0.24094881398252185,0.12700096935325644,0.07252983004908872
2013-04-29 20:00:00,0.018475750577367205,0.2436868686868687,0.10147832977551964,0.059977040176443425
2013-04-29 21:00:00,0.022099447513812157,0.26061493411420206,0.07864642074137435,0.05037293412759325
2013-04-29 22:00:00,0.021917808219178082,0.26200873362445415,0.08085140352205267,0.05138460587061537
2013-04-29 23:00:00,0.021505376344086023,0.25862068965517243,0.07336951439270036,0.047437445368393186
2013-04-30 00:00:00,0.020833333333333336,0.2552891396332863,0.06606301469322172,0.043448174013277524
2013-04-30 01:00:00,0.019801980198019802,0.24760601915184677,0.06713527686205371,0.04346862853003676
2013-04-30 02:00:00,0.01847575057736721,0.2388451443569554,0.07098460977376335,0.04473018017556528
2013-04-30 03:00:00,0.016701461377870565,0.2256473489519112,0.08063385709801438,0.04866765923794247
2013-04-30 04:00:00,0.012944983818770227,0.19938962360122076,0.10324337167758331,0.05809417774817677
2013-04-30 05:00:00,3.700358134536603e-07,6.60129766764566e-06,0.12025662279624215,0.0601284964160278
2013-04-30 06:00:00,4.693561863486275e-08,4.2756567575797484e-07,0.12684371463039343,0.06342188078300603
2013-04-30 07:00:00,2.186558115037636e-08,1.6045635735640358e-07,0.12386203724137504,0.061931029553478095
2013-04-30 08:00:00,3.3598343252254896e-08,1.8381257799652744e-07,0.12396181705920578,0.061980925328774514
2013-04-30 09:00:00,1.4181138049280558e-08,9.688840866049457e-08,0.10446640823426286,0.052233211207700456
2013-04-30 10:00:00,1.3850055321506806e-08,9.391898242469733e-08,0.11189952308886851,0.05594976846946192
2013-04-30 11:00:00,3.455861836302598e-08,1.7578810756732123e-07,0.10873774282149527,0.05436888869005682
2013-04-30 12:00:00,2.469037874127445e-08,1.5562403384493043e-07,0.11663094797601511,0.05831548633319693
2013-04-30 13:00:00,2.886546317570321e-08,1.9721548102375113e-07,0.12687822096497978,0.06343912491522148
2013-04-30 14:00:00,4.237235888320191e-08,3.645520208389086e-07,0.11772174848528275,0.058860895428820816
2013-04-30 15:00:00,6.25566059087717e-08,4.9863359554535e-07,0.10248344719189258,0.05124175487424924
2013-04-30 16:00:00,2.0509581576591532e-07,3.6199075296567736e-06,0.10704355702025822,0.05352188105803699
2013-04-30 17:00:00,1.4426217919923312e-06,2.450335531699539e-05,0.1217796976284836,0.0608905701251378
2013-04-30 18:00:00,0.01262272089761571,0.251900108577633,0.1265798643948252,0.06960129264622045
2013-04-30 19:00:00,0.019851116625310177,0.24447513812154695,0.12700096935325644,0.0734260429892833
2013-04-30 20:00:00,0.020408163265306124,0.24753867791842477,0.10147832977551964,0.060943246520412886
2013-04-30 21:00:00,0.020512820512820513,0.25,0.07864642074137435,0.04957962062709743
2013-04-30 22:00:00,0.020304568527918784,0.2513888888888889,0.08085140352205267,0.05057798602498573
2013-04-30 23:00:00,0.019753086419753086,0.24795640326975474,0.07336951439270036,0.04656130040622672
2013-05-01 00:00:00,0.01886792452830189,0.2423841059602649,0.05141506749081101,0.03514149600955645
2013-05-01 01:00:00,0.01766004415011038,0.23320659062103932,0.05141506749081101,0.0345375558204607
2013-05-01 02:00:00,0.016064257028112452,0.2222222222222222,0.052516379829716825,0.03429031842891464
2013-05-01 03:00:00,0.014109347442680779,0.2065934065934066,0.07247811014738505,0.04329372879503291
2013-05-01 04:00:00,0.011412268188302425,0.18241965973534968,0.09020654491037754,0.05080940654933998
2013-05-01 05:00:00,2.5299307066436204e-07,2.6339078764381143e-06,0.10346607872272229,0.051733165857896474
2013-05-01 06:00:00,6.034137117004416e-08,4.5807247518261814e-07,0.11460580921834367,0.057302934779857415
2013-05-01 07:00:00,2.4949327707514976e-08,1.6396889354622628e-07,0.12453414568034908,0.06226708531483839
2013-05-01 08:00:00,6.43334552237865e-08,2.515312195891769e-07,0.12684703400866032,0.06342354917105777
2013-05-01 09:00:00,6.657717362987339e-08,2.311577239234503e-07,0.11184686501570265,0.05592346579643814
2013-05-01 10:00:00,4.96327835785634e-08,1.9771239581810748e-07,0.1140154710135096,0.05700776032314659
2013-05-01 11:00:00,5.215763623261637e-08,2.0194923042720588e-07,0.11226461278161151,0.056132332469623875
2013-05-01 12:00:00,5.4168371766635725e-08,2.1391926888035026e-07,0.11875929478548104,0.0593796744769264
2013-05-01 13:00:00,5.414044073639374e-08,2.319750948101544e-07,0.12484296544178924,0.06242150979111499
2013-05-01 14:00:00,5.115729220086959e-08,2.5912722629516373e-07,0.1170163607729298,0.058508205965111
2013-05-01 15:00:00,3.414786384736743e-08,2.937922568855897e-07,0.09671306329323741,0.048356548720550625
2013-05-01 16:00:00,2.1291165470413667e-07,2.8689030506743234e-06,0.10473476226768852,0.052367487589671614
2013-05-01 17:00:00,1.6922291989071584e-06,3.388097949108842e-05,0.12530868952942129,0.0626551908793101
2013-05-01 18:00:00,0.01310043668122271,0.25691056910569104,0.13475922694382625,0.07392983181252448
2013-05-01 19:00:00,0.015706806282722516,0.23126142595978064,0.12253689633717137,0.06912185130994694
2013-05-01 20:00:00,0.0215633423180593,0.2611731843575419,0.08969362307813711,0.055628482698098204
2013-05-01 21:00:00,0.023529411764705885,0.27204783258594917,0.06356754549145799,0.043548478628081935
2013-05-01 22:00:00,0.023188405797101453,0.27002967359050445,0.07245617913685953,0.04782229246698049
2013-05-01 23:00:00,0.0226628895184136,0.2665684830633284,0.057215574506333876,0.03993923201237374
2013-05-02 00:00:00,0.021798365122615806,0.260431654676259,0.05141506749081101,0.03660671630671341
2013-05-02 01:00:00,0.020887728459530026,0.2552594670406732,0.05141506749081101,0.036151397975170516
2013-05-02 02:00:00,0.01882352941176471,0.24447334200260082,0.052516379829716825,0.03566995462074077
2013-05-02 03:00:00,0.016632016632016633,0.22966507177033496,0.07247811014738505,0.04455506338970084
2013-05-02 04:00:00,0.013245033112582781,0.20833333333333331,0.09020654491037754,0.05172578901148016
2013-05-02 05:00:00,9.567292869903236e-07,1.9700158145970004e-05,0.10346607872272229,0.05173351772600464
2013-05-02 06:00:00,3.5043506513336306e-07,4.02840711082262e-06,0.11460580921834367,0.0573030798267044
2013-05-02 07:00:00,1.5406518713759056e-07,1.2397367921833896e-06,0.12453414568034908,0.06226714987276811
2013-05-02 08:00:00,4.453883113538656e-08,3.83190989151187e-07,0.12684703400866032,0.06342353927374572
2013-05-02 09:00:00,4.27305949792377e-08,3.5682101539972466e-07,0.11184686501570265,0.055923453873148815
2013-05-02 10:00:00,5.679195318601438e-08,4.7424018566761954e-07,0.1140154710135096,0.05700776390273139
2013-05-02 11:00:00,6.473965068167722e-08,5.406073261335578e-07,0.11226461278161151,0.0561323387606311
2013-05-02 12:00:00,7.693111326552421e-08,6.424119805551628e-07,0.11875929478548104,0.05937968585829716
2013-05-02 13:00:00,8.4886148575377e-08,7.088404084054897e-07,0.12484296544178924,0.062421525163968906
2013-05-02 14:00:00,1.4429550102500312e-07,1.013243975073322e-06,0.1170163607729298,0.05850825253421541
2013-05-02 15:00:00,2.3593260679459957e-07,2.0298526852324157e-06,0.09671306329323741,0.048356649612922104
2013-05-02 16:00:00,3.456698136878592e-07,6.921017674311077e-06,0.10473476226768852,0.052367553968751104
2013-05-02 17:00:00,2.1279448096234177e-06,3.957573999061893e-05,0.12530868952942129,0.06265540873711545
2013-05-02 18:00:00,0.016032064128256515,0.22892938496583146,0.13475922694382625,0.07539564553604139
2013-05-02 19:00:00,0.01851851851851852,0.24276729559748433,0.12253689633717137,0.07052770742784495
2013-05-02 20:00:00,0.020408163265306124,0.2550335570469799,0.08969362307813711,0.05505089317172161
2013-05-02 21:00:00,0.020408163265306124,0.25691699604743085,0.06356754549145799,0.04198785437838205
2013-05-02 22:00:00,0.01789264413518887,0.2421159715157681,0.07245617913685953,0.0451744116360242
2013-05-02 23:00:00,0.020050125313283207,0.2564766839378238,0.057215574506333876,0.038632849909808545
2013-05-03 00:00:00,0.023323615160349857,0.26788432267884327,0.05141506749081101,0.03736934132558044
2013-05-03 01:00:00,0.02203856749311295,0.26277372262773724,0.05141506749081101,0.03672681749196198
2013-05-03 02:00:00,0.01789709172259508,0.24108241082410822,0.052516379829716825,0.035206735776155955
2013-05-03 03:00:00,0.01818181818181818,0.23840206185567006,0.07247811014738505,0.04532996416460161
2013-05-03 04:00:00,0.013513513513513514,0.20679012345679015,0.09020654491037754,0.051860029211945526
2013-05-03 05:00:00,3.6601789232714405e-07,6.59906996181153e-06,0.10346607872272229,0.05173322237030731
2013-05-03 06:00:00,9.338076225253262e-08,8.979218036999507e-07,0.11460580921834367,0.05730295129955296
2013-05-03 07:00:00,3.5897352275014e-08,3.1338566792234856e-07,0.12453414568034908,0.062267090788850676
2013-05-03 08:00:00,1.9818333789969766e-08,1.3540326748946585e-07,0.12684703400866032,0.06342352691349705
2013-05-03 09:00:00,1.6576929576567145e-08,1.1325729822793898e-07,0.11184686501570265,0.055923440796316115
2013-05-03 10:00:00,1.543464421138589e-08,1.0545237687079742e-07,0.1140154710135096,0.05700774322407691
2013-05-03 11:00:00,3.91210460717345e-08,1.8780329972066974e-07,0.11226461278161151,0.05613232595132879
2013-05-03 12:00:00,1.3997681069499728e-08,9.563393234874754e-08,0.11875929478548104,0.059379654391581056
2013-05-03 13:00:00,1.5240929605870016e-08,1.0412942754083594e-07,0.12484296544178924,0.06242149034135942
2013-05-03 14:00:00,1.9063275019431672e-08,1.59187556877895e-07,0.1170163607729298,0.05850818991810241
2013-05-03 15:00:00,4.791106372728203e-08,3.564353693057413e-07,0.09671306329323741,0.04835655560215057
2013-05-03 16:00:00,1.6486130826062112e-07,2.909777013462443e-06,0.10473476226768852,0.05236746356449839
2013-05-03 17:00:00,1.0622574484496421e-06,1.9554793792179516e-05,0.12530868952942129,0.06265487589343487
2013-05-03 18:00:00,0.016194331983805668,0.2248520710059172,0.13475922694382625,0.07547677946381595
2013-05-03 19:00:00,0.01789709172259508,0.23980222496909767,0.12253689633717137,0.07021699402988323
2013-05-03 20:00:00,0.018648018648018648,0.2459222082810539,0.08969362307813711,0.05417082086307788
2013-05-03 21:00:00,0.021220159151193636,0.25837988826815644,0.06356754549145799,0.04239385232132581
2013-05-03 22:00:00,0.020997375328083993,0.2579310344827586,0.07245617913685953,0.04672677723247176
2013-05-03 23:00:00,0.019184652278177464,0.24967824967824973,0.057215574506333876,0.038200113392255666
2013-05-04 00:00:00,0.018433179723502304,0.24310776942355888,0.05141506749081101,0.03492412360715666
2013-05-04 01:00:00,0.020671834625323,0.2535014005602241,0.05141506749081101,0.03604345105806701
2013-05-04 02:00:00,0.01904761904761905,0.24400000000000002,0.052516379829716825,0.03578199943866794
2013-05-04 03:00:00,0.017094017094017096,0.22817955112219454,0.07247811014738505,0.044786063620701075
2013-05-04 04:00:00,0.012759170653907498,0.20059288537549408,0.09020654491037754,0.05148285778214252
2013-05-04 05:00:00,3.1839224651201297e-07,5.921690775652365e-06,0.10346607872272229,0.0517331985574844
2013-05-04 06:00:00,4.3016411736115996e-08,3.7009325196129297e-07,0.11460580921834367,0.0573029261173777
2013-05-04 07:00:00,3.94560753794116e-08,2.4152954542368335e-07,0.12453414568034908,0.06226709256821223
2013-05-04 08:00:00,4.140751428786984e-08,2.214866368457606e-07,0.12684703400866032,0.0634235377080873
2013-05-04 09:00:00,4.1909696924578435e-08,2.0186641500454223e-07,0.11184686501570265,0.055923453462699786
2013-05-04 10:00:00,4.27768555879877e-08,2.016913281999205e-07,0.1140154710135096,0.057007756895182594
2013-05-04 11:00:00,3.507592312171413e-08,1.873066683005358e-07,0.11226461278161151,0.05613232392876732
2013-05-04 12:00:00,3.4983440821510075e-08,2.083901325080302e-07,0.11875929478548104,0.059379664884460934
2013-05-04 13:00:00,3.486362043149006e-08,2.32121072150382e-07,0.12484296544178924,0.06242150015270484
2013-05-04 14:00:00,4.3824261672212285e-08,2.994301411902945e-07,0.1170163607729298,0.05850820229859574
2013-05-04 15:00:00,5.386366008813029e-08,4.4978817021674476e-07,0.09671306329323741,0.04835655857844875
2013-05-04 16:00:00,2.9263818887395456e-07,0.11054065289401671,0.10473476226768852,0.0523675274529387
2013-05-04 17:00:00,0.21708640033993007,0.25182552277734077,0.12530868952942129,0.17119754493467568
2013-05-04 18:00:00,0.02238805970149254,0.2737967914438502,0.13475922694382625,0.0785736433226594
2013-05-04 19:00:00,0.01785714285714286,0.2723962126729789,0.12253689633717137,0.07019701959715711
2013-05-04 20:00:00,0.3183004984571564,0.33324503311258274,0.08969362307813711,0.20399706076764676
2013-05-04 21:00:00,0.022613065326633167,0.2724215246636771,0.06356754549145799,0.04309030540904558
2013-05-04 22:00:00,0.02484472049689441,0.2853067047075606,0.07245617913685953,0.048650449816876974
2013-05-04 23:00:00,0.02298850574712644,0.2773224043715847,0.057215574506333876,0.04010204012673016
2013-05-05 00:00:00,0.020887728459530026,0.26377952755905515,0.05141506749081101,0.036151397975170516
2013-05-05 01:00:00,0.01873536299765808,0.24685138539042822,0.05141506749081101,0.03507521524423454
2013-05-05 02:00:00,0.016771488469601678,0.23577235772357727,0.052516379829716825,0.03464393414965925
2013-05-05 03:00:00,0.016,0.22482435597189696,0.07247811014738505,0.044239055073692524
2013-05-05 04:00:00,0.011713030746705709,0.18635926993275695,0.09020654491037754,0.050959787828541624
2013-05-05 05:00:00,3.3668668785278873e-07,3.2715649934980208e-06,0.10346607872272229,0.05173320770470507
2013-05-05 06:00:00,1.1151772953471235e-07,9.312298863163019e-07,0.11460580921834367,0.0573029603680366
2013-05-05 07:00:00,7.352743120963483e-08,5.023780997682344e-07,0.12453414568034908,0.06226710960389015
2013-05-05 08:00:00,6.150898012657154e-08,4.202971323266761e-07,0.12684703400866032,0.06342354775882023
2013-05-05 09:00:00,5.261862645705581e-08,3.601809933503652e-07,0.11184686501570265,0.055923458817164554
2013-05-05 10:00:00,5.0818604718290636e-08,3.4820927191530494e-07,0.1140154710135096,0.05700776091605716
2013-05-05 11:00:00,5.377407328585237e-08,3.685829251994126e-07,0.11226461278161151,0.0561323332778424
2013-05-05 12:00:00,5.7011861260723425e-08,3.906258590151993e-07,0.11875929478548104,0.05937967589867115
2013-05-05 13:00:00,7.803131771330159e-08,5.335289237194135e-07,0.12484296544178924,0.06242152173655348
2013-05-05 14:00:00,1.5749798284458472e-07,1.0761627051191027e-06,0.1170163607729298,0.05850825913545633
2013-05-05 15:00:00,2.7703511844913527e-07,2.032992524335972e-06,0.09671306329323741,0.048356670164177926
2013-05-05 16:00:00,1.1047907532451083e-06,0.0005107634392012846,0.10473476226768852,0.05236793352922088
2013-05-05 17:00:00,0.013761467889908258,0.21550255536626917,0.12530868952942129,0.06953507870966477
2013-05-05 18:00:00,0.018018018018018018,0.23959646910466587,0.13475922694382625,0.07638862248092214
2013-05-05 19:00:00,0.019512195121951223,0.2503293807641634,0.12253689633717137,0.0710245457295613
2013-05-05 20:00:00,0.01990049751243781,0.2519893899204244,0.08969362307813711,0.054797060295287456
2013-05-05 21:00:00,0.02110817941952507,0.25869262865090403,0.06356754549145799,0.04233786245549153
2013-05-05 22:00:00,0.021164021164021166,0.25869262865090403,0.07245617913685953,0.04681010015044035
2013-05-05 23:00:00,0.020202020202020204,0.25503355704697994,0.057215574506333876,0.03870879735417704
2013-05-06 00:00:00,0.020253164556962026,0.25271739130434784,0.05141506749081101,0.03583411602388652
2013-05-06 01:00:00,0.01918465227817746,0.2453825857519789,0.05141506749081101,0.03529985988449424
2013-05-06 02:00:00,0.016771488469601678,0.2311377245508982,0.052516379829716825,0.03464393414965925
2013-05-06 03:00:00,0.015873015873015876,0.2233918128654971,0.07247811014738505,0.04417556301020046
2013-05-06 04:00:00,0.01309328968903437,0.1997950819672131,0.09020654491037754,0.05164991729970595
2013-05-06 05:00:00,9.642716849936544e-07,1.5829619853966722e-05,0.10346607872272229,0.051733521497203644
2013-05-06 06:00:00,2.0726459074321518e-07,1.5419512864861469e-06,0.11460580921834367,0.0573030082414672
2013-05-06 07:00:00,9.938932877317423e-08,7.293513099149525e-07,0.12453414568034908,0.062267122534838924
2013-05-06 08:00:00,1.0530508409786874e-07,7.46117404877892e-07,0.12684703400866032,0.06342356965687221
2013-05-06 09:00:00,1.1690984368803169e-07,7.988021517954854e-07,0.11184686501570265,0.05592349096277317
2013-05-06 10:00:00,9.430514491777316e-08,6.44362588651763e-07,0.1140154710135096,0.05700778265932726
2013-05-06 11:00:00,7.415927850734577e-08,5.067046882851284e-07,0.11226461278161151,0.05613234347044501
2013-05-06 12:00:00,6.291990648256247e-08,4.2990030500471305e-07,0.11875929478548104,0.05937967885269376
2013-05-06 13:00:00,5.205671933557302e-08,3.556664836872381e-07,0.12484296544178924,0.06242150874925429
2013-05-06 14:00:00,8.016488741589768e-08,6.897019966041102e-07,0.1170163607729298,0.05850822046890861
2013-05-06 15:00:00,2.660505881003908e-07,2.59192488830571e-06,0.09671306329323741,0.048356664671912755
2013-05-06 16:00:00,4.382432297036003e-07,9.356686236002657e-06,0.10473476226768852,0.05236760025545911
2013-05-06 17:00:00,0.014539579967689824,0.23960695389266817,0.12530868952942129,0.06992413474855555
2013-05-06 18:00:00,0.016453382084095063,0.2536115569823435,0.13475922694382625,0.07560630451396065
2013-05-06 19:00:00,0.01775147928994083,0.26130653266331655,0.12253689633717137,0.0701441878135561
2013-05-06 20:00:00,0.020134228187919465,0.2664728682170543,0.08969362307813711,0.054913925633028285
2013-05-06 21:00:00,0.020270270270270275,0.2675097276264591,0.06356754549145799,0.04191890788086413
2013-05-06 22:00:00,0.019823788546255508,0.264621284755513,0.07245617913685953,0.04613998384155752
2013-05-06 23:00:00,0.023323615160349857,0.2796725784447476,0.057215574506333876,0.04026959483334187
2013-05-07 00:00:00,0.02702702702702703,0.2909967845659164,0.05141506749081101,0.03922104725891902
2013-05-07 01:00:00,0.02446483180428135,0.2784431137724551,0.05141506749081101,0.037939949647546184
2013-05-07 02:00:00,0.022727272727272728,0.26945244956772335,0.052516379829716825,0.03762182627849478
2013-05-07 03:00:00,0.020460358056265986,0.254421768707483,0.07247811014738505,0.04646923410182552
2013-05-07 04:00:00,0.013677811550151978,0.22133119486768246,0.09020654491037754,0.05194217823026476
2013-05-07 05:00:00,6.82647909322513e-07,1.5488765261543924e-05,0.10346607872272229,0.051733380685315807
2013-05-07 06:00:00,2.4318141037922577e-07,2.584501121264714e-06,0.11460580921834367,0.057303026199877025
2013-05-07 07:00:00,1.1066948330830839e-07,9.073411764800772e-07,0.12453414568034908,0.0622671281749162
2013-05-07 08:00:00,4.693811856812828e-08,3.9195590557824996e-07,0.12684703400866032,0.06342354047338944
2013-05-07 09:00:00,3.5283785309410165e-08,2.946365777007949e-07,0.11184686501570265,0.05592345014974398
2013-05-07 10:00:00,2.7596891651705708e-08,2.304472991154057e-07,0.1140154710135096,0.057007749305200625
2013-05-07 11:00:00,2.2418167802750915e-08,1.8720245233851093e-07,0.11226461278161151,0.05613231759988966
2013-05-07 12:00:00,2.127675041609345e-08,1.7767106793615623e-07,0.11875929478548104,0.05937965803111573
2013-05-07 13:00:00,2.8521867616074706e-08,2.3817131372460248e-07,0.12484296544178924,0.06242149698182843
2013-05-07 14:00:00,5.942199453430553e-08,3.9470643635493476e-07,0.1170163607729298,0.05850821009746217
2013-05-07 15:00:00,1.6102307621705268e-07,1.3853662782126787e-06,0.09671306329323741,0.048356612158156814
2013-05-07 16:00:00,4.866120850111313e-07,8.727111130894617e-06,0.10473476226768852,0.05236762443988677
2013-05-07 17:00:00,2.0173365419444617e-06,3.89646894837536e-05,0.12530868952942129,0.06265535343298162
2013-05-07 18:00:00,0.016697588126159558,0.2296890672016048,0.13475922694382625,0.07572840753499291
2013-05-07 19:00:00,0.017274472168905954,0.23790322580645168,0.12253689633717137,0.06990568425303866
2013-05-07 20:00:00,0.017013232514177697,0.2376333656644035,0.08969362307813711,0.0533534277961574
2013-05-07 21:00:00,0.020304568527918784,0.25823451910408435,0.06356754549145799,0.04193605700968839
2013-05-07 22:00:00,0.023460410557184754,0.26998491704374056,0.07245617913685953,0.047958294847022145
2013-05-07 23:00:00,0.022471910112359553,0.2653958944281525,0.057215574506333876,0.039843742309346716
2013-05-08 00:00:00,0.021333333333333336,0.25783475783475784,0.05141506749081101,0.03637420041207218
2013-05-08 01:00:00,0.019801980198019802,0.24965893587994542,0.05141506749081101,0.03560852384441541
2013-05-08 02:00:00,0.017937219730941704,0.23491655969191272,0.052516379829716825,0.03522679978032926
2013-05-08 03:00:00,0.015594541910331385,0.21723730814639905,0.07247811014738505,0.044036326028858215
2013-05-08 04:00:00,0.012012012012012014,0.18570009930486597,0.09020654491037754,0.05110927846119478
2013-05-08 05:00:00,3.387959809140978e-07,4.147209609489741e-06,0.10346607872272229,0.0517332087593516
2013-05-08 06:00:00,9.344634959124136e-08,8.228852328350218e-07,0.11460580921834367,0.05730295133234663
2013-05-08 07:00:00,3.0500481485684145e-08,2.161041424385624e-07,0.12453414568034908,0.062267088090415285
2013-05-08 08:00:00,2.8847236449652535e-08,1.7951142375795798e-07,0.12684703400866032,0.06342353142794839
2013-05-08 09:00:00,2.7138489694018326e-08,1.625522925457221e-07,0.11184686501570265,0.05592344607709617
2013-05-08 10:00:00,2.760129839819821e-08,1.645384411525706e-07,0.1140154710135096,0.057007749307404
2013-05-08 11:00:00,2.757507290619484e-08,1.6733396974780314e-07,0.11226461278161151,0.05613232017834221
2013-05-08 12:00:00,2.8459785980891568e-08,1.787036278894863e-07,0.11875929478548104,0.059379661622633514
2013-05-08 13:00:00,2.9135405954245583e-08,1.8440936310538264e-07,0.12484296544178924,0.0624214972885976
2013-05-08 14:00:00,2.4914718579284355e-08,1.7022307753224275e-07,0.1170163607729298,0.05850819284382419
2013-05-08 15:00:00,4.464214167281874e-08,3.0500477506156246e-07,0.09671306329323741,0.04835655396768954
2013-05-08 16:00:00,2.0322995627620397e-07,4.508347866041248e-06,0.10473476226768852,0.0523674827488224
2013-05-08 17:00:00,1.014889185518445e-06,2.060872789256497e-05,0.12530868952942129,0.0626548522093034
2013-05-08 18:00:00,0.01821862348178138,0.24624624624624628,0.13475922694382625,0.07648892521280382
2013-05-08 19:00:00,0.02036199095022625,0.2596153846153846,0.12253689633717137,0.0714494436436988
2013-05-08 20:00:00,0.02184466019417476,0.264908256880734,0.08969362307813711,0.055769141636155935
2013-05-08 21:00:00,0.030651340996168584,0.306368330464716,0.06356754549145799,0.04710944324381329
2013-05-08 22:00:00,0.031496062992125984,0.3107638888888889,0.07245617913685953,0.05197612106449276
2013-05-08 23:00:00,0.02173913043478261,0.2732012513034411,0.057215574506333876,0.039477352470558245
2013-05-09 00:00:00,0.022222222222222227,0.27549947423764454,0.05141506749081101,0.03681864485651662
2013-05-09 01:00:00,0.022277227722772283,0.2794715447154472,0.05141506749081101,0.03684614760679165
2013-05-09 02:00:00,0.3176039119804401,0.3330827581493883,0.052516379829716825,0.18506014590507847
2013-05-09 03:00:00,0.31908581474563236,0.3334154149224328,0.07247811014738505,0.1957819624465087
2013-05-09 04:00:00,0.3413562709385526,0.34137005519537356,0.09020654491037754,0.21578140792446507
2013-05-09 05:00:00,2.893145620473493e-07,5.8567288909947095e-06,0.10346607872272229,0.051733184018642166
2013-05-09 06:00:00,4.7993393805329486e-08,3.1879298490753856e-07,0.11460580921834367,0.05730292860586873
2013-05-09 07:00:00,2.084764046092549e-08,1.4243578690072193e-07,0.12453414568034908,0.06226708326399477
2013-05-09 08:00:00,2.980869169185162e-08,1.6787059206720554e-07,0.12684703400866032,0.063423531908676
2013-05-09 09:00:00,2.7083452594564517e-08,1.5267075950208392e-07,0.11184686501570265,0.05592344604957762
2013-05-09 10:00:00,2.7099295477032748e-08,1.5509636042091842e-07,0.1140154710135096,0.05700774905640254
2013-05-09 11:00:00,2.3829326547249494e-08,1.488244743369364e-07,0.11226461278161151,0.05613231830546903
2013-05-09 12:00:00,2.4605770648676762e-08,1.6202893545135075e-07,0.11875929478548104,0.05937965969562584
2013-05-09 13:00:00,2.574134693039329e-08,1.7571987274158558e-07,0.12484296544178924,0.06242149559156809
2013-05-09 14:00:00,3.034303897915336e-08,2.0731133484167432e-07,0.1170163607729298,0.058508195557984394
2013-05-09 15:00:00,3.387273786565621e-08,2.6571126267929145e-07,0.09671306329323741,0.04835654858298764
2013-05-09 16:00:00,1.9746649694552898e-07,0.07691208818888962,0.10473476226768852,0.05236747986709273
2013-05-09 17:00:00,9.291059151837792e-07,0.00037858327188009335,0.12530868952942129,0.06265480931766823
2013-05-09 18:00:00,0.02694610778443114,0.28848641655886154,0.13475922694382625,0.08085266736412869
2013-05-09 19:00:00,0.02877697841726619,0.30609212481426445,0.12253689633717137,0.07565693737721878
2013-05-09 20:00:00,0.03125,0.3061224489795918,0.08969362307813711,0.060471811539068554
2013-05-09 21:00:00,0.027522935779816515,0.30155210643015523,0.06356754549145799,0.04554524063563725
2013-05-09 22:00:00,0.3233606056905605,0.3362173854265243,0.07245617913685953,0.19790839241371003
2013-05-09 23:00:00,0.3239300783604581,0.33651726671565024,0.057215574506333876,0.190572826433396
2013-05-10 00:00:00,0.32433706540954627,0.3366213744447347,0.05141506749081101,0.18787606645017862
2013-05-10 01:00:00,0.3238387897411653,0.33632727987936795,0.05141506749081101,0.18762692861598818
2013-05-10 02:00:00,0.3214513049013367,0.33546978447668685,0.052516379829716825,0.1869838423655268
2013-05-10 03:00:00,0.3205409356725147,0.33479937749509436,0.07247811014738505,0.19650952290994986
2013-05-10 04:00:00,0.3160696462237995,0.3317340644276902,0.09020654491037754,0.20313809556708853
2013-05-10 05:00:00,2.8707747538454184e-07,1.8450671898650895e-05,0.10346607872272229,0.05173318290009884
2013-05-10 06:00:00,4.441423437571358e-08,3.624513546029341e-07,0.11460580921834367,0.05730292681628902
2013-05-10 07:00:00,2.1078484006763496e-08,1.4934665107203163e-07,0.12453414568034908,0.06226708337941654
2013-05-10 08:00:00,2.9535306549752534e-08,1.7042896281913543e-07,0.12684703400866032,0.06342353177198344
2013-05-10 09:00:00,2.7645590642100274e-08,1.5785297319173603e-07,0.11184686501570265,0.055923446330646644
2013-05-10 10:00:00,2.7084549975079953e-08,1.5815603558489713e-07,0.1140154710135096,0.05700774904902979
2013-05-10 11:00:00,2.7017520754138976e-08,1.656242389527881e-07,0.11226461278161151,0.05613231989956613
2013-05-10 12:00:00,2.801330639523989e-08,1.8036965678941048e-07,0.11875929478548104,0.05937966139939372
2013-05-10 13:00:00,3.304322192208941e-08,2.2576024385852286e-07,0.12484296544178924,0.06242149924250558
2013-05-10 14:00:00,4.8924187291378095e-08,4.0854097748331353e-07,0.1170163607729298,0.058508204848558544
2013-05-10 15:00:00,1.2846690422766597e-07,1.2287984960442634e-06,0.09671306329323741,0.04835659588007082
2013-05-10 16:00:00,5.818965768058869e-07,0.16648357672401523,0.10473476226768852,0.052367672082132666
2013-05-10 17:00:00,0.2395686982795525,0.2700883565550262,0.12530868952942129,0.1824386939044869
2013-05-10 18:00:00,0.3413647444442747,0.341374944535991,0.13475922694382625,0.2380619856940505
2013-05-10 19:00:00,0.34136552938913406,0.3413753608247423,0.12253689633717137,0.2319512128631527
2013-05-10 20:00:00,0.3413650398046006,0.34137518896182045,0.08969362307813711,0.21552933144136885
2013-05-10 21:00:00,0.3413663822480143,0.3413758504896042,0.06356754549145799,0.20246696386973614
2013-05-10 22:00:00,0.3413681234837606,0.341376784803711,0.07245617913685953,0.20691215131031007
2013-05-10 23:00:00,0.32808549758676164,0.33866260626824,0.057215574506333876,0.19265053604654775
2013-05-11 00:00:00,0.32646706586826346,0.33791826477979103,0.05141506749081101,0.18894106667953725
2013-05-11 01:00:00,0.32508112005768536,0.33723559930823466,0.05141506749081101,0.18824809377424817
2013-05-11 02:00:00,0.3225009267268009,0.33593857123268883,0.052516379829716825,0.18750865327825889
2013-05-11 03:00:00,0.01943844492440605,0.28622159090909094,0.07247811014738505,0.04595827753589555
2013-05-11 04:00:00,0.01595744680851064,0.2583941605839416,0.09020654491037754,0.05308199585944409
2013-05-11 05:00:00,1.212861976761868e-06,2.1061201434509505e-05,0.10346607872272229,0.05173364579234953
2013-05-11 06:00:00,2.583618823213298e-07,2.0103546010544454e-06,0.11460580921834367,0.05730303379011299
2013-05-11 07:00:00,1.1661693343178913e-07,8.262646637263647e-07,0.12453414568034908,0.062267131148641255
2013-05-11 08:00:00,9.89078398507995e-08,6.757731858906368e-07,0.12684703400866032,0.06342356645825009
2013-05-11 09:00:00,9.840498314962271e-08,6.723391840621149e-07,0.11184686501570265,0.0559234817103429
2013-05-11 10:00:00,1.0375589419942298e-07,7.088993916855553e-07,0.1140154710135096,0.0570077873847019
2013-05-11 11:00:00,9.581306181785292e-08,6.546330087347682e-07,0.11226461278161151,0.056132354297336665
2013-05-11 12:00:00,8.42929287167857e-08,5.759193774302998e-07,0.11875929478548104,0.05937968953920488
2013-05-11 13:00:00,6.503323837974715e-08,4.6077842524826174e-07,0.12484296544178924,0.06242151523751381
2013-05-11 14:00:00,6.934206057098333e-08,5.790410308474459e-07,0.1170163607729298,0.058508215057495185
2013-05-11 15:00:00,8.707514837822972e-08,7.271205567645833e-07,0.09671306329323741,0.048356575184192896
2013-05-11 16:00:00,4.402166903071182e-07,0.14293725308808058,0.10473476226768852,0.052367601242189414
2013-05-11 17:00:00,1.5618513978222932e-06,0.0006658657168174616,0.12530868952942129,0.06265512569040955
2013-05-11 18:00:00,0.34136302354930315,0.3413738591920759,0.13475922694382625,0.2380611252465647
2013-05-11 19:00:00,0.31902283897080075,0.33485357657225157,0.12253689633717137,0.22077986765398605
2013-05-11 20:00:00,0.3237597911227154,0.33615644150657575,0.08969362307813711,0.20672670710042626
2013-05-11 21:00:00,0.3236569501324982,0.33640614562458243,0.06356754549145799,0.19361224781197808
2013-05-11 22:00:00,0.02459016393442623,0.3044846577498033,0.07245617913685953,0.04852317153564288
2013-05-11 23:00:00,0.023017902813299233,0.3019838354151359,0.057215574506333876,0.040116738659816555
2013-05-12 00:00:00,0.024999999999999998,0.2957042957042957,0.05141506749081101,0.0382075337454055
2013-05-12 01:00:00,0.02179176755447942,0.283894449499545,0.05141506749081101,0.03660341752264522
2013-05-12 02:00:00,0.01863354037267081,0.27429467084639503,0.052516379829716825,0.03557496010119382
2013-05-12 03:00:00,0.01630434782608696,0.26067415730337073,0.07247811014738505,0.044391228986736
2013-05-12 04:00:00,0.013254786450662743,0.23734610123119013,0.09020654491037754,0.05173066568052014
2013-05-12 05:00:00,3.1330050236482355e-07,2.949185720309121e-06,0.10346607872272229,0.051733196011612324
2013-05-12 06:00:00,8.490141650796824e-08,5.63952413115316e-07,0.11460580921834367,0.05730294705988009
2013-05-12 07:00:00,3.5813718666980446e-08,2.446890735036733e-07,0.12453414568034908,0.062267090747033876
2013-05-12 08:00:00,2.8863181180336123e-08,1.9045762035434977e-07,0.12684703400866032,0.06342353143592075
2013-05-12 09:00:00,2.823088186330144e-08,1.9172258474793298e-07,0.11184686501570265,0.05592344662329226
2013-05-12 10:00:00,3.396797935960644e-08,2.3208685928070867e-07,0.1140154710135096,0.05700775249074448
2013-05-12 11:00:00,3.473936714530605e-08,2.3735715571650054e-07,0.11226461278161151,0.05613232376048933
2013-05-12 12:00:00,3.280476007566221e-08,2.2413853660929018e-07,0.11875929478548104,0.05937966379512056
2013-05-12 13:00:00,3.374435456948053e-08,2.290365496950145e-07,0.12484296544178924,0.06242149959307191
2013-05-12 14:00:00,3.485803380192833e-08,2.469785090239067e-07,0.1170163607729298,0.058508197815481805
2013-05-12 15:00:00,4.740169579566709e-08,3.958274129147306e-07,0.09671306329323741,0.0483565553474666
2013-05-12 16:00:00,2.569490734930308e-07,0.0001180793682281482,0.10473476226768852,0.052367509608381005
2013-05-12 17:00:00,1.0826653488624436e-06,0.0004474513287234111,0.12530868952942129,0.06265488609738508
2013-05-12 18:00:00,0.3221291728805782,0.3352918635841104,0.13475922694382625,0.22844419991220222
2013-05-12 19:00:00,0.3202587393338839,0.335174396610426,0.12253689633717137,0.22139781783552762
2013-05-12 20:00:00,0.3244940683879972,0.3366662366146305,0.08969362307813711,0.20709384573306716
2013-05-12 21:00:00,0.3252821670428894,0.3370272977710994,0.06356754549145799,0.1944248562671737
2013-05-12 22:00:00,0.025714285714285714,0.3073736536868268,0.07245617913685953,0.049085232425572625
2013-05-12 23:00:00,0.02380952380952381,0.3045685279187817,0.057215574506333876,0.040512549157928845
2013-05-13 00:00:00,0.02521008403361345,0.30318690783807056,0.05141506749081101,0.03831257576221223
2013-05-13 01:00:00,0.02349869451697128,0.29991850040749796,0.05141506749081101,0.03745688100389115
2013-05-13 02:00:00,0.023017902813299233,0.29401709401709397,0.052516379829716825,0.03776714132150803
2013-05-13 03:00:00,0.01914893617021277,0.28698023176550785,0.07247811014738505,0.045813523158798906
2013-05-13 04:00:00,0.3163860103626943,0.3318358426420592,0.09020654491037754,0.20329627763653593
2013-05-13 05:00:00,3.062540132036314e-07,1.1030045585860998e-05,0.10346607872272229,0.051733192488367746
2013-05-13 06:00:00,4.9005207758925934e-08,3.813161450399758e-07,0.11460580921834367,0.05730292911177571
2013-05-13 07:00:00,2.1147162362731566e-08,1.65886702175732e-07,0.12453414568034908,0.062267083413755725
2013-05-13 08:00:00,3.0552035876155855e-08,1.6987155357514124e-07,0.12684703400866032,0.0634235322803481
2013-05-13 09:00:00,2.936963195328239e-08,1.5480663241151373e-07,0.11184686501570265,0.0559234471926673
2013-05-13 10:00:00,2.992241387384238e-08,1.5061744365882572e-07,0.1140154710135096,0.05700775046796174
2013-05-13 11:00:00,2.9177185852643928e-08,1.5054236315346532e-07,0.11226461278161151,0.05613232097939868
2013-05-13 12:00:00,2.6786634358771233e-08,1.4907138794671478e-07,0.11875929478548104,0.0593796607860577
2013-05-13 13:00:00,1.603566477235399e-08,1.0955925120731555e-07,0.12484296544178924,0.062421490738727006
2013-05-13 14:00:00,1.9354196025503595e-08,1.5671942518370874e-07,0.1170163607729298,0.05850819006356291
2013-05-13 15:00:00,3.5403844574290006e-08,2.486057484126221e-07,0.09671306329323741,0.04835654934854099
2013-05-13 16:00:00,1.402813837643271e-07,2.2895836973760323e-06,0.10473476226768852,0.05236745127453614
2013-05-13 17:00:00,7.863774952740897e-07,2.2020633200654595e-05,0.12530868952942129,0.06265473795345829
2013-05-13 18:00:00,0.31867312709653367,0.3337248669937124,0.13475922694382625,0.22671617702017996
2013-05-13 19:00:00,0.024128686327077747,0.29422718808193676,0.12253689633717137,0.07333279133212456
2013-05-13 20:00:00,0.024128686327077747,0.3013923013923014,0.08969362307813711,0.05691115470260743
2013-05-13 21:00:00,0.02238805970149254,0.3110995310057322,0.06356754549145799,0.04297780259647527
2013-05-13 22:00:00,0.3250265737569387,0.33701693585300463,0.07245617913685953,0.19874137644689913
2013-05-13 23:00:00,0.3255223363730809,0.3372993027569884,0.057215574506333876,0.1913689554397074
2013-05-14 00:00:00,0.3245347281352633,0.33699609006336795,0.05141506749081101,0.18797489781303717
2013-05-14 01:00:00,0.32378504100869143,0.33661417322834647,0.05141506749081101,0.18760005424975124
2013-05-14 02:00:00,0.3229216722729457,0.3360261717185205,0.052516379829716825,0.18771902605133128
2013-05-14 03:00:00,0.2737315875613748,0.3196261682242991,0.07247811014738505,0.1731048488543799
2013-05-14 04:00:00,0.013953488372093027,0.27083333333333337,0.09020654491037754,0.05208001664123528
2013-05-14 05:00:00,3.1566179125860953e-07,2.0846810765431527e-05,0.10346607872272229,0.051733197192256775
2013-05-14 06:00:00,5.364208170671767e-08,4.072158120661889e-07,0.11460580921834367,0.057302931430212686
2013-05-14 07:00:00,1.8762033968587453e-08,1.2818643526299446e-07,0.12453414568034908,0.062267082221191525
2013-05-14 08:00:00,3.044810630286457e-08,1.6187022410896557e-07,0.12684703400866032,0.06342353222838332
2013-05-14 09:00:00,2.8832342045377877e-08,1.4897685674325866e-07,0.11184686501570265,0.055923446924022346
2013-05-14 10:00:00,2.927561872800364e-08,1.476170628594732e-07,0.1140154710135096,0.05700775014456417
2013-05-14 11:00:00,2.9583320994623204e-08,1.494464817812949e-07,0.11226461278161151,0.056132321182466256
2013-05-14 12:00:00,3.044288862341337e-08,1.57075807879858e-07,0.11875929478548104,0.059379662614184835
2013-05-14 13:00:00,3.1339646078242876e-08,1.70254697180487e-07,0.12484296544178924,0.06242149839071766
2013-05-14 14:00:00,1.9197515933586273e-08,1.3116176219966396e-07,0.1170163607729298,0.05850818998522287
2013-05-14 15:00:00,3.6720946192292623e-08,2.439163890021222e-07,0.09671306329323741,0.0483565500070918
2013-05-14 16:00:00,1.423380765599506e-07,2.323151572295478e-06,0.10473476226768852,0.05236745230288254
2013-05-14 17:00:00,7.655720545784823e-07,4.3389964985847896e-05,0.12530868952942129,0.06265472755073793
2013-05-14 18:00:00,0.017013232514177697,0.29489516864175025,0.13475922694382625,0.07588622972900197
2013-05-14 19:00:00,0.019565217391304353,0.2968217934165721,0.12253689633717137,0.07105105686423786
2013-05-14 20:00:00,0.020044543429844103,0.3084821428571428,0.08969362307813711,0.054869083253990605
2013-05-14 21:00:00,0.02654867256637168,0.3018867924528302,0.06356754549145799,0.045058109028914835
2013-05-14 22:00:00,0.028938906752411578,0.3064699205448354,0.07245617913685953,0.050697542944635555
2013-05-14 23:00:00,0.34135610921286474,0.341367219189346,0.057215574506333876,0.1992858418595993
2013-05-15 00:00:00,0.020737327188940096,0.3090487238979118,0.05141506749081101,0.036076197339875556
2013-05-15 01:00:00,0.022500000000000006,0.29717341482047366,0.05141506749081101,0.03695753374540551
2013-05-15 02:00:00,0.018828451882845192,0.3064447289799403,0.052516379829716825,0.03567241585628101
2013-05-15 03:00:00,0.3204521859499365,0.33440576539476224,0.07247811014738505,0.19646514804866078
2013-05-15 04:00:00,0.3413532762872347,0.34136856243332286,0.09020654491037754,0.21577991059880614
2013-05-15 05:00:00,3.113707337587566e-07,6.086561781615816e-06,0.10346607872272229,0.05173319504672802
2013-05-15 06:00:00,2.8772981939774697e-08,2.111451281283244e-07,0.11460580921834367,0.057302918995662804
2013-05-15 07:00:00,2.9411267021109034e-08,1.7512793955408575e-07,0.12453414568034908,0.06226708754580805
2013-05-15 08:00:00,1.4362140776468745e-08,9.802805138042285e-08,0.12684703400866032,0.06342352418540055
2013-05-15 09:00:00,2.8683691074734873e-08,1.4986535097765826e-07,0.11184686501570265,0.05592344684969686
2013-05-15 10:00:00,2.8451651184463583e-08,1.4694945103794236e-07,0.1140154710135096,0.057007749732580396
2013-05-15 11:00:00,2.831208769106695e-08,1.479323171296309e-07,0.11226461278161151,0.0561323205468496
2013-05-15 12:00:00,2.940781944508543e-08,1.5701035626934996e-07,0.11875929478548104,0.05937966209665024
2013-05-15 13:00:00,2.9804162807027587e-08,1.6983725244640023e-07,0.12484296544178924,0.062421497622976024
2013-05-15 14:00:00,2.1195810992742472e-08,1.4481457464510694e-07,0.1170163607729298,0.0585081909843704
2013-05-15 15:00:00,4.2116806266155285e-08,3.2771649115263783e-07,0.09671306329323741,0.04835655270502184
2013-05-15 16:00:00,2.2074685327016262e-07,0.08375519608872209,0.10473476226768852,0.052367491507270894
2013-05-15 17:00:00,9.942948466471439e-07,2.2559575940354828e-05,0.12530868952942129,0.06265484191213397
2013-05-15 18:00:00,0.01927710843373494,0.24360699865410498,0.13475922694382625,0.0770181676887806
2013-05-15 19:00:00,0.020618556701030927,0.250351617440225,0.12253689633717137,0.07157772651910115
2013-05-15 20:00:00,0.02168021680216802,0.2565597667638484,0.08969362307813711,0.05568691994015257
2013-05-15 21:00:00,0.021739130434782608,0.2572674418604651,0.06356754549145799,0.0426533379631203
2013-05-15 22:00:00,0.0215633423180593,0.25611510791366904,0.07245617913685953,0.04700976072745942
2013-05-15 23:00:00,0.020997375328083993,0.2542372881355932,0.057215574506333876,0.039106474917208936
2013-05-16 00:00:00,0.020202020202020204,0.2503457814661134,0.05141506749081101,0.03580854384641561
2013-05-16 01:00:00,0.019138755980861247,0.24364123159303885,0.05141506749081101,0.03527691173583613
2013-05-16 02:00:00,0.01769911504424779,0.2330345710627401,0.052516379829716825,0.035107747436982306
2013-05-16 03:00:00,0.0158102766798419,0.21770334928229668,0.07247811014738505,0.044144193413613475
2013-05-16 04:00:00,0.012213740458015267,0.18668012108980828,0.09020654491037754,0.0512101426841964
2013-05-16 05:00:00,3.6243894772556646e-07,5.262040141112096e-06,0.10346607872272229,0.05173322058083501
2013-05-16 06:00:00,1.5904631828676395e-07,1.552339426397818e-06,0.11460580921834367,0.057302984132330974
2013-05-16 07:00:00,4.2921330480552804e-08,3.0410902777842646e-07,0.12453414568034908,0.06226709430083978
2013-05-16 08:00:00,0.002425222312045271,0.013705583756345176,0.12684703400866032,0.0646361281603528
2013-05-16 09:00:00,3.0453176150550436e-08,2.0807481001498278e-07,0.11184686501570265,0.0559234477344394
2013-05-16 10:00:00,4.253816013269184e-08,2.90632329081307e-07,0.1140154710135096,0.05700775677583487
2013-05-16 11:00:00,5.5448924193835024e-08,3.78842446343948e-07,0.11226461278161151,0.05613233411526785
2013-05-16 12:00:00,8.446801089434618e-08,5.98479528558866e-07,0.11875929478548104,0.05937968962674597
2013-05-16 13:00:00,1.1929944502693503e-07,9.962114982368866e-07,0.12484296544178924,0.06242154237061714
2013-05-16 14:00:00,1.799178647959527e-07,1.2292406437628857e-06,0.1170163607729298,0.0585082703453973
2013-05-16 15:00:00,2.435580631984462e-07,2.6413310892936575e-06,0.09671306329323741,0.048356653425650306
2013-05-16 16:00:00,5.289867083273089e-07,0.00020909549809232126,0.10473476226768852,0.05236764562719842
2013-05-16 17:00:00,1.5308810277722873e-06,3.1231592426266206e-05,0.12530868952942129,0.06265511020522453
2013-05-16 18:00:00,0.01506591337099812,0.22889114954221768,0.13475922694382625,0.07491257015741218
2013-05-16 19:00:00,0.015873015873015876,0.23659305993690846,0.12253689633717137,0.06920495610509363
2013-05-16 20:00:00,0.0170940170940171,0.24235560588901475,0.08969362307813711,0.053393820086077105
2013-05-16 21:00:00,0.022471910112359553,0.2629246676514032,0.06356754549145799,0.04301972780190877
2013-05-16 22:00:00,0.023529411764705882,0.2676923076923077,0.07245617913685953,0.04799279545078271
2013-05-16 23:00:00,0.021621621621621623,0.2603719599427754,0.057215574506333876,0.03941859806397775
2013-05-17 00:00:00,0.02105263157894737,0.25738396624472576,0.05141506749081101,0.036233849534879195
2013-05-17 01:00:00,0.020202020202020204,0.25068493150684934,0.05141506749081101,0.03580854384641561
2013-05-17 02:00:00,0.01882352941176471,0.24409448818897642,0.052516379829716825,0.03566995462074077
2013-05-17 03:00:00,0.01705756929637527,0.22962962962962966,0.07247811014738505,0.04476783972188016
2013-05-17 04:00:00,0.014035087719298246,0.2054644808743169,0.09020654491037754,0.05212081631483789
2013-05-17 05:00:00,4.784294405383672e-07,8.625762574159995e-06,0.10346607872272229,0.05173327857608141
2013-05-17 06:00:00,2.969629781823156e-07,3.6069510003596816e-06,0.11460580921834367,0.05730305309066092
2013-05-17 07:00:00,1.1559307326540979e-07,9.301579006216845e-07,0.12453414568034908,0.062267130636711174
2013-05-17 08:00:00,3.899096579322571e-08,2.8612770218755285e-07,0.12684703400866032,0.06342353649981305
2013-05-17 09:00:00,4.574702350422597e-08,3.241300615397966e-07,0.11184686501570265,0.05592345538136308
2013-05-17 10:00:00,7.163740298653946e-08,4.894456218028663e-07,0.1140154710135096,0.05700777132545629
2013-05-17 11:00:00,8.673347592124035e-08,5.925870650314922e-07,0.11226461278161151,0.05613234975754371
2013-05-17 12:00:00,1.1817558173407303e-07,8.074104006959519e-07,0.11875929478548104,0.05937970648053139
2013-05-17 13:00:00,1.3252377796842551e-07,9.389708202409783e-07,0.12484296544178924,0.062421548982783605
2013-05-17 14:00:00,1.247104120307303e-07,1.0729526375353294e-06,0.1170163607729298,0.058508242741670914
2013-05-17 15:00:00,3.4131013807838157e-07,3.0055686450373166e-06,0.09671306329323741,0.048356702301687746
2013-05-17 16:00:00,6.977295270675884e-07,1.1387847577632678e-05,0.10473476226768852,0.052367729998607795
2013-05-17 17:00:00,1.1297911086851985e-06,1.9940373993506946e-05,0.12530868952942129,0.06265490966026499
2013-05-17 18:00:00,0.014652014652014654,0.2102335928809789,0.13475922694382625,0.07470562079792045
2013-05-17 19:00:00,0.015180265654648957,0.22060470324748044,0.12253689633717137,0.06885858099591016
2013-05-17 20:00:00,0.018264840182648408,0.23735408560311286,0.08969362307813711,0.053979231630392754
2013-05-17 21:00:00,0.019138755980861243,0.24367509986684419,0.06356754549145799,0.04135315073615962
2013-05-17 22:00:00,0.01927710843373494,0.2450066577896139,0.07245617913685953,0.045866643785297236
2013-05-17 23:00:00,0.02110817941952507,0.2529411764705882,0.057215574506333876,0.03916187696292947
2013-05-18 00:00:00,0.017660044150110375,0.23484848484848486,0.05141506749081101,0.0345375558204607
2013-05-18 01:00:00,0.016913319238900635,0.2303921568627451,0.05141506749081101,0.03416419336485582
2013-05-18 02:00:00,0.015564202334630352,0.21925754060324826,0.052516379829716825,0.03404029108217359
2013-05-18 03:00:00,0.013769363166953529,0.20534759358288768,0.07247811014738505,0.04312373665716929
2013-05-18 04:00:00,0.009422850412249705,0.16129032258064516,0.09020654491037754,0.04981469766131362
2013-05-18 05:00:00,2.1235733524530442e-07,1.827026826315495e-06,0.10346607872272229,0.051733145540028766
2013-05-18 06:00:00,2.9716683811047026e-08,2.556685053894395e-07,0.11460580921834367,0.05730291946751374
2013-05-18 07:00:00,3.3914248230320615e-08,1.9674530795231415e-07,0.12453414568034908,0.062267089797298655
2013-05-18 08:00:00,3.611682449177217e-08,1.895910377367268e-07,0.12684703400866032,0.06342353506274241
2013-05-18 09:00:00,3.551020350187423e-08,1.800124772648408e-07,0.11184686501570265,0.055923450262953076
2013-05-18 10:00:00,3.7002337524000185e-08,1.831557019239448e-07,0.1140154710135096,0.057007754007923565
2013-05-18 11:00:00,3.195609147814659e-08,1.7134492029453152e-07,0.11226461278161151,0.056132322368851496
2013-05-18 12:00:00,3.383587540949445e-08,1.7893138360508192e-07,0.11875929478548104,0.059379664310678225
2013-05-18 13:00:00,3.475328216368189e-08,1.869391992786196e-07,0.12484296544178924,0.062421500097535706
2013-05-18 14:00:00,3.461295704895466e-08,1.9679111676152667e-07,0.1170163607729298,0.05850819769294342
2013-05-18 15:00:00,2.5991995331837635e-08,2.1704580831367924e-07,0.09671306329323741,0.04835654464261637
2013-05-18 16:00:00,1.1668943082979771e-07,1.1895429205371788e-06,0.10473476226768852,0.05236743947855967
2013-05-18 17:00:00,6.035848109089505e-07,1.219952162983776e-05,0.12530868952942129,0.0626546465571161
2013-05-18 18:00:00,0.014869888475836432,0.20804597701149427,0.13475922694382625,0.07481455770983134
2013-05-18 19:00:00,0.015414258188824664,0.21764032073310424,0.12253689633717137,0.06897557726299802
2013-05-18 20:00:00,0.016494845360824743,0.2263473053892216,0.08969362307813711,0.053094234219480924
2013-05-18 21:00:00,0.018957345971563982,0.23930481283422458,0.06356754549145799,0.041262445731510985
2013-05-18 22:00:00,0.01909307875894988,0.24230254350736277,0.07245617913685953,0.04577462894790471
2013-05-18 23:00:00,0.018779342723004695,0.24074074074074076,0.057215574506333876,0.037997458614669286
2013-05-19 00:00:00,0.018058690744920995,0.23582474226804126,0.05141506749081101,0.03473687911786601
2013-05-19 01:00:00,0.016985138004246288,0.2292441140024783,0.05141506749081101,0.034200102747528646
2013-05-19 02:00:00,0.015503875968992248,0.21754385964912282,0.052516379829716825,0.034010127899354536
2013-05-19 03:00:00,0.013675213675213675,0.2019438444924406,0.07247811014738505,0.04307666191129936
2013-05-19 04:00:00,0.010025062656641605,0.16564952048823015,0.09020654491037754,0.05011580378350957
2013-05-19 05:00:00,1.3150180425735514e-07,1.2178978109464815e-06,0.10346607872272229,0.05173310511226327
2013-05-19 06:00:00,3.383883896507114e-08,2.911335907154073e-07,0.11460580921834367,0.057302921528591316
2013-05-19 07:00:00,2.1269222866623745e-08,1.4531608633037088e-07,0.12453414568034908,0.062267083474785975
2013-05-19 08:00:00,3.164025919658147e-08,1.7673350300098727e-07,0.12684703400866032,0.06342353282445976
2013-05-19 09:00:00,3.1601836745100984e-08,1.670683557145425e-07,0.11184686501570265,0.0559234483087697
2013-05-19 10:00:00,3.2553381088564666e-08,1.6889128917467076e-07,0.1140154710135096,0.057007751783445346
2013-05-19 11:00:00,3.369340728961359e-08,1.7988005597867342e-07,0.11226461278161151,0.0561323232375094
2013-05-19 12:00:00,3.4345539898492446e-08,2.004380417506205e-07,0.11875929478548104,0.05937966456551047
2013-05-19 13:00:00,3.630353047840514e-08,2.48032254481828e-07,0.12484296544178924,0.06242150087265986
2013-05-19 14:00:00,5.568686414998298e-08,3.804683018048176e-07,0.1170163607729298,0.058508208229896976
2013-05-19 15:00:00,6.382078986056136e-08,5.329351758485018e-07,0.09671306329323741,0.048356563557013635
2013-05-19 16:00:00,1.485358082699787e-07,1.277932143419393e-06,0.10473476226768852,0.05236745540174839
2013-05-19 17:00:00,6.411679515405262e-07,1.1316465067289163e-05,0.12530868952942129,0.06265466534868641
2013-05-19 18:00:00,0.014209591474245118,0.20247469066366702,0.13475922694382625,0.07448440920903568
2013-05-19 19:00:00,0.01622718052738337,0.2177121771217712,0.12253689633717137,0.06938203843227737
2013-05-19 20:00:00,0.017582417582417582,0.23116219667943805,0.08969362307813711,0.05363802033027734
2013-05-19 21:00:00,0.01818181818181818,0.2356770833333333,0.06356754549145799,0.04087468183663809
2013-05-19 22:00:00,0.018561484918793506,0.2381578947368421,0.07245617913685953,0.04550883202782652
2013-05-19 23:00:00,0.0186046511627907,0.2382198952879581,0.057215574506333876,0.03791011283456229
2013-05-20 00:00:00,0.018223234624145785,0.23704663212435234,0.05141506749081101,0.0348191510574784
2013-05-20 01:00:00,0.01762114537444934,0.23282442748091606,0.05141506749081101,0.034518106432630175
2013-05-20 02:00:00,0.016494845360824743,0.22627737226277375,0.052516379829716825,0.03450561259527078
2013-05-20 03:00:00,0.01492537313432836,0.21322690992018245,0.07247811014738505,0.0437017416408567
2013-05-20 04:00:00,0.010349288486416558,0.16918967052537848,0.09020654491037754,0.05027791669839705
2013-05-20 05:00:00,2.5276046816167535e-07,3.597734693545678e-06,0.10346607872272229,0.05173316574159523
2013-05-20 06:00:00,5.2049272506277197e-08,4.3463660858965374e-07,0.11460580921834367,0.057302930633808084
2013-05-20 07:00:00,2.090414773061541e-08,1.534010409911015e-07,0.12453414568034908,0.06226708329224841
2013-05-20 08:00:00,2.9727456302422882e-08,1.747740372365019e-07,0.12684703400866032,0.06342353186805831
2013-05-20 09:00:00,2.8499932825658334e-08,1.6526170044116982e-07,0.11184686501570265,0.05592344675781774
2013-05-20 10:00:00,2.8070750380094336e-08,1.6075908678383414e-07,0.1140154710135096,0.05700774954212999
2013-05-20 11:00:00,2.550046858386046e-08,1.530573147604291e-07,0.11226461278161151,0.05613231914104005
2013-05-20 12:00:00,1.725949026880022e-08,1.173115686946849e-07,0.11875929478548104,0.059379656022485655
2013-05-20 13:00:00,1.9110181778724503e-08,1.3056499248963563e-07,0.12484296544178924,0.062421492275985514
2013-05-20 14:00:00,2.091403959547758e-08,1.7464234623461155e-07,0.1170163607729298,0.0585081908434847
2013-05-20 15:00:00,3.9084055390900407e-08,3.4862330104831843e-07,0.09671306329323741,0.0483565511886464
2013-05-20 16:00:00,1.6384537895203757e-07,3.109509057494589e-06,0.10473476226768852,0.05236746305653374
2013-05-20 17:00:00,6.921807370427012e-07,1.4515543092476685e-05,0.12530868952942129,0.06265469085507916
2013-05-20 18:00:00,0.31088011088011086,0.3297284680619311,0.13475922694382625,0.22281966891196855
2013-05-20 19:00:00,0.31178441776040217,0.3302809736244815,0.12253689633717137,0.21716065704878676
2013-05-20 20:00:00,0.315808644973288,0.33188514018057164,0.08969362307813711,0.20275113402571254
2013-05-20 21:00:00,0.02564102564102564,0.28197226502311246,0.06356754549145799,0.04460428556624181
2013-05-20 22:00:00,0.026315789473684213,0.2841091492776886,0.07245617913685953,0.04938598430527187
2013-05-20 23:00:00,0.02203856749311295,0.26441631504922647,0.057215574506333876,0.039627070999723416
2013-05-21 00:00:00,0.023054755043227668,0.2667660208643815,0.05141506749081101,0.03723491126701934
2013-05-21 01:00:00,0.021739130434782608,0.2572254335260115,0.05141506749081101,0.03657709896279681
2013-05-21 02:00:00,0.019801980198019802,0.2462380300957592,0.052516379829716825,0.036159180013868315
2013-05-21 03:00:00,0.017505470459518602,0.23155216284987282,0.07247811014738505,0.04499179030345182
2013-05-21 04:00:00,0.01149425287356322,0.1797101449275362,0.09020654491037754,0.05085039889197038
2013-05-21 05:00:00,2.562616328767018e-07,4.595932653099635e-06,0.10346607872272229,0.05173316749217758
2013-05-21 06:00:00,4.717641646412023e-08,4.1543385178928897e-07,0.11460580921834367,0.05730292819738007
2013-05-21 07:00:00,1.867143654653259e-08,1.5591548524581922e-07,0.12453414568034908,0.062267082175892816
2013-05-21 08:00:00,1.5864974345622558e-08,1.2846559889781014e-07,0.12684703400866032,0.06342352493681733
2013-05-21 09:00:00,1.5329517169263623e-08,1.2412976163753657e-07,0.11184686501570265,0.05592344017260991
2013-05-21 10:00:00,1.5610856239021276e-08,1.2640788310528977e-07,0.1140154710135096,0.05700774331218292
2013-05-21 11:00:00,1.5282043562137582e-08,1.2761238355674528e-07,0.11226461278161151,0.056132314031827536
2013-05-21 12:00:00,1.622559566298049e-08,1.3549150442400702e-07,0.11875929478548104,0.05937965550553835
2013-05-21 13:00:00,1.9449917561200255e-08,1.6733787034860643e-07,0.12484296544178924,0.062421492445853405
2013-05-21 14:00:00,3.8810445109426924e-08,2.577956426393492e-07,0.1170163607729298,0.058508199791687455
2013-05-21 15:00:00,7.379181037826716e-08,6.255333780735968e-07,0.09671306329323741,0.048356568542523896
2013-05-21 16:00:00,1.665710132623008e-07,3.3825213048262442e-06,0.10473476226768852,0.05236746441935089
2013-05-21 17:00:00,6.934125718992995e-07,1.4146594513332145e-05,0.12530868952942129,0.06265469147099659
2013-05-21 18:00:00,0.020100502512562814,0.2565104166666667,0.13475922694382625,0.07742986472819453
2013-05-21 19:00:00,0.015597920277296362,0.27714748784440846,0.12253689633717137,0.06906740830723386
2013-05-21 20:00:00,0.023529411764705882,0.28211920529801326,0.08969362307813711,0.056611517421421495
2013-05-21 21:00:00,0.02666666666666667,0.29538904899135443,0.06356754549145799,0.04511710607906233
2013-05-21 22:00:00,0.030769230769230774,0.30870279146141216,0.07245617913685953,0.05161270495304515
2013-05-21 23:00:00,0.02132701421800948,0.28108108108108104,0.057215574506333876,0.03927129436217168
2013-05-22 00:00:00,0.30149942329873125,0.3284232099397976,0.05141506749081101,0.17645724539477115
2013-05-22 01:00:00,0.018711018711018712,0.2926829268292683,0.05141506749081101,0.03506304310091486
2013-05-22 02:00:00,0.01778656126482214,0.2925064599483204,0.052516379829716825,0.035151470547269484
2013-05-22 03:00:00,0.31121245478848875,0.33094217478785753,0.07247811014738505,0.1918452824679369
2013-05-22 04:00:00,2.4181204272335175e-06,0.0001117461291079702,0.09020654491037754,0.04510448151540238
2013-05-22 05:00:00,2.70498853986522e-07,7.6204904492895156e-06,0.10346607872272229,0.051733174610788135
2013-05-22 06:00:00,6.75805281125423e-08,5.643299553112239e-07,0.11460580921834367,0.05730293839943589
2013-05-22 07:00:00,1.972562406499309e-08,1.697099622802638e-07,0.12453414568034908,0.06226708270298657
2013-05-22 08:00:00,1.6035360407072374e-08,1.2172997231848256e-07,0.12684703400866032,0.06342352502201036
2013-05-22 09:00:00,1.536097020379358e-08,1.1272343017988863e-07,0.11184686501570265,0.05592344018833643
2013-05-22 10:00:00,1.5264943938704696e-08,1.1201875747140971e-07,0.1140154710135096,0.05700774313922677
2013-05-22 11:00:00,1.4399710001360338e-08,1.0566940747967638e-07,0.11226461278161151,0.05613231359066076
2013-05-22 12:00:00,1.4709460357067836e-08,1.0794245095126668e-07,0.11875929478548104,0.0593796547474707
2013-05-22 13:00:00,1.678337912426577e-08,1.3165538796192735e-07,0.12484296544178924,0.06242149111258419
2013-05-22 14:00:00,1.8997617318835873e-08,1.5863926506985767e-07,0.1170163607729298,0.05850818988527356
2013-05-22 15:00:00,5.4505226715126415e-08,5.447944589465896e-07,0.09671306329323741,0.048356558899232065
2013-05-22 16:00:00,1.689694543591444e-07,0.0739448451721438,0.10473476226768852,0.05236746561857144
2013-05-22 17:00:00,7.34254643426365e-07,0.18631434126265983,0.12530868952942129,0.06265471189203235
2013-05-22 18:00:00,0.3413657020775791,0.3413755190090696,0.13475922694382625,0.23806246451070268
2013-05-22 19:00:00,0.3413647586895217,0.341375097621522,0.12253689633717137,0.23195082751334653
2013-05-22 20:00:00,0.3413638635051075,0.3413746442190158,0.08969362307813711,0.2155287432916223
2013-05-22 21:00:00,0.34136303221045905,0.3413742268801137,0.06356754549145799,0.20246528885095852
2013-05-22 22:00:00,0.34136719715555813,0.34137627580857355,0.07245617913685953,0.20691168814620883
2013-05-22 23:00:00,0.32832665776591013,0.3386709367493995,0.057215574506333876,0.192771116136122
2013-05-23 00:00:00,0.32643935159306875,0.3376695781453261,0.05141506749081101,0.18892720954193987
2013-05-23 01:00:00,0.023809523809523808,0.30168946098149635,0.05141506749081101,0.03761229565016741
2013-05-23 02:00:00,0.02097902097902098,0.2905457340507302,0.052516379829716825,0.0367477004043689
2013-05-23 03:00:00,0.01878914405010439,0.27545382794001577,0.07247811014738505,0.04563362709874472
2013-05-23 04:00:00,1.8737832120266905e-06,3.856217455263137e-05,0.09020654491037754,0.04510420934679478
2013-05-23 05:00:00,4.0437156211160677e-07,2.489746507653037e-05,0.10346607872272229,0.0517332415471422
2013-05-23 06:00:00,1.179803602813454e-07,1.0926687924747008e-06,0.11460580921834367,0.057302963599351976
2013-05-23 07:00:00,5.8604914121677454e-08,3.8927927977727617e-07,0.12453414568034908,0.0622671021426316
2013-05-23 08:00:00,3.806393914520116e-08,2.6006163788302854e-07,0.12684703400866032,0.06342353603629973
2013-05-23 09:00:00,3.256737720831379e-08,2.2250797190436342e-07,0.11184686501570265,0.05592344879153993
2013-05-23 10:00:00,3.184689068031424e-08,2.1758558444894234e-07,0.1140154710135096,0.05700775143020014
2013-05-23 11:00:00,2.5863942540596283e-08,1.7670871188675327e-07,0.11226461278161151,0.05613231932277703
2013-05-23 12:00:00,2.3046958662260486e-08,1.5746206240286853e-07,0.11875929478548104,0.05937965891621985
2013-05-23 13:00:00,3.045959601092602e-08,2.620601224499046e-07,0.12484296544178924,0.06242149795069263
2013-05-23 14:00:00,6.700450449507257e-08,4.450728930211095e-07,0.1170163607729298,0.05850821388871715
2013-05-23 15:00:00,1.6551020274404e-07,1.3067042092837565e-06,0.09671306329323741,0.04835661440172007
2013-05-23 16:00:00,5.373282534718271e-07,2.9503145280013397e-05,0.10473476226768852,0.052367649797971
2013-05-23 17:00:00,1.4027090363762974e-06,7.890248185568228e-05,0.12530868952942129,0.06265504611922883
2013-05-23 18:00:00,0.01914893617021277,0.3035204567078973,0.13475922694382625,0.07695408155701951
2013-05-23 19:00:00,0.021028037383177576,0.30879446640316205,0.12253689633717137,0.07178246686017448
2013-05-23 20:00:00,0.022332506203473948,0.3120890237733941,0.08969362307813711,0.05601306464080553
2013-05-23 21:00:00,0.024657534246575345,0.31188443860801046,0.06356754549145799,0.04411253986901667
2013-05-23 22:00:00,0.02313624678663239,0.3137254901960785,0.07245617913685953,0.047796212961745965
2013-05-23 23:00:00,0.32148997134670476,0.336250394197414,0.057215574506333876,0.1893527729265193
2013-05-24 00:00:00,0.022443890274314218,0.3102690829214718,0.05141506749081101,0.036929478882562615
2013-05-24 01:00:00,0.021377672209026134,0.3077333333333334,0.05141506749081101,0.03639636984991857
2013-05-24 02:00:00,0.26192893401015227,0.316793893129771,0.052516379829716825,0.15722265691993453
2013-05-24 03:00:00,0.01982378854625551,0.2840735068912711,0.07247811014738505,0.04615094934682028
2013-05-24 04:00:00,0.01578947368421053,0.27863436123348023,0.09020654491037754,0.052998009297294035
2013-05-24 05:00:00,9.446814486920938e-07,4.079393604514741e-05,0.10346607872272229,0.05173351170208549
2013-05-24 06:00:00,2.690208622540101e-07,2.8591213885935693e-06,0.11460580921834367,0.05730303911960296
2013-05-24 07:00:00,6.778798960532189e-08,4.502770387373593e-07,0.12453414568034908,0.062267106734169346
2013-05-24 08:00:00,3.979888192205039e-08,3.4241078421556384e-07,0.12684703400866032,0.06342353690377112
2013-05-24 09:00:00,5.20640045716361e-08,4.347596391811184e-07,0.11184686501570265,0.05592345853985361
2013-05-24 10:00:00,6.193691729103037e-08,5.172033024465267e-07,0.1140154710135096,0.057007766475213446
2013-05-24 11:00:00,5.673174970814352e-08,4.7373760914160846e-07,0.11226461278161151,0.05613233475668061
2013-05-24 12:00:00,6.208775669794957e-08,5.18462887625243e-07,0.11875929478548104,0.05937967843661887
2013-05-24 13:00:00,8.600394947336772e-08,7.399378839556722e-07,0.12484296544178924,0.06242152572286936
2013-05-24 14:00:00,7.923976262382031e-08,5.263446711534593e-07,0.1170163607729298,0.058508220006346215
2013-05-24 15:00:00,9.387131635577957e-08,7.838709459958384e-07,0.09671306329323741,0.048356578582276884
2013-05-24 16:00:00,2.1507560137826588e-07,2.822256962158059e-06,0.10473476226768852,0.05236748867164495
2013-05-24 17:00:00,7.579655866779968e-07,1.7836913076055577e-05,0.12530868952942129,0.06265472374750398
2013-05-24 18:00:00,0.015050167224080268,0.2333051563820795,0.13475922694382625,0.07490469708395325
2013-05-24 19:00:00,0.014400000000000001,0.25278323510150624,0.12253689633717137,0.06846844816858569
2013-05-24 20:00:00,0.013761467889908258,0.2864844050827879,0.08969362307813711,0.05172754548402268
2013-05-24 21:00:00,0.022922636103151865,0.27375886524822696,0.06356754549145799,0.04324509079730493
2013-05-24 22:00:00,0.02197802197802198,0.2673130193905818,0.07245617913685953,0.04721710055744076
2013-05-24 23:00:00,0.022535211267605635,0.2676258992805755,0.057215574506333876,0.03987539288696976
2013-05-25 00:00:00,0.020887728459530026,0.25895316804407714,0.05141506749081101,0.036151397975170516
2013-05-25 01:00:00,0.01918465227817746,0.2463958060288336,0.05141506749081101,0.03529985988449424
2013-05-25 02:00:00,0.01705756929637527,0.23133414932680538,0.052516379829716825,0.034786974563046046
2013-05-25 03:00:00,0.01470588235294118,0.21235955056179776,0.07247811014738505,0.04359199625016311
2013-05-25 04:00:00,1.8382627497883125e-06,3.296768852546519e-05,0.09020654491037754,0.04510419158656366
2013-05-25 05:00:00,4.093035156891593e-07,4.172472988342022e-06,0.10346607872272229,0.05173324401311899
2013-05-25 06:00:00,1.485097551008794e-07,1.1273899454900198e-06,0.11460580921834367,0.057302978864049385
2013-05-25 07:00:00,5.7764372079036234e-08,4.092766110446597e-07,0.12453414568034908,0.06226710172236058
2013-05-25 08:00:00,3.7539679910911835e-08,2.564856651444179e-07,0.12684703400866032,0.06342353577417012
2013-05-25 09:00:00,2.8230826340283185e-08,1.9219080224505335e-07,0.11184686501570265,0.0559234466232645
2013-05-25 10:00:00,3.002695429606294e-08,2.0515757480860108e-07,0.1140154710135096,0.05700775052023195
2013-05-25 11:00:00,3.313345100420753e-08,2.263830627973285e-07,0.11226461278161151,0.05613232295753126
2013-05-25 12:00:00,3.82466769661568e-08,2.6132004057003306e-07,0.11875929478548104,0.059379666516079004
2013-05-25 13:00:00,4.396697546676477e-08,3.004044913097209e-07,0.12484296544178924,0.062421504704382354
2013-05-25 14:00:00,5.773663277147827e-08,3.944744416283677e-07,0.1170163607729298,0.058508209254781285
2013-05-25 15:00:00,6.328269887716664e-08,5.444551470803945e-07,0.09671306329323741,0.04835656328796814
2013-05-25 16:00:00,2.4694406039307837e-07,6.0612760010775336e-06,0.10473476226768852,0.05236750460587446
2013-05-25 17:00:00,8.296276631047986e-07,0.00035917870412825525,0.12530868952942129,0.06265475957854219
2013-05-25 18:00:00,0.3184634448574969,0.33314415437003403,0.13475922694382625,0.22661133590066157
2013-05-25 19:00:00,0.31920679886685555,0.333607855559075,0.12253689633717137,0.22087184760201345
2013-05-25 20:00:00,0.2675675675675676,0.31483957219251335,0.08969362307813711,0.17863059532285236
2013-05-25 21:00:00,0.031496062992125984,0.31239388794567063,0.06356754549145799,0.047531804241791986
2013-05-25 22:00:00,0.02393617021276596,0.27577937649880097,0.07245617913685953,0.04819617467481275
2013-05-25 23:00:00,0.018828451882845192,0.2602611940298507,0.057215574506333876,0.03802201319458953
2013-05-26 00:00:00,0.025,0.28313253012048195,0.05141506749081101,0.0382075337454055
2013-05-26 01:00:00,0.020833333333333336,0.26266666666666666,0.05141506749081101,0.03612420041207218
2013-05-26 02:00:00,0.019417475728155345,0.25000000000000006,0.052516379829716825,0.035966927778936085
2013-05-26 03:00:00,0.014925373134328361,0.22052401746724892,0.07247811014738505,0.0437017416408567
2013-05-26 04:00:00,0.01230769230769231,0.19306930693069305,0.09020654491037754,0.051257118609034924
2013-05-26 05:00:00,4.6734409751415e-07,4.139069176558796e-06,0.10346607872272229,0.0517332730334099
2013-05-26 06:00:00,9.523677401681761e-08,6.988787262014623e-07,0.11460580921834367,0.057302952227558844
2013-05-26 07:00:00,4.248726571671939e-08,2.902842319131905e-07,0.12453414568034908,0.0622670940838074
2013-05-26 08:00:00,3.019413956107725e-08,1.9133121491884598e-07,0.12684703400866032,0.06342353210139993
2013-05-26 09:00:00,2.956474108190179e-08,1.6699584640508784e-07,0.11184686501570265,0.05592344729022187
2013-05-26 10:00:00,3.1344327816031615e-08,1.725303248884042e-07,0.1140154710135096,0.05700775117891871
2013-05-26 11:00:00,3.347730994415036e-08,1.8237971114066396e-07,0.11226461278161151,0.056132323129460725
2013-05-26 12:00:00,3.539897774832058e-08,1.9264494582535158e-07,0.11875929478548104,0.059379665092229396
2013-05-26 13:00:00,3.6943539324310306e-08,2.106259151598502e-07,0.12484296544178924,0.062421501192664285
2013-05-26 14:00:00,4.4899104080283904e-08,2.6661306756552794e-07,0.1170163607729298,0.05850820283601694
2013-05-26 15:00:00,4.348127431092399e-08,2.9707438178078466e-07,0.09671306329323741,0.04835655338725586
2013-05-26 16:00:00,9.529345619836288e-08,6.510662276502981e-07,0.10473476226768852,0.05236742878057236
2013-05-26 17:00:00,6.269580247422715e-07,0.0002937830538959807,0.12530868952942129,0.06265465824372302
2013-05-26 18:00:00,0.3413361638625964,0.3413526951071502,0.13475922694382625,0.23804769540321133
2013-05-26 19:00:00,0.3413633342758252,0.34137412976374876,0.12253689633717137,0.23195011530649828
2013-05-26 20:00:00,0.3413602088952545,0.3413693584743056,0.08969362307813711,0.2155269159866958
2013-05-26 21:00:00,0.32529601722282026,0.33688558941507524,0.06356754549145799,0.19443178135713912
2013-05-26 22:00:00,0.3237729509180367,0.33656206461885485,0.07245617913685953,0.19811456502744812
2013-05-26 23:00:00,0.32507739938080493,0.3368569848196178,0.057215574506333876,0.1911464869435694
2013-05-27 00:00:00,0.32453502617217955,0.3366164901195565,0.05141506749081101,0.1879750468314953
2013-05-27 01:00:00,0.32281748307904096,0.335782747603834,0.05141506749081101,0.18711627528492597
2013-05-27 02:00:00,0.020134228187919465,0.2897196261682243,0.052516379829716825,0.03632530400881814
2013-05-27 03:00:00,0.015597920277296364,0.28929384965831434,0.07247811014738505,0.04403801521234071
2013-05-27 04:00:00,0.020512820512820516,0.2605820105820106,0.09020654491037754,0.05535968271159902
2013-05-27 05:00:00,4.1588026308169563e-07,7.892668236071127e-06,0.10346607872272229,0.05173324730149269
2013-05-27 06:00:00,1.267700875633955e-07,1.212568305127455e-06,0.11460580921834367,0.057302967994215616
2013-05-27 07:00:00,3.951594911784134e-08,3.3997675578920673e-07,0.12453414568034908,0.0622670925981491
2013-05-27 08:00:00,2.4148321890852243e-08,1.6498586098668987e-07,0.12684703400866032,0.06342352907849111
2013-05-27 09:00:00,2.712654601532514e-08,1.6663203908891402e-07,0.11184686501570265,0.05592344607112433
2013-05-27 10:00:00,2.8071720138349784e-08,1.6374023051495198e-07,0.1140154710135096,0.05700774954261487
2013-05-27 11:00:00,2.8742972103795847e-08,1.676915029355298e-07,0.11226461278161151,0.056132320762291806
2013-05-27 12:00:00,1.989334092427857e-08,1.3591276703825856e-07,0.11875929478548104,0.05937965733941098
2013-05-27 13:00:00,2.276499069515152e-08,1.7281700795865524e-07,0.12484296544178924,0.06242149410338997
2013-05-27 14:00:00,2.6949358490283998e-08,2.2504021980182903e-07,0.1170163607729298,0.05850819386114415
2013-05-27 15:00:00,4.867993583546338e-08,3.4183049100818125e-07,0.09671306329323741,0.04835655598658662
2013-05-27 16:00:00,1.6008375902439676e-07,2.1874493060522153e-06,0.10473476226768852,0.05236746117572377
2013-05-27 17:00:00,5.800881643773917e-07,1.3455361885872205e-05,0.12530868952942129,0.06265463480879283
2013-05-27 18:00:00,0.014681892332789562,0.24231057764441108,0.13475922694382625,0.0747205596383079
2013-05-27 19:00:00,0.014040561622464899,0.2704626334519573,0.12253689633717137,0.06828872897981814
2013-05-27 20:00:00,0.015761821366024522,0.24780876494023907,0.08969362307813711,0.05272772222208082
2013-05-27 21:00:00,0.020304568527918784,0.25654450261780104,0.06356754549145799,0.04193605700968839
2013-05-27 22:00:00,0.023952095808383235,0.2750759878419453,0.07245617913685953,0.04820413747262138
2013-05-27 23:00:00,0.022988505747126436,0.2688330871491876,0.057215574506333876,0.04010204012673016
2013-05-28 00:00:00,0.022408963585434177,0.26483357452966716,0.05141506749081101,0.036912015538122595
2013-05-28 01:00:00,0.021390374331550804,0.25884016973125884,0.05141506749081101,0.03640272091118091
2013-05-28 02:00:00,0.019950124688279305,0.25203252032520324,0.052516379829716825,0.03623325225899807
2013-05-28 03:00:00,0.016,0.22779043280182235,0.07247811014738505,0.044239055073692524
2013-05-28 04:00:00,1.4737725593128978e-06,3.118536989414734e-05,0.09020654491037754,0.04510400934146842
2013-05-28 05:00:00,3.247919017686381e-07,6.256446759857109e-06,0.10346607872272229,0.051733201757312025
2013-05-28 06:00:00,1.0789071938920733e-07,1.0319851850172525e-06,0.11460580921834367,0.057302958554531526
2013-05-28 07:00:00,4.982095593959209e-08,3.3093233415217334e-07,0.12453414568034908,0.06226709775065251
2013-05-28 08:00:00,2.985073171456862e-08,2.1150046466652088e-07,0.12684703400866032,0.06342353192969602
2013-05-28 09:00:00,2.4678331318690344e-08,1.7485253483626082e-07,0.11184686501570265,0.05592344484701699
2013-05-28 10:00:00,2.21200976637704e-08,1.567267466708944e-07,0.1140154710135096,0.05700774656680364
2013-05-28 11:00:00,1.748612985608041e-08,1.2389382668964267e-07,0.11226461278161151,0.05613231513387068
2013-05-28 12:00:00,1.803371200481726e-08,1.2777359103775955e-07,0.11875929478548104,0.059379656409596526
2013-05-28 13:00:00,1.964459805181378e-08,1.3918712422862932e-07,0.12484296544178924,0.062421492543193645
2013-05-28 14:00:00,2.2250205234038896e-08,1.857999839862935e-07,0.1170163607729298,0.05850819151156752
2013-05-28 15:00:00,4.8299326148087305e-08,3.813232618233421e-07,0.09671306329323741,0.04835655579628178
2013-05-28 16:00:00,1.5394725113755472e-07,3.999415669788505e-06,0.10473476226768852,0.05236745810746983
2013-05-28 17:00:00,4.983061639164423e-07,1.0024358244840788e-05,0.12530868952942129,0.0626545939177926
2013-05-28 18:00:00,0.015779092702169626,0.23578947368421052,0.13475922694382625,0.07526915982299794
2013-05-28 19:00:00,0.017021276595744685,0.24645583424209377,0.12253689633717137,0.06977908646645803
2013-05-28 20:00:00,0.017817371937639204,0.24827586206896554,0.08969362307813711,0.053755497507888154
2013-05-28 21:00:00,0.019704433497536946,0.25838509316770186,0.06356754549145799,0.04163598949449747
2013-05-28 22:00:00,0.01937046004842615,0.2552404438964242,0.07245617913685953,0.045913319592642846
2013-05-28 23:00:00,0.023188405797101453,0.2723279648609078,0.057215574506333876,0.040201990151717666
2013-05-29 00:00:00,0.022099447513812157,0.26551226551226553,0.05141506749081101,0.03675725750231158
2013-05-29 01:00:00,0.020833333333333336,0.2573426573426573,0.05141506749081101,0.03612420041207218
2013-05-29 02:00:00,0.019138755980861247,0.2456608811748999,0.052516379829716825,0.035827567905289036
2013-05-29 03:00:00,0.01720430107526882,0.23333333333333334,0.07247811014738505,0.044841205611326936
2013-05-29 04:00:00,2.2212535088864023e-06,4.573719827412685e-05,0.09020654491037754,0.045104383081943214
2013-05-29 05:00:00,2.584855891537637e-07,4.586754287572815e-06,0.10346607872272229,0.05173316860415572
2013-05-29 06:00:00,1.0706391471245728e-07,1.1514084502272541e-06,0.11460580921834367,0.057302958141129186
2013-05-29 07:00:00,3.634848433272189e-08,3.242224122150228e-07,0.12453414568034908,0.06226709101441671
2013-05-29 08:00:00,3.4415042475504286e-08,3.097292922394297e-07,0.12684703400866032,0.0634235342118514
2013-05-29 09:00:00,1.5749029347948713e-07,1.4172793118951465e-06,0.11184686501570265,0.05592351125299806
2013-05-29 10:00:00,9.048408988086262e-05,0.0007794007274406791,0.1140154710135096,0.057052977551695236
2013-05-29 11:00:00,0.005494505494505494,0.028938906752411578,0.11226461278161151,0.0588795591380585
2013-05-29 12:00:00,7.234145165179648e-05,0.0006253184492102459,0.11875929478548104,0.05941581811856642
2013-05-29 13:00:00,2.4250738277350747e-08,2.025054178943839e-07,0.12484296544178924,0.06242149484626376
2013-05-29 14:00:00,2.4148768196690492e-08,2.0776460192384768e-07,0.1170163607729298,0.058508192460849
2013-05-29 15:00:00,5.4214183998408184e-08,4.774080666603896e-07,0.09671306329323741,0.048356558753710706
2013-05-29 16:00:00,1.6664106990399165e-07,2.498430060870137e-06,0.10473476226768852,0.05236746445437921
2013-05-29 17:00:00,6.990839126732342e-07,1.4092764709735925e-05,0.12530868952942129,0.06265469430666698
2013-05-29 18:00:00,0.013412816691505217,0.2805725971370143,0.13475922694382625,0.07408602181766573
2013-05-29 19:00:00,0.015202702702702704,0.2552447552447552,0.12253689633717137,0.06886979951993703
2013-05-29 20:00:00,0.018218623481781382,0.24803149606299216,0.08969362307813711,0.053956123279959245
2013-05-29 21:00:00,0.023121387283236997,0.2747875354107649,0.06356754549145799,0.04334446638734749
2013-05-29 22:00:00,0.022284122562674095,0.27045769764216365,0.07245617913685953,0.04737015084976681
2013-05-29 23:00:00,0.02373887240356083,0.274888558692422,0.057215574506333876,0.04047722345494735
2013-05-30 00:00:00,0.022727272727272728,0.2663755458515284,0.05141506749081101,0.03707117010904187
2013-05-30 01:00:00,0.021220159151193636,0.2605042016806723,0.05141506749081101,0.03631761332100232
2013-05-30 02:00:00,0.019138755980861247,0.2467191601049869,0.052516379829716825,0.035827567905289036
2013-05-30 03:00:00,0.015384615384615387,0.2235817575083426,0.07247811014738505,0.043931362766000216
2013-05-30 04:00:00,0.014625228519195614,0.21117318435754193,0.09020654491037754,0.05241588671478657
2013-05-30 05:00:00,9.733591597963734e-07,1.7733622699258725e-05,0.10346607872272229,0.051733526040941044
2013-05-30 06:00:00,5.413716191342385e-07,5.753631157721004e-06,0.11460580921834367,0.0573031752949814
2013-05-30 07:00:00,2.0648418145334308e-07,1.371558592943903e-06,0.12453414568034908,0.062267176082265265
2013-05-30 08:00:00,9.336059587213593e-08,8.032308021814047e-07,0.12684703400866032,0.06342356368462809
2013-05-30 09:00:00,6.367353508844763e-08,5.478171283951389e-07,0.11184686501570265,0.05592346434461887
2013-05-30 10:00:00,5.453680996528587e-08,4.6920902701862913e-07,0.1140154710135096,0.05700776277515979
2013-05-30 11:00:00,6.023395954096984e-08,5.182246659394247e-07,0.11226461278161151,0.05613233650778553
2013-05-30 12:00:00,7.724812912756066e-08,6.646066856656868e-07,0.11875929478548104,0.059379686016805086
2013-05-30 13:00:00,8.851536454123476e-08,7.615447155090688e-07,0.12484296544178924,0.06242152697857689
2013-05-30 14:00:00,9.700829647287535e-08,8.346138314217037e-07,0.1170163607729298,0.05850822889061314
2013-05-30 15:00:00,2.148549417603452e-07,1.892005932417222e-06,0.09671306329323741,0.04835663907408958
2013-05-30 16:00:00,5.440549147268729e-07,9.65406391434295e-06,0.10473476226768852,0.052367653161301625
2013-05-30 17:00:00,1.2297596926584578e-06,2.1704708836582093e-05,0.12530868952942129,0.06265495964455697
2013-05-30 18:00:00,0.018561484918793506,0.23663101604278078,0.13475922694382625,0.07666035593130988
2013-05-30 19:00:00,0.021220159151193636,0.2550432276657061,0.12253689633717137,0.0718785277441825
2013-05-30 20:00:00,0.023391812865497078,0.26981707317073167,0.08969362307813711,0.05654271797181709
2013-05-30 21:00:00,0.025078369905956115,0.27838258164852253,0.06356754549145799,0.044322957698707054
2013-05-30 22:00:00,0.014263074484944537,0.26813541106931765,0.07245617913685953,0.04335962681090204
2013-05-30 23:00:00,0.02017937219730942,0.2557628979143798,0.057215574506333876,0.03869747335182165
2013-05-31 00:00:00,0.02359882005899705,0.27641099855282203,0.05141506749081101,0.03750694377490403
2013-05-31 01:00:00,0.02380952380952381,0.2755102040816327,0.05141506749081101,0.03761229565016741
2013-05-31 02:00:00,0.021917808219178082,0.2647462277091907,0.052516379829716825,0.03721709402444745
2013-05-31 03:00:00,0.01578947368421053,0.23695844385499562,0.07247811014738505,0.04413379191579779
2013-05-31 04:00:00,0.24053826745163998,0.2989144155516283,0.09020654491037754,0.16537240618100876
2013-05-31 05:00:00,6.253641769199032e-07,1.246166406415692e-05,0.10346607872272229,0.0517333520434496
2013-05-31 06:00:00,1.8200161297109483e-07,1.7684962183747974e-06,0.11460580921834367,0.05730299560997832
2013-05-31 07:00:00,7.259146421653376e-08,6.245435665702916e-07,0.12453414568034908,0.06226710913590665
2013-05-31 08:00:00,5.4686610630512016e-08,4.013075652177379e-07,0.12684703400866032,0.06342354434763547
2013-05-31 09:00:00,3.999256351612272e-08,2.732387425334477e-07,0.11184686501570265,0.05592345250413308
2013-05-31 10:00:00,3.514974235473186e-08,2.4015144483781346e-07,0.1140154710135096,0.05700775308162598
2013-05-31 11:00:00,3.9842207857542115e-08,2.72217321694302e-07,0.11226461278161151,0.05613232631190968
2013-05-31 12:00:00,5.2733713974655685e-08,3.6029867318812604e-07,0.11875929478548104,0.05937967375959751
2013-05-31 13:00:00,6.857956877029999e-08,4.6855436228449766e-07,0.12484296544178924,0.06242151701067901
2013-05-31 14:00:00,8.002369981893838e-08,6.682378761602128e-07,0.1170163607729298,0.05850822039831481
2013-05-31 15:00:00,1.334537709131234e-07,9.117861812776309e-07,0.09671306329323741,0.04835659837350416
2013-05-31 16:00:00,3.650118314529479e-07,0.0001694069041206775,0.10473476226768852,0.05236756363975999
2013-05-31 17:00:00,9.312738522515409e-07,0.00014832382302023422,0.12530868952942129,0.06265481040163677
2013-05-31 18:00:00,0.3413599509328762,0.3413723877832407,0.13475922694382625,0.23805958893835122
2013-05-31 19:00:00,0.34136087969052803,0.34137291318401164,0.12253689633717137,0.2319488880138497
2013-05-31 20:00:00,0.3413644041687375,0.3413747272773571,0.08969362307813711,0.2155290136234373
2013-05-31 21:00:00,0.3256508239789826,0.3374273639725303,0.06356754549145799,0.1946091847352203
2013-05-31 22:00:00,0.3250352278064819,0.33708523096942095,0.07245617913685953,0.19874570347167073
2013-05-31 23:00:00,0.02368421052631579,0.3029612756264236,0.057215574506333876,0.04044989251632483
2013-06-01 00:00:00,0.023255813953488372,0.29302736098852605,0.06927757564845934,0.046266694800973854
2013-06-01 01:00:00,0.02031602708803612,0.27877237851662406,0.06914605448571799,0.044731040786877056
2013-06-01 02:00:00,0.022792022792022793,0.2777777777777778,0.07139943794191365,0.04709573036696822
2013-06-01 03:00:00,0.01769911504424779,0.24709976798143854,0.07562300466507245,0.04666105985466012
2013-06-01 04:00:00,1.760549432266822e-06,3.6084069868782616e-05,0.08816930909326273,0.0440855348213475
2013-06-01 05:00:00,2.854649388869522e-07,2.3837711128982172e-06,0.110956903780596,0.05547859462276744
2013-06-01 06:00:00,7.796819104421104e-08,5.178986437137144e-07,0.11499361416851821,0.057496846068354625
2013-06-01 07:00:00,2.7079828056451222e-08,2.261297426524982e-07,0.12243638877541228,0.06121820792762017
2013-06-01 08:00:00,3.35524194481902e-08,1.9384338198519832e-07,0.12960377773509696,0.0648019056437582
2013-06-01 09:00:00,3.333434706786583e-08,1.9676671046572183e-07,0.12335906800165358,0.06167955066800033
2013-06-01 10:00:00,3.331414068672659e-08,2.080951125995718e-07,0.11954633028871699,0.059773181801428835
2013-06-01 11:00:00,3.560996040029964e-08,2.2711369224794266e-07,0.11805129752413643,0.05902566656704841
2013-06-01 12:00:00,3.6963477435244764e-08,2.3307047098906673e-07,0.12046183522852344,0.060230936096000436
2013-06-01 13:00:00,3.832615280085225e-08,2.444480373276137e-07,0.11820614094815515,0.05910308963715398
2013-06-01 14:00:00,2.978804672807201e-08,2.0351878859828048e-07,0.12505005178038542,0.06252504078421607
2013-06-01 15:00:00,3.9944888835771064e-08,3.3355936528868445e-07,0.10006207009862307,0.050031055021755956
2013-06-01 16:00:00,1.846593202760181e-07,0.07921719528148896,0.10359734138310288,0.05179876302121158
2013-06-01 17:00:00,5.978968142503206e-07,0.15985010849025194,0.12477044909541403,0.06238552349611414
2013-06-01 18:00:00,0.34136580393082316,0.34137667531681637,0.13246177643902182,0.23691379018492248
2013-06-01 19:00:00,0.34136791412980977,0.3413779058211679,0.12839543455326952,0.23488167434153964
2013-06-01 20:00:00,0.34136921750104066,0.3413785945728842,0.10754918120114093,0.2244591993510908
2013-06-01 21:00:00,0.3413697140260323,0.34137896161236203,0.08194632773509437,0.21165802088056332
2013-06-01 22:00:00,0.34137023939358485,0.34137922431698975,0.08450585205393368,0.21293804572375927
2013-06-01 23:00:00,0.3413644542222201,0.3413767373619716,0.07745905577265795,0.20941175499743903
2013-06-02 00:00:00,0.34136411287228874,0.34137661170069067,0.06927757564845934,0.20532084426037403
2013-06-02 01:00:00,0.341363864618222,0.3413764872833289,0.06914605448571799,0.20525495955196998
2013-06-02 02:00:00,0.3413626587642445,0.34137589025652215,0.07139943794191365,0.20638104835307908
2013-06-02 03:00:00,0.34136225754439403,0.3413754603017465,0.07562300466507245,0.20849263110473323
2013-06-02 04:00:00,0.21915568735662397,0.25355229838341653,0.08816930909326273,0.15366249822494335
2013-06-02 05:00:00,2.9818823808422405e-07,2.7918354658177475e-06,0.110956903780596,0.055478600984417044
2013-06-02 06:00:00,8.273428653894956e-08,6.071307803246753e-07,0.11499361416851821,0.05749684845140237
2013-06-02 07:00:00,6.348792367634186e-08,4.337832168695016e-07,0.12243638877541228,0.06121822613166798
2013-06-02 08:00:00,4.5929580491612774e-08,3.1381722601332805e-07,0.12960377773509696,0.06480191183233873
2013-06-02 09:00:00,2.8383116594493767e-08,1.9300097683512926e-07,0.12335906800165358,0.06167954819238509
2013-06-02 10:00:00,2.8871311307435602e-08,1.9264638770898925e-07,0.11954633028871699,0.05977317958001415
2013-06-02 11:00:00,3.061365312600298e-08,1.9816254732112456e-07,0.11805129752413643,0.05902566406889478
2013-06-02 12:00:00,3.1824403971346157e-08,2.1599406102729797e-07,0.12046183522852344,0.060230933526463706
2013-06-02 13:00:00,4.473454098401943e-08,3.056507591634692e-07,0.11820614094815515,0.05910309284134807
2013-06-02 14:00:00,4.2715686809153855e-08,2.918559888724608e-07,0.12505005178038542,0.06252504724803612
2013-06-02 15:00:00,5.2282845944220104e-08,4.233575964422828e-07,0.10006207009862307,0.050031061190734506
2013-06-02 16:00:00,2.3547976804928876e-07,0.09495560550717702,0.10359734138310288,0.05179878843143546
2013-06-02 17:00:00,7.026520547829701e-07,0.1736133258584029,0.12477044909541403,0.0623855758737344
2013-06-02 18:00:00,0.32212658227848096,0.3347159090909091,0.13246177643902182,0.2272941793587514
2013-06-02 19:00:00,0.32296960637767813,0.33512695476710946,0.12839543455326952,0.22568252046547382
2013-06-02 20:00:00,0.32015044449509916,0.334159832157162,0.10754918120114093,0.21384981284812005
2013-06-02 21:00:00,0.0253968253968254,0.29396325459317585,0.08194632773509437,0.05367157656595989
2013-06-02 22:00:00,0.02985074626865672,0.3057851239669422,0.08450585205393368,0.0571782991612952
2013-06-02 23:00:00,0.02777777777777778,0.296,0.07745905577265795,0.05261841677521786
2013-06-03 00:00:00,0.02580645161290323,0.2865947611710324,0.06927757564845934,0.04754201363068128
2013-06-03 01:00:00,0.023668639053254437,0.27474150664697194,0.06914605448571799,0.04640734676948621
2013-06-03 02:00:00,0.021276595744680854,0.26147426981919336,0.07139943794191365,0.046338016843297254
2013-06-03 03:00:00,0.018561484918793506,0.24289405684754525,0.07562300466507245,0.047092244791932976
2013-06-03 04:00:00,2.310972555467674e-06,4.407623126732761e-05,0.08816930909326273,0.0440858100329091
2013-06-03 05:00:00,2.391607776563805e-07,4.62964370852072e-06,0.110956903780596,0.05547857147068683
2013-06-03 06:00:00,7.00662218283691e-08,6.170006727115783e-07,0.11499361416851821,0.057496842117370016
2013-06-03 07:00:00,2.836108547479067e-08,2.1529899130700185e-07,0.12243638877541228,0.06121820856824888
2013-06-03 08:00:00,2.232848646644757e-08,1.525533386221881e-07,0.12960377773509696,0.06480190003179172
2013-06-03 09:00:00,2.8640108643006257e-08,1.7600638233039855e-07,0.12335906800165358,0.061679548320881114
2013-06-03 10:00:00,2.7607354002787497e-08,1.7104646231982322e-07,0.11954633028871699,0.059773178948035494
2013-06-03 11:00:00,2.8334449757877877e-08,1.7009865804065715e-07,0.11805129752413643,0.05902566292929309
2013-06-03 12:00:00,3.0091273150633235e-08,1.7599978535848399e-07,0.12046183522852344,0.0602309326598983
2013-06-03 13:00:00,3.054805626231029e-08,1.8454594234325446e-07,0.11820614094815515,0.05910308574810571
2013-06-03 14:00:00,2.6589685862626533e-08,1.9512326801438396e-07,0.12505005178038542,0.06252503918503564
2013-06-03 15:00:00,5.473629013299003e-08,3.739701951571773e-07,0.10006207009862307,0.050031062417456605
2013-06-03 16:00:00,2.3013242484552614e-07,0.09338890314441614,0.10359734138310288,0.05179878575776386
2013-06-03 17:00:00,7.991218183963702e-07,0.09905775142741122,0.12477044909541403,0.062385624108616214
2013-06-03 18:00:00,0.34136410297062536,0.3413745314127916,0.13246177643902182,0.23691293970482358
2013-06-03 19:00:00,0.34136526907784737,0.3413751864130139,0.12839543455326952,0.23488035181555844
2013-06-03 20:00:00,0.3413682100312271,0.3413766997905658,0.10754918120114093,0.224458695616184
2013-06-03 21:00:00,0.34120409439449223,0.3413151966236062,0.08194632773509437,0.2115752110647933
2013-06-03 22:00:00,0.3274336283185841,0.3384492192713199,0.08450585205393368,0.20596974018625888
2013-06-03 23:00:00,0.32727491574386136,0.3384390955506929,0.07745905577265795,0.20236698575825965
2013-06-04 00:00:00,0.32645380599732915,0.3380432598941941,0.06927757564845934,0.19786569082289424
2013-06-04 01:00:00,0.3258319367967441,0.33756781791716295,0.06914605448571799,0.19748899564123104
2013-06-04 02:00:00,0.3245467557251908,0.33685670872696044,0.07139943794191365,0.19797309683355224
2013-06-04 03:00:00,0.3223040695568168,0.33561414100758036,0.07562300466507245,0.1989635371109446
2013-06-04 04:00:00,1.4541771805023276e-06,0.0006578030772892294,0.08816930909326273,0.04408538163522162
2013-06-04 05:00:00,3.1896952146987396e-07,8.507890564157604e-05,0.110956903780596,0.05547861137505874
2013-06-04 06:00:00,9.235521233239101e-08,8.833866768014022e-07,0.11499361416851821,0.05749685326186527
2013-06-04 07:00:00,4.3113035351266256e-08,3.6001479333514434e-07,0.12243638877541228,0.06121821594422382
2013-06-04 08:00:00,4.1192327857536504e-08,3.2312884114198156e-07,0.12960377773509696,0.0648019094637124
2013-06-04 09:00:00,4.4938653121157986e-08,3.5251652048773143e-07,0.12335906800165358,0.06167955647015335
2013-06-04 10:00:00,4.6589292618929815e-08,3.65464806570265e-07,0.11954633028871699,0.0597731884390048
2013-06-04 11:00:00,3.86203532763345e-08,3.029532646507662e-07,0.11805129752413643,0.05902566807224485
2013-06-04 12:00:00,4.236013861253998e-08,3.3228962591037585e-07,0.12046183522852344,0.06023093879433103
2013-06-04 13:00:00,4.410827988720807e-08,3.6832553530507963e-07,0.11820614094815515,0.05910309252821752
2013-06-04 14:00:00,3.712767485869424e-08,3.100340665432318e-07,0.12505005178038542,0.06252504445403013
2013-06-04 15:00:00,5.486037930603404e-08,3.644063457262933e-07,0.10006207009862307,0.05003106247950119
2013-06-04 16:00:00,2.044854938217889e-07,0.01286496944929728,0.10359734138310288,0.05179877293429835
2013-06-04 17:00:00,5.903898698544571e-07,1.294733735268482e-05,0.12477044909541403,0.06238551974264194
2013-06-04 18:00:00,0.2673415823022122,0.31406384814495253,0.13246177643902182,0.19990167937061704
2013-06-04 19:00:00,0.27371469949312094,0.317375154766818,0.12839543455326952,0.20105506702319523
2013-06-04 20:00:00,0.018404907975460127,0.279749478079332,0.10754918120114093,0.06297704458830053
2013-06-04 21:00:00,0.016697588126159558,0.2941964285714285,0.08194632773509437,0.049321957930626964
2013-06-04 22:00:00,0.028469750889679717,0.30188679245283023,0.08450585205393368,0.0564878014718067
2013-06-04 23:00:00,0.02684563758389262,0.29331306990881456,0.07745905577265795,0.052152346678275285
2013-06-05 00:00:00,0.025316455696202535,0.28571428571428575,0.06927757564845934,0.04729701567233094
2013-06-05 01:00:00,0.025157232704402517,0.28441754916792744,0.06914605448571799,0.04715164359506026
2013-06-05 02:00:00,0.022099447513812157,0.2664835164835165,0.07139943794191365,0.046749442727862904
2013-06-05 03:00:00,0.01769911504424779,0.24626006904487918,0.07562300466507245,0.04666105985466012
2013-06-05 04:00:00,1.8414126335637966e-06,4.069171567921696e-05,0.08816930909326273,0.04408557525294815
2013-06-05 05:00:00,3.7565197530747743e-07,8.459967213349537e-06,0.110956903780596,0.05547863971628565
2013-06-05 06:00:00,1.2038839221542975e-07,1.020532924425592e-06,0.11499361416851821,0.05749686727845521
2013-06-05 07:00:00,3.6990255324127667e-08,2.9952650942991356e-07,0.12243638877541228,0.06121821288283381
2013-06-05 08:00:00,2.7196769168872166e-08,1.85814563837199e-07,0.12960377773509696,0.06480190246593306
2013-06-05 09:00:00,2.1805244726839482e-08,1.48974557633983e-07,0.12335906800165358,0.06167954490344915
2013-06-05 10:00:00,2.473090956790089e-08,1.597115595038777e-07,0.11954633028871699,0.05977317750981328
2013-06-05 11:00:00,2.561169630849145e-08,1.648336060607095e-07,0.11805129752413643,0.05902566156791637
2013-06-05 12:00:00,2.1727405035976487e-08,1.4844631876798396e-07,0.12046183522852344,0.06023092847796424
2013-06-05 13:00:00,2.5283473884586054e-08,1.8553787538838676e-07,0.11820614094815515,0.05910308311581452
2013-06-05 14:00:00,3.024140778349926e-08,2.3722560401350218e-07,0.12505005178038542,0.0625250410108966
2013-06-05 15:00:00,8.915779805381307e-08,8.460344442280729e-07,0.10006207009862307,0.05003107962821056
2013-06-05 16:00:00,2.289650390992149e-07,1.10659779289553e-05,0.10359734138310288,0.05179878517407099
2013-06-05 17:00:00,6.816072450306099e-07,1.431531322853949e-05,0.12477044909541403,0.06238556535132953
2013-06-05 18:00:00,0.017045454545454548,0.28906250000000006,0.13246177643902182,0.07475361549223819
2013-06-05 19:00:00,0.01886792452830189,0.2963163596966414,0.12839543455326952,0.0736316795407857
2013-06-05 20:00:00,0.020044543429844103,0.3002207505518764,0.10754918120114093,0.06379686231549252
2013-06-05 21:00:00,0.021028037383177572,0.29975278121137205,0.08194632773509437,0.05148718255913597
2013-06-05 22:00:00,0.019823788546255508,0.3079350766456267,0.08450585205393368,0.052164820300094596
2013-06-05 23:00:00,0.25625680087051145,0.31427668982943774,0.07745905577265795,0.1668579283215847
2013-06-06 00:00:00,0.018987341772151903,0.29760000000000003,0.06927757564845934,0.04413245871030562
2013-06-06 01:00:00,0.028673835125448032,0.3027522935779816,0.06914605448571799,0.048909944805583014
2013-06-06 02:00:00,0.02684563758389262,0.29253731343283584,0.07139943794191365,0.04912253776290314
2013-06-06 03:00:00,0.02255639097744361,0.26783625730994154,0.07562300466507245,0.04908969782125803
2013-06-06 04:00:00,1.189818799850929e-06,3.602676377100465e-05,0.08816930909326273,0.04408524945603129
2013-06-06 05:00:00,2.401136153597585e-07,6.723983767574079e-06,0.110956903780596,0.05547857194710568
2013-06-06 06:00:00,6.111425190832613e-08,5.660062159730518e-07,0.11499361416851821,0.05749683764138506
2013-06-06 07:00:00,2.352023776514276e-08,1.8450205036235817e-07,0.12243638877541228,0.06121820614782503
2013-06-06 08:00:00,2.8825925253107486e-08,1.7197617523597727e-07,0.12960377773509696,0.06480190328051111
2013-06-06 09:00:00,2.853149887461782e-08,1.638985715511051e-07,0.12335906800165358,0.06167954826657623
2013-06-06 10:00:00,2.6746603825461543e-08,1.5972771134225708e-07,0.11954633028871699,0.059773178517660404
2013-06-06 11:00:00,2.7728307396459456e-08,1.6708424836454688e-07,0.11805129752413643,0.059025662626221914
2013-06-06 12:00:00,2.720792763554647e-08,1.7237118902144147e-07,0.12046183522852344,0.060230931218225536
2013-06-06 13:00:00,2.516867754053092e-08,1.7195432477896018e-07,0.11820614094815515,0.05910308305841635
2013-06-06 14:00:00,3.407845767443629e-08,2.500783240999386e-07,0.12505005178038542,0.06252504292942154
2013-06-06 15:00:00,4.224729530351041e-08,3.5278561499336297e-07,0.10006207009862307,0.050031056172959186
2013-06-06 16:00:00,2.3436910964511151e-07,0.08759732287471904,0.10359734138310288,0.05179878787610626
2013-06-06 17:00:00,5.995828901694055e-07,3.6814529764420886e-05,0.12477044909541403,0.0623855243391521
2013-06-06 18:00:00,0.24595842956120093,0.30910326086956524,0.13246177643902182,0.18921010300011137
2013-06-06 19:00:00,0.23654390934844188,0.3086627417998318,0.12839543455326952,0.1824696719508557
2013-06-06 20:00:00,0.23861171366594358,0.3102267864783911,0.10754918120114093,0.17308044743354226
2013-06-06 21:00:00,0.2565445026178011,0.3161962365591398,0.08194632773509437,0.16924541517644773
2013-06-06 22:00:00,0.24033731553056922,0.3104738154613466,0.08450585205393368,0.16242158379225147
2013-06-06 23:00:00,0.0310077519379845,0.314900153609831,0.07745905577265795,0.05423340385532122
2013-06-07 00:00:00,0.03053435114503817,0.3127889060092449,0.06927757564845934,0.049905963396748756
2013-06-07 01:00:00,0.02952029520295203,0.30851063829787223,0.06914605448571799,0.04933317484433501
2013-06-07 02:00:00,0.24488667772249859,0.3073154800783801,0.07139943794191365,0.1581430578322061
2013-06-07 03:00:00,0.016697588126159558,0.2833425567238516,0.07562300466507245,0.046160296395616
2013-06-07 04:00:00,1.4746145111898665e-06,5.720900638900234e-05,0.08816930909326273,0.04408539185388696
2013-06-07 05:00:00,2.3086609981685654e-07,7.847575394217498e-06,0.110956903780596,0.05547856732334791
2013-06-07 06:00:00,5.588501448142792e-08,5.175759457851925e-07,0.11499361416851821,0.05749683502676634
2013-06-07 07:00:00,2.144988050593318e-08,1.5740583631422446e-07,0.12243638877541228,0.0612182051126464
2013-06-07 08:00:00,2.9473483625372492e-08,1.707747265042755e-07,0.12960377773509696,0.06480190360429029
2013-06-07 09:00:00,2.913101511887061e-08,1.6348606643677742e-07,0.12335906800165358,0.06167954856633435
2013-06-07 10:00:00,2.7240424586691482e-08,1.5698573435746174e-07,0.11954633028871699,0.059773178764570785
2013-06-07 11:00:00,2.8208960356227265e-08,1.6313110606527132e-07,0.11805129752413643,0.059025662866548395
2013-06-07 12:00:00,2.8943547771190526e-08,1.7028976108403285e-07,0.12046183522852344,0.0602309320860356
2013-06-07 13:00:00,2.9267956315584978e-08,1.8115645692805967e-07,0.11820614094815515,0.05910308510805574
2013-06-07 14:00:00,2.654048987498447e-08,1.8132993174499595e-07,0.12505005178038542,0.06252503916043764
2013-06-07 15:00:00,3.750666024519304e-08,3.1319894972433654e-07,0.10006207009862307,0.05003105380264166
2013-06-07 16:00:00,2.3255156319300364e-07,0.08709178014947694,0.10359734138310288,0.05179878696733303
2013-06-07 17:00:00,6.33863346387162e-07,1.4221497579297946e-05,0.12477044909541403,0.062385541479380205
2013-06-07 18:00:00,0.01666666666666667,0.23603192702394524,0.13246177643902182,0.07456422155284424
2013-06-07 19:00:00,0.01777777777777778,0.24096385542168675,0.12839543455326952,0.07308660616552365
2013-06-07 20:00:00,0.01830663615560641,0.2482100238663484,0.10754918120114093,0.06292790867837367
2013-06-07 21:00:00,0.018058690744920995,0.24584323040380043,0.08194632773509437,0.05000250924000768
2013-06-07 22:00:00,0.022535211267605635,0.2651851851851852,0.08450585205393368,0.05352053166076966
2013-06-07 23:00:00,0.022598870056497175,0.26229508196721313,0.07745905577265795,0.05002896291457756
2013-06-08 00:00:00,0.021220159151193636,0.2539454806312769,0.06927757564845934,0.04524886739982649
2013-06-08 01:00:00,0.01951219512195122,0.24316939890710382,0.06914605448571799,0.04432912480383461
2013-06-08 02:00:00,0.017391304347826087,0.22998729351969505,0.07139943794191365,0.04439537114486987
2013-06-08 03:00:00,0.014925373134328361,0.2103448275862069,0.07562300466507245,0.045274188899700404
2013-06-08 04:00:00,1.7158154863500448e-06,3.060910656739548e-05,0.08816930909326273,0.04408551245437454
2013-06-08 05:00:00,1.7982655369243255e-07,1.8916746365649358e-06,0.110956903780596,0.055478541803574845
2013-06-08 06:00:00,3.1277982716912756e-08,2.216129782448634e-07,0.11499361416851821,0.05749682272325046
2013-06-08 07:00:00,2.8075934584457503e-08,1.7353720492737942e-07,0.12243638877541228,0.06121820842567344
2013-06-08 08:00:00,2.961930455946246e-08,1.6620336248238684e-07,0.12960377773509696,0.06480190367720076
2013-06-08 09:00:00,3.4334912487518403e-08,1.746975960349081e-07,0.12335906800165358,0.06167955116828303
2013-06-08 10:00:00,3.437604273996311e-08,1.7440629819124585e-07,0.11954633028871699,0.05977318233237986
2013-06-08 11:00:00,3.093326080927226e-08,1.6899831027352436e-07,0.11805129752413643,0.05902566422869862
2013-06-08 12:00:00,3.2074574154699455e-08,1.830829223443817e-07,0.12046183522852344,0.060230933651548794
2013-06-08 13:00:00,3.2180848473385605e-08,1.9976239077464133e-07,0.11820614094815515,0.05910308656450181
2013-06-08 14:00:00,3.1920921577435333e-08,2.1108664755853004e-07,0.12505005178038542,0.0625250418506535
2013-06-08 15:00:00,4.3759628941685044e-08,3.6541437536166335e-07,0.10006207009862307,0.05003105692912601
2013-06-08 16:00:00,2.3896392252800254e-07,0.09596592078598327,0.10359734138310288,0.0517987901735127
2013-06-08 17:00:00,5.74043256455547e-07,0.00024067414308101998,0.12477044909541403,0.06238551156933524
2013-06-08 18:00:00,0.3208718947881149,0.334752923680119,0.13246177643902182,0.22666683561356837
2013-06-08 19:00:00,0.32035640849897185,0.3351465699607132,0.12839543455326952,0.22437592152612068
2013-06-08 20:00:00,0.3229644317759326,0.3360290590089781,0.10754918120114093,0.21525680648853676
2013-06-08 21:00:00,0.32179520926559624,0.3356628084734658,0.08194632773509437,0.2018707685003453
2013-06-08 22:00:00,0.02238805970149254,0.298932384341637,0.08450585205393368,0.053446955877713115
2013-06-08 23:00:00,0.021276595744680854,0.2947368421052632,0.07745905577265795,0.0493678257586694
2013-06-09 00:00:00,0.02777777777777778,0.30422535211267604,0.06927757564845934,0.048527676713118556
2013-06-09 01:00:00,0.026785714285714288,0.29,0.06914605448571799,0.04796588438571614
2013-06-09 02:00:00,0.303766010323074,0.32809996795898755,0.07139943794191365,0.18758272413249383
2013-06-09 03:00:00,0.017441860465116282,0.24718045112781953,0.07562300466507245,0.046532432565094366
2013-06-09 04:00:00,0.011056511056511058,0.19593613933236576,0.08816930909326273,0.0496129100748869
2013-06-09 05:00:00,1.3562173860233553e-07,1.194282180504756e-06,0.110956903780596,0.0554785197011673
2013-06-09 06:00:00,2.9990520896060385e-08,2.504355282532598e-07,0.11499361416851821,0.057496822079519554
2013-06-09 07:00:00,1.9399249724963906e-08,1.3253965251372424e-07,0.12243638877541228,0.061218204087331
2013-06-09 08:00:00,3.130394713556362e-08,1.704515216617685e-07,0.12960377773509696,0.06480190451952204
2013-06-09 09:00:00,3.056368512790337e-08,1.5978519567200374e-07,0.12335906800165358,0.06167954928266935
2013-06-09 10:00:00,3.1127479969129427e-08,1.591844483114212e-07,0.11954633028871699,0.05977318070809848
2013-06-09 11:00:00,3.358959469597011e-08,1.6859182925319251e-07,0.11805129752413643,0.059025665556865566
2013-06-09 12:00:00,3.4076478089670826e-08,1.779498035371557e-07,0.12046183522852344,0.06023093465250076
2013-06-09 13:00:00,3.6630770587234845e-08,1.9939887148362398e-07,0.11820614094815515,0.05910308878946287
2013-06-09 14:00:00,3.496632643692866e-08,2.1205395745933726e-07,0.12505005178038542,0.06252504337335593
2013-06-09 15:00:00,3.6226203806714706e-08,3.0250650288145694e-07,0.10006207009862307,0.050031053162413436
2013-06-09 16:00:00,1.556809052076612e-07,1.437890818231967e-06,0.10359734138310288,0.051798748532004044
2013-06-09 17:00:00,6.276350866842509e-07,1.1911384067094444e-05,0.12477044909541403,0.062385538365250355
2013-06-09 18:00:00,0.014010507880910685,0.20476706392199354,0.13246177643902182,0.07323614215996625
2013-06-09 19:00:00,0.016064257028112452,0.2219598583234947,0.12839543455326952,0.07222984579069099
2013-06-09 20:00:00,0.017582417582417582,0.23383084577114435,0.10754918120114093,0.06256579939177925
2013-06-09 21:00:00,0.018561484918793503,0.24040920716112532,0.08194632773509437,0.05025390632694394
2013-06-09 22:00:00,0.018735362997658083,0.241956241956242,0.08450585205393368,0.051620607525795885
2013-06-09 23:00:00,0.02015113350125945,0.24896836313617607,0.07745905577265795,0.0488050946369587
2013-06-10 00:00:00,0.020997375328083993,0.2524964336661911,0.06927757564845934,0.04513747548827166
2013-06-10 01:00:00,0.020202020202020207,0.2479108635097493,0.06914605448571799,0.0446740373438691
2013-06-10 02:00:00,0.01900237529691212,0.23994638069705093,0.07139943794191365,0.04520090661941289
2013-06-10 03:00:00,0.015325670498084292,0.22072072072072074,0.07562300466507245,0.04547433758157837
2013-06-10 04:00:00,1.8271589824734344e-06,3.450220085898344e-05,0.08816930909326273,0.044085568126122604
2013-06-10 05:00:00,2.210657291416471e-07,4.195455092866084e-06,0.110956903780596,0.05547856242316257
2013-06-10 06:00:00,7.596008336684258e-08,8.155324699639803e-07,0.11499361416851821,0.057496845064300785
2013-06-10 07:00:00,3.531814878030115e-08,2.68112303900449e-07,0.12243638877541228,0.06121821204678053
2013-06-10 08:00:00,2.462196405874045e-08,1.6354963033624713e-07,0.12960377773509696,0.0648019011785305
2013-06-10 09:00:00,1.6997844644969278e-08,1.2043423544267632e-07,0.12335906800165358,0.061679542499749114
2013-06-10 10:00:00,1.763745657716982e-08,1.2496604661355828e-07,0.11954633028871699,0.05977317396308678
2013-06-10 11:00:00,2.1439034289848714e-08,1.4647631371676247e-07,0.11805129752413643,0.059025659481585356
2013-06-10 12:00:00,2.8130986537663214e-08,1.9931561140878864e-07,0.12046183522852344,0.06023093167975499
2013-06-10 13:00:00,3.587018779908562e-08,2.9953340864026814e-07,0.11820614094815515,0.05910308840917147
2013-06-10 14:00:00,5.0025451073551816e-08,3.322905864849102e-07,0.12505005178038542,0.06252505090291825
2013-06-10 15:00:00,6.702039045784591e-08,5.494771063925047e-07,0.10006207009862307,0.050031068559506765
2013-06-10 16:00:00,1.6718081035130082e-07,2.0464653284274643e-06,0.10359734138310288,0.05179875428195661
2013-06-10 17:00:00,5.264957832952717e-07,1.4521414156593601e-05,0.12477044909541403,0.06238548779559866
2013-06-10 18:00:00,0.015177065767284996,0.27212389380530977,0.13246177643902182,0.07381942110315341
2013-06-10 19:00:00,0.01704545454545455,0.28146853146853146,0.12839543455326952,0.07272044454936204
2013-06-10 20:00:00,0.01995565410199557,0.2783588093322607,0.10754918120114093,0.06375241765156825
2013-06-10 21:00:00,0.018442622950819675,0.2903040734366035,0.08194632773509437,0.050194475342957026
2013-06-10 22:00:00,0.020270270270270275,0.2808988764044944,0.08450585205393368,0.05238806116210198
2013-06-10 23:00:00,0.01956521739130435,0.2789432789432789,0.07745905577265795,0.04851213658198115
2013-06-11 00:00:00,0.023255813953488372,0.27838427947598254,0.06927757564845934,0.046266694800973854
2013-06-11 01:00:00,0.02184466019417476,0.27067669172932335,0.06914605448571799,0.04549535733994638
2013-06-11 02:00:00,0.023952095808383235,0.2782608695652174,0.07139943794191365,0.04767576687514845
2013-06-11 03:00:00,0.020997375328083993,0.2605156037991859,0.07562300466507245,0.04831018999657822
2013-06-11 04:00:00,1.3574906333146299e-06,2.7136097490265927e-05,0.08816930909326273,0.044085333291948026
2013-06-11 05:00:00,3.662027960590537e-07,7.99235152808375e-06,0.110956903780596,0.05547863499169603
2013-06-11 06:00:00,1.3814961957462958e-07,1.363364291421089e-06,0.11499361416851821,0.05749687615906889
2013-06-11 07:00:00,5.445630462421155e-08,4.5473690128633355e-07,0.12243638877541228,0.06121822161585845
2013-06-11 08:00:00,3.407994928903546e-08,2.3284257047262826e-07,0.12960377773509696,0.06480190590752312
2013-06-11 09:00:00,2.9558692853908153e-08,2.0195293877204268e-07,0.12335906800165358,0.06167954878017322
2013-06-11 10:00:00,2.782894077003273e-08,1.9013480092611707e-07,0.11954633028871699,0.05977317905882888
2013-06-11 11:00:00,2.795071115693164e-08,1.9096682905472035e-07,0.11805129752413643,0.059025662737423795
2013-06-11 12:00:00,2.414233451304851e-08,1.649447423200552e-07,0.12046183522852344,0.06023092968542897
2013-06-11 13:00:00,2.3821572420545948e-08,1.627544652501314e-07,0.11820614094815515,0.05910308238486379
2013-06-11 14:00:00,2.506249165210174e-08,2.0928397540314612e-07,0.12505005178038542,0.06252503842143854
2013-06-11 15:00:00,4.1827474133785426e-08,2.857743119280912e-07,0.10006207009862307,0.050031055963048604
2013-06-11 16:00:00,1.5774037819622755e-07,3.3528795121326144e-06,0.10359734138310288,0.051798749561740534
2013-06-11 17:00:00,4.2789734507348155e-07,9.01398239203807e-06,0.12477044909541403,0.06238543849637955
2013-06-11 18:00:00,0.014754098360655742,0.26057213930348266,0.13246177643902182,0.07360793739983879
2013-06-11 19:00:00,0.015985790408525758,0.26769626769626775,0.12839543455326952,0.07219061248089764
2013-06-11 20:00:00,0.016544117647058827,0.27014531043593126,0.10754918120114093,0.062046649424099876
2013-06-11 21:00:00,0.01995565410199557,0.26582278481012656,0.08194632773509437,0.05095099091854497
2013-06-11 22:00:00,0.025889967637540458,0.28805970149253735,0.08450585205393368,0.05519790984573707
2013-06-11 23:00:00,0.018145161290322582,0.2554945054945055,0.07745905577265795,0.047802108531490264
2013-06-12 00:00:00,0.0272108843537415,0.2894736842105263,0.06927757564845934,0.04824423000110042
2013-06-12 01:00:00,0.025078369905956115,0.27742946708463945,0.06914605448571799,0.047112212195837055
2013-06-12 02:00:00,0.022922636103151865,0.2652757078986587,0.07139943794191365,0.047161037022532756
2013-06-12 03:00:00,0.02046035805626599,0.24965132496513248,0.07562300466507245,0.04804168136066922
2013-06-12 04:00:00,0.009988901220865707,0.18979057591623036,0.08816930909326273,0.04907910515706422
2013-06-12 05:00:00,2.611315482815912e-07,4.708050213288304e-06,0.110956903780596,0.055478582456072144
2013-06-12 06:00:00,3.8015588919493653e-08,2.958044560546009e-07,0.11499361416851821,0.05749682609205356
2013-06-12 07:00:00,1.8612500039629113e-08,1.3187452540183357e-07,0.12243638877541228,0.06121820369395616
2013-06-12 08:00:00,2.9257306207649446e-08,1.6391589388063173e-07,0.12960377773509696,0.06480190349620159
2013-06-12 09:00:00,2.8847765437665314e-08,1.5873083527251951e-07,0.12335906800165358,0.06167954842470951
2013-06-12 10:00:00,2.6224926544417832e-08,1.5101011842739226e-07,0.11954633028871699,0.05977317825682177
2013-06-12 11:00:00,2.7306236990284713e-08,1.5363828431149177e-07,0.11805129752413643,0.05902566241518671
2013-06-12 12:00:00,2.778001201096599e-08,1.579055501403049e-07,0.12046183522852344,0.060230931504267726
2013-06-12 13:00:00,2.812596946701007e-08,1.65007489873307e-07,0.11820614094815515,0.05910308453706231
2013-06-12 14:00:00,2.0418027116977636e-08,1.395004872984522e-07,0.12505005178038542,0.06252503609920627
2013-06-12 15:00:00,2.7480579131220724e-08,2.2947620297353737e-07,0.10006207009862307,0.0500310487896011
2013-06-12 16:00:00,1.5876493329070602e-07,0.06469445639611503,0.10359734138310288,0.05179875007401809
2013-06-12 17:00:00,4.4065149049877056e-07,0.00017467838762857965,0.12477044909541403,0.06238544487345227
2013-06-12 18:00:00,0.018907563025210086,0.280590717299578,0.13246177643902182,0.07568466973211596
2013-06-12 19:00:00,0.021028037383177576,0.2885345482156417,0.12839543455326952,0.07471173596822354
2013-06-12 20:00:00,0.019230769230769235,0.293395675043834,0.10754918120114093,0.06338997521595509
2013-06-12 21:00:00,0.320405138339921,0.3345890410958904,0.08194632773509437,0.2011757330375077
2013-06-12 22:00:00,0.01724137931034483,0.2986171132238548,0.08450585205393368,0.05087361568213926
2013-06-12 23:00:00,0.017612524461839536,0.2847017129356173,0.07745905577265795,0.04753579011724875
2013-06-13 00:00:00,0.030075187969924814,0.30338983050847457,0.06927757564845934,0.04967638180919207
2013-06-13 01:00:00,0.02684563758389262,0.2886762360446571,0.06914605448571799,0.047995846034805306
2013-06-13 02:00:00,0.023529411764705882,0.27191679049034173,0.07139943794191365,0.04746442485330977
2013-06-13 03:00:00,0.020202020202020204,0.25237449118046135,0.07562300466507245,0.04791251243354633
2013-06-13 04:00:00,0.009183673469387756,0.25194621372965326,0.08816930909326273,0.04867649128132524
2013-06-13 05:00:00,2.838420936760513e-07,3.878538503127085e-06,0.110956903780596,0.05547859381134484
2013-06-13 06:00:00,2.869488297638477e-08,2.396163106793635e-07,0.11499361416851821,0.05749682143170059
2013-06-13 07:00:00,1.8427456512170072e-08,1.259004951312087e-07,0.12243638877541228,0.0612182036014344
2013-06-13 08:00:00,2.932405673966477e-08,1.6097578224884634e-07,0.12960377773509696,0.06480190352957685
2013-06-13 09:00:00,2.9258942095939156e-08,1.5373151130897964e-07,0.12335906800165358,0.06167954863029784
2013-06-13 10:00:00,2.747921861193124e-08,1.4330036481990692e-07,0.11954633028871699,0.0597731788839678
2013-06-13 11:00:00,2.8410270634817555e-08,1.45820623760788e-07,0.11805129752413643,0.05902566296720353
2013-06-13 12:00:00,2.894442629628916e-08,1.5106789306118704e-07,0.12046183522852344,0.06023093208647487
2013-06-13 13:00:00,2.8733836869560346e-08,1.5843356941167437e-07,0.11820614094815515,0.05910308484099601
2013-06-13 14:00:00,2.8454161924345876e-08,1.6950724926944416e-07,0.12505005178038542,0.06252504011727367
2013-06-13 15:00:00,2.4626522572723944e-08,1.6825403757344477e-07,0.10006207009862307,0.05003104736257282
2013-06-13 16:00:00,1.3223693438112395e-07,3.067325291676423e-06,0.10359734138310288,0.05179873681001863
2013-06-13 17:00:00,4.3196081942583477e-07,0.14137232164520497,0.12477044909541403,0.062385440528116724
2013-06-13 18:00:00,0.3413679206608237,0.3413765142571323,0.13246177643902182,0.23691484854992279
2013-06-13 19:00:00,0.3413686769419863,0.3413770553863692,0.12839543455326952,0.2348820557476279
2013-06-13 20:00:00,0.34136790139393747,0.3413767637717847,0.10754918120114093,0.2244585412975392
2013-06-13 21:00:00,0.34137161081629513,0.34137862810231434,0.08194632773509437,0.21165896927569475
2013-06-13 22:00:00,0.34136153687419946,0.3413738218679796,0.08450585205393368,0.21293369446406657
2013-06-13 23:00:00,0.3413642231191593,0.34137506336214135,0.07745905577265795,0.20941163944590863
2013-06-14 00:00:00,0.34136466632861756,0.34137538755744096,0.06927757564845934,0.20532112098853844
2013-06-14 01:00:00,0.3413641099419302,0.3413750733104877,0.06914605448571799,0.2052550822138241
2013-06-14 02:00:00,0.3413629661412928,0.3413744435743015,0.07139943794191365,0.20638120204160323
2013-06-14 03:00:00,0.3413700836038166,0.34137780770743403,0.07562300466507245,0.20849654413444452
2013-06-14 04:00:00,0.34135224259295815,0.34136845204987093,0.08816930909326273,0.21476077584311043
2013-06-14 05:00:00,2.7420959996841107e-07,0.00020080677305272504,0.110956903780596,0.055478588995097985
2013-06-14 06:00:00,3.0595904811571146e-08,2.6323290389001257e-07,0.11499361416851821,0.05749682238221151
2013-06-14 07:00:00,2.0544913845657103e-08,1.4556616786062464e-07,0.12243638877541228,0.06121820466016306
2013-06-14 08:00:00,2.8850377097508965e-08,1.6451030819763273e-07,0.12960377773509696,0.06480190329273702
2013-06-14 09:00:00,2.8686601999989736e-08,1.5484873987966703e-07,0.12335906800165358,0.06167954834412779
2013-06-14 10:00:00,2.6532044018677457e-08,1.4617254103882063e-07,0.11954633028871699,0.059773178410380504
2013-06-14 11:00:00,2.7425109658843886e-08,1.507472852800753e-07,0.11805129752413643,0.05902566247462304
2013-06-14 12:00:00,2.8282451678653547e-08,1.5645793059782328e-07,0.12046183522852344,0.060230931755487556
2013-06-14 13:00:00,2.9116077804992464e-08,1.6530457836927512e-07,0.11820614094815515,0.059103085032116476
2013-06-14 14:00:00,2.7928635595941645e-08,1.7277214857677855e-07,0.12505005178038542,0.06252503985451051
2013-06-14 15:00:00,2.821730090756622e-08,2.3562818212736103e-07,0.10006207009862307,0.05003104915796199
2013-06-14 16:00:00,1.4305538810569156e-07,0.0647549422798742,0.10359734138310288,0.05179874221924549
2013-06-14 17:00:00,4.3723541488321174e-07,2.116821086429289e-05,0.12477044909541403,0.06238544316541446
2013-06-14 18:00:00,0.019108280254777073,0.24509803921568624,0.13246177643902182,0.07578502834689944
2013-06-14 19:00:00,0.021077283372365342,0.2576966932725199,0.12839543455326952,0.07473635896281743
2013-06-14 20:00:00,0.02147971360381862,0.2603211009174312,0.10754918120114093,0.06451444740247977
2013-06-14 21:00:00,0.02010050251256282,0.2599502487562189,0.08194632773509437,0.051023415123828596
2013-06-14 22:00:00,0.023391812865497078,0.2768361581920904,0.08450585205393368,0.05394883245971538
2013-06-14 23:00:00,0.027397260273972605,0.2892156862745098,0.07745905577265795,0.052428158023315276
2013-06-15 00:00:00,0.025641025641025644,0.28233438485804413,0.06927757564845934,0.04745930064474249
2013-06-15 01:00:00,0.016393442622950824,0.24369016536118368,0.06914605448571799,0.04276974855433441
2013-06-15 02:00:00,0.015490533562822723,0.24052718286655683,0.07139943794191365,0.04344498575236819
2013-06-15 03:00:00,0.015544041450777204,0.2246445497630332,0.07562300466507245,0.045583523057924825
2013-06-15 04:00:00,0.009864364981504318,0.18408736349453983,0.08816930909326273,0.04901683703738353
2013-06-15 05:00:00,1.8498474589358968e-07,2.0863643292043786e-06,0.110956903780596,0.05547854438267095
2013-06-15 06:00:00,3.0701193774985016e-08,2.1752627534839516e-07,0.11499361416851821,0.057496822434855994
2013-06-15 07:00:00,3.2931859208178694e-08,1.9322568496644628e-07,0.12243638877541228,0.06121821085363575
2013-06-15 08:00:00,3.3548199861745636e-08,1.7848947569529632e-07,0.12960377773509696,0.06480190564164841
2013-06-15 09:00:00,3.309144552931317e-08,1.6814380899072546e-07,0.12335906800165358,0.061679550546549555
2013-06-15 10:00:00,2.9030928447993212e-08,1.53968053556339e-07,0.11954633028871699,0.05977317965982272
2013-06-15 11:00:00,2.98829999866423e-08,1.5895642071963742e-07,0.11805129752413643,0.05902566370356821
2013-06-15 12:00:00,3.079528958535333e-08,1.6776774501808087e-07,0.12046183522852344,0.06023093301190651
2013-06-15 13:00:00,3.060105427976247e-08,1.737636694006149e-07,0.11820614094815515,0.05910308577460471
2013-06-15 14:00:00,3.1189728124650126e-08,1.875788612795963e-07,0.12505005178038542,0.06252504148505678
2013-06-15 15:00:00,3.5498316912383855e-08,2.293389184211823e-07,0.10006207009862307,0.05003105279846999
2013-06-15 16:00:00,1.2157070321114425e-07,1.3579589565738705e-06,0.10359734138310288,0.051798731476903045
2013-06-15 17:00:00,5.251229312782122e-07,0.14887898975347771,0.12477044909541403,0.06238548710917265
2013-06-15 18:00:00,0.34136144853874556,0.3413746268802888,0.13246177643902182,0.2369116124888837
2013-06-15 19:00:00,0.341363064364479,0.34137556071852376,0.12839543455326952,0.23487924945887426
2013-06-15 20:00:00,0.34136393325191255,0.34137605341216004,0.10754918120114093,0.22445655722652674
2013-06-15 21:00:00,0.34136411725252996,0.34137614014961654,0.08194632773509437,0.21165522249381216
2013-06-15 22:00:00,0.3413636539661836,0.34137589504619326,0.08450585205393368,0.21293475301005865
2013-06-15 23:00:00,0.34137028357760396,0.3413788645632026,0.07745905577265795,0.20941466967513095
2013-06-16 00:00:00,0.34136941684736694,0.34137842589233536,0.06927757564845934,0.20532349624791313
2013-06-16 01:00:00,0.3413681134725313,0.3413776855937265,0.06914605448571799,0.20525708397912465
2013-06-16 02:00:00,0.34136634681335276,0.34137671903284733,0.07139943794191365,0.20638289237763321
2013-06-16 03:00:00,0.3413636159925559,0.34137534030113914,0.07562300466507245,0.20849331032881416
2013-06-16 04:00:00,1.6867621891339454e-06,0.24340326929050607,0.08816930909326273,0.04408549792772593
2013-06-16 05:00:00,9.911553017702406e-08,6.771799862765715e-07,0.110956903780596,0.055478501448063086
2013-06-16 06:00:00,3.2306021241467416e-08,2.288969293476928e-07,0.11499361416851821,0.05749682323726973
2013-06-16 07:00:00,3.732163756149129e-08,2.158770657826112e-07,0.12243638877541228,0.06121821304852492
2013-06-16 08:00:00,3.7358298107363866e-08,1.9513181674572682e-07,0.12960377773509696,0.06480190754669753
2013-06-16 09:00:00,3.692316599311427e-08,1.8384412926660858e-07,0.12335906800165358,0.06167955246240979
2013-06-16 10:00:00,3.788467243990349e-08,1.8514862150713955e-07,0.11954633028871699,0.059773184086694714
2013-06-16 11:00:00,4.001078957625573e-08,1.9194704104358793e-07,0.11805129752413643,0.059025668767463
2013-06-16 12:00:00,4.217440491317197e-08,2.0364240999207235e-07,0.12046183522852344,0.060230938701464176
2013-06-16 13:00:00,3.496192506512707e-08,1.902457468431836e-07,0.11820614094815515,0.05910308795504011
2013-06-16 14:00:00,3.5093709035040337e-08,2.0334240998622709e-07,0.12505005178038542,0.06252504343704722
2013-06-16 15:00:00,4.0640527771982365e-08,2.485633063905746e-07,0.10006207009862307,0.050031055369575424
2013-06-16 16:00:00,9.509948848838127e-08,1.0708673157734918e-06,0.10359734138310288,0.051798718241295685
2013-06-16 17:00:00,4.384265261688269e-07,0.1426060016059234,0.12477044909541403,0.0623854437609701
2013-06-16 18:00:00,0.016157989228007184,0.23229461756373937,0.13246177643902182,0.0743098828335145
2013-06-16 19:00:00,0.01995565410199557,0.2527352297592998,0.12839543455326952,0.07417554432763254
2013-06-16 20:00:00,0.021428571428571432,0.2611174458380844,0.10754918120114093,0.06448887631485618
2013-06-16 21:00:00,0.020785219399538108,0.26254002134471716,0.08194632773509437,0.05136577356731624
2013-06-16 22:00:00,0.02255639097744361,0.2681498829039813,0.08450585205393368,0.053531121515688646
2013-06-16 23:00:00,0.022222222222222227,0.26651216685979146,0.07745905577265795,0.04984063899744009
2013-06-17 00:00:00,0.021582733812949645,0.2641723356009071,0.06927757564845934,0.04543015473070449
2013-06-17 01:00:00,0.02031602708803612,0.2573289902280131,0.06914605448571799,0.044731040786877056
2013-06-17 02:00:00,0.018789144050104387,0.24895833333333328,0.07139943794191365,0.04509429099600902
2013-06-17 03:00:00,0.01691729323308271,0.23575638506876231,0.07562300466507245,0.04627014894907758
2013-06-17 04:00:00,0.011494252873563218,0.19427244582043346,0.08816930909326273,0.049831780983412975
2013-06-17 05:00:00,2.2259835779731022e-07,3.2317804417083447e-06,0.110956903780596,0.0554785631894769
2013-06-17 06:00:00,4.090816117815505e-08,3.648941289963166e-07,0.11499361416851821,0.05749682753833969
2013-06-17 07:00:00,1.97582339031496e-08,1.3999232982024916e-07,0.12243638877541228,0.06121820426682309
2013-06-17 08:00:00,2.7372286999195607e-08,1.5791020096038178e-07,0.12960377773509696,0.06480190255369198
2013-06-17 09:00:00,2.6642514575942104e-08,1.4787681832553503e-07,0.12335906800165358,0.061679547322084076
2013-06-17 10:00:00,2.5802755770440146e-08,1.42702182632526e-07,0.11954633028871699,0.059773178045736376
2013-06-17 11:00:00,2.606458087233009e-08,1.4382454096360237e-07,0.11805129752413643,0.05902566179435865
2013-06-17 12:00:00,2.694530047418609e-08,1.5067419251147142e-07,0.12046183522852344,0.06023093108691196
2013-06-17 13:00:00,2.6536214400794903e-08,1.5653174445805447e-07,0.11820614094815515,0.05910308374218478
2013-06-17 14:00:00,1.9588543940434113e-08,1.3383333732520177e-07,0.12505005178038542,0.06252503568446469
2013-06-17 15:00:00,2.703899507087232e-08,2.3263083269214462e-07,0.10006207009862307,0.05003104856880907
2013-06-17 16:00:00,1.443023168169872e-07,6.840370116604089e-06,0.10359734138310288,0.05179874284270985
2013-06-17 17:00:00,4.4205466418507e-07,0.00017929437990567277,0.12477044909541403,0.062385445575039104
2013-06-17 18:00:00,0.31851851851851853,0.3338947060115692,0.13246177643902182,0.22549014747877016
2013-06-17 19:00:00,0.32179887570268584,0.3354972375690608,0.12839543455326952,0.22509715512797768
2013-06-17 20:00:00,0.3218074656188605,0.33571738188123096,0.10754918120114093,0.2146783234100007
2013-06-17 21:00:00,0.26805696846388605,0.31983805668016196,0.08194632773509437,0.1750016480994902
2013-06-17 22:00:00,0.32143790849673204,0.33540417539550677,0.08450585205393368,0.20297188027533286
2013-06-17 23:00:00,0.031746031746031744,0.3161993769470404,0.07745905577265795,0.05460254375934485
2013-06-18 00:00:00,0.030651340996168584,0.3144171779141104,0.06927757564845934,0.04996445832231396
2013-06-18 01:00:00,0.02962962962962963,0.3097744360902255,0.06914605448571799,0.04938784205767381
2013-06-18 02:00:00,0.32007783047549554,0.3343013439589384,0.07139943794191365,0.1957386342087046
2013-06-18 03:00:00,0.016791044776119406,0.286620835536753,0.07562300466507245,0.04620702472059593
2013-06-18 04:00:00,0.2422502870264064,0.2984629502179398,0.08816930909326273,0.16520979805983457
2013-06-18 05:00:00,2.5621501472937416e-07,1.3636339864614267e-05,0.110956903780596,0.055478579997805366
2013-06-18 06:00:00,5.150001413160388e-08,4.535073102055291e-07,0.11499361416851821,0.05749683283426617
2013-06-18 07:00:00,1.989396173566222e-08,1.4598798022563608e-07,0.12243638877541228,0.06121820433468701
2013-06-18 08:00:00,1.5607231329706456e-08,1.0663202205434569e-07,0.12960377773509696,0.06480189667116415
2013-06-18 09:00:00,2.4332757860906287e-08,1.3976501060296196e-07,0.12335906800165358,0.06167954616720572
2013-06-18 10:00:00,2.311772123135217e-08,1.3280799932289563e-07,0.11954633028871699,0.05977317670321911
2013-06-18 11:00:00,2.359380527340423e-08,1.345146141036032e-07,0.11805129752413643,0.05902566055897085
2013-06-18 12:00:00,2.3786559208083915e-08,1.3812524528102006e-07,0.12046183522852344,0.060230929507541324
2013-06-18 13:00:00,1.564917977588893e-08,1.0691849843233129e-07,0.11820614094815515,0.05910307829866746
2013-06-18 14:00:00,1.994137886033438e-08,1.4633593661768734e-07,0.12505005178038542,0.06252503586088214
2013-06-18 15:00:00,5.895191917825505e-08,5.892403635556357e-07,0.10006207009862307,0.050031064525271125
2013-06-18 16:00:00,1.57086682945036e-07,0.0698080986537351,0.10359734138310288,0.05179874923489291
2013-06-18 17:00:00,4.5921228052012837e-07,0.0001911633817057728,0.12477044909541403,0.062385454153847275
2013-06-18 18:00:00,0.34136529993774806,0.3413740390541548,0.13246177643902182,0.23691353818838495
2013-06-18 19:00:00,0.3247435271128481,0.33691563675443303,0.12839543455326952,0.2265694808330588
2013-06-18 20:00:00,0.3253841425937308,0.33730534867975626,0.10754918120114093,0.21646666189743585
2013-06-18 21:00:00,0.3413675868892466,0.3413763230577013,0.08194632773509437,0.2116569573121705
2013-06-18 22:00:00,0.34112618915475224,0.3412745541776047,0.08450585205393368,0.21281602060434296
2013-06-18 23:00:00,0.3246653919694073,0.3371913580246914,0.07745905577265795,0.20106222387103262
2013-06-19 00:00:00,0.030927835051546396,0.3130630630630631,0.06927757564845934,0.050102705350002864
2013-06-19 01:00:00,0.3242953977880842,0.33661934805467925,0.06914605448571799,0.1967207261369011
2013-06-19 02:00:00,0.247074122236671,0.3127619047619048,0.07139943794191365,0.15923678008929232
2013-06-19 03:00:00,0.3215808272842493,0.33491109121146223,0.07562300466507245,0.19860191597466087
2013-06-19 04:00:00,2.3886339243344464e-06,0.0010269528929556296,0.08816930909326273,0.044085848863593534
2013-06-19 05:00:00,2.2017939170984407e-07,4.24131024478252e-06,0.110956903780596,0.05547856197999385
2013-06-19 06:00:00,5.2120240978976576e-08,4.6688225706646285e-07,0.11499361416851821,0.057496833144379596
2013-06-19 07:00:00,2.0080844677437575e-08,1.4735938586299093e-07,0.12243638877541228,0.06121820442812848
2013-06-19 08:00:00,1.5711838183988037e-08,1.0734675463566225e-07,0.12960377773509696,0.06480189672346758
2013-06-19 09:00:00,1.365791445958942e-08,9.331338859877525e-08,0.12335906800165358,0.061679540829784024
2013-06-19 10:00:00,1.2963887544221655e-08,8.85717123476968e-08,0.11954633028871699,0.05977317162630227
2013-06-19 11:00:00,1.3262824034553726e-08,9.061398191662405e-08,0.11805129752413643,0.05902565539348023
2013-06-19 12:00:00,1.5354722574480884e-08,1.0490635196460302e-07,0.12046183522852344,0.06023092529162301
2013-06-19 13:00:00,1.8736659147374708e-08,1.2801306362883637e-07,0.11820614094815515,0.05910307984240715
2013-06-19 14:00:00,2.4540360881221783e-08,1.8629448952263957e-07,0.12505005178038542,0.06252503816037315
2013-06-19 15:00:00,7.772103106229814e-08,8.597243565253981e-07,0.10006207009862307,0.05003107390982706
2013-06-19 16:00:00,1.6903051141589815e-07,0.07396602780411994,0.10359734138310288,0.05179875520680715
2013-06-19 17:00:00,4.808139988675228e-07,0.00019293993852674142,0.12477044909541403,0.06238546495470645
2013-06-19 18:00:00,0.32276489101293854,0.3356372327369033,0.13246177643902182,0.2276133337259802
2013-06-19 19:00:00,0.3236931268151016,0.3363375392215769,0.12839543455326952,0.22604428068418556
2013-06-19 20:00:00,0.3236258194654564,0.3364790784817153,0.10754918120114093,0.21558750033329865
2013-06-19 21:00:00,0.3234769309202141,0.3364689364689365,0.08194632773509437,0.20271162932765424
2013-06-19 22:00:00,0.32196046574600595,0.33589322994333437,0.08450585205393368,0.20323315889996982
2013-06-19 23:00:00,0.32186891628812453,0.33572196345395916,0.07745905577265795,0.19966398603039123
2013-06-20 00:00:00,0.02821316614420063,0.30035756853396905,0.06927757564845934,0.04874537089632998
2013-06-20 01:00:00,0.029508196721311476,0.29892761394101874,0.06914605448571799,0.04932712560351474
2013-06-20 02:00:00,0.02484472049689441,0.2885906040268456,0.07139943794191365,0.048122079219404035
2013-06-20 03:00:00,0.01747572815533981,0.26177174780526735,0.07562300466507245,0.04654936641020613
2013-06-20 04:00:00,0.011278195488721806,0.2423469387755102,0.08816930909326273,0.04972375229099227
2013-06-20 05:00:00,2.3561948042959323e-07,4.248078007411734e-06,0.110956903780596,0.05547856970003821
2013-06-20 06:00:00,5.16633623985555e-08,5.020090677427274e-07,0.11499361416851821,0.0574968329159403
2013-06-20 07:00:00,1.9942706863355025e-08,1.7157766001539476e-07,0.12243638877541228,0.06121820435905957
2013-06-20 08:00:00,1.5628509984265787e-08,1.1073211331617374e-07,0.12960377773509696,0.06480189668180347
2013-06-20 09:00:00,1.360279280934245e-08,9.292037463127303e-08,0.12335906800165358,0.061679540802223196
2013-06-20 10:00:00,1.44604429161363e-08,9.586651631483004e-08,0.11954633028871699,0.05977317237457995
2013-06-20 11:00:00,1.5522110397719516e-08,1.0101198067187378e-07,0.11805129752413643,0.059025656523123415
2013-06-20 12:00:00,1.3770812776091887e-08,9.408454536906789e-08,0.12046183522852344,0.06023092449966811
2013-06-20 13:00:00,1.563214046866345e-08,1.107578143405761e-07,0.11820614094815515,0.05910307829014781
2013-06-20 14:00:00,1.9342226080810068e-08,1.6151693336432435e-07,0.12505005178038542,0.06252503556130574
2013-06-20 15:00:00,5.537461847695417e-08,4.694107964090831e-07,0.10006207009862307,0.05003106273662077
2013-06-20 16:00:00,1.309629604989191e-07,2.6718647152626084e-06,0.10359734138310288,0.05179873617303169
2013-06-20 17:00:00,4.509494515227085e-07,0.00018457202196083916,0.12477044909541403,0.06238545002243277
2013-06-20 18:00:00,0.3203404465276921,0.3344938221038979,0.13246177643902182,0.22640111148335695
2013-06-20 19:00:00,0.3227698066126014,0.3358552857830663,0.12839543455326952,0.22558262058293546
2013-06-20 20:00:00,0.3236070934473651,0.33649518798033645,0.10754918120114093,0.21557813732425302
2013-06-20 21:00:00,0.324215809284818,0.33681011259238797,0.08194632773509437,0.2030810685099562
2013-06-20 22:00:00,0.26437462951985774,0.3211629479377958,0.08450585205393368,0.1744402407868957
2013-06-20 23:00:00,0.3230647709320694,0.3364031907179115,0.07745905577265795,0.20026191335236368
2013-06-21 00:00:00,0.02295918367346939,0.30622304374614917,0.06927757564845934,0.04611837966096436
2013-06-21 01:00:00,0.022443890274314218,0.3020763563295379,0.06914605448571799,0.045794972380016105
2013-06-21 02:00:00,0.02093023255813954,0.2955599734923791,0.07139943794191365,0.0461648352500266
2013-06-21 03:00:00,0.31630374092685654,0.3329203128630063,0.07562300466507245,0.19596337279596449
2013-06-21 04:00:00,0.25387727579231284,0.3041144901610018,0.08816930909326273,0.1710232924427878
2013-06-21 05:00:00,2.3130584030187957e-07,4.236151160359721e-06,0.110956903780596,0.05547856754321815
2013-06-21 06:00:00,5.190197431892387e-08,4.806873116193322e-07,0.11499361416851821,0.05749683303524626
2013-06-21 07:00:00,2.001793513571129e-08,1.5196316425055622e-07,0.12243638877541228,0.061218204396673706
2013-06-21 08:00:00,1.567890292500282e-08,1.071216772318727e-07,0.12960377773509696,0.06480189670699994
2013-06-21 09:00:00,1.3639733704568086e-08,9.318951457675045e-08,0.12335906800165358,0.06167954082069364
2013-06-21 10:00:00,1.2818777136176142e-08,8.758056414455986e-08,0.11954633028871699,0.05977317155374706
2013-06-21 11:00:00,1.2741929367059823e-08,8.705552672333833e-08,0.11805129752413643,0.0590256551330329
2013-06-21 12:00:00,1.3514447227890005e-08,9.233354222714339e-08,0.12046183522852344,0.060230924371485334
2013-06-21 13:00:00,1.5226050668297246e-08,1.040277350579108e-07,0.11820614094815515,0.05910307808710291
2013-06-21 14:00:00,1.8604566360581238e-08,1.3652597987708747e-07,0.12505005178038542,0.06252503519247589
2013-06-21 15:00:00,4.3118514479559364e-08,3.7970000190897456e-07,0.10006207009862307,0.050031056608568776
2013-06-21 16:00:00,1.6637994360566934e-07,0.0621923399728384,0.10359734138310288,0.05179875388152324
2013-06-21 17:00:00,4.6174325532781303e-07,0.13818299015775226,0.12477044909541403,0.06238545541933468
2013-06-21 18:00:00,0.341369735942962,0.34137832013306646,0.13246177643902182,0.23691575619099192
2013-06-21 19:00:00,0.3413710725568311,0.3413790113786527,0.12839543455326952,0.2348832535550503
2013-06-21 20:00:00,0.3413716599963183,0.34137942872270854,0.10754918120114093,0.22446042059872962
2013-06-21 21:00:00,0.3413727195166242,0.34137989494812115,0.08194632773509437,0.21165952362585927
2013-06-21 22:00:00,0.34137193271925215,0.3413796814752518,0.08450585205393368,0.21293889238659292
2013-06-21 23:00:00,0.3413643655070964,0.3413765185608656,0.07745905577265795,0.20941171063987718
2013-06-22 00:00:00,0.34136582400996623,0.34137727768919457,0.06927757564845934,0.20532169982921278
2013-06-22 01:00:00,0.3413635564911105,0.34137627985996283,0.06914605448571799,0.20525480548841424
2013-06-22 02:00:00,0.3413606329699163,0.3413752168158651,0.07139943794191365,0.206380035455915
2013-06-22 03:00:00,0.3413593606982584,0.3413745796290901,0.07562300466507245,0.20849118268166542
2013-06-22 04:00:00,0.3413511001188811,0.3413705216147891,0.08816930909326273,0.21476020460607192
2013-06-22 05:00:00,2.532115524563462e-07,0.10000920717801083,0.110956903780596,0.05547857849607423
2013-06-22 06:00:00,3.1268328777763656e-08,2.6901814051828674e-07,0.11499361416851821,0.05749682271842349
2013-06-22 07:00:00,3.091864360817438e-08,1.878134685044952e-07,0.12243638877541228,0.06121820984702794
2013-06-22 08:00:00,3.203275062592261e-08,1.7771043678454398e-07,0.12960377773509696,0.06480190488392379
2013-06-22 09:00:00,3.0204866622205775e-08,1.6442424375550675e-07,0.12335906800165358,0.0616795491032601
2013-06-22 10:00:00,3.1153787369045833e-08,1.6424951204207465e-07,0.11954633028871699,0.05977318072125218
2013-06-22 11:00:00,3.259775910399453e-08,1.7056871234861506e-07,0.11805129752413643,0.059025665060947766
2013-06-22 12:00:00,3.290245015772338e-08,1.8038831470954265e-07,0.12046183522852344,0.060230934065486796
2013-06-22 13:00:00,3.426185980844126e-08,1.931670283027686e-07,0.11820614094815515,0.05910308760500748
2013-06-22 14:00:00,3.240926103708728e-08,1.996874728341834e-07,0.12505005178038542,0.06252504209482322
2013-06-22 15:00:00,3.3618804422750956e-08,2.8073341144357695e-07,0.10006207009862307,0.050031051858713746
2013-06-22 16:00:00,2.375833642227704e-07,0.0823851523495866,0.10359734138310288,0.05179878948323355
2013-06-22 17:00:00,6.621870156515849e-07,0.16855169593590405,0.12477044909541403,0.06238555564121484
2013-06-22 18:00:00,0.34136756619906017,0.34137802917692117,0.13246177643902182,0.23691467131904098
2013-06-22 19:00:00,0.3413689626646546,0.3413788210186029,0.12839543455326952,0.23488219860896206
2013-06-22 20:00:00,0.3413702350099212,0.34137945698304384,0.10754918120114093,0.22445970810553106
2013-06-22 21:00:00,0.3413707625704962,0.3413798416199668,0.08194632773509437,0.21165854515279528
2013-06-22 22:00:00,0.3413707603785189,0.3413799585748823,0.08450585205393368,0.21293830621622628
2013-06-22 23:00:00,0.3413669345968049,0.34137844936302053,0.07745905577265795,0.20941299518473142
2013-06-23 00:00:00,0.34136575318344636,0.3413779655528714,0.06927757564845934,0.20532166441595284
2013-06-23 01:00:00,0.3413656911193324,0.3413779303602028,0.06914605448571799,0.2052558728025252
2013-06-23 02:00:00,0.34136230646963983,0.3413765882526071,0.07139943794191365,0.20638087220577675
2013-06-23 03:00:00,0.34136100096540367,0.3413760856117696,0.07562300466507245,0.20849200281523805
2013-06-23 04:00:00,1.422499756235269e-06,0.2238531503562343,0.08816930909326273,0.044085365796509485
2013-06-23 05:00:00,2.955522751880141e-07,0.1035293494193099,0.110956903780596,0.05547859966643559
2013-06-23 06:00:00,3.5335826809878373e-08,2.414219516897507e-07,0.11499361416851821,0.05749682475217251
2013-06-23 07:00:00,3.781761883531213e-08,2.2499985375009504e-07,0.12243638877541228,0.06121821329651556
2013-06-23 08:00:00,3.5874586177679794e-08,1.9893667316668916e-07,0.12960377773509696,0.06480190680484157
2013-06-23 09:00:00,3.5608396516872115e-08,1.8970729443236773e-07,0.12335906800165358,0.06167955180502505
2013-06-23 10:00:00,3.5726708826644255e-08,1.9090916842978354e-07,0.11954633028871699,0.05977318300771291
2013-06-23 11:00:00,3.878142355333397e-08,2.1060055720695427e-07,0.11805129752413643,0.05902566815277999
2013-06-23 12:00:00,3.876538803384575e-08,2.2469537299298767e-07,0.12046183522852344,0.06023093699695574
2013-06-23 13:00:00,4.0108363707508586e-08,2.4997545148482915e-07,0.11820614094815515,0.05910309052825943
2013-06-23 14:00:00,3.302659334322589e-08,2.2564464984124772e-07,0.12505005178038542,0.06252504240348938
2013-06-23 15:00:00,5.2183798016138976e-08,4.4896521309249126e-07,0.10006207009862307,0.050031061141210545
2013-06-23 16:00:00,2.165265214795392e-07,0.08931212246219547,0.10359734138310288,0.05179877895481218
2013-06-23 17:00:00,5.67789108135606e-07,0.15546600691806453,0.12477044909541403,0.06238550844226108
2013-06-23 18:00:00,0.34136613360617396,0.3413760699008504,0.13246177643902182,0.23691395502259788
2013-06-23 19:00:00,0.3413662734330449,0.34137619326038704,0.12839543455326952,0.2348808539931572
2013-06-23 20:00:00,0.34136733510977163,0.3413767814063542,0.10754918120114093,0.22445825815545628
2013-06-23 21:00:00,0.34136840117746536,0.34137732422909545,0.08194632773509437,0.21165736445627986
2013-06-23 22:00:00,0.3413682193632338,0.3413772047846532,0.08450585205393368,0.21293703570858374
2013-06-23 23:00:00,0.3413680353577676,0.34137711928948344,0.07745905577265795,0.20941354556521277
2013-06-24 00:00:00,0.34136839205796976,0.34137722717464924,0.06927757564845934,0.20532298385321454
2013-06-24 01:00:00,0.34136752971233597,0.3413767406885914,0.06914605448571799,0.20525679209902697
2013-06-24 02:00:00,0.3413664632862,0.34137609440593114,0.07139943794191365,0.20638295061405684
2013-06-24 03:00:00,0.34136455059282333,0.34137510421259604,0.07562300466507245,0.20849377762894789
2013-06-24 04:00:00,1.6159323750255858e-06,0.24770715565518897,0.08816930909326273,0.044085462512818877
2013-06-24 05:00:00,5.320873188397871e-07,0.07064665304906169,0.110956903780596,0.05547871793395742
2013-06-24 06:00:00,1.8103871469464455e-07,1.6217076174410423e-06,0.11499361416851821,0.057496897603616454
2013-06-24 07:00:00,7.740765279922328e-08,6.659790367819831e-07,0.12243638877541228,0.06121823309153254
2013-06-24 08:00:00,8.26990477177089e-08,7.115038389084995e-07,0.12960377773509696,0.06480193021707234
2013-06-24 09:00:00,8.208525889389676e-08,6.854518555752941e-07,0.12335906800165358,0.06167957504345624
2013-06-24 10:00:00,1.1784417284330531e-07,1.0138767521877672e-06,0.11954633028871699,0.05977322406644491
2013-06-24 11:00:00,9.776908226802241e-08,8.411597058969206e-07,0.11805129752413643,0.05902569764660935
2013-06-24 12:00:00,8.544137862740305e-08,7.350976729683203e-07,0.12046183522852344,0.06023096033495103
2013-06-24 13:00:00,8.247601123356263e-08,7.09584982109693e-07,0.11820614094815515,0.05910311171208319
2013-06-24 14:00:00,1.1092866427190169e-07,7.368361640368247e-07,0.12505005178038542,0.06252508135452485
2013-06-24 15:00:00,1.597872656260361e-07,1.5364670549318916e-06,0.10006207009862307,0.05003111494294435
2013-06-24 16:00:00,2.701173984237029e-07,0.0001044335468614052,0.10359734138310288,0.05179880575025065
2013-06-24 17:00:00,5.220874914218126e-07,1.166967355255204e-05,0.12477044909541403,0.062385485591452725
2013-06-24 18:00:00,0.017892644135188866,0.23440860215053763,0.13246177643902182,0.07517721028710535
2013-06-24 19:00:00,0.021276595744680854,0.2611036339165545,0.12839543455326952,0.07483601514897519
2013-06-24 20:00:00,0.020460358056265986,0.2634207240948814,0.10754918120114093,0.06400476962870345
2013-06-24 21:00:00,0.02359882005899705,0.276056338028169,0.08194632773509437,0.05277257389704571
2013-06-24 22:00:00,0.023195876288659795,0.26852976913730253,0.08450585205393368,0.05385086417129674
2013-06-24 23:00:00,0.02105263157894737,0.26946847960445,0.07745905577265795,0.04925584367580266
2013-06-25 00:00:00,0.021951219512195128,0.2644341801385681,0.06927757564845934,0.04561439758032723
2013-06-25 01:00:00,0.020881670533642694,0.2585034013605442,0.06914605448571799,0.04501386250968034
2013-06-25 02:00:00,0.02036199095022625,0.251435132032147,0.07139943794191365,0.04588071444606995
2013-06-25 03:00:00,0.017892644135188873,0.23794549266247378,0.07562300466507245,0.04675782440013066
2013-06-25 04:00:00,1.3240874513418552e-06,2.6007808876025415e-05,0.08816930909326273,0.04408531659035704
2013-06-25 05:00:00,4.4474187792925065e-07,8.862422413184447e-06,0.110956903780596,0.05547867426123696
2013-06-25 06:00:00,1.7869184499432066e-07,1.8991145029812898e-06,0.11499361416851821,0.0574968964301816
2013-06-25 07:00:00,8.951352941498721e-08,7.067095260625164e-07,0.12243638877541228,0.061218239144470846
2013-06-25 08:00:00,4.084404880357366e-08,3.514028357774762e-07,0.12960377773509696,0.06480190928957288
2013-06-25 09:00:00,3.043847011906627e-08,2.6187815376394546e-07,0.12335906800165358,0.06167954922006185
2013-06-25 10:00:00,2.4247175121253853e-08,2.086111735052815e-07,0.11954633028871699,0.05977317726794605
2013-06-25 11:00:00,2.3502667388229893e-08,2.0220578199345385e-07,0.11805129752413643,0.059025660513401905
2013-06-25 12:00:00,2.647025735707716e-08,2.2773752494697136e-07,0.12046183522852344,0.0602309308493904
2013-06-25 13:00:00,2.8719300969916848e-08,2.470872303531605e-07,0.11820614094815515,0.05910308483372806
2013-06-25 14:00:00,4.2708023978206526e-08,2.836849701749428e-07,0.12505005178038542,0.0625250472442047
2013-06-25 15:00:00,9.134906537802369e-08,7.859239358774831e-07,0.10006207009862307,0.050031080723844226
2013-06-25 16:00:00,2.159648253769612e-07,0.08913808035580649,0.10359734138310288,0.051798778673964124
2013-06-25 17:00:00,5.182992160954711e-07,0.15666069727166954,0.12477044909541403,0.062385483697315065
2013-06-25 18:00:00,0.3413640419840611,0.34137442594706136,0.13246177643902182,0.23691290921154146
2013-06-25 19:00:00,0.3413656071564643,0.34137532233988466,0.12839543455326952,0.2348805208548669
2013-06-25 20:00:00,0.3413663453861847,0.3413757020137065,0.10754918120114093,0.22445776329366282
2013-06-25 21:00:00,0.34136872466084145,0.3413768535303643,0.08194632773509437,0.2116575261979679
2013-06-25 22:00:00,0.3413682861950422,0.34137678439405217,0.08450585205393368,0.21293706912448795
2013-06-25 23:00:00,0.34136872950099567,0.34137642728152595,0.07745905577265795,0.2094138926368268
2013-06-26 00:00:00,0.341368400984105,0.34137676931227817,0.06927757564845934,0.20532298831628215
2013-06-26 01:00:00,0.34136790689839597,0.3413764963445556,0.06914605448571799,0.20525698069205697
2013-06-26 02:00:00,0.3413666986822858,0.3413757874626231,0.07139943794191365,0.20638306831209974
2013-06-26 03:00:00,0.32364021662349896,0.33613554903877485,0.07562300466507245,0.1996316106442857
2013-06-26 04:00:00,2.4983386048277893e-06,0.00026365587937869867,0.08816930909326273,0.04408590371593378
2013-06-26 05:00:00,2.51995319942918e-07,0.00010853911514485074,0.110956903780596,0.05547857788795797
2013-06-26 06:00:00,5.010781849629303e-08,4.6407081227615204e-07,0.11499361416851821,0.05749683213816835
2013-06-26 07:00:00,1.9556228243451625e-08,1.6330397310995213e-07,0.12243638877541228,0.061218204165820266
2013-06-26 08:00:00,1.616223661736369e-08,1.1451364130255768e-07,0.12960377773509696,0.06480189694866678
2013-06-26 09:00:00,1.523339534391576e-08,1.0407794904887904e-07,0.12335906800165358,0.061679541617524467
2013-06-26 10:00:00,1.6100258844934802e-08,1.1000061372194262e-07,0.11954633028871699,0.05977317319448792
2013-06-26 11:00:00,1.744179931741286e-08,1.1916633298990039e-07,0.11805129752413643,0.059025657482967876
2013-06-26 12:00:00,2.1970504041737866e-08,1.5010753370142074e-07,0.12046183522852344,0.06023092859951374
2013-06-26 13:00:00,2.928258401234358e-08,2.2229437238899977e-07,0.11820614094815515,0.05910308511536958
2013-06-26 14:00:00,4.4248268598435944e-08,3.6949466387003247e-07,0.12505005178038542,0.06252504801432701
2013-06-26 15:00:00,1.3675410975160053e-07,1.2457772045818442e-06,0.10006207009862307,0.05003110342636641
2013-06-26 16:00:00,3.5448240340487446e-07,0.11709320879445338,0.10359734138310288,0.05179884793275314
2013-06-26 17:00:00,7.118743810647743e-07,0.18369293695916408,0.12477044909541403,0.06238558048489755
2013-06-26 18:00:00,0.02010050251256282,0.2627118644067797,0.13246177643902182,0.07628113947579232
2013-06-26 19:00:00,0.023195876288659798,0.26829268292682923,0.12839543455326952,0.07579565542096466
2013-06-26 20:00:00,0.021333333333333336,0.2696629213483146,0.10754918120114093,0.06444125726723714
2013-06-26 21:00:00,0.0234375,0.2697448359659781,0.08194632773509437,0.05269191386754719
2013-06-26 22:00:00,0.021680216802168025,0.2706480304955527,0.08450585205393368,0.053093034428050856
2013-06-26 23:00:00,0.020887728459530026,0.2663316582914572,0.07745905577265795,0.04917339211609399
2013-06-27 00:00:00,0.02195121951219512,0.2587244283995186,0.06927757564845934,0.04561439758032723
2013-06-27 01:00:00,0.020454545454545454,0.250875145857643,0.06914605448571799,0.04480029997013173
2013-06-27 02:00:00,0.018442622950819675,0.23903508771929827,0.07139943794191365,0.04492103044636667
2013-06-27 03:00:00,0.01990049751243781,0.24410540915395285,0.07562300466507245,0.04776175108875513
2013-06-27 04:00:00,1.6316025089967583e-06,2.8177684141165863e-05,0.08816930909326273,0.04408547034788587
2013-06-27 05:00:00,2.2206117852086608e-07,3.940416851430776e-06,0.110956903780596,0.05547856292088726
2013-06-27 06:00:00,6.503325741170214e-08,5.512872301751394e-07,0.11499361416851821,0.05749683960088781
2013-06-27 07:00:00,2.0606562973251186e-08,1.7728915496167165e-07,0.12243638877541228,0.061218204690987627
2013-06-27 08:00:00,1.6159945625876823e-08,1.1449745091667049e-07,0.12960377773509696,0.0648018969475213
2013-06-27 09:00:00,1.4632635967916677e-08,9.997343039464879e-08,0.12335906800165358,0.06167954131714477
2013-06-27 10:00:00,1.510588622004805e-08,1.0320670534423318e-07,0.11954633028871699,0.059773172697301605
2013-06-27 11:00:00,1.6563415579028603e-08,1.1316487760539497e-07,0.11805129752413643,0.059025657043776006
2013-06-27 12:00:00,1.892071164782471e-08,1.340581917213216e-07,0.12046183522852344,0.060230927074617545
2013-06-27 13:00:00,2.224994499442765e-08,1.9142804902303432e-07,0.11820614094815515,0.059103081599050075
2013-06-27 14:00:00,2.2861939771118907e-08,1.9669331577625657e-07,0.12505005178038542,0.06252503732116259
2013-06-27 15:00:00,5.753241515306393e-08,5.532145924208233e-07,0.10006207009862307,0.05003106381551911
2013-06-27 16:00:00,1.4461303431985453e-07,0.0653256950176662,0.10359734138310288,0.0517987429980686
2013-06-27 17:00:00,3.9349553627408e-07,8.463518286543134e-06,0.12477044909541403,0.062385421295475155
2013-06-27 18:00:00,0.3173562058526741,0.3329605814928711,0.13246177643902182,0.22490899114584795
2013-06-27 19:00:00,0.27788001472212,0.31995863495346427,0.12839543455326952,0.20313772463769475
2013-06-27 20:00:00,0.27133388566694283,0.3180542563143124,0.10754918120114093,0.18944153343404188
2013-06-27 21:00:00,0.02205882352941177,0.28403967538322816,0.08194632773509437,0.05200257563225307
2013-06-27 22:00:00,0.02710843373493976,0.289873417721519,0.08450585205393368,0.05580714289443672
2013-06-27 23:00:00,0.025,0.2901907356948229,0.07745905577265795,0.05122952788632898
2013-06-28 00:00:00,0.024242424242424246,0.28493894165535955,0.06927757564845934,0.04675999994544179
2013-06-28 01:00:00,0.02298850574712644,0.2775564409030544,0.06914605448571799,0.046067280116422214
2013-06-28 02:00:00,0.021220159151193633,0.2686375321336761,0.07139943794191365,0.04630979854655364
2013-06-28 03:00:00,0.018556701030927835,0.24820512820512824,0.07562300466507245,0.047089852848000144
2013-06-28 04:00:00,1.7697079097095027e-06,3.821177833287683e-05,0.08816930909326273,0.044085539400586224
2013-06-28 05:00:00,2.3917288276988986e-07,6.778337353734677e-06,0.110956903780596,0.05547857147673939
2013-06-28 06:00:00,5.741192551330854e-08,5.491506861637823e-07,0.11499361416851821,0.05749683579022186
2013-06-28 07:00:00,2.4937788530213296e-08,2.1455298781063902e-07,0.12243638877541228,0.061218206856600406
2013-06-28 08:00:00,2.101337770462134e-08,1.488852886653646e-07,0.12960377773509696,0.06480189937423733
2013-06-28 09:00:00,1.7417241700288086e-08,1.1899847288819009e-07,0.12335906800165358,0.06167954270944764
2013-06-28 10:00:00,1.8014738470043453e-08,1.2308064172532584e-07,0.11954633028871699,0.059773174151727726
2013-06-28 11:00:00,1.9875810108206296e-08,1.3579591137924622e-07,0.11805129752413643,0.05902565869997327
2013-06-28 12:00:00,2.2189070436082836e-08,1.572154061170965e-07,0.12046183522852344,0.06023092870879694
2013-06-28 13:00:00,2.7135037923250626e-08,2.265907515323097e-07,0.11820614094815515,0.05910308404159654
2013-06-28 14:00:00,3.1782426492067866e-08,2.734410606399142e-07,0.12505005178038542,0.06252504178140596
2013-06-28 15:00:00,5.626786372795557e-08,3.737554477526192e-07,0.10006207009862307,0.0500310631832434
2013-06-28 16:00:00,2.382972485987857e-07,0.09576912190313804,0.10359734138310288,0.05179878984017574
2013-06-28 17:00:00,5.393912969214242e-07,0.16004647473507833,0.12477044909541403,0.062385494243355474
2013-06-28 18:00:00,0.023952095808383235,0.28159340659340654,0.13246177643902182,0.07820693612370253
2013-06-28 19:00:00,0.026315789473684213,0.29428571428571426,0.12839543455326952,0.07735561201347686
2013-06-28 20:00:00,0.027586206896551724,0.3012729844413013,0.10754918120114093,0.06756769404884633
2013-06-28 21:00:00,0.032388663967611336,0.31723027375201296,0.08194632773509437,0.057167495851352855
2013-06-28 22:00:00,0.3413640667853114,0.341374424254371,0.08450585205393368,0.21293495941962254
2013-06-28 23:00:00,0.34136396640606875,0.3413743327997982,0.07745905577265795,0.20941151108936334
2013-06-29 00:00:00,0.3413598468936614,0.34137240805805374,0.06927757564845934,0.20531871127106036
2013-06-29 01:00:00,0.3413642979021242,0.34137457057073456,0.06914605448571799,0.20525517619392109
2013-06-29 02:00:00,0.3315174144579788,0.3381935575422166,0.07139943794191365,0.20145842619994622
2013-06-29 03:00:00,0.34136153843614797,0.3413685730224696,0.07562300466507245,0.2084922715506102
2013-06-29 04:00:00,0.313018506700702,0.32978978978978973,0.08816930909326273,0.2005939078969824
2013-06-29 05:00:00,2.220319654980088e-07,2.633626189756433e-06,0.110956903780596,0.05547856290628075
2013-06-29 06:00:00,4.036639568200665e-08,2.681311222474903e-07,0.11499361416851821,0.057496827267456946
2013-06-29 07:00:00,1.9452081926177834e-08,1.4274534090897624e-07,0.12243638877541228,0.06121820411374711
2013-06-29 08:00:00,3.356343980148702e-08,1.7865341300075708e-07,0.12960377773509696,0.06480190564926838
2013-06-29 09:00:00,3.341408031475173e-08,1.7315405988071417e-07,0.12335906800165358,0.061679550707866945
2013-06-29 10:00:00,3.3591048711085153e-08,1.7453549495069783e-07,0.11954633028871699,0.05977318193988285
2013-06-29 11:00:00,3.543366124115895e-08,1.8654070793234997e-07,0.11805129752413643,0.059025666478898835
2013-06-29 12:00:00,3.646592172704161e-08,2.0239261048087886e-07,0.12046183522852344,0.06023093584722258
2013-06-29 13:00:00,3.684637795621714e-08,2.2043829583072395e-07,0.11820614094815515,0.05910308889726656
2013-06-29 14:00:00,2.4845271722426045e-08,1.697485415519659e-07,0.12505005178038542,0.06252503831282857
2013-06-29 15:00:00,2.996343891147461e-08,2.502092905939572e-07,0.10006207009862307,0.05003105003103099
2013-06-29 16:00:00,1.4065064017217014e-07,0.06387019283116158,0.10359734138310288,0.05179874101687153
2013-06-29 17:00:00,4.860916797189648e-07,0.13458659004923007,0.12477044909541403,0.06238546759354687
2013-06-29 18:00:00,0.34136272189117817,0.3413739654218732,0.13246177643902182,0.2369122491651
2013-06-29 19:00:00,0.341362886184645,0.34137408132461106,0.12839543455326952,0.23487916036895726
2013-06-29 20:00:00,0.34136226335920744,0.3413737784580166,0.10754918120114093,0.22445572228017419
2013-06-29 21:00:00,0.3413614342622383,0.3413733812045556,0.08194632773509437,0.21165388099866633
2013-06-29 22:00:00,0.0313588850174216,0.32163187855787473,0.08450585205393368,0.05793236853567764
2013-06-29 23:00:00,0.027607361963190188,0.30943738656987296,0.07745905577265795,0.05253320886792407
2013-06-30 00:00:00,0.02179176755447942,0.29953302201467646,0.06927757564845934,0.04553467160146938
2013-06-30 01:00:00,0.023076923076923078,0.28215767634854777,0.06914605448571799,0.046111488781320535
2013-06-30 02:00:00,0.027118644067796613,0.2861952861952862,0.07139943794191365,0.049259041004855134
2013-06-30 03:00:00,0.020100502512562814,0.25371120107962214,0.07562300466507245,0.047861753588817633
2013-06-30 04:00:00,2.272554248710609e-06,4.1402804651863865e-05,0.08816930909326273,0.04408579082375572
2013-06-30 05:00:00,2.646701479907543e-07,2.4780179713900103e-06,0.110956903780596,0.055478584225371996
2013-06-30 06:00:00,4.353367292597202e-08,3.084480868540461e-07,0.11499361416851821,0.05749682885109557
2013-06-30 07:00:00,3.311405646661891e-08,2.1168624416841637e-07,0.12243638877541228,0.061218210944734376
2013-06-30 08:00:00,3.277760040847008e-08,1.889678299276653e-07,0.12960377773509696,0.06480190525634869
2013-06-30 09:00:00,3.1448795040466314e-08,1.735189592888083e-07,0.12335906800165358,0.06167954972522431
2013-06-30 10:00:00,3.2960794321742885e-08,1.809136149616471e-07,0.11954633028871699,0.05977318162475565
2013-06-30 11:00:00,3.490578422703252e-08,1.8641521362451628e-07,0.11805129752413643,0.059025666214960325
2013-06-30 12:00:00,3.573517547686447e-08,1.9797292007615448e-07,0.12046183522852344,0.060230935481849456
2013-06-30 13:00:00,3.7673767899827464e-08,2.1045260896813237e-07,0.11820614094815515,0.059103089310961525
2013-06-30 14:00:00,3.8000987924350065e-08,2.1608959420319016e-07,0.12505005178038542,0.06252504489068667
2013-06-30 15:00:00,4.5271193007302874e-08,2.6940709963141514e-07,0.10006207009862307,0.05003105768490804
2013-06-30 16:00:00,6.330541300847107e-08,4.2050218726014847e-07,0.10359734138310288,0.051798702344257944
2013-06-30 17:00:00,4.5535760553299566e-07,0.1370382038258142,0.12477044909541403,0.062385452226509784
2013-06-30 18:00:00,0.015202702702702704,0.21826923076923077,0.13246177643902182,0.07383223957086227
2013-06-30 19:00:00,0.01704545454545455,0.23076923076923078,0.12839543455326952,0.07272044454936204
2013-06-30 20:00:00,0.017892644135188873,0.23928944618599793,0.10754918120114093,0.0627209126681649
2013-06-30 21:00:00,0.020460358056265986,0.2588235294117647,0.08194632773509437,0.05120334289568018
2013-06-30 22:00:00,0.021276595744680854,0.2641509433962264,0.08450585205393368,0.05289122389930727
2013-06-30 23:00:00,0.020671834625323,0.2612732095490717,0.07745905577265795,0.049065445198990476
2013-07-01 00:00:00,0.01990049751243781,0.2558441558441559,0.07194938498845764,0.04592494125044773
2013-07-01 01:00:00,0.02072538860103627,0.25722145804676755,0.07194938498845764,0.04633738679474696
2013-07-01 02:00:00,0.018912529550827423,0.24479166666666666,0.07459516454237697,0.046753847046602195
2013-07-01 03:00:00,0.016632016632016633,0.22956730769230765,0.08244925295126693,0.04954063479164178
2013-07-01 04:00:00,1.5795601754180554e-06,3.0726073606482634e-05,0.09291047758223149,0.046456028571203456
2013-07-01 05:00:00,2.6022628301722617e-07,4.148473572852863e-06,0.11890111667146905,0.059450688448876035
2013-07-01 06:00:00,5.3683855986828995e-08,4.5847460039506645e-07,0.13269686160844402,0.06634845764615001
2013-07-01 07:00:00,2.4461575846352993e-08,1.7331678529426886e-07,0.11877769807618753,0.05938886126888169
2013-07-01 08:00:00,3.01176110783175e-08,1.7580649585858823e-07,0.13511685583287578,0.06755844297524342
2013-07-01 09:00:00,3.003499557544469e-08,1.6182350783847e-07,0.1301537547564123,0.06507689239570394
2013-07-01 10:00:00,2.825666360179195e-08,1.5176182665301006e-07,0.10404913406044292,0.05202458115855326
2013-07-01 11:00:00,2.8749382044011873e-08,1.5397496026120128e-07,0.11783073307119887,0.05891538091029046
2013-07-01 12:00:00,3.048128826360568e-08,1.6323188689205508e-07,0.1231261023198437,0.061563066400565976
2013-07-01 13:00:00,2.990647736119041e-08,1.6968558160433833e-07,0.12954076950605295,0.06477039970626515
2013-07-01 14:00:00,2.9484573101318308e-08,1.7884815469077672e-07,0.13506947475284886,0.06753475211871098
2013-07-01 15:00:00,2.5522079661556807e-08,2.066635523760971e-07,0.10998557140165398,0.05499279846186682
2013-07-01 16:00:00,1.4532304870491805e-07,0.06018246900091503,0.1272569007456398,0.06362852303434426
2013-07-01 17:00:00,3.930038845813965e-07,1.4883558365111718e-05,0.131065876069383,0.06553313453663379
2013-07-01 18:00:00,0.01778656126482214,0.282035175879397,0.1337104713378387,0.07574851630133042
2013-07-01 19:00:00,0.01995565410199557,0.29076620825147353,0.135987481705709,0.07797156790385229
2013-07-01 20:00:00,0.020737327188940096,0.2945838837516513,0.11063085447868169,0.0656840908338109
2013-07-01 21:00:00,0.02184466019417476,0.2916989914662529,0.0882936219878408,0.05506914109100778
2013-07-01 22:00:00,0.020594965675057215,0.29340511440107675,0.08421044172376085,0.05240270369940903
2013-07-01 23:00:00,0.03375527426160338,0.3201376936316695,0.0785968135243789,0.05617604389299114
2013-07-02 00:00:00,0.027972027972027972,0.30185979971387694,0.07194938498845764,0.049960706480242804
2013-07-02 01:00:00,0.01878914405010439,0.2858982614294914,0.07194938498845764,0.04536926451928101
2013-07-02 02:00:00,0.017892644135188873,0.28170809432759725,0.07459516454237697,0.04624390433878292
2013-07-02 03:00:00,0.016393442622950824,0.27472527472527475,0.08244925295126693,0.049421347787108875
2013-07-02 04:00:00,0.01174934725848564,0.23114061557030777,0.09291047758223149,0.05232991242035857
2013-07-02 05:00:00,2.4248165914195565e-07,4.509853892698795e-06,0.11890111667146905,0.059450679576564094
2013-07-02 06:00:00,4.2181782242939713e-08,3.4423299065739656e-07,0.13269686160844402,0.06634845189511313
2013-07-02 07:00:00,2.006583681321764e-08,1.3709354107087148e-07,0.11877769807618753,0.05938885907101217
2013-07-02 08:00:00,1.553433667577198e-08,1.0613338294820031e-07,0.13511685583287578,0.06755843568360623
2013-07-02 09:00:00,2.7860290930716572e-08,1.5119237954120942e-07,0.1301537547564123,0.06507689130835162
2013-07-02 10:00:00,2.737732583044943e-08,1.457692106273313e-07,0.10404913406044292,0.052024580718884376
2013-07-02 11:00:00,2.747650829521739e-08,1.4560609266799928e-07,0.11783073307119887,0.05891538027385358
2013-07-02 12:00:00,2.8883039709635343e-08,1.5286315232014844e-07,0.1231261023198437,0.0615630656014417
2013-07-02 13:00:00,2.940467933128819e-08,1.6103060157561645e-07,0.12954076950605295,0.06477039945536614
2013-07-02 14:00:00,2.8347771136650945e-08,1.6898821423619806e-07,0.13506947475284886,0.06753475155031
2013-07-02 15:00:00,2.4649229144656957e-08,2.120703917766587e-07,0.10998557140165398,0.05499279802544156
2013-07-02 16:00:00,1.179297016331377e-07,2.3947750127339925e-06,0.1272569007456398,0.06362850933767072
2013-07-02 17:00:00,4.086576020053646e-07,1.1616026021001292e-05,0.131065876069383,0.0655331423634925
2013-07-02 18:00:00,0.2615508236239454,0.31155545222041386,0.1337104713378387,0.19763064748089204
2013-07-02 19:00:00,0.27817150956768255,0.3197837404885863,0.135987481705709,0.20707949563669578
2013-07-02 20:00:00,0.31966299095527195,0.33420347599093214,0.11063085447868169,0.21514692271697683
2013-07-02 21:00:00,0.024657534246575345,0.288135593220339,0.0882936219878408,0.056475578117208075
2013-07-02 22:00:00,0.025936599423631124,0.28922716627634665,0.08421044172376085,0.05507352057369599
2013-07-02 23:00:00,0.026578073089700997,0.297029702970297,0.0785968135243789,0.05258744330703995
2013-07-03 00:00:00,0.021226415094339625,0.27736549165120594,0.07194938498845764,0.046587900041398636
2013-07-03 01:00:00,0.020089285714285716,0.27090909090909093,0.07194938498845764,0.046019335351371676
2013-07-03 02:00:00,0.018367346938775512,0.26155187445510025,0.07459516454237697,0.04648125574057624
2013-07-03 03:00:00,0.019354838709677424,0.2497320471596999,0.08244925295126693,0.05090204583047218
2013-07-03 04:00:00,0.0132890365448505,0.20682730923694775,0.09291047758223149,0.053099757063540996
2013-07-03 05:00:00,2.2039497037740078e-07,4.057242505169899e-06,0.11890111667146905,0.05945066853321971
2013-07-03 06:00:00,5.835944412676156e-08,4.4302694331265584e-07,0.13269686160844402,0.06634845998394408
2013-07-03 07:00:00,2.1784750860294333e-08,1.5435077316810483e-07,0.11877769807618753,0.0593888599304692
2013-07-03 08:00:00,1.6247629030884444e-08,1.1511872891392342e-07,0.13511685583287578,0.0675584360402524
2013-07-03 09:00:00,2.6945906738923378e-08,1.5070086787513508e-07,0.1301537547564123,0.06507689085115952
2013-07-03 10:00:00,2.5094854157114415e-08,1.402071258059534e-07,0.10404913406044292,0.052024579577648535
2013-07-03 11:00:00,2.5985656749015563e-08,1.42914217048617e-07,0.11783073307119887,0.05891537952842781
2013-07-03 12:00:00,2.6040737383060926e-08,1.474164746853727e-07,0.1231261023198437,0.06156306418029054
2013-07-03 13:00:00,1.6695337941521153e-08,1.3941413221878298e-07,0.12954076950605295,0.06477039310069545
2013-07-03 14:00:00,2.3150696689735126e-08,1.9917767038352117e-07,0.13506947475284886,0.06753474895177278
2013-07-03 15:00:00,5.8363987169401135e-08,5.228122802720783e-07,0.10998557140165398,0.054992814882820575
2013-07-03 16:00:00,1.7549349978657796e-07,2.6644580086080644e-06,0.1272569007456398,0.0636285381195698
2013-07-03 17:00:00,5.373463152222749e-07,4.019866752520506e-05,0.131065876069383,0.06553320670784911
2013-07-03 18:00:00,0.27186387020182035,0.31767893429668104,0.1337104713378387,0.20278717076982952
2013-07-03 19:00:00,0.28989898989898993,0.3260787992495309,0.135987481705709,0.21294323580234947
2013-07-03 20:00:00,0.2824171212757029,0.3247943595769683,0.11063085447868169,0.1965239878771923
2013-07-03 21:00:00,0.262589928057554,0.32017844886753605,0.0882936219878408,0.1754417750226974
2013-07-03 22:00:00,0.023622047244094488,0.31277777777777777,0.08421044172376085,0.05391624448392767
2013-07-03 23:00:00,0.2709572742022715,0.32310524700828475,0.0785968135243789,0.1747770438633252
2013-07-04 00:00:00,0.266065388951522,0.32142857142857145,0.07194938498845764,0.16900738696998982
2013-07-04 01:00:00,0.2810374149659864,0.32433723429663247,0.07194938498845764,0.17649339997722202
2013-07-04 02:00:00,0.27787091366303435,0.3222827373904807,0.07459516454237697,0.17623303910270566
2013-07-04 03:00:00,0.27172131147540984,0.3180649684505725,0.08244925295126693,0.17708528221333839
2013-07-04 04:00:00,2.1883444882167374e-06,8.157284251827544e-05,0.09291047758223149,0.04645633296335985
2013-07-04 05:00:00,2.257694873215194e-07,4.498952804464007e-06,0.11890111667146905,0.05945067122047819
2013-07-04 06:00:00,8.288926691394271e-08,8.449806879663765e-07,0.13269686160844402,0.06634847224885547
2013-07-04 07:00:00,2.2260318531356785e-08,1.858844361192251e-07,0.11877769807618753,0.05938886016825303
2013-07-04 08:00:00,1.6936087164440437e-08,1.328533299665728e-07,0.13511685583287578,0.06755843638448147
2013-07-04 09:00:00,1.4301698613221017e-08,9.771239256925049e-08,0.1301537547564123,0.06507688452905545
2013-07-04 10:00:00,2.1044924558364893e-08,1.2691597467259168e-07,0.10404913406044292,0.052024577552683735
2013-07-04 11:00:00,2.5493035952650154e-08,1.4376236655857335e-07,0.11783073307119887,0.05891537928211741
2013-07-04 12:00:00,2.6131038219857516e-08,1.4844854365243514e-07,0.1231261023198437,0.06156306422544096
2013-07-04 13:00:00,2.6226399780761282e-08,1.5447407467612037e-07,0.12954076950605295,0.06477039786622636
2013-07-04 14:00:00,1.8898715289902923e-08,1.4346673712222486e-07,0.13506947475284886,0.06753474682578207
2013-07-04 15:00:00,5.156592301042683e-08,5.088910940111381e-07,0.10998557140165398,0.05499281148378849
2013-07-04 16:00:00,1.3386264407636382e-07,5.471940101142949e-05,0.1272569007456398,0.06362851730414194
2013-07-04 17:00:00,3.989092579835705e-07,0.0001281164391083486,0.131065876069383,0.06553313748932049
2013-07-04 18:00:00,0.27580709445994417,0.3203559510567297,0.1337104713378387,0.20475878289889143
2013-07-04 19:00:00,0.28311057108140947,0.32489356934797226,0.135987481705709,0.20954902639355924
2013-07-04 20:00:00,0.2905982905982906,0.3277103476650895,0.11063085447868169,0.20061457253848616
2013-07-04 21:00:00,0.2827740492170023,0.32616845788552873,0.0882936219878408,0.18553383560242154
2013-07-04 22:00:00,0.024000000000000004,0.3126089482858804,0.08421044172376085,0.05410522086188043
2013-07-04 23:00:00,0.024456521739130436,0.31400688863375426,0.0785968135243789,0.05152666763175467
2013-07-05 00:00:00,0.31206445993031356,0.33380952380952383,0.07194938498845764,0.1920069224593856
2013-07-05 01:00:00,0.3227296726504752,0.3361968549796156,0.07194938498845764,0.19733952881946643
2013-07-05 02:00:00,0.2856605193827625,0.32513144058885385,0.07459516454237697,0.18012784196256973
2013-07-05 03:00:00,0.28169014084507044,0.32214765100671144,0.08244925295126693,0.18206969689816868
2013-07-05 04:00:00,0.012145748987854253,0.2617848970251716,0.09291047758223149,0.05252811328504287
2013-07-05 05:00:00,2.797326916358632e-07,6.1317076468685324e-06,0.11890111667146905,0.05945069820208034
2013-07-05 06:00:00,7.480387012996616e-08,9.49140524051148e-07,0.13269686160844402,0.06634846820615707
2013-07-05 07:00:00,3.3498389725706206e-08,2.542978924955354e-07,0.11877769807618753,0.05938886578728863
2013-07-05 08:00:00,1.569065435598847e-08,1.1117240328046577e-07,0.13511685583287578,0.06755843576176507
2013-07-05 09:00:00,1.4229646294583264e-08,9.721884256719098e-08,0.1301537547564123,0.0650768844930293
2013-07-05 10:00:00,2.4215798604952058e-08,1.4378395368201232e-07,0.10404913406044292,0.05202457913812076
2013-07-05 11:00:00,2.4945935505510093e-08,1.509963088784521e-07,0.11783073307119887,0.05891537900856719
2013-07-05 12:00:00,2.531952758521597e-08,1.552036391597475e-07,0.1231261023198437,0.06156306381968564
2013-07-05 13:00:00,2.6111563832437745e-08,1.639927457140815e-07,0.12954076950605295,0.06477039780880839
2013-07-05 14:00:00,2.2819387159647984e-08,1.6168142025024682e-07,0.13506947475284886,0.06753474878611801
2013-07-05 15:00:00,7.512713711752156e-08,7.332632779029204e-07,0.10998557140165398,0.05499282326439555
2013-07-05 16:00:00,1.8878323635066522e-07,0.07426536019579123,0.1272569007456398,0.06362854476443808
2013-07-05 17:00:00,5.430257066559445e-07,9.240785235954387e-05,0.131065876069383,0.06553320954754482
2013-07-05 18:00:00,0.3195428003478693,0.3341147269718698,0.1337104713378387,0.226626635842854
2013-07-05 19:00:00,0.32097850259451444,0.3349072743447615,0.135987481705709,0.22848299215011172
2013-07-05 20:00:00,0.3207214024467146,0.33489314150020955,0.11063085447868169,0.21567612846269815
2013-07-05 21:00:00,0.024725274725274728,0.29175257731958765,0.0882936219878408,0.05650944835655776
2013-07-05 22:00:00,0.02425876010781671,0.29058116232464926,0.08421044172376085,0.054234600915788786
2013-07-05 23:00:00,0.02521008403361345,0.2879640044994375,0.0785968135243789,0.05190344877899618
2013-07-06 00:00:00,0.0234375,0.27917121046892035,0.07194938498845764,0.04769344249422882
2013-07-06 01:00:00,0.02179176755447942,0.2712933753943217,0.07194938498845764,0.04687057627146853
2013-07-06 02:00:00,0.019354838709677424,0.25793650793650796,0.07459516454237697,0.0469750016260272
2013-07-06 03:00:00,0.017316017316017316,0.24694104560622912,0.08244925295126693,0.04988263513364212
2013-07-06 04:00:00,0.012598425196850394,0.20134874759152213,0.09291047758223149,0.05275445138954094
2013-07-06 05:00:00,2.840724685911725e-07,4.2590630638120056e-06,0.11890111667146905,0.05945070037196882
2013-07-06 06:00:00,7.930435614545872e-08,6.501893122506963e-07,0.13269686160844402,0.06634847045640008
2013-07-06 07:00:00,3.021111588200578e-08,2.140538524632599e-07,0.11877769807618753,0.05938886414365171
2013-07-06 08:00:00,3.051343523335714e-08,1.9642697727814935e-07,0.13511685583287578,0.0675584431731555
2013-07-06 09:00:00,3.052815633737508e-08,1.910809174324211e-07,0.1301537547564123,0.06507689264228432
2013-07-06 10:00:00,3.0497437295261175e-08,1.9961782206842155e-07,0.10404913406044292,0.05202458227894011
2013-07-06 11:00:00,3.226095447324426e-08,2.086121041347738e-07,0.11783073307119887,0.058915382666076675
2013-07-06 12:00:00,3.458979375558755e-08,2.1300658270809722e-07,0.1231261023198437,0.06156306845481872
2013-07-06 13:00:00,3.541837488996839e-08,2.18317683230211e-07,0.12954076950605295,0.06477040246221392
2013-07-06 14:00:00,3.42179837951841e-08,2.2604119661085886e-07,0.13506947475284886,0.06753475448541633
2013-07-06 15:00:00,4.237015362768029e-08,3.6453307210750433e-07,0.10998557140165398,0.0549928068859038
2013-07-06 16:00:00,2.676906225592471e-07,0.09653055715017686,0.1272569007456398,0.06362858421813118
2013-07-06 17:00:00,6.63106619145008e-07,0.17765400513463112,0.131065876069383,0.06553326958800107
2013-07-06 18:00:00,0.02013422818791947,0.2933247753530167,0.1337104713378387,0.07692234976287908
2013-07-06 19:00:00,0.021428571428571425,0.2981987991994663,0.135987481705709,0.07870802656714022
2013-07-06 20:00:00,0.02173913043478261,0.3003194888178914,0.11063085447868169,0.06618499245673215
2013-07-06 21:00:00,0.021686746987951807,0.30199252801992527,0.0882936219878408,0.054990184487896304
2013-07-06 22:00:00,0.02195121951219512,0.3038438071995119,0.08421044172376085,0.053080830617977984
2013-07-06 23:00:00,0.021226415094339625,0.3006654567453116,0.0785968135243789,0.04991161430935927
2013-07-07 00:00:00,0.02036199095022625,0.298655756867329,0.07194938498845764,0.04615568796934194
2013-07-07 01:00:00,0.018556701030927835,0.29237770193401597,0.07194938498845764,0.04525304300969274
2013-07-07 02:00:00,0.016728624535315987,0.2855603448275862,0.07459516454237697,0.045661894538846476
2013-07-07 03:00:00,0.014634146341463417,0.2765000000000001,0.08244925295126693,0.04854169964636517
2013-07-07 04:00:00,1.6097807056111523e-06,3.100829662872606e-05,0.09291047758223149,0.04645604368146855
2013-07-07 05:00:00,2.933700219088732e-07,3.786018437528007e-06,0.11890111667146905,0.05945070502074548
2013-07-07 06:00:00,5.725867016509507e-08,4.926271750739459e-07,0.13269686160844402,0.06634845943355709
2013-07-07 07:00:00,3.7774856466248306e-08,2.580873758252021e-07,0.11877769807618753,0.059388867925522
2013-07-07 08:00:00,3.036892319744877e-08,2.0716032793786818e-07,0.13511685583287578,0.06755844310089949
2013-07-07 09:00:00,2.8988484517781867e-08,1.9196385823921248e-07,0.1301537547564123,0.06507689187244842
2013-07-07 10:00:00,2.999265569839913e-08,1.8481168811540923e-07,0.10404913406044292,0.052024582026549304
2013-07-07 11:00:00,3.2427210424578544e-08,1.8131069623179767e-07,0.11783073307119887,0.05891538274920465
2013-07-07 12:00:00,3.4928650546954726e-08,1.863639756778446e-07,0.1231261023198437,0.06156306862424712
2013-07-07 13:00:00,3.3900667788914374e-08,1.909877560649771e-07,0.12954076950605295,0.06477040170336038
2013-07-07 14:00:00,3.5240313151530985e-08,2.1021475212075935e-07,0.13506947475284886,0.067534754996581
2013-07-07 15:00:00,2.9463244793631036e-08,2.0129968920669988e-07,0.10998557140165398,0.05499280043244938
2013-07-07 16:00:00,1.601494642920345e-07,0.05102233557876443,0.1272569007456398,0.06362853044755205
2013-07-07 17:00:00,5.205289684781538e-07,0.15702266193845543,0.131065876069383,0.06553319829917574
2013-07-07 18:00:00,0.018907563025210086,0.28940886699507395,0.1337104713378387,0.07630901718152439
2013-07-07 19:00:00,0.020594965675057215,0.29503916449086165,0.135987481705709,0.07829122369038312
2013-07-07 20:00:00,0.021686746987951807,0.30038510911424904,0.11063085447868169,0.06615880073331674
2013-07-07 21:00:00,0.022004889975550123,0.3020899303356555,0.0882936219878408,0.05514925598169546
2013-07-07 22:00:00,0.021686746987951807,0.30191004313000613,0.08421044172376085,0.05294859435585633
2013-07-07 23:00:00,0.021686746987951814,0.30722559293987867,0.0785968135243789,0.05014178025616536
2013-07-08 00:00:00,0.020881670533642694,0.3004778972520908,0.07194938498845764,0.046415527761050165
2013-07-08 01:00:00,0.019867549668874177,0.29677419354838713,0.07194938498845764,0.04590846732866591
2013-07-08 02:00:00,0.020785219399538108,0.2869429241594996,0.07459516454237697,0.047690191970957536
2013-07-08 03:00:00,0.01660516605166052,0.2841589548176375,0.08244925295126693,0.04952720950146372
2013-07-08 04:00:00,2.051573363009722e-06,7.336155446213004e-05,0.09291047758223149,0.04645626457779725
2013-07-08 05:00:00,3.03712990009589e-07,6.397967959264655e-06,0.11890111667146905,0.05945071019222953
2013-07-08 06:00:00,7.468907832960325e-08,6.350297563604012e-07,0.13269686160844402,0.06634846814876118
2013-07-08 07:00:00,2.612573369877661e-08,1.851078206447751e-07,0.11877769807618753,0.059388862100960615
2013-07-08 08:00:00,2.7545518556231395e-08,1.6754144398236927e-07,0.13511685583287578,0.06755844168919717
2013-07-08 09:00:00,2.7123400868702862e-08,1.5580030514009096e-07,0.1301537547564123,0.06507689093990658
2013-07-08 10:00:00,2.604988413879865e-08,1.4903702047573257e-07,0.10404913406044292,0.05202458005516353
2013-07-08 11:00:00,2.7138977018696166e-08,1.4962699901047233e-07,0.11783073307119887,0.05891538010508795
2013-07-08 12:00:00,2.7432860611193706e-08,1.5158777924476072e-07,0.1231261023198437,0.06156306487635215
2013-07-08 13:00:00,2.7619495309146346e-08,1.587339017147547e-07,0.12954076950605295,0.06477039856277413
2013-07-08 14:00:00,1.8567780674502858e-08,1.315576125319151e-07,0.13506947475284886,0.06753474666031477
2013-07-08 15:00:00,6.817564770465847e-08,1.1385973765124996e-06,0.10998557140165398,0.054992819788650844
2013-07-08 16:00:00,1.496334093695503e-07,0.06164607502467278,0.1272569007456398,0.06362852518952458
2013-07-08 17:00:00,4.059313241777478e-07,2.543849041492746e-05,0.131065876069383,0.06553314100035358
2013-07-08 18:00:00,0.2657963446475195,0.31886678722121764,0.1337104713378387,0.1997534079926791
2013-07-08 19:00:00,0.27055702917771884,0.3221986030974795,0.135987481705709,0.20327225544171393
2013-07-08 20:00:00,0.26943844492440605,0.3220547523838819,0.11063085447868169,0.19003464970154388
2013-07-08 21:00:00,0.02601156069364162,0.3071786310517529,0.0882936219878408,0.05715259134074121
2013-07-08 22:00:00,0.02425876010781671,0.3077455048409405,0.08421044172376085,0.054234600915788786
2013-07-08 23:00:00,0.0237467018469657,0.30329670329670333,0.0785968135243789,0.0511717576856723
2013-07-09 00:00:00,0.025352112676056342,0.2985645933014354,0.07194938498845764,0.04865074883225699
2013-07-09 01:00:00,0.23684210526315785,0.30873049346267395,0.07194938498845764,0.15439574512580775
2013-07-09 02:00:00,0.02158273381294964,0.2865546218487395,0.07459516454237697,0.04808894917766331
2013-07-09 03:00:00,0.018947368421052633,0.27964860907759886,0.08244925295126693,0.05069831068615978
2013-07-09 04:00:00,0.012912482065997134,0.2585492227979274,0.09291047758223149,0.052911479824114316
2013-07-09 05:00:00,2.9043041464750307e-07,8.230996044834923e-06,0.11890111667146905,0.05945070355094185
2013-07-09 06:00:00,6.671299661905205e-08,5.992891704538859e-07,0.13269686160844402,0.06634846416072032
2013-07-09 07:00:00,2.1006610002923348e-08,1.5415296076302695e-07,0.11877769807618753,0.05938885954139877
2013-07-09 08:00:00,1.5987536542845504e-08,1.132759264423353e-07,0.13511685583287578,0.06755843591020616
2013-07-09 09:00:00,2.6314056900779846e-08,1.4826571696361278e-07,0.1301537547564123,0.0650768905352346
2013-07-09 10:00:00,2.505207554065907e-08,1.4136052975895171e-07,0.10404913406044292,0.05202457955625923
2013-07-09 11:00:00,2.5586609046873996e-08,1.459151956987313e-07,0.11783073307119887,0.05891537932890396
2013-07-09 12:00:00,2.649925005797374e-08,1.5460830141444953e-07,0.1231261023198437,0.061563064409546876
2013-07-09 13:00:00,2.7398909212892358e-08,1.6168978618016918e-07,0.12954076950605295,0.06477039845248109
2013-07-09 14:00:00,2.5583897944910076e-08,1.9907164250477488e-07,0.13506947475284886,0.0675347501683734
2013-07-09 15:00:00,8.766544244214041e-08,0.03903523809224616,0.10998557140165398,0.05499282953354821
2013-07-09 16:00:00,1.6768347384547872e-07,0.06259048037212951,0.1272569007456398,0.06362853421455683
2013-07-09 17:00:00,4.0736803855548384e-07,0.00015991103231569794,0.131065876069383,0.06553314171871077
2013-07-09 18:00:00,0.32657129455909945,0.337809917355372,0.1337104713378387,0.23014088294846907
2013-07-09 19:00:00,0.3271186440677966,0.3382343157474552,0.135987481705709,0.23155306288675281
2013-07-09 20:00:00,0.3266971682947941,0.3381275440976933,0.11063085447868169,0.2186640113867379
2013-07-09 21:00:00,0.31175889328063233,0.33481182795698927,0.0882936219878408,0.20002625763423657
2013-07-09 22:00:00,0.32507100438936226,0.3374254896395118,0.08421044172376085,0.20464072305656156
2013-07-09 23:00:00,0.02777777777777778,0.30828516377649323,0.0785968135243789,0.05318729565107834
2013-07-10 00:00:00,0.027777777777777776,0.30351437699680517,0.07194938498845764,0.04986358138311771
2013-07-10 01:00:00,0.02387267904509284,0.29629629629629634,0.07194938498845764,0.04791103201677524
2013-07-10 02:00:00,0.020881670533642694,0.2882882882882883,0.07459516454237697,0.04773841753800983
2013-07-10 03:00:00,0.019027484143763214,0.2741157556270096,0.08244925295126693,0.05073836854751507
2013-07-10 04:00:00,0.012032085561497327,0.2550073277967758,0.09291047758223149,0.05247128157186441
2013-07-10 05:00:00,2.7517260029370545e-07,4.882860566678687e-06,0.11890111667146905,0.05945069592203467
2013-07-10 06:00:00,5.468403602264938e-08,5.064532438380084e-07,0.13269686160844402,0.06634845814624002
2013-07-10 07:00:00,2.0970434392692344e-08,1.4858104728391248e-07,0.11877769807618753,0.05938885952331096
2013-07-10 08:00:00,1.6473847783118147e-08,1.167215622764248e-07,0.13511685583287578,0.06755843615336178
2013-07-10 09:00:00,2.5688946284464698e-08,1.4853290828276105e-07,0.1301537547564123,0.06507689022267929
2013-07-10 10:00:00,2.4122208899615587e-08,1.4198753606062712e-07,0.10404913406044292,0.052024579091325907
2013-07-10 11:00:00,2.45652875536818e-08,1.4478771544231074e-07,0.11783073307119887,0.058915378818243214
2013-07-10 12:00:00,2.5334424323722665e-08,1.512863152573941e-07,0.1231261023198437,0.06156306382713401
2013-07-10 13:00:00,2.6062160755368987e-08,1.6666640329259729e-07,0.12954076950605295,0.06477039778410686
2013-07-10 14:00:00,4.1905919785280773e-08,3.2607549460502926e-07,0.13506947475284886,0.06753475832938433
2013-07-10 15:00:00,1.461590405337167e-07,0.06046771676725342,0.10998557140165398,0.05499285878034726
2013-07-10 16:00:00,2.3776461507585063e-07,0.0885378199575746,0.1272569007456398,0.06362856925512744
2013-07-10 17:00:00,5.522250250710161e-07,0.16205101813930384,0.131065876069383,0.06553321414720403
2013-07-10 18:00:00,0.3269402889656054,0.3384690804678199,0.1337104713378387,0.23032538015172205
2013-07-10 19:00:00,0.23958333333333334,0.32383262583383865,0.135987481705709,0.18778540751952116
2013-07-10 20:00:00,0.31664081542211386,0.33653730625976214,0.11063085447868169,0.21363583495039778
2013-07-10 21:00:00,0.2838742916022669,0.32952598515134207,0.0882936219878408,0.18608395679505385
2013-07-10 22:00:00,0.25356576862123614,0.3222424794895168,0.08421044172376085,0.1688881051724985
2013-07-10 23:00:00,0.025936599423631124,0.3149454778704298,0.0785968135243789,0.05226670647400501
2013-07-11 00:00:00,0.024390243902439025,0.31116687578419067,0.07194938498845764,0.048169814445448336
2013-07-11 01:00:00,0.02387267904509284,0.30254041570438805,0.07194938498845764,0.04791103201677524
2013-07-11 02:00:00,0.025714285714285714,0.29379760609357997,0.07459516454237697,0.05015472512833134
2013-07-11 03:00:00,0.01778656126482214,0.29186602870813405,0.08244925295126693,0.050117907108044535
2013-07-11 04:00:00,0.014084507042253525,0.2814782982380748,0.09291047758223149,0.05349749231224251
2013-07-11 05:00:00,2.930141364303853e-07,5.727722586042278e-06,0.11890111667146905,0.05945070484280274
2013-07-11 06:00:00,9.663925553240813e-08,1.0270705975560316e-06,0.13269686160844402,0.06634847912384978
2013-07-11 07:00:00,3.76648806043059e-08,2.64482716125983e-07,0.11877769807618753,0.059388867870534066
2013-07-11 08:00:00,2.3684054149231948e-08,1.6780777652760322e-07,0.13511685583287578,0.06755843975846497
2013-07-11 09:00:00,2.4543833425256803e-08,1.599388924435472e-07,0.1301537547564123,0.06507688965012287
2013-07-11 10:00:00,2.3923419030422743e-08,1.5394492596326676e-07,0.10404913406044292,0.05202457899193097
2013-07-11 11:00:00,2.45883173920988e-08,1.5366275581483913e-07,0.11783073307119887,0.058915378829758135
2013-07-11 12:00:00,2.5365235934615216e-08,1.7260055329472624e-07,0.1231261023198437,0.06156306384253982
2013-07-11 13:00:00,3.813320957157797e-08,2.6053531979871e-07,0.12954076950605295,0.06477040381963126
2013-07-11 14:00:00,1.0725529324982555e-07,1.1263261642446809e-06,0.13506947475284886,0.06753479100407106
2013-07-11 15:00:00,3.004160010574644e-07,0.10471134820327317,0.10998557140165398,0.05499293590882752
2013-07-11 16:00:00,3.94512921415963e-07,0.13392650064752232,0.1272569007456398,0.06362864762928061
2013-07-11 17:00:00,8.786982456496627e-07,0.0003630919142303451,0.131065876069383,0.06553337738381432
2013-07-11 18:00:00,0.2552048354600403,0.318305479984454,0.1337104713378387,0.1944576533989395
2013-07-11 19:00:00,0.25520110957004155,0.31947221111555385,0.135987481705709,0.19559429563787528
2013-07-11 20:00:00,0.2551724137931034,0.31953840031834463,0.11063085447868169,0.18290163413589255
2013-07-11 21:00:00,0.024793388429752067,0.30741279069767447,0.0882936219878408,0.05654350520879643
2013-07-11 22:00:00,0.02647058823529412,0.306948109058927,0.08421044172376085,0.05534051497952749
2013-07-11 23:00:00,0.026392961876832845,0.30639431616341034,0.0785968135243789,0.052494887700605876
2013-07-12 00:00:00,0.024793388429752067,0.3004329004329004,0.07194938498845764,0.048371386709104854
2013-07-12 01:00:00,0.023622047244094488,0.29591836734693877,0.07194938498845764,0.047785716116276064
2013-07-12 02:00:00,0.021897810218978103,0.28855721393034817,0.07459516454237697,0.048246487380677536
2013-07-12 03:00:00,0.019650655021834062,0.2774659182036888,0.08244925295126693,0.051049953986550496
2013-07-12 04:00:00,2.126172761459008e-06,7.082947955215686e-05,0.09291047758223149,0.04645630187749648
2013-07-12 05:00:00,3.3812587945602015e-07,8.384874644412868e-06,0.11890111667146905,0.059450727398674255
2013-07-12 06:00:00,1.0643770679230855e-07,1.28126477963452e-06,0.13269686160844402,0.0663484840230754
2013-07-12 07:00:00,3.393392995968989e-08,2.5760428529880676e-07,0.11877769807618753,0.059388866005058744
2013-07-12 08:00:00,1.8412187680044345e-08,1.3045518203136043e-07,0.13511685583287578,0.06755843712253173
2013-07-12 09:00:00,1.6069564932331198e-08,1.0978981954868e-07,0.1301537547564123,0.06507688541298862
2013-07-12 10:00:00,2.6184129012136268e-08,1.5259683702023683e-07,0.10404913406044292,0.05202458012228597
2013-07-12 11:00:00,2.6904467723624823e-08,1.5413137505349214e-07,0.11783073307119887,0.0589153799878333
2013-07-12 12:00:00,2.793599353583458e-08,1.5679451067760745e-07,0.1231261023198437,0.06156306512791861
2013-07-12 13:00:00,2.9229692378922815e-08,1.6431647150363196e-07,0.12954076950605295,0.06477039936787267
2013-07-12 14:00:00,1.8167534205787986e-08,1.5170768305309926e-07,0.13506947475284886,0.06753474646019153
2013-07-12 15:00:00,5.8786052068569896e-08,6.885232024573341e-07,0.10998557140165398,0.05499281509385302
2013-07-12 16:00:00,1.338158236319339e-07,1.3769821940852338e-05,0.1272569007456398,0.06362851728073173
2013-07-12 17:00:00,3.9935793892965157e-07,1.4821040649937668e-05,0.131065876069383,0.06553313771366097
2013-07-12 18:00:00,0.01754385964912281,0.2812113720642769,0.1337104713378387,0.07562716549348075
2013-07-12 19:00:00,0.01943844492440605,0.2897617514488088,0.135987481705709,0.07771296331505753
2013-07-12 20:00:00,0.020134228187919465,0.29269882659713164,0.11063085447868169,0.06538254133330058
2013-07-12 21:00:00,0.021686746987951814,0.28988941548183256,0.0882936219878408,0.054990184487896304
2013-07-12 22:00:00,0.0234375,0.28882575757575757,0.08421044172376085,0.05382397086188043
2013-07-12 23:00:00,0.022613065326633167,0.2849109653233365,0.0785968135243789,0.050604939425506035
2013-07-13 00:00:00,0.02356020942408377,0.2807203389830508,0.07194938498845764,0.047754797206270704
2013-07-13 01:00:00,0.02147971360381862,0.27417746759720835,0.07194938498845764,0.04671454929613813
2013-07-13 02:00:00,0.020224719101123598,0.2627291242362525,0.07459516454237697,0.04740994182175028
2013-07-13 03:00:00,0.019867549668874177,0.2522026431718062,0.08244925295126693,0.05115840131007055
2013-07-13 04:00:00,2.1388378464148666e-06,4.282218059067413e-05,0.09291047758223149,0.04645630821003895
2013-07-13 05:00:00,2.4876649908822407e-07,4.0602048113663065e-06,0.11890111667146905,0.05945068271898407
2013-07-13 06:00:00,7.171862717064494e-08,5.444411583185997e-07,0.13269686160844402,0.0663484666635356
2013-07-13 07:00:00,2.828934633872538e-08,2.0043756379193913e-07,0.11877769807618753,0.059388863182766934
2013-07-13 08:00:00,3.156712531384826e-08,1.9118026795316542e-07,0.13511685583287578,0.06755844370000054
2013-07-13 09:00:00,3.323908170123072e-08,1.847770598048405e-07,0.1301537547564123,0.065076893997747
2013-07-13 10:00:00,3.306316684963456e-08,1.733162194479131e-07,0.10404913406044292,0.05202458356180488
2013-07-13 11:00:00,3.623589845285638e-08,1.7632513843531515e-07,0.11783073307119887,0.05891538465354866
2013-07-13 12:00:00,3.669114732630631e-08,1.8023440445549597e-07,0.1231261023198437,0.06156306950549551
2013-07-13 13:00:00,3.648234061357898e-08,1.9060746826039734e-07,0.12954076950605295,0.06477040299419679
2013-07-13 14:00:00,2.072288782449383e-08,1.4158040893361687e-07,0.13506947475284886,0.06753474773786834
2013-07-13 15:00:00,4.28010839845331e-08,2.8430330581385636e-07,0.10998557140165398,0.05499280710136898
2013-07-13 16:00:00,2.0550846956917924e-07,0.07931654290262247,0.1272569007456398,0.06362855312705469
2013-07-13 17:00:00,5.028604096937854e-07,0.154102548941848,0.131065876069383,0.06553318946489635
2013-07-13 18:00:00,0.02005012531328321,0.24684431977559604,0.1337104713378387,0.07688029832556095
2013-07-13 19:00:00,0.021276595744680854,0.2511013215859031,0.135987481705709,0.07863203872519493
2013-07-13 20:00:00,0.02168021680216802,0.2558823529411765,0.11063085447868169,0.06615553564042485
2013-07-13 21:00:00,0.02168021680216802,0.25768667642752563,0.0882936219878408,0.05498691939500441
2013-07-13 22:00:00,0.021333333333333333,0.2543352601156069,0.08421044172376085,0.05277188752854709
2013-07-13 23:00:00,0.020671834625323,0.24964539007092196,0.0785968135243789,0.04963432407485095
2013-07-14 00:00:00,0.019559902200489,0.24417009602194786,0.07194938498845764,0.04575464359447332
2013-07-14 01:00:00,0.0182648401826484,0.23722149410222806,0.07194938498845764,0.04510711258555302
2013-07-14 02:00:00,0.016632016632016633,0.22469135802469137,0.07459516454237697,0.0456135905871968
2013-07-14 03:00:00,0.014519056261343014,0.2098214285714286,0.08244925295126693,0.04848415460630497
2013-07-14 04:00:00,0.011142061281337049,0.1766917293233083,0.09291047758223149,0.05202626943178427
2013-07-14 05:00:00,2.0800701613608479e-07,2.436253619415678e-06,0.11890111667146905,0.059450662339242594
2013-07-14 06:00:00,3.5724632248253994e-08,3.073581301314909e-07,0.13269686160844402,0.06634844866653813
2013-07-14 07:00:00,2.1508253670465936e-08,1.5239171310191836e-07,0.11877769807618753,0.0593888597922206
2013-07-14 08:00:00,3.1354394784041745e-08,1.7406798136043952e-07,0.13511685583287578,0.06755844359363528
2013-07-14 09:00:00,3.041492928564425e-08,1.6505910207078199e-07,0.1301537547564123,0.0650768925856708
2013-07-14 10:00:00,3.135120462771369e-08,1.7198819042453455e-07,0.10404913406044292,0.052024582705823774
2013-07-14 11:00:00,3.3054477315444925e-08,1.857724797790612e-07,0.11783073307119887,0.0589153830628381
2013-07-14 12:00:00,3.4155419362971374e-08,1.9210991624356295e-07,0.1231261023198437,0.06156306823763153
2013-07-14 13:00:00,3.5960431873758935e-08,1.9644910243860275e-07,0.12954076950605295,0.06477040273324242
2013-07-14 14:00:00,3.5768025469314054e-08,2.0211040995267114e-07,0.13506947475284886,0.06753475526043716
2013-07-14 15:00:00,2.5236256151936794e-08,1.7241987404191783e-07,0.10998557140165398,0.054992798318955066
2013-07-14 16:00:00,1.1837830073661047e-07,1.7748331822497227e-06,0.1272569007456398,0.06362850956197028
2013-07-14 17:00:00,4.0688571796318614e-07,9.403601943333277e-06,0.131065876069383,0.06553314147755047
2013-07-14 18:00:00,0.015414258188824666,0.2274678111587983,0.1337104713378387,0.07456236476333168
2013-07-14 19:00:00,0.017467248908296946,0.2428078250863061,0.135987481705709,0.07672736530700298
2013-07-14 20:00:00,0.0186046511627907,0.25089179548156954,0.11063085447868169,0.0646177528207362
2013-07-14 21:00:00,0.019184652278177464,0.25544794188861986,0.0882936219878408,0.05373913713300913
2013-07-14 22:00:00,0.019277108433734945,0.25606796116504854,0.08421044172376085,0.0517437750787479
2013-07-14 23:00:00,0.018912529550827426,0.25478468899521534,0.0785968135243789,0.04875467153760316
2013-07-15 00:00:00,0.023323615160349857,0.2699115044247788,0.07194938498845764,0.047636500074403745
2013-07-15 01:00:00,0.022222222222222223,0.2639885222381636,0.07194938498845764,0.04708580360533993
2013-07-15 02:00:00,0.020887728459530026,0.25658807212205276,0.07459516454237697,0.047741446500953494
2013-07-15 03:00:00,0.015209125475285173,0.22703273495248155,0.08244925295126693,0.04882918921327605
2013-07-15 04:00:00,0.012176560121765604,0.20055452865064696,0.09291047758223149,0.052543518851998545
2013-07-15 05:00:00,2.850476610378543e-07,5.274476451410144e-06,0.11890111667146905,0.059450700859565046
2013-07-15 06:00:00,1.2549290925622073e-07,1.2112388759447372e-06,0.13269686160844402,0.06634849355067664
2013-07-15 07:00:00,3.0661915323523165e-08,2.560419121678635e-07,0.11877769807618753,0.05938886436905143
2013-07-15 08:00:00,1.977036822745772e-08,1.3507562208702543e-07,0.13511685583287578,0.067558437801622
2013-07-15 09:00:00,2.7340865681070986e-08,1.5870915519228376e-07,0.1301537547564123,0.065076891048639
2013-07-15 10:00:00,2.615835769250465e-08,1.5123062323332877e-07,0.10404913406044292,0.0520245801094003
2013-07-15 11:00:00,2.57729372612481e-08,1.5094119718932285e-07,0.11783073307119887,0.058915379422068065
2013-07-15 12:00:00,2.672070900372995e-08,1.5436695805678806e-07,0.1231261023198437,0.06156306452027635
2013-07-15 13:00:00,2.6603265055964885e-08,1.626602081808482e-07,0.12954076950605295,0.064770398054659
2013-07-15 14:00:00,2.4648787236121786e-08,1.68406083201961e-07,0.13506947475284886,0.06753474970081805
2013-07-15 15:00:00,7.142028813270493e-08,7.590461807104306e-07,0.10998557140165398,0.05499282141097105
2013-07-15 16:00:00,1.8181873058016867e-07,0.07210484715547374,0.1272569007456398,0.06362854128218519
2013-07-15 17:00:00,4.6958316771830686e-07,2.6694489136590507e-05,0.131065876069383,0.06553317282627535
2013-07-15 18:00:00,0.3173076923076923,0.33438863694703513,0.1337104713378387,0.2255090818227655
2013-07-15 19:00:00,0.32212070874861565,0.3361504492157759,0.135987481705709,0.22905409522716233
2013-07-15 20:00:00,0.3188209385058445,0.33574834922964053,0.11063085447868169,0.2147258964922631
2013-07-15 21:00:00,0.2879361076082388,0.3282015395381386,0.0882936219878408,0.1881148647980398
2013-07-15 22:00:00,0.23513266239707228,0.3153055705786912,0.08421044172376085,0.15967155206041656
2013-07-15 23:00:00,0.024456521739130436,0.3137813211845103,0.0785968135243789,0.05152666763175467
2013-07-16 00:00:00,0.02349869451697128,0.31091954022988505,0.07194938498845764,0.047724039752714456
2013-07-16 01:00:00,0.022443890274314218,0.30834752981260644,0.07194938498845764,0.04719663763138593
2013-07-16 02:00:00,0.021126760563380288,0.30412946428571425,0.07459516454237697,0.047860962552878625
2013-07-16 03:00:00,0.01914893617021277,0.2964769647696477,0.08244925295126693,0.050799094560739846
2013-07-16 04:00:00,0.012857142857142859,0.2800614675374568,0.09291047758223149,0.052883810219687175
2013-07-16 05:00:00,3.727342571648532e-07,1.7794121262472153e-05,0.11890111667146905,0.05945074470286311
2013-07-16 06:00:00,6.397089682431517e-08,6.394066616979644e-07,0.13269686160844402,0.06634846278967042
2013-07-16 07:00:00,1.9727297986583307e-08,1.4476495093975716e-07,0.11877769807618753,0.05938885890174276
2013-07-16 08:00:00,1.52492340919685e-08,1.0804484513972863e-07,0.13511685583287578,0.06755843554105494
2013-07-16 09:00:00,2.573029613375198e-08,1.4295245356920193e-07,0.1301537547564123,0.06507689024335422
2013-07-16 10:00:00,2.563774488618431e-08,1.3916645079115276e-07,0.10404913406044292,0.0520245798490939
2013-07-16 11:00:00,2.6680453702182422e-08,1.4223327834858188e-07,0.11783073307119887,0.05891537987582629
2013-07-16 12:00:00,2.765786785994509e-08,1.4850052093982746e-07,0.1231261023198437,0.061563064988855776
2013-07-16 13:00:00,2.7582831265275316e-08,1.553753250379867e-07,0.12954076950605295,0.06477039854444211
2013-07-16 14:00:00,1.7854819817550168e-08,1.4006023611237137e-07,0.13506947475284886,0.06753474630383434
2013-07-16 15:00:00,4.954562900987742e-08,4.199984216835431e-07,0.10998557140165398,0.0549928104736415
2013-07-16 16:00:00,1.1709892735479686e-07,2.1778944887235456e-06,0.1272569007456398,0.06362850892228358
2013-07-16 17:00:00,4.1704061308306453e-07,2.138640162536652e-05,0.131065876069383,0.06553314655499803
2013-07-16 18:00:00,0.3413625874364907,0.34137348403403134,0.1337104713378387,0.2375365293871647
2013-07-16 19:00:00,0.34136481488888964,0.34137474194405915,0.135987481705709,0.23867614829729933
2013-07-16 20:00:00,0.3413660091383645,0.3413754251909986,0.11063085447868169,0.2259984318085231
2013-07-16 21:00:00,0.34136766846045286,0.34137639192109626,0.0882936219878408,0.21483064522414683
2013-07-16 22:00:00,0.32587658665326125,0.3377529176161867,0.08421044172376085,0.20504351418851105
2013-07-16 23:00:00,0.26821608040201,0.3244301994301994,0.0785968135243789,0.17340644696319446
2013-07-17 00:00:00,0.26453674121405746,0.3232617400800874,0.07194938498845764,0.16824306310125756
2013-07-17 01:00:00,0.26279216677195194,0.32189306358381503,0.07194938498845764,0.1673707758802048
2013-07-17 02:00:00,0.2597162245527452,0.3195035460992908,0.07459516454237697,0.16715569454756107
2013-07-17 03:00:00,0.34136489037527923,0.3413747882685707,0.08244925295126693,0.21190707166327308
2013-07-17 04:00:00,0.3413570165076651,0.34137048327850394,0.09291047758223149,0.21713374704494828
2013-07-17 05:00:00,4.64143161554465e-07,0.14734471882657238,0.11890111667146905,0.0594507904073153
2013-07-17 06:00:00,7.515931170347838e-08,7.824827286907254e-07,0.13269686160844402,0.06634846838387785
2013-07-17 07:00:00,1.9677254975705477e-08,1.3941857990783874e-07,0.11877769807618753,0.059388858876721254
2013-07-17 08:00:00,1.5259216241079666e-08,1.0425434610015709e-07,0.13511685583287578,0.06755843554604601
2013-07-17 09:00:00,2.6843694028381358e-08,1.4679208807390453e-07,0.1301537547564123,0.06507689080005316
2013-07-17 10:00:00,2.5193122076128243e-08,1.375580221010908e-07,0.10404913406044292,0.052024579626782495
2013-07-17 11:00:00,2.6294197555125194e-08,1.4056718003327964e-07,0.11783073307119887,0.058915379682698214
2013-07-17 12:00:00,2.6794291808379444e-08,1.4520051085411732e-07,0.1231261023198437,0.061563064557067754
2013-07-17 13:00:00,2.707379811084993e-08,1.5277378805572427e-07,0.12954076950605295,0.06477039828992553
2013-07-17 14:00:00,1.7632613356897404e-08,1.2493168746484038e-07,0.13506947475284886,0.06753474619273112
2013-07-17 15:00:00,4.892727440147509e-08,4.890413327706016e-07,0.10998557140165398,0.05499281016446419
2013-07-17 16:00:00,1.303795678065091e-07,3.5740997200215244e-06,0.1272569007456398,0.06362851556260381
2013-07-17 17:00:00,4.20623644657145e-07,0.00019743527745028514,0.131065876069383,0.06553314834651383
2013-07-17 18:00:00,0.34136300769246564,0.34137383854329034,0.1337104713378387,0.23753673951515217
2013-07-17 19:00:00,0.3413652924420814,0.3413750231899458,0.135987481705709,0.2386763870738952
2013-07-17 20:00:00,0.3413657783858982,0.3413754133705188,0.11063085447868169,0.22599831643228996
2013-07-17 21:00:00,0.31406861616394194,0.33507990568509305,0.0882936219878408,0.20118111907589137
2013-07-17 22:00:00,0.32691845080586956,0.3381252070221928,0.08421044172376085,0.2055644462648152
2013-07-17 23:00:00,0.2718505123568415,0.32573179033356026,0.0785968135243789,0.1752236629406102
2013-07-18 00:00:00,0.2661596958174905,0.32396396396396393,0.07194938498845764,0.16905454040297407
2013-07-18 01:00:00,0.26430348258706465,0.32220248667850804,0.07194938498845764,0.16812643378776115
2013-07-18 02:00:00,0.26089588377723977,0.31941544885177453,0.07459516454237697,0.16774552415980837
2013-07-18 03:00:00,0.3225496091401082,0.3356662000933147,0.08244925295126693,0.20249943104568757
2013-07-18 04:00:00,0.34135687487329697,0.34137037665151343,0.09291047758223149,0.21713367622776422
2013-07-18 05:00:00,4.745568956807941e-07,0.00019986747778084533,0.11890111667146905,0.059450795614182365
2013-07-18 06:00:00,6.522004902134545e-08,5.776261415635751e-07,0.13269686160844402,0.06634846341424652
2013-07-18 07:00:00,2.6648728164132074e-08,1.686903553076221e-07,0.11877769807618753,0.05938886236245785
2013-07-18 08:00:00,1.5752715634277267e-08,1.0762604040747937e-07,0.13511685583287578,0.0675584357927957
2013-07-18 09:00:00,2.7068585108724983e-08,1.5123994404211692e-07,0.1301537547564123,0.0650768909124987
2013-07-18 10:00:00,2.5055449379840883e-08,1.4295587847358894e-07,0.10404913406044292,0.05202457955794615
2013-07-18 11:00:00,2.5916511513151074e-08,1.4705720477880795e-07,0.11783073307119887,0.05891537949385519
2013-07-18 12:00:00,2.676675649144033e-08,1.5325655448625557e-07,0.1231261023198437,0.06156306454330009
2013-07-18 13:00:00,2.718208564283281e-08,1.598443300933894e-07,0.12954076950605295,0.0647703983440693
2013-07-18 14:00:00,2.5608701058115038e-08,1.701039879212949e-07,0.13506947475284886,0.06753475018077496
2013-07-18 15:00:00,6.929498262575562e-08,1.196744342497973e-06,0.10998557140165398,0.0549928203483183
2013-07-18 16:00:00,1.3658076045405455e-07,0.06235650703840432,0.1272569007456398,0.06362851866320013
2013-07-18 17:00:00,4.3275020883803827e-07,3.562251940341478e-05,0.131065876069383,0.06553315440979592
2013-07-18 18:00:00,0.3227752639517346,0.3360593249705455,0.1337104713378387,0.22824286764478666
2013-07-18 19:00:00,0.3246984126984127,0.3371955049905773,0.135987481705709,0.23034294720206086
2013-07-18 20:00:00,0.2873665480427046,0.32889546351084814,0.11063085447868169,0.19899870126069316
2013-07-18 21:00:00,0.2888198757763975,0.3298107643155566,0.0882936219878408,0.18855674888211915
2013-07-18 22:00:00,0.3413676779402982,0.34137642182047057,0.08421044172376085,0.21278905983202953
2013-07-18 23:00:00,0.32531678303594513,0.3375551444428632,0.0785968135243789,0.20195679828016203
2013-07-19 00:00:00,0.29624277456647397,0.33061143198566023,0.07194938498845764,0.1840960797774658
2013-07-19 01:00:00,0.29405405405405405,0.32941176470588235,0.07194938498845764,0.18300171952125585
2013-07-19 02:00:00,0.25625,0.31778741865509763,0.07459516454237697,0.16542258227118847
2013-07-19 03:00:00,0.2438867438867439,0.31043643263757115,0.08244925295126693,0.16316799841900542
2013-07-19 04:00:00,0.31651954602774274,0.33202798998523464,0.09291047758223149,0.2047150118049871
2013-07-19 05:00:00,3.3677629720523205e-07,1.2981459096118333e-05,0.11890111667146905,0.05945072672388313
2013-07-19 06:00:00,6.969699602694599e-08,5.820035764119772e-07,0.13269686160844402,0.06634846565272003
2013-07-19 07:00:00,2.1268191339822184e-08,1.560725129255757e-07,0.11877769807618753,0.05938885967218943
2013-07-19 08:00:00,1.6487756554713116e-08,1.168201074440422e-07,0.13511685583287578,0.06755843616031616
2013-07-19 09:00:00,2.6995832491363315e-08,1.5408546745367666e-07,0.1301537547564123,0.0650768908761224
2013-07-19 10:00:00,2.4813048977335977e-08,1.4474441007944102e-07,0.10404913406044292,0.052024579436745946
2013-07-19 11:00:00,2.5952997754209247e-08,1.4721918579622317e-07,0.11783073307119887,0.05891537951209831
2013-07-19 12:00:00,2.6866722491536742e-08,1.5279292133257816e-07,0.1231261023198437,0.06156306459328309
2013-07-19 13:00:00,2.6855775488939605e-08,1.5886469218800882e-07,0.12954076950605295,0.06477039818091422
2013-07-19 14:00:00,2.6865500023372987e-08,1.784521870021678e-07,0.13506947475284886,0.06753475080917444
2013-07-19 15:00:00,8.184703364160442e-08,4.528751979715278e-06,0.10998557140165398,0.05499282662434381
2013-07-19 16:00:00,1.42945440028551e-07,0.06471531416883616,0.1272569007456398,0.06362852184553992
2013-07-19 17:00:00,4.441590421009473e-07,2.2514740692936284e-05,0.131065876069383,0.06553316011421255
2013-07-19 18:00:00,0.34135267837620237,0.3413656688855269,0.1337104713378387,0.23753157485702053
2013-07-19 19:00:00,0.026086956521739132,0.30990173847316704,0.135987481705709,0.08103721911372408
2013-07-19 20:00:00,0.026706231454005934,0.31216526396327465,0.11063085447868169,0.06866854296634381
2013-07-19 21:00:00,0.23540315106580165,0.3165664297430289,0.0882936219878408,0.1618483865268212
2013-07-19 22:00:00,0.3252788104089219,0.3373354253359711,0.08421044172376085,0.2047446260663414
2013-07-19 23:00:00,0.2346014492753623,0.31511254019292606,0.0785968135243789,0.1565991313998706
2013-07-20 00:00:00,0.023316062176165803,0.31416623105070574,0.07194938498845764,0.04763272358231172
2013-07-20 01:00:00,0.022277227722772283,0.30976794387479767,0.07194938498845764,0.04711330635561496
2013-07-20 02:00:00,0.02059496567505721,0.304552590266876,0.07459516454237697,0.04759506510871709
2013-07-20 03:00:00,0.01825557809330629,0.2971627675460428,0.08244925295126693,0.05035241552228661
2013-07-20 04:00:00,0.013119533527696795,0.2724416517055655,0.09291047758223149,0.05301500555496414
2013-07-20 05:00:00,3.0688295112148656e-07,6.522994414365708e-06,0.11890111667146905,0.059450711777210084
2013-07-20 06:00:00,5.617082707880536e-08,5.372795601662367e-07,0.13269686160844402,0.06634845888963554
2013-07-20 07:00:00,2.0732119414298828e-08,1.4689256567859086e-07,0.11877769807618753,0.05938885940415347
2013-07-20 08:00:00,3.358880117123702e-08,1.812477055802604e-07,0.13511685583287578,0.06755844471083848
2013-07-20 09:00:00,3.268112199172179e-08,1.6803139065355388e-07,0.1301537547564123,0.06507689371876715
2013-07-20 10:00:00,3.2347213436359634e-08,1.6433547663313857e-07,0.10404913406044292,0.052024583203828176
2013-07-20 11:00:00,3.393381288974751e-08,1.7201839136542596e-07,0.11783073307119887,0.05891538350250588
2013-07-20 12:00:00,3.57346744731366e-08,1.8478929250353234e-07,0.1231261023198437,0.06156306902725908
2013-07-20 13:00:00,3.5730523961336e-08,1.9454405380206596e-07,0.12954076950605295,0.06477040261828845
2013-07-20 14:00:00,3.4870675648283344e-08,2.0535681465294802e-07,0.13506947475284886,0.06753475481176226
2013-07-20 15:00:00,3.7458092003722776e-08,2.488128127679248e-07,0.10998557140165398,0.05499280442987299
2013-07-20 16:00:00,1.6936880193810758e-07,0.06815284054174559,0.1272569007456398,0.06362853505722087
2013-07-20 17:00:00,4.7024017151017524e-07,9.32090355807843e-06,0.131065876069383,0.06553317315477726
2013-07-20 18:00:00,0.2561855670103093,0.3129862357869539,0.1337104713378387,0.194948019174074
2013-07-20 19:00:00,0.2621784345922277,0.31813895001571835,0.135987481705709,0.19908295814896837
2013-07-20 20:00:00,0.27402661409561363,0.32284122562674095,0.11063085447868169,0.19232873428714767
2013-07-20 21:00:00,0.27430025445292616,0.3237575409365125,0.0882936219878408,0.18129693822038348
2013-07-20 22:00:00,0.26122707147375085,0.32100108813928185,0.08421044172376085,0.17271875659875585
2013-07-20 23:00:00,0.2390939597315436,0.31568530430479963,0.0785968135243789,0.15884538662796124
2013-07-21 00:00:00,0.23848019401778495,0.3139034878165313,0.07194938498845764,0.1552147895031213
2013-07-21 01:00:00,0.23468575974542563,0.31107954545454547,0.07194938498845764,0.15331757236694163
2013-07-21 02:00:00,0.24302788844621517,0.31085848686789497,0.07459516454237697,0.15881152649429608
2013-07-21 03:00:00,0.23652504755865567,0.3055344958301744,0.08244925295126693,0.1594871502549613
2013-07-21 04:00:00,0.014586709886547814,0.2949946751863684,0.09291047758223149,0.05374859373438965
2013-07-21 05:00:00,3.352293782809877e-07,7.91720302182674e-06,0.11890111667146905,0.059450725950423666
2013-07-21 06:00:00,5.298871521852196e-08,3.51974120770909e-07,0.13269686160844402,0.06634845729857962
2013-07-21 07:00:00,2.3226780298063234e-08,1.6456793860266435e-07,0.11877769807618753,0.05938886065148392
2013-07-21 08:00:00,3.274715882648199e-08,1.8130231751164634e-07,0.13511685583287578,0.0675584442900173
2013-07-21 09:00:00,3.106034295753935e-08,1.643846775580851e-07,0.1301537547564123,0.06507689290837763
2013-07-21 10:00:00,3.196411801872631e-08,1.6315488270052222e-07,0.10404913406044292,0.05202458301228047
2013-07-21 11:00:00,3.402993440911635e-08,1.6872673363797342e-07,0.11783073307119887,0.05891538355056664
2013-07-21 12:00:00,3.555828390317024e-08,1.7666151545678664e-07,0.1231261023198437,0.0615630689390638
2013-07-21 13:00:00,3.7735878960507855e-08,1.9046971920869343e-07,0.12954076950605295,0.06477040362096595
2013-07-21 14:00:00,3.580862267814504e-08,1.9855202625651996e-07,0.13506947475284886,0.06753475528073577
2013-07-21 15:00:00,2.5072449978268455e-08,1.776449512378567e-07,0.10998557140165398,0.05499279823705198
2013-07-21 16:00:00,1.3431337525124438e-07,1.332257633476553e-05,0.1272569007456398,0.06362851752950753
2013-07-21 17:00:00,4.450788961687312e-07,2.661538793617187e-05,0.131065876069383,0.06553316057413958
2013-07-21 18:00:00,0.3208871068788372,0.33497263974509933,0.1337104713378387,0.22729878910833795
2013-07-21 19:00:00,0.29570068920249426,0.3289497387858043,0.135987481705709,0.21584408545410164
2013-07-21 20:00:00,0.32447284345047916,0.3370328744029221,0.11063085447868169,0.21755184896458044
2013-07-21 21:00:00,0.302660406885759,0.33224699828473414,0.0882936219878408,0.1954770144367999
2013-07-21 22:00:00,0.325318429945412,0.3376391664287754,0.08421044172376085,0.20476443583458642
2013-07-21 23:00:00,0.3025982256020278,0.33234936620941136,0.0785968135243789,0.19059751956320337
2013-07-22 00:00:00,0.2820638820638821,0.32738258720131835,0.07194938498845764,0.17700663352616988
2013-07-22 01:00:00,0.2807785888077859,0.326608505997819,0.07194938498845764,0.17636398689812177
2013-07-22 02:00:00,0.27863330125120306,0.3249458874458874,0.07459516454237697,0.17661423289679
2013-07-22 03:00:00,0.2744641192917055,0.3220786072276444,0.08244925295126693,0.1784566861214862
2013-07-22 04:00:00,0.32467326732673274,0.3345607829836717,0.09291047758223149,0.2087918724544821
2013-07-22 05:00:00,6.811136419948639e-07,7.501652689908272e-05,0.11890111667146905,0.059450898892555525
2013-07-22 06:00:00,8.922879109710815e-08,1.6341446757221088e-06,0.13269686160844402,0.06634847541861756
2013-07-22 07:00:00,1.9720651450422362e-08,1.546965897111847e-07,0.11877769807618753,0.05938885889841949
2013-07-22 08:00:00,1.5301767924951275e-08,1.045450645430833e-07,0.13511685583287578,0.06755843556732186
2013-07-22 09:00:00,2.2683089848762308e-08,1.3218031562808847e-07,0.1301537547564123,0.06507688871975108
2013-07-22 10:00:00,2.819941994357164e-08,1.471824752465106e-07,0.10404913406044292,0.05202458112993143
2013-07-22 11:00:00,2.8671705814535925e-08,1.4789336662591949e-07,0.11783073307119887,0.058915380871452344
2013-07-22 12:00:00,2.9644293966494872e-08,1.5391927909773566e-07,0.1231261023198437,0.06156306598206883
2013-07-22 13:00:00,2.9497668858225476e-08,1.6070807836475886e-07,0.12954076950605295,0.0647703995018609
2013-07-22 14:00:00,1.757656140694843e-08,1.245345382642932e-07,0.13506947475284886,0.06753474616470513
2013-07-22 15:00:00,4.9285689766083635e-08,4.365021533493051e-07,0.10998557140165398,0.05499281034367187
2013-07-22 16:00:00,1.1821034153125007e-07,2.0078742997103713e-06,0.1272569007456398,0.06362850947799067
2013-07-22 17:00:00,4.4861794270391207e-07,0.14447637791425955,0.131065876069383,0.06553316234366285
2013-07-22 18:00:00,0.3413632423907488,0.34137385616629434,0.1337104713378387,0.23753685686429374
2013-07-22 19:00:00,0.34136548302355546,0.34137511142287863,0.135987481705709,0.23867648236463224
2013-07-22 20:00:00,0.3413663475970686,0.34137564948395677,0.11063085447868169,0.22599860103787514
2013-07-22 21:00:00,0.3413679161194323,0.3413764631509215,0.0882936219878408,0.21483076905363654
2013-07-22 22:00:00,0.34136814371013485,0.34137663724208356,0.08421044172376085,0.21278929271694785
2013-07-22 23:00:00,0.3413679698029902,0.3413765551029906,0.0785968135243789,0.20998239166368457
2013-07-23 00:00:00,0.34136770285866674,0.34137639120724883,0.07194938498845764,0.2066585439235622
2013-07-23 01:00:00,0.3249398962419335,0.3373015873015874,0.07194938498845764,0.19844464061519557
2013-07-23 02:00:00,0.32466747279322855,0.33684491265502065,0.07459516454237697,0.19963131866780276
2013-07-23 03:00:00,0.3413633257175924,0.34137067868447696,0.08244925295126693,0.21190628933442968
2013-07-23 04:00:00,0.3413584227302037,0.34137116570425885,0.09291047758223149,0.2171344501562176
2013-07-23 05:00:00,5.032965363915273e-07,0.00019708105351851627,0.11890111667146905,0.05945080998400272
2013-07-23 06:00:00,7.863555715213196e-08,8.868965780604965e-07,0.13269686160844402,0.06634847012200058
2013-07-23 07:00:00,2.0673636668415887e-08,1.464781775712468e-07,0.11877769807618753,0.0593888593749121
2013-07-23 08:00:00,1.6282684775906836e-08,1.1536711571448609e-07,0.13511685583287578,0.06755843605778028
2013-07-23 09:00:00,1.4160046168547331e-08,9.674372620966519e-08,0.1301537547564123,0.06507688445822923
2013-07-23 10:00:00,1.324963076370642e-08,9.052366340025661e-08,0.10404913406044292,0.05202457365503684
2013-07-23 11:00:00,1.3073308709320605e-08,8.931898235760543e-08,0.11783073307119887,0.05891537307225379
2013-07-23 12:00:00,1.3819411223155677e-08,9.441642852570406e-08,0.1231261023198437,0.06156305806962746
2013-07-23 13:00:00,1.5823315008018176e-08,1.0810842972798112e-07,0.12954076950605295,0.06477039266468398
2013-07-23 14:00:00,1.938623477943896e-08,1.373565505213851e-07,0.13506947475284886,0.06753474706954182
2013-07-23 15:00:00,5.803362632738016e-08,5.139788592565229e-07,0.10998557140165398,0.05499281471764015
2013-07-23 16:00:00,1.5541446210442722e-07,2.6693017935318957e-06,0.1272569007456398,0.06362852808005096
2013-07-23 17:00:00,6.367921524565318e-07,0.17414104517492962,0.131065876069383,0.06553325643076773
2013-07-23 18:00:00,0.3413631350817788,0.341373841137624,0.1337104713378387,0.23753680320980874
2013-07-23 19:00:00,0.34136480430431587,0.3413747839182329,0.135987481705709,0.23867614300501244
2013-07-23 20:00:00,0.34136745794956863,0.3413762338687783,0.11063085447868169,0.22599915621412517
2013-07-23 21:00:00,0.325254104769351,0.3375787063537493,0.0882936219878408,0.2067738633785959
2013-07-23 22:00:00,0.3413679583412445,0.3413763433169105,0.08421044172376085,0.21278920003250268
2013-07-23 23:00:00,0.32557840616966577,0.337753015022216,0.0785968135243789,0.20208760984702234
2013-07-24 00:00:00,0.3256714553404122,0.3375739238069041,0.07194938498845764,0.19881042016443493
2013-07-24 01:00:00,0.3413673151648204,0.34137615349163364,0.07194938498845764,0.20665835007663902
2013-07-24 02:00:00,0.34121085263293466,0.34129958080626877,0.07459516454237697,0.2079030085876558
2013-07-24 03:00:00,0.3413652116286858,0.34137494047456934,0.08244925295126693,0.21190723228997638
2013-07-24 04:00:00,0.34136037370399913,0.3413722376124406,0.09291047758223149,0.2171354256431153
2013-07-24 05:00:00,3.6760173929537616e-07,4.3001354403149565e-05,0.11890111667146905,0.05945074213660417
2013-07-24 06:00:00,1.0128321657467429e-07,1.2398115125129562e-06,0.13269686160844402,0.06634848144583029
2013-07-24 07:00:00,3.1508768965236355e-08,2.5713356992252894e-07,0.11877769807618753,0.05938886479247825
2013-07-24 08:00:00,2.0353683377924975e-08,1.4421119102637213e-07,0.13511685583287578,0.06755843809327958
2013-07-24 09:00:00,1.87901869250927e-08,1.2837873392578787e-07,0.1301537547564123,0.06507688677329962
2013-07-24 10:00:00,1.7636168800521598e-08,1.204942002682781e-07,0.10404913406044292,0.05202457584830586
2013-07-24 11:00:00,1.782698945948942e-08,1.2179793840208204e-07,0.11783073307119887,0.058915375449094164
2013-07-24 12:00:00,2.1425317994034033e-08,1.4638257589332056e-07,0.1231261023198437,0.06156306187258084
2013-07-24 13:00:00,3.073290353162858e-08,2.1775074861929698e-07,0.12954076950605295,0.06477040011947824
2013-07-24 14:00:00,6.441524125802644e-08,4.2787402708934025e-07,0.13506947475284886,0.06753476958404506
2013-07-24 15:00:00,2.403256316178169e-07,3.2382924894191074e-06,0.10998557140165398,0.0549929058636428
2013-07-24 16:00:00,4.0238478259440814e-07,0.08834875020392935,0.1272569007456398,0.0636286515652112
2013-07-24 17:00:00,8.058237779794327e-07,0.19414593156056942,0.131065876069383,0.06553334094658049
2013-07-24 18:00:00,0.3413643961457662,0.34137453570680043,0.1337104713378387,0.23753743374180245
2013-07-24 19:00:00,0.3413659675024359,0.3413754203326166,0.135987481705709,0.23867672460407247
2013-07-24 20:00:00,0.3413664574590783,0.34137576232025674,0.11063085447868169,0.22599865596888
2013-07-24 21:00:00,0.34136944248974643,0.34137729089422664,0.0882936219878408,0.21483153223879362
2013-07-24 22:00:00,0.3413694101682365,0.3413772961027821,0.08421044172376085,0.2127899259459987
2013-07-24 23:00:00,0.3413693036212815,0.3413771983975744,0.0785968135243789,0.2099830585728302
2013-07-25 00:00:00,0.34136893371305005,0.3413770211166468,0.07194938498845764,0.20665915935075385
2013-07-25 01:00:00,0.34136867365996937,0.3413769147454742,0.07194938498845764,0.2066590293242135
2013-07-25 02:00:00,0.34136820136083973,0.3413766607843032,0.07459516454237697,0.20798168295160835
2013-07-25 03:00:00,0.3413672881750722,0.3413761468268442,0.08244925295126693,0.21190827056316958
2013-07-25 04:00:00,0.34136155430105736,0.34137303358658616,0.09291047758223149,0.21713601594164442
2013-07-25 05:00:00,4.6056645375191247e-07,0.14671074783242236,0.11890111667146905,0.0594507886189614
2013-07-25 06:00:00,1.310695395667975e-07,2.736224988338396e-06,0.13269686160844402,0.06634849633899179
2013-07-25 07:00:00,4.1096038581881583e-08,3.68129609575463e-07,0.11877769807618753,0.05938886958611306
2013-07-25 08:00:00,1.8715294474896344e-08,1.562817291868646e-07,0.13511685583287578,0.06755843727408513
2013-07-25 09:00:00,1.560616238661421e-08,1.0662476487166086e-07,0.1301537547564123,0.06507688518128735
2013-07-25 10:00:00,1.3757845852995225e-08,9.399665374697746e-08,0.10404913406044292,0.05202457390914438
2013-07-25 11:00:00,1.324872111199166e-08,9.05181949416743e-08,0.11783073307119887,0.05891537315995999
2013-07-25 12:00:00,1.4011019377179083e-08,9.572637131554603e-08,0.1231261023198437,0.06156305816543153
2013-07-25 13:00:00,1.5844766582398565e-08,1.1627367567591192e-07,0.12954076950605295,0.06477039267540977
2013-07-25 14:00:00,2.5891876262645665e-08,1.768988021361494e-07,0.13506947475284886,0.06753475032236256
2013-07-25 15:00:00,5.4503511615833824e-08,4.896100371216124e-07,0.10998557140165398,0.0549928129525828
2013-07-25 16:00:00,1.4771595436528957e-07,0.030171486952611563,0.1272569007456398,0.06362852423079708
2013-07-25 17:00:00,4.925224961018213e-07,0.1080304044046852,0.131065876069383,0.06553318429593954
2013-07-25 18:00:00,0.3413634407057699,0.34137401526706546,0.1337104713378387,0.2375369560218043
2013-07-25 19:00:00,0.34136508543715655,0.3413749642459111,0.135987481705709,0.23867628357143278
2013-07-25 20:00:00,0.3413658524966866,0.34137536026645937,0.11063085447868169,0.22599835348768416
2013-07-25 21:00:00,0.3413681804598664,0.3413766043622973,0.0882936219878408,0.2148309012238536
2013-07-25 22:00:00,0.34136916707174064,0.3413755532086668,0.08421044172376085,0.21278980439775075
2013-07-25 23:00:00,0.3413690352207986,0.34137704811003733,0.0785968135243789,0.20998292437258875
2013-07-26 00:00:00,0.3413687016625311,0.341376852079204,0.07194938498845764,0.20665904332549437
2013-07-26 01:00:00,0.3413683354514776,0.3413766719455106,0.07194938498845764,0.20665886021996763
2013-07-26 02:00:00,0.34136771560462376,0.34137631764094795,0.07459516454237697,0.20798144007350036
2013-07-26 03:00:00,0.34136674324737426,0.34137576964985494,0.08244925295126693,0.2119079980993206
2013-07-26 04:00:00,0.34135902101252275,0.34137158713902066,0.09291047758223149,0.2171347492973771
2013-07-26 05:00:00,4.33963696140163e-07,0.14174985518115404,0.11890111667146905,0.059450775317582596
2013-07-26 06:00:00,9.29627835232716e-08,1.3143886585160572e-06,0.13269686160844402,0.06634847728561377
2013-07-26 07:00:00,3.5154787231275055e-08,2.828845073506526e-07,0.11877769807618753,0.05938886661548738
2013-07-26 08:00:00,1.6149557564298538e-08,1.1442384394791164e-07,0.13511685583287578,0.06755843599121666
2013-07-26 09:00:00,1.3955323529591406e-08,9.53458760998138e-08,0.1301537547564123,0.06507688435586792
2013-07-26 10:00:00,1.3302905921800547e-08,9.088838916582395e-08,0.10404913406044292,0.052024573681674416
2013-07-26 11:00:00,1.3798931038209262e-08,9.427734655765629e-08,0.11783073307119887,0.058915373435064956
2013-07-26 12:00:00,1.4903633404479303e-08,1.0182496395047432e-07,0.1231261023198437,0.06156305861173855
2013-07-26 13:00:00,1.6665433980066608e-08,1.1807894496800041e-07,0.12954076950605295,0.06477039308574346
2013-07-26 14:00:00,2.6284692089058766e-08,1.7459421249617171e-07,0.13506947475284886,0.06753475051877048
2013-07-26 15:00:00,7.257173763890809e-08,8.60807437376259e-07,0.10998557140165398,0.054992821986695806
2013-07-26 16:00:00,1.4801030730623607e-07,1.0449193735467413e-05,0.1272569007456398,0.06362852437797356
2013-07-26 17:00:00,4.985439746252196e-07,0.10883308991643906,0.131065876069383,0.06553318730667881
2013-07-26 18:00:00,0.3413630986006145,0.3413737845095372,0.1337104713378387,0.2375367849692266
2013-07-26 19:00:00,0.34136708712054675,0.34137496897008374,0.135987481705709,0.23867728441312788
2013-07-26 20:00:00,0.34136793903064516,0.34137415629686085,0.11063085447868169,0.22599939675466343
2013-07-26 21:00:00,0.34136823304858577,0.341374615972523,0.0882936219878408,0.21483092751821328
2013-07-26 22:00:00,0.3413681759394316,0.341374605529622,0.08421044172376085,0.21278930883159622
2013-07-26 23:00:00,0.34136807189504975,0.3413744315218454,0.0785968135243789,0.20998244270971433
2013-07-27 00:00:00,0.34136778980718113,0.34137417808579645,0.07194938498845764,0.2066585873978194
2013-07-27 01:00:00,0.34136030070272166,0.34137035415610417,0.07194938498845764,0.20665484284558966
2013-07-27 02:00:00,0.321206871661614,0.33585321678872354,0.07459516454237697,0.19790101810199548
2013-07-27 03:00:00,0.3204382524009198,0.3351636120798398,0.08244925295126693,0.20144375267609335
2013-07-27 04:00:00,0.3413601250285621,0.3413666185569827,0.09291047758223149,0.2171353013053968
2013-07-27 05:00:00,4.6751500554342937e-07,8.279319316945118e-05,0.11890111667146905,0.059450792093237295
2013-07-27 06:00:00,7.037623145062878e-08,5.876755776508119e-07,0.13269686160844402,0.06634846599233774
2013-07-27 07:00:00,2.1281827904711467e-08,1.5078739751889354e-07,0.11877769807618753,0.05938885967900772
2013-07-27 08:00:00,1.6307646579378724e-08,1.1141736443338606e-07,0.13511685583287578,0.06755843607026117
2013-07-27 09:00:00,1.3953146487554902e-08,9.53296194066983e-08,0.1301537547564123,0.0650768843547794
2013-07-27 10:00:00,2.6074246346941596e-08,1.438216098115784e-07,0.10404913406044292,0.05202458006734463
2013-07-27 11:00:00,2.6882268192454033e-08,1.4697792162984797e-07,0.11783073307119887,0.05891537997673353
2013-07-27 12:00:00,2.7910337927765704e-08,1.5481531802618474e-07,0.1231261023198437,0.06156306511509081
2013-07-27 13:00:00,2.7515493722289667e-08,1.638123010260711e-07,0.12954076950605295,0.06477039851077333
2013-07-27 14:00:00,2.0398525586411203e-08,1.3936742098027244e-07,0.13506947475284886,0.06753474757568723
2013-07-27 15:00:00,3.634301137429044e-08,2.5520057737682197e-07,0.10998557140165398,0.05499280387233268
2013-07-27 16:00:00,1.4782698520184535e-07,3.3790707812210893e-06,0.1272569007456398,0.06362852428631251
2013-07-27 17:00:00,5.135744869890185e-07,0.05213238169216977,0.131065876069383,0.065533194821935
2013-07-27 18:00:00,0.017928286852589646,0.29982285208148807,0.1337104713378387,0.07581937909521418
2013-07-27 19:00:00,0.020089285714285716,0.3070294784580499,0.135987481705709,0.07803838370999737
2013-07-27 20:00:00,0.3281741867785939,0.3374829134934583,0.11063085447868169,0.2194025206286378
2013-07-27 21:00:00,0.34072237206331185,0.341080409305783,0.0882936219878408,0.21450799702557632
2013-07-27 22:00:00,0.3223236087906438,0.33591089670828606,0.08421044172376085,0.20326702525720233
2013-07-27 23:00:00,0.3223643362721967,0.3357594067563856,0.0785968135243789,0.2004805748982878
2013-07-28 00:00:00,0.3223198594024605,0.33539001104111194,0.07194938498845764,0.19713462219545907
2013-07-28 01:00:00,0.2747252747252747,0.31875,0.07194938498845764,0.17333732985686617
2013-07-28 02:00:00,0.030188679245283023,0.3013937282229965,0.07459516454237697,0.05239192189383
2013-07-28 03:00:00,0.025078369905956115,0.27804107424960506,0.08244925295126693,0.05376381142861152
2013-07-28 04:00:00,0.012413793103448277,0.21191553544494723,0.09291047758223149,0.05266213534283988
2013-07-28 05:00:00,3.9502881908060303e-07,5.735198034888747e-06,0.11890111667146905,0.05945075585014407
2013-07-28 06:00:00,3.54609665006987e-08,3.0508971023844554e-07,0.13269686160844402,0.06634844853470526
2013-07-28 07:00:00,2.9801686169469575e-08,1.860449886549766e-07,0.11877769807618753,0.05938886393893685
2013-07-28 08:00:00,2.9219765921039603e-08,1.6776714457188286e-07,0.13511685583287578,0.06755844252632084
2013-07-28 09:00:00,2.8875174229191893e-08,1.5713513457454493e-07,0.1301537547564123,0.06507689181579326
2013-07-28 10:00:00,2.9997849154215646e-08,1.5636225054133046e-07,0.10404913406044292,0.05202458202914603
2013-07-28 11:00:00,3.120748402902391e-08,1.5910199721444225e-07,0.11783073307119887,0.05891538213934145
2013-07-28 12:00:00,3.187553445310174e-08,1.6465373913243396e-07,0.1231261023198437,0.06156306709768907
2013-07-28 13:00:00,3.325326132746022e-08,1.7743369951596416e-07,0.12954076950605295,0.06477040137965714
2013-07-28 14:00:00,3.1833987537694223e-08,1.879163495520269e-07,0.13506947475284886,0.0675347532934182
2013-07-28 15:00:00,3.7037656731904765e-08,2.46020113297042e-07,0.10998557140165398,0.054992804219655356
2013-07-28 16:00:00,1.5240324679876984e-07,0.00011859787066640695,0.1272569007456398,0.0636285265744433
2013-07-28 17:00:00,4.645272477167035e-07,8.77179294654399e-06,0.131065876069383,0.06553317029831536
2013-07-28 18:00:00,0.3210836277974087,0.33476758589217026,0.1337104713378387,0.2273970495676237
2013-07-28 19:00:00,0.32172104510594046,0.3355541227881654,0.135987481705709,0.22885426340582474
2013-07-28 20:00:00,0.3229166666666667,0.33640385870747813,0.11063085447868169,0.2167737605726742
2013-07-28 21:00:00,0.3245513554791905,0.3370904508541025,0.0882936219878408,0.20642248873351565
2013-07-28 22:00:00,0.32423435419440744,0.33713784021071125,0.08421044172376085,0.20422239795908415
2013-07-28 23:00:00,0.32506676840900417,0.33732241584435574,0.0785968135243789,0.20183179096669154
2013-07-29 00:00:00,0.3413672864029839,0.34137378193476436,0.07194938498845764,0.20665833569572079
2013-07-29 01:00:00,0.33190974446579824,0.3388456549935149,0.07194938498845764,0.20192956472712795
2013-07-29 02:00:00,0.3318924760232338,0.33870905661829803,0.07459516454237697,0.20324382028280538
2013-07-29 03:00:00,0.33512086461513074,0.33928430573449364,0.08244925295126693,0.20878505878319883
2013-07-29 04:00:00,0.32791402590245244,0.3365096865648133,0.09291047758223149,0.21041225174234196
2013-07-29 05:00:00,5.345249359149147e-07,0.11213695080519086,0.11890111667146905,0.05945082559820248
2013-07-29 06:00:00,9.424866045851526e-08,1.6455883199146038e-06,0.13269686160844402,0.06634847792855224
2013-07-29 07:00:00,3.5997833967132795e-08,2.842029180195751e-07,0.11877769807618753,0.05938886703701075
2013-07-29 08:00:00,1.6601943161155744e-08,1.4283522005145688e-07,0.13511685583287578,0.06755843621740946
2013-07-29 09:00:00,1.4397501146664981e-08,1.202260258028805e-07,0.1301537547564123,0.06507688457695672
2013-07-29 10:00:00,1.3598522040099231e-08,1.135541623882125e-07,0.10404913406044292,0.05202457382948248
2013-07-29 11:00:00,1.3424792506742633e-08,1.1210343600598286e-07,0.11783073307119887,0.05891537324799569
2013-07-29 12:00:00,1.4178877389840333e-08,1.1840040790590955e-07,0.1231261023198437,0.06156305824936054
2013-07-29 13:00:00,1.6405124057380027e-08,1.4114187236873413e-07,0.12954076950605295,0.06477039295558851
2013-07-29 14:00:00,4.3763386180452174e-08,3.853786669320021e-07,0.13506947475284886,0.06753475925811753
2013-07-29 15:00:00,1.2354567628046098e-07,2.157114286599573e-06,0.10998557140165398,0.05499284747366513
2013-07-29 16:00:00,3.065849229506101e-07,2.3970716937768063e-05,0.1272569007456398,0.06362860366528138
2013-07-29 17:00:00,1.0452588972727688e-06,0.21542536857035044,0.131065876069383,0.06553346066414013
2013-07-29 18:00:00,0.34136369516461035,0.3413742260501584,0.1337104713378387,0.23753708325122452
2013-07-29 19:00:00,0.3413656170195744,0.3413752363472737,0.135987481705709,0.2386765493626417
2013-07-29 20:00:00,0.341367400301115,0.3413761958818053,0.11063085447868169,0.22599912738989836
2013-07-29 21:00:00,0.3248467075446547,0.33742779849382176,0.0882936219878408,0.20657016476624776
2013-07-29 22:00:00,0.27554347826086956,0.32570207570207577,0.08421044172376085,0.1798769599923152
2013-07-29 23:00:00,0.2992461488036709,0.33087308730873083,0.0785968135243789,0.1889214811640249
2013-07-30 00:00:00,0.025862068965517244,0.3068273092369478,0.07194938498845764,0.048905726976987446
2013-07-30 01:00:00,0.024390243902439025,0.3021978021978022,0.07194938498845764,0.048169814445448336
2013-07-30 02:00:00,0.022443890274314218,0.2947448591012948,0.07459516454237697,0.04851952740834559
2013-07-30 03:00:00,0.029126213592233014,0.2957937584803257,0.08244925295126693,0.05578773327174997
2013-07-30 04:00:00,0.31740696278511404,0.3327752477899813,0.09291047758223149,0.20515872018367276
2013-07-30 05:00:00,7.148892283112338e-07,0.0002994953584545533,0.11890111667146905,0.05945091578034868
2013-07-30 06:00:00,1.4608311720336141e-07,2.0654488336756983e-06,0.13269686160844402,0.06634850384578062
2013-07-30 07:00:00,2.622211189899914e-08,2.25602743679711e-07,0.11877769807618753,0.059388862149149714
2013-07-30 08:00:00,3.0970241293898694e-08,1.7735516741851574e-07,0.13511685583287578,0.06755844340155853
2013-07-30 09:00:00,2.999688092432149e-08,1.6496610945412157e-07,0.1301537547564123,0.06507689237664661
2013-07-30 10:00:00,2.7931472775724187e-08,1.6315205713715562e-07,0.10404913406044292,0.052024580995957845
2013-07-30 11:00:00,2.8527079287222778e-08,1.7026290402212626e-07,0.11783073307119887,0.05891538079913908
2013-07-30 12:00:00,2.979793306438646e-08,1.7381726093082197e-07,0.1231261023198437,0.06156306605888838
2013-07-30 13:00:00,2.4384757530244777e-08,1.5331579911644104e-07,0.12954076950605295,0.06477039694540523
2013-07-30 14:00:00,2.05951468840727e-08,1.7197943720041867e-07,0.13506947475284886,0.06753474767399788
2013-07-30 15:00:00,5.384908503134905e-08,5.177968197709652e-07,0.10998557140165398,0.05499281262536951
2013-07-30 16:00:00,1.4648237707955743e-07,0.06600389714649255,0.1272569007456398,0.06362852361400845
2013-07-30 17:00:00,5.280347122979402e-07,1.2915991806094795e-05,0.131065876069383,0.06553320205204764
2013-07-30 18:00:00,0.3413365114425619,0.3413554696099816,0.1337104713378387,0.2375234913902003
2013-07-30 19:00:00,0.3413539440991859,0.34136662638334453,0.135987481705709,0.23867071290244746
2013-07-30 20:00:00,0.34136247719795665,0.3413714359321584,0.11063085447868169,0.22599666583831918
2013-07-30 21:00:00,0.3413675156072776,0.34137410005378205,0.0882936219878408,0.2148305687975592
2013-07-30 22:00:00,0.3248777909895627,0.3374628703904949,0.08421044172376085,0.20454411635666178
2013-07-30 23:00:00,0.32547528517110275,0.3375871687587169,0.0785968135243789,0.20203604934774083
2013-07-31 00:00:00,0.3252935976764743,0.3374574268436783,0.07194938498845764,0.19862149133246598
2013-07-31 01:00:00,0.32491603433262845,0.3371495166929458,0.07194938498845764,0.19843270966054305
2013-07-31 02:00:00,0.3238473965452964,0.3365358221246226,0.07459516454237697,0.19922128054383667
2013-07-31 03:00:00,0.3220779220779221,0.3355461264713933,0.08244925295126693,0.2022635875145945
2013-07-31 04:00:00,0.32659273755164164,0.33590413401335156,0.09291047758223149,0.20975160756693656
2013-07-31 05:00:00,7.621926045467837e-07,4.6219593983687376e-05,0.11890111667146905,0.059450939432036796
2013-07-31 06:00:00,8.419669222950411e-08,9.222254834915475e-07,0.13269686160844402,0.06634847290256812
2013-07-31 07:00:00,2.0681217948636195e-08,1.726982046697605e-07,0.11877769807618753,0.05938885937870274
2013-07-31 08:00:00,1.5616056798138788e-08,1.0669236219173899e-07,0.13511685583287578,0.06755843572446629
2013-07-31 09:00:00,1.3587181620970876e-08,9.283062770389189e-08,0.1301537547564123,0.06507688417179697
2013-07-31 10:00:00,1.3208698345255221e-08,9.024471629636513e-08,0.10404913406044292,0.05202457363457063
2013-07-31 11:00:00,1.4071321751334714e-08,9.613837294292455e-08,0.11783073307119887,0.05891537357126031
2013-07-31 12:00:00,1.5596761089250347e-08,1.0656054478297077e-07,0.1231261023198437,0.06156305895830239
2013-07-31 13:00:00,1.8129813197233714e-08,1.238669198953042e-07,0.12954076950605295,0.06477039381793308
2013-07-31 14:00:00,2.209943969964563e-08,1.7894887588873775e-07,0.13506947475284886,0.06753474842614428
2013-07-31 15:00:00,5.8867352115498375e-08,5.883950764589611e-07,0.10998557140165398,0.05499281513450305
2013-07-31 16:00:00,1.3588204337990076e-07,2.6561757181441687e-06,0.1272569007456398,0.06362851831384159
2013-07-31 17:00:00,5.40424665702309e-07,0.00958083784580923,0.131065876069383,0.06553320824702435
2013-07-31 18:00:00,0.3413632555807624,0.341373994049699,0.1337104713378387,0.23753686345930056
2013-07-31 19:00:00,0.3413650620663749,0.3413749881827545,0.135987481705709,0.23867627188604196
2013-07-31 20:00:00,0.34136655934667987,0.3413757688032758,0.11063085447868169,0.22599870691268079
2013-07-31 21:00:00,0.3413670624621016,0.34137610688397785,0.0882936219878408,0.2148303422249712
2013-07-31 22:00:00,0.34136760211614353,0.34137632298302123,0.08421044172376085,0.2127890219199522
2013-07-31 23:00:00,0.34136838421292465,0.341374941140355,0.0785968135243789,0.20998259886865178
2013-08-01 00:00:00,0.3189783743475018,0.33631103441274995,0.07161157764641284,0.19529497599695733
2013-08-01 01:00:00,0.3071212537805883,0.33323321820093105,0.08175154098598243,0.19443639738328536
2013-08-01 02:00:00,0.3055930829505539,0.33219837157661,0.07796435643168527,0.19177871969111956
2013-08-01 03:00:00,0.3231376418352245,0.3361046749352597,0.09314622821109206,0.20814193502315825
2013-08-01 04:00:00,0.34136065311174807,0.34137246330791665,0.10689660695646731,0.22412863003410768
2013-08-01 05:00:00,1.1074036331206216e-06,0.21998314056238052,0.11866822554865407,0.0593346664761436
2013-08-01 06:00:00,8.257258230251099e-08,1.0745774383171731e-06,0.11590458380037626,0.05795233318647928
2013-08-01 07:00:00,2.0235709728969713e-08,1.4337536139680048e-07,0.11619968806442446,0.0580998541500671
2013-08-01 08:00:00,3.017524818538128e-08,1.6822947277680765e-07,0.12165796217354723,0.06082899617439771
2013-08-01 09:00:00,2.999558794896859e-08,1.5869884066617586e-07,0.1189751915048697,0.05948761075022882
2013-08-01 10:00:00,2.8819328870263187e-08,1.5238716956246217e-07,0.1104535088549175,0.055226768837123186
2013-08-01 11:00:00,2.933376536102957e-08,1.5301991518491485e-07,0.10547987288200525,0.052739951107885305
2013-08-01 12:00:00,2.9769427448968054e-08,1.5630801125797454e-07,0.11211398635501671,0.05605700806222208
2013-08-01 13:00:00,3.024336472675241e-08,1.6463216674004383e-07,0.12051606580179383,0.06025804802257928
2013-08-01 14:00:00,1.7939559328359163e-08,1.225669957667675e-07,0.12076350922147011,0.06038176358051472
2013-08-01 15:00:00,5.075866910058997e-08,5.073466394344399e-07,0.10509939246900672,0.05254972161383791
2013-08-01 16:00:00,1.413139829479557e-07,3.456664376805309e-06,0.11430683821408182,0.05715348976403238
2013-08-01 17:00:00,5.504065700442203e-07,0.1089776719409224,0.1135512899958927,0.05677592020123137
2013-08-01 18:00:00,0.34136396714740713,0.3413742931968857,0.11063304721945254,0.22599850718342984
2013-08-01 19:00:00,0.34136552537430503,0.3413751616656211,0.12089990878292385,0.23113271707861444
2013-08-01 20:00:00,0.3413662457133912,0.34137559145646956,0.09768654314564697,0.21952639442951907
2013-08-01 21:00:00,0.3413678157941271,0.34137642258798956,0.07950720804640211,0.2104375119202646
2013-08-01 22:00:00,0.3413682661794718,0.34137672742071923,0.07794323322130811,0.20965574970038997
2013-08-01 23:00:00,0.3413684055194515,0.34137498720121956,0.08024878203273762,0.21080859377609457
2013-08-02 00:00:00,0.34136801820915563,0.3413745417507272,0.07161157764641284,0.20648979792778424
2013-08-02 01:00:00,0.34136750347768313,0.34137624637637365,0.08175154098598243,0.21155952223183278
2013-08-02 02:00:00,0.34136636188877434,0.34137568017451897,0.07796435643168527,0.2096653591602298
2013-08-02 03:00:00,0.34136535594186385,0.34137506656728156,0.09314622821109206,0.21725579207647794
2013-08-02 04:00:00,0.34136140593093245,0.3413727850995101,0.10689660695646731,0.22412900644369987
2013-08-02 05:00:00,1.2382069387741066e-06,0.2285646199961977,0.11866822554865407,0.05933473187779642
2013-08-02 06:00:00,7.151686240077006e-08,6.876853097007984e-07,0.11590458380037626,0.05795232765861933
2013-08-02 07:00:00,2.0346045128626787e-08,1.441571364684075e-07,0.11619968806442446,0.058099854205234794
2013-08-02 08:00:00,3.021153725636925e-08,1.6870640204805073e-07,0.12165796217354723,0.06082899619254224
2013-08-02 09:00:00,2.985377353040844e-08,1.5788410228602266e-07,0.1189751915048697,0.059487610679321616
2013-08-02 10:00:00,2.923773311902465e-08,1.5181395921258216e-07,0.1104535088549175,0.055226769046325314
2013-08-02 11:00:00,2.8982277192585348e-08,1.5034784226206014e-07,0.10547987288200525,0.05273995093214122
2013-08-02 12:00:00,2.9934514358354236e-08,1.5646094248977307e-07,0.11211398635501671,0.05605700814476553
2013-08-02 13:00:00,3.1290110336125775e-08,1.684832793855073e-07,0.12051606580179383,0.060258048545952084
2013-08-02 14:00:00,3.0219085651253886e-08,1.7815770913679437e-07,0.12076350922147011,0.06038176972027788
2013-08-02 15:00:00,5.16448919608227e-08,5.162046742646898e-07,0.10509939246900672,0.05254972205694934
2013-08-02 16:00:00,1.4426623005507346e-07,0.03966303368349996,0.11430683821408182,0.05715349124015594
2013-08-02 17:00:00,5.71730408784066e-07,0.08657171201303913,0.1135512899958927,0.05677593086315074
2013-08-02 18:00:00,0.3413464381495229,0.3413592892530826,0.11063304721945254,0.22598974268448774
2013-08-02 19:00:00,0.3413631944732478,0.3413738450890043,0.12089990878292385,0.23113155162808582
2013-08-02 20:00:00,0.3196876180879204,0.33435561441416317,0.09768654314564697,0.20868708061678368
2013-08-02 21:00:00,0.34133465597174784,0.3413527126665787,0.07950720804640211,0.21042093200907497
2013-08-02 22:00:00,0.029411764705882353,0.30448717948717946,0.07794323322130811,0.053677498963595235
2013-08-02 23:00:00,0.029411764705882353,0.301980198019802,0.08024878203273762,0.054830273369309984
2013-08-03 00:00:00,0.027874564459930314,0.2937399678972713,0.07161157764641284,0.04974307105317158
2013-08-03 01:00:00,0.02702702702702703,0.28913738019169327,0.08175154098598243,0.05438928400650473
2013-08-03 02:00:00,0.02597402597402598,0.28322784810126583,0.07796435643168527,0.051969191202855626
2013-08-03 03:00:00,0.01595744680851064,0.24717285945072698,0.09314622821109206,0.054551837509801346
2013-08-03 04:00:00,0.3413566978382947,0.34137023747130696,0.10689660695646731,0.224126652397381
2013-08-03 05:00:00,1.1207814312294818e-06,2.4248111784646137e-05,0.11866822554865407,0.05933467316504265
2013-08-03 06:00:00,4.80860582720799e-08,3.1940860565814454e-07,0.11590458380037626,0.057952315943217265
2013-08-03 07:00:00,2.043230980764901e-08,1.4476836072172345e-07,0.11619968806442446,0.05809985424836713
2013-08-03 08:00:00,3.482677510331363e-08,1.845190221582538e-07,0.12165796217354723,0.060828998500161165
2013-08-03 09:00:00,3.3773654730036367e-08,1.7023715024927227e-07,0.1189751915048697,0.059487612639262215
2013-08-03 10:00:00,3.404353828110771e-08,1.6645549731825706e-07,0.1104535088549175,0.05522677144922789
2013-08-03 11:00:00,3.580977290003047e-08,1.7025468215036735e-07,0.10547987288200525,0.05273995434588907
2013-08-03 12:00:00,3.6402513807139805e-08,1.7601263671643027e-07,0.11211398635501671,0.05605701137876526
2013-08-03 13:00:00,3.671136328173743e-08,1.8692971637901852e-07,0.12051606580179383,0.06025805125657856
2013-08-03 14:00:00,3.5563062259423294e-08,2.0000887150461163e-07,0.12076350922147011,0.060381772392266185
2013-08-03 15:00:00,3.652227284787509e-08,2.4952803159091426e-07,0.10509939246900672,0.052549714495639784
2013-08-03 16:00:00,1.5899608318448945e-07,0.04363556943806136,0.11430683821408182,0.0571534986050825
2013-08-03 17:00:00,6.052151388514834e-07,0.16986406191621498,0.1135512899958927,0.05677594760551578
2013-08-03 18:00:00,0.322717895822589,0.3361272908083534,0.11063304721945254,0.21667547152102076
2013-08-03 19:00:00,0.32396781427252336,0.33688405797101445,0.12089990878292385,0.2224338615277236
2013-08-03 20:00:00,0.34050997736949623,0.3410669731714839,0.09768654314564697,0.2190982602575716
2013-08-03 21:00:00,0.34136734113978745,0.34137425137607913,0.07950720804640211,0.21043727459309478
2013-08-03 22:00:00,0.34136804127569487,0.34137457148466405,0.07794323322130811,0.2096556372485015
2013-08-03 23:00:00,0.34136791002304356,0.34137444302746933,0.08024878203273762,0.2108083460278906
2013-08-04 00:00:00,0.3413674698075019,0.34137404898796725,0.07161157764641284,0.20648952372695736
2013-08-04 01:00:00,0.3413668530206598,0.3413734124899973,0.08175154098598243,0.2115591970033211
2013-08-04 02:00:00,0.32344580397973055,0.336271093803375,0.07796435643168527,0.2007050802057079
2013-08-04 03:00:00,0.2998458376156218,0.3284900284900285,0.09314622821109206,0.19649603291335693
2013-08-04 04:00:00,0.31695534346647813,0.3324108848916123,0.10689660695646731,0.21192597521147272
2013-08-04 05:00:00,4.968660793129933e-07,1.1315519154368623e-05,0.11866822554865407,0.05933436120736669
2013-08-04 06:00:00,4.872519124911645e-08,3.236539562548758e-07,0.11590458380037626,0.05795231626278375
2013-08-04 07:00:00,3.414231655617834e-08,2.0538754816081269e-07,0.11619968806442446,0.05809986110337051
2013-08-04 08:00:00,3.257693491112117e-08,1.8061949355551653e-07,0.12165796217354723,0.06082899737524107
2013-08-04 09:00:00,3.0773643867574936e-08,1.6405739955228736e-07,0.1189751915048697,0.05948761113925678
2013-08-04 10:00:00,3.0930063929349134e-08,1.5978468031947065e-07,0.1104535088549175,0.055226769892490715
2013-08-04 11:00:00,3.3044022270833896e-08,1.6500560010672808e-07,0.10547987288200525,0.05273995296301376
2013-08-04 12:00:00,3.4744013233021805e-08,1.7370579149005291e-07,0.11211398635501671,0.05605701054951497
2013-08-04 13:00:00,3.483494754803248e-08,1.8328710391325911e-07,0.12051606580179383,0.06025805031837069
2013-08-04 14:00:00,3.518027634224334e-08,2.0027781797139296e-07,0.12076350922147011,0.06038177220087323
2013-08-04 15:00:00,2.7545422953358543e-08,2.3001770181381995e-07,0.10509939246900672,0.05254971000721484
2013-08-04 16:00:00,1.3926920261609536e-07,2.484509644027256e-06,0.11430683821408182,0.057153488741642215
2013-08-04 17:00:00,6.244984930157477e-07,0.1725322633131354,0.1135512899958927,0.05677595724719286
2013-08-04 18:00:00,0.34136315334881995,0.3413738253520348,0.11063304721945254,0.22599810028413625
2013-08-04 19:00:00,0.34136545673591795,0.3413751293935626,0.12089990878292385,0.2311326827594209
2013-08-04 20:00:00,0.3413664279156991,0.3413756701252853,0.09768654314564697,0.21952648553067303
2013-08-04 21:00:00,0.3413680209539823,0.3413765846647049,0.07950720804640211,0.2104376145001922
2013-08-04 22:00:00,0.32606755895474826,0.33797689884494225,0.07794323322130811,0.2020053960880282
2013-08-04 23:00:00,0.3413682458032497,0.34137477758017293,0.08024878203273762,0.21080851391799366
2013-08-05 00:00:00,0.3413680577933353,0.34137658966385437,0.07161157764641284,0.20648981771987407
2013-08-05 01:00:00,0.3413675117935036,0.34137626305393964,0.08175154098598243,0.211559526389743
2013-08-05 02:00:00,0.3413668753389121,0.34137590714048965,0.07796435643168527,0.20966561588529867
2013-08-05 03:00:00,0.3413644757110254,0.3413746162766338,0.09314622821109206,0.21725535196105872
2013-08-05 04:00:00,0.3413610256096041,0.3413726956153469,0.10689660695646731,0.2241288162830357
2013-08-05 05:00:00,6.33940944597365e-07,0.17381803516143277,0.11866822554865407,0.059334429744799334
2013-08-05 06:00:00,8.45890118994384e-08,9.540430578896356e-07,0.11590458380037626,0.05795233419469408
2013-08-05 07:00:00,2.1481151918179153e-08,1.5219965215530498e-07,0.11619968806442446,0.05809985477278819
2013-08-05 08:00:00,1.6242739204559815e-08,1.109740020465579e-07,0.12165796217354723,0.06082898920814322
2013-08-05 09:00:00,2.8942432796901095e-08,1.567347148039456e-07,0.1189751915048697,0.05948761022365125
2013-08-05 10:00:00,2.6989092034585113e-08,1.46105417244712e-07,0.1104535088549175,0.05522676792200477
2013-08-05 11:00:00,2.754341064159685e-08,1.4716065052398269e-07,0.10547987288200525,0.05273995021270794
2013-08-05 12:00:00,2.8085105546401115e-08,1.5219864985817847e-07,0.11211398635501671,0.05605700722006113
2013-08-05 13:00:00,2.843662515611352e-08,1.6171890375930147e-07,0.12051606580179383,0.06025804711920949
2013-08-05 14:00:00,2.3504284302181894e-08,1.5453232580164719e-07,0.12076350922147011,0.060381766362877204
2013-08-05 15:00:00,7.179573039817071e-08,9.187578698813683e-07,0.10509939246900672,0.05254973213236856
2013-08-05 16:00:00,1.8048942957639373e-07,0.07783556296309765,0.11430683821408182,0.0571535093517557
2013-08-05 17:00:00,7.160432595148425e-07,0.18417518872331107,0.1135512899958927,0.05677600301957611
2013-08-05 18:00:00,0.34129379001370236,0.34133627086243995,0.11063304721945254,0.22596341861657745
2013-08-05 19:00:00,0.3243833504624871,0.33702241646693926,0.12089990878292385,0.22264162962270548
2013-08-05 20:00:00,0.3257980375108682,0.3375826573045197,0.09768654314564697,0.2117422903282576
2013-08-05 21:00:00,0.3413680851018979,0.3413746226099848,0.07950720804640211,0.21043764657415
2013-08-05 22:00:00,0.32652559055118113,0.3379995942381822,0.07794323322130811,0.20223441188624464
2013-08-05 23:00:00,0.34136790693412583,0.3413745076738029,0.08024878203273762,0.21080834448343172
2013-08-06 00:00:00,0.3325886623848087,0.33920267101236146,0.07161157764641284,0.20210012001561078
2013-08-06 01:00:00,0.33240432329549313,0.3389830508474576,0.08175154098598243,0.20707793214073777
2013-08-06 02:00:00,0.33118388639327634,0.33848754741876963,0.07796435643168527,0.2045741214124808
2013-08-06 03:00:00,0.33013767750306355,0.33787891234699746,0.09314622821109206,0.21164195285707782
2013-08-06 04:00:00,0.34136187471875507,0.34136846905794366,0.10689660695646731,0.22412924083761118
2013-08-06 05:00:00,7.077655087937506e-07,5.384150481633748e-05,0.11866822554865407,0.05933446665708143
2013-08-06 06:00:00,7.263250008037996e-08,7.443610309797271e-07,0.11590458380037626,0.05795232821643817
2013-08-06 07:00:00,2.14764119770857e-08,1.5760049014839336e-07,0.11619968806442446,0.05809985477041822
2013-08-06 08:00:00,1.6350192254553136e-08,1.1584541007597479e-07,0.12165796217354723,0.06082898926186974
2013-08-06 09:00:00,1.3994364739876971e-08,9.561252535413996e-08,0.1189751915048697,0.059487602749617216
2013-08-06 10:00:00,1.3090404629555994e-08,8.943646500768825e-08,0.1104535088549175,0.05522676097266107
2013-08-06 11:00:00,1.3159366450373324e-08,8.99076223156073e-08,0.10547987288200525,0.052739943020685846
2013-08-06 12:00:00,1.4685098763016368e-08,1.0033178047607097e-07,0.11211398635501671,0.056057000520057736
2013-08-06 13:00:00,1.8797206481981066e-08,1.2842670146377043e-07,0.12051606580179383,0.06025804229950016
2013-08-06 14:00:00,2.4633239191388312e-08,1.932328665793441e-07,0.12076350922147011,0.06038176692735465
2013-08-06 15:00:00,6.631394353781065e-08,5.957042407983539e-07,0.10509939246900672,0.05254972939147513
2013-08-06 16:00:00,1.727270511481263e-07,4.032312751770987e-05,0.11430683821408182,0.05715350547056648
2013-08-06 17:00:00,6.857474628296303e-07,0.18051262177332011,0.1135512899958927,0.056775987871677765
2013-08-06 18:00:00,0.34136199245408155,0.3413733895270269,0.11063304721945254,0.22599751983676705
2013-08-06 19:00:00,0.3413631406354727,0.34137404059186477,0.12089990878292385,0.23113152470919826
2013-08-06 20:00:00,0.3413672084694506,0.34137610499792853,0.09768654314564697,0.2195268758075488
2013-08-06 21:00:00,0.3413692358970601,0.3413771948817883,0.07950720804640211,0.2104382219717311
2013-08-06 22:00:00,0.32543491301739647,0.33836539241944646,0.07794323322130811,0.2016890731193523
2013-08-06 23:00:00,0.3413533777047263,0.3413701717973414,0.08024878203273762,0.21080107986873195
2013-08-07 00:00:00,0.3413691436851531,0.34137717250523586,0.07161157764641284,0.20649036066578297
2013-08-07 01:00:00,0.3413687648901624,0.34137693776715605,0.08175154098598243,0.2115601529380724
2013-08-07 02:00:00,0.3413682336620278,0.341376655463942,0.07796435643168527,0.20966629504685652
2013-08-07 03:00:00,0.3413659850399275,0.3413754518659272,0.09314622821109206,0.21725610662550976
2013-08-07 04:00:00,0.34136272658406003,0.3413736956614971,0.10689660695646731,0.22412966677026366
2013-08-07 05:00:00,7.736835495019499e-07,0.19072948549297658,0.11866822554865407,0.059334499616101787
2013-08-07 06:00:00,9.70928024049693e-08,1.6307541586603474e-06,0.11590458380037626,0.05795234044658933
2013-08-07 07:00:00,3.575506947889346e-08,2.9857203364898137e-07,0.11619968806442446,0.05809986190974697
2013-08-07 08:00:00,1.6337868604031458e-08,1.3642906311950552e-07,0.12165796217354723,0.06082898925570791
2013-08-07 09:00:00,1.3983964569183229e-08,9.55415561147654e-08,0.1189751915048697,0.05948760274441713
2013-08-07 10:00:00,1.3057391820194283e-08,8.921099918886386e-08,0.1104535088549175,0.05522676095615466
2013-08-07 11:00:00,1.292650574833093e-08,8.83167391795615e-08,0.10547987288200525,0.0527399429042555
2013-08-07 12:00:00,1.3646890910042967e-08,9.32385882857234e-08,0.11211398635501671,0.05605700000095381
2013-08-07 13:00:00,1.5485700878046983e-08,1.2931303749796732e-07,0.12051606580179383,0.06025804064374735
2013-08-07 14:00:00,2.591060891744699e-08,1.7210938078295202e-07,0.12076350922147011,0.06038176756603952
2013-08-07 15:00:00,7.541163132599544e-08,1.3453159864950597e-06,0.10509939246900672,0.052549733940319025
2013-08-07 16:00:00,1.628002275874826e-07,0.054235297358548665,0.11430683821408182,0.0571535005071547
2013-08-07 17:00:00,6.832783787717251e-07,0.18020615026597284,0.1135512899958927,0.056775986637135734
2013-08-07 18:00:00,0.3413639091260571,0.341374403146545,0.11063304721945254,0.2259984781727548
2013-08-07 19:00:00,0.34136602737778343,0.3413754857454112,0.12089990878292385,0.23113296808035363
2013-08-07 20:00:00,0.34136724571757304,0.34137616115133906,0.09768654314564697,0.21952689443161
2013-08-07 21:00:00,0.34136928998768096,0.3413772379942102,0.07950720804640211,0.21043824901704153
2013-08-07 22:00:00,0.34136898364993695,0.34137711750266087,0.07794323322130811,0.20965610843562255
2013-08-07 23:00:00,0.32474535650089875,0.33809251856082245,0.08024878203273762,0.20249706926681818
2013-08-08 00:00:00,0.3268861278339951,0.33838596491228073,0.07161157764641284,0.19924885274020399
2013-08-08 01:00:00,0.34136118815126837,0.3413721688734193,0.08175154098598243,0.2115563645686254
2013-08-08 02:00:00,0.3413678586548785,0.34137644516365573,0.07796435643168527,0.20966610754328188
2013-08-08 03:00:00,0.34136510733370706,0.34137503096109684,0.09314622821109206,0.21725566777239957
2013-08-08 04:00:00,0.34136306169196845,0.34137380948441226,0.10689660695646731,0.22412983432421787
2013-08-08 05:00:00,7.348669462154965e-07,0.18638199341970615,0.11866822554865407,0.05933448020780014
2013-08-08 06:00:00,9.809387176438285e-08,1.7220340483736866e-06,0.11590458380037626,0.05795234094712401
2013-08-08 07:00:00,3.608100740366396e-08,3.3416216506405786e-07,0.11619968806442446,0.05809986207271593
2013-08-08 08:00:00,1.647432851515603e-08,1.375685819505193e-07,0.12165796217354723,0.06082898932393787
2013-08-08 09:00:00,1.4086625062226493e-08,9.980742549351628e-08,0.1189751915048697,0.05948760279574738
2013-08-08 10:00:00,1.3223162760322533e-08,9.368957231714054e-08,0.1104535088549175,0.05522676103904013
2013-08-08 11:00:00,1.321414939932287e-08,9.028194841833165e-08,0.10547987288200525,0.052739943048077324
2013-08-08 12:00:00,1.396461147741735e-08,9.540927360965816e-08,0.11211398635501671,0.056057000159814095
2013-08-08 13:00:00,1.592024838601716e-08,1.1279915403212742e-07,0.12051606580179383,0.06025804086102111
2013-08-08 14:00:00,2.6703718432040707e-08,1.773775635403682e-07,0.12076350922147011,0.06038176796259427
2013-08-08 15:00:00,8.55878821937578e-08,3.662636077866228e-05,0.10509939246900672,0.05254973902844446
2013-08-08 16:00:00,1.6460718990671143e-07,5.680556724544349e-05,0.11430683821408182,0.05715350141063586
2013-08-08 17:00:00,7.545812514227e-07,0.00030530648230335267,0.1135512899958927,0.056776022288572064
2013-08-08 18:00:00,0.3413644899812204,0.34137476272643275,0.11063304721945254,0.22599876860033646
2013-08-08 19:00:00,0.34136561372491786,0.34137536847250133,0.12089990878292385,0.23113276125392085
2013-08-08 20:00:00,0.3413681716329171,0.3413766481611334,0.09768654314564697,0.21952735738928203
2013-08-08 21:00:00,0.34136841552145364,0.3413768028049082,0.07950720804640211,0.21043781178392787
2013-08-08 22:00:00,0.3413686404652343,0.34137694621828985,0.07794323322130811,0.20965593684327122
2013-08-08 23:00:00,0.3413679945504875,0.3413766723443076,0.08024878203273762,0.21080838829161255
2013-08-09 00:00:00,0.34136929780453645,0.3413758435352443,0.07161157764641284,0.20649043772547465
2013-08-09 01:00:00,0.34136883562056763,0.3413753359394926,0.08175154098598243,0.21156018830327503
2013-08-09 02:00:00,0.34136822988635196,0.3413747396222435,0.07796435643168527,0.2096662931590186
2013-08-09 03:00:00,0.3413664629928281,0.3413757027248623,0.09314622821109206,0.21725634560196005
2013-08-09 04:00:00,0.341363339546345,0.3413740528686317,0.10689660695646731,0.22412997325140616
2013-08-09 05:00:00,5.868034170736583e-07,0.16722476584163876,0.11866822554865407,0.059334406176035574
2013-08-09 06:00:00,1.3509454059488781e-07,2.3843966009426544e-06,0.11590458380037626,0.057952359447458426
2013-08-09 07:00:00,5.152183548970763e-08,4.536993124390303e-07,0.11619968806442446,0.05809986979312998
2013-08-09 08:00:00,2.288456615199201e-08,1.910971851836307e-07,0.12165796217354723,0.06082899252905669
2013-08-09 09:00:00,2.7035499367977612e-08,1.7341451556183008e-07,0.1189751915048697,0.05948760927018453
2013-08-09 10:00:00,2.5884951709120377e-08,1.624845275613116e-07,0.1104535088549175,0.05522676736993461
2013-08-09 11:00:00,2.703852254014157e-08,1.670728248290811e-07,0.10547987288200525,0.0527399499602639
2013-08-09 12:00:00,2.854888283891538e-08,1.8286607585527294e-07,0.11211398635501671,0.056057007451949775
2013-08-09 13:00:00,2.604200417284922e-08,1.7792285387625005e-07,0.12051606580179383,0.060258045921899005
2013-08-09 14:00:00,5.522435363069476e-08,3.773047424376339e-07,0.12076350922147011,0.06038178222291187
2013-08-09 15:00:00,1.7114034454414234e-07,2.264291395297375e-06,0.10509939246900672,0.052549781804675635
2013-08-09 16:00:00,3.9658636086626807e-07,0.00016570698604737814,0.11430683821408182,0.05715361740022134
2013-08-09 17:00:00,1.6473463446848919e-06,0.18302787671040832,0.1135512899958927,0.05677646867111869
2013-08-09 18:00:00,0.34136363235538897,0.3413741033613139,0.11063304721945254,0.22599833978742076
2013-08-09 19:00:00,0.34136554345751596,0.3413726981188217,0.12089990878292385,0.2311327261202199
2013-08-09 20:00:00,0.34136771525468756,0.341376145850413,0.09768654314564697,0.21952712920016726
2013-08-09 21:00:00,0.31439393939393934,0.33506776379477243,0.07950720804640211,0.19695057372017072
2013-08-09 22:00:00,0.32396193771626297,0.3372962758837887,0.07794323322130811,0.20095258546878553
2013-08-09 23:00:00,0.32611940298507464,0.3378942327426969,0.08024878203273762,0.20318409250890612
2013-08-10 00:00:00,0.3275374918495979,0.33795962509012256,0.07161157764641284,0.19957453474800538
2013-08-10 01:00:00,0.32623881248635667,0.33724162939683316,0.08175154098598243,0.20399517673616954
2013-08-10 02:00:00,0.3413506954939909,0.3413642481265114,0.07796435643168527,0.20965752596283807
2013-08-10 03:00:00,0.34136068097684985,0.3413687553910202,0.09314622821109206,0.21725345459397094
2013-08-10 04:00:00,0.3409756912610212,0.34114749433317965,0.10689660695646731,0.22393614910874424
2013-08-10 05:00:00,5.781816597950848e-07,0.00011442418503117147,0.11866822554865407,0.059334401865156934
2013-08-10 06:00:00,1.1772076587246745e-07,1.1915452299621975e-06,0.11590458380037626,0.057952350760571064
2013-08-10 07:00:00,3.638924601227538e-08,3.0386796572247803e-07,0.11619968806442446,0.05809986222683523
2013-08-10 08:00:00,2.7800660295336052e-08,1.8994045387875393e-07,0.12165796217354723,0.060828994987103764
2013-08-10 09:00:00,3.381844464283596e-08,2.09294484339203e-07,0.1189751915048697,0.05948761266165717
2013-08-10 10:00:00,3.4580245101319253e-08,2.0145538232597908e-07,0.1104535088549175,0.0552267717175813
2013-08-10 11:00:00,3.8943392041102624e-08,2.0234177480235778e-07,0.10547987288200525,0.052739955912698644
2013-08-10 12:00:00,3.47947434885117e-08,1.897854197477802e-07,0.11211398635501671,0.0560570105748801
2013-08-10 13:00:00,1.9405423892305902e-08,1.3258199932722e-07,0.12051606580179383,0.06025804260360886
2013-08-10 14:00:00,2.456465615655298e-08,1.8026300260192238e-07,0.12076350922147011,0.060381766893063134
2013-08-10 15:00:00,4.592560490594764e-08,3.2248958613577875e-07,0.10509939246900672,0.05254971919730581
2013-08-10 16:00:00,1.8730569765409812e-07,0.07748588047445448,0.11430683821408182,0.05715351275988974
2013-08-10 17:00:00,7.995306577365608e-07,1.814059568591009e-05,0.1135512899958927,0.05677604476327522
2013-08-10 18:00:00,0.3205362583790372,0.3345943389853408,0.11063304721945254,0.21558465279924488
2013-08-10 19:00:00,0.3224009900990099,0.3357035416381786,0.12089990878292385,0.22165044944096687
2013-08-10 20:00:00,0.23843700159489628,0.31385485391140433,0.09768654314564697,0.16806177237027162
2013-08-10 21:00:00,0.28858267716535435,0.3274917853231106,0.07950720804640211,0.18404494260587823
2013-08-10 22:00:00,0.29073359073359073,0.32839982839982834,0.07794323322130811,0.18433841197744943
2013-08-10 23:00:00,0.28711256117455136,0.3271983640081799,0.08024878203273762,0.18368067160364449
2013-08-11 00:00:00,0.25866336633663367,0.31871657754010696,0.07161157764641284,0.16513747199152326
2013-08-11 01:00:00,0.02132701421800948,0.30824372759856633,0.08175154098598243,0.051539277601995954
2013-08-11 02:00:00,0.01956521739130435,0.3022556390977444,0.07796435643168527,0.04876478691149481
2013-08-11 03:00:00,0.017441860465116282,0.29183673469387755,0.09314622821109206,0.05529404433810417
2013-08-11 04:00:00,0.01505016722408027,0.27512090274046214,0.10689660695646731,0.06097338709027379
2013-08-11 05:00:00,1.5646477234766786e-06,2.8060935881206922e-05,0.11866822554865407,0.059334895098188775
2013-08-11 06:00:00,3.664903147848838e-08,3.1531133382045226e-07,0.11590458380037626,0.05795231022470387
2013-08-11 07:00:00,3.914601864243017e-08,2.1776628667202416e-07,0.11619968806442446,0.058099863605221555
2013-08-11 08:00:00,3.825911097686415e-08,1.926341413194026e-07,0.12165796217354723,0.0608290002163291
2013-08-11 09:00:00,4.964628182612131e-08,2.0535793923034174e-07,0.1189751915048697,0.05948762057557576
2013-08-11 10:00:00,3.910824493446872e-08,1.7886977910417008e-07,0.1104535088549175,0.05522677398158122
2013-08-11 11:00:00,5.156048052099185e-08,2.0614944559733314e-07,0.10547987288200525,0.052739962221242886
2013-08-11 12:00:00,5.532497846244694e-08,2.2347470875886196e-07,0.11211398635501671,0.056057020839997584
2013-08-11 13:00:00,5.5071250817165584e-08,2.3898959025075425e-07,0.12051606580179383,0.06025806043652233
2013-08-11 14:00:00,4.571440831597507e-08,2.3748309505173805e-07,0.12076350922147011,0.06038177746793921
2013-08-11 15:00:00,2.7355884685754476e-08,1.9382373604374787e-07,0.10509939246900672,0.0525497099124457
2013-08-11 16:00:00,1.5586870617751327e-07,4.036183928770163e-06,0.11430683821408182,0.057153497041394
2013-08-11 17:00:00,7.693459080927411e-07,0.19025265416874348,0.1135512899958927,0.056776029670900396
2013-08-11 18:00:00,0.31781788573754916,0.3336849242823778,0.11063304721945254,0.21422546647850085
2013-08-11 19:00:00,0.3201333333333333,0.3349324673407632,0.12089990878292385,0.22051662105812858
2013-08-11 20:00:00,0.32118330692023245,0.3354282373574978,0.09768654314564697,0.2094349250329397
2013-08-11 21:00:00,0.2447599729546991,0.3122765196662694,0.07950720804640211,0.1621335905005506
2013-08-11 22:00:00,0.020881670533642694,0.30427631578947373,0.07794323322130811,0.0494124518774754
2013-08-11 23:00:00,0.021582733812949645,0.29424617625637295,0.08024878203273762,0.050915757922843634
2013-08-12 00:00:00,0.0365296803652968,0.3290203327171904,0.07161157764641284,0.05407062900585482
2013-08-12 01:00:00,0.03493449781659389,0.3261261261261262,0.08175154098598243,0.058343019401288165
2013-08-12 02:00:00,0.020408163265306124,0.27858985382631124,0.07796435643168527,0.0491862598484957
2013-08-12 03:00:00,0.23529411764705885,0.30158195893638506,0.09314622821109206,0.16422017292907545
2013-08-12 04:00:00,0.29156853509185116,0.32293188155623426,0.10689660695646731,0.19923257102415923
2013-08-12 05:00:00,1.482060399889537e-06,0.00031725087874746345,0.11866822554865407,0.05933485380452698
2013-08-12 06:00:00,6.24973337075007e-08,6.072821287591832e-07,0.11590458380037626,0.057952323148854984
2013-08-12 07:00:00,2.0401383899314873e-08,1.445492197991999e-07,0.11619968806442446,0.05809985423290418
2013-08-12 08:00:00,3.124135688335974e-08,1.7176991150611378e-07,0.12165796217354723,0.06082899670745205
2013-08-12 09:00:00,3.021478268918959e-08,1.583548530736167e-07,0.1189751915048697,0.05948761085982619
2013-08-12 10:00:00,2.8030837845947837e-08,1.4772666795568215e-07,0.1104535088549175,0.055226768442877675
2013-08-12 11:00:00,3.386371779305049e-08,1.638209203137729e-07,0.10547987288200525,0.05273995337286152
2013-08-12 12:00:00,3.7186035974143066e-08,1.7673480214398168e-07,0.11211398635501671,0.05605701177052634
2013-08-12 13:00:00,3.884464677844058e-08,1.912865084647893e-07,0.12051606580179383,0.060258052323220304
2013-08-12 14:00:00,1.8494953094117185e-08,1.263616964563196e-07,0.12076350922147011,0.060381763858211604
2013-08-12 15:00:00,3.572921127328431e-08,2.5767129311178927e-07,0.10509939246900672,0.052549714099108996
2013-08-12 16:00:00,1.4066499446465665e-07,2.816410957018579e-06,0.11430683821408182,0.05715348943953814
2013-08-12 17:00:00,8.169070718283697e-07,0.00022820467990368581,0.1135512899958927,0.05677605345148227
2013-08-12 18:00:00,0.32124674034521294,0.3351395843336305,0.11063304721945254,0.21593989378233275
2013-08-12 19:00:00,0.3135758998435054,0.33383233532934137,0.12089990878292385,0.21723790431321463
2013-08-12 20:00:00,0.3022421524663677,0.33153241650294696,0.09768654314564697,0.19996434780600733
2013-08-12 21:00:00,0.34136740808076604,0.3413762197450837,0.07950720804640211,0.21043730806358407
2013-08-12 22:00:00,0.34136749896764507,0.34137626301628016,0.07794323322130811,0.2096553660944766
2013-08-12 23:00:00,0.3176868193766429,0.3357245337159255,0.08024878203273762,0.19896780070469025
2013-08-13 00:00:00,0.31374674761491766,0.3346354166666667,0.07161157764641284,0.19267916263066526
2013-08-13 01:00:00,0.315242946708464,0.3346903792586244,0.08175154098598243,0.1984972438472232
2013-08-13 02:00:00,0.3137407551576489,0.33379560486451887,0.07796435643168527,0.19585255579466707
2013-08-13 03:00:00,0.3116038998279488,0.3323869610935857,0.09314622821109206,0.20237506401952043
2013-08-13 04:00:00,0.3174309501784062,0.33320989483039554,0.10689660695646731,0.21216377856743676
2013-08-13 05:00:00,1.6398460731152703e-06,0.0006873512596861101,0.11866822554865407,0.05933493269736359
2013-08-13 06:00:00,7.488925937992342e-08,8.053897134431928e-07,0.11590458380037626,0.05795232934481782
2013-08-13 07:00:00,2.107711238614214e-08,1.6533721324660416e-07,0.11619968806442446,0.058099854570768425
2013-08-13 08:00:00,1.6041840799734532e-08,1.0960145569893126e-07,0.12165796217354723,0.06082898910769401
2013-08-13 09:00:00,3.163821640483072e-08,1.6543191147260501e-07,0.1189751915048697,0.05948761157154305
2013-08-13 10:00:00,2.8408680113119967e-08,1.535464949563417e-07,0.1104535088549175,0.05522676863179881
2013-08-13 11:00:00,2.8278136625760542e-08,1.557517107984236e-07,0.10547987288200525,0.052739950580070936
2013-08-13 12:00:00,2.702552382356679e-08,1.5717710661652632e-07,0.11211398635501671,0.056057006690270264
2013-08-13 13:00:00,2.6338432670458788e-08,1.653197920340695e-07,0.12051606580179383,0.06025804607011325
2013-08-13 14:00:00,3.0521068500285645e-08,2.4714258378550646e-07,0.12076350922147011,0.06038176987126931
2013-08-13 15:00:00,1.240919373054205e-07,1.5476107856844495e-06,0.10509939246900672,0.052549758280472016
2013-08-13 16:00:00,3.112183759823754e-07,5.256682010665511e-06,0.11430683821408182,0.0571535747162289
2013-08-13 17:00:00,1.4467792603871517e-06,0.00033527994839371037,0.1135512899958927,0.05677636838757654
2013-08-13 18:00:00,0.30572419774501297,0.3302675585284281,0.11063304721945254,0.20817862248223276
2013-08-13 19:00:00,0.3090385467434648,0.3322807869808113,0.12089990878292385,0.21496922776319433
2013-08-13 20:00:00,0.3108866442199775,0.33333333333333337,0.09768654314564697,0.20428659368281224
2013-08-13 21:00:00,0.3121361397223466,0.33406727828746186,0.07950720804640211,0.19582167388437435
2013-08-13 22:00:00,0.2989795918367347,0.3312137647278849,0.07794323322130811,0.18846141252902143
2013-08-13 23:00:00,0.291747384734599,0.3291792006875806,0.08024878203273762,0.1859980833836683
2013-08-14 00:00:00,0.28908091123330715,0.32787243337702054,0.07161157764641284,0.18034624443986
2013-08-14 01:00:00,0.28793170353123787,0.3271311120726958,0.08175154098598243,0.18484162225861014
2013-08-14 02:00:00,0.2857142857142857,0.3254425250586479,0.07796435643168527,0.18183932107298548
2013-08-14 03:00:00,0.2817475009255831,0.3228297161936561,0.09314622821109206,0.1874468645683376
2013-08-14 04:00:00,0.32006387589825475,0.33405350447988813,0.10689660695646731,0.21348024142736102
2013-08-14 05:00:00,1.469084344212991e-06,0.00010901619695758093,0.11866822554865407,0.05933484731649914
2013-08-14 06:00:00,5.787963596892356e-07,8.238407201729976e-06,0.11590458380037626,0.05795258129836797
2013-08-14 07:00:00,1.2779939244168833e-07,1.0671901288146995e-06,0.11619968806442446,0.05809990793190845
2013-08-14 08:00:00,1.1457291913237137e-07,8.117825364470067e-07,0.12165796217354723,0.06082903837323318
2013-08-14 09:00:00,1.0331548696050074e-07,7.059077471649698e-07,0.1189751915048697,0.059487647410178326
2013-08-14 10:00:00,9.20790925028405e-08,6.291517021769208e-07,0.1104535088549175,0.055226800467005004
2013-08-14 11:00:00,9.251854919812631e-08,6.32155369554634e-07,0.10547987288200525,0.05273998270027722
2013-08-14 12:00:00,9.312822648561174e-08,6.363207050697367e-07,0.11211398635501671,0.0560570397416216
2013-08-14 13:00:00,8.155199979775105e-08,5.57217738362167e-07,0.12051606580179383,0.06025807367689681
2013-08-14 14:00:00,7.637912049442751e-08,6.378036670231925e-07,0.12076350922147011,0.060381792800295306
2013-08-14 15:00:00,1.768058105663648e-07,2.128333689589549e-06,0.10509939246900672,0.05254978463740864
2013-08-14 16:00:00,3.741758620731231e-07,3.638657858484801e-05,0.11430683821408182,0.057153606194971944
2013-08-14 17:00:00,1.841041604062729e-06,0.000691849856802268,0.1135512899958927,0.05677656551874838
2013-08-14 18:00:00,0.3278929329198629,0.33662717418704313,0.11063304721945254,0.21926299006965771
2013-08-14 19:00:00,0.31985029509140633,0.3352074754513779,0.12089990878292385,0.22037510193716509
2013-08-14 20:00:00,0.3228823606902912,0.3362844702467344,0.09768654314564697,0.21028445191796907
2013-08-14 21:00:00,0.3230374966280011,0.33654487512043285,0.07950720804640211,0.2012723523372016
2013-08-14 22:00:00,0.32626114434036785,0.33742981908920777,0.07794323322130811,0.20210218878083797
2013-08-14 23:00:00,0.2888086642599278,0.32798573975044565,0.08024878203273762,0.1845287231463327
2013-08-15 00:00:00,0.2778045257583052,0.32457328637225685,0.07161157764641284,0.17470805170235904
2013-08-15 01:00:00,0.25,0.316314319904268,0.08175154098598243,0.1658757704929912
2013-08-15 02:00:00,0.24632843791722298,0.3129890453834116,0.07796435643168527,0.16214639717445412
2013-08-15 03:00:00,0.3179255918827509,0.33400809716599184,0.09314622821109206,0.20553591004692146
2013-08-15 04:00:00,0.2949479940564636,0.3254045083667543,0.10689660695646731,0.20092230050646545
2013-08-15 05:00:00,7.99650144176921e-07,0.00013383864332251028,0.11866822554865407,0.05933451259939912
2013-08-15 06:00:00,7.971633314858631e-08,6.959277033992439e-07,0.11590458380037626,0.0579523317583547
2013-08-15 07:00:00,2.1819824573265327e-08,1.4907795944651042e-07,0.11619968806442446,0.05809985494212452
2013-08-15 08:00:00,4.5637272252327026e-08,2.160513839327435e-07,0.12165796217354723,0.06082900390540974
2013-08-15 09:00:00,4.642769742716736e-08,2.0244949947847885e-07,0.1189751915048697,0.05948761896628356
2013-08-15 10:00:00,4.343094631544157e-08,1.925891385631917e-07,0.1104535088549175,0.05522677614293191
2013-08-15 11:00:00,5.6699354789692176e-08,2.2059165951105455e-07,0.10547987288200525,0.05273996479068002
2013-08-15 12:00:00,6.910381064671354e-08,2.494229807193542e-07,0.11211398635501671,0.05605702772941368
2013-08-15 13:00:00,6.056258278905067e-08,2.5116588646325174e-07,0.12051606580179383,0.060258063182188314
2013-08-15 14:00:00,4.9169786995007645e-08,2.470350510073856e-07,0.12076350922147011,0.06038177919562855
2013-08-15 15:00:00,2.747603771247369e-08,2.3639095038986186e-07,0.10509939246900672,0.052549709972522216
2013-08-15 16:00:00,1.0834901775656208e-07,1.0418524751152168e-06,0.11430683821408182,0.05715347328154979
2013-08-15 17:00:00,9.42450121089133e-07,0.00033863923731200816,0.1135512899958927,0.05677611622300689
2013-08-15 18:00:00,0.34136243945893086,0.34137309768595325,0.11063304721945254,0.2259977433391917
2013-08-15 19:00:00,0.3413343114875185,0.34135419724551685,0.12089990878292385,0.23111711013522118
2013-08-15 20:00:00,0.30362694300518134,0.33072100313479624,0.09768654314564697,0.20065674307541415
2013-08-15 21:00:00,0.32433758586849853,0.3367630136059027,0.07950720804640211,0.20192239695745032
2013-08-15 22:00:00,0.25855263157894737,0.3202119606358819,0.07794323322130811,0.16824793240012775
2013-08-15 23:00:00,0.3003412969283276,0.3310556884181756,0.08024878203273762,0.1902950394805326
2013-08-16 00:00:00,0.2759838546922301,0.32450896669513235,0.07161157764641284,0.17379771616932146
2013-08-16 01:00:00,0.30506694670517204,0.33174534430489394,0.08175154098598243,0.19340924384557723
2013-08-16 02:00:00,0.3021890016017085,0.3303860890067786,0.07796435643168527,0.19007667901669686
2013-08-16 03:00:00,0.3215762588178059,0.3352207617121672,0.09314622821109206,0.20736124351444896
2013-08-16 04:00:00,0.3191820138722794,0.3337995337995338,0.10689660695646731,0.21303931041437335
2013-08-16 05:00:00,0.30651623787431465,0.32589660549358285,0.11866822554865407,0.21259223171148436
2013-08-16 06:00:00,6.219046716160494e-08,6.043003866181682e-07,0.11590458380037626,0.05795232299542171
2013-08-16 07:00:00,1.9638731396082458e-08,1.3914563121405444e-07,0.11619968806442446,0.058099853851577926
2013-08-16 08:00:00,1.5065122154187127e-08,1.0292806087924901e-07,0.12165796217354723,0.06082898861933469
2013-08-16 09:00:00,4.0044277758803464e-08,1.8185098602164006e-07,0.1189751915048697,0.059487615774573725
2013-08-16 10:00:00,3.310478013824424e-08,1.5971229356454044e-07,0.1104535088549175,0.05522677097984882
2013-08-16 11:00:00,3.151476837196755e-08,1.5502090847373796e-07,0.10547987288200525,0.052739952198386814
2013-08-16 12:00:00,2.6714993258337878e-08,1.4429538149603913e-07,0.11211398635501671,0.056057006535004984
2013-08-16 13:00:00,2.886233534795321e-08,1.5869259681755987e-07,0.12051606580179383,0.060258047332064586
2013-08-16 14:00:00,3.105652657409151e-08,1.8035744440715574e-07,0.12076350922147011,0.06038177013899834
2013-08-16 15:00:00,3.496378647668045e-08,2.322445630801283e-07,0.10509939246900672,0.0525497137163966
2013-08-16 16:00:00,1.6037532387573914e-07,4.8968723419333905e-06,0.11430683821408182,0.05715349929470285
2013-08-16 17:00:00,9.950477578699432e-07,0.21144557143998083,0.1135512899958927,0.056776142521825286
2013-08-16 18:00:00,0.3413628879415046,0.34137375055934904,0.11063304721945254,0.22599796758047858
2013-08-16 19:00:00,0.3413664738154006,0.34137568986932143,0.12089990878292385,0.2311331912991622
2013-08-16 20:00:00,0.341367205073848,0.34137607277664783,0.09768654314564697,0.21952687410974747
2013-08-16 21:00:00,0.3235704323570432,0.33700389997705893,0.07950720804640211,0.20153882020172265
2013-08-16 22:00:00,0.3138020833333333,0.33467503255593706,0.07794323322130811,0.1958726582773207
2013-08-16 23:00:00,0.28558718861209964,0.32796232027764005,0.08024878203273762,0.18291798532241862
2013-08-17 00:00:00,0.2683208309290248,0.3232687889727601,0.07161157764641284,0.16996620428771883
2013-08-17 01:00:00,0.023017902813299233,0.312598013591218,0.08175154098598243,0.05238472189964083
2013-08-17 02:00:00,0.0215311004784689,0.3083677685950414,0.07796435643168527,0.049747728455077085
2013-08-17 03:00:00,0.01943844492440605,0.2996313849394419,0.09314622821109206,0.056292336567749054
2013-08-17 04:00:00,0.2768752160387142,0.3187893081761006,0.10689660695646731,0.19188591149759074
2013-08-17 05:00:00,0.30091968117719187,0.3234369542438002,0.11866822554865407,0.20979395336292297
2013-08-17 06:00:00,6.291037222179933e-08,5.539867277579033e-07,0.11590458380037626,0.05795232335537424
2013-08-17 07:00:00,1.996251478897955e-08,1.3638835847568533e-07,0.11619968806442446,0.05809985401346963
2013-08-17 08:00:00,4.3676298066857934e-08,2.0638105297187838e-07,0.12165796217354723,0.060829002924922645
2013-08-17 09:00:00,4.58930528794594e-08,1.961592184853996e-07,0.1189751915048697,0.05948761869896129
2013-08-17 10:00:00,3.966981071073782e-08,1.7706062831341095e-07,0.1104535088549175,0.05522677426236411
2013-08-17 11:00:00,3.88608174176049e-08,1.7462844532059347e-07,0.10547987288200525,0.05273995587141133
2013-08-17 12:00:00,3.6742208934007725e-08,1.7434879642925398e-07,0.11211398635501671,0.05605701154861282
2013-08-17 13:00:00,4.094297457042768e-08,1.9581403265728417e-07,0.12051606580179383,0.0602580533723842
2013-08-17 14:00:00,3.818224026912879e-08,2.072391171908348e-07,0.12076350922147011,0.06038177370185519
2013-08-17 15:00:00,2.7064740401731138e-08,2.1230659126358376e-07,0.10509939246900672,0.052549709766873565
2013-08-17 16:00:00,1.6733727077931477e-07,7.497499704502834e-05,0.11430683821408182,0.057153502775676296
2013-08-17 17:00:00,9.61974934540612e-07,1.7708671361290214e-05,0.1135512899958927,0.05677612598541362
2013-08-17 18:00:00,0.2950636587000223,0.32433445819272594,0.11063304721945254,0.20284835295973744
2013-08-17 19:00:00,0.3166148102053516,0.332501040366209,0.12089990878292385,0.21875735949413772
2013-08-17 20:00:00,0.020979020979020983,0.26680455015511895,0.09768654314564697,0.05933278206233397
2013-08-17 21:00:00,0.03187250996015936,0.3070017953321364,0.07950720804640211,0.05568985900328074
2013-08-17 22:00:00,0.031746031746031744,0.30851063829787234,0.07794323322130811,0.05484463248366993
2013-08-17 23:00:00,0.020689655172413796,0.2693836978131213,0.08024878203273762,0.05046921860257571
2013-08-18 00:00:00,0.023255813953488372,0.2721962616822429,0.07161157764641284,0.047433695799950604
2013-08-18 01:00:00,0.019067796610169496,0.26203703703703707,0.08175154098598243,0.050409668798075964
2013-08-18 02:00:00,0.018404907975460127,0.257380073800738,0.07796435643168527,0.0481846322035727
2013-08-18 03:00:00,0.016949152542372885,0.2506504770164788,0.09314622821109206,0.055047690376732475
2013-08-18 04:00:00,0.01465798045602606,0.23362974939369446,0.10689660695646731,0.06077729370624669
2013-08-18 05:00:00,0.009195402298850576,0.1596774193548387,0.11866822554865407,0.06393181392375233
2013-08-18 06:00:00,3.814618686901439e-08,2.799287810986759e-07,0.11590458380037626,0.057952310973281566
2013-08-18 07:00:00,4.338874423081562e-08,2.3327906023997138e-07,0.11619968806442446,0.05809986572658435
2013-08-18 08:00:00,3.5904547330068445e-08,1.9481616410782608e-07,0.12165796217354723,0.06082899903904728
2013-08-18 09:00:00,3.7212684583598497e-08,1.9034871659281325e-07,0.1189751915048697,0.05948761435877714
2013-08-18 10:00:00,3.506670470391089e-08,1.7795153815443771e-07,0.1104535088549175,0.055226771960811105
2013-08-18 11:00:00,4.086193011245163e-08,1.8603346589090529e-07,0.10547987288200525,0.05273995687196768
2013-08-18 12:00:00,4.319660647459535e-08,1.9501311452361112e-07,0.11211398635501671,0.05605701477581159
2013-08-18 13:00:00,5.26506772877825e-08,2.3133751433907027e-07,0.12051606580179383,0.06025805922623556
2013-08-18 14:00:00,5.015232179588643e-08,2.532106809554517e-07,0.12076350922147011,0.06038177968689595
2013-08-18 15:00:00,2.9740923838351736e-08,2.2577385909281868e-07,0.10509939246900672,0.05254971110496528
2013-08-18 16:00:00,1.843844256294024e-07,7.687487463517865e-05,0.11430683821408182,0.05715351129925372
2013-08-18 17:00:00,1.083940486789543e-06,2.036516384442866e-05,0.1135512899958927,0.05677618696818974
2013-08-18 18:00:00,0.3413627083149812,0.3413737342059412,0.11063304721945254,0.2259978777672169
2013-08-18 19:00:00,0.34136467032324674,0.3413747852294346,0.12089990878292385,0.2311322895530853
2013-08-18 20:00:00,0.3413658740398223,0.3413755180802634,0.09768654314564697,0.21952620859273464
2013-08-18 21:00:00,0.3413666805424482,0.3413759539026664,0.07950720804640211,0.21043694429442514
2013-08-18 22:00:00,0.341368383136805,0.3413768684747691,0.07794323322130811,0.20965580817905655
2013-08-18 23:00:00,0.34136949611131695,0.34137739025242,0.08024878203273762,0.21080913907202728
2013-08-19 00:00:00,0.3413688739060628,0.34137710076506744,0.07161157764641284,0.20649022577623782
2013-08-19 01:00:00,0.34136815706461865,0.3413767147798011,0.08175154098598243,0.21155984902530053
2013-08-19 02:00:00,0.341366044903561,0.3413756389568235,0.07796435643168527,0.20966520066762312
2013-08-19 03:00:00,0.341365479736984,0.34137531723885,0.09314622821109206,0.21725585397403802
2013-08-19 04:00:00,0.341363436698426,0.3413741301171451,0.10689660695646731,0.22413002182744665
2013-08-19 05:00:00,0.21684059985265502,0.2516198857556056,0.11866822554865407,0.16775441270065455
2013-08-19 06:00:00,1.0400693341420222e-07,2.042963119630344e-06,0.11590458380037626,0.057952343903654835
2013-08-19 07:00:00,3.546304875858548e-08,2.9613351658793244e-07,0.11619968806442446,0.05809986176373661
2013-08-19 08:00:00,2.6803399503749357e-08,1.581723820968125e-07,0.12165796217354723,0.06082899448847336
2013-08-19 09:00:00,2.9265291919823638e-08,1.5926274138944955e-07,0.1189751915048697,0.05948761038508081
2013-08-19 10:00:00,3.260583271829676e-08,1.6428836441349736e-07,0.1104535088549175,0.05522677073037511
2013-08-19 11:00:00,2.971176939340917e-08,1.5525503981147483e-07,0.10547987288200525,0.05273995129688732
2013-08-19 12:00:00,2.0159333051850807e-08,1.24994839333439e-07,0.11211398635501671,0.05605700325717488
2013-08-19 13:00:00,1.630084890202508e-08,1.278702477661769e-07,0.12051606580179383,0.06025804105132137
2013-08-19 14:00:00,2.704850225849923e-08,2.207346418482902e-07,0.12076350922147011,0.060381768134986184
2013-08-19 15:00:00,5.970420328636413e-08,5.816518307680221e-07,0.10509939246900672,0.052549726086605006
2013-08-19 16:00:00,1.945034492269169e-07,0.08241926012859917,0.11430683821408182,0.05715351635876552
2013-08-19 17:00:00,1.4366460635658416e-06,0.2395033188755875,0.1135512899958927,0.056776363320978136
2013-08-19 18:00:00,0.34136553267577924,0.3413752063106377,0.11063304721945254,0.2259992899476159
2013-08-19 19:00:00,0.34136690032701783,0.3413759491126151,0.12089990878292385,0.23113340455497083
2013-08-19 20:00:00,0.34136773822873395,0.34137645818171997,0.09768654314564697,0.21952714068719045
2013-08-19 21:00:00,0.3413680817885793,0.3413766366396768,0.07950720804640211,0.2104376449174907
2013-08-19 22:00:00,0.34136829683216324,0.3413768264756859,0.07794323322130811,0.20965576502673566
2013-08-19 23:00:00,0.3413675808702787,0.3413764368533013,0.08024878203273762,0.21080818145150815
2013-08-20 00:00:00,0.34136723950282194,0.34137624204253075,0.07161157764641284,0.2064894085746174
2013-08-20 01:00:00,0.3413669623936706,0.3413760685602284,0.08175154098598243,0.2115592516898265
2013-08-20 02:00:00,0.34136649689432524,0.34137580460580946,0.07796435643168527,0.20966542666300525
2013-08-20 03:00:00,0.34136578313112814,0.3413753659263147,0.09314622821109206,0.2172560056711101
2013-08-20 04:00:00,0.34136447536457865,0.3413746570774912,0.10689660695646731,0.22413054116052297
2013-08-20 05:00:00,1.0192421594796884e-06,0.21341818257520664,0.11866822554865407,0.05933462239540677
2013-08-20 06:00:00,4.988174700509991e-07,0.15340933600969361,0.11590458380037626,0.057952541308923154
2013-08-20 07:00:00,1.6842217591884908e-07,1.610975005032379e-06,0.11619968806442446,0.05809992824330019
2013-08-20 08:00:00,7.649055812024147e-08,6.580886106636486e-07,0.12165796217354723,0.060829019332052675
2013-08-20 09:00:00,5.065479854004091e-08,4.2299193965786704e-07,0.1189751915048697,0.059487621079834116
2013-08-20 10:00:00,3.9456039054534405e-08,3.29476899411112e-07,0.1104535088549175,0.05522677415547828
2013-08-20 11:00:00,3.776978247438028e-08,3.1539584457946513e-07,0.10547987288200525,0.05273995532589386
2013-08-20 12:00:00,3.7893869351715095e-08,3.1643203662649046e-07,0.11211398635501671,0.05605701212444303
2013-08-20 13:00:00,6.191748417868964e-08,4.11282460262535e-07,0.12051606580179383,0.060258063859639006
2013-08-20 14:00:00,7.815725818710958e-08,6.378182557349798e-07,0.12076350922147011,0.06038179368936415
2013-08-20 15:00:00,1.7881176618205612e-07,1.667689386879039e-06,0.10509939246900672,0.052549785640386454
2013-08-20 16:00:00,5.049986165843455e-07,0.1544604354031925,0.11430683821408182,0.0571536716063492
2013-08-20 17:00:00,0.34136162036503376,0.34137295268084633,0.1135512899958927,0.22745645518046323
2013-08-20 18:00:00,0.3413642271018529,0.3413744308059291,0.11063304721945254,0.22599863716065272
2013-08-20 19:00:00,0.3413659671392253,0.34137545266721914,0.12089990878292385,0.23113293796107456
2013-08-20 20:00:00,0.34136696458465887,0.3413759679533122,0.09768654314564697,0.2195267538651529
2013-08-20 21:00:00,0.34136752537685044,0.3413762871867112,0.07950720804640211,0.21043736671162627
2013-08-20 22:00:00,0.3413681150134359,0.34137667307760616,0.07794323322130811,0.20965567411737202
2013-08-20 23:00:00,0.341368021912787,0.3413766202864629,0.08024878203273762,0.2108084019727623
2013-08-21 00:00:00,0.34136793100344826,0.3413765699829786,0.07161157764641284,0.20648975432493055
2013-08-21 01:00:00,0.3413676517018805,0.3413764455599048,0.08175154098598243,0.21155959634393146
2013-08-21 02:00:00,0.3413671796271328,0.34137614143564754,0.07796435643168527,0.20966576802940903
2013-08-21 03:00:00,0.34136627528013996,0.3413756613429331,0.09314622821109206,0.21725625174561602
2013-08-21 04:00:00,0.3413645929251013,0.34137463450661665,0.10689660695646731,0.2241305999407843
2013-08-21 05:00:00,9.363660217324312e-07,0.20656657946140683,0.11866822554865407,0.0593345809573379
2013-08-21 06:00:00,1.5059172004557508e-07,6.46547889558343e-05,0.11590458380037626,0.057952367196048155
2013-08-21 07:00:00,4.139979367791824e-08,2.828523097193192e-07,0.11619968806442446,0.05809986473210907
2013-08-21 08:00:00,2.3293084152097537e-08,1.6503768868442137e-07,0.12165796217354723,0.06082899273331569
2013-08-21 09:00:00,1.780121535899067e-08,1.21621858839031e-07,0.1189751915048697,0.05948760465304253
2013-08-21 10:00:00,1.6079277354826383e-08,1.0985716391891182e-07,0.1104535088549175,0.05522676246709743
2013-08-21 11:00:00,1.4483310015284672e-08,9.895315659818237e-08,0.10547987288200525,0.05273994368265763
2013-08-21 12:00:00,1.540245656346807e-08,1.0523296567481505e-07,0.11211398635501671,0.056057000878736635
2013-08-21 13:00:00,1.86765596818336e-08,1.51232289133452e-07,0.12051606580179383,0.06025804223917676
2013-08-21 14:00:00,2.3740851888081854e-08,1.982475874470108e-07,0.12076350922147011,0.060381766481160996
2013-08-21 15:00:00,1.042836345224298e-07,2.5948522055306963e-06,0.10509939246900672,0.05254974837632062
2013-08-21 16:00:00,2.3845251945355263e-07,0.09581530085927385,0.11430683821408182,0.057153538333300634
2013-08-21 17:00:00,0.21865403617197066,0.25313255408092705,0.1135512899958927,0.16610266308393168
2013-08-21 18:00:00,0.3413662708985528,0.34137562241807134,0.11063304721945254,0.22599965905900268
2013-08-21 19:00:00,0.3413671686719058,0.34137611264492485,0.12089990878292385,0.23113353872741482
2013-08-21 20:00:00,0.3413679423156154,0.3413765500818801,0.09768654314564697,0.21952724273063118
2013-08-21 21:00:00,0.34136828806673175,0.3413767486243844,0.07950720804640211,0.21043774805656693
2013-08-21 22:00:00,0.34136854290951185,0.341376895620051,0.07794323322130811,0.20965588806540997
2013-08-21 23:00:00,0.3413685363352322,0.3413769748981825,0.08024878203273762,0.2108086591839849
2013-08-22 00:00:00,0.3413681883921541,0.34137675627062497,0.07161157764641284,0.20648988301928348
2013-08-22 01:00:00,0.34136774077654203,0.3413765301808801,0.08175154098598243,0.21155964088126222
2013-08-22 02:00:00,0.3413671489525724,0.3413761933515308,0.07796435643168527,0.20966575269212884
2013-08-22 03:00:00,0.34136633551755985,0.34137572961391643,0.09314622821109206,0.21725628186432594
2013-08-22 04:00:00,0.341365109532196,0.3413749400574119,0.10689660695646731,0.22413085824433165
2013-08-22 05:00:00,7.965812855441207e-07,0.1931790676185222,0.11866822554865407,0.05933451106496981
2013-08-22 06:00:00,1.7188343720886049e-07,0.0749359039917419,0.11590458380037626,0.05795237784190673
2013-08-22 07:00:00,3.6374936402970564e-08,3.2445837283642784e-07,0.11619968806442446,0.05809986221968043
2013-08-22 08:00:00,1.8586549189432534e-08,1.2698750316451685e-07,0.12165796217354723,0.06082899038004821
2013-08-22 09:00:00,1.4907736540322723e-08,1.0185300492846322e-07,0.1189751915048697,0.05948760320630312
2013-08-22 10:00:00,1.4035490759496056e-08,9.589358692920403e-08,0.1104535088549175,0.05522676144520413
2013-08-22 11:00:00,2.5464519304868534e-08,1.4729068682787409e-07,0.10547987288200525,0.052739949173262274
2013-08-22 12:00:00,2.387524325888475e-08,1.4814204038797544e-07,0.11211398635501671,0.05605700511512998
2013-08-22 13:00:00,1.8522087679080727e-08,1.2654699423634218e-07,0.12051606580179383,0.06025804216194076
2013-08-22 14:00:00,2.3446721522303718e-08,1.957914764530224e-07,0.12076350922147011,0.06038176633409582
2013-08-22 15:00:00,6.970072044058662e-08,6.878588148264935e-07,0.10509939246900672,0.052549731084863584
2013-08-22 16:00:00,2.2331271611088104e-07,0.09136028561227187,0.11430683821408182,0.05715353076339896
2013-08-22 17:00:00,0.21994795701255088,0.25420797507252924,0.1135512899958927,0.1667496235042218
2013-08-22 18:00:00,0.3413655396123541,0.3413751801950266,0.11063304721945254,0.22599929341590333
2013-08-22 19:00:00,0.3413670178873359,0.3413760459883044,0.12089990878292385,0.23113346333512988
2013-08-22 20:00:00,0.3413677250815295,0.34137640930593344,0.09768654314564697,0.21952713411358823
2013-08-22 21:00:00,0.3413681661239384,0.3413767322711988,0.07950720804640211,0.21043768708517024
2013-08-22 22:00:00,0.3413681971574673,0.34137673227119875,0.07794323322130811,0.2096557151893877
2013-08-22 23:00:00,0.3413681328991024,0.34137678008689315,0.08024878203273762,0.21080845746592
2013-08-23 00:00:00,0.3413679047084156,0.341376628116282,0.07161157764641284,0.20648974117741423
2013-08-23 01:00:00,0.34136733953434506,0.34137628631121514,0.08175154098598243,0.21155944026016374
2013-08-23 02:00:00,0.34136655055837795,0.34137588425456633,0.07796435643168527,0.2096654534950316
2013-08-23 03:00:00,0.341365464403041,0.34137521806228677,0.09314622821109206,0.2172558463070665
2013-08-23 04:00:00,0.341363710866773,0.34137423121243377,0.10689660695646731,0.22413015891162014
2013-08-23 05:00:00,9.222868779482437e-07,0.20532850649934092,0.11866822554865407,0.05933457391776601
2013-08-23 06:00:00,1.259773797536462e-07,2.1637099013002808e-06,0.11590458380037626,0.057952354888878004
2013-08-23 07:00:00,4.4566834479516546e-08,3.518551937243649e-07,0.11619968806442446,0.05809986631562947
2013-08-23 08:00:00,1.964429961910096e-08,1.34214295422098e-07,0.12165796217354723,0.06082899090892342
2013-08-23 09:00:00,2.2623865209544954e-08,1.420232970282335e-07,0.1189751915048697,0.059487607064367454
2013-08-23 10:00:00,2.5671709916866022e-08,1.5125199765375662e-07,0.1104535088549175,0.05522676726331371
2013-08-23 11:00:00,3.05019644230984e-08,1.7071131726125483e-07,0.10547987288200525,0.05273995169198484
2013-08-23 12:00:00,3.2976836871920144e-08,1.870286242252677e-07,0.11211398635501671,0.05605700966592679
2013-08-23 13:00:00,3.300812953921609e-08,2.0125208762703732e-07,0.12051606580179383,0.06025804940496168
2013-08-23 14:00:00,2.9010694695897328e-08,2.4225337571269845e-07,0.12076350922147011,0.0603817691160824
2013-08-23 15:00:00,8.488708291934374e-08,8.592093815182108e-07,0.10509939246900672,0.05254973867804482
2013-08-23 16:00:00,2.781942534649481e-07,0.10678964973905498,0.11430683821408182,0.05715355820416764
2013-08-23 17:00:00,0.24579193539814415,0.27496323501936026,0.1135512899958927,0.17967161269701842
2013-08-23 18:00:00,0.3413647130437565,0.34137483733803714,0.11063304721945254,0.22599888013160452
2013-08-23 19:00:00,0.34136611609541373,0.3413756517644968,0.12089990878292385,0.23113301243916878
2013-08-23 20:00:00,0.34136775540185743,0.341376561969382,0.09768654314564697,0.2195271492737522
2013-08-23 21:00:00,0.34136778424428826,0.34137653815312546,0.07950720804640211,0.21043749614534518
2013-08-23 22:00:00,0.34136793467420834,0.3413766007116885,0.07794323322130811,0.20965558394775824
2013-08-23 23:00:00,0.34136824684895073,0.34137678751230005,0.08024878203273762,0.21080851444084417
2013-08-24 00:00:00,0.3413682786558857,0.3413767632913021,0.07161157764641284,0.20648992815114928
2013-08-24 01:00:00,0.34136771310640357,0.3413764550573981,0.08175154098598243,0.211559627046193
2013-08-24 02:00:00,0.3413673202989921,0.34137620486616954,0.07796435643168527,0.20966583836533867
2013-08-24 03:00:00,0.34136416503622785,0.3413745842032091,0.09314622821109206,0.21725519662365994
2013-08-24 04:00:00,0.34136192993224784,0.34137327133592293,0.10689660695646731,0.22412926844435757
2013-08-24 05:00:00,1.874117602961939e-06,0.25046807231502555,0.11866822554865407,0.05933504983312852
2013-08-24 06:00:00,1.4516808395476765e-07,1.2856919566560184e-06,0.11590458380037626,0.05795236448423011
2013-08-24 07:00:00,3.560496913393358e-08,2.522708271123423e-07,0.11619968806442446,0.0580998618346968
2013-08-24 08:00:00,2.4647116349415695e-08,1.6839479538588533e-07,0.12165796217354723,0.06082899341033179
2013-08-24 09:00:00,2.091910456749124e-08,1.4292410847355435e-07,0.1189751915048697,0.059487606211987135
2013-08-24 10:00:00,2.0133404745177734e-08,1.3755601777773975e-07,0.1104535088549175,0.055226764494161126
2013-08-24 11:00:00,1.9314257461022013e-08,1.3195940330538365e-07,0.10547987288200525,0.05273994609813135
2013-08-24 12:00:00,1.9008679616561984e-08,1.2987161911467035e-07,0.11211398635501671,0.05605700268184816
2013-08-24 13:00:00,2.069971694793051e-08,1.414251681329183e-07,0.12051606580179383,0.06025804325075539
2013-08-24 14:00:00,2.4281304742960337e-08,2.0276066385610895e-07,0.12076350922147011,0.06038176675138743
2013-08-24 15:00:00,1.054389214938577e-07,4.50491704225501e-05,0.10509939246900672,0.05254974895396411
2013-08-24 16:00:00,2.3170996729516797e-07,0.0659283320658721,0.11430683821408182,0.057153534962024556
2013-08-24 17:00:00,0.2404692356304305,0.2707979051992713,0.1135512899958927,0.1770102628131616
2013-08-24 18:00:00,0.3413644947085589,0.34137463891780834,0.11063304721945254,0.22599877096400572
2013-08-24 19:00:00,0.34136712012680687,0.3413760561703479,0.12089990878292385,0.23113351445486535
2013-08-24 20:00:00,0.34136734689238313,0.34137617763038486,0.09768654314564697,0.21952694501901504
2013-08-24 21:00:00,0.3413672377137494,0.3413760892544254,0.07950720804640211,0.21043722288007574
2013-08-24 22:00:00,0.3413669865696067,0.3413759745797198,0.07794323322130811,0.20965510989545738
2013-08-24 23:00:00,0.02639296187683285,0.3089564502875924,0.08024878203273762,0.053320871954785236
2013-08-25 00:00:00,0.03791469194312796,0.333941605839416,0.07161157764641284,0.05476313479477039
2013-08-25 01:00:00,0.02173913043478261,0.30263965623081646,0.08175154098598243,0.05174533571038252
2013-08-25 02:00:00,0.020089285714285716,0.29077540106951877,0.07796435643168527,0.04902682107298549
2013-08-25 03:00:00,0.017928286852589643,0.2851985559566787,0.09314622821109206,0.05553725753184085
2013-08-25 04:00:00,0.015410958904109592,0.2715617715617715,0.10689660695646731,0.061153782930288454
2013-08-25 05:00:00,2.387174190509232e-06,7.730946940336819e-05,0.11866822554865407,0.05933530636142229
2013-08-25 06:00:00,6.915156674975997e-07,6.124468625790856e-06,0.11590458380037626,0.057952637658021874
2013-08-25 07:00:00,1.721292357777502e-07,1.3066998858815434e-06,0.11619968806442446,0.05809993009683012
2013-08-25 08:00:00,9.155107199438975e-08,6.25527339819187e-07,0.12165796217354723,0.060829026862309614
2013-08-25 09:00:00,6.622809685064428e-08,4.5250286120073046e-07,0.1189751915048697,0.059487628866483275
2013-08-25 10:00:00,5.221429694284596e-08,3.5675454680696955e-07,0.1104535088549175,0.05522678053460722
2013-08-25 11:00:00,5.08015442247001e-08,3.4710365079377526e-07,0.10547987288200525,0.052739961841774735
2013-08-25 12:00:00,5.810604508176876e-08,3.97012816750059e-07,0.11211398635501671,0.0560570222305309
2013-08-25 13:00:00,6.221719433553094e-08,4.2508428673572506e-07,0.12051606580179383,0.060258064009494086
2013-08-25 14:00:00,6.590579452093495e-08,5.336689132404609e-07,0.12076350922147011,0.060381787563632314
2013-08-25 15:00:00,1.5914896048275608e-07,1.429649821774014e-06,0.10509939246900672,0.0525497758089836
2013-08-25 16:00:00,4.1249513771356423e-07,9.011345144365405e-06,0.11430683821408182,0.057153625354609765
2013-08-25 17:00:00,0.34136108651555486,0.34137272495520743,0.1135512899958927,0.22745618825572378
2013-08-25 18:00:00,0.34136444615413997,0.34137459658916924,0.11063304721945254,0.22599874668679626
2013-08-25 19:00:00,0.34136608784257816,0.34137298870335636,0.12089990878292385,0.231132998312751
2013-08-25 20:00:00,0.3413668889224327,0.34137372079953304,0.09768654314564697,0.21952671603403984
2013-08-25 21:00:00,0.34136731414466637,0.34137628642157264,0.07950720804640211,0.21043726109553423
2013-08-25 22:00:00,0.02702702702702703,0.3157142857142857,0.07794323322130811,0.05248513012416757
2013-08-25 23:00:00,0.027950310559006212,0.31553784860557765,0.08024878203273762,0.054099546295871916
2013-08-26 00:00:00,0.027355623100303955,0.31481481481481477,0.07161157764641284,0.049483600373358395
2013-08-26 01:00:00,0.025069637883008356,0.3144266337854501,0.08175154098598243,0.05341058943449539
2013-08-26 02:00:00,0.33013263894539835,0.33793321394711895,0.07796435643168527,0.2040484976885418
2013-08-26 03:00:00,0.34136568351413277,0.3413726327991442,0.09314622821109206,0.21725595586261243
2013-08-26 04:00:00,0.34136286416913114,0.341373757747134,0.10689660695646731,0.22412973556279922
2013-08-26 05:00:00,1.372323587802788e-06,0.0007434027052650839,0.11866822554865407,0.05933479893612094
2013-08-26 06:00:00,2.719759843996993e-07,7.960318066781472e-06,0.11590458380037626,0.05795242788818033
2013-08-26 07:00:00,1.0563949767855441e-07,8.821405670142943e-07,0.11619968806442446,0.05809989685196107
2013-08-26 08:00:00,4.27362931673243e-08,3.3524033898984e-07,0.12165796217354723,0.0608290024549202
2013-08-26 09:00:00,4.070642748384006e-08,2.9871621350953557e-07,0.1189751915048697,0.05948761610564859
2013-08-26 10:00:00,4.546713778502383e-08,3.2214669352372977e-07,0.1104535088549175,0.05522677716102765
2013-08-26 11:00:00,4.020093660946132e-08,2.8483424091695146e-07,0.10547987288200525,0.05273995654147093
2013-08-26 12:00:00,3.609906565510346e-08,2.55771338669369e-07,0.11211398635501671,0.05605701122704118
2013-08-26 13:00:00,4.117531081698062e-08,3.229953799678578e-07,0.12051606580179383,0.06025805348855232
2013-08-26 14:00:00,8.50984713557354e-08,8.139750786929788e-07,0.12076350922147011,0.06038179715997073
2013-08-26 15:00:00,1.481809518043571e-07,1.6551978862190944e-06,0.10509939246900672,0.05254977032497926
2013-08-26 16:00:00,3.3681385544420866e-07,0.12129599900656048,0.11430683821408182,0.05715358751396863
2013-08-26 17:00:00,0.34136275980637737,0.34137374969497214,0.1135512899958927,0.22745702490113504
2013-08-26 18:00:00,0.341365355605143,0.3413751814386233,0.11063304721945254,0.22599920141229776
2013-08-26 19:00:00,0.3413671131783414,0.3413761188636632,0.12089990878292385,0.23113351098063262
2013-08-26 20:00:00,0.34136785359772504,0.34137662171372385,0.09768654314564697,0.219527198371686
2013-08-26 21:00:00,0.3413684476173022,0.3413769786298339,0.07950720804640211,0.21043782783185214
2013-08-26 22:00:00,0.34136864477619755,0.3413770778102469,0.07794323322130811,0.20965593899875284
2013-08-26 23:00:00,0.34136873568572645,0.34137714571080524,0.08024878203273762,0.21080875885923203
2013-08-27 00:00:00,0.341368394669854,0.3413769361552224,0.07161157764641284,0.20648998615813344
2013-08-27 01:00:00,0.34136817743553954,0.34137683057325185,0.08175154098598243,0.21155985921076098
2013-08-27 02:00:00,0.3413677429677401,0.3413765666186111,0.07796435643168527,0.20966604969971267
2013-08-27 03:00:00,0.34136702481961667,0.3413761405607909,0.09314622821109206,0.21725662651535438
2013-08-27 04:00:00,0.34136582329067544,0.34137543028169737,0.10689660695646731,0.22413121512357137
2013-08-27 05:00:00,9.843746923829086e-07,0.21062345066793117,0.11866822554865407,0.059334604961673226
2013-08-27 06:00:00,2.289070251642325e-07,0.09302251590615643,0.11590458380037626,0.05795240635370071
2013-08-27 07:00:00,1.1242686953356467e-07,1.3289753832670513e-06,0.11619968806442446,0.058099900245647
2013-08-27 08:00:00,4.940814904659874e-08,3.0943627321703883e-07,0.12165796217354723,0.060829005790848135
2013-08-27 09:00:00,4.561700471471131e-08,2.85692882246666e-07,0.1189751915048697,0.059487618560937205
2013-08-27 10:00:00,3.8410840952835834e-08,2.40561682661613e-07,0.1104535088549175,0.05522677363287923
2013-08-27 11:00:00,3.4618648155290806e-08,2.1681170438933005e-07,0.10547987288200525,0.0527399537503267
2013-08-27 12:00:00,2.839511639775805e-08,1.778345957514895e-07,0.11211398635501671,0.05605700737506655
2013-08-27 13:00:00,3.501706003151088e-08,3.083588142272334e-07,0.12051606580179383,0.06025805040942693
2013-08-27 14:00:00,5.266221911991041e-08,4.930582856992389e-07,0.12076350922147011,0.06038178094184461
2013-08-27 15:00:00,1.0668015815066746e-07,1.791780652682524e-06,0.10509939246900672,0.05254974957458244
2013-08-27 16:00:00,3.3780375313481893e-07,0.12152619271251615,0.11430683821408182,0.057153588008917476
2013-08-27 17:00:00,0.34136407668845065,0.3413743997190085,0.1135512899958927,0.22745768334217167
2013-08-27 18:00:00,0.3413660828716555,0.3413755662676737,0.11063304721945254,0.22599956504555402
2013-08-27 19:00:00,0.341367554576447,0.34137633910203197,0.12089990878292385,0.23113373167968543
2013-08-27 20:00:00,0.34136817524422025,0.34137670739436865,0.09768654314564697,0.2195273591949336
2013-08-27 21:00:00,0.34136885543742074,0.3413771080288089,0.07950720804640211,0.21043803174191142
2013-08-27 22:00:00,0.34136904821428926,0.3413772210748914,0.07794323322130811,0.2096561407177987
2013-08-27 23:00:00,0.3413696565335714,0.3413775729915287,0.08024878203273762,0.2108092192831545
2013-08-28 00:00:00,0.34136841693780273,0.34137696015432767,0.07161157764641284,0.2064899972921078
2013-08-28 01:00:00,0.3413682285457871,0.34137685332862666,0.08175154098598243,0.21155988476588475
2013-08-28 02:00:00,0.3413672336466185,0.341376305704222,0.07796435643168527,0.20966579503915186
2013-08-28 03:00:00,0.3413667655993524,0.3413760212983463,0.09314622821109206,0.21725649690522225
2013-08-28 04:00:00,0.3413655640735597,0.34137527707074117,0.10689660695646731,0.2241310855150135
2013-08-28 05:00:00,1.7020687510957071e-06,0.2511939406594111,0.11866822554865407,0.05933496380870258
2013-08-28 06:00:00,3.974708663791716e-07,0.13453212670543627,0.11590458380037626,0.057952490635621315
2013-08-28 07:00:00,1.5280356337909796e-07,1.4914080479493652e-06,0.11619968806442446,0.058099920433993923
2013-08-28 08:00:00,4.915218139592882e-08,3.855688830687612e-07,0.12165796217354723,0.06082900566286431
2013-08-28 09:00:00,5.265835225512488e-08,3.297918320976617e-07,0.1189751915048697,0.05948762208161098
2013-08-28 10:00:00,4.8901362431078425e-08,3.3410434097129885e-07,0.1104535088549175,0.05522677887813997
2013-08-28 11:00:00,5.202910856928393e-08,3.2585095928646306e-07,0.10547987288200525,0.052739962455556906
2013-08-28 12:00:00,7.440224723059492e-08,5.365723248731362e-07,0.11211398635501671,0.05605703037863197
2013-08-28 13:00:00,1.341803692777943e-07,1.1034954644893377e-06,0.12051606580179383,0.06025809999108155
2013-08-28 14:00:00,1.3655415796623227e-07,1.2439550264646249e-06,0.12076350922147011,0.06038182288781404
2013-08-28 15:00:00,3.234510414800085e-07,5.18706696623155e-06,0.10509939246900672,0.0525498579600241
2013-08-28 16:00:00,6.240417924948711e-07,0.17247619799658243,0.11430683821408182,0.05715373112793715
2013-08-28 17:00:00,0.34136351772857776,0.341374082600504,0.1135512899958927,0.22745740386223523
2013-08-28 18:00:00,0.3413657897031092,0.3413753746317344,0.11063304721945254,0.22599941846128088
2013-08-28 19:00:00,0.3413670821450013,0.3413761176199147,0.12089990878292385,0.23113349546396256
2013-08-28 20:00:00,0.34136798211415414,0.3413766115796671,0.09768654314564697,0.21952726262990055
2013-08-28 21:00:00,0.3413683588993238,0.34137682647568596,0.07950720804640211,0.21043778347286296
2013-08-28 22:00:00,0.341368547292371,0.341376900595542,0.07794323322130811,0.20965589025683956
2013-08-28 23:00:00,0.3413684720766663,0.3413769196192927,0.08024878203273762,0.21080862705470196
2013-08-29 00:00:00,0.3413681818181818,0.34137680035468554,0.07161157764641284,0.20648987973229732
2013-08-29 01:00:00,0.34136793355059375,0.34137667717574977,0.08175154098598243,0.21155973726828808
2013-08-29 02:00:00,0.3413673019278197,0.3413762964455153,0.07796435643168527,0.2096658291797525
2013-08-29 03:00:00,0.34136643957097695,0.3413758275477884,0.09314622821109206,0.2172563338910345
2013-08-29 04:00:00,0.34136502081436376,0.3413749249477108,0.10689660695646731,0.22413081388541553
2013-08-29 05:00:00,0.21790838203573423,0.2525114456799093,0.11866822554865407,0.16828830379219414
2013-08-29 06:00:00,1.2058393554583652e-07,2.5974233423135526e-06,0.11590458380037626,0.0579523521921559
2013-08-29 07:00:00,3.22280378611766e-08,2.26305219635699e-07,0.11619968806442446,0.05809986014623116
2013-08-29 08:00:00,1.7166744029552343e-08,1.2163091118246319e-07,0.12165796217354723,0.060828989670145626
2013-08-29 09:00:00,1.4595676978441096e-08,9.972093649925885e-08,0.1189751915048697,0.059487603050273334
2013-08-29 10:00:00,2.454419346479432e-08,1.4896905222561998e-07,0.1104535088549175,0.055226766699555487
2013-08-29 11:00:00,2.5136756313249262e-08,1.5678878087309735e-07,0.10547987288200525,0.05273994900938078
2013-08-29 12:00:00,2.5351743826037014e-08,1.654391176050989e-07,0.11211398635501671,0.05605700585338027
2013-08-29 13:00:00,2.5801378562496325e-08,1.7628100205016115e-07,0.12051606580179383,0.060258045801586196
2013-08-29 14:00:00,3.2915796816447775e-08,2.8319209127780854e-07,0.12076350922147011,0.06038177106863346
2013-08-29 15:00:00,1.0090267969696965e-07,1.2584063734277798e-06,0.10509939246900672,0.05254974668584321
2013-08-29 16:00:00,2.6724004899757227e-07,0.1038631831653654,0.11430683821408182,0.057153552727065404
2013-08-29 17:00:00,0.3413625181156423,0.34137346049783146,0.1135512899958927,0.2274569040557675
2013-08-29 18:00:00,0.34136550383329833,0.34137517484766805,0.11063304721945254,0.22599927552637544
2013-08-29 19:00:00,0.34136686272081995,0.3413759416502859,0.12089990878292385,0.2311333857518719
2013-08-29 20:00:00,0.3413675476456948,0.34137639917169815,0.09768654314564697,0.2195270453956709
2013-08-29 21:00:00,0.341368090553792,0.341376680540639,0.07950720804640211,0.21043764930009706
2013-08-29 22:00:00,0.3413682522958069,0.34137679234236307,0.07794323322130811,0.20965574275855753
2013-08-29 23:00:00,0.3413683716933581,0.34137683854837,0.08024878203273762,0.21080857686304785
2013-08-30 00:00:00,0.34136800402692624,0.34137666791892457,0.07161157764641284,0.20648979083666955
2013-08-30 01:00:00,0.34136753852374846,0.3413763863659325,0.08175154098598243,0.21155953975486544
2013-08-30 02:00:00,0.34136700876400955,0.3413761199229203,0.07796435643168527,0.2096656825978474
2013-08-30 03:00:00,0.3413660423499038,0.3413755354914454,0.09314622821109206,0.21725613528049792
2013-08-30 04:00:00,0.3413643289613384,0.34137461299160554,0.10689660695646731,0.22413046795890285
2013-08-30 05:00:00,0.3413543143885677,0.3413689052993672,0.11866822554865407,0.2300112699686109
2013-08-30 06:00:00,1.0802480054975982e-07,1.957874716129949e-06,0.11590458380037626,0.0579523459125884
2013-08-30 07:00:00,2.0382320562661295e-08,1.7020225928748342e-07,0.11619968806442446,0.058099854223372514
2013-08-30 08:00:00,1.537863963957554e-08,1.0896171036076004e-07,0.12165796217354723,0.06082898877609343
2013-08-30 09:00:00,2.7834452589145466e-08,1.505416245110624e-07,0.1189751915048697,0.05948760966966114
2013-08-30 10:00:00,2.6739236479106764e-08,1.4521316265028392e-07,0.1104535088549175,0.05522676779707699
2013-08-30 11:00:00,2.7045007815195908e-08,1.4981626948866214e-07,0.10547987288200525,0.05273994996350653
2013-08-30 12:00:00,2.7979026772309994e-08,1.5852848365814413e-07,0.11211398635501671,0.05605700716702174
2013-08-30 13:00:00,2.7872519309779427e-08,1.667341003180169e-07,0.12051606580179383,0.06025804683715657
2013-08-30 14:00:00,2.171699043514247e-08,1.8134737605349225e-07,0.12076350922147011,0.06038176546923028
2013-08-30 15:00:00,6.478206917837474e-08,6.557106756640337e-07,0.10509939246900672,0.05254972862553795
2013-08-30 16:00:00,2.1984565271832312e-07,0.09031606785393693,0.11430683821408182,0.05715352902986727
2013-08-30 17:00:00,0.34136183540202597,0.3413731425142836,0.1135512899958927,0.22745656269895934
2013-08-30 18:00:00,0.3413650671804571,0.34137494360111514,0.11063304721945254,0.22599905719995483
2013-08-30 19:00:00,0.34136636180728,0.3413757242685406,0.12089990878292385,0.23113313529510193
2013-08-30 20:00:00,0.3413670576847063,0.3413761250824111,0.09768654314564697,0.21952680041517664
2013-08-30 21:00:00,0.3413673702096665,0.34137628594293457,0.07950720804640211,0.2104372891280343
2013-08-30 22:00:00,0.3413682230987149,0.3413768157927239,0.07794323322130811,0.2096557281600115
2013-08-30 23:00:00,0.3413682289632068,0.3413768237677887,0.08024878203273762,0.2108085054979722
2013-08-31 00:00:00,0.34136770505484676,0.34137653650061245,0.07161157764641284,0.2064896413506298
2013-08-31 01:00:00,0.34136745132632174,0.3413763078730153,0.08175154098598243,0.21155949615615208
2013-08-31 02:00:00,0.34136642281086615,0.34137574990901604,0.07796435643168527,0.2096653896212757
2013-08-31 03:00:00,0.32383826191913095,0.33649542387601045,0.09314622821109206,0.2084922450651115
2013-08-31 04:00:00,0.3221223221223221,0.3350830605817328,0.10689660695646731,0.2145094645393947
2013-08-31 05:00:00,0.34135257824796034,0.34135946349249463,0.11866822554865407,0.2300104018983072
2013-08-31 06:00:00,8.149575128691977e-08,6.908401962377979e-07,0.11590458380037626,0.05795233264806377
2013-08-31 07:00:00,2.0330044722710052e-08,1.4404375398991554e-07,0.11619968806442446,0.05809985419723459
2013-08-31 08:00:00,3.319039777895169e-08,1.7804639189975963e-07,0.12165796217354723,0.0608289976819725
2013-08-31 09:00:00,3.419417744965805e-08,1.7091606090058293e-07,0.1189751915048697,0.05948761284952357
2013-08-31 10:00:00,3.4580706285105615e-08,1.7178539969802036e-07,0.1104535088549175,0.055226771717811894
2013-08-31 11:00:00,3.6150818467182874e-08,1.8364900783963605e-07,0.10547987288200525,0.052739954516411856
2013-08-31 12:00:00,3.7573713049603534e-08,1.9569137032729866e-07,0.11211398635501671,0.056057011964364876
2013-08-31 13:00:00,3.805117507609474e-08,2.0462596401091598e-07,0.12051606580179383,0.06025805192648445
2013-08-31 14:00:00,2.093561150098376e-08,1.4833432577826703e-07,0.12076350922147011,0.0603817650785408
2013-08-31 15:00:00,5.1752515084253826e-08,4.1644362705552853e-07,0.10509939246900672,0.0525497221107609
2013-08-31 16:00:00,2.0311297031696894e-07,4.259483740548331e-06,0.11430683821408182,0.05715352066352607
2013-08-31 17:00:00,0.014516129032258065,0.23199999999999998,0.1135512899958927,0.06403370951407539
2013-08-31 18:00:00,0.014084507042253525,0.2849614916903121,0.11063304721945254,0.062358777130853034
2013-08-31 19:00:00,0.016423357664233577,0.25360000000000005,0.12089990878292385,0.06866163322357871
2013-08-31 20:00:00,0.015075376884422112,0.2653799758745476,0.09768654314564697,0.05638096001503454
2013-08-31 21:00:00,0.017341040462427747,0.24977538185085355,0.07950720804640211,0.04842412425441493
2013-08-31 22:00:00,0.026402640264026403,0.28314238952536824,0.07794323322130811,0.05217293674266726
2013-08-31 23:00:00,0.024316109422492405,0.2737169517884915,0.08024878203273762,0.052282445727615014
2013-09-01 00:00:00,0.022160664819944602,0.25958702064896755,0.06796493319835434,0.04506279900914947
2013-09-01 01:00:00,0.01937046004842615,0.2421340629274966,0.06634632169863068,0.04285839087352841
2013-09-01 02:00:00,0.021164021164021166,0.24580152671755726,0.07120215619780164,0.0461830886809114
2013-09-01 03:00:00,0.022099447513812157,0.2442622950819672,0.08492057340590754,0.05351001045985985
2013-09-01 04:00:00,0.017241379310344827,0.21111111111111114,0.10792653330884867,0.06258395630959675
2013-09-01 05:00:00,1.8965026357830696e-06,2.843383554445397e-05,0.13299268434218095,0.06649729042240837
2013-09-01 06:00:00,1.5071902394360097e-07,1.0011431338343017e-06,0.12279056084481604,0.06139535578191999
2013-09-01 07:00:00,5.982086880120954e-08,4.0871087609462053e-07,0.1359346911564266,0.0679673754886477
2013-09-01 08:00:00,4.00545708814298e-08,2.736732228398306e-07,0.12488454775815103,0.062442293906360954
2013-09-01 09:00:00,3.3947176360435636e-08,2.1838971813442055e-07,0.09807172912540031,0.04903588153628834
2013-09-01 10:00:00,3.6060891411532555e-08,2.079836031273524e-07,0.08894486407814269,0.04447245006951705
2013-09-01 11:00:00,3.895580016479602e-08,2.0909250854299716e-07,0.10174092349919614,0.050870481227498154
2013-09-01 12:00:00,4.2348249389010045e-08,2.1324467241159925e-07,0.11743108574359608,0.058715564045922736
2013-09-01 13:00:00,4.334684892899255e-08,2.3298284257395924e-07,0.12874213384534636,0.06437108859609764
2013-09-01 14:00:00,4.1201921580712274e-08,2.7208220155535083e-07,0.11865947086080139,0.05932975603136149
2013-09-01 15:00:00,8.296789777060697e-08,5.511091630889316e-07,0.121158920134665,0.06057950155128139
2013-09-01 16:00:00,4.405073959968157e-07,0.0001965201670465982,0.1336812403906709,0.06684084044903345
2013-09-01 17:00:00,0.01630434782608696,0.22686567164179103,0.129100786643143,0.07270256723461499
2013-09-01 18:00:00,0.016697588126159558,0.2406902815622162,0.1370899527473245,0.07689377043674203
2013-09-01 19:00:00,0.019354838709677424,0.25,0.14067779801061872,0.08001631836014807
2013-09-01 20:00:00,0.0200445434298441,0.25382932166301975,0.10549010960796852,0.0627673265189063
2013-09-01 21:00:00,0.021126760563380285,0.2581018518518518,0.08615345753783352,0.0536401090506069
2013-09-01 22:00:00,0.02476780185758514,0.2794561933534743,0.08586214913881815,0.05531497549820165
2013-09-01 23:00:00,0.024096385542168676,0.274888558692422,0.07479084414831198,0.04944361484524033
2013-09-02 00:00:00,0.023323615160349854,0.27153284671532846,0.06796493319835434,0.045644274179352094
2013-09-02 01:00:00,0.022222222222222223,0.26770538243626063,0.06634632169863068,0.044284271960426454
2013-09-02 02:00:00,0.02077922077922078,0.25788751714677643,0.07120215619780164,0.045990688488511206
2013-09-02 03:00:00,0.016697588126159558,0.2301507537688442,0.08492057340590754,0.05080908076603355
2013-09-02 04:00:00,0.015968063872255488,0.22554660529344073,0.10792653330884867,0.06194729859055208
2013-09-02 05:00:00,1.267310069427998e-06,2.18864246084224e-05,0.13299268434218095,0.0664969758261252
2013-09-02 06:00:00,3.0906001713737805e-07,4.809659344439327e-06,0.12279056084481604,0.06139543495241659
2013-09-02 07:00:00,5.468190179790265e-08,4.7045775082534555e-07,0.1359346911564266,0.06796737291916419
2013-09-02 08:00:00,3.5222667016670396e-08,2.406545783138619e-07,0.12488454775815103,0.06244229149040902
2013-09-02 09:00:00,2.8076269860907634e-08,1.918301568189507e-07,0.09807172912540031,0.04903587860083509
2013-09-02 10:00:00,2.5277245675372913e-08,1.6804537000929758e-07,0.08894486407814269,0.04447244467769418
2013-09-02 11:00:00,2.664705964175089e-08,1.6503814462455206e-07,0.10174092349919614,0.05087047507312789
2013-09-02 12:00:00,2.7388711994327694e-08,1.5854745632186403e-07,0.11743108574359608,0.058715556566154035
2013-09-02 13:00:00,1.6154124911910883e-08,1.1036857044520498e-07,0.12874213384534636,0.06437107499973563
2013-09-02 14:00:00,2.1045804467667913e-08,1.7574265838506194e-07,0.11865947086080139,0.05932974595330293
2013-09-02 15:00:00,8.006218406961776e-08,8.161611011715037e-07,0.121158920134665,0.060579500098424534
2013-09-02 16:00:00,2.7563816523246963e-07,4.211071015553918e-06,0.1336812403906709,0.06684075801441806
2013-09-02 17:00:00,0.31475491415775064,0.3314345258770406,0.129100786643143,0.22192785040044682
2013-09-02 18:00:00,0.3413623080908042,0.341371772202342,0.1370899527473245,0.23922613041906435
2013-09-02 19:00:00,0.3205729809829588,0.3346782465978254,0.14067779801061872,0.23062538949678874
2013-09-02 20:00:00,0.32124874118831825,0.33516713091922007,0.10549010960796852,0.21336942539814338
2013-09-02 21:00:00,0.022332506203473948,0.29892473118279567,0.08615345753783352,0.05424298187065373
2013-09-02 22:00:00,0.02452316076294278,0.29729729729729726,0.08586214913881815,0.055192654950880465
2013-09-02 23:00:00,0.030303030303030304,0.30580645161290326,0.07479084414831198,0.05254693722567114
2013-09-03 00:00:00,0.029801324503311258,0.30573248407643316,0.06796493319835434,0.0488831288508328
2013-09-03 01:00:00,0.029315960912052116,0.3021491782553729,0.06634632169863068,0.0478311413053414
2013-09-03 02:00:00,0.02535211267605634,0.2933753943217665,0.07120215619780164,0.04827713443692899
2013-09-03 03:00:00,0.019780219780219783,0.2908622908622909,0.08492057340590754,0.05235039659306366
2013-09-03 04:00:00,0.3191463562507578,0.3338046185955699,0.10792653330884867,0.21353644477980324
2013-09-03 05:00:00,0.30640522875816995,0.3270545454545454,0.13299268434218095,0.21969895655017546
2013-09-03 06:00:00,1.300479653020469e-07,2.852014558876166e-06,0.12279056084481604,0.06139534544639067
2013-09-03 07:00:00,3.556453539525888e-08,3.293788931370247e-07,0.1359346911564266,0.067967363360481
2013-09-03 08:00:00,1.6542178502347253e-08,1.3813514482032076e-07,0.12488454775815103,0.062442282150164764
2013-09-03 09:00:00,1.4128805224572202e-08,9.653114369809459e-08,0.09807172912540031,0.04903587162710277
2013-09-03 10:00:00,1.3097473620891365e-08,8.948484558728699e-08,0.08894486407814269,0.04447243858780815
2013-09-03 11:00:00,1.2932529249016433e-08,8.835788375132192e-08,0.10174092349919614,0.0508704682158627
2013-09-03 12:00:00,1.4247947928613621e-08,1.0095045174804379e-07,0.11743108574359608,0.058715549995772005
2013-09-03 13:00:00,1.755214436390669e-08,1.4656884271253786e-07,0.12874213384534636,0.06437107569874537
2013-09-03 14:00:00,3.758753608579656e-08,2.496725900656418e-07,0.11865947086080139,0.05932975422416874
2013-09-03 15:00:00,1.1012475860849564e-07,1.3375910288916199e-06,0.121158920134665,0.060579515129711804
2013-09-03 16:00:00,3.5942632682827593e-07,0.1264237557151102,0.1336812403906709,0.06684079990849887
2013-09-03 17:00:00,0.341363058808321,0.3413737745624879,0.129100786643143,0.235231922725732
2013-09-03 18:00:00,0.3413654107341233,0.34137508686323725,0.1370899527473245,0.2392276817407239
2013-09-03 19:00:00,0.3413671924147977,0.3413760692501733,0.14067779801061872,0.2410224952127082
2013-09-03 20:00:00,0.3413679638724809,0.34137657334737764,0.10549010960796852,0.2234290367402247
2013-09-03 21:00:00,0.3413682033765854,0.3413767205269393,0.08615345753783352,0.21376083045720945
2013-09-03 22:00:00,0.34136832312857235,0.34137681989035956,0.08586214913881815,0.21361523613369526
2013-09-03 23:00:00,0.34136814604699683,0.3413767082717107,0.07479084414831198,0.20807949509765442
2013-09-04 00:00:00,0.3413681015103349,0.3413767093323076,0.06796493319835434,0.20466651735434463
2013-09-04 01:00:00,0.3413678842751209,0.3413765697994372,0.06634632169863068,0.2038571029868758
2013-09-04 02:00:00,0.34136729463807625,0.34137620026110804,0.07120215619780164,0.20628472541793894
2013-09-04 03:00:00,0.34136630412253044,0.341375694049429,0.08492057340590754,0.21314343876421898
2013-09-04 04:00:00,0.3413647966454034,0.3413747436306905,0.10792653330884867,0.22464566497712604
2013-09-04 05:00:00,0.34135769282725675,0.3413708363197939,0.13299268434218095,0.23717518858471887
2013-09-04 06:00:00,1.5270825805028313e-07,3.065590419447735e-06,0.12279056084481604,0.06139535677653705
2013-09-04 07:00:00,4.0645370113122815e-08,3.208952364928778e-07,0.1359346911564266,0.06796736590089836
2013-09-04 08:00:00,1.767037717296383e-08,1.2072791204376018e-07,0.12488454775815103,0.0624422827142641
2013-09-04 09:00:00,1.603944763136388e-08,1.0958229202760333e-07,0.09807172912540031,0.04903587258242397
2013-09-04 10:00:00,2.5279063374974218e-08,1.477469573976573e-07,0.08894486407814269,0.04447244467860303
2013-09-04 11:00:00,2.533063187210544e-08,1.461595197665891e-07,0.10174092349919614,0.050870474414914005
2013-09-04 12:00:00,2.686553274297698e-08,1.5712917044387733e-07,0.11743108574359608,0.05871555630456441
2013-09-04 13:00:00,2.0963500805127707e-08,1.3926062162165981e-07,0.12874213384534636,0.06437107740442358
2013-09-04 14:00:00,2.3452026148352502e-08,2.017701832272067e-07,0.11865947086080139,0.05932974715641377
2013-09-04 15:00:00,6.906497954427682e-08,6.641083929756557e-07,0.121158920134665,0.06057949459982227
2013-09-04 16:00:00,2.702581451751084e-07,0.10467724266056312,0.1336812403906709,0.06684075532440803
2013-09-04 17:00:00,0.3413624440413243,0.3413735347009938,0.129100786643143,0.23523161534223366
2013-09-04 18:00:00,0.3413617179258843,0.34137330441290775,0.1370899527473245,0.2392258353366044
2013-09-04 19:00:00,0.3413675301165334,0.34137634656471616,0.14067779801061872,0.2410226640635761
2013-09-04 20:00:00,0.34136813509041514,0.3413766970771371,0.10549010960796852,0.22342912234919182
2013-09-04 21:00:00,0.341368458574323,0.3413769219242447,0.08615345753783352,0.21376095805607825
2013-09-04 22:00:00,0.3413689964007655,0.34137716239645444,0.08586214913881815,0.21361557276979182
2013-09-04 23:00:00,0.3413685093307454,0.34137690911984137,0.07479084414831198,0.2080796767395287
2013-09-05 00:00:00,0.3413681548122837,0.3413767182224689,0.06796493319835434,0.20466654400531903
2013-09-05 01:00:00,0.34136768930894257,0.34137643666947887,0.06634632169863068,0.20385700550378663
2013-09-05 02:00:00,0.3413670043820024,0.3413760470473958,0.07120215619780164,0.20628458028990201
2013-09-05 03:00:00,0.34136597809278696,0.341375465103674,0.08492057340590754,0.21314327574934724
2013-09-05 04:00:00,0.3413638039647481,0.3413742500526164,0.10792653330884867,0.22464516863679837
2013-09-05 05:00:00,0.34135701411405295,0.3413704198282246,0.13299268434218095,0.23717484922811694
2013-09-05 06:00:00,1.2836643379497968e-07,1.924583584366637e-06,0.12279056084481604,0.061395344605624916
2013-09-05 07:00:00,2.3633104187280315e-08,2.033281237677905e-07,0.1359346911564266,0.0679673573947654
2013-09-05 08:00:00,1.7954019647957463e-08,1.2720895915616992e-07,0.12488454775815103,0.062442282856085336
2013-09-05 09:00:00,1.545699956236597e-08,1.0560555746195317e-07,0.09807172912540031,0.04903587229119994
2013-09-05 10:00:00,2.432044600195823e-08,1.455400238057122e-07,0.08894486407814269,0.044472444199294345
2013-09-05 11:00:00,2.4213599199943943e-08,1.459587832181716e-07,0.10174092349919614,0.05087047385639767
2013-09-05 12:00:00,2.5371018587366383e-08,1.5383765902704487e-07,0.11743108574359608,0.058715555557307335
2013-09-05 13:00:00,1.8834903034152198e-08,1.2868064351016547e-07,0.12874213384534636,0.06437107634012469
2013-09-05 14:00:00,2.2692615945311523e-08,1.9523657329517749e-07,0.11865947086080139,0.059329746776708665
2013-09-05 15:00:00,1.0282930843234035e-07,2.4372373860453828e-06,0.121158920134665,0.06057951148198672
2013-09-05 16:00:00,2.8262877799701055e-07,0.1079535823184908,0.1336812403906709,0.06684076150972444
2013-09-05 17:00:00,0.3413613389780726,0.34137315494034687,0.129100786643143,0.2352310628106078
2013-09-05 18:00:00,0.341363236294885,0.34137419933645413,0.1370899527473245,0.23922659452110476
2013-09-05 19:00:00,0.3413682686992155,0.34137688248612313,0.14067779801061872,0.2410230333549171
2013-09-05 20:00:00,0.34136858560723665,0.341377030724825,0.10549010960796852,0.22342934760760258
2013-09-05 21:00:00,0.34136913035754907,0.3413772953771729,0.08615345753783352,0.21376129394769128
2013-09-05 22:00:00,0.34136913035754907,0.341377330571358,0.08586214913881815,0.2136156397481836
2013-09-05 23:00:00,0.3413688488628775,0.3413771860629097,0.07479084414831198,0.20807984650559475
2013-09-06 00:00:00,0.34136833260287885,0.3413768997173568,0.06796493319835434,0.2046666329006166
2013-09-06 01:00:00,0.3413679291680901,0.34137663700647536,0.06634632169863068,0.2038571254333604
2013-09-06 02:00:00,0.3413672730856185,0.34137626373920926,0.07120215619780164,0.20628471464171005
2013-09-06 03:00:00,0.341366346471589,0.341375776000828,0.08492057340590754,0.21314345993874825
2013-09-06 04:00:00,0.341363897433697,0.34137433716937593,0.10792653330884867,0.22464521537127283
2013-09-06 05:00:00,0.34135650269158613,0.3413702243728158,0.13299268434218095,0.23717459351688353
2013-09-06 06:00:00,1.2829454374531227e-07,1.9113314588163096e-06,0.12279056084481604,0.06139534456967989
2013-09-06 07:00:00,2.4172223028142042e-08,2.0184980667834764e-07,0.1359346911564266,0.06796735766432481
2013-09-06 08:00:00,1.7721462802079538e-08,1.255612222281839e-07,0.12488454775815103,0.06244228273980691
2013-09-06 09:00:00,1.512560033822859e-08,1.033411471233235e-07,0.09807172912540031,0.04903587212550033
2013-09-06 10:00:00,1.5163486724283974e-08,1.0359996764918343e-07,0.08894486407814269,0.04447243962081471
2013-09-06 11:00:00,1.6120731381462048e-08,1.1014017021396406e-07,0.10174092349919614,0.05087046980996376
2013-09-06 12:00:00,1.6449762655147856e-08,1.123881938833042e-07,0.11743108574359608,0.058715551096679364
2013-09-06 13:00:00,1.8210274771193965e-08,1.2902458437195435e-07,0.12874213384534636,0.06437107602781056
2013-09-06 14:00:00,2.954265910490795e-08,2.018417532956988e-07,0.11865947086080139,0.05932975020173025
2013-09-06 15:00:00,1.0306898791006497e-07,2.7819686735200405e-06,0.121158920134665,0.06057951160182646
2013-09-06 16:00:00,2.8688485790162663e-07,1.0646998498603828e-05,0.1336812403906709,0.0668407636377644
2013-09-06 17:00:00,0.3413636225208939,0.3413741837731646,0.129100786643143,0.23523220458201846
2013-09-06 18:00:00,0.34136570390400467,0.3413752797442292,0.1370899527473245,0.23922782832566458
2013-09-06 19:00:00,0.3413671401884554,0.34137616704835444,0.14067779801061872,0.24102246909953706
2013-09-06 20:00:00,0.3413677962696465,0.34137654155878083,0.10549010960796852,0.2234289529388075
2013-09-06 21:00:00,0.3413682793013194,0.341376824170968,0.08615345753783352,0.21376086841957648
2013-09-06 22:00:00,0.34136840781815897,0.3413768995345131,0.08586214913881815,0.21361527847848855
2013-09-06 23:00:00,0.3413683789759962,0.3413769020222549,0.07479084414831198,0.2080796115621541
2013-09-07 00:00:00,0.3413680686407959,0.34137674240515037,0.06796493319835434,0.2046665009195751
2013-09-07 01:00:00,0.34136740160095913,0.3413763730521339,0.06634632169863068,0.2038568616497949
2013-09-07 02:00:00,0.34136668564535616,0.3413759318854237,0.07120215619780164,0.2062844209215789
2013-09-07 03:00:00,0.34136561263133314,0.341375382465638,0.08492057340590754,0.21314309301862033
2013-09-07 04:00:00,0.3413634980183903,0.3413741293623635,0.10792653330884867,0.22464501566361947
2013-09-07 05:00:00,0.34135622738652116,0.3413700517437051,0.13299268434218095,0.23717445586435104
2013-09-07 06:00:00,1.2001526045471793e-07,1.4967692171371173e-06,0.12279056084481604,0.06139534043003825
2013-09-07 07:00:00,2.5036117102532115e-08,1.773875263460864e-07,0.1359346911564266,0.06796735809627184
2013-09-07 08:00:00,1.8523617315699643e-08,1.265572002194952e-07,0.12488454775815103,0.062442283140884174
2013-09-07 09:00:00,1.801688668738549e-08,1.2309324460991096e-07,0.09807172912540031,0.0490358735711435
2013-09-07 10:00:00,2.9474334672895997e-08,1.7370533553308622e-07,0.08894486407814269,0.044472446776238676
2013-09-07 11:00:00,3.1990757656841225e-08,1.7832879879524235e-07,0.10174092349919614,0.0508704777449769
2013-09-07 12:00:00,3.376052703873859e-08,1.8339658919430965e-07,0.11743108574359608,0.05871555975206156
2013-09-07 13:00:00,3.377823205746758e-08,1.8550857956911977e-07,0.12874213384534636,0.0643710838117892
2013-09-07 14:00:00,2.089891106850845e-08,1.4807427162199684e-07,0.11865947086080139,0.05932974587985623
2013-09-07 15:00:00,6.792389494360601e-08,5.843850107891654e-07,0.121158920134665,0.06057949402927997
2013-09-07 16:00:00,2.983546536463812e-07,0.11198831830916489,0.1336812403906709,0.06684076937266227
2013-09-07 17:00:00,0.3413623501917142,0.3413734283616197,0.129100786643143,0.2352315684174286
2013-09-07 18:00:00,0.341364549118872,0.3413747418932389,0.1370899527473245,0.23922725093309824
2013-09-07 19:00:00,0.34136623986538234,0.341375689074708,0.14067779801061872,0.24102201893800052
2013-09-07 20:00:00,0.3413669558207126,0.34137606234152795,0.10549010960796852,0.22342853271434054
2013-09-07 21:00:00,0.3413678236866115,0.34137660177205,0.08615345753783352,0.2137606406122225
2013-09-07 22:00:00,0.3413679054757074,0.34137665438038106,0.08586214913881815,0.21361502730726278
2013-09-07 23:00:00,0.34136800479572965,0.34137668031801544,0.07479084414831198,0.20807942447202082
2013-09-08 00:00:00,0.34136730559352285,0.3413762994403853,0.06796493319835434,0.2046661193959386
2013-09-08 01:00:00,0.341367237351949,0.34137620961198606,0.06634632169863068,0.20385677952528986
2013-09-08 02:00:00,0.3413629725553437,0.3413720064802583,0.07120215619780164,0.20628256437657266
2013-09-08 03:00:00,0.3413659898379969,0.3413752335007042,0.08492057340590754,0.2131432816219522
2013-09-08 04:00:00,0.3413634784215084,0.3413704464936149,0.10792653330884867,0.22464500586517852
2013-09-08 05:00:00,0.3413559672776185,0.3413698497361469,0.13299268434218095,0.23717432580989972
2013-09-08 06:00:00,8.144714770785575e-08,6.55391622462769e-07,0.12279056084481604,0.061395321145981875
2013-09-08 07:00:00,2.3779982277254807e-08,1.6848750815863152e-07,0.1359346911564266,0.06796735746820444
2013-09-08 08:00:00,1.7343886965217363e-08,1.184968875212534e-07,0.12488454775815103,0.062442282551018996
2013-09-08 09:00:00,3.26452540786654e-08,1.717232747353735e-07,0.09807172912540031,0.0490358808853272
2013-09-08 10:00:00,3.4469439946054864e-08,1.7203558506377877e-07,0.08894486407814269,0.04447244927379131
2013-09-08 11:00:00,3.669481440258255e-08,1.7930580800134635e-07,0.10174092349919614,0.050870480097005275
2013-09-08 12:00:00,3.929158477590968e-08,2.011242443007926e-07,0.11743108574359608,0.05871556251759043
2013-09-08 13:00:00,3.717737658486537e-08,2.3004033518717158e-07,0.12874213384534636,0.06437108551136148
2013-09-08 14:00:00,3.785424427654237e-08,3.256802185781714e-07,0.11865947086080139,0.059329754357522836
2013-09-08 15:00:00,1.1740462288138221e-07,1.0695109160745722e-06,0.121158920134665,0.060579518769643945
2013-09-08 16:00:00,4.4940750115048317e-07,0.14461425538359465,0.1336812403906709,0.06684084489908602
2013-09-08 17:00:00,0.34136297703414387,0.34137387162857136,0.129100786643143,0.23523188183864344
2013-09-08 18:00:00,0.3413654640379561,0.34137528310253934,0.1370899527473245,0.2392277083926403
2013-09-08 19:00:00,0.3413668229237452,0.34137601719775357,0.14067779801061872,0.24102231046718198
2013-09-08 20:00:00,0.3413678576240283,0.34137659112800356,0.10549010960796852,0.22342898361599842
2013-09-08 21:00:00,0.3413686791334802,0.3413770628498566,0.08615345753783352,0.21376106833565683
2013-09-08 22:00:00,0.34136850897700377,0.34137694146081987,0.08586214913881815,0.21361532905791097
2013-09-08 23:00:00,0.3413687813544248,0.3413770920073424,0.07479084414831198,0.2080798127513684
2013-09-09 00:00:00,0.3413690019197784,0.3413772668877551,0.06796493319835434,0.20466696755906638
2013-09-09 01:00:00,0.34136870437244504,0.3413770514383368,0.06634632169863068,0.20385751303553787
2013-09-09 02:00:00,0.341367975597248,0.341376648488096,0.07120215619780164,0.20628506589752482
2013-09-09 03:00:00,0.3413672293045397,0.34137624572802483,0.08492057340590754,0.21314390135522363
2013-09-09 04:00:00,0.3413650142430459,0.34137498663003407,0.10792653330884867,0.22464577377594727
2013-09-09 05:00:00,0.34136212164007457,0.34137336151487535,0.13299268434218095,0.23717740299112777
2013-09-09 06:00:00,3.7665410790269704e-07,0.13016952851924837,0.12279056084481604,0.06139546874946197
2013-09-09 07:00:00,1.797716652665076e-07,3.0876437750235615e-06,0.1359346911564266,0.06796743546404593
2013-09-09 08:00:00,8.700495071220295e-08,7.265330725725411e-07,0.12488454775815103,0.06244231738155087
2013-09-09 09:00:00,6.804887542428476e-08,4.52009621864248e-07,0.09807172912540031,0.04903589858713787
2013-09-09 10:00:00,7.681738801522766e-08,4.810965221911458e-07,0.08894486407814269,0.04447247044776535
2013-09-09 11:00:00,6.239849811806911e-08,3.9079301138936637e-07,0.10174092349919614,0.05087049294884713
2013-09-09 12:00:00,9.119046530732841e-08,5.711130697789583e-07,0.11743108574359608,0.05871558846703069
2013-09-09 13:00:00,1.0870833087380737e-07,7.220870395052375e-07,0.12874213384534636,0.06437112127683861
2013-09-09 14:00:00,2.195903907245019e-07,2.1115160529674914e-06,0.11865947086080139,0.059329845225596055
2013-09-09 15:00:00,3.7783533935910733e-07,3.199467996030747e-05,0.121158920134665,0.060579648985002184
2013-09-09 16:00:00,7.677156790573134e-07,0.1900764098434968,0.1336812403906709,0.06684100405317497
2013-09-09 17:00:00,0.3413648923019469,0.34137490113312363,0.129100786643143,0.23523283947254495
2013-09-09 18:00:00,0.34136647717665336,0.34137580105987864,0.1370899527473245,0.23922821496198893
2013-09-09 19:00:00,0.3413671511436047,0.3413761958390429,0.14067779801061872,0.24102247457711173
2013-09-09 20:00:00,0.34136770974317876,0.341376564130981,0.10549010960796852,0.22342890967557363
2013-09-09 21:00:00,0.3413681398281603,0.34137677280689893,0.08615345753783352,0.2137607986829969
2013-09-09 22:00:00,0.3413682128516557,0.3413768015985389,0.08586214913881815,0.2136151809952369
2013-09-09 23:00:00,0.3413682793013194,0.34137684176798183,0.07479084414831198,0.2080795617248157
2013-09-10 00:00:00,0.3413681862008288,0.34137682292711036,0.06796493319835434,0.20466655969959158
2013-09-10 01:00:00,0.34136812194255656,0.34137675129523826,0.06634632169863068,0.20385722182059363
2013-09-10 02:00:00,0.3413676542499889,0.3413765024498017,0.07120215619780164,0.20628490522389525
2013-09-10 03:00:00,0.3413668451931928,0.3413760248448358,0.08492057340590754,0.21314370929955018
2013-09-10 04:00:00,0.3413655374217711,0.3413752983984026,0.10792653330884867,0.2246460353653099
2013-09-10 05:00:00,0.3413623698989445,0.3413735186412566,0.13299268434218095,0.23717752712056273
2013-09-10 06:00:00,3.587990565020011e-07,0.12628437149483163,0.12279056084481604,0.061395459821936275
2013-09-10 07:00:00,1.3009603233771057e-07,1.3332647717012876e-06,0.1359346911564266,0.06796741062622946
2013-09-10 08:00:00,7.104626336582695e-08,5.501231375136228e-07,0.12488454775815103,0.0624423094022072
2013-09-10 09:00:00,6.027119821215376e-08,4.4838844890594413e-07,0.09807172912540031,0.04903589469829926
2013-09-10 10:00:00,5.8590383799355776e-08,4.358840067468439e-07,0.08894486407814269,0.04447246133426324
2013-09-10 11:00:00,6.32995492666975e-08,4.70917902700423e-07,0.10174092349919614,0.050870493399372704
2013-09-10 12:00:00,8.236874454070257e-08,6.377949961305853e-07,0.11743108574359608,0.05871558405617031
2013-09-10 13:00:00,7.323408991227508e-08,6.89371893476209e-07,0.12874213384534636,0.06437110353971813
2013-09-10 14:00:00,9.962273297975138e-08,9.831512508406484e-07,0.11865947086080139,0.059329785241767186
2013-09-10 15:00:00,1.665099253236287e-07,2.796667528893486e-06,0.121158920134665,0.06057954332229516
2013-09-10 16:00:00,6.450597916671893e-07,0.17530277447223383,0.1336812403906709,0.06684094272523128
2013-09-10 17:00:00,0.3413643161892004,0.3413745657384498,0.129100786643143,0.2352325514161717
2013-09-10 18:00:00,0.3413663022936916,0.3413756919328593,0.1370899527473245,0.23922812752050804
2013-09-10 19:00:00,0.3413672909724658,0.34137628525158586,0.14067779801061872,0.24102254449154226
2013-09-10 20:00:00,0.3413677141255587,0.34137653515612093,0.10549010960796852,0.2234289118667636
2013-09-10 21:00:00,0.3413679580102429,0.34137668730972354,0.08615345753783352,0.21376070777403822
2013-09-10 22:00:00,0.3413686604696178,0.3413770779927144,0.08586214913881815,0.21361540480421798
2013-09-10 23:00:00,0.3413687889870843,0.3413771873068265,0.07479084414831198,0.20807981656769814
2013-09-11 00:00:00,0.3413684432345022,0.34137698751969237,0.06796493319835434,0.20466668821642828
2013-09-11 01:00:00,0.3413677203424591,0.34137655114211557,0.06634632169863068,0.2038570210205449
2013-09-11 02:00:00,0.34136718620028333,0.3413762797240574,0.07120215619780164,0.20628467119904248
2013-09-11 03:00:00,0.34136654362473456,0.34137592672566874,0.08492057340590754,0.21314355851532105
2013-09-11 04:00:00,0.34136488792114117,0.3413749489493028,0.10792653330884867,0.22464571061499491
2013-09-11 05:00:00,0.34136094460467326,0.3413726953307748,0.13299268434218095,0.2371768144734271
2013-09-11 06:00:00,3.7997546202905206e-07,0.1308803999885138,0.12279056084481604,0.061395470410139034
2013-09-11 07:00:00,1.5920506998097656e-07,1.8128687472149804e-06,0.1359346911564266,0.06796742518074829
2013-09-11 08:00:00,1.3750052823119597e-07,1.235178488771645e-06,0.12488454775815103,0.06244234262933963
2013-09-11 09:00:00,1.641163352866095e-07,1.4535059373018175e-06,0.09807172912540031,0.0490359466208678
2013-09-11 10:00:00,1.2334541885452316e-07,1.0612043192701239e-06,0.08894486407814269,0.04447249371178077
2013-09-11 11:00:00,1.110355925146984e-07,9.55296600558784e-07,0.10174092349919614,0.050870517267394326
2013-09-11 12:00:00,1.0220027308594303e-07,9.051430161524712e-07,0.11743108574359608,0.058715593971934585
2013-09-11 13:00:00,1.4566246670793285e-07,1.326927345843985e-06,0.12874213384534636,0.06437113975390653
2013-09-11 14:00:00,2.8804139500495896e-07,0.10935710446422894,0.11865947086080139,0.059329879451098196
2013-09-11 15:00:00,3.0818572093372057e-07,0.11444298453633707,0.121158920134665,0.06057961416019297
2013-09-11 16:00:00,7.131332682850144e-07,0.18383988273117702,0.1336812403906709,0.0668409767619696
2013-09-11 17:00:00,0.3413638456134431,0.3413745032601392,0.129100786643143,0.23523231612829304
2013-09-11 18:00:00,0.34136808469052415,0.3413767102485323,0.1370899527473245,0.23922901871892432
2013-09-11 19:00:00,0.34136887586586334,0.3413771499894895,0.14067779801061872,0.24102333693824102
2013-09-11 20:00:00,0.34136894889057595,0.3413771963786894,0.10549010960796852,0.22342952924927223
2013-09-11 21:00:00,0.34136923695945964,0.34137738230052517,0.08615345753783352,0.2137613472486466
2013-09-11 22:00:00,0.3413695827135198,0.3413775632471103,0.08586214913881815,0.213615865926169
2013-09-11 23:00:00,0.341369777334137,0.3413776080304531,0.07479084414831198,0.2080803107412245
2013-09-12 00:00:00,0.3413694275448788,0.3413775444060503,0.06796493319835434,0.20466718037161657
2013-09-12 01:00:00,0.3413690262986315,0.3413772653407852,0.06634632169863068,0.20385767399863108
2013-09-12 02:00:00,0.34136850784681105,0.34137701294527323,0.07120215619780164,0.20628533202230634
2013-09-12 03:00:00,0.34136799342618723,0.34137672747902825,0.08492057340590754,0.21314428341604738
2013-09-12 04:00:00,0.34136693391093076,0.34137607266063646,0.10792653330884867,0.2246467336098897
2013-09-12 05:00:00,0.34136391495467616,0.34137433946804036,0.13299268434218095,0.23717829964842857
2013-09-12 06:00:00,3.3875347678689916e-07,0.12174611357262918,0.12279056084481604,0.061395449799146413
2013-09-12 07:00:00,1.7789151941910274e-07,4.006268384570555e-06,0.1359346911564266,0.06796743452397301
2013-09-12 08:00:00,9.622376170465836e-08,9.913481912773986e-07,0.12488454775815103,0.06244232199095637
2013-09-12 09:00:00,6.105680351534954e-08,5.484784539470801e-07,0.09807172912540031,0.049035895091101914
2013-09-12 10:00:00,5.64527008317534e-08,4.856918467509659e-07,0.08894486407814269,0.04447246026542176
2013-09-12 11:00:00,5.002382634848979e-08,4.3038091540134624e-07,0.10174092349919614,0.05087048676151124
2013-09-12 12:00:00,4.297784860081531e-08,3.6432307456832015e-07,0.11743108574359608,0.05871556436072234
2013-09-12 13:00:00,4.3280924630013555e-08,3.833202696872757e-07,0.12874213384534636,0.06437108856313549
2013-09-12 14:00:00,8.072816011077914e-08,1.641032725454183e-06,0.11865947086080139,0.05932977579448075
2013-09-12 15:00:00,1.228744545415238e-07,0.0571453428906795,0.121158920134665,0.06057952150455977
2013-09-12 16:00:00,4.0094233923481855e-07,0.1352422993762137,0.1336812403906709,0.06684082066650507
2013-09-12 17:00:00,0.3413630877048043,0.3413740836226071,0.129100786643143,0.23523193717397364
2013-09-12 18:00:00,0.34136426692265875,0.341374718335033,0.1370899527473245,0.23922710983499162
2013-09-12 19:00:00,0.3413693589025056,0.3413773823005253,0.14067779801061872,0.24102357845656214
2013-09-12 20:00:00,0.3413694896123183,0.3413774589085667,0.10549010960796852,0.2234297996101434
2013-09-12 21:00:00,0.341369613747265,0.3413774953466966,0.08615345753783352,0.21376153564254924
2013-09-12 22:00:00,0.34136946515364075,0.3413774827254597,0.08586214913881815,0.21361580714622946
2013-09-12 23:00:00,0.3413696685407186,0.341377537460213,0.07479084414831198,0.2080802563445153
2013-09-13 00:00:00,0.34136906171542303,0.3413773055106478,0.06796493319835434,0.20466699745688868
2013-09-13 01:00:00,0.34136875137898137,0.3413771634901868,0.06634632169863068,0.20385753653880603
2013-09-13 02:00:00,0.3413682526505034,0.34137684549956543,0.07120215619780164,0.20628520442415252
2013-09-13 03:00:00,0.34136735523001566,0.3413763568829648,0.08492057340590754,0.2131439643179616
2013-09-13 04:00:00,0.34136623365525476,0.34137568447081595,0.10792653330884867,0.2246463834820517
2013-09-13 05:00:00,0.3413606565588477,0.3413724578734493,0.13299268434218095,0.23717667045051433
2013-09-13 06:00:00,1.6879326804434735e-07,0.07387591727386875,0.12279056084481604,0.06139536481904204
2013-09-13 07:00:00,8.876730234226398e-08,1.086603494628026e-06,0.1359346911564266,0.06796738996186447
2013-09-13 08:00:00,3.6789343381003354e-08,2.8486610446870074e-07,0.12488454775815103,0.0624422922737472
2013-09-13 09:00:00,2.4592736445527325e-08,1.633554112527786e-07,0.09807172912540031,0.04903587685906838
2013-09-13 10:00:00,2.6099801255233405e-08,1.7336597884061293e-07,0.08894486407814269,0.04447244508897197
2013-09-13 11:00:00,2.56690499908984e-08,1.9486253500413145e-07,0.10174092349919614,0.05087047458412307
2013-09-13 12:00:00,2.8832856077483118e-08,2.1450246151861956e-07,0.11743108574359608,0.058715557288226077
2013-09-13 13:00:00,2.913173776164336e-08,2.7422478290375844e-07,0.12874213384534636,0.06437108148854206
2013-09-13 14:00:00,5.133812480038026e-08,5.32624587548835e-07,0.11865947086080139,0.0593297610994631
2013-09-13 15:00:00,1.493848059817527e-07,0.06705534319522524,0.121158920134665,0.060579534759735494
2013-09-13 16:00:00,4.82620513559706e-07,0.1506367420055657,0.1336812403906709,0.06684086150559222
2013-09-13 17:00:00,0.3413655575017991,0.3413752356590872,0.129100786643143,0.23523317207247105
2013-09-13 18:00:00,0.3413669894044175,0.3413760488450623,0.1370899527473245,0.239228471075871
2013-09-13 19:00:00,0.3413678495714561,0.3413764976582732,0.14067779801061872,0.2410228237910374
2013-09-13 20:00:00,0.3413683461054267,0.3413768659501495,0.10549010960796852,0.2234292278566976
2013-09-13 21:00:00,0.3413685965643859,0.3413770607606674,0.08615345753783352,0.21376102705110972
2013-09-13 22:00:00,0.34136862978930294,0.3413770808454357,0.08586214913881815,0.21361538946406056
2013-09-13 23:00:00,0.34136854326312455,0.34137701792081365,0.07479084414831198,0.20807969370571827
2013-09-14 00:00:00,0.34136858051744223,0.3413770413721702,0.06796493319835434,0.20466675685789829
2013-09-14 01:00:00,0.3413680839798806,0.34137677617223355,0.06634632169863068,0.20385720283925565
2013-09-14 02:00:00,0.3413673680185644,0.34137631740561525,0.07120215619780164,0.206284762108183
2013-09-14 03:00:00,0.34136684594439626,0.34137598817285447,0.08492057340590754,0.2131437096751519
2013-09-14 04:00:00,0.3413642249116304,0.34137456536289923,0.10792653330884867,0.22464537911023952
2013-09-14 05:00:00,0.34135767930281996,0.3413709228633467,0.13299268434218095,0.23717518182250047
2013-09-14 06:00:00,1.336771442645245e-07,2.3974350033172127e-06,0.12279056084481604,0.06139534726098016
2013-09-14 07:00:00,4.0810335906446787e-08,3.2219764170905973e-07,0.1359346911564266,0.06796736598338125
2013-09-14 08:00:00,1.737463185254539e-08,1.4068995479350376e-07,0.12488454775815103,0.06244228256639144
2013-09-14 09:00:00,1.388708048240829e-08,1.0893566777783975e-07,0.09807172912540031,0.0490358715062404
2013-09-14 10:00:00,1.2949634455776136e-08,1.015819687680011e-07,0.08894486407814269,0.044472438513888574
2013-09-14 11:00:00,1.344744012221356e-08,1.054869471098179e-07,0.10174092349919614,0.05087046847331813
2013-09-14 12:00:00,1.4928346846166036e-08,1.2465884227436854e-07,0.11743108574359608,0.058715550335971464
2013-09-14 13:00:00,1.760107374059609e-08,1.5143127653835908e-07,0.12874213384534636,0.06437107572321005
2013-09-14 14:00:00,3.323028455940041e-08,2.2703637581227864e-07,0.11865947086080139,0.05932975204554298
2013-09-14 15:00:00,9.352480250484362e-08,8.993068166723058e-07,0.121158920134665,0.06057950682973375
2013-09-14 16:00:00,5.012221466676245e-07,0.15382514178429227,0.1336812403906709,0.06684087080640878
2013-09-14 17:00:00,0.341362345058931,0.34137346920113454,0.129100786643143,0.235231565851037
2013-09-14 18:00:00,0.34136457503415424,0.34137473243890704,0.1370899527473245,0.23922726389073937
2013-09-14 19:00:00,0.3413663745905108,0.3413757150067143,0.14067779801061872,0.24102208630056476
2013-09-14 20:00:00,0.3413671080783659,0.34137615723564196,0.10549010960796852,0.2234286088431672
2013-09-14 21:00:00,0.3413672077522725,0.34137630174384426,0.08615345753783352,0.213760332645053
2013-09-14 22:00:00,0.34136759294579605,0.3413763904215089,0.08586214913881815,0.2136148710423071
2013-09-14 23:00:00,0.34136776090593746,0.341376521758136,0.07479084414831198,0.20807930252712473
2013-09-15 00:00:00,0.3413671081156316,0.34137619786484946,0.06796493319835434,0.20466602065699296
2013-09-15 01:00:00,0.026392961876832845,0.3186060983198506,0.06634632169863068,0.046369641787731765
2013-09-15 02:00:00,0.02425876010781671,0.3125378558449424,0.07120215619780164,0.04773045815280917
2013-09-15 03:00:00,0.02083333333333334,0.3100812231247014,0.08492057340590754,0.05287695336962044
2013-09-15 04:00:00,0.34136116068636396,0.3413729258077708,0.10792653330884867,0.2246438469976063
2013-09-15 05:00:00,0.34135803086433786,0.3413711564913264,0.13299268434218095,0.23717535760325942
2013-09-15 06:00:00,1.9965570704358384e-07,1.6672217757351786e-06,0.12279056084481604,0.06139538025026155
2013-09-15 07:00:00,5.027370092044611e-08,4.3253156399088225e-07,0.1359346911564266,0.06796737071506376
2013-09-15 08:00:00,3.1313884238081216e-08,2.0915389765337535e-07,0.12488454775815103,0.06244228953601763
2013-09-15 09:00:00,3.159918415119746e-08,1.893236389158975e-07,0.09807172912540031,0.04903588036229223
2013-09-15 10:00:00,3.32001748099871e-08,1.9258995868053765e-07,0.08894486407814269,0.044472448639158745
2013-09-15 11:00:00,3.3485021597336656e-08,2.0655376111678082e-07,0.10174092349919614,0.05087047849210887
2013-09-15 12:00:00,2.9496124779462394e-08,2.015241690884212e-07,0.11743108574359608,0.05871555761986043
2013-09-15 13:00:00,3.4563999513753654e-08,2.448950939824719e-07,0.12874213384534636,0.06437108420467294
2013-09-15 14:00:00,7.991276722329906e-08,6.309115119548087e-07,0.11865947086080139,0.05932977538678431
2013-09-15 15:00:00,2.4696006274761277e-07,3.133520933928506e-06,0.121158920134665,0.060579583547363876
2013-09-15 16:00:00,9.8243516449833e-07,1.7246400536372377e-05,0.1336812403906709,0.0668411114129177
2013-09-15 17:00:00,0.01550387596899225,0.22247191011235956,0.129100786643143,0.07230233130606763
2013-09-15 18:00:00,0.017110266159695818,0.23346693386773548,0.1370899527473245,0.07710010945351016
2013-09-15 19:00:00,0.020100502512562814,0.2585987261146497,0.14067779801061872,0.08038915026159077
2013-09-15 20:00:00,0.025,0.27938931297709924,0.10549010960796852,0.06524505480398426
2013-09-15 21:00:00,0.02693602693602694,0.2913385826771654,0.08615345753783352,0.05654474223693023
2013-09-15 22:00:00,0.24796553374820487,0.30647887323943657,0.08586214913881815,0.1669138414435115
2013-09-15 23:00:00,0.020930232558139535,0.2694248234106963,0.07479084414831198,0.04786053835322576
2013-09-16 00:00:00,0.020881670533642694,0.2670744138634047,0.06796493319835434,0.044423301865998514
2013-09-16 01:00:00,0.02017937219730942,0.2637913741223671,0.06634632169863068,0.04326284694797005
2013-09-16 02:00:00,0.020089285714285716,0.25894736842105265,0.07120215619780164,0.045645720956043676
2013-09-16 03:00:00,0.02622950819672131,0.28084415584415584,0.08492057340590754,0.055575040801314424
2013-09-16 04:00:00,0.018433179723502304,0.24185463659147868,0.10792653330884867,0.06317985651617548
2013-09-16 05:00:00,0.01376146788990826,0.2063348416289593,0.13299268434218095,0.0733770761160446
2013-09-16 06:00:00,1.6544634134649252e-07,2.7945064837966743e-06,0.12279056084481604,0.061395363145578696
2013-09-16 07:00:00,4.7411294337501596e-08,4.558929481297061e-07,0.1359346911564266,0.06796736928386046
2013-09-16 08:00:00,1.6425222916144696e-08,1.3300216017120972e-07,0.12488454775815103,0.06244228209168697
2013-09-16 09:00:00,1.427413762024385e-08,1.1197188554995266e-07,0.09807172912540031,0.04903587169976897
2013-09-16 10:00:00,1.4350304047545351e-08,1.1256936083723337e-07,0.08894486407814269,0.044472439214223364
2013-09-16 11:00:00,1.7908753753465852e-08,1.4048322495248902e-07,0.10174092349919614,0.05087047070397495
2013-09-16 12:00:00,2.482944509327003e-08,1.9477182901189727e-07,0.11743108574359608,0.05871555528652059
2013-09-16 13:00:00,5.533849277712585e-08,5.209160611402542e-07,0.12874213384534636,0.06437109459191957
2013-09-16 14:00:00,1.0614589589622982e-07,1.0360154064699969e-06,0.11865947086080139,0.05932978850334864
2013-09-16 15:00:00,1.976152581112171e-07,3.84415675983715e-06,0.121158920134665,0.06057955887496156
2013-09-16 16:00:00,1.015464967304849e-06,0.2131225060465037,0.1336812403906709,0.0668411279278191
2013-09-16 17:00:00,0.34136250210220587,0.34137371993772453,0.129100786643143,0.23523164437267444
2013-09-16 18:00:00,0.3413619019265165,0.3413734942417042,0.1370899527473245,0.2392259273369205
2013-09-16 19:00:00,0.34136554764320726,0.3413754154163091,0.14067779801061872,0.241021672826913
2013-09-16 20:00:00,0.34136688790077774,0.3413761423578692,0.10549010960796852,0.22342849875437312
2013-09-16 21:00:00,0.34136705147083823,0.34137623867970945,0.08615345753783352,0.2137602545043359
2013-09-16 22:00:00,0.3413674355855438,0.34137633141078655,0.08586214913881815,0.21361479236218095
2013-09-16 23:00:00,0.030100334448160536,0.32190635451505023,0.07479084414831198,0.052445589298236256
2013-09-17 00:00:00,0.03409090909090909,0.32435597189695553,0.06796493319835434,0.05102792114463171
2013-09-17 01:00:00,0.0303030303030303,0.31578947368421056,0.06634632169863068,0.04832467600083049
2013-09-17 02:00:00,0.03103448275862069,0.31496062992125984,0.07120215619780164,0.05111831947821116
2013-09-17 03:00:00,0.026011560693641616,0.30368373764600176,0.08492057340590754,0.05546606704977458
2013-09-17 04:00:00,0.3413615835233285,0.3413731534143114,0.10792653330884867,0.2246440584160886
2013-09-17 05:00:00,0.3413596285134018,0.3413720272420925,0.13299268434218095,0.23717615642779138
2013-09-17 06:00:00,1.4429817775451191e-06,7.216446293271753e-05,0.12279056084481604,0.06139600191329679
2013-09-17 07:00:00,4.162977805777658e-07,4.108337058927881e-06,0.1359346911564266,0.06796755372710359
2013-09-17 08:00:00,1.8394465561495287e-07,1.4801707390911417e-06,0.12488454775815103,0.06244236585140332
2013-09-17 09:00:00,1.0403645312473747e-07,8.884983181911502e-07,0.09807172912540031,0.049035916580926715
2013-09-17 10:00:00,6.075860059636693e-08,4.958322931905703e-07,0.08894486407814269,0.04447246241837164
2013-09-17 11:00:00,4.470384046558335e-08,3.732983460024146e-07,0.10174092349919614,0.0508704841015183
2013-09-17 12:00:00,4.00765622645502e-08,3.270525029780602e-07,0.11743108574359608,0.05871556291007917
2013-09-17 13:00:00,5.1546187693442535e-08,3.991308495316219e-07,0.12874213384534636,0.06437109269576703
2013-09-17 14:00:00,6.176348078554584e-08,6.017136664560331e-07,0.11865947086080139,0.05932976631214109
2013-09-17 15:00:00,1.2150363174355282e-07,2.603140633832359e-06,0.121158920134665,0.06057952081914837
2013-09-17 16:00:00,4.6012836865730295e-07,0.14663227376375207,0.1336812403906709,0.06684085025951977
2013-09-17 17:00:00,0.3413644049068054,0.34137468269802496,0.129100786643143,0.2352325957749742
2013-09-17 18:00:00,0.3413661405562023,0.3413756656303181,0.1370899527473245,0.2392280466517634
2013-09-17 19:00:00,0.34136722890602417,0.3413762664109253,0.14067779801061872,0.24102251345832143
2013-09-17 20:00:00,0.34136791602060795,0.34137667611523226,0.10549010960796852,0.22342901281428823
2013-09-17 21:00:00,0.34136866011644074,0.3413770939810019,0.08615345753783352,0.21376105882713714
2013-09-17 22:00:00,0.3413688372002958,0.3413771880040392,0.08586214913881815,0.21361549316955697
2013-09-17 23:00:00,0.3413691643692712,0.3413773278719039,0.07479084414831198,0.2080800042587916
2013-09-18 00:00:00,0.3413687547034784,0.34137710836069834,0.06796493319835434,0.20466684395091636
2013-09-18 01:00:00,0.34136830524311373,0.341376882632711,0.06634632169863068,0.20385731347087221
2013-09-18 02:00:00,0.3413678864663723,0.3413766565410335,0.07120215619780164,0.20628502133208695
2013-09-18 03:00:00,0.3413679051197122,0.3413765734899994,0.08492057340590754,0.21314423926280987
2013-09-18 04:00:00,0.3413659204078245,0.3413754688346179,0.10792653330884867,0.22464622685833657
2013-09-18 05:00:00,0.341361136984411,0.3413727891466444,0.13299268434218095,0.237176910663296
2013-09-18 06:00:00,1.8645364158567554e-07,1.0851390164516983e-05,0.12279056084481604,0.06139537364922881
2013-09-18 07:00:00,9.36298202738148e-08,1.1461257462533572e-06,0.1359346911564266,0.06796739239312344
2013-09-18 08:00:00,3.1295635148475225e-08,2.553940909896804e-07,0.12488454775815103,0.06244228952689309
2013-09-18 09:00:00,2.5226787346684093e-08,1.851218040188744e-07,0.09807172912540031,0.04903587717609383
2013-09-18 10:00:00,2.0011204940686457e-08,1.4178454063705202e-07,0.08894486407814269,0.044472442044673814
2013-09-18 11:00:00,2.862696706864399e-08,2.0282948875349602e-07,0.10174092349919614,0.05087047606308161
2013-09-18 12:00:00,4.603560688464342e-08,3.9606844291015303e-07,0.11743108574359608,0.05871556588960148
2013-09-18 13:00:00,1.1391958065928953e-07,1.0204677464391556e-06,0.12874213384534636,0.06437112388246351
2013-09-18 14:00:00,2.5089540388054904e-07,2.5712541342830175e-06,0.11865947086080139,0.05932986087810264
2013-09-18 15:00:00,5.586612638742749e-07,0.1630353465125922,0.121158920134665,0.06057973939796444
2013-09-18 16:00:00,1.283380732861734e-06,0.23126149037315893,0.1336812403906709,0.06684126188570187
2013-09-18 17:00:00,0.3413652183304249,0.341375043337955,0.129100786643143,0.23523300248678394
2013-09-18 18:00:00,0.341366803205291,0.3413759432637362,0.1370899527473245,0.23922837797630775
2013-09-18 19:00:00,0.3413677520891043,0.3413765090361756,0.14067779801061872,0.24102277504986153
2013-09-18 20:00:00,0.3413682818472569,0.3413768282685325,0.10549010960796852,0.22342919572761272
2013-09-18 21:00:00,0.3413685344974529,0.34137700796973897,0.08615345753783352,0.2137609960176432
2013-09-18 22:00:00,0.34136874699601527,0.3413771421614024,0.08586214913881815,0.21361544806741672
2013-09-18 23:00:00,0.34136915849702165,0.341377274564013,0.07479084414831198,0.20808000132266682
2013-09-19 00:00:00,0.34136895914413684,0.34137722319842,0.06796493319835434,0.2046669461712456
2013-09-19 01:00:00,0.3413687419073106,0.341377083664849,0.06634632169863068,0.20385753180297064
2013-09-19 02:00:00,0.34136818549093845,0.3413767694036123,0.07120215619780164,0.20628517084437004
2013-09-19 03:00:00,0.34136697370808605,0.34137611780441074,0.08492057340590754,0.2131437735569968
2013-09-19 04:00:00,0.34136539576561054,0.34137524330705526,0.10792653330884867,0.2246459645372296
2013-09-19 05:00:00,0.34136188689735625,0.3413732523958262,0.13299268434218095,0.23717728561976859
2013-09-19 06:00:00,2.487516330199219e-07,0.0987563286732125,0.12279056084481604,0.06139540479822453
2013-09-19 07:00:00,5.721688271094048e-08,4.995060898262236e-07,0.1359346911564266,0.06796737418665465
2013-09-19 08:00:00,2.4487656696668254e-08,1.6265746078728293e-07,0.12488454775815103,0.06244228612290386
2013-09-19 09:00:00,2.2100864411218942e-08,1.4680335608242881e-07,0.09807172912540031,0.049035875613132364
2013-09-19 10:00:00,2.1988113434764245e-08,1.4605441163630687e-07,0.08894486407814269,0.04447244303312806
2013-09-19 11:00:00,2.5245776788631413e-08,1.6769319818373126e-07,0.10174092349919614,0.050870474372486464
2013-09-19 12:00:00,2.9403909321783913e-08,1.9531329673002184e-07,0.11743108574359608,0.0587155575737527
2013-09-19 13:00:00,3.543408781748687e-08,2.3536832789632496e-07,0.12874213384534636,0.0643710846397171
2013-09-19 14:00:00,7.815435469421236e-08,6.625146183356122e-07,0.11865947086080139,0.059329774507578044
2013-09-19 15:00:00,1.9764219450034245e-07,8.175118811726731e-05,0.121158920134665,0.06057955888842975
2013-09-19 16:00:00,8.743729167458056e-07,0.2009404889396792,0.1336812403906709,0.06684105738179381
2013-09-19 17:00:00,0.3413648546978959,0.3413748081749743,0.129100786643143,0.23523282067051945
2013-09-19 18:00:00,0.3413664351893097,0.3413757546728842,0.1370899527473245,0.2392281939683171
2013-09-19 19:00:00,0.34136729316353415,0.3413762864953542,0.14067779801061872,0.24102254558707642
2013-09-19 20:00:00,0.3413679313593414,0.3413766922850632,0.10549010960796852,0.22342902048365496
2013-09-19 21:00:00,0.34136862215502967,0.34137701700783646,0.08615345753783352,0.21376103984643158
2013-09-19 22:00:00,0.3413685513216518,0.3413769718623427,0.08586214913881815,0.21361535023023498
2013-09-19 23:00:00,0.3413685688532198,0.3413769729235429,0.07479084414831198,0.2080797065007659
2013-09-20 00:00:00,0.34136921626663325,0.34137728126917793,0.06796493319835434,0.2046670747324938
2013-09-20 01:00:00,0.34136840456438494,0.34137689221800854,0.06634632169863068,0.20385736313150782
2013-09-20 02:00:00,0.3413680255842744,0.3413766748320045,0.07120215619780164,0.20628509089103803
2013-09-20 03:00:00,0.3413671967969274,0.3413762276240495,0.08492057340590754,0.21314388510141746
2013-09-20 04:00:00,0.341365479736984,0.341375250582351,0.10792653330884867,0.22464600652291633
2013-09-20 05:00:00,0.34136188576210336,0.3413731808653578,0.13299268434218095,0.23717728505214214
2013-09-20 06:00:00,1.596501575454363e-07,1.2455873888491678e-05,0.12279056084481604,0.0613953602474868
2013-09-20 07:00:00,5.6563562685408786e-08,5.888823935978767e-07,0.1359346911564266,0.06796737385999464
2013-09-20 08:00:00,2.4139525783119713e-08,1.6492629265311185e-07,0.12488454775815103,0.062442285948838404
2013-09-20 09:00:00,1.4696840698048396e-08,1.0413088174824921e-07,0.09807172912540031,0.04903587191112051
2013-09-20 10:00:00,1.345758053534309e-08,9.535039043073288e-08,0.08894486407814269,0.04447243876786161
2013-09-20 11:00:00,1.3444192531646186e-08,1.0546145730567594e-07,0.10174092349919614,0.05087046847169434
2013-09-20 12:00:00,1.9025217216731438e-08,1.5164828032366592e-07,0.11743108574359608,0.05871555238440665
2013-09-20 13:00:00,2.860126770199671e-08,2.518615937167654e-07,0.12874213384534636,0.06437108122330704
2013-09-20 14:00:00,4.762683876508434e-08,4.3386205088543834e-07,0.11865947086080139,0.05932975924382008
2013-09-20 15:00:00,1.2836711030958057e-07,5.441082441536025e-05,0.121158920134665,0.06057952425088766
2013-09-20 16:00:00,5.997297617693468e-07,0.16908496588349245,0.1336812403906709,0.06684092006021633
2013-09-20 17:00:00,0.3413654330049324,0.3413750781581431,0.129100786643143,0.2352331098240377
2013-09-20 18:00:00,0.3413670156963351,0.3413759756004713,0.1370899527473245,0.2392284842218298
2013-09-20 19:00:00,0.34136790251717064,0.3413765916784903,0.14067779801061872,0.2410228502638947
2013-09-20 20:00:00,0.34136843227752317,0.3413768757181489,0.10549010960796852,0.22342927094274584
2013-09-20 21:00:00,0.34136871377094696,0.34137703657914503,0.08615345753783352,0.21376108565439023
2013-09-20 22:00:00,0.341369034713099,0.3413772057834272,0.08586214913881815,0.21361559192595858
2013-09-20 23:00:00,0.34136910554707917,0.3413772509291971,0.07479084414831198,0.20807997484769558
2013-09-21 00:00:00,0.3413689259187407,0.34137715280966574,0.06796493319835434,0.2046669295585475
2013-09-21 01:00:00,0.34136819496613724,0.34137681528095065,0.06634632169863068,0.20385725833238397
2013-09-21 02:00:00,0.3413676341724634,0.3413765312410678,0.07120215619780164,0.20628489518513252
2013-09-21 03:00:00,0.34136673201494355,0.3413759668944017,0.08492057340590754,0.21314365271042554
2013-09-21 04:00:00,0.3413651449460604,0.34137506447874755,0.10792653330884867,0.22464583912745453
2013-09-21 05:00:00,0.3413618744357432,0.34137320200137167,0.13299268434218095,0.23717727938896205
2013-09-21 06:00:00,1.8604624625961773e-07,6.840687802289562e-05,0.12279056084481604,0.06139537344553115
2013-09-21 07:00:00,4.9986879443883573e-08,4.0223581792779013e-07,0.1359346911564266,0.06796737057165302
2013-09-21 08:00:00,2.2007599546901677e-08,1.7263621441437878e-07,0.12488454775815103,0.06244228488287529
2013-09-21 09:00:00,2.082774166324513e-08,1.5284024852098467e-07,0.09807172912540031,0.049035874976570984
2013-09-21 10:00:00,2.003136992655979e-08,1.4699622490377803e-07,0.08894486407814269,0.044472442054756305
2013-09-21 11:00:00,2.393937687956526e-08,1.7567436253846716e-07,0.10174092349919614,0.05087047371928651
2013-09-21 12:00:00,3.213931596415425e-08,2.4398071319449897e-07,0.11743108574359608,0.05871555894145602
2013-09-21 13:00:00,3.928060350509729e-08,3.3795181262392954e-07,0.12874213384534636,0.06437108656297492
2013-09-21 14:00:00,5.612144996051576e-08,3.940847873419966e-07,0.11865947086080139,0.059329763491125675
2013-09-21 15:00:00,1.4206010161072003e-07,1.6484518133424423e-06,0.121158920134665,0.06057953109738331
2013-09-21 16:00:00,1.0290294937003389e-06,0.214183578217722,0.1336812403906709,0.0668411347100823
2013-09-21 17:00:00,0.3413619577201337,0.3413732447455446,0.129100786643143,0.23523137218163837
2013-09-21 18:00:00,0.34136397701996224,0.34137442620814584,0.1370899527473245,0.23922696488364337
2013-09-21 19:00:00,0.3413651029608073,0.34137508599300387,0.14067779801061872,0.241021450485713
2013-09-21 20:00:00,0.34136590690020724,0.3413755340620573,0.10549010960796852,0.22342800825408787
2013-09-21 21:00:00,0.34136741993406844,0.34137632528661266,0.08615345753783352,0.21376043873595096
2013-09-21 22:00:00,0.34136821887659224,0.34137666540281003,0.08586214913881815,0.21361518400770518
2013-09-21 23:00:00,0.3271006463527239,0.33803712178998213,0.07479084414831198,0.20094574525051795
2013-09-22 00:00:00,0.026239067055393587,0.3111455108359133,0.06796493319835434,0.04710200012687396
2013-09-22 01:00:00,0.024657534246575345,0.3112410656270306,0.06634632169863068,0.04550192797260301
2013-09-22 02:00:00,0.0237467018469657,0.30403458213256485,0.07120215619780164,0.04747442902238367
2013-09-22 03:00:00,0.021276595744680854,0.2955182072829131,0.08492057340590754,0.0530985845752942
2013-09-22 04:00:00,0.2440318302387268,0.30601953986763314,0.10792653330884867,0.17597918177378774
2013-09-22 05:00:00,0.30788625857963303,0.3283570362222048,0.13299268434218095,0.22043947146090698
2013-09-22 06:00:00,1.1360223563140939e-07,1.0205000786719323e-06,0.12279056084481604,0.06139533722352584
2013-09-22 07:00:00,2.2556808532801564e-08,1.5982096855102916e-07,0.1359346911564266,0.06796735685661756
2013-09-22 08:00:00,3.522099761292037e-08,1.880297071059163e-07,0.12488454775815103,0.06244229148957432
2013-09-22 09:00:00,3.4398733585397314e-08,1.7520251821304799e-07,0.09807172912540031,0.04903588176206695
2013-09-22 10:00:00,3.508931206573248e-08,1.768589960212621e-07,0.08894486407814269,0.044472449583727376
2013-09-22 11:00:00,4.054458130117697e-08,1.967125787268329e-07,0.10174092349919614,0.05087048202188872
2013-09-22 12:00:00,3.958473762939014e-08,2.0318365305334686e-07,0.11743108574359608,0.05871556266416685
2013-09-22 13:00:00,4.143483931617654e-08,2.1986489237218574e-07,0.12874213384534636,0.06437108764009283
2013-09-22 14:00:00,2.4721810615520764e-08,1.9392767532408396e-07,0.11865947086080139,0.059329747791306
2013-09-22 15:00:00,8.978576756715407e-08,8.974331390159603e-07,0.121158920134665,0.06057950496021629
2013-09-22 16:00:00,7.21379515689238e-07,1.2116058699497854e-05,0.1336812403906709,0.06684098088509328
2013-09-22 17:00:00,0.3413592414471398,0.34137171163694563,0.129100786643143,0.2352300140451414
2013-09-22 18:00:00,0.3413611099495097,0.3413727813042177,0.1370899527473245,0.2392255313484171
2013-09-22 19:00:00,0.3202905939332144,0.3347186025216595,0.14067779801061872,0.23048419597191655
2013-09-22 20:00:00,0.32349309686833544,0.3358579587782468,0.10549010960796852,0.21449160323815197
2013-09-22 21:00:00,0.022784810126582282,0.29706790123456794,0.08615345753783352,0.0544691338322079
2013-09-22 22:00:00,0.02654867256637168,0.2989361702127659,0.08586214913881815,0.056205410852594916
2013-09-22 23:00:00,0.029411764705882353,0.3042394014962594,0.07479084414831198,0.052101304427097164
2013-09-23 00:00:00,0.029220779220779224,0.30150753768844224,0.06796493319835434,0.048592856209566784
2013-09-23 01:00:00,0.028753993610223644,0.299625468164794,0.06634632169863068,0.04755015765442716
2013-09-23 02:00:00,0.026785714285714288,0.29404900816802804,0.07120215619780164,0.04899393524175796
2013-09-23 03:00:00,0.024193548387096774,0.28790983606557374,0.08492057340590754,0.054557060896502155
2013-09-23 04:00:00,0.31935096153846154,0.33386730743558934,0.10792653330884867,0.2136387474236551
2013-09-23 05:00:00,0.3413598709208444,0.34137192285562634,0.13299268434218095,0.23717627763151267
2013-09-23 06:00:00,1.5023497752050722e-07,5.474277876220445e-06,0.12279056084481604,0.06139535553989678
2013-09-23 07:00:00,3.5604294638441125e-08,2.9190731090941735e-07,0.1359346911564266,0.06796736338036062
2013-09-23 08:00:00,1.566407534127843e-08,1.0702047583126868e-07,0.12488454775815103,0.062442281711113184
2013-09-23 09:00:00,1.3252892165404364e-08,9.054674569814675e-08,0.09807172912540031,0.049035871189146235
2013-09-23 10:00:00,1.2537166639455445e-08,8.565673825441257e-08,0.08894486407814269,0.04447243830765466
2013-09-23 11:00:00,1.2744056649880622e-08,8.707025821033353e-08,0.10174092349919614,0.05087046812162639
2013-09-23 12:00:00,1.3881230691034594e-08,9.483969225742241e-08,0.11743108574359608,0.058715549812413385
2013-09-23 13:00:00,1.636560713980379e-08,1.118135042188229e-07,0.12874213384534636,0.06437107510547675
2013-09-23 14:00:00,2.2570242148378895e-08,1.941837356454814e-07,0.11865947086080139,0.05932974671552177
2013-09-23 15:00:00,1.1306864980032925e-07,2.381895482812468e-06,0.121158920134665,0.060579516601657404
2013-09-23 16:00:00,7.766181334984137e-07,0.19104700325024482,0.1336812403906709,0.0668410085044022
2013-09-23 17:00:00,0.34136430048813976,0.34137453160063913,0.129100786643143,0.23523254356564138
2013-09-23 18:00:00,0.3413661423843919,0.341375598602828,0.1370899527473245,0.2392280475658582
2013-09-23 19:00:00,0.3413673015695815,0.34137622693307573,0.14067779801061872,0.24102254979010013
2013-09-23 20:00:00,0.34136789339616985,0.3413765801170845,0.10549010960796852,0.22342900150206918
2013-09-23 21:00:00,0.34136843192349636,0.3413768741084879,0.08615345753783352,0.21376094473066493
2013-09-23 22:00:00,0.3413686422314949,0.3413769706184528,0.08586214913881815,0.21361539568515653
2013-09-23 23:00:00,0.34136843630630054,0.34137689419332345,0.07479084414831198,0.20807964022730627
2013-09-24 00:00:00,0.3413692651857511,0.34137728518313293,0.06796493319835434,0.20466709919205273
2013-09-24 01:00:00,0.3413689592233055,0.3413771305363609,0.06634632169863068,0.2038576404609681
2013-09-24 02:00:00,0.3413675074902483,0.3413763511718412,0.07120215619780164,0.20628483184402496
2013-09-24 03:00:00,0.3413668159908684,0.341376008122195,0.08492057340590754,0.21314369469838795
2013-09-24 04:00:00,0.34136591529961496,0.34137541032526064,0.10792653330884867,0.2246462243042318
2013-09-24 05:00:00,0.3413626301698629,0.34137351606797695,0.13299268434218095,0.2371776572560219
2013-09-24 06:00:00,1.617151058511616e-07,6.662074812849909e-05,0.12279056084481604,0.061395361279960946
2013-09-24 07:00:00,4.6276657639710454e-08,4.0985244047455385e-07,0.1359346911564266,0.06796736871654212
2013-09-24 08:00:00,1.642184065175308e-08,1.3713025740109765e-07,0.12488454775815103,0.06244228208999584
2013-09-24 09:00:00,1.4875962440059295e-08,9.946799579290165e-08,0.09807172912540031,0.04903587200068137
2013-09-24 10:00:00,1.2766216410866516e-08,8.722157560704562e-08,0.08894486407814269,0.04447243842217955
2013-09-24 11:00:00,1.2966389803701306e-08,9.18702123130778e-08,0.10174092349919614,0.050870468232792974
2013-09-24 12:00:00,1.4227223460122394e-08,1.0080355155104966e-07,0.11743108574359608,0.058715549985409766
2013-09-24 13:00:00,1.6880880824104343e-08,1.4096346228339102e-07,0.12874213384534636,0.0643710753631136
2013-09-24 14:00:00,3.897583236475792e-08,3.373020789069217e-07,0.11865947086080139,0.05932975491831688
2013-09-24 15:00:00,1.3418212572725035e-07,6.021115417969195e-06,0.121158920134665,0.06057952715839537
2013-09-24 16:00:00,9.233151857443419e-07,0.20542134026482817,0.1336812403906709,0.06684108185292832
2013-09-24 17:00:00,0.34136433737853156,0.34137466000919475,0.129100786643143,0.23523256201083728
2013-09-24 18:00:00,0.3413657670617249,0.34137545434030103,0.1370899527473245,0.2392278599045247
2013-09-24 19:00:00,0.34136654287813206,0.34137589425528686,0.14067779801061872,0.2410221704443754
2013-09-24 20:00:00,0.3413693388270548,0.34137741109313546,0.10549010960796852,0.22342972421751164
2013-09-24 21:00:00,0.34136931436826534,0.34137738211870094,0.08615345753783352,0.21376138595304944
2013-09-24 22:00:00,0.34136934759365484,0.3413773506563398,0.08586214913881815,0.21361574836623648
2013-09-24 23:00:00,0.3413692234587034,0.3413772802679473,0.07479084414831198,0.2080800338035077
2013-09-25 00:00:00,0.34136899745653665,0.3413772854257094,0.06796493319835434,0.2046669653274455
2013-09-25 01:00:00,0.3413682110151751,0.34137685226771136,0.06634632169863068,0.2038572663569029
2013-09-25 02:00:00,0.3413684695313737,0.3413768815717186,0.07120215619780164,0.20628531286458765
2013-09-25 03:00:00,0.3413681895186896,0.3413767564155936,0.08492057340590754,0.21314438146229855
2013-09-25 04:00:00,0.3413639116870314,0.34137440600968616,0.10792653330884867,0.22464522249794003
2013-09-25 05:00:00,0.3413620161613627,0.34137336370975574,0.13299268434218095,0.23717735025177183
2013-09-25 06:00:00,2.4389629865416124e-07,0.00010256383256630175,0.12279056084481604,0.06139540237055735
2013-09-25 07:00:00,1.0083062250204735e-07,9.950716724428754e-07,0.1359346911564266,0.06796739599352454
2013-09-25 08:00:00,3.5714861297541444e-08,3.1857042943192216e-07,0.12488454775815103,0.06244229173650616
2013-09-25 09:00:00,2.0522989671743877e-08,1.7137678092024283e-07,0.09807172912540031,0.04903587482419499
2013-09-25 10:00:00,1.8220769106438177e-08,1.3370949595296164e-07,0.08894486407814269,0.044472441149455894
2013-09-25 11:00:00,2.0043317885859155e-08,1.572275751280015e-07,0.10174092349919614,0.05087047177125701
2013-09-25 12:00:00,2.2747511463949617e-08,1.8995259669631913e-07,0.11743108574359608,0.05871555424555377
2013-09-25 13:00:00,4.3274275717581834e-08,3.4165032652802897e-07,0.12874213384534636,0.06437108855981104
2013-09-25 14:00:00,9.035405008641237e-08,1.294651157317392e-06,0.11865947086080139,0.05932978060742574
2013-09-25 15:00:00,1.837551391718548e-07,0.07891793635936864,0.121158920134665,0.06057955194490209
2013-09-25 16:00:00,1.3499219745098735e-06,0.23499852014436406,0.1336812403906709,0.0668412951563227
2013-09-25 17:00:00,0.34136352434251926,0.34137428091258876,0.129100786643143,0.23523215549283114
2013-09-25 18:00:00,0.34136451298983167,0.34137487421561624,0.1370899527473245,0.23922723286857808
2013-09-25 19:00:00,0.34136822925534954,0.34137678740464644,0.14067779801061872,0.24102301363298412
2013-09-25 20:00:00,0.3413694297365506,0.34137746139648445,0.10549010960796852,0.22342976967225955
2013-09-25 21:00:00,0.34136945857859574,0.3413774589085667,0.08615345753783352,0.21376145805821462
2013-09-25 22:00:00,0.34136939651116754,0.3413774061173318,0.08586214913881815,0.21361577282499283
2013-09-25 23:00:00,0.34136921688385546,0.34137730799851856,0.07479084414831198,0.20808003051608373
2013-09-26 00:00:00,0.3413689419638535,0.3413771370034299,0.06796493319835434,0.2046669375811039
2013-09-26 01:00:00,0.3413688926933686,0.34137713272464887,0.06634632169863068,0.20385760719599966
2013-09-26 02:00:00,0.3413684538375649,0.3413768813888352,0.07120215619780164,0.20628530501768327
2013-09-26 03:00:00,0.3413674768143414,0.3413763037240496,0.08492057340590754,0.21314402511012445
2013-09-26 04:00:00,0.3413663176292717,0.34137565779737417,0.10792653330884867,0.2246464254690602
2013-09-26 05:00:00,0.3413628317554329,0.34137374566902623,0.13299268434218095,0.23717775804880692
2013-09-26 06:00:00,1.8037120393770382e-07,0.07777811820301464,0.12279056084481604,0.06139537060800999
2013-09-26 07:00:00,1.0159174453292916e-07,1.5231533137390907e-06,0.1359346911564266,0.06796739637408557
2013-09-26 08:00:00,4.9398175116807415e-08,4.4249812270171445e-07,0.12488454775815103,0.06244229857816307
2013-09-26 09:00:00,3.1940873865097834e-08,2.6672149652388244e-07,0.09807172912540031,0.04903588053313709
2013-09-26 10:00:00,2.6862335860886628e-08,1.7843105431198627e-07,0.08894486407814269,0.04447244547023927
2013-09-26 11:00:00,2.6625115688623776e-08,2.2233237668596222e-07,0.10174092349919614,0.05087047506215592
2013-09-26 12:00:00,3.685686702035008e-08,2.853889167680907e-07,0.11743108574359608,0.05871556130023155
2013-09-26 13:00:00,5.925171658888776e-08,5.322634129049394e-07,0.12874213384534636,0.06437109654853147
2013-09-26 14:00:00,1.5799342729787617e-07,0.07012339401888804,0.11865947086080139,0.059329814427114345
2013-09-26 15:00:00,2.685810727635366e-07,0.10422607765308288,0.121158920134665,0.06057959435786888
2013-09-26 16:00:00,0.22949974960527844,0.26203754465852824,0.1336812403906709,0.18159049499797467
2013-09-26 17:00:00,0.34136555457962064,0.34137540565341096,0.129100786643143,0.23523317061138183
2013-09-26 18:00:00,0.3413668999347286,0.34137615714550074,0.1370899527473245,0.23922842634102653
2013-09-26 19:00:00,0.34136727013690915,0.34137633062417283,0.14067779801061872,0.24102253407376395
2013-09-26 20:00:00,0.341370150089287,0.3413778208026755,0.10549010960796852,0.22343012984862776
2013-09-26 21:00:00,0.34137008802154123,0.3413777856084,0.08615345753783352,0.2137617727796874
2013-09-26 22:00:00,0.34137045719695164,0.34137806110424607,0.08586214913881815,0.21361630316788488
2013-09-26 23:00:00,0.3413698616687299,0.3413776860644142,0.07479084414831198,0.20808035290852095
2013-09-27 00:00:00,0.3413695049541674,0.3413775102742975,0.06796493319835434,0.20466721907626087
2013-09-27 01:00:00,0.341369070481716,0.3413772978650427,0.06634632169863068,0.20385769609017335
2013-09-27 02:00:00,0.34136854290951185,0.3413769811176033,0.07120215619780164,0.20628534955365674
2013-09-27 03:00:00,0.3413679708020677,0.3413765635803205,0.08492057340590754,0.21314427210398762
2013-09-27 04:00:00,0.3413641000709255,0.341374530428598,0.10792653330884867,0.22464531668988708
2013-09-27 05:00:00,0.34136201872886196,0.34137335022387394,0.13299268434218095,0.23717735153552144
2013-09-27 06:00:00,4.7582482117974526e-07,0.14943584413464908,0.12279056084481604,0.06139551833481861
2013-09-27 07:00:00,2.56677645411255e-07,2.9958565112359473e-06,0.1359346911564266,0.067967473917036
2013-09-27 08:00:00,1.0374021065227826e-07,8.859682475280306e-07,0.12488454775815103,0.06244232574918084
2013-09-27 09:00:00,1.0704361624164223e-07,8.396921049493782e-07,0.09807172912540031,0.04903591808450827
2013-09-27 10:00:00,1.1342727506284344e-07,9.184701593637574e-07,0.08894486407814269,0.04447248875270887
2013-09-27 11:00:00,1.1728176980379893e-07,9.496816236872915e-07,0.10174092349919614,0.050870520390482975
2013-09-27 12:00:00,1.221440084373824e-07,9.890532513379343e-07,0.11743108574359608,0.05871560394380226
2013-09-27 13:00:00,2.1275551884624553e-07,2.002726033151447e-06,0.12874213384534636,0.0643711733004326
2013-09-27 14:00:00,3.688158570656605e-07,3.7797388452440533e-06,0.11865947086080139,0.05932991983832923
2013-09-27 15:00:00,6.773759299430719e-07,0.1794677020405094,0.121158920134665,0.060579798755297475
2013-09-27 16:00:00,0.3413638083449499,0.341374287733005,0.1336812403906709,0.2375225243678104
2013-09-27 17:00:00,0.3413604591503725,0.34137273531002993,0.129100786643143,0.23523062289675775
2013-09-27 18:00:00,0.3413677141255587,0.34137643081814506,0.1370899527473245,0.2392288334364416
2013-09-27 19:00:00,0.3413687780296168,0.34137707426101876,0.14067779801061872,0.24102328802011774
2013-09-27 20:00:00,0.34136912159119154,0.34137725271942865,0.10549010960796852,0.22342961559958002
2013-09-27 21:00:00,0.34136927895126795,0.3413773771429119,0.08615345753783352,0.21376136824455072
2013-09-27 22:00:00,0.34136921469224196,0.341377321863787,0.08586214913881815,0.21361568191553004
2013-09-27 23:00:00,0.34136915919966165,0.3413772941332386,0.07479084414831198,0.20808000167398683
2013-09-28 00:00:00,0.3413689708059768,0.34137722125705616,0.06796493319835434,0.20466695200216556
2013-09-28 01:00:00,0.34136859621097215,0.3413770415547146,0.06634632169863068,0.20385745895480142
2013-09-28 02:00:00,0.3413680974829888,0.3413767411613048,0.07120215619780164,0.2062851268403952
2013-09-28 03:00:00,0.3413672595808479,0.3413762660425616,0.08492057340590754,0.21314391649337772
2013-09-28 04:00:00,0.3413657944482919,0.3413754667190659,0.10792653330884867,0.22464616387857028
2013-09-28 05:00:00,0.34136318769239493,0.3413739885885833,0.13299268434218095,0.23717793601728793
2013-09-28 06:00:00,6.705812218034568e-07,0.17860606701189818,0.12279056084481604,0.06139561571301892
2013-09-28 07:00:00,2.131533795873325e-07,1.9417465673804186e-06,0.1359346911564266,0.06796745215490309
2013-09-28 08:00:00,8.665061743186284e-08,6.139438443545354e-07,0.12488454775815103,0.06244231720438423
2013-09-28 09:00:00,9.001716807429513e-08,6.150229888759654e-07,0.09807172912540031,0.049035909571284196
2013-09-28 10:00:00,8.005032497096508e-08,5.469282020610443e-07,0.08894486407814269,0.044472472064233826
2013-09-28 11:00:00,8.138302309446737e-08,5.560367218183703e-07,0.10174092349919614,0.05087050244110962
2013-09-28 12:00:00,8.00066501527607e-08,5.668691732555255e-07,0.11743108574359608,0.058715582875123115
2013-09-28 13:00:00,8.64125061709331e-08,6.778547541375982e-07,0.12874213384534636,0.06437111012892627
2013-09-28 14:00:00,2.0491213316501852e-07,1.7111152621499878e-06,0.11865947086080139,0.05932983788646728
2013-09-28 15:00:00,4.6722829584397314e-07,1.7852059861700528e-05,0.121158920134665,0.060579693681480425
2013-09-28 16:00:00,0.3413599223507215,0.3413721633196341,0.1336812403906709,0.2375205813706962
2013-09-28 17:00:00,0.3413609033902588,0.3413727691613249,0.129100786643143,0.2352308450167009
2013-09-28 18:00:00,0.3413628017880125,0.34137375839858514,0.1370899527473245,0.2392263772676685
2013-09-28 19:00:00,0.3413654713408561,0.34137513312294865,0.14067779801061872,0.2410216346757374
2013-09-28 20:00:00,0.027522935779816515,0.3057517658930373,0.10549010960796852,0.06650652269389251
2013-09-28 21:00:00,0.03669724770642202,0.3345195729537367,0.08615345753783352,0.06142535262212777
2013-09-28 22:00:00,0.02654867256637168,0.303639846743295,0.08586214913881815,0.056205410852594916
2013-09-28 23:00:00,0.02313624678663239,0.3035099793530626,0.07479084414831198,0.04896354546747218
2013-09-29 00:00:00,0.02368421052631579,0.29984051036682613,0.06796493319835434,0.045824571862335066
2013-09-29 01:00:00,0.02380952380952381,0.29401251117068816,0.06634632169863068,0.045077922754077245
2013-09-29 02:00:00,0.022613065326633167,0.28778280542986423,0.07120215619780164,0.0469076107622174
2013-09-29 03:00:00,0.019027484143763217,0.2776923076923078,0.08492057340590754,0.05197402877483538
2013-09-29 04:00:00,0.017341040462427747,0.2551546391752577,0.10792653330884867,0.06263378688563821
2013-09-29 05:00:00,0.014062500000000002,0.2261712439418417,0.13299268434218095,0.07352759217109048
2013-09-29 06:00:00,1.0257432242333301e-06,1.1680107875251553e-05,0.12279056084481604,0.06139579329402014
2013-09-29 07:00:00,4.37845777756839e-07,3.988616223390695e-06,0.1359346911564266,0.06796756450110217
2013-09-29 08:00:00,2.460132476903815e-07,1.5874369122223022e-06,0.12488454775815103,0.06244239688569936
2013-09-29 09:00:00,1.907195486202299e-07,1.230646054793068e-06,0.09807172912540031,0.04903595992247447
2013-09-29 10:00:00,1.6007519692450727e-07,9.721493489956316e-07,0.08894486407814269,0.04447251207666981
2013-09-29 11:00:00,1.4515945475786244e-07,9.366627027468409e-07,0.10174092349919614,0.05087053432932545
2013-09-29 12:00:00,1.7074806477344914e-07,1.0693717667706657e-06,0.11743108574359608,0.058715628245830424
2013-09-29 13:00:00,2.0497343441803226e-07,1.3615221319507116e-06,0.12874213384534636,0.06437116940939039
2013-09-29 14:00:00,6.217549733597425e-07,9.144863247714992e-06,0.11865947086080139,0.05933004630788737
2013-09-29 15:00:00,1.0048908035408334e-06,2.8986797022496555e-05,0.121158920134665,0.06057996251273427
2013-09-29 16:00:00,0.016728624535315987,0.25104602510460255,0.1336812403906709,0.07520493246299344
2013-09-29 17:00:00,0.2646825396825397,0.3133272478320402,0.129100786643143,0.19689166316284135
2013-09-29 18:00:00,0.01771653543307087,0.2879464285714286,0.1370899527473245,0.07740324409019768
2013-09-29 19:00:00,0.01851851851851852,0.28831011508176857,0.14067779801061872,0.07959815826456862
2013-09-29 20:00:00,0.018711018711018716,0.28968014484007243,0.10549010960796852,0.06210056415949362
2013-09-29 21:00:00,0.02768166089965398,0.29493087557603687,0.08615345753783352,0.05691755921874375
2013-09-29 22:00:00,0.024922118380062305,0.287292817679558,0.08586214913881815,0.05539213375944023
2013-09-29 23:00:00,0.03137254901960784,0.30590339892665475,0.07479084414831198,0.05308169658395991
2013-09-30 00:00:00,0.03162055335968379,0.3076923076923077,0.06796493319835434,0.049792743279019065
2013-09-30 01:00:00,0.03187250996015936,0.30824372759856633,0.06634632169863068,0.04910941582939502
2013-09-30 02:00:00,0.03187250996015936,0.3116197183098592,0.07120215619780164,0.0515373330789805
2013-09-30 03:00:00,0.026402640264026406,0.29986431478968795,0.08492057340590754,0.05566160683496697
2013-09-30 04:00:00,0.3413634712756639,0.34137408715118994,0.10792653330884867,0.22464500229225629
2013-09-30 05:00:00,0.34136162769228834,0.3413731507370145,0.13299268434218095,0.23717715601723466
2013-09-30 06:00:00,1.0937560384447958e-06,2.8505761208068626e-05,0.12279056084481604,0.061395827300427246
2013-09-30 07:00:00,5.540502830181188e-07,0.1623320755218306,0.1359346911564266,0.0679676226033548
2013-09-30 08:00:00,3.6092257042377586e-07,6.3701830499498046e-06,0.12488454775815103,0.06244245434036073
2013-09-30 09:00:00,2.54286486105744e-07,2.380792435823488e-06,0.09807172912540031,0.04903599170594321
2013-09-30 10:00:00,2.197195836138115e-07,2.0571555654397863e-06,0.08894486407814269,0.04447254189886315
2013-09-30 11:00:00,2.85296194330644e-07,4.033747031541195e-06,0.10174092349919614,0.05087060439769524
2013-09-30 12:00:00,3.4133199349148163e-07,0.0001747299261515708,0.11743108574359608,0.058715713537794784
2013-09-30 13:00:00,4.222501151264939e-07,0.13089471918644935,0.12874213384534636,0.06437127804773074
2013-09-30 14:00:00,5.11700166444693e-07,0.1555776621528662,0.11865947086080139,0.05932999128048392
2013-09-30 15:00:00,7.390513241582575e-07,1.346466430277654e-05,0.121158920134665,0.06057982959299458
2013-09-30 16:00:00,0.34136640085933007,0.34137590669220413,0.1336812403906709,0.2375238206250005
2013-09-30 17:00:00,0.3413670835812082,0.3413762938189423,0.129100786643143,0.2352339351121756
2013-09-30 18:00:00,0.3413674249431713,0.3413765049793514,0.1370899527473245,0.2392286888452479
2013-09-30 19:00:00,0.3413690839827898,0.34137731440016983,0.14067779801061872,0.24102344099670425
2013-09-30 20:00:00,0.3413694246525528,0.34137752110697206,0.10549010960796852,0.22342976713026066
2013-09-30 21:00:00,0.34136935381802486,0.3413774747168013,0.08615345753783352,0.21376140567792917
2013-09-30 22:00:00,0.34136924502394206,0.34137747080325886,0.08586214913881815,0.21361569708138012
2013-09-30 23:00:00,0.3413694305269995,0.3413774373699151,0.07479084414831198,0.20808013733765574
2013-10-01 00:00:00,0.341369180061992,0.3413772941030983,0.08198400079396435,0.21167659042797818
2013-10-01 01:00:00,0.3413687788101698,0.34137710053234727,0.07415200966626927,0.20776039423821954
2013-10-01 02:00:00,0.34136842174163956,0.34137687034040276,0.08109553728246663,0.21123197951205308
2013-10-01 03:00:00,0.34136775504530553,0.34137648872577797,0.09360953550664997,0.21748864527597775
2013-10-01 04:00:00,0.34136670245167455,0.34137593220470036,0.12769684114632576,0.23453177179900014
2013-10-01 05:00:00,0.3413621183934745,0.3413734620186909,0.11731104350993155,0.22933658095170303
2013-10-01 06:00:00,2.0203576172162668e-07,0.08481665612033248,0.12357946533098009,0.061789833683370904
2013-10-01 07:00:00,5.339340447292567e-08,4.593714805093579e-07,0.1314586422382609,0.06572934781583269
2013-10-01 08:00:00,1.878443703881233e-08,1.5685904609517445e-07,0.1244227009963649,0.06221135989040097
2013-10-01 09:00:00,1.8643999772344333e-08,1.6040407787550048e-07,0.11869391411937863,0.0593469663816892
2013-10-01 10:00:00,1.7386128119525595e-08,1.3198409106001272e-07,0.10697883163646442,0.05348942451129627
2013-10-01 11:00:00,1.887666727455828e-08,1.480759104563188e-07,0.11729789877631998,0.058648958826493625
2013-10-01 12:00:00,2.1452598338710785e-08,1.8456792009346867e-07,0.12817919213163412,0.06408960679211623
2013-10-01 13:00:00,4.136071183042426e-08,3.767800833746504e-07,0.13359618797897907,0.06679811466984545
2013-10-01 14:00:00,1.435307554752478e-07,2.9297792092964172e-06,0.13414360101310696,0.06707187227193122
2013-10-01 15:00:00,2.619170712275945e-07,5.020429669248128e-06,0.13143154435265625,0.06571590313486374
2013-10-01 16:00:00,0.3413603455861765,0.3413725914789427,0.12827821256266594,0.23481927907442124
2013-10-01 17:00:00,0.341362956633198,0.34137398780273126,0.1123353122940288,0.22684913446361338
2013-10-01 18:00:00,0.34136619203080104,0.3413757063547676,0.13166744948900244,0.23651682075990174
2013-10-01 19:00:00,0.3413672069955791,0.3413762591325382,0.1409427684510053,0.2411549877232922
2013-10-01 20:00:00,0.3413686174187671,0.34137704188589085,0.1074874149803325,0.2244280161995498
2013-10-01 21:00:00,0.34136888576642654,0.34137718906573095,0.10188119862762833,0.22162504219702744
2013-10-01 22:00:00,0.3413704775192128,0.3413780034115605,0.0956911755943811,0.21853082655679695
2013-10-01 23:00:00,0.34136905592547645,0.34137722371370893,0.0830005506501988,0.21218480328783762
2013-10-02 00:00:00,0.34136932436181966,0.3413774026634928,0.08198400079396435,0.211676662577892
2013-10-02 01:00:00,0.34136907897829044,0.3413772586956418,0.07415200966626927,0.20776054432227986
2013-10-02 02:00:00,0.3413681135925798,0.34137680119492697,0.08109553728246663,0.21123182543752322
2013-10-02 03:00:00,0.34136750641781716,0.3413763639336549,0.09360953550664997,0.21748852096223356
2013-10-02 04:00:00,0.3413655815983072,0.341375330918667,0.12769684114632576,0.23453121137231647
2013-10-02 05:00:00,0.34136246374864343,0.3413736249801805,0.11731104350993155,0.2293367536292875
2013-10-02 06:00:00,2.0231857991779483e-07,0.0849065444171639,0.12357946533098009,0.061789833824780004
2013-10-02 07:00:00,4.863010020840024e-08,4.0608469680218333e-07,0.1314586422382609,0.06572934543418055
2013-10-02 08:00:00,1.7141228824068737e-08,1.2578748168534265e-07,0.1244227009963649,0.062211359068796865
2013-10-02 09:00:00,1.5232739580947027e-08,1.156369654868217e-07,0.11869391411937863,0.05934696467605911
2013-10-02 10:00:00,1.4586961718502797e-08,1.0704348572213752e-07,0.10697883163646442,0.05348942311171307
2013-10-02 11:00:00,1.6016506055902337e-08,1.1753390823869211e-07,0.11729789877631998,0.058648957396413015
2013-10-02 12:00:00,1.791460084695814e-08,1.3146270129585825e-07,0.12817919213163412,0.06408960502311749
2013-10-02 13:00:00,4.000202010201515e-08,3.542805917064878e-07,0.13359618797897907,0.06679811399049959
2013-10-02 14:00:00,8.184724875247742e-08,6.48755072216883e-05,0.13414360101310696,0.06707184143017786
2013-10-02 15:00:00,1.5813523139888878e-07,2.1908327245644437e-06,0.13143154435265625,0.06571585124394383
2013-10-02 16:00:00,0.3413587826840759,0.34137159576145504,0.12827821256266594,0.23481849762337093
2013-10-02 17:00:00,0.34135882543841073,0.3413717811991152,0.1123353122940288,0.22684706886621975
2013-10-02 18:00:00,0.34135794562701416,0.34137149737071654,0.13166744948900244,0.2365126975580083
2013-10-02 19:00:00,0.34136300224558613,0.34137391771491615,0.1409427684510053,0.2411528853482957
2013-10-02 20:00:00,0.32420872540633017,0.33669965663502316,0.1074874149803325,0.21584807019333133
2013-10-02 21:00:00,0.024324324324324326,0.29881154499151097,0.10188119862762833,0.06310276147597632
2013-10-02 22:00:00,0.029090909090909094,0.30723781388478577,0.0956911755943811,0.0623910423426451
2013-10-02 23:00:00,0.032388663967611336,0.3137931034482758,0.0830005506501988,0.05769460730890507
2013-10-03 00:00:00,0.0326530612244898,0.31607142857142856,0.08198400079396435,0.057318531009227076
2013-10-03 01:00:00,0.03149606299212599,0.3099824868651489,0.07415200966626927,0.05282403632919763
2013-10-03 02:00:00,0.029411764705882353,0.30198019801980197,0.08109553728246663,0.055253650994174494
2013-10-03 03:00:00,0.019354838709677424,0.26563916591115144,0.09360953550664997,0.056482187108163696
2013-10-03 04:00:00,0.24734656206737426,0.30514005983138426,0.12769684114632576,0.18752170160685
2013-10-03 05:00:00,0.3111467522052927,0.32977293098296984,0.11731104350993155,0.21422889785761212
2013-10-03 06:00:00,1.7762473630497741e-07,3.118193646938327e-06,0.12357946533098009,0.0617898214778582
2013-10-03 07:00:00,3.479656968456736e-08,2.4434143215117207e-07,0.1314586422382609,0.06572933851741529
2013-10-03 08:00:00,1.8368474838103935e-08,1.347934099724971e-07,0.1244227009963649,0.06221135968241987
2013-10-03 09:00:00,1.582537412846104e-08,1.1613135757212612e-07,0.11869391411937863,0.059346964972376376
2013-10-03 10:00:00,1.4873717158628e-08,1.0914781006831264e-07,0.10697883163646442,0.05348942325509079
2013-10-03 11:00:00,1.6726034238437404e-08,1.2697308932768035e-07,0.11729789877631998,0.05864895775117711
2013-10-03 12:00:00,2.2016278851260144e-08,1.7270427246860024e-07,0.12817919213163412,0.06408960707395649
2013-10-03 13:00:00,3.694314807859242e-08,2.594146520115805e-07,0.13359618797897907,0.06679811246106357
2013-10-03 14:00:00,1.2089179946194284e-07,5.941814082125882e-05,0.13414360101310696,0.06707186095245321
2013-10-03 15:00:00,1.935536099224097e-07,3.599847226891667e-06,0.13143154435265625,0.06571586895313308
2013-10-03 16:00:00,0.3413599128230941,0.34137215652542624,0.12827821256266594,0.23481906269288
2013-10-03 17:00:00,0.34136252749384666,0.3413735361689019,0.1123353122940288,0.22684891989393774
2013-10-03 18:00:00,0.34136435597662923,0.3413744663726874,0.13166744948900244,0.23651590273281584
2013-10-03 19:00:00,0.027355623100303955,0.29932735426008966,0.1409427684510053,0.08414919577565463
2013-10-03 20:00:00,0.032388663967611336,0.3169129720853859,0.1074874149803325,0.06993803947397192
2013-10-03 21:00:00,0.03571428571428572,0.32786885245901637,0.10188119862762833,0.06879774217095702
2013-10-03 22:00:00,0.34136514587204403,0.34137494152785514,0.0956911755943811,0.21852816073321257
2013-10-03 23:00:00,0.24255024255024252,0.31211750305997554,0.0830005506501988,0.16277539660022067
2013-10-04 00:00:00,0.24311618535930155,0.3114364859517214,0.08198400079396435,0.16255009307663296
2013-10-04 01:00:00,0.24940758293838866,0.31217481789802287,0.07415200966626927,0.16177979630232897
2013-10-04 02:00:00,0.3201061391870703,0.3343605546995377,0.08109553728246663,0.20060083823476849
2013-10-04 03:00:00,0.031746031746031744,0.30952380952380953,0.09360953550664997,0.06267778362634085
2013-10-04 04:00:00,0.019607843137254905,0.25829145728643216,0.12769684114632576,0.07365234214179034
2013-10-04 05:00:00,0.013996889580093316,0.2485399091499027,0.11731104350993155,0.06565396654501243
2013-10-04 06:00:00,1.6432138288274837e-07,2.572801672339798e-06,0.12357946533098009,0.06178981482618149
2013-10-04 07:00:00,2.8956116578222987e-08,1.9783440024234716e-07,0.1314586422382609,0.06572933559718874
2013-10-04 08:00:00,1.492225787171735e-08,1.019520036474349e-07,0.1244227009963649,0.06221135795931139
2013-10-04 09:00:00,1.2708994274288826e-08,8.683050062064029e-08,0.11869391411937863,0.05934696341418645
2013-10-04 10:00:00,1.2258530445735693e-08,8.37528048620476e-08,0.10697883163646442,0.05348942194749743
2013-10-04 11:00:00,1.2897890628664815e-08,8.812104345694154e-08,0.11729789877631998,0.058648955837105304
2013-10-04 12:00:00,1.488932016411346e-08,1.0172708400195343e-07,0.12817919213163412,0.06408960351047714
2013-10-04 13:00:00,1.9987110978367087e-08,1.7195964871759271e-07,0.13359618797897907,0.06679810398304502
2013-10-04 14:00:00,8.268379869463366e-08,1.6084299050994187e-06,0.13414360101310696,0.06707184184845283
2013-10-04 15:00:00,1.9577144979678272e-07,7.194891567552412e-05,0.13143154435265625,0.06571587006205303
2013-10-04 16:00:00,0.3413641785473606,0.341374565550675,0.12827821256266594,0.2348211955550133
2013-10-04 17:00:00,0.3413611173785246,0.34137314623763104,0.1123353122940288,0.2268482148362767
2013-10-04 18:00:00,0.34136785614513265,0.34137664340899776,0.13166744948900244,0.23651765281706755
2013-10-04 19:00:00,0.341368547292371,0.3413770012024444,0.1409427684510053,0.24115565787168813
2013-10-04 20:00:00,0.3413686823842718,0.34137710038296115,0.1074874149803325,0.22442804868230215
2013-10-04 21:00:00,0.34136877986837727,0.34137712295570566,0.10188119862762833,0.2216249892480028
2013-10-04 22:00:00,0.34136863127417966,0.34137705754284775,0.0956911755943811,0.2185299034342804
2013-10-04 23:00:00,0.3413686842226556,0.34137704598268587,0.0830005506501988,0.2121846174364272
2013-10-05 00:00:00,0.341368654673913,0.34137705147210506,0.08198400079396435,0.21167632773393866
2013-10-05 01:00:00,0.3413689724524323,0.3413771745577039,0.07415200966626927,0.2077604910593508
2013-10-05 02:00:00,0.3413687765556575,0.34137683722305545,0.08109553728246663,0.21123215691906205
2013-10-05 03:00:00,0.3262882925670862,0.3376963350785341,0.09360953550664997,0.20994891403686808
2013-10-05 04:00:00,0.34136301207224506,0.3413739215536586,0.12769684114632576,0.2345299266092854
2013-10-05 05:00:00,0.34136026808205727,0.34137237696497763,0.11731104350993155,0.2293356557959944
2013-10-05 06:00:00,3.3187424820111714e-07,5.6370644989770775e-06,0.12357946533098009,0.06178989860261415
2013-10-05 07:00:00,1.2152584349143553e-07,9.594470160699625e-07,0.1314586422382609,0.0657293818820522
2013-10-05 08:00:00,7.591733573879942e-08,5.955253607548557e-07,0.1244227009963649,0.06221138845685032
2013-10-05 09:00:00,8.437252867590225e-08,6.618512504686601e-07,0.11869391411937863,0.05934699924595365
2013-10-05 10:00:00,8.888530187315107e-08,6.747593555103493e-07,0.10697883163646442,0.053489460260883144
2013-10-05 11:00:00,9.230420462882202e-08,7.240704756946826e-07,0.11729789877631998,0.0586489955402623
2013-10-05 12:00:00,1.8474274342050265e-07,1.297262243736362e-06,0.12817919213163412,0.06408968843718876
2013-10-05 13:00:00,2.6037827669245123e-07,2.339002350269094e-06,0.13359618797897907,0.06679822417862788
2013-10-05 14:00:00,4.5655443239783304e-07,1.4787268392964723e-05,0.13414360101310696,0.06707202878376968
2013-10-05 15:00:00,6.321762541112529e-07,0.17358111691852618,0.13143154435265625,0.06571608826445519
2013-10-05 16:00:00,0.34136390292663865,0.34137451675039365,0.12827821256266594,0.23482105774465228
2013-10-05 17:00:00,0.34136579809431344,0.34137554107957363,0.1123353122940288,0.22685055519417113
2013-10-05 18:00:00,0.34136685539660283,0.3413761242552537,0.13166744948900244,0.23651715244280264
2013-10-05 19:00:00,0.34136738295488045,0.34137645734812316,0.1409427684510053,0.24115507570294287
2013-10-05 20:00:00,0.3413696425892845,0.3413775783562459,0.1074874149803325,0.22442852878480848
2013-10-05 21:00:00,0.3413695629881374,0.3413776099998175,0.10188119862762833,0.22162538080788288
2013-10-05 22:00:00,0.3413697221908078,0.3413776158570553,0.0956911755943811,0.21853044889259446
2013-10-05 23:00:00,0.34136947611207313,0.3413775102742976,0.0830005506501988,0.21218501338113596
2013-10-06 00:00:00,0.34137001728958444,0.34137774966660944,0.08198400079396435,0.2116770090417744
2013-10-06 01:00:00,0.3413686604696178,0.34137706039566024,0.07415200966626927,0.20776033506794353
2013-10-06 02:00:00,0.3413679821141542,0.34137671343032466,0.08109553728246663,0.21123175969831043
2013-10-06 03:00:00,0.34136695582071264,0.3413761302418864,0.09360953550664997,0.2174882456636813
2013-10-06 04:00:00,0.34136526469682893,0.34137512989172936,0.12769684114632576,0.23453105292157733
2013-10-06 05:00:00,0.3413626710884205,0.34137366544153763,0.11731104350993155,0.22933685729917602
2013-10-06 06:00:00,4.337839416655067e-07,2.7074088279162533e-05,0.12357946533098009,0.06178994955746088
2013-10-06 07:00:00,1.2712432426270913e-07,1.1258851548246497e-06,0.1314586422382609,0.06572938468129258
2013-10-06 08:00:00,9.036346480777694e-08,7.408582211390448e-07,0.1244227009963649,0.062211395679914856
2013-10-06 09:00:00,1.098854922843682e-07,8.675453020895348e-07,0.11869391411937863,0.05934701200243546
2013-10-06 10:00:00,9.718373395416377e-08,7.229997371231976e-07,0.10697883163646442,0.053489464410099184
2013-10-06 11:00:00,9.06368294091423e-08,7.018161708959256e-07,0.11729789877631998,0.05864899470657469
2013-10-06 12:00:00,1.0138339055783635e-07,8.004212678703671e-07,0.12817919213163412,0.06408964675751234
2013-10-06 13:00:00,1.3594907695606862e-07,1.2178022376682664e-06,0.13359618797897907,0.06679816196402802
2013-10-06 14:00:00,3.020650026624872e-07,2.8172100742777084e-06,0.13414360101310696,0.0670719515390548
2013-10-06 15:00:00,8.312246395671426e-07,0.1967385256018902,0.13143154435265625,0.0657161877886479
2013-10-06 16:00:00,0.34136297046453395,0.34137381386490234,0.12827821256266594,0.23482059151359996
2013-10-06 17:00:00,0.3413653954002702,0.34137513859686114,0.1123353122940288,0.22685035384714952
2013-10-06 18:00:00,0.34136691383254686,0.34137599835709204,0.13166744948900244,0.23651718166077465
2013-10-06 19:00:00,0.3413679423156154,0.34137655008188017,0.1409427684510053,0.24115535538331034
2013-10-06 20:00:00,0.3413684366603112,0.34137686309658943,0.1074874149803325,0.22442792582032184
2013-10-06 21:00:00,0.34136872253684447,0.3413771144307329,0.10188119862762833,0.2216249605822364
2013-10-06 22:00:00,0.34136878460409364,0.34137714962485943,0.0956911755943811,0.21852998009923738
2013-10-06 23:00:00,0.34136882002073465,0.3413771546005052,0.0830005506501988,0.21218468533546672
2013-10-07 00:00:00,0.34136863381891686,0.341377082968314,0.08198400079396435,0.2116763173064406
2013-10-07 01:00:00,0.3413687309498476,0.3413770712257796,0.07415200966626927,0.20776037030805844
2013-10-07 02:00:00,0.3413681263251713,0.3413767562706249,0.08109553728246663,0.21123183180381894
2013-10-07 03:00:00,0.3413674348253873,0.3413763767834898,0.09360953550664997,0.21748848516601862
2013-10-07 04:00:00,0.34136634866239846,0.34137565779737417,0.12769684114632576,0.2345315949043621
2013-10-07 05:00:00,0.341364422428941,0.34137456430717583,0.11731104350993155,0.22933773296943627
2013-10-07 06:00:00,3.929257302262746e-07,0.13359589612083603,0.12357946533098009,0.06178992912835516
2013-10-07 07:00:00,1.3418970744479967e-07,2.2665584830662616e-06,0.1314586422382609,0.06572938821398418
2013-10-07 08:00:00,6.527087511077282e-08,5.533010236366234e-07,0.1244227009963649,0.062211383133620006
2013-10-07 09:00:00,4.7885937382739314e-08,3.925999618392838e-07,0.11869391411937863,0.059346981002658006
2013-10-07 10:00:00,3.564602008487478e-08,2.5030605665700593e-07,0.10697883163646442,0.05348943364124225
2013-10-07 11:00:00,4.9860987069440533e-08,3.633712952877026e-07,0.11729789877631998,0.05864897431865353
2013-10-07 12:00:00,5.960069939275113e-08,4.343512829212143e-07,0.12817919213163412,0.06408962586616676
2013-10-07 13:00:00,9.435894842236083e-08,8.902722195598762e-07,0.13359618797897907,0.06679814116896375
2013-10-07 14:00:00,1.7239888282937943e-07,2.895576813379109e-06,0.13414360101310696,0.0670718867059949
2013-10-07 15:00:00,4.818041574238339e-07,0.15049545921370758,0.13143154435265625,0.06571601307840684
2013-10-07 16:00:00,0.3413610487476311,0.3413730356876663,0.12827821256266594,0.23481963065514855
2013-10-07 17:00:00,0.34136078079303245,0.34137304477222197,0.1123353122940288,0.22684804654353063
2013-10-07 18:00:00,0.34136381057243087,0.3413746193494155,0.13166744948900244,0.23651563003071666
2013-10-07 19:00:00,0.3413681898118708,0.3413768469632068,0.1409427684510053,0.24115547913143803
2013-10-07 20:00:00,0.3413694855790442,0.34137743794303393,0.1074874149803325,0.22442845027968833
2013-10-07 21:00:00,0.34136974007406035,0.3413776197703371,0.10188119862762833,0.22162546935084435
2013-10-07 22:00:00,0.3413698952430268,0.34137769015876324,0.0956911755943811,0.21853053541870396
2013-10-07 23:00:00,0.3413694961873893,0.3413775003225574,0.0830005506501988,0.21218502341879406
2013-10-08 00:00:00,0.34136912597436786,0.34137732559560074,0.08198400079396435,0.2116765633841661
2013-10-08 01:00:00,0.3413689087386598,0.34137720241606273,0.07415200966626927,0.20776045920246455
2013-10-08 02:00:00,0.34136868712029445,0.3413770579078684,0.08109553728246663,0.21123211220138055
2013-10-08 03:00:00,0.3413683125261875,0.34137677511148756,0.09360953550664997,0.21748892401641873
2013-10-08 04:00:00,0.3413655341350807,0.3413753649277505,0.12769684114632576,0.23453118764070324
2013-10-08 05:00:00,0.3413624225208302,0.34137363090228046,0.11731104350993155,0.22933673301538088
2013-10-08 06:00:00,3.9456664197702446e-07,0.1339330144314802,0.12357946533098009,0.06178992994881103
2013-10-08 07:00:00,1.2865892307206374e-07,2.185348301789031e-06,0.1314586422382609,0.06572938544859198
2013-10-08 08:00:00,5.855126431062429e-08,5.259710971029617e-07,0.1244227009963649,0.06221137977381461
2013-10-08 09:00:00,3.59736024554027e-08,3.058584326270419e-07,0.11869391411937863,0.059346975046490544
2013-10-08 10:00:00,3.265302689216438e-08,2.5283786709306835e-07,0.10697883163646442,0.053489432144745656
2013-10-08 11:00:00,3.456543365519997e-08,2.781418622684007e-07,0.11729789877631998,0.058648966670876816
2013-10-08 12:00:00,4.500358133999945e-08,3.689685152401523e-07,0.12817919213163412,0.06408961856760773
2013-10-08 13:00:00,9.074728437617163e-08,8.381538084802014e-07,0.13359618797897907,0.06679813936313173
2013-10-08 14:00:00,2.692130471889791e-07,9.514326338804797e-06,0.13414360101310696,0.06707193511307707
2013-10-08 15:00:00,5.520700510646395e-07,0.1620250705007832,0.13143154435265625,0.06571604821135366
2013-10-08 16:00:00,0.34136177161012715,0.3413736217147373,0.12827821256266594,0.23481999208639653
2013-10-08 17:00:00,0.341363478353198,0.34137458950609806,0.1123353122940288,0.22684939532361342
2013-10-08 18:00:00,0.3413646885995354,0.341375310954137,0.13166744948900244,0.23651606904426892
2013-10-08 19:00:00,0.3413667542552268,0.341376370284541,0.1409427684510053,0.24115476135311603
2013-10-08 20:00:00,0.3413688619350086,0.3413774785034769,0.1074874149803325,0.22442813845767054
2013-10-08 21:00:00,0.3413717528969857,0.3413788617041303,0.10188119862762833,0.221626475762307
2013-10-08 22:00:00,0.3413714582443932,0.3413786859111405,0.0956911755943811,0.21853131691938715
2013-10-08 23:00:00,0.3413714513249235,0.34137866049086407,0.0830005506501988,0.21218600098756116
2013-10-09 00:00:00,0.34137132718854124,0.34137857250480924,0.08198400079396435,0.2116776639912528
2013-10-09 01:00:00,0.3413713271885412,0.3413785385545301,0.07415200966626927,0.20776166842740523
2013-10-09 02:00:00,0.34137117201819034,0.34137848451879965,0.08109553728246663,0.2112333546503285
2013-10-09 03:00:00,0.34137115448094907,0.34137850105133416,0.09360953550664997,0.21749034499379952
2013-10-09 04:00:00,0.34136510954017085,0.34137549046254884,0.12769684114632576,0.2345309753432483
2013-10-09 05:00:00,0.34136233017870793,0.34137397239486433,0.11731104350993155,0.22933668684431974
2013-10-09 06:00:00,4.217546681212516e-07,0.1393976301199337,0.12357946533098009,0.061789943542824105
2013-10-09 07:00:00,2.3121456187255433e-07,9.612112837547961e-05,0.1314586422382609,0.06572943672641139
2013-10-09 08:00:00,1.5792030954275715e-07,2.7273210888604673e-06,0.1244227009963649,0.06221142945833722
2013-10-09 09:00:00,1.4934257624493886e-07,2.182386890713717e-06,0.11869391411937863,0.05934703173097744
2013-10-09 10:00:00,1.2266364956144853e-07,1.2637450397840906e-06,0.10697883163646442,0.05348947715005699
2013-10-09 11:00:00,1.5306286640141129e-07,2.2803254306162187e-06,0.11729789877631998,0.05864902591959319
2013-10-09 12:00:00,1.7165119935589605e-07,2.5735410111432864e-06,0.12817919213163412,0.06408968189141674
2013-10-09 13:00:00,2.4728762567775357e-07,3.7544715462798103e-06,0.13359618797897907,0.06679821763330238
2013-10-09 14:00:00,4.3985563156206566e-07,1.0907485343437573e-05,0.13414360101310696,0.06707202043436926
2013-10-09 15:00:00,6.563135872153614e-07,0.1767788582835934,0.13143154435265625,0.06571610033312174
2013-10-09 16:00:00,0.34136179169424496,0.3413738494108605,0.12827821256266594,0.23482000212845544
2013-10-09 17:00:00,0.34136347397329014,0.34137473792455575,0.1123353122940288,0.22684939313365948
2013-10-09 18:00:00,0.3413702803443673,0.34137819338818765,0.13166744948900244,0.23651886491668486
2013-10-09 19:00:00,0.3413654932446769,0.3413758854156815,0.1409427684510053,0.2411541308478411
2013-10-09 20:00:00,0.34136763193216885,0.3413769244833315,0.1074874149803325,0.22442752345625067
2013-10-09 21:00:00,0.34137181934993066,0.3413789345813874,0.10188119862762833,0.2216265089887795
2013-10-09 22:00:00,0.34137174817067906,0.341378870234718,0.0956911755943811,0.2185314618825301
2013-10-09 23:00:00,0.34137153093122874,0.3413787470538607,0.0830005506501988,0.21218604079071376
2013-10-10 00:00:00,0.34137131588425956,0.3413785911668851,0.08198400079396435,0.21167765833911195
2013-10-10 01:00:00,0.34137119174767827,0.34137855597239236,0.07415200966626927,0.20776160070697378
2013-10-10 02:00:00,0.3413710011587405,0.34137844541248447,0.08109553728246663,0.21123326922060354
2013-10-10 03:00:00,0.3413707751520856,0.341378298414291,0.09360953550664997,0.21749015532936777
2013-10-10 04:00:00,0.3413645199291987,0.3413751724841794,0.12769684114632576,0.23453068053776222
2013-10-10 05:00:00,0.34136155438950605,0.34137360163196034,0.11731104350993155,0.2293362989497188
2013-10-10 06:00:00,5.754515440387952e-07,0.1655594665200055,0.12357946533098009,0.061790020391262065
2013-10-10 07:00:00,2.424215129375783e-07,0.09695638175054166,0.1314586422382609,0.06572944232988692
2013-10-10 08:00:00,1.1986290286649388e-07,1.091903346899539e-06,0.1244227009963649,0.062211410429633886
2013-10-10 09:00:00,9.275746407718744e-08,8.449837819446119e-07,0.11869391411937863,0.05934700343842135
2013-10-10 10:00:00,6.106128854848757e-08,5.639699224179025e-07,0.10697883163646442,0.053489446348876486
2013-10-10 11:00:00,8.699871881958149e-08,7.925239255661152e-07,0.11729789877631998,0.0586489928875194
2013-10-10 12:00:00,1.0396621145655072e-07,9.470910088388621e-07,0.12817919213163412,0.06408964804892278
2013-10-10 13:00:00,1.8564796813455768e-07,3.961724356028362e-06,0.13359618797897907,0.0667981868134736
2013-10-10 14:00:00,3.881607520312668e-07,0.132605395050505,0.13414360101310696,0.0670719945869295
2013-10-10 15:00:00,6.555708149779574e-07,0.17668058260513558,0.13143154435265625,0.06571609996173561
2013-10-10 16:00:00,0.3413626999936638,0.34137394179776903,0.12827821256266594,0.2348204562781649
2013-10-10 17:00:00,0.34136409862110917,0.3413747524717007,0.1123353122940288,0.226849705457569
2013-10-10 18:00:00,0.3413649675214437,0.3413752627668532,0.13166744948900244,0.23651620850522306
2013-10-10 19:00:00,0.3413662486107174,0.3413759250284559,0.1409427684510053,0.24115450853086134
2013-10-10 20:00:00,0.3413699620426203,0.3413778526265523,0.1074874149803325,0.2244286885114764
2013-10-10 21:00:00,0.34137007487041515,0.34137782347160295,0.10188119862762833,0.22162563674902175
2013-10-10 22:00:00,0.34136989085942454,0.34137780587449584,0.0956911755943811,0.21853053322690283
2013-10-10 23:00:00,0.34136946331214174,0.34137751579480424,0.0830005506501988,0.21218500698117027
2013-10-11 00:00:00,0.34136963785629254,0.3413776044798442,0.08198400079396435,0.21167681932512844
2013-10-11 01:00:00,0.3413694250028818,0.34137748627574654,0.07415200966626927,0.20776071733457555
2013-10-11 02:00:00,0.3413691435071211,0.3413773430107777,0.08109553728246663,0.21123234039479388
2013-10-11 03:00:00,0.3413685476459676,0.3413769877023502,0.09360953550664997,0.21748904157630877
2013-10-11 04:00:00,0.34136354004465846,0.3413744709302005,0.12769684114632576,0.23453019059549213
2013-10-11 05:00:00,0.34136183548411225,0.341373504378137,0.11731104350993155,0.2293364394970219
2013-10-11 06:00:00,4.095786427856226e-07,0.1369856377580886,0.12357946533098009,0.061789937454811435
2013-10-11 07:00:00,2.556145959001634e-07,0.00010772711183613168,0.1314586422382609,0.0657294489264284
2013-10-11 08:00:00,1.22159411924591e-07,1.0200887467936178e-06,0.1244227009963649,0.06221141157788841
2013-10-11 09:00:00,1.3651827433620264e-07,1.1227193187712263e-06,0.11869391411937863,0.059347025318826484
2013-10-11 10:00:00,1.1896780439741886e-07,9.633331906396046e-07,0.10697883163646442,0.05348947530213441
2013-10-11 11:00:00,1.0582683618291492e-07,8.703146194043871e-07,0.11729789877631998,0.05864900230157808
2013-10-11 12:00:00,7.038118048524119e-08,5.69906620533082e-07,0.12817919213163412,0.0640896312564073
2013-10-11 13:00:00,5.6654370213307676e-08,5.160991466028224e-07,0.13359618797897907,0.06679812231667465
2013-10-11 14:00:00,1.4088182371239033e-07,2.272645117213945e-06,0.13414360101310696,0.06707187094746533
2013-10-11 15:00:00,4.980512913141847e-07,0.1532900682141086,0.13143154435265625,0.06571602120197378
2013-10-11 16:00:00,0.3413640478459278,0.34137447134944127,0.12827821256266594,0.23482113020429685
2013-10-11 17:00:00,0.3413660960160639,0.3413755811915587,0.1123353122940288,0.22685070415504632
2013-10-11 18:00:00,0.3413673994098564,0.34137635421141055,0.13166744948900244,0.23651742444942941
2013-10-11 19:00:00,0.3413681197512509,0.34137678275768923,0.1409427684510053,0.2411554441011281
2013-10-11 20:00:00,0.3413684899617664,0.3413770090310099,0.1074874149803325,0.22442795247104944
2013-10-11 21:00:00,0.34136886639501657,0.3413771871245898,0.10188119862762833,0.22162503251132246
2013-10-11 22:00:00,0.3413688397443293,0.34137718961242974,0.0956911755943811,0.2185300076693552
2013-10-11 23:00:00,0.34136984318723557,0.3413777208490292,0.0830005506501988,0.21218519691871718
2013-10-12 00:00:00,0.3413696686359461,0.34137760940493306,0.08198400079396435,0.21167683471495521
2013-10-12 01:00:00,0.34136926737744183,0.3413774019648627,0.07415200966626927,0.20776063852185556
2013-10-12 02:00:00,0.34136856305615587,0.3413769903034035,0.08109553728246663,0.21123205016931124
2013-10-12 03:00:00,0.3413674761447606,0.34137636121797327,0.09360953550664997,0.21748850582570528
2013-10-12 04:00:00,0.3413645173489647,0.3413747512792806,0.12769684114632576,0.23453067924764526
2013-10-12 05:00:00,0.34136237609145115,0.341373572294779,0.11731104350993155,0.22933670980069135
2013-10-12 06:00:00,6.382153117213772e-07,0.17433792181458904,0.12357946533098009,0.06179005177314591
2013-10-12 07:00:00,1.9130005082295778e-07,1.8463989049402268e-06,0.1314586422382609,0.06572941676915586
2013-10-12 08:00:00,1.1334532118788345e-07,1.0153233809270472e-06,0.1244227009963649,0.062211407170843044
2013-10-12 09:00:00,7.51885861320217e-08,4.994345758471242e-07,0.11869391411937863,0.05934699465398238
2013-10-12 10:00:00,6.047416553475407e-08,4.0169513971720185e-07,0.10697883163646442,0.05348944605531498
2013-10-12 11:00:00,9.293395060992669e-08,6.17306813832611e-07,0.11729789877631998,0.05864899585513529
2013-10-12 12:00:00,1.5236864099476004e-07,1.0120972807085931e-06,0.12817919213163412,0.06408967225013755
2013-10-12 13:00:00,1.956538088983509e-07,1.514980258470485e-06,0.13359618797897907,0.06679819181639399
2013-10-12 14:00:00,2.9487744794970727e-07,2.98468750844107e-06,0.13414360101310696,0.06707194794527746
2013-10-12 15:00:00,5.986415227471475e-07,0.16892625798856462,0.13143154435265625,0.0657160714970895
2013-10-12 16:00:00,0.341361203427799,0.3413728419366347,0.12827821256266594,0.2348197079952325
2013-10-12 17:00:00,0.34136306575204955,0.34137391695833946,0.1123353122940288,0.2268491890230392
2013-10-12 18:00:00,0.3413669527199924,0.3413734961613071,0.13166744948900244,0.23651720110449742
2013-10-12 19:00:00,0.34136767080142505,0.3413750522153099,0.1409427684510053,0.24115521962621517
2013-10-12 20:00:00,0.34136800005540147,0.3413765480894825,0.1074874149803325,0.22442770751786698
2013-10-12 21:00:00,0.34136795564023875,0.3413745782140494,0.10188119862762833,0.22162457713393355
2013-10-12 22:00:00,0.34136788772214977,0.3413754516863263,0.0956911755943811,0.21852953165826544
2013-10-12 23:00:00,0.3413674597342851,0.34137427008595095,0.0830005506501988,0.21218400519224195
2013-10-13 00:00:00,0.32455075279261775,0.3369113108815242,0.08198400079396435,0.20326737679329104
2013-10-13 01:00:00,0.03383458646616542,0.3178717598908595,0.07415200966626927,0.053993298066217346
2013-10-13 02:00:00,0.026392961876832845,0.2974137931034483,0.08109553728246663,0.05374424957964974
2013-10-13 03:00:00,0.02830188679245283,0.2969151670951157,0.09360953550664997,0.060955711149551395
2013-10-13 04:00:00,0.01832993890020367,0.2735493594574228,0.12769684114632576,0.07301339002326472
2013-10-13 05:00:00,0.014446227929373999,0.2679452054794521,0.11731104350993155,0.06587863571965277
2013-10-13 06:00:00,2.804636555036874e-07,5.0033578386090285e-06,0.12357946533098009,0.0617898728973178
2013-10-13 07:00:00,4.819715179895387e-08,3.201463438331669e-07,0.1314586422382609,0.06572934521770635
2013-10-13 08:00:00,2.4498053062145986e-08,1.9217234551548754e-07,0.1244227009963649,0.06221136274720898
2013-10-13 09:00:00,1.89085546120593e-08,1.3875670385670097e-07,0.11869391411937863,0.05934696651396662
2013-10-13 10:00:00,1.544560135144893e-08,1.05527782488855e-07,0.10697883163646442,0.053489423541032886
2013-10-13 11:00:00,1.4998551364916418e-08,1.024733786876459e-07,0.11729789877631998,0.05864895688743567
2013-10-13 12:00:00,1.6518648017377355e-08,1.2121884157456487e-07,0.12817919213163412,0.06408960432514106
2013-10-13 13:00:00,2.1346348496116663e-08,1.6744912039571232e-07,0.13359618797897907,0.06679810466266378
2013-10-13 14:00:00,4.949420388226596e-08,3.47548267245042e-07,0.13414360101310696,0.06707182525365542
2013-10-13 15:00:00,3.0981399869079485e-07,0.11484463583932873,0.13143154435265625,0.06571592708332746
2013-10-13 16:00:00,0.3413629905476992,0.3413738705744244,0.12827821256266594,0.23482060155518258
2013-10-13 17:00:00,0.34136540233723056,0.3413752344154844,0.1123353122940288,0.2268503573156297
2013-10-13 18:00:00,0.34136689630482886,0.3413761003920094,0.13166744948900244,0.23651717289691565
2013-10-13 19:00:00,0.3413677429677401,0.34137658421557443,0.1409427684510053,0.24115525570937268
2013-10-13 20:00:00,0.3413686403932817,0.3413770740785435,0.1074874149803325,0.22442802768680709
2013-10-13 21:00:00,0.34136889085415173,0.34137723245237145,0.10188119862762833,0.22162504474089004
2013-10-13 22:00:00,0.3413689992961766,0.3413772662205748,0.0956911755943811,0.21853008744527885
2013-10-13 23:00:00,0.3413689992961766,0.3413772662205748,0.0830005506501988,0.2121847749731877
2013-10-14 00:00:00,0.34137011891851005,0.34137778730424734,0.08198400079396435,0.2116770598562372
2013-10-14 01:00:00,0.34136907635319524,0.3413773335754705,0.07415200966626927,0.20776054300973226
2013-10-14 02:00:00,0.34136875724780896,0.34137711370116613,0.08109553728246663,0.21123214726513778
2013-10-14 03:00:00,0.3413681328991024,0.34137678008689315,0.09360953550664997,0.21748883420287618
2013-10-14 04:00:00,0.34136710915524265,0.34137623619218654,0.12769684114632576,0.23453197515078422
2013-10-14 05:00:00,0.34136216550749626,0.34137361722570414,0.11731104350993155,0.2293366045087139
2013-10-14 06:00:00,3.430467529652866e-07,0.12273440729023856,0.12357946533098009,0.061789904188866526
2013-10-14 07:00:00,9.954259555202624e-08,1.9930539331162456e-06,0.1314586422382609,0.06572937089042823
2013-10-14 08:00:00,5.1034658810595426e-08,4.1970669101378716e-07,0.1244227009963649,0.062211376015511854
2013-10-14 09:00:00,2.470425425539426e-08,1.5471924500459146e-07,0.11869391411937863,0.05934696941181644
2013-10-14 10:00:00,1.575766815799514e-08,1.27596654725135e-07,0.10697883163646442,0.05348942369706629
2013-10-14 11:00:00,1.688573601427939e-08,1.367311035350306e-07,0.11729789877631998,0.058648957831028
2013-10-14 12:00:00,2.688133166246144e-08,1.683539696697774e-07,0.12817919213163412,0.06408960950648289
2013-10-14 13:00:00,6.559472137412195e-08,5.560463702172668e-07,0.13359618797897907,0.06679812678685022
2013-10-14 14:00:00,1.9532891411431598e-07,3.2807031321577134e-06,0.13414360101310696,0.06707189817101054
2013-10-14 15:00:00,7.528010472299013e-07,0.18842424688844653,0.13143154435265625,0.06571614857685174
2013-10-14 16:00:00,0.34136048837624716,0.34137307642566805,0.12827821256266594,0.23481935046945657
2013-10-14 17:00:00,0.341361793883727,0.341373782756323,0.1123353122940288,0.2268485530888779
2013-10-14 18:00:00,0.34136247657826924,0.3413742050642389,0.13166744948900244,0.23651496303363584
2013-10-14 19:00:00,0.34136770057100546,0.34137679614910893,0.1409427684510053,0.2411552345110054
2013-10-14 20:00:00,0.34137134068497127,0.3413785714399854,0.1074874149803325,0.22442937783265188
2013-10-14 21:00:00,0.3413715046241372,0.3413786530259744,0.10188119862762833,0.22162635162588276
2013-10-14 22:00:00,0.34137128519350174,0.3413785965019716,0.0956911755943811,0.21853123039394143
2013-10-14 23:00:00,0.34137110775794743,0.3413784480802928,0.0830005506501988,0.2121858292040731
2013-10-15 00:00:00,0.3413709525878374,0.34137837644743924,0.08198400079396435,0.21167747669090087
2013-10-15 01:00:00,0.3413709215538323,0.34137834249717974,0.07415200966626927,0.2077614656100508
2013-10-15 02:00:00,0.34137085729376754,0.34137832241180904,0.08109553728246663,0.21123319728811707
2013-10-15 03:00:00,0.3413707331578834,0.3413782859733777,0.09360953550664997,0.2174901343322667
2013-10-15 04:00:00,0.3413649255373761,0.3413753182294511,0.12769684114632576,0.2345308833418509
2013-10-15 05:00:00,0.34136048837624716,0.34137314556669984,0.11731104350993155,0.22933576594308935
2013-10-15 06:00:00,2.917530647443814e-07,0.11031259599103543,0.12357946533098009,0.06178987854202242
2013-10-15 07:00:00,8.14858905052903e-08,9.361056870743572e-06,0.1314586422382609,0.0657293618620757
2013-10-15 08:00:00,5.008557652909246e-08,7.319166563651772e-07,0.1244227009963649,0.06221137554097072
2013-10-15 09:00:00,3.843171629434715e-08,4.584614121698464e-07,0.11869391411937863,0.05934697627554746
2013-10-15 10:00:00,3.947972735458207e-08,3.9817815256075175e-07,0.10697883163646442,0.053489435558095884
2013-10-15 11:00:00,4.6601883524304185e-08,5.508713827567625e-07,0.11729789877631998,0.05864897268910175
2013-10-15 12:00:00,5.718773480926488e-08,6.946101379044237e-07,0.12817919213163412,0.06408962465968446
2013-10-15 13:00:00,9.632699392542712e-08,4.403713220737644e-06,0.13359618797897907,0.0667981421529865
2013-10-15 14:00:00,1.461620975664157e-07,0.05871679200461299,0.13414360101310696,0.06707187358760226
2013-10-15 15:00:00,4.293014659357157e-07,0.14086327081648348,0.13143154435265625,0.06571598682706109
2013-10-15 16:00:00,0.34136331443439405,0.34137462861667056,0.12827821256266594,0.23482076349852998
2013-10-15 17:00:00,0.34136446261428216,0.34137527967846854,0.1123353122940288,0.22684988745415546
2013-10-15 18:00:00,0.3413648660306711,0.34137549083417956,0.13166744948900244,0.23651615775983678
2013-10-15 19:00:00,0.34136477293449674,0.3413754719942558,0.1409427684510053,0.241153770692751
2013-10-15 20:00:00,0.3413700722262878,0.34137802773329623,0.1074874149803325,0.22442874360331014
2013-10-15 21:00:00,0.34137231370469134,0.3413790954449457,0.10188119862762833,0.22162675616615984
2013-10-15 22:00:00,0.3413721274993597,0.3413789898614799,0.0956911755943811,0.2185316515468704
2013-10-15 23:00:00,0.34137188361061394,0.34137892196091923,0.0830005506501988,0.21218621713040636
2013-10-16 00:00:00,0.341371823734612,0.34137890685205907,0.08198400079396435,0.21167791226428817
2013-10-16 01:00:00,0.34137186353820115,0.3413788992083166,0.07415200966626927,0.20776193660223521
2013-10-16 02:00:00,0.3413719566408711,0.3413789004525054,0.08109553728246663,0.21123374696166886
2013-10-16 03:00:00,0.34137203220437184,0.3413789345813874,0.09360953550664997,0.2174907838555109
2013-10-16 04:00:00,0.34136721974349743,0.34137665182853627,0.12769684114632576,0.2345320304449116
2013-10-16 05:00:00,0.3413630329587336,0.3413745369051673,0.11731104350993155,0.22933703823433257
2013-10-16 06:00:00,7.958881869420375e-07,0.18421856725506097,0.12357946533098009,0.061790130609583514
2013-10-16 07:00:00,1.9388320880502067e-07,0.08222025683884264,0.1314586422382609,0.06572941806073485
2013-10-16 08:00:00,7.510474608587444e-08,1.4570359378547566e-06,0.1244227009963649,0.0622113880505555
2013-10-16 09:00:00,4.4143136149549176e-08,7.120988079822004e-07,0.11869391411937863,0.05934697913125739
2013-10-16 10:00:00,4.1340803382239955e-08,6.237409113005354e-07,0.10697883163646442,0.0534894364886339
2013-10-16 11:00:00,5.427925648871534e-08,8.756102378841927e-07,0.11729789877631998,0.058648976527788235
2013-10-16 12:00:00,6.698572525821533e-08,1.0932981554057855e-06,0.12817919213163412,0.06408962955867968
2013-10-16 13:00:00,6.766849363986789e-08,1.0273880199390842e-06,0.13359618797897907,0.06679812782373636
2013-10-16 14:00:00,1.2138308090328003e-07,5.119499571936744e-05,0.13414360101310696,0.06707186119809393
2013-10-16 15:00:00,3.4041578459578485e-07,0.12213192361181621,0.13143154435265625,0.06571594238422042
2013-10-16 16:00:00,0.34136275367343666,0.34137430939796076,0.12827821256266594,0.23482048311805132
2013-10-16 17:00:00,0.34136352946705667,0.34137474930335343,0.1123353122940288,0.22684942088054272
2013-10-16 18:00:00,0.3413637134680323,0.34137488758629503,0.13166744948900244,0.23651558147851737
2013-10-16 19:00:00,0.3413674701955016,0.3413767435425633,0.1409427684510053,0.24115511932325345
2013-10-16 20:00:00,0.34137184819174327,0.3413787799389121,0.1074874149803325,0.22442963158603788
2013-10-16 21:00:00,0.3413714447482152,0.3413786027226645,0.10188119862762833,0.22162632168792176
2013-10-16 22:00:00,0.3413710942610145,0.3413784466566021,0.0956911755943811,0.2185311349276978
2013-10-16 23:00:00,0.3413708719484223,0.3413782989388342,0.0830005506501988,0.21218571129931055
2013-10-17 00:00:00,0.34137061421451775,0.34137812740102147,0.08198400079396435,0.21167730750424105
2013-10-17 01:00:00,0.3413701465068595,0.3413778760607136,0.07415200966626927,0.20776107808656438
2013-10-17 02:00:00,0.34136965434180067,0.34137759947833235,0.08109553728246663,0.21123259581213366
2013-10-17 03:00:00,0.3413687550563056,0.3413770621534511,0.09360953550664997,0.21748914528147778
2013-10-17 04:00:00,0.3413672066369886,0.3413762600079103,0.12769684114632576,0.23453202389165717
2013-10-17 05:00:00,0.34136134773554905,0.34137316612958046,0.11731104350993155,0.2293361956227403
2013-10-17 06:00:00,2.823723329580187e-07,0.10788692833731882,0.12357946533098009,0.061789873851656525
2013-10-17 07:00:00,4.62428337287892e-08,4.1540365185328864e-07,0.1314586422382609,0.06572934424054731
2013-10-17 08:00:00,1.818275464878185e-08,1.4723367705341977e-07,0.1244227009963649,0.06221135958955978
2013-10-17 09:00:00,1.906759050244334e-08,1.4474865696044255e-07,0.11869391411937863,0.05934696659348457
2013-10-17 10:00:00,1.6204029122118798e-08,1.2301036273738604e-07,0.10697883163646442,0.05348942392024677
2013-10-17 11:00:00,1.4081401861758465e-08,1.0689675866151831e-07,0.11729789877631998,0.05864895642886092
2013-10-17 12:00:00,1.4537554151298897e-08,1.1035957629368296e-07,0.12817919213163412,0.06408960333459414
2013-10-17 13:00:00,2.3940372766925823e-08,1.499351946012753e-07,0.13359618797897907,0.06679810595967592
2013-10-17 14:00:00,5.639615910574642e-08,4.6379963570322455e-07,0.13414360101310696,0.06707182870463303
2013-10-17 15:00:00,2.3694598659258908e-07,4.496826477134424e-06,0.13143154435265625,0.06571589064932142
2013-10-17 16:00:00,0.3413607894440916,0.34137262370134475,0.12827821256266594,0.23481950100337878
2013-10-17 17:00:00,0.34136212896399004,0.34137345398849345,0.1123353122940288,0.2268487206290094
2013-10-17 18:00:00,0.3413640504064479,0.3413745572217741,0.13166744948900244,0.23651574994772517
2013-10-17 19:00:00,0.3413657875124476,0.34137545639815153,0.1409427684510053,0.24115427798172645
2013-10-17 20:00:00,0.3413684186349864,0.341376791921227,0.1074874149803325,0.22442791680765944
2013-10-17 21:00:00,0.02821316614420063,0.3197513812154696,0.10188119862762833,0.06504718238591448
2013-10-17 22:00:00,0.027522935779816515,0.32033248081841426,0.0956911755943811,0.06160705568709881
2013-10-17 23:00:00,0.02702702702702703,0.31886792452830187,0.0830005506501988,0.055013788838612916
2013-10-18 00:00:00,0.026470588235294117,0.3176985616010006,0.08198400079396435,0.05422729451462924
2013-10-18 01:00:00,0.02601156069364162,0.31625,0.07415200966626927,0.05008178517995544
2013-10-18 02:00:00,0.025,0.3149271844660194,0.08109553728246663,0.05304776864123331
2013-10-18 03:00:00,0.0234375,0.31190073322053014,0.09360953550664997,0.05852351775332498
2013-10-18 04:00:00,0.3217461600646726,0.3358565444256633,0.12769684114632576,0.22472150060549917
2013-10-18 05:00:00,0.3413613060436381,0.3413728752175388,0.11731104350993155,0.22933617477678483
2013-10-18 06:00:00,2.9694227650004437e-07,0.11163128510510732,0.12357946533098009,0.0617898811366283
2013-10-18 07:00:00,4.6644795906589544e-08,4.898338091262236e-07,0.1314586422382609,0.0657293444415284
2013-10-18 08:00:00,2.2069110899411942e-08,1.8428766392953135e-07,0.1244227009963649,0.0622113615327379
2013-10-18 09:00:00,1.4349463760060973e-08,1.1982488051226315e-07,0.11869391411937863,0.05934696423442119
2013-10-18 10:00:00,1.316157420499924e-08,9.658357002635878e-08,0.10697883163646442,0.05348942239901931
2013-10-18 11:00:00,1.3377187857467723e-08,1.0493584784177492e-07,0.11729789877631998,0.05864895607675392
2013-10-18 12:00:00,1.4834028141080984e-08,1.2387121929132532e-07,0.12817919213163412,0.06408960348283113
2013-10-18 13:00:00,2.54463658359128e-08,1.6902559756488782e-07,0.13359618797897907,0.06679810671267246
2013-10-18 14:00:00,6.208161004268545e-08,5.655394964419042e-07,0.13414360101310696,0.0670718315473585
2013-10-18 15:00:00,3.1888049985156115e-07,0.11705272071173493,0.13143154435265625,0.06571593161657804
2013-10-18 16:00:00,0.3413607004512178,0.34137276514640746,0.12827821256266594,0.23481945650694186
2013-10-18 17:00:00,0.3413619307686874,0.34137344020967847,0.1123353122940288,0.2268486215313581
2013-10-18 18:00:00,0.3413676520588144,0.341376448415105,0.13166744948900244,0.23651755077390843
2013-10-18 19:00:00,0.34136841439232757,0.34137687180365067,0.1409427684510053,0.24115559142166643
2013-10-18 20:00:00,0.3413685717516894,0.3413769107293634,0.1074874149803325,0.22442799336601094
2013-10-18 21:00:00,0.34136891934410685,0.3413771453461549,0.10188119862762833,0.2216250589858676
2013-10-18 22:00:00,0.34136803067793525,0.3413766968938645,0.0956911755943811,0.21852960313615818
2013-10-18 23:00:00,0.3413681982841043,0.34137682307293443,0.0830005506501988,0.21218437446715155
2013-10-19 00:00:00,0.3152474252700327,0.33687508513826453,0.08198400079396435,0.19861571303199851
2013-10-19 01:00:00,0.029508196721311476,0.3244147157190635,0.07415200966626927,0.051830103193790375
2013-10-19 02:00:00,0.02786377708978328,0.3203434610303831,0.08109553728246663,0.054479657186124957
2013-10-19 03:00:00,0.25461254612546125,0.3215351812366738,0.09360953550664997,0.1741110408160556
2013-10-19 04:00:00,0.34136386747814124,0.341374420481924,0.12769684114632576,0.2345303543122335
2013-10-19 05:00:00,0.34136178647453386,0.34137320773715385,0.11731104350993155,0.2293364149922327
2013-10-19 06:00:00,3.1465184717066116e-07,1.767518175182389e-05,0.12357946533098009,0.06178988999141363
2013-10-19 07:00:00,2.472031191891817e-08,2.1268196803332478e-07,0.1314586422382609,0.0657293334792864
2013-10-19 08:00:00,1.7021759772278813e-08,1.2060364709736096e-07,0.1244227009963649,0.062211359009062335
2013-10-19 09:00:00,1.461266259107817e-08,9.983680417153962e-08,0.11869391411937863,0.05934696436602061
2013-10-19 10:00:00,1.5503160820602146e-08,1.0331940687221458e-07,0.10697883163646442,0.05348942356981262
2013-10-19 11:00:00,1.4765980835912707e-08,1.0088333146113799e-07,0.11729789877631998,0.05864895677115041
2013-10-19 12:00:00,1.6449226534339435e-08,1.1238386625873708e-07,0.12817919213163412,0.06408960429043033
2013-10-19 13:00:00,2.1278409993226514e-08,1.453789155246574e-07,0.13359618797897907,0.06679810462869454
2013-10-19 14:00:00,7.043669530184426e-08,6.238275050644547e-07,0.13414360101310696,0.06707183572490114
2013-10-19 15:00:00,3.9726669917191084e-07,0.0001559815142646552,0.13143154435265625,0.06571597080967771
2013-10-19 16:00:00,0.01388888888888889,0.29594119527005436,0.12827821256266594,0.07108355072577742
2013-10-19 17:00:00,0.3413604640896376,0.3413722572488651,0.1123353122940288,0.2268478881918332
2013-10-19 18:00:00,0.021176470588235297,0.26247288503253796,0.13166744948900244,0.07642196003861887
2013-10-19 19:00:00,0.02702702702702703,0.29230769230769227,0.1409427684510053,0.08398489773901617
2013-10-19 20:00:00,0.027586206896551727,0.2954898911353033,0.1074874149803325,0.06753681093844212
2013-10-19 21:00:00,0.026315789473684216,0.2931034482758621,0.10188119862762833,0.06409849405065628
2013-10-19 22:00:00,0.016949152542372885,0.28632707774798927,0.0956911755943811,0.05632016406837699
2013-10-19 23:00:00,0.016822429906542057,0.2851752021563343,0.0830005506501988,0.04991149027837043
2013-10-20 00:00:00,0.02158273381294964,0.2679528403001072,0.08198400079396435,0.051783367303457
2013-10-20 01:00:00,0.022613065326633167,0.26674641148325356,0.07415200966626927,0.04838253749645122
2013-10-20 02:00:00,0.022160664819944602,0.26758620689655177,0.08109553728246663,0.05162810105120562
2013-10-20 03:00:00,0.022222222222222223,0.2645348837209302,0.09360953550664997,0.057915878864436096
2013-10-20 04:00:00,0.015009380863039401,0.22352941176470584,0.12769684114632576,0.07135311100468258
2013-10-20 05:00:00,0.01183431952662722,0.2001795332136445,0.11731104350993155,0.06457268151827938
2013-10-20 06:00:00,2.733292182101036e-07,2.904913567927929e-06,0.12357946533098009,0.06178986933009915
2013-10-20 07:00:00,4.7115505699969096e-08,3.129615932012724e-07,0.1314586422382609,0.0657293446768833
2013-10-20 08:00:00,2.906255136805954e-08,1.9856107203564036e-07,0.1244227009963649,0.062211365029458135
2013-10-20 09:00:00,2.817637909897988e-08,1.885511319698633e-07,0.11869391411937863,0.05934697114787887
2013-10-20 10:00:00,2.9866570498964465e-08,1.8618069771754324e-07,0.10697883163646442,0.05348943075151746
2013-10-20 11:00:00,2.7532161074485533e-08,1.8021316694665452e-07,0.11729789877631998,0.05864896315424053
2013-10-20 12:00:00,2.9187777131863083e-08,1.9891815048555922e-07,0.12817919213163412,0.06408961065970563
2013-10-20 13:00:00,4.5177057698647244e-08,3.886823385214652e-07,0.13359618797897907,0.06679811657801839
2013-10-20 14:00:00,1.8627084525984158e-07,1.5554518954230098e-06,0.13414360101310696,0.0670718936419761
2013-10-20 15:00:00,9.693238094037982e-07,1.9499535230417367e-05,0.13143154435265625,0.06571625683823283
2013-10-20 16:00:00,0.34135858399041263,0.3413714372783253,0.12827821256266594,0.23481839827653928
2013-10-20 17:00:00,0.3413604616100261,0.3413724617951621,0.1123353122940288,0.22684788695202746
2013-10-20 18:00:00,0.34136145206669216,0.3413730170422229,0.13166744948900244,0.2365144507778473
2013-10-20 19:00:00,0.34136222712076175,0.3413734499808245,0.1409427684510053,0.24115249778588355
2013-10-20 20:00:00,0.29796591533809785,0.3280560207033034,0.1074874149803325,0.20272666515921517
2013-10-20 21:00:00,0.026086956521739132,0.28944246737841045,0.10188119862762833,0.06398407757468373
2013-10-20 22:00:00,0.034334763948497854,0.31918819188191877,0.0956911755943811,0.06501296977143947
2013-10-20 23:00:00,0.03278688524590164,0.31464737793851716,0.0830005506501988,0.05789371794805022
2013-10-21 00:00:00,0.03125,0.3079646017699115,0.08198400079396435,0.05661700039698218
2013-10-21 01:00:00,0.030769230769230767,0.30526315789473685,0.07415200966626927,0.05246062021775002
2013-10-21 02:00:00,0.03137254901960784,0.30742049469964666,0.08109553728246663,0.056234043151037236
2013-10-21 03:00:00,0.017857142857142856,0.2720533728687917,0.09360953550664997,0.05573333918189641
2013-10-21 04:00:00,0.34135934368674853,0.3413718238191917,0.12769684114632576,0.23452809241653716
2013-10-21 05:00:00,0.3413579392846097,0.34137109568418444,0.11731104350993155,0.22933449139727063
2013-10-21 06:00:00,1.3186051970040118e-06,0.23327145704223815,0.12357946533098009,0.06179039196808855
2013-10-21 07:00:00,2.195425899138245e-07,2.0475650309034704e-06,0.1314586422382609,0.0657294308904254
2013-10-21 08:00:00,7.660408807214903e-08,5.815281401118083e-07,0.1244227009963649,0.06221138880022649
2013-10-21 09:00:00,4.095984019764106e-08,2.7207270466737227e-07,0.11869391411937863,0.059346977539609415
2013-10-21 10:00:00,3.020369036541844e-08,2.5985813687020026e-07,0.10697883163646442,0.053489430920077394
2013-10-21 11:00:00,3.169883972102992e-08,2.727216870371051e-07,0.11729789877631998,0.05864896523757985
2013-10-21 12:00:00,3.282756164433387e-08,2.8243268140200486e-07,0.12817919213163412,0.06408961247959788
2013-10-21 13:00:00,5.0193558281704336e-08,4.0961427966437806e-07,0.13359618797897907,0.06679811908626868
2013-10-21 14:00:00,1.5107513944896325e-07,2.5947715582473388e-06,0.13414360101310696,0.06707187604412321
2013-10-21 15:00:00,6.309536169871782e-07,0.17341696277301813,0.13143154435265625,0.06571608765313662
2013-10-21 16:00:00,0.3413602729621877,0.3413726812784897,0.12827821256266594,0.23481924276242683
2013-10-21 17:00:00,0.3413628927540427,0.34137407243206314,0.1123353122940288,0.22684910252403573
2013-10-21 18:00:00,0.3413604726687796,0.34137293919562367,0.13166744948900244,0.23651396107889103
2013-10-21 19:00:00,0.3413670766491785,0.3413762344416601,0.1409427684510053,0.2411549225500919
2013-10-21 20:00:00,0.34136904794373346,0.34137728269519135,0.1074874149803325,0.22442823146203297
2013-10-21 21:00:00,0.34136751442113505,0.3413764985346939,0.10188119862762833,0.2216243565243817
2013-10-21 22:00:00,0.029801324503311265,0.32536520584329354,0.0956911755943811,0.06274625004884618
2013-10-21 23:00:00,0.030716723549488057,0.3223508459483526,0.0830005506501988,0.05685863709984343
2013-10-22 00:00:00,0.03333333333333333,0.32171893147502906,0.08198400079396435,0.05765866706364885
2013-10-22 01:00:00,0.031914893617021274,0.31735159817351594,0.07415200966626927,0.053033451641645274
2013-10-22 02:00:00,0.02848101265822785,0.3106796116504854,0.08109553728246663,0.05478827497034724
2013-10-22 03:00:00,0.028938906752411574,0.30858960763520676,0.09360953550664997,0.06127422112953077
2013-10-22 04:00:00,0.341362567042097,0.3413736530079653,0.12769684114632576,0.23452970409421137
2013-10-22 05:00:00,0.34135975083776626,0.34137211312373555,0.11731104350993155,0.2293353971738489
2013-10-22 06:00:00,4.873796558092379e-07,7.057204209431187e-05,0.12357946533098009,0.06178997635531795
2013-10-22 07:00:00,6.260431208735386e-08,5.79806308193781e-07,0.1314586422382609,0.0657293524212865
2013-10-22 08:00:00,2.674833754401205e-08,2.2336146798896474e-07,0.1244227009963649,0.062211363872351225
2013-10-22 09:00:00,2.453430736060134e-08,1.7383205501585877e-07,0.11869391411937863,0.059346969326842997
2013-10-22 10:00:00,2.6747891095961402e-08,1.8951595054229317e-07,0.10697883163646442,0.05348942919217776
2013-10-22 11:00:00,3.0190814400438805e-08,2.1390996451669152e-07,0.11729789877631998,0.05864896448356719
2013-10-22 12:00:00,3.421090734727245e-08,2.4239336507722613e-07,0.12817919213163412,0.06408961317127074
2013-10-22 13:00:00,5.8951646076600694e-08,4.1395839514506015e-07,0.13359618797897907,0.06679812346531257
2013-10-22 14:00:00,2.550747402999044e-07,6.6481050426414625e-06,0.13414360101310696,0.06707192804392363
2013-10-22 15:00:00,1.2925225559547373e-06,2.561931421565597e-05,0.13143154435265625,0.0657164184376061
2013-10-22 16:00:00,0.3152353165038691,0.3318258903335218,0.12827821256266594,0.22175676453326754
2013-10-22 17:00:00,0.01754385964912281,0.2682193839218633,0.1123353122940288,0.0649395859715758
2013-10-22 18:00:00,0.01851851851851852,0.27701232777374907,0.13166744948900244,0.07509298400376048
2013-10-22 19:00:00,0.022727272727272728,0.27812499999999996,0.1409427684510053,0.08183502058913902
2013-10-22 20:00:00,0.03389830508474577,0.3171641791044776,0.1074874149803325,0.07069286003253913
2013-10-22 21:00:00,0.022727272727272728,0.27966976264189886,0.10188119862762833,0.062304235677450526
2013-10-22 22:00:00,0.02137767220902613,0.27736549165120594,0.0956911755943811,0.05853442390170362
2013-10-22 23:00:00,0.024390243902439025,0.281068524970964,0.0830005506501988,0.05369539727631892
2013-10-23 00:00:00,0.024725274725274728,0.2798053527980536,0.08198400079396435,0.053354637759619544
2013-10-23 01:00:00,0.023255813953488372,0.27262044653349,0.07415200966626927,0.04870391180987882
2013-10-23 02:00:00,0.0215311004784689,0.26220204313280365,0.08109553728246663,0.051313318880467765
2013-10-23 03:00:00,0.025559105431309907,0.27974276527331193,0.09360953550664997,0.059584320468979934
2013-10-23 04:00:00,0.024390243902439025,0.2696629213483146,0.12769684114632576,0.07604354252438239
2013-10-23 05:00:00,0.013119533527696795,0.23497636731937876,0.11731104350993155,0.06521528851881417
2013-10-23 06:00:00,4.2890582959689343e-07,9.686427548655781e-06,0.12357946533098009,0.061789947118404846
2013-10-23 07:00:00,5.6245128960912755e-08,4.6113449983396605e-07,0.1314586422382609,0.06572934924169493
2013-10-23 08:00:00,2.3306946141190123e-08,1.7103345449166319e-07,0.1244227009963649,0.06221136215165552
2013-10-23 09:00:00,2.021870505866272e-08,1.6883588288051268e-07,0.11869391411937863,0.059346967169041843
2013-10-23 10:00:00,1.9669869048109077e-08,1.642528270300664e-07,0.10697883163646442,0.053489425653166736
2013-10-23 11:00:00,2.0331247803632244e-08,1.491968077315967e-07,0.11729789877631998,0.058648959553783894
2013-10-23 12:00:00,2.2945973582820727e-08,1.683844630239216e-07,0.12817919213163412,0.06408960753880386
2013-10-23 13:00:00,4.333545781803998e-08,2.878527094202069e-07,0.13359618797897907,0.06679811565721844
2013-10-23 14:00:00,1.5150540860240348e-07,1.9387885036413897e-06,0.13414360101310696,0.06707187625925778
2013-10-23 15:00:00,8.397931799346116e-07,1.705323725826339e-05,0.13143154435265625,0.0657161920729181
2013-10-23 16:00:00,0.34135809107593834,0.3413711034093564,0.12827821256266594,0.23481815181930216
2013-10-23 17:00:00,0.3413595521552257,0.34137188674698477,0.1123353122940288,0.22684743222462722
2013-10-23 18:00:00,0.020000000000000004,0.2705882352941177,0.13166744948900244,0.07583372474450123
2013-10-23 19:00:00,0.020737327188940096,0.2741635687732342,0.1409427684510053,0.0808400478199727
2013-10-23 20:00:00,0.024922118380062308,0.2884353741496598,0.1074874149803325,0.0662047666801974
2013-10-23 21:00:00,0.026666666666666672,0.29191616766467066,0.10188119862762833,0.06427393264714751
2013-10-23 22:00:00,0.03149606299212599,0.30892857142857144,0.0956911755943811,0.06359361929325355
2013-10-23 23:00:00,0.0310077519379845,0.3068783068783069,0.0830005506501988,0.05700415129409165
2013-10-24 00:00:00,0.03088803088803089,0.3076923076923077,0.08198400079396435,0.056436015840997625
2013-10-24 01:00:00,0.02952029520295203,0.30217028380634386,0.07415200966626927,0.05183615243461065
2013-10-24 02:00:00,0.022613065326633167,0.2728272827282728,0.08109553728246663,0.0518543013045499
2013-10-24 03:00:00,0.020089285714285716,0.267233238904627,0.09360953550664997,0.05684941061046784
2013-10-24 04:00:00,0.34135886945238214,0.3413715172196871,0.12769684114632576,0.23452785529935394
2013-10-24 05:00:00,0.34135811155764423,0.3413710988277218,0.11731104350993155,0.2293345775337879
2013-10-24 06:00:00,1.2675083391486147e-06,0.23033130036575195,0.12357946533098009,0.06179036641965962
2013-10-24 07:00:00,2.6240209777731923e-07,2.5326650474494796e-06,0.1314586422382609,0.06572945232017934
2013-10-24 08:00:00,9.828333414417085e-08,6.901447957356063e-07,0.1244227009963649,0.06221139963984952
2013-10-24 09:00:00,5.021763149746266e-08,3.9392670742003654e-07,0.11869391411937863,0.059346982168505064
2013-10-24 10:00:00,4.712241550632824e-08,3.696466314138252e-07,0.10697883163646442,0.053489439379439965
2013-10-24 11:00:00,4.741376033618e-08,3.719320495022842e-07,0.11729789877631998,0.058648973095040156
2013-10-24 12:00:00,5.932089440089851e-08,4.653362682742243e-07,0.12817919213163412,0.06408962572626425
2013-10-24 13:00:00,1.3653486473750365e-07,1.2852396384239468e-06,0.13359618797897907,0.06679816225692191
2013-10-24 14:00:00,3.444131769898418e-07,6.6997521124400105e-06,0.13414360101310696,0.06707197271314197
2013-10-24 15:00:00,1.6330123980115717e-06,0.24842055655180065,0.13143154435265625,0.06571658868252712
2013-10-24 16:00:00,0.34136222575864705,0.34137380370372794,0.12827821256266594,0.23482021916065648
2013-10-24 17:00:00,0.34136390147834844,0.34137478909522373,0.1123353122940288,0.2268496068861886
2013-10-24 18:00:00,0.3413667827366927,0.34137621403512747,0.13166744948900244,0.23651711611284756
2013-10-24 19:00:00,0.3413670222340199,0.34137639764717803,0.1409427684510053,0.2411548953425126
2013-10-24 20:00:00,0.3413669623597045,0.34137634734505184,0.1074874149803325,0.22442718867001848
2013-10-24 21:00:00,0.3413707021239264,0.34137816528139875,0.10188119862762833,0.22162595037577737
2013-10-24 22:00:00,0.34137056229814583,0.34137814501589314,0.0956911755943811,0.21853086894626347
2013-10-24 23:00:00,0.34137155306307865,0.34137858700021306,0.0830005506501988,0.21218605185663872
2013-10-25 00:00:00,0.34136997922890966,0.3413778344868888,0.08198400079396435,0.211676990011437
2013-10-25 01:00:00,0.3413696334728222,0.34137761834502756,0.07415200966626927,0.20776082156954573
2013-10-25 02:00:00,0.34136931436826534,0.34137743366604395,0.08109553728246663,0.211232425825366
2013-10-25 03:00:00,0.34136978724611244,0.34137763573584357,0.09360953550664997,0.2174896613763812
2013-10-25 04:00:00,0.3413625714870367,0.34137395193381076,0.12769684114632576,0.23452970631668124
2013-10-25 05:00:00,0.34136089359026034,0.34137298165597735,0.11731104350993155,0.22933596855009594
2013-10-25 06:00:00,4.917000485471848e-07,0.15220687656766596,0.12357946533098009,0.06178997851551432
2013-10-25 07:00:00,7.725518593093889e-08,8.294369624389723e-07,0.1314586422382609,0.06572935974672342
2013-10-25 08:00:00,3.6894599287388196e-08,2.912827361814112e-07,0.1244227009963649,0.0622113689454821
2013-10-25 09:00:00,1.854730565423701e-08,1.5957216038008363e-07,0.11869391411937863,0.05934696633334214
2013-10-25 10:00:00,1.7217693898580736e-08,1.437759589944691e-07,0.10697883163646442,0.05348942442707916
2013-10-25 11:00:00,1.780810516555136e-08,1.5321241668213025e-07,0.11729789877631998,0.058648958292212575
2013-10-25 12:00:00,1.9636416818920895e-08,1.6894234909417212e-07,0.12817919213163412,0.06408960588402547
2013-10-25 13:00:00,4.245118328300929e-08,3.802686021470558e-07,0.13359618797897907,0.06679811521508118
2013-10-25 14:00:00,1.2430781910166779e-07,2.1822169044807335e-06,0.13414360101310696,0.06707186266046303
2013-10-25 15:00:00,7.56478736055155e-07,0.18883039224503226,0.13143154435265625,0.06571615041569615
2013-10-25 16:00:00,0.34135962310718404,0.3413721755785412,0.12827821256266594,0.23481891783492498
2013-10-25 17:00:00,0.34136062487006186,0.34137276495483204,0.1123353122940288,0.2268479685820453
2013-10-25 18:00:00,0.34136588682043223,0.34137544589125896,0.13166744948900244,0.23651666815471734
2013-10-25 19:00:00,0.3413673809375746,0.34137624144468093,0.1409427684510053,0.24115507469428998
2013-10-25 20:00:00,0.026239067055393587,0.317904993909866,0.1074874149803325,0.06686324101786305
2013-10-25 21:00:00,0.036000000000000004,0.3258741258741259,0.10188119862762833,0.06894059931381416
2013-10-25 22:00:00,0.036585365853658534,0.32392273402674593,0.0956911755943811,0.06613827072401982
2013-10-25 23:00:00,0.32474874371859297,0.3371128318584071,0.0830005506501988,0.20387464718439588
2013-10-26 00:00:00,0.025423728813559324,0.31014904187366926,0.08198400079396435,0.05370386480376184
2013-10-26 01:00:00,0.02452316076294278,0.30807365439093487,0.07415200966626927,0.049337585214606024
2013-10-26 02:00:00,0.023376623376623377,0.3036831132731063,0.08109553728246663,0.05223608032954501
2013-10-26 03:00:00,0.02179176755447942,0.2981029810298103,0.09360953550664997,0.057700651530564695
2013-10-26 04:00:00,0.3191732183616535,0.3342001686814732,0.12769684114632576,0.22343502975398966
2013-10-26 05:00:00,0.34136062558116986,0.341372487456953,0.11731104350993155,0.2293358345455507
2013-10-26 06:00:00,4.810313118914429e-07,8.535730568158312e-06,0.12357946533098009,0.06178997318114599
2013-10-26 07:00:00,4.0708552299971636e-08,2.7812964396832875e-07,0.1314586422382609,0.0657293414734066
2013-10-26 08:00:00,2.0852421408196823e-08,1.4774490695735465e-07,0.1244227009963649,0.06221136092439316
2013-10-26 09:00:00,2.835204289369229e-08,1.701365211993949e-07,0.11869391411937863,0.05934697123571076
2013-10-26 10:00:00,2.921436296888627e-08,1.6969178623186587e-07,0.10697883163646442,0.053489430425413695
2013-10-26 11:00:00,3.117814800927837e-08,1.7643987385882118e-07,0.11729789877631998,0.05864896497723399
2013-10-26 12:00:00,3.2333995515598165e-08,1.8779471250215338e-07,0.12817919213163412,0.06408961223281481
2013-10-26 13:00:00,2.4000031680041818e-08,1.6397360068755225e-07,0.13359618797897907,0.06679810598950538
2013-10-26 14:00:00,6.993214539877674e-08,5.839671810444253e-07,0.13414360101310696,0.06707183547262618
2013-10-26 15:00:00,6.908850006563407e-07,1.4335397844294154e-05,0.13143154435265625,0.06571611761882845
2013-10-26 16:00:00,0.020408163265306124,0.2557510148849797,0.12827821256266594,0.07434318791398603
2013-10-26 17:00:00,0.25184094256259204,0.308903521328371,0.1123353122940288,0.18208812742831043
2013-10-26 18:00:00,0.3005652494470386,0.32845330079978313,0.13166744948900244,0.21611634946802052
2013-10-26 19:00:00,0.022004889975550123,0.2994579945799458,0.1409427684510053,0.08147382921327771
2013-10-26 20:00:00,0.027522935779816515,0.3016877637130802,0.1074874149803325,0.0675051753800745
2013-10-26 21:00:00,0.030821917808219176,0.31105710814094767,0.10188119862762833,0.06635155821792375
2013-10-26 22:00:00,0.02380952380952381,0.3110189573459716,0.0956911755943811,0.059750349701952456
2013-10-26 23:00:00,0.26481042654028436,0.3212959838002025,0.0830005506501988,0.17390548859524158
2013-10-27 00:00:00,0.266510812390415,0.32224808779514463,0.08198400079396435,0.17424740659218968
2013-10-27 01:00:00,0.27558662006989515,0.32442318514350027,0.07415200966626927,0.17486931486808222
2013-10-27 02:00:00,0.32327154308617234,0.33628196268140986,0.08109553728246663,0.2021835401843195
2013-10-27 03:00:00,0.3218158890290038,0.33547217185102524,0.09360953550664997,0.2077127122678269
2013-10-27 04:00:00,0.2615239887111947,0.31441759435243005,0.12769684114632576,0.19461041492876024
2013-10-27 05:00:00,0.3168840324286218,0.33247947454844007,0.11731104350993155,0.21709753796927667
2013-10-27 06:00:00,5.151553222274003e-07,8.212468286673805e-06,0.12357946533098009,0.06178999024315116
2013-10-27 07:00:00,3.392166196966605e-08,2.8326245906320987e-07,0.1314586422382609,0.06572933807996144
2013-10-27 08:00:00,3.173610355101293e-08,2.025063855326018e-07,0.1244227009963649,0.06221136636623423
2013-10-27 09:00:00,3.184398620641648e-08,1.9418753972348857e-07,0.11869391411937863,0.05934697298168242
2013-10-27 10:00:00,3.150690732230608e-08,1.892791105979295e-07,0.10697883163646442,0.05348943157168587
2013-10-27 11:00:00,2.8188405590114124e-08,1.8463104132768922e-07,0.11729789877631998,0.05864896348236279
2013-10-27 12:00:00,2.9399854306081998e-08,1.9871893995368671e-07,0.12817919213163412,0.06408961076574421
2013-10-27 13:00:00,4.315722304387981e-08,2.948625250436571e-07,0.13359618797897907,0.06679811556810106
2013-10-27 14:00:00,1.5965301906892468e-07,1.2119828257185665e-06,0.13414360101310696,0.06707188033306301
2013-10-27 15:00:00,2.6241431079359627e-06,0.001031974662329548,0.13143154435265625,0.0657170842478821
2013-10-27 16:00:00,0.02179176755447942,0.2629161882893226,0.12827821256266594,0.07503499005857268
2013-10-27 17:00:00,0.019027484143763214,0.29549158066268333,0.1123353122940288,0.065681398218896
2013-10-27 18:00:00,0.32128013300083125,0.33569254185692543,0.13166744948900244,0.22647379124491684
2013-10-27 19:00:00,0.30237580993520524,0.3317064961292494,0.1409427684510053,0.2216592891931053
2013-10-27 20:00:00,0.32542103169340936,0.3377056308428147,0.1074874149803325,0.21645422333687092
2013-10-27 21:00:00,0.03125000000000001,0.3212962962962963,0.10188119862762833,0.06656559931381417
2013-10-27 22:00:00,0.32836004932182494,0.33900488069414314,0.0956911755943811,0.21202561245810303
2013-10-27 23:00:00,0.34136007364014176,0.3413727833172117,0.0830005506501988,0.21218031214517027
2013-10-28 00:00:00,0.3413671916583387,0.3413763121071437,0.08198400079396435,0.2116755962261515
2013-10-28 01:00:00,0.3413670740991041,0.34137624793871263,0.07415200966626927,0.2077595418826867
2013-10-28 02:00:00,0.341366460011289,0.3413759022213315,0.08109553728246663,0.21123099864687783
2013-10-28 03:00:00,0.34136549580092124,0.341375390671553,0.09360953550664997,0.2174875156537856
2013-10-28 04:00:00,0.3413636674373159,0.341374356574155,0.12769684114632576,0.23453025429182084
2013-10-28 05:00:00,0.32137592137592136,0.33514468142915366,0.11731104350993155,0.21934348244292645
2013-10-28 06:00:00,0.014195583596214513,0.2761904761904762,0.12357946533098009,0.0688875244635973
2013-10-28 07:00:00,1.485333262367411e-07,1.2403249252896862e-06,0.1314586422382609,0.06572939538579357
2013-10-28 08:00:00,4.599458741827873e-08,3.375223700224921e-07,0.1244227009963649,0.06221137349547616
2013-10-28 09:00:00,3.9617882878445204e-08,2.7068399137781255e-07,0.11869391411937863,0.05934697686863075
2013-10-28 10:00:00,4.362893307378384e-08,2.980956753968622e-07,0.10697883163646442,0.05348943763269875
2013-10-28 11:00:00,4.271545629882048e-08,2.918545565949385e-07,0.11729789877631998,0.05864897074588814
2013-10-28 12:00:00,3.309902533300102e-08,2.2614345101590049e-07,0.12817919213163412,0.06408961261532972
2013-10-28 13:00:00,3.957601215585128e-08,3.0043543910802564e-07,0.13359618797897907,0.06679811377749562
2013-10-28 14:00:00,2.3315432176275653e-07,7.795931341773376e-05,0.13414360101310696,0.06707191708371436
2013-10-28 15:00:00,1.6946466958202389e-06,2.7658447122918478e-05,0.13143154435265625,0.06571661949967604
2013-10-28 16:00:00,0.01680672268907563,0.2185089974293059,0.12827821256266594,0.07254246762587079
2013-10-28 17:00:00,0.01873536299765808,0.23383768913342504,0.1123353122940288,0.06553533764584343
2013-10-28 18:00:00,0.020100502512562814,0.24355300859598852,0.13166744948900244,0.07588397600078263
2013-10-28 19:00:00,0.02110817941952507,0.24926253687315636,0.1409427684510053,0.08102547393526519
2013-10-28 20:00:00,0.021621621621621626,0.25261584454409564,0.1074874149803325,0.06455451830097707
2013-10-28 21:00:00,0.021917808219178082,0.2545180722891566,0.10188119862762833,0.06189950342340321
2013-10-28 22:00:00,0.022284122562674095,0.2571860816944024,0.0956911755943811,0.0589876490785276
2013-10-28 23:00:00,0.021798365122615806,0.2541106128550074,0.0830005506501988,0.052399457886407305
2013-10-29 00:00:00,0.021505376344086023,0.2522255192878338,0.08198400079396435,0.051744688569025185
2013-10-29 01:00:00,0.020833333333333336,0.24781341107871718,0.07415200966626927,0.0474926714998013
2013-10-29 02:00:00,0.01990049751243781,0.24255319148936166,0.08109553728246663,0.050498017397452216
2013-10-29 03:00:00,0.01851851851851852,0.23233695652173914,0.09360953550664997,0.05606402701258424
2013-10-29 04:00:00,0.016260162601626018,0.21526908635794742,0.12769684114632576,0.07197850187397589
2013-10-29 05:00:00,0.014234875444839859,0.19838523644752015,0.11731104350993155,0.0657729594773857
2013-10-29 06:00:00,1.850629665177141e-06,3.108243254278005e-05,0.12357946533098009,0.061790657980322634
2013-10-29 07:00:00,2.357449266611285e-07,1.9984112928492192e-06,0.1314586422382609,0.06572943899159378
2013-10-29 08:00:00,9.971850463327074e-08,6.623729005759729e-07,0.1244227009963649,0.06221140035743477
2013-10-29 09:00:00,4.2371962099805295e-08,3.431042122003484e-07,0.11869391411937863,0.05934697824567037
2013-10-29 10:00:00,2.8340401130226538e-08,2.2948452290042194e-07,0.10697883163646442,0.05348942998843278
2013-10-29 11:00:00,2.967004976112396e-08,2.402512571672581e-07,0.11729789877631998,0.05864896422318487
2013-10-29 12:00:00,5.204925123964076e-08,3.45733301864359e-07,0.12817919213163412,0.06408962209044268
2013-10-29 13:00:00,1.0119630220616035e-07,8.32234165394223e-07,0.13359618797897907,0.06679814458764063
2013-10-29 14:00:00,2.479327914808089e-07,7.988540334328357e-06,0.13414360101310696,0.06707192447294923
2013-10-29 15:00:00,1.3203967462123183e-06,2.31788415515691e-05,0.13143154435265625,0.06571643237470123
2013-10-29 16:00:00,0.3413616897565775,0.3413731343837512,0.12827821256266594,0.23481995115962173
2013-10-29 17:00:00,0.3413639594988445,0.3413743723627172,0.1123353122940288,0.22684963589643664
2013-10-29 18:00:00,0.3413652362203257,0.3413750975585479,0.13166744948900244,0.23651634285466408
2013-10-29 19:00:00,0.3413659211345925,0.3413755035280403,0.1409427684510053,0.2411543447927989
2013-10-29 20:00:00,0.34136615150994765,0.34137567309234246,0.1074874149803325,0.22442678324514007
2013-10-29 21:00:00,0.34136665608179223,0.3413759613650343,0.10188119862762833,0.2216239273547103
2013-10-29 22:00:00,0.2497824194952132,0.3237807943690296,0.0956911755943811,0.17273679754479715
2013-10-29 23:00:00,0.033210332103321034,0.3217993079584775,0.0830005506501988,0.05810544137675992
2013-10-30 00:00:00,0.031578947368421054,0.31620111731843575,0.08198400079396435,0.056781474081192704
2013-10-30 01:00:00,0.030100334448160536,0.31147540983606564,0.07415200966626927,0.0521261720572149
2013-10-30 02:00:00,0.028753993610223644,0.30752688172043013,0.08109553728246663,0.054924765446345135
2013-10-30 03:00:00,0.02821316614420063,0.30454042081949056,0.09360953550664997,0.0609113508254253
2013-10-30 04:00:00,0.3412245999087195,0.34129450223516355,0.12769684114632576,0.23446072052752265
2013-10-30 05:00:00,0.3413601129213881,0.34137225627508255,0.11731104350993155,0.22933557821565984
2013-10-30 06:00:00,0.34135771830017947,0.3413708943458892,0.12357946533098009,0.23246859181557977
2013-10-30 07:00:00,3.128304550994894e-07,3.4264976559702722e-06,0.1314586422382609,0.065729477534358
2013-10-30 08:00:00,1.6098913268618064e-07,1.2954502613583125e-06,0.1244227009963649,0.0622114309927488
2013-10-30 09:00:00,1.1024373788007905e-07,8.996649501268642e-07,0.11869391411937863,0.05934701218155825
2013-10-30 10:00:00,8.83653204379465e-08,7.211220713094474e-07,0.10697883163646442,0.05348946000089243
2013-10-30 11:00:00,8.799416229128529e-08,7.347930241689457e-07,0.11729789877631998,0.058648993385241134
2013-10-30 12:00:00,1.2686500758868416e-07,9.438138376899844e-07,0.12817919213163412,0.06408965949832085
2013-10-30 13:00:00,1.9373123188330456e-07,1.9118841986447686e-06,0.13359618797897907,0.06679819085510548
2013-10-30 14:00:00,4.800009472018692e-07,9.838271369565514e-06,0.13414360101310696,0.06707204050702709
2013-10-30 15:00:00,0.34135887616765126,0.3413717859775901,0.13143154435265625,0.23639521026015375
2013-10-30 16:00:00,0.3413613254613958,0.34137312328685365,0.12827821256266594,0.2348197690120309
2013-10-30 17:00:00,0.34136293911461557,0.3413740382939657,0.1123353122940288,0.2268491257043222
2013-10-30 18:00:00,0.34136387007533586,0.34137460013422505,0.13166744948900244,0.23651565978216915
2013-10-30 19:00:00,0.34136776997519835,0.34137658085115574,0.1409427684510053,0.24115526921310182
2013-10-30 20:00:00,0.3413679204030972,0.3413766597621167,0.1074874149803325,0.22442766769171485
2013-10-30 21:00:00,0.34136824098431995,0.3413768248658205,0.10188119862762833,0.22162471980597415
2013-10-30 22:00:00,0.34136784885905924,0.3413766805406391,0.0956911755943811,0.21852951222672018
2013-10-30 23:00:00,0.2854838709677419,0.3313486156594224,0.0830005506501988,0.18424221080897035
2013-10-31 00:00:00,0.2570281124497992,0.3255172413793103,0.08198400079396435,0.16950605662188176
2013-10-31 01:00:00,0.25203915171288743,0.32267168391345247,0.07415200966626927,0.16309558068957836
2013-10-31 02:00:00,0.24980047885075818,0.3206848681166127,0.08109553728246663,0.16544800806661242
2013-10-31 03:00:00,0.24453125,0.31658291457286436,0.09360953550664997,0.16907039275332497
2013-10-31 04:00:00,0.26659641728134875,0.31999999999999995,0.12769684114632576,0.19714662921383724
2013-10-31 05:00:00,0.34136069634781024,0.3413725671821465,0.11731104350993155,0.2293358699288709
2013-10-31 06:00:00,9.057289165429173e-07,0.20384407110895023,0.12357946533098009,0.06179018552994832
2013-10-31 07:00:00,1.0487006075122621e-07,1.1012782589825663e-06,0.1314586422382609,0.06572937355416082
2013-10-31 08:00:00,3.23516892612482e-08,2.7833855948088877e-07,0.1244227009963649,0.06221136667402708
2013-10-31 09:00:00,2.497610619174323e-08,1.7696229507355428e-07,0.11869391411937863,0.05934696954774241
2013-10-31 10:00:00,2.007187309555559e-08,1.4221448647651723e-07,0.10697883163646442,0.05348942585416876
2013-10-31 11:00:00,2.0385882327998454e-08,1.444393126646902e-07,0.11729789877631998,0.058648959581101154
2013-10-31 12:00:00,2.597924139108342e-08,1.840696621628809e-07,0.12817919213163412,0.06408960905543776
2013-10-31 13:00:00,8.260553383557775e-08,7.420530249352603e-07,0.13359618797897907,0.06679813529225645
2013-10-31 14:00:00,2.454466652220085e-07,5.170542663824451e-06,0.13414360101310696,0.06707192322988609
2013-10-31 15:00:00,0.2223261437244836,0.2561755654928892,0.13143154435265625,0.1768788440385699
2013-10-31 16:00:00,0.3413588363817512,0.34137177603333857,0.12827821256266594,0.23481852447220858
2013-10-31 17:00:00,0.34135944129685314,0.3413721592254835,0.1123353122940288,0.22684737679544098
2013-10-31 18:00:00,0.34136467177751834,0.34137477950599027,0.13166744948900244,0.2365160606332604
2013-10-31 19:00:00,0.3413646958542819,0.34137482240157296,0.1409427684510053,0.24115373215264363
2013-10-31 20:00:00,0.32889293397319214,0.3376617375231054,0.1074874149803325,0.2181901744767623
2013-10-31 21:00:00,0.0234375,0.2922661870503597,0.10188119862762833,0.06265934931381417
2013-10-31 22:00:00,0.034334763948497854,0.3202979515828678,0.0956911755943811,0.06501296977143947
2013-10-31 23:00:00,0.031496062992125984,0.30755395683453235,0.0830005506501988,0.057248306821162394
2013-11-01 00:00:00,0.028880866425992784,0.29533678756476683,0.0680533558239347,0.04846711112496374
2013-11-01 01:00:00,0.026578073089700997,0.28429752066115704,0.052828418325740145,0.039703245707720575
2013-11-01 02:00:00,0.024024024024024027,0.2695924764890282,0.054447029825463795,0.03923552692474391
2013-11-01 03:00:00,0.021390374331550804,0.2540381791483113,0.06424712144938606,0.04281874789046843
2013-11-01 04:00:00,0.020887728459530026,0.24587706146926538,0.08666987134155259,0.05377879990054131
2013-11-01 05:00:00,0.01720430107526882,0.21895861148197598,0.1185431171844562,0.06787370912986251
2013-11-01 06:00:00,8.20056196400999e-07,1.3384375531338306e-05,0.12605362084751798,0.06302722045185719
2013-11-01 07:00:00,5.1117365983471705e-08,4.5272457279551144e-07,0.12435386782477566,0.06217695947107082
2013-11-01 08:00:00,1.653817004685363e-08,1.3810166002171e-07,0.11714900018571359,0.058574508361941814
2013-11-01 09:00:00,1.4187763855755995e-08,1.0052401084570787e-07,0.11973771306386534,0.059868863625814596
2013-11-01 10:00:00,1.3728569828343182e-08,9.350133935647261e-08,0.11350362539170979,0.056751819560139805
2013-11-01 11:00:00,1.4130739771075417e-08,9.65443615638117e-08,0.12250135190808162,0.061250683019410695
2013-11-01 12:00:00,1.5914565857327532e-08,1.127588753497428e-07,0.12506593280907477,0.06253297436182031
2013-11-01 13:00:00,2.7476862815724354e-08,1.8251308736166225e-07,0.1304399901348033,0.06522000880583306
2013-11-01 14:00:00,7.242254411924053e-08,7.422090181914332e-07,0.13127445675749966,0.0656372645900219
2013-11-01 15:00:00,7.01582176944014e-07,0.1824534960188641,0.12100945951242746,0.0605050805473022
2013-11-01 16:00:00,0.34136288575164897,0.3413737669127536,0.11130634331552865,0.2263346145335888
2013-11-01 17:00:00,0.3413652154079118,0.3413750879201513,0.11564760409237701,0.2285064097501444
2013-11-01 18:00:00,0.3413667071939909,0.3413759514152134,0.11909536026849818,0.23023103373124454
2013-11-01 19:00:00,0.34136752756799715,0.341376441828501,0.12387132125284933,0.23261942441042324
2013-11-01 20:00:00,0.3413679956174569,0.34137672996671137,0.12763385520828444,0.23450092541287065
2013-11-01 21:00:00,0.3413682793013194,0.34137685812113416,0.110413515914969,0.2258908976081442
2013-11-01 22:00:00,0.3413682785921228,0.34137684868229745,0.09756916762879274,0.2194687231104578
2013-11-01 23:00:00,0.3372470647014739,0.3406702359706524,0.08586047968517826,0.2115537721933261
2013-11-02 00:00:00,0.341342716655277,0.34136874441003745,0.0680533558239347,0.20469803623960584
2013-11-02 01:00:00,0.32802874743326493,0.3390021082220661,0.052828418325740145,0.19042858287950254
2013-11-02 02:00:00,0.34136915529567796,0.34137645911180653,0.054447029825463795,0.19790809256057088
2013-11-02 03:00:00,0.34136759737652206,0.3413764399474363,0.06424712144938606,0.20280735941295405
2013-11-02 04:00:00,0.3413659007015034,0.34137543569821666,0.08666987134155259,0.214017886021528
2013-11-02 05:00:00,0.34136330049977603,0.3413740952235639,0.1185431171844562,0.22995320884211612
2013-11-02 06:00:00,1.565123756074419e-06,0.24551746335816715,0.12605362084751798,0.06302759298563702
2013-11-02 07:00:00,2.420720788980685e-07,3.950938077889299e-06,0.12435386782477566,0.06217705494842728
2013-11-02 08:00:00,1.2377391621496062e-07,1.0179104634681017e-06,0.11714900018571359,0.0585745619798149
2013-11-02 09:00:00,1.990315324661729e-07,1.662006543017577e-06,0.11973771306386534,0.0598689560476989
2013-11-02 10:00:00,3.2965359341097186e-07,2.752760100794397e-06,0.11350362539170979,0.0567519775226516
2013-11-02 11:00:00,3.4330583377314626e-07,2.8667627698210152e-06,0.12250135190808162,0.0612508476069577
2013-11-02 12:00:00,2.9777198070874294e-07,2.524209333810296e-06,0.12506593280907477,0.06253311529052774
2013-11-02 13:00:00,2.9250640991234026e-07,2.6646160965461463e-06,0.1304399901348033,0.0652201413206066
2013-11-02 14:00:00,5.710203326778735e-07,1.2083118198741936e-05,0.13127445675749966,0.06563751388891617
2013-11-02 15:00:00,0.24870976561713473,0.2772233187310451,0.12100945951242746,0.1848596125647811
2013-11-02 16:00:00,0.34136217857081497,0.34137339986735943,0.11130634331552865,0.2263342609431718
2013-11-02 17:00:00,0.34136260758508424,0.3413737090430761,0.11564760409237701,0.22850510583873063
2013-11-02 18:00:00,0.34136488280583804,0.34137493825288884,0.11909536026849818,0.2302301215371681
2013-11-02 19:00:00,0.34136528367993235,0.3413751755318069,0.12387132125284933,0.23261830246639084
2013-11-02 20:00:00,0.028037383177570093,0.3157894736842105,0.12763385520828444,0.07783561919292727
2013-11-02 21:00:00,0.033962264150943396,0.3204005006257822,0.110413515914969,0.0721878900329562
2013-11-02 22:00:00,0.32495309568480296,0.3372077028885832,0.09756916762879274,0.21126113165679786
2013-11-02 23:00:00,0.023195876288659795,0.3128898128898128,0.08586047968517826,0.05452817798691903
2013-11-03 00:00:00,0.3235187643296729,0.33624366835510533,0.0680533558239347,0.1957860600768038
2013-11-03 01:00:00,0.27486361728913133,0.3207142857142857,0.052828418325740145,0.16384601780743574
2013-11-03 02:00:00,0.03319502074688797,0.3176043557168784,0.054447029825463795,0.04382102528617588
2013-11-03 03:00:00,0.028985507246376812,0.29711375212224106,0.06424712144938606,0.04661631434788144
2013-11-03 04:00:00,0.021563342318059304,0.26352288488210823,0.08666987134155259,0.054116606829805944
2013-11-03 05:00:00,0.015254237288135594,0.22397769516728624,0.1185431171844562,0.0668986772362959
2013-11-03 06:00:00,1.4958975011032246e-06,2.6543870275137863e-05,0.12605362084751798,0.06302755837250953
2013-11-03 07:00:00,2.3176131180610664e-07,1.724193563881002e-06,0.12435386782477566,0.06217704979304373
2013-11-03 08:00:00,1.726740173132467e-07,1.3435984693332988e-06,0.11714900018571359,0.05857458642986545
2013-11-03 09:00:00,1.578090735088473e-07,1.317781514819801e-06,0.11973771306386534,0.05986893543646942
2013-11-03 10:00:00,1.7707605292519902e-07,1.4786699672820746e-06,0.11350362539170979,0.05675190123388136
2013-11-03 11:00:00,1.8012353051846486e-07,1.5041180016124147e-06,0.12250135190808162,0.06125076601580607
2013-11-03 12:00:00,2.0514279656711995e-07,1.8687728255514193e-06,0.12506593280907477,0.06253306897593566
2013-11-03 13:00:00,2.434000849953097e-07,1.8846907054408398e-06,0.1304399901348033,0.06522011676744416
2013-11-03 14:00:00,5.010642604892793e-07,6.3712632065825995e-06,0.13127445675749966,0.06563747891088008
2013-11-03 15:00:00,0.3126568662603083,0.33015190213738405,0.12100945951242746,0.2168331628863679
2013-11-03 16:00:00,0.3158559696778269,0.332304238001684,0.11130634331552865,0.21358115649667778
2013-11-03 17:00:00,0.31968312004875077,0.3342801109082303,0.11564760409237701,0.2176653620705639
2013-11-03 18:00:00,0.32109636611682996,0.33502607740872903,0.11909536026849818,0.22009586319266405
2013-11-03 19:00:00,0.3208274444301683,0.33501456276195213,0.12387132125284933,0.22234938284150882
2013-11-03 20:00:00,0.23687845303867403,0.3083230832308323,0.12763385520828444,0.18225615412347923
2013-11-03 21:00:00,0.019911504424778768,0.29182879377431903,0.110413515914969,0.06516251016987389
2013-11-03 22:00:00,0.026755852842809368,0.29571428571428565,0.09756916762879274,0.06216251023580105
2013-11-03 23:00:00,0.032520325203252036,0.31531531531531537,0.08586047968517826,0.059190402444215154
2013-11-04 00:00:00,0.02985074626865672,0.3017241379310345,0.0680533558239347,0.04895205104629571
2013-11-04 01:00:00,0.02985074626865672,0.3003533568904594,0.052828418325740145,0.04133958229719843
2013-11-04 02:00:00,0.02597402597402598,0.28250401284109145,0.054447029825463795,0.040210527899744886
2013-11-04 03:00:00,0.024316109422492405,0.27484472049689435,0.06424712144938606,0.04428161543593923
2013-11-04 04:00:00,0.015254237288135597,0.2319721980886186,0.08666987134155259,0.050962054314844095
2013-11-04 05:00:00,0.020565552699228794,0.24781341107871724,0.1185431171844562,0.0695543349418425
2013-11-04 06:00:00,0.015355086372360846,0.21121718377088305,0.12605362084751798,0.07070435360993942
2013-11-04 07:00:00,5.525851036318104e-07,7.760459775780391e-06,0.12435386782477566,0.062177210204939645
2013-11-04 08:00:00,2.2931226004621785e-07,2.0309156423791985e-06,0.11714900018571359,0.058574614748986814
2013-11-04 09:00:00,1.9454765287497824e-07,1.723021871202737e-06,0.11973771306386534,0.05986895380575911
2013-11-04 10:00:00,1.5974328189644032e-07,1.5360418062073069e-06,0.11350362539170979,0.05675189256749584
2013-11-04 11:00:00,1.5719338134123996e-07,1.5115227756649607e-06,0.12250135190808162,0.06125075455073148
2013-11-04 12:00:00,1.8745388634395937e-07,1.7313466960094356e-06,0.12506593280907477,0.06253306013148056
2013-11-04 13:00:00,3.1752958035008414e-07,7.15100542466701e-06,0.1304399901348033,0.06522015383219183
2013-11-04 14:00:00,3.5031527498960885e-07,5.784072015286704e-06,0.13127445675749966,0.06563740353638732
2013-11-04 15:00:00,0.34135922047675715,0.3413723599610445,0.12100945951242746,0.2311843399945923
2013-11-04 16:00:00,0.34136079649994977,0.34137333539375775,0.11130634331552865,0.2263335699077392
2013-11-04 17:00:00,0.34136203994642056,0.3413740077761966,0.11564760409237701,0.22850482201939878
2013-11-04 18:00:00,0.34136244335697596,0.34137427047533636,0.11909536026849818,0.23022890181273709
2013-11-04 19:00:00,0.3413622549777596,0.34137418000765546,0.12387132125284933,0.23261678811530448
2013-11-04 20:00:00,0.34136873525873046,0.34137732101349494,0.12763385520828444,0.23450129523350743
2013-11-04 21:00:00,0.34136563672412273,0.34137570249232324,0.110413515914969,0.22588957631954587
2013-11-04 22:00:00,0.3297045101088647,0.34006924326997817,0.09756916762879274,0.21363683886882873
2013-11-04 23:00:00,0.04090909090909091,0.34019204389574764,0.08586047968517826,0.0633847852971346
2013-11-05 00:00:00,0.03703703703703704,0.3410493827160494,0.0680533558239347,0.05254519643048587
2013-11-05 01:00:00,0.03493449781659389,0.3323216995447648,0.052828418325740145,0.043881458071167015
2013-11-05 02:00:00,0.03305785123966943,0.326923076923077,0.054447029825463795,0.04375244053256661
2013-11-05 03:00:00,0.03162055335968379,0.32064421669106885,0.06424712144938606,0.047933837404534926
2013-11-05 04:00:00,0.02616279069767442,0.29878048780487804,0.08666987134155259,0.056416331019613505
2013-11-05 05:00:00,0.3413638264641103,0.3413742403328889,0.1185431171844562,0.22995347182428325
2013-11-05 06:00:00,0.34136025636748313,0.34137233105658754,0.12605362084751798,0.23370693860750055
2013-11-05 07:00:00,7.839573750180311e-07,8.475430111550411e-05,0.12435386782477566,0.06217732589107534
2013-11-05 08:00:00,3.74291259448916e-07,3.4096376411655945e-06,0.11714900018571359,0.058574687238486516
2013-11-05 09:00:00,2.885375153832574e-07,2.6649650803784495e-06,0.11973771306386534,0.05986900080069036
2013-11-05 10:00:00,2.3522312638507218e-07,2.1725481811664713e-06,0.11350362539170979,0.05675193030741808
2013-11-05 11:00:00,2.4588006437631847e-07,2.39541374706173e-06,0.12250135190808162,0.061250798894073
2013-11-05 12:00:00,2.3574711265776935e-07,2.4458326367432966e-06,0.12506593280907477,0.06253308427809372
2013-11-05 13:00:00,2.944725622797507e-07,4.834117671254069e-06,0.1304399901348033,0.0652201423036828
2013-11-05 14:00:00,5.08495519391731e-07,2.255936608695958e-05,0.13127445675749966,0.06563748262650952
2013-11-05 15:00:00,0.34135992762547634,0.3413728766531157,0.12100945951242746,0.2311846935689519
2013-11-05 16:00:00,0.34136250323054296,0.34137425163574564,0.11130634331552865,0.2263344232730358
2013-11-05 17:00:00,0.3413638708173665,0.3413750623053201,0.11564760409237701,0.22850573745487177
2013-11-05 18:00:00,0.3413647375218412,0.34137553616145966,0.11909536026849818,0.23023004889516968
2013-11-05 19:00:00,0.34136489268204523,0.34137562414302675,0.12387132125284933,0.23261810696744728
2013-11-05 20:00:00,0.34136458455203866,0.3413754330708337,0.12763385520828444,0.23449921988016154
2013-11-05 21:00:00,0.34136599414199925,0.341376120387274,0.110413515914969,0.22588975502848413
2013-11-05 22:00:00,0.34137165541003994,0.34137878633861335,0.09756916762879274,0.21947041151941635
2013-11-05 23:00:00,0.3073496659242762,0.34004796163069545,0.08586047968517826,0.19660507280472722
2013-11-06 00:00:00,0.34137115675883273,0.341378391239321,0.0680533558239347,0.2047122562913837
2013-11-06 01:00:00,0.04639175257731959,0.3523956723338485,0.052828418325740145,0.04961008545152987
2013-11-06 02:00:00,0.045454545454545456,0.35015772870662454,0.054447029825463795,0.04995078764000463
2013-11-06 03:00:00,0.039301310043668124,0.3376455368693403,0.06424712144938606,0.05177421574652709
2013-11-06 04:00:00,0.2538167938931297,0.32986870897155357,0.08666987134155259,0.17024333261734115
2013-11-06 05:00:00,0.3413663092280118,0.3413758368089548,0.1185431171844562,0.229954713206234
2013-11-06 06:00:00,0.34136408655981154,0.3413745666773127,0.12605362084751798,0.23370885370366476
2013-11-06 07:00:00,1.2223891824750788e-07,0.04470117398363955,0.12435386782477566,0.062176995031846954
2013-11-06 08:00:00,9.283694902083079e-08,9.363192372586431e-07,0.11714900018571359,0.0585745465113313
2013-11-06 09:00:00,8.945227579240723e-08,8.633791626310562e-07,0.11973771306386534,0.05986890125807057
2013-11-06 10:00:00,8.488844724259404e-08,1.1277285765462729e-06,0.11350362539170979,0.056751855140078515
2013-11-06 11:00:00,1.0501842565781238e-07,4.5781626548121336e-05,0.12250135190808162,0.06125072846325364
2013-11-06 12:00:00,1.5073773812563887e-07,0.06754482509557726,0.12506593280907477,0.06253304177340645
2013-11-06 13:00:00,1.9417345650791273e-07,3.86932336865872e-06,0.1304399901348033,0.06522009215412991
2013-11-06 14:00:00,3.641709813509659e-07,0.12746956218110495,0.13127445675749966,0.0656374104642405
2013-11-06 15:00:00,0.24896024245053677,0.27741711234157734,0.12100945951242746,0.18498485098148212
2013-11-06 16:00:00,0.3413652362254329,0.341375734695547,0.11130634331552865,0.22633578977048077
2013-11-06 17:00:00,0.3413658900919406,0.3413761054627906,0.11564760409237701,0.22850674709215882
2013-11-06 18:00:00,0.341366045253275,0.3413762449901688,0.11909536026849818,0.23023070276088659
2013-11-06 19:00:00,0.3413658258368383,0.34137615452080416,0.12387132125284933,0.2326185735448438
2013-11-06 20:00:00,0.3413650211910746,0.34137569950287067,0.12763385520828444,0.2344994381996795
2013-11-06 21:00:00,0.34137084552149455,0.34137843085546715,0.110413515914969,0.22589218071823178
2013-11-06 22:00:00,0.3413717237134107,0.3413788261521576,0.09756916762879274,0.21947044567110172
2013-11-06 23:00:00,0.3413716870678698,0.34137878382666753,0.08586047968517826,0.21361608337652405
2013-11-07 00:00:00,0.2846820809248555,0.33837579617834396,0.0680533558239347,0.17636771837439508
2013-11-07 01:00:00,0.27446300715990457,0.3352549889135255,0.052828418325740145,0.16364571274282236
2013-11-07 02:00:00,0.2593283582089552,0.3320954907161804,0.054447029825463795,0.1568876940172095
2013-11-07 03:00:00,0.25657298277425206,0.32918610679108345,0.06424712144938606,0.16041005211181905
2013-11-07 04:00:00,0.29252003561887796,0.331696538178247,0.08666987134155259,0.18959495348021527
2013-11-07 05:00:00,0.3413648057744929,0.3413748909976269,0.1185431171844562,0.22995396147947456
2013-11-07 06:00:00,0.34135938798950766,0.34137201702009917,0.12605362084751798,0.23370650441851282
2013-11-07 07:00:00,9.917523887843913e-08,2.183326778490704e-06,0.12435386782477566,0.06217698350000727
2013-11-07 08:00:00,4.6510737496764956e-08,4.378178592966384e-07,0.11714900018571359,0.05857452334822554
2013-11-07 09:00:00,3.167537529637956e-08,2.1040131652552236e-07,0.11973771306386534,0.05986887236962032
2013-11-07 10:00:00,1.928506831857591e-08,1.659195075376281e-07,0.11350362539170979,0.05675182233838905
2013-11-07 11:00:00,1.6792405681549254e-08,1.3597536238613237e-07,0.12250135190808162,0.06125068435024365
2013-11-07 12:00:00,2.3441702566169044e-08,1.557097497303886e-07,0.12506593280907477,0.06253297812538867
2013-11-07 13:00:00,4.53379414212488e-08,4.0727475311262606e-07,0.1304399901348033,0.06522001773637237
2013-11-07 14:00:00,1.2956186983805718e-07,0.05971449511707428,0.13127445675749966,0.06563729315968475
2013-11-07 15:00:00,1.6729513873785857e-06,0.24282780746812194,0.12100945951242746,0.06050556623190742
2013-11-07 16:00:00,0.34136293986358385,0.341374484116534,0.11130634331552865,0.22633464158955624
2013-11-07 17:00:00,0.34136442939207345,0.3413752947876148,0.11564760409237701,0.22850601674222523
2013-11-07 18:00:00,0.34136502119107454,0.3413755612194746,0.11909536026849818,0.23023019072978634
2013-11-07 19:00:00,0.34136520738374493,0.3413757698882306,0.12387132125284933,0.23261826431829713
2013-11-07 20:00:00,0.3413649569365307,0.341375627873911,0.12763385520828444,0.23449940607240755
2013-11-07 21:00:00,0.3413698838353154,0.34137797121105545,0.110413515914969,0.2258916998751422
2013-11-07 22:00:00,0.34137227068896264,0.3413790442500612,0.09756916762879274,0.2194707191588777
2013-11-07 23:00:00,0.3413716992561068,0.34137879842263974,0.08586047968517826,0.21361608947064253
2013-11-08 00:00:00,0.34137126477691276,0.3413785344633616,0.0680533558239347,0.20471231030042372
2013-11-08 01:00:00,0.34137085914085635,0.3413783032107884,0.052828418325740145,0.19709963873329825
2013-11-08 02:00:00,0.34137032498606573,0.3413779965936356,0.054447029825463795,0.19790867740576476
2013-11-08 03:00:00,0.34137022242182147,0.3413779846750153,0.06424712144938606,0.20280867193560376
2013-11-08 04:00:00,0.3413701593107229,0.34137784654355324,0.08666987134155259,0.21402001532613774
2013-11-08 05:00:00,0.3413633582327739,0.3413743011841352,0.1185431171844562,0.22995323770861506
2013-11-08 06:00:00,0.3413606252531709,0.34137285207558704,0.12605362084751798,0.23370712305034444
2013-11-08 07:00:00,2.589240400010023e-07,9.521968360333645e-06,0.12435386782477566,0.06217706337440783
2013-11-08 08:00:00,1.460139932023672e-07,1.3301292736014395e-06,0.11714900018571359,0.058574573099853394
2013-11-08 09:00:00,1.1044355101992852e-07,1.0396335298514586e-06,0.11973771306386534,0.05986891175370818
2013-11-08 10:00:00,7.129942270996415e-08,6.495096456566569e-07,0.11350362539170979,0.05675184834556625
2013-11-08 11:00:00,6.391163709990772e-08,5.822098333144891e-07,0.12250135190808162,0.061250707909859356
2013-11-08 12:00:00,7.898306876813583e-08,6.59545915827871e-07,0.12506593280907477,0.06253300589607177
2013-11-08 13:00:00,1.2467953269051372e-07,2.496346165554318e-06,0.1304399901348033,0.065220057407168
2013-11-08 14:00:00,2.168281116586717e-07,0.08940225839883859,0.13127445675749966,0.06563733679280566
2013-11-08 15:00:00,0.2463619255860165,0.2754068203017781,0.12100945951242746,0.18368569254922198
2013-11-08 16:00:00,0.34136188697827646,0.34137376764685173,0.11130634331552865,0.22633411514690255
2013-11-08 17:00:00,0.34136309721204083,0.341374471494109,0.11564760409237701,0.22850535065220892
2013-11-08 18:00:00,0.34136368681621415,0.34137480582257285,0.11909536026849818,0.23022952354235615
2013-11-08 19:00:00,0.34136634207004884,0.3413761152279445,0.12387132125284933,0.2326188316614491
2013-11-08 20:00:00,0.3413651562716044,0.3413755082447228,0.12763385520828444,0.23449950573994444
2013-11-08 21:00:00,0.3413682080519713,0.34137702099057016,0.110413515914969,0.22589086198347016
2013-11-08 22:00:00,0.3413715231216106,0.34137849585885427,0.09756916762879274,0.2194703453752017
2013-11-08 23:00:00,0.3413694669951545,0.34137748236223425,0.08586047968517826,0.21361497334016638
2013-11-09 00:00:00,0.3413683687934365,0.34137692971749084,0.0680533558239347,0.2047108623086856
2013-11-09 01:00:00,0.035874439461883414,0.3322314049586777,0.052828418325740145,0.04435142889381178
2013-11-09 02:00:00,0.028753993610223644,0.30874604847207593,0.054447029825463795,0.04160051171784372
2013-11-09 03:00:00,0.021897810218978103,0.300796812749004,0.06424712144938606,0.04307246583418208
2013-11-09 04:00:00,0.021226415094339625,0.2826274848746758,0.08666987134155259,0.05394814321794611
2013-11-09 05:00:00,0.017013232514177697,0.26492537313432835,0.1185431171844562,0.06777817484931695
2013-11-09 06:00:00,0.012552301255230127,0.2734439834024897,0.12605362084751798,0.06930296105137405
2013-11-09 07:00:00,1.9388306679581865e-07,1.6435477553160675e-06,0.12435386782477566,0.06217703085392123
2013-11-09 08:00:00,9.817624855398659e-08,7.825539363189654e-07,0.11714900018571359,0.05857454918098107
2013-11-09 09:00:00,1.3740583620983864e-07,1.1213265700130102e-06,0.11973771306386534,0.059868925234850774
2013-11-09 10:00:00,2.4135270953110904e-07,1.9696045134907373e-06,0.11350362539170979,0.056751933372209656
2013-11-09 11:00:00,2.728145982000239e-07,2.278130655038674e-06,0.12250135190808162,0.06125081236133991
2013-11-09 12:00:00,3.815699428198363e-07,3.331119828345947e-06,0.12506593280907477,0.06253315718950879
2013-11-09 13:00:00,7.484646183934432e-07,6.723534510955669e-06,0.1304399901348033,0.06522036929971085
2013-11-09 14:00:00,1.2359732485950075e-06,2.6583390114064638e-05,0.13127445675749966,0.06563784636537412
2013-11-09 15:00:00,0.017341040462427747,0.28216019417475735,0.12100945951242746,0.0691752499874276
2013-11-09 16:00:00,0.34136200113398735,0.34137333818355986,0.11130634331552865,0.226334172224758
2013-11-09 17:00:00,0.341364020452625,0.3413744153198983,0.11564760409237701,0.228505812272501
2013-11-09 18:00:00,0.34136537239858805,0.34137518939798117,0.11909536026849818,0.2302303663335431
2013-11-09 19:00:00,0.3413661569946993,0.3413756568700264,0.12387132125284933,0.23261873912377432
2013-11-09 20:00:00,0.34136634100452107,0.3413757926718001,0.12763385520828444,0.23450009810640277
2013-11-09 21:00:00,0.3413656425711025,0.3413754179731388,0.110413515914969,0.22588957924303577
2013-11-09 22:00:00,0.3413677371931775,0.34137525148826603,0.09756916762879274,0.21946845241098512
2013-11-09 23:00:00,0.34136615817681587,0.34137558339955726,0.08586047968517826,0.21361331893099705
2013-11-10 00:00:00,0.31335003579098064,0.3330713303202987,0.0680533558239347,0.19070169580745766
2013-11-10 01:00:00,0.03305785123966942,0.3181019332161687,0.052828418325740145,0.042943134782704784
2013-11-10 02:00:00,0.029739776951672865,0.303236797274276,0.054447029825463795,0.04209340338856833
2013-11-10 03:00:00,0.027972027972027972,0.28960817717206133,0.06424712144938606,0.046109574710707014
2013-11-10 04:00:00,0.02168021680216802,0.26049204052098407,0.08666987134155259,0.0541750440718603
2013-11-10 05:00:00,0.017241379310344827,0.22950819672131148,0.1185431171844562,0.06789224824740052
2013-11-10 06:00:00,0.012461059190031154,0.1931931931931932,0.12605362084751798,0.06925734001877457
2013-11-10 07:00:00,1.7249661626325122e-07,1.5495532507030062e-06,0.12435386782477566,0.06217702016069596
2013-11-10 08:00:00,8.546710507872887e-08,5.677089148125685e-07,0.11714900018571359,0.05857454282640933
2013-11-10 09:00:00,7.766158332125859e-08,5.158613282801328e-07,0.11973771306386534,0.05986889536272433
2013-11-10 10:00:00,9.30828266582979e-08,6.182958402857757e-07,0.11350362539170979,0.05675185923726822
2013-11-10 11:00:00,1.1209158240975943e-07,7.445600897539533e-07,0.12250135190808162,0.06125073199983201
2013-11-10 12:00:00,1.1989649695107705e-07,7.964036051507382e-07,0.12506593280907477,0.06253302635278586
2013-11-10 13:00:00,1.88797998036375e-07,1.600441358729806e-06,0.1304399901348033,0.06522008946640068
2013-11-10 14:00:00,5.786059672147717e-07,0.00025160199363977084,0.13127445675749966,0.06563751768173344
2013-11-10 15:00:00,0.34136342300822603,0.341374013251405,0.12100945951242746,0.23118644126032675
2013-11-10 16:00:00,0.341359709634515,0.341372290049851,0.11130634331552865,0.22633302647502182
2013-11-10 17:00:00,0.341360760325052,0.34137288459018694,0.11564760409237701,0.22850418220871452
2013-11-10 18:00:00,0.341368336247788,0.3413767040062723,0.11909536026849818,0.23023184825814308
2013-11-10 19:00:00,0.3413688981699612,0.34137706082302693,0.12387132125284933,0.23262010971140526
2013-11-10 20:00:00,0.341368982866189,0.34137710030108254,0.12763385520828444,0.2345014190372367
2013-11-10 21:00:00,0.34136836277051,0.34137679160488427,0.110413515914969,0.22589093934273952
2013-11-10 22:00:00,0.3413687587743774,0.34137700340024074,0.09756916762879274,0.21946896320158507
2013-11-10 23:00:00,0.3269278762166209,0.3383016545877205,0.08586047968517826,0.2063941779508996
2013-11-11 00:00:00,0.2900394910048267,0.3301017935046049,0.0680533558239347,0.17904642341438068
2013-11-11 01:00:00,0.3413675560265352,0.34137416870798015,0.052828418325740145,0.19709798717613766
2013-11-11 02:00:00,0.34116180335602136,0.34128749164048405,0.054447029825463795,0.19780441659074258
2013-11-11 03:00:00,0.34127949771696403,0.3413348967589454,0.06424712144938606,0.20276330958317504
2013-11-11 04:00:00,0.3413666333432033,0.34137305091144027,0.08666987134155259,0.21401825234237792
2013-11-11 05:00:00,0.3413657173543037,0.341375171399594,0.1185431171844562,0.22995441726937996
2013-11-11 06:00:00,0.3413637057073086,0.34137405515068797,0.12605362084751798,0.2337086632774133
2013-11-11 07:00:00,4.987260320581094e-07,0.047928970310554014,0.12435386782477566,0.062177183275403856
2013-11-11 08:00:00,2.4952317013341683e-07,2.7871974980816372e-06,0.11714900018571359,0.05857462485444186
2013-11-11 09:00:00,2.7805267477537114e-07,3.1661819443137355e-06,0.11973771306386534,0.059868995558270056
2013-11-11 10:00:00,1.7936017868373455e-07,1.828411230848705e-06,0.11350362539170979,0.056751902375944234
2013-11-11 11:00:00,1.580477187155209e-07,1.7654093238636548e-06,0.12250135190808162,0.06125075497790017
2013-11-11 12:00:00,1.647944487059504e-07,1.8765138104982695e-06,0.12506593280907477,0.06253304880176173
2013-11-11 13:00:00,2.514888849300347e-07,4.128492331635728e-06,0.1304399901348033,0.06522012081184413
2013-11-11 14:00:00,4.856628809964594e-07,0.15115912387405603,0.13127445675749966,0.06563747121019033
2013-11-11 15:00:00,0.34136015321490953,0.34137247882716093,0.12100945951242746,0.2311848063636685
2013-11-11 16:00:00,0.3413626357403211,0.34137388652223805,0.11130634331552865,0.22633448952792487
2013-11-11 17:00:00,0.3413639390806167,0.3413746079704648,0.11564760409237701,0.22850577158649685
2013-11-11 18:00:00,0.3413643424974871,0.3413748367229783,0.11909536026849818,0.23022985138299262
2013-11-11 19:00:00,0.34136421836911773,0.3413747839339095,0.12387132125284933,0.23261776981098353
2013-11-11 20:00:00,0.34136762209658345,0.34137650230809496,0.12763385520828444,0.23450073865243393
2013-11-11 21:00:00,0.34137020391236755,0.3413776992458198,0.110413515914969,0.22589185991366828
2013-11-11 22:00:00,0.34136981444273723,0.3413775650863897,0.09756916762879274,0.219469491035765
2013-11-11 23:00:00,0.3275908479138628,0.33904537765683607,0.08586047968517826,0.2067256637995205
2013-11-12 00:00:00,0.3281643973777105,0.33901475784660157,0.0680533558239347,0.1981088766008226
2013-11-12 01:00:00,0.2996474735605171,0.3337595907928389,0.052828418325740145,0.1762379459431286
2013-11-12 02:00:00,0.2944655682298268,0.3321870701513067,0.054447029825463795,0.17445629902764528
2013-11-12 03:00:00,0.29800826756858323,0.3322354878550844,0.06424712144938606,0.18112769450898464
2013-11-12 04:00:00,0.3413678351999472,0.34137644778097126,0.08666987134155259,0.21401885327074988
2013-11-12 05:00:00,0.3413663731849678,0.34137567885385545,0.1185431171844562,0.229954745184712
2013-11-12 06:00:00,0.3413586812259784,0.34137167045687145,0.12605362084751798,0.2337061510367482
2013-11-12 07:00:00,3.598062371451726e-07,0.12649805646310194,0.12435386782477566,0.062177113815506405
2013-11-12 08:00:00,2.2404957051937826e-07,3.720564435562524e-06,0.11714900018571359,0.058574612117642054
2013-11-12 09:00:00,1.5177752733361491e-07,1.4018360288143746e-06,0.11973771306386534,0.05986893242069634
2013-11-12 10:00:00,1.440432567661799e-07,1.3304013959519129e-06,0.11350362539170979,0.05675188471748328
2013-11-12 11:00:00,1.7719738938630163e-07,1.6366166658603152e-06,0.12250135190808162,0.0612507645527355
2013-11-12 12:00:00,3.14026251697424e-07,3.269312587183797e-06,0.12506593280907477,0.06253312341766323
2013-11-12 13:00:00,3.5007473876876005e-07,6.510908894977844e-06,0.1304399901348033,0.06522017010477105
2013-11-12 14:00:00,7.004713627460222e-07,0.1823207040508815,0.13127445675749966,0.0656375786144312
2013-11-12 15:00:00,0.3413618227257472,0.3413738670070017,0.12100945951242746,0.23118564111908735
2013-11-12 16:00:00,0.3413635915306986,0.34137481844482065,0.11130634331552865,0.22633496742311363
2013-11-12 17:00:00,0.34136436732812686,0.3413752583514589,0.11564760409237701,0.22850598571025194
2013-11-12 18:00:00,0.34136452248803567,0.34137534633292255,0.11909536026849818,0.2302299413782669
2013-11-12 19:00:00,0.34136424320030134,0.34137523951160437,0.12387132125284933,0.23261778222657534
2013-11-12 20:00:00,0.3413653691159004,0.34137576348474047,0.12763385520828444,0.23449961216209242
2013-11-12 21:00:00,0.3413726236790151,0.3413791509878464,0.110413515914969,0.22589306979699206
2013-11-12 22:00:00,0.3413724771243198,0.34137907138729573,0.09756916762879274,0.21947082237655627
2013-11-12 23:00:00,0.34137197345226794,0.34137882327711533,0.08586047968517826,0.2136162265687231
2013-11-13 00:00:00,0.3413718504766533,0.34137876816420626,0.0680533558239347,0.204712603150294
2013-11-13 01:00:00,0.3413719352553616,0.3413788435009193,0.052828418325740145,0.19710017679055086
2013-11-13 02:00:00,0.3413719333557134,0.34137882534280234,0.054447029825463795,0.1979094815905886
2013-11-13 03:00:00,0.3413719717660412,0.34137885223958847,0.06424712144938606,0.20280954660771364
2013-11-13 04:00:00,0.3413719382322587,0.34137879873734556,0.08666987134155259,0.21402090478690564
2013-11-13 05:00:00,0.34136392594009374,0.341374850775965,0.1185431171844562,0.22995352156227497
2013-11-13 06:00:00,0.34136008278130797,0.3413728967355368,0.12605362084751798,0.23370685181441297
2013-11-13 07:00:00,4.660537817778771e-07,0.14769329084427685,0.12435386782477566,0.062177166939278716
2013-11-13 08:00:00,4.33172921378826e-07,1.3774201811493875e-05,0.11714900018571359,0.05857471667931748
2013-11-13 09:00:00,5.359156249080989e-07,8.085700286482973e-06,0.11973771306386534,0.05986912448974512
2013-11-13 10:00:00,4.411507394982274e-07,6.028024537241324e-06,0.11350362539170979,0.05675203327122464
2013-11-13 11:00:00,4.264606691050622e-07,6.758031475268559e-06,0.12250135190808162,0.061250889184375365
2013-11-13 12:00:00,5.051982691654701e-07,7.861941620577232e-06,0.12506593280907477,0.06253321900367197
2013-11-13 13:00:00,6.340331394856264e-07,1.2273331422544086e-05,0.1304399901348033,0.0652203120839714
2013-11-13 14:00:00,1.470880464633488e-06,0.2335638189596569,0.13127445675749966,0.06563796381898214
2013-11-13 15:00:00,0.34136293986358385,0.34137444892412083,0.12100945951242746,0.23118619968800566
2013-11-13 16:00:00,0.3413641501044915,0.34137513517748586,0.11130634331552865,0.22633524671001007
2013-11-13 17:00:00,0.34136483280827645,0.3413755222959859,0.11564760409237701,0.22850621845032673
2013-11-13 18:00:00,0.34136495693653074,0.34137559268126205,0.11909536026849818,0.23023015860251445
2013-11-13 19:00:00,0.3413645845520387,0.34137538152552066,0.12387132125284933,0.23261795290244403
2013-11-13 20:00:00,0.34137002550242357,0.3413779923592921,0.12763385520828444,0.234501940355354
2013-11-13 21:00:00,0.34137242790955113,0.3413789819807808,0.110413515914969,0.22589297191226007
2013-11-13 22:00:00,0.34137229515945866,0.3413789488360219,0.09756916762879274,0.2194707313941257
2013-11-13 23:00:00,0.34137204712699903,0.3413788634025201,0.08586047968517826,0.21361626340608864
2013-11-14 00:00:00,0.3413717569125717,0.3413787094332697,0.0680533558239347,0.2047125563682532
2013-11-14 01:00:00,0.3413717783630564,0.3413787487199292,0.052828418325740145,0.19710009834439826
2013-11-14 02:00:00,0.3413717351808479,0.3413787611762301,0.054447029825463795,0.19790938250315585
2013-11-14 03:00:00,0.34137157889214786,0.3413786174110009,0.06424712144938606,0.20280935017076696
2013-11-14 04:00:00,0.34137174119460223,0.34137871822374716,0.08666987134155259,0.2140208062680774
2013-11-14 05:00:00,0.3413621041990895,0.3413740278591045,0.1185431171844562,0.22995261069177286
2013-11-14 06:00:00,0.3413611688760782,0.34137351259793486,0.12605362084751798,0.2337073948617981
2013-11-14 07:00:00,2.608010614719113e-07,0.10207531285132475,0.12435386782477566,0.06217706431291856
2013-11-14 08:00:00,1.6848051738682087e-07,3.133518604219542e-06,0.11714900018571359,0.058574584333115486
2013-11-14 09:00:00,1.776705437340485e-07,3.270721661300013e-06,0.11973771306386534,0.05986894536720454
2013-11-14 10:00:00,1.2456381256198022e-07,2.174887965788161e-06,0.11350362539170979,0.05675187497776117
2013-11-14 11:00:00,1.4354905957781222e-07,2.5199912266164906e-06,0.12250135190808162,0.0612507477285706
2013-11-14 12:00:00,2.0614388013677053e-07,0.08610846713590174,0.12506593280907477,0.06253306947647745
2013-11-14 13:00:00,2.6204666363934837e-07,0.1024307167142562,0.1304399901348033,0.06522012609073348
2013-11-14 14:00:00,6.91313562134157e-07,0.17222432932319584,0.13127445675749966,0.0656375740355309
2013-11-14 15:00:00,0.341366541770493,0.341376526532682,0.12100945951242746,0.23118800064146025
2013-11-14 16:00:00,0.3413673486140529,0.34137686459649363,0.11130634331552865,0.22633684596479076
2013-11-14 17:00:00,0.34136775203726305,0.34137709335068434,0.11564760409237701,0.22850767806482003
2013-11-14 18:00:00,0.34136781410245687,0.3413771285436639,0.11909536026849818,0.23023158718547754
2013-11-14 19:00:00,0.34136756584181677,0.34137712481206484,0.12387132125284933,0.23261944354733305
2013-11-14 20:00:00,0.34136706932161975,0.34137682567211136,0.12763385520828444,0.23450046226495208
2013-11-14 21:00:00,0.3413662913209655,0.34137641846667716,0.110413515914969,0.22588990361796726
2013-11-14 22:00:00,0.3413734753527217,0.3413796370200312,0.09756916762879274,0.21947132149075724
2013-11-14 23:00:00,0.34137296664579925,0.34137932404411614,0.08586047968517826,0.21361672316548874
2013-11-15 00:00:00,0.341372657174067,0.34137914926180146,0.0680533558239347,0.20471300649900084
2013-11-15 01:00:00,0.3413725869400849,0.3413791068933542,0.052828418325740145,0.1971005026329125
2013-11-15 02:00:00,0.3413724758798403,0.3413790285907516,0.054447029825463795,0.19790975285265205
2013-11-15 03:00:00,0.34137254109124715,0.3413790952321811,0.06424712144938606,0.2028098312703166
2013-11-15 04:00:00,0.34137265726181065,0.34137916001668484,0.08666987134155259,0.2140212643016816
2013-11-15 05:00:00,0.34136402597682397,0.34137518547920326,0.1185431171844562,0.2299535715806401
2013-11-15 06:00:00,0.34136433629616203,0.3413752923004633,0.12605362084751798,0.23370897857184
2013-11-15 07:00:00,9.953716325056965e-07,0.21152016645697616,0.12435386782477566,0.06217743159820408
2013-11-15 08:00:00,7.209650549839994e-07,0.17359737498609806,0.11714900018571359,0.05857486057538429
2013-11-15 09:00:00,7.966722469131606e-07,0.19318881420993056,0.11973771306386534,0.059869254868056124
2013-11-15 10:00:00,6.865777782388868e-07,0.18061612231356367,0.11350362539170979,0.056752155984744014
2013-11-15 11:00:00,6.505183908777083e-07,0.1760127145621569,0.12250135190808162,0.06125100121323625
2013-11-15 12:00:00,6.451011733673564e-07,0.17530865530876966,0.12506593280907477,0.06253328895512407
2013-11-15 13:00:00,6.02373915442498e-07,0.16943780925662885,0.1304399901348033,0.06522029625435938
2013-11-15 14:00:00,7.872889366930731e-07,0.18329658538869695,0.13127445675749966,0.06563762202321817
2013-11-15 15:00:00,0.3413666969324199,0.34137659816216537,0.12100945951242746,0.23118807822242368
2013-11-15 16:00:00,0.3413669762242436,0.3413766873881431,0.11130634331552865,0.22633665976988612
2013-11-15 17:00:00,0.3413669451917961,0.34137666979170045,0.11564760409237701,0.22850727464208656
2013-11-15 18:00:00,0.3413664797057618,0.3413764573907703,0.11909536026849818,0.23023091998712997
2013-11-15 19:00:00,0.34136567067574464,0.3413759810444843,0.12387132125284933,0.23261849596429698
2013-11-15 20:00:00,0.34136937853874666,0.3413777312580341,0.12763385520828444,0.23450161687351556
2013-11-15 21:00:00,0.3413724088049084,0.3413789937066252,0.110413515914969,0.2258929623599387
2013-11-15 22:00:00,0.34137201032652575,0.34137837484622996,0.09756916762879274,0.21947058897765925
2013-11-15 23:00:00,0.34137146551219577,0.34137845269820816,0.08586047968517826,0.21361597259868703
2013-11-16 00:00:00,0.34137103981440625,0.34137823238449577,0.0680533558239347,0.20471219781917047
2013-11-16 01:00:00,0.3413705028189026,0.3413779675182772,0.052828418325740145,0.19709946057232136
2013-11-16 02:00:00,0.34136989537022766,0.34137769181056327,0.054447029825463795,0.19790846259784572
2013-11-16 03:00:00,0.3413691549634738,0.3413772012293631,0.06424712144938606,0.20280813820642993
2013-11-16 04:00:00,0.3413682563578393,0.3413766995649558,0.08666987134155259,0.21401906384969593
2013-11-16 05:00:00,0.34136705841429177,0.34137599727090007,0.1185431171844562,0.229955087799374
2013-11-16 06:00:00,0.34136442593088445,0.3413745525211547,0.12605362084751798,0.23370902338920121
2013-11-16 07:00:00,2.943384201117126e-07,0.0003789634020453013,0.12435386782477566,0.06217708108159788
2013-11-16 08:00:00,1.3696041491335936e-07,1.5595682553624587e-06,0.11714900018571359,0.05857456857306425
2013-11-16 09:00:00,8.159549436207774e-08,7.536264452929245e-07,0.11973771306386534,0.05986889732967985
2013-11-16 10:00:00,6.419246235416997e-08,5.766462945111143e-07,0.11350362539170979,0.05675184479208607
2013-11-16 11:00:00,5.810643167211919e-08,5.219749621108668e-07,0.12250135190808162,0.06125070500725664
2013-11-16 12:00:00,5.678433813755964e-08,5.172830146472421e-07,0.12506593280907477,0.06253299479670646
2013-11-16 13:00:00,8.247966487428142e-08,8.7658338352295e-07,0.1304399901348033,0.0652200363072341
2013-11-16 14:00:00,2.20688718978737e-07,0.09046604893847693,0.13127445675749966,0.06563733872310931
2013-11-16 15:00:00,0.341359087208861,0.341372124611969,0.12100945951242746,0.23118427336064423
2013-11-16 16:00:00,0.34136279308912904,0.34137401093949055,0.11130634331552865,0.22633456820232883
2013-11-16 17:00:00,0.34136391023867185,0.3413746444066203,0.11564760409237701,0.22850575716552443
2013-11-16 18:00:00,0.3413645308804663,0.34137504787941664,0.11909536026849818,0.23022994557448223
2013-11-16 19:00:00,0.3413646904218696,0.3413751232391816,0.12387132125284933,0.23261800583735948
2013-11-16 20:00:00,0.3413715028263791,0.34137851695095794,0.12763385520828444,0.2345026790173318
2013-11-16 21:00:00,0.341371176637998,0.3413782951432619,0.110413515914969,0.2258923462764835
2013-11-16 22:00:00,0.34137087483899775,0.3413781743316676,0.09756916762879274,0.21947002123389525
2013-11-16 23:00:00,0.34137063912853527,0.3413780113637302,0.08586047968517826,0.21361555940685678
2013-11-17 00:00:00,0.34137036526011555,0.34137784403368737,0.0680533558239347,0.20471186054202511
2013-11-17 01:00:00,0.34137009591108247,0.34137770447359,0.052828418325740145,0.1970992571184113
2013-11-17 02:00:00,0.3413695508968883,0.34137741814037204,0.054447029825463795,0.19790829036117605
2013-11-17 03:00:00,0.3413690143253289,0.34137711528854064,0.06424712144938606,0.20280806788735747
2013-11-17 04:00:00,0.34136814785159764,0.34137664429441594,0.08666987134155259,0.2140190095965751
2013-11-17 05:00:00,0.3413669425863871,0.34137592063260397,0.1185431171844562,0.22995502988542166
2013-11-17 06:00:00,0.34136468292104527,0.3413746675825885,0.12605362084751798,0.23370915188428162
2013-11-17 07:00:00,2.0490287501272962e-07,8.591111013120069e-05,0.12435386782477566,0.062177036363825336
2013-11-17 08:00:00,8.799566196471482e-08,8.874919574619952e-07,0.11714900018571359,0.058574544090687776
2013-11-17 09:00:00,7.422253170426044e-08,6.680887351272379e-07,0.11973771306386534,0.05986889364319852
2013-11-17 10:00:00,6.866841909780173e-08,6.180952707624419e-07,0.11350362539170979,0.056751847030064445
2013-11-17 11:00:00,8.109127259464953e-08,7.299152346799719e-07,0.12250135190808162,0.06125071649967711
2013-11-17 12:00:00,1.039587893101969e-07,9.470233022637161e-07,0.12506593280907477,0.06253301838393203
2013-11-17 13:00:00,1.7607898167499085e-07,0.0009026015407476735,0.1304399901348033,0.06522008310689249
2013-11-17 14:00:00,3.650003885226358e-07,0.12754631948250214,0.13127445675749966,0.06563741087894409
2013-11-17 15:00:00,0.34136225935698233,0.34137409824377507,0.12100945951242746,0.2311858594347049
2013-11-17 16:00:00,0.34136449364627824,0.3413753488200914,0.11130634331552865,0.22633541848090344
2013-11-17 17:00:00,0.3413657659629747,0.3413760702700326,0.11564760409237701,0.22850668502767585
2013-11-17 18:00:00,0.3413663866087073,0.34137642219793973,0.11909536026849818,0.2302308734386027
2013-11-17 19:00:00,0.3413664797057618,0.3413764749871883,0.12387132125284933,0.23261890047930556
2013-11-17 20:00:00,0.3413662004147505,0.34137629902308964,0.12763385520828444,0.23450002781151746
2013-11-17 21:00:00,0.34136548667313127,0.3413758943063512,0.110413515914969,0.22588950129405014
2013-11-17 22:00:00,0.3413737314846204,0.34137974394660386,0.09756916762879274,0.21947144955670658
2013-11-17 23:00:00,0.3413734938005175,0.34137956832958477,0.08586047968517826,0.2136169867428479
2013-11-18 00:00:00,0.34137332021929984,0.3413795529817979,0.0680533558239347,0.20471333802161726
2013-11-18 01:00:00,0.34137325271368996,0.3413794990846023,0.052828418325740145,0.19710083551971505
2013-11-18 02:00:00,0.3413732009504968,0.34137951641331116,0.054447029825463795,0.19791011538798028
2013-11-18 03:00:00,0.3413733430000285,0.3413795743752744,0.06424712144938606,0.20281023222470726
2013-11-18 04:00:00,0.34137359918850196,0.3413796719791977,0.08666987134155259,0.21402173526502727
2013-11-18 05:00:00,0.3413644936462782,0.34137536517280775,0.1185431171844562,0.2299538054153672
2013-11-18 06:00:00,0.34136474190244986,0.3413754719942558,0.12605362084751798,0.23370918137498392
2013-11-18 07:00:00,2.8839214872242123e-07,0.10945124482589572,0.12435386782477566,0.06217707810846219
2013-11-18 08:00:00,1.339739411455156e-07,0.037733969631006205,0.11714900018571359,0.05857456707982737
2013-11-18 09:00:00,1.0642789607599755e-07,4.939345590114918e-05,0.11973771306386534,0.05986890974588071
2013-11-18 10:00:00,1.003252041492498e-07,4.02418436653449e-05,0.11350362539170979,0.056751862858456965
2013-11-18 11:00:00,9.086377925335395e-08,2.5657873076970002e-05,0.12250135190808162,0.061250721385930434
2013-11-18 12:00:00,7.925355758873023e-08,6.2435934647892744e-06,0.12506593280907477,0.06253300603131617
2013-11-18 13:00:00,9.716227115167854e-08,0.046817974300929786,0.1304399901348033,0.06522004364853723
2013-11-18 14:00:00,2.3088594005983966e-07,0.08662552015465932,0.13127445675749966,0.06563734382171986
2013-11-18 15:00:00,0.3413656641040575,0.34137607542941145,0.12100945951242746,0.2311875618082425
2013-11-18 16:00:00,0.34136715803708667,0.3413767716389523,0.11130634331552865,0.22633675067630765
2013-11-18 17:00:00,0.3413675326181776,0.34137701923319785,0.11564760409237701,0.2285075683552773
2013-11-18 18:00:00,0.34136825075073096,0.34137739497906056,0.11909536026849818,0.23023180550961458
2013-11-18 19:00:00,0.34136563526243424,0.3413761458148307,0.12387132125284933,0.2326184782576418
2013-11-18 20:00:00,0.341372239840837,0.341379202630277,0.12763385520828444,0.2345030475245607
2013-11-18 21:00:00,0.34137059321597846,0.3413783709599061,0.110413515914969,0.22589205456547373
2013-11-18 22:00:00,0.3413737467338504,0.34137975993735475,0.09756916762879274,0.21947145718132158
2013-11-18 23:00:00,0.3413735326609675,0.34137958300449367,0.08586047968517826,0.2136170061730729
2013-11-19 00:00:00,0.3413733685578068,0.3413795606442282,0.0680533558239347,0.20471336219087075
2013-11-19 01:00:00,0.3413732561860529,0.34137949859995087,0.052828418325740145,0.19710083725589653
2013-11-19 02:00:00,0.34137322424289646,0.341379462246052,0.054447029825463795,0.19791012703418012
2013-11-19 03:00:00,0.341373296112907,0.3413795054509591,0.06424712144938606,0.20281020878114653
2013-11-19 04:00:00,0.34137337561142295,0.3413795498032897,0.08666987134155259,0.21402162347648776
2013-11-19 05:00:00,0.3413642432003014,0.3413752571078889,0.1185431171844562,0.2299536801923788
2013-11-19 06:00:00,0.34136290445229445,0.34137449425204763,0.12605362084751798,0.2337082626499062
2013-11-19 07:00:00,8.232346829869588e-07,0.195924439433862,0.12435386782477566,0.062177345529729325
2013-11-19 08:00:00,4.4795934360816023e-07,0.14437987747793948,0.11714900018571359,0.058574724072528596
2013-11-19 09:00:00,3.379887909397373e-07,0.00023999110460321688,0.11973771306386534,0.05986902552632814
2013-11-19 10:00:00,3.803328529447673e-07,6.017284103310481e-05,0.11350362539170979,0.05675200286228137
2013-11-19 11:00:00,4.803187010645304e-07,0.15021323317301286,0.12250135190808162,0.06125091611339134
2013-11-19 12:00:00,5.729723590494364e-07,0.16515983816538404,0.12506593280907477,0.06253325289071691
2013-11-19 13:00:00,6.949977613349889e-07,0.18156066888593067,0.1304399901348033,0.06522034256628233
2013-11-19 14:00:00,1.2191091457446205e-06,0.21926142602417878,0.13127445675749966,0.0656378379333227
2013-11-19 15:00:00,0.3413614240755454,0.34137437661696085,0.12100945951242746,0.23118544179398645
2013-11-19 16:00:00,0.3413687940000084,0.34137795078540284,0.11130634331552865,0.22633756865776852
2013-11-19 17:00:00,0.3413663336688674,0.34137677200516753,0.11564760409237701,0.22850696888062222
2013-11-19 18:00:00,0.3413631329972633,0.3413752953462975,0.11909536026849818,0.23022924663288075
2013-11-19 19:00:00,0.3413628537126207,0.3413751709295118,0.12387132125284933,0.23261708748273502
2013-11-19 20:00:00,0.3413705449933311,0.3413786254961094,0.12763385520828444,0.23450220010080775
2013-11-19 21:00:00,0.3413694588383184,0.3413781642517655,0.110413515914969,0.2258914873766437
2013-11-19 22:00:00,0.34137157970745585,0.3413790120876934,0.09756916762879274,0.2194703736681243
2013-11-19 23:00:00,0.3413742714666399,0.34138002364111936,0.08586047968517826,0.2136173755759091
2013-11-20 00:00:00,0.341374017580641,0.34137988331209423,0.0680533558239347,0.20471368670228784
2013-11-20 01:00:00,0.3413737234034134,0.3413797749739335,0.052828418325740145,0.19710107086457676
2013-11-20 02:00:00,0.3413736736058364,0.3413797450815543,0.054447029825463795,0.1979103517156501
2013-11-20 03:00:00,0.3413737063709341,0.3413797394056218,0.06424712144938606,0.20281041391016008
2013-11-20 04:00:00,0.34137372894260426,0.3413797262138324,0.08666987134155259,0.21402180014207842
2013-11-20 05:00:00,0.3413650810648753,0.34137568066289803,0.1185431171844562,0.22995409912466575
2013-11-20 06:00:00,0.3413650810648753,0.34137568066289803,0.12605362084751798,0.23370935095619663
2013-11-20 07:00:00,1.0232424985808196e-06,0.2137310551354819,0.12435386782477566,0.06217744553363712
2013-11-20 08:00:00,5.105154555434349e-07,0.0012818080722462877,0.11714900018571359,0.05857475535058457
2013-11-20 09:00:00,4.0478628296225307e-07,0.13601885953595835,0.11973771306386534,0.05986905892507415
2013-11-20 10:00:00,3.664206423476001e-07,0.00015804820964681045,0.11350362539170979,0.056751995906176064
2013-11-20 11:00:00,2.884175085707269e-07,0.00011585779773441582,0.12250135190808162,0.061250820162795094
2013-11-20 12:00:00,2.893416378241278e-07,0.10969437403225918,0.12506593280907477,0.06253311107535629
2013-11-20 13:00:00,4.356944941189957e-07,0.14208774013232026,0.1304399901348033,0.06522021291464872
2013-11-20 14:00:00,9.07240139206927e-07,0.19525099987414324,0.13127445675749966,0.06563768199881943
2013-11-20 15:00:00,0.3413679360417152,0.34137724798749214,0.12100945951242746,0.23118869777707135
2013-11-20 16:00:00,0.3413684015315974,0.34137751193513577,0.11130634331552865,0.22633737242356303
2013-11-20 17:00:00,0.34136864979338694,0.34137765270737924,0.11564760409237701,0.22850812694288197
2013-11-20 18:00:00,0.34136830843351945,0.341377527043801,0.11909536026849818,0.2302318343510088
2013-11-20 19:00:00,0.3413690864439051,0.34137788395049445,0.12387132125284933,0.23262020384837723
2013-11-20 20:00:00,0.34136840372292443,0.3413775483721186,0.12763385520828444,0.23450112946560442
2013-11-20 21:00:00,0.34137095027150083,0.3413787017452379,0.110413515914969,0.22589223309323492
2013-11-20 22:00:00,0.3413706132894842,0.3413784968048881,0.09756916762879274,0.21946989045913848
2013-11-20 23:00:00,0.3413737043633749,0.34137979332067175,0.08586047968517826,0.2136170920242766
2013-11-21 00:00:00,0.34137366159397925,0.3413797856150116,0.0680533558239347,0.20471350870895696
2013-11-21 01:00:00,0.34137363968870577,0.34137976073868637,0.052828418325740145,0.19710102900722296
2013-11-21 02:00:00,0.34137360796529354,0.3413797424206103,0.054447029825463795,0.19791031889537866
2013-11-21 03:00:00,0.34137370718791554,0.34137973654199033,0.06424712144938606,0.2028104143186508
2013-11-21 04:00:00,0.34137384881053345,0.3413797950820835,0.08666987134155259,0.214021860076043
2013-11-21 05:00:00,0.3413656706757447,0.34137604894256923,0.1185431171844562,0.22995439393010045
2013-11-21 06:00:00,0.34136598318872435,0.34137620979738725,0.12605362084751798,0.23370980201812117
2013-11-21 07:00:00,4.1128112878902514e-07,0.1287765001268067,0.12435386782477566,0.062177139552952225
2013-11-21 08:00:00,2.7403873074638133e-07,0.0005111349571004149,0.11714900018571359,0.05857463711222217
2013-11-21 09:00:00,2.5311591313871835e-07,0.0008534206348305468,0.11973771306386534,0.059868983089889236
2013-11-21 10:00:00,2.3911876763500907e-07,0.09596663787071165,0.11350362539170979,0.05675193225523871
2013-11-21 11:00:00,2.651301373603892e-07,0.10329231653787936,0.12250135190808162,0.06125080851910949
2013-11-21 12:00:00,2.909127675763111e-07,0.11009810263117896,0.12506593280907477,0.06253311186092117
2013-11-21 13:00:00,3.40345100402145e-07,0.11398157462333998,0.1304399901348033,0.06522016523995186
2013-11-21 14:00:00,5.696789409121597e-07,0.15574626206680522,0.13127445675749966,0.06563751321822028
2013-11-21 15:00:00,0.3413623261762094,0.34137485544228735,0.12100945951242746,0.23118589284431842
2013-11-21 16:00:00,0.34136717592365334,0.3413771326399581,0.11130634331552865,0.226336759619591
2013-11-21 17:00:00,0.34136705179401666,0.34137713015223314,0.11564760409237701,0.22850732794319684
2013-11-21 18:00:00,0.34136748843920733,0.34137732744464355,0.11909536026849818,0.23023142435385274
2013-11-21 19:00:00,0.341369141934983,0.34137797957791627,0.12387132125284933,0.23262023159391618
2013-11-21 20:00:00,0.3413693036738808,0.34137800712650684,0.12763385520828444,0.23450157944108263
2013-11-21 21:00:00,0.34136781410245687,0.3413772303909971,0.110413515914969,0.22589066500871294
2013-11-21 22:00:00,0.341373725852422,0.3413797261765094,0.09756916762879274,0.21947144674060737
2013-11-21 23:00:00,0.34137356892426407,0.3413796920400454,0.08586047968517826,0.21361702430472118
2013-11-22 00:00:00,0.3413734575748311,0.34137963087719847,0.0680533558239347,0.2047134066993829
2013-11-22 01:00:00,0.34137332391543723,0.3413795157929433,0.052828418325740145,0.1971008711205887
2013-11-22 02:00:00,0.34137351833936663,0.34137965578606105,0.054447029825463795,0.1979102740824152
2013-11-22 03:00:00,0.34137357453359535,0.341379673036462,0.06424712144938606,0.2028103479914907
2013-11-22 04:00:00,0.3413737713003338,0.34137972514564796,0.08666987134155259,0.2140218213209432
2013-11-22 05:00:00,0.3413652362254329,0.34137582018995094,0.1185431171844562,0.22995417670494456
2013-11-22 06:00:00,0.34136542241828827,0.3413758918190095,0.12605362084751798,0.23370952163290312
2013-11-22 07:00:00,1.0371587474026377e-06,0.21481264717331078,0.12435386782477566,0.06217745249176153
2013-11-22 08:00:00,6.41052214557612e-07,0.17115655031705912,0.11714900018571359,0.058574820618964074
2013-11-22 09:00:00,4.911508264158378e-07,0.15163131899248614,0.11973771306386534,0.059869102107345876
2013-11-22 10:00:00,4.612143815663476e-07,0.11213711790100972,0.11350362539170979,0.056752043303045674
2013-11-22 11:00:00,4.2588879560872693e-07,0.0980998036071616,0.12250135190808162,0.06125088889843861
2013-11-22 12:00:00,4.3309010511818675e-07,0.14158476420776347,0.12506593280907477,0.06253318294958994
2013-11-22 13:00:00,6.374714200313353e-07,0.17429498178832345,0.1304399901348033,0.06522031380311168
2013-11-22 14:00:00,1.1328116282660518e-06,0.21344458971338817,0.13127445675749966,0.06563779478456397
2013-11-22 15:00:00,0.3413605552004224,0.34137388392742085,0.12100945951242746,0.23118500735642494
2013-11-22 16:00:00,0.34136730662643033,0.3413770734489515,0.11130634331552865,0.22633682497097948
2013-11-22 17:00:00,0.34136727559396407,0.3413770219034765,0.11564760409237701,0.22850743984317054
2013-11-22 18:00:00,0.34136755707745114,0.34137716640667104,0.11909536026849818,0.23023145867297468
2013-11-22 19:00:00,0.3413682795921304,0.3413774440368902,0.12387132125284933,0.23261980042248986
2013-11-22 20:00:00,0.3413672244840261,0.34137686210884405,0.12763385520828444,0.23450053984615526
2013-11-22 21:00:00,0.34136970675244455,0.34137799663291246,0.110413515914969,0.22589161133370678
2013-11-22 22:00:00,0.34137288984613345,0.3413792313531126,0.09756916762879274,0.2194710287374631
2013-11-22 23:00:00,0.3413725290250384,0.34137908337122247,0.08586047968517826,0.21361650435510832
2013-11-23 00:00:00,0.3413721940807242,0.34137889530563836,0.0680533558239347,0.20471277495232945
2013-11-23 01:00:00,0.3413718556768113,0.34137872528621044,0.052828418325740145,0.1971001370012757
2013-11-23 02:00:00,0.3413716309393659,0.3413785544060137,0.054447029825463795,0.19790933038241484
2013-11-23 03:00:00,0.341371485068069,0.34137850991546426,0.06424712144938606,0.20280930325872754
2013-11-23 04:00:00,0.3413713501713273,0.34137838230407186,0.08666987134155259,0.21402061075643994
2013-11-23 05:00:00,0.3413713437266922,0.34137838925067976,0.1185431171844562,0.2299572304555742
2013-11-23 06:00:00,0.3413712885432189,0.34137836434955593,0.12605362084751798,0.23371245469536844
2013-11-23 07:00:00,1.018800030156481e-06,0.21336588508203652,0.12435386782477566,0.06217744331240291
2013-11-23 08:00:00,6.728625847133995e-07,0.17889047076789438,0.11714900018571359,0.05857483652414915
2013-11-23 09:00:00,5.626876915131003e-07,0.16363389825683308,0.11973771306386534,0.059869137875778425
2013-11-23 10:00:00,5.129871532627208e-07,0.15577567018438898,0.11350362539170979,0.05675206918943152
2013-11-23 11:00:00,5.470150301496451e-07,0.16122825062735874,0.12250135190808162,0.06125094946155588
2013-11-23 12:00:00,6.984070963748248e-07,0.18205442603571542,0.12506593280907477,0.06253331560808557
2013-11-23 13:00:00,8.668931762214671e-07,0.2001343836382702,0.1304399901348033,0.06522042851398976
2013-11-23 14:00:00,1.5753800998335875e-06,0.245969265568718,0.13127445675749966,0.06563801606879975
2013-11-23 15:00:00,0.34136520738374493,0.3413757535355366,0.12100945951242746,0.2311873334480862
2013-11-23 16:00:00,0.34136576596297463,0.34137601872460005,0.11130634331552865,0.22633605463925163
2013-11-23 17:00:00,0.3413659521564575,0.3413761758483285,0.11564760409237701,0.22850677812441725
2013-11-23 18:00:00,0.34136663705846676,0.3413764460131467,0.11909536026849818,0.23023099866348246
2013-11-23 19:00:00,0.3413651763516191,0.3413756492011343,0.12387132125284933,0.23261824880223422
2013-11-23 20:00:00,0.3413688155618106,0.3413774434918233,0.12763385520828444,0.23450133538504753
2013-11-23 21:00:00,0.3413729344043584,0.3413793217295183,0.110413515914969,0.2258932251596637
2013-11-23 22:00:00,0.3413724835692066,0.3413790482825963,0.09756916762879274,0.21947082559899966
2013-11-23 23:00:00,0.3413721409180948,0.3413788798391558,0.08586047968517826,0.21361631030163653
2013-11-24 00:00:00,0.3413717499064487,0.3413786349844682,0.0680533558239347,0.2047125528651917
2013-11-24 01:00:00,0.3413713051460465,0.3413784345844732,0.052828418325740145,0.19709986173589333
2013-11-24 02:00:00,0.3413707356979531,0.34137812350484764,0.054447029825463795,0.19790888276170845
2013-11-24 03:00:00,0.34137011891041574,0.3413777869684551,0.06424712144938606,0.2028086201799009
2013-11-24 04:00:00,0.3413693884377459,0.34137738567868314,0.08666987134155259,0.21401962988964923
2013-11-24 05:00:00,0.34136793051518277,0.34137656168175745,0.1185431171844562,0.2299555238498195
2013-11-24 06:00:00,0.34136653023936486,0.34137577838345357,0.12605362084751798,0.23371007554344142
2013-11-24 07:00:00,1.1556329401613264e-06,0.22328970478179055,0.12435386782477566,0.06217751172885791
2013-11-24 08:00:00,4.209816407801548e-07,5.273064022507354e-06,0.11714900018571359,0.058574710583677185
2013-11-24 09:00:00,2.1223922034346887e-07,2.5778815786858174e-06,0.11973771306386534,0.05986896265154284
2013-11-24 10:00:00,1.613700478431935e-07,1.975332839755334e-06,0.11350362539170979,0.05675189338087881
2013-11-24 11:00:00,1.4901012758507892e-07,1.8240351843661238e-06,0.12250135190808162,0.0612507504591046
2013-11-24 12:00:00,1.6895291641244536e-07,2.052122369082929e-06,0.12506593280907477,0.06253305088099559
2013-11-24 13:00:00,2.692944146352359e-07,3.449752514754591e-06,0.1304399901348033,0.06522012971460897
2013-11-24 14:00:00,7.473605715813652e-07,0.18780860453987733,0.13127445675749966,0.06563760205903561
2013-11-24 15:00:00,0.34136127472557043,0.34137327065421336,0.12100945951242746,0.23118536711899895
2013-11-24 16:00:00,0.34136231666411826,0.3413738376528319,0.11130634331552865,0.22633432998982345
2013-11-24 17:00:00,0.3413632808395037,0.34137440197645763,0.11564760409237701,0.22850544246594034
2013-11-24 18:00:00,0.3413633074915669,0.3413744145989748,0.11909536026849818,0.23022933388003253
2013-11-24 19:00:00,0.341363872636423,0.3413747387932377,0.12387132125284933,0.23261759694463616
2013-11-24 20:00:00,0.34137166003134206,0.3413785608821798,0.12763385520828444,0.23450275761981326
2013-11-24 21:00:00,0.34137131239892843,0.3413783684429028,0.110413515914969,0.22589241415694872
2013-11-24 22:00:00,0.34137117457282484,0.34137828976866097,0.09756916762879274,0.2194701711008088
2013-11-24 23:00:00,0.25620655412115195,0.3318309859154929,0.08586047968517826,0.1710335169031651
2013-11-25 00:00:00,0.2823529411764706,0.33393567040115646,0.0680533558239347,0.17520314850020263
2013-11-25 01:00:00,0.2497420020639835,0.32998225901833234,0.052828418325740145,0.15128521019486182
2013-11-25 02:00:00,0.2607204116638079,0.32912007778317937,0.054447029825463795,0.15758372074463584
2013-11-25 03:00:00,0.27278958190541464,0.3294930875576037,0.06424712144938606,0.16851835167740034
2013-11-25 04:00:00,0.34136882375856353,0.34137526192182244,0.08666987134155259,0.21401934755005805
2013-11-25 05:00:00,0.3413678101985432,0.341376346864574,0.1185431171844562,0.2299554636914997
2013-11-25 06:00:00,0.3413612031432352,0.3413729167224005,0.12605362084751798,0.2337074119953766
2013-11-25 07:00:00,1.4607134543248782e-07,6.087918561339352e-05,0.12435386782477566,0.06217700694806055
2013-11-25 08:00:00,4.657268113323255e-08,4.949686962351302e-07,0.11714900018571359,0.05857452337919736
2013-11-25 09:00:00,5.2757566793585535e-08,4.80600739939765e-07,0.11973771306386534,0.05986888291071606
2013-11-25 10:00:00,7.387362873132005e-08,7.050052698342779e-07,0.11350362539170979,0.05675184963266926
2013-11-25 11:00:00,1.258667906442567e-07,1.255795959036973e-06,0.12250135190808162,0.06125073888743613
2013-11-25 12:00:00,1.2713783633996755e-07,1.3098407466665827e-06,0.12506593280907477,0.06253302997345556
2013-11-25 13:00:00,1.9867445891073204e-07,2.922139755877281e-06,0.1304399901348033,0.06522009440463111
2013-11-25 14:00:00,5.22928478967346e-07,0.14852595499818863,0.13127445675749966,0.06563748984298931
2013-11-25 15:00:00,0.34136117106538577,0.34137334533989055,0.12100945951242746,0.23118531528890662
2013-11-25 16:00:00,0.34136287998996406,0.341374211281263,0.11130634331552865,0.22633461165274635
2013-11-25 17:00:00,0.3413640281669297,0.3413748107965733,0.11564760409237701,0.22850581612965334
2013-11-25 18:00:00,0.34136461777431887,0.3413751966712432,0.11909536026849818,0.2302299890214085
2013-11-25 19:00:00,0.34136474190244986,0.3413752846527682,0.12387132125284933,0.2326180315776496
2013-11-25 20:00:00,0.3413644936462782,0.3413751438823501,0.12763385520828444,0.2344991744272813
2013-11-25 21:00:00,0.34136640413486224,0.34137601338041784,0.110413515914969,0.22588996002491563
2013-11-25 22:00:00,0.34137104891483794,0.34137834979635917,0.09756916762879274,0.21947010827181535
2013-11-25 23:00:00,0.34137191503056324,0.3413785683916392,0.08586047968517826,0.21361619735787074
2013-11-26 00:00:00,0.34137142670977877,0.3413783535283372,0.0680533558239347,0.20471239126685672
2013-11-26 01:00:00,0.3413713737581862,0.3413783457730196,0.052828418325740145,0.19709989604196318
2013-11-26 02:00:00,0.3413714588355455,0.3413783742903613,0.054447029825463795,0.19790924433050464
2013-11-26 03:00:00,0.3413714530852031,0.3413783741987629,0.06424712144938606,0.20280928726729458
2013-11-26 04:00:00,0.34137110263580706,0.3413781907159843,0.08666987134155259,0.21402048698867981
2013-11-26 05:00:00,0.34136145910564736,0.341373341419732,0.1185431171844562,0.22995228814505178
2013-11-26 06:00:00,0.34136024231537726,0.3413726653091095,0.12605362084751798,0.23370693158144762
2013-11-26 07:00:00,1.500613675962785e-07,0.06730139413739887,0.12435386782477566,0.06217700894307163
2013-11-26 08:00:00,5.553241533520246e-08,1.381794907367233e-06,0.11714900018571359,0.05857452785906446
2013-11-26 09:00:00,3.550529880825805e-08,3.965982314213982e-07,0.11973771306386534,0.059868874284582076
2013-11-26 10:00:00,3.957413526783164e-08,3.690882908503627e-07,0.11350362539170979,0.05675183248292253
2013-11-26 11:00:00,4.8175186229268915e-08,4.96326315388948e-07,0.12250135190808162,0.061250700041633924
2013-11-26 12:00:00,7.751760490212807e-08,1.257836912426128e-06,0.12506593280907477,0.06253300516333983
2013-11-26 13:00:00,1.2669351396074542e-07,0.05861288536638146,0.1304399901348033,0.06522005841415864
2013-11-26 14:00:00,3.0784295182479446e-07,0.1064920115940821,0.13127445675749966,0.06563738230022574
2013-11-26 15:00:00,0.3413587575903656,0.34137245597651134,0.12100945951242746,0.23118410855139654
2013-11-26 16:00:00,0.3413614905170041,0.3413738032179061,0.11130634331552865,0.22633391691626636
2013-11-26 17:00:00,0.34136061945193175,0.3413734953818963,0.11564760409237701,0.22850411177215438
2013-11-26 18:00:00,0.3413605263583711,0.3413734249978145,0.11909536026849818,0.23022794331343466
2013-11-26 19:00:00,0.3413634809156198,0.34137483125426216,0.12387132125284933,0.23261740108423457
2013-11-26 20:00:00,0.34136756584181677,0.3413767840770685,0.12763385520828444,0.23450071052505062
2013-11-26 21:00:00,0.34136595215645754,0.3413759369611406,0.110413515914969,0.22588973403571327
2013-11-26 22:00:00,0.3413724364041888,0.3413788903917239,0.09756916762879274,0.21947080201649077
2013-11-26 23:00:00,0.34137184981658814,0.3413785720742816,0.08586047968517826,0.2136161647508832
2013-11-27 00:00:00,0.34137127548800933,0.34137827864249426,0.0680533558239347,0.204712315655972
2013-11-27 01:00:00,0.34137080650950175,0.3413780191672285,0.052828418325740145,0.19709961241762095
2013-11-27 02:00:00,0.3413704553783142,0.34137780740131896,0.054447029825463795,0.19790874260188898
2013-11-27 03:00:00,0.3413701919354501,0.3413776667447282,0.06424712144938606,0.20280865669241807
2013-11-27 04:00:00,0.34136996390901636,0.3413775230141811,0.08666987134155259,0.21401991762528447
2013-11-27 05:00:00,0.34135816104743283,0.34137163728357,0.1185431171844562,0.22995063911594452
2013-11-27 06:00:00,0.3413572611554656,0.34137110940670007,0.12605362084751798,0.2337054410014918
2013-11-27 07:00:00,2.7655537740267856e-07,0.1063512531033888,0.12435386782477566,0.06217707219007653
2013-11-27 08:00:00,1.0559993832963603e-07,1.733554219538609e-06,0.11714900018571359,0.05857455289282596
2013-11-27 09:00:00,7.297914137287817e-08,7.7561297425439e-07,0.11973771306386534,0.059868893021503354
2013-11-27 10:00:00,6.416995901336377e-08,6.471947164081132e-07,0.11350362539170979,0.0567518447808344
2013-11-27 11:00:00,6.745608791771653e-08,6.803373408080118e-07,0.12250135190808162,0.06125070968208477
2013-11-27 12:00:00,1.0437543792835112e-07,1.267757707533546e-06,0.12506593280907477,0.06253301859225635
2013-11-27 13:00:00,1.3465924209469457e-07,2.1978192445218683e-06,0.1304399901348033,0.0652200623970227
2013-11-27 14:00:00,3.0888034068266055e-07,0.11461587639671954,0.13127445675749966,0.06563738281892018
2013-11-27 15:00:00,0.341363593720683,0.3413747869828253,0.12100945951242746,0.23118652661655523
2013-11-27 16:00:00,0.3413642720420755,0.34137513393393537,0.11130634331552865,0.22633530767880206
2013-11-27 17:00:00,0.3413652030028764,0.3413757133682807,0.11564760409237701,0.22850640354762672
2013-11-27 18:00:00,0.34136548229210684,0.3413759232806938,0.11909536026849818,0.23023042128030252
2013-11-27 19:00:00,0.34136654177049297,0.34137638949261556,0.12387132125284933,0.23261893151167115
2013-11-27 20:00:00,0.3413692657153945,0.3413777252192788,0.12763385520828444,0.23450156046183945
2013-11-27 21:00:00,0.34136641983182703,0.34137632283818653,0.110413515914969,0.22588996787339802
2013-11-27 22:00:00,0.3413648039665492,0.34137545564154287,0.09756916762879274,0.219466985797671
2013-11-27 23:00:00,0.3413728739864539,0.34137923919732316,0.08586047968517826,0.2136166768358161
2013-11-28 00:00:00,0.34137267102055335,0.34137913004060666,0.0680533558239347,0.20471301342224402
2013-11-28 01:00:00,0.3413723127476623,0.34137895258982665,0.052828418325740145,0.1971003655367012
2013-11-28 02:00:00,0.3413722170137306,0.3413788842407552,0.054447029825463795,0.1979096234195972
2013-11-28 03:00:00,0.3413722298418688,0.3413789315834233,0.06424712144938606,0.20280967564562744
2013-11-28 04:00:00,0.3413723562757119,0.34137894686960996,0.08666987134155259,0.21402111380863223
2013-11-28 05:00:00,0.341361791694245,0.3413737815129862,0.1185431171844562,0.2299524544393506
2013-11-28 06:00:00,0.34136157447388754,0.3413736759361872,0.12605362084751798,0.23370759766070276
2013-11-28 07:00:00,1.6057096752375462e-07,0.07103254688653408,0.12435386782477566,0.06217701419787159
2013-11-28 08:00:00,5.7110010365720706e-08,1.1464746571463927e-06,0.11714900018571359,0.05857452864786197
2013-11-28 09:00:00,4.0557108050670615e-08,6.965843165072545e-07,0.11973771306386534,0.05986887681048669
2013-11-28 10:00:00,3.8031807379164215e-08,6.243400851611425e-07,0.11350362539170979,0.056751831711758585
2013-11-28 11:00:00,3.9054116522828656e-08,6.522402174186435e-07,0.12250135190808162,0.06125069548109907
2013-11-28 12:00:00,4.552491352030522e-08,9.071860148203955e-07,0.12506593280907477,0.06253298916699415
2013-11-28 13:00:00,7.164214005961965e-08,0.03574460662812966,0.1304399901348033,0.06522003088847168
2013-11-28 14:00:00,1.7096396301912708e-07,0.07462266089101549,0.13127445675749966,0.06563731386073134
2013-11-28 15:00:00,0.3413654866731313,0.34137575851013535,0.12100945951242746,0.2311874730927794
2013-11-28 16:00:00,0.3413667611880992,0.3413764472569063,0.11130634331552865,0.22633655225181393
2013-11-28 17:00:00,0.34136753700034783,0.3413768532191467,0.11564760409237701,0.22850757054636242
2013-11-28 18:00:00,0.34136787835885435,0.34137709832613283,0.11909536026849818,0.23023161931367625
2013-11-28 19:00:00,0.34136787835885435,0.34137713227526645,0.12387132125284933,0.23261959980585184
2013-11-28 20:00:00,0.3413676921632207,0.3413770606454243,0.12763385520828444,0.23450077368575256
2013-11-28 21:00:00,0.3413672244840261,0.34137681180710855,0.110413515914969,0.22589037019949756
2013-11-28 22:00:00,0.34136982869300564,0.34137806328753884,0.09756916762879274,0.2194694981608992
2013-11-28 23:00:00,0.34136827047234913,0.3413772614881798,0.08586047968517826,0.21361437507876369
2013-11-29 00:00:00,0.3413736747242751,0.3413796989599726,0.0680533558239347,0.2047135152741049
2013-11-29 01:00:00,0.34137342243370716,0.34137957204530467,0.052828418325740145,0.19710092037972365
2013-11-29 02:00:00,0.3413732751514878,0.3413795065077568,0.054447029825463795,0.1979101524884758
2013-11-29 03:00:00,0.34137323769000855,0.3413794452869963,0.06424712144938606,0.2028101795696973
2013-11-29 04:00:00,0.34137331683984556,0.34137946424051635,0.08666987134155259,0.21402159409069907
2013-11-29 05:00:00,0.34136346740343726,0.3413747656561003,0.1185431171844562,0.22995329229394673
2013-11-29 06:00:00,0.3413633432762662,0.3413746437259557,0.12605362084751798,0.2337084820618921
2013-11-29 07:00:00,1.6773267303316525e-07,0.07350254555041663,0.12435386782477566,0.06217701777872434
2013-11-29 08:00:00,5.743100545303568e-08,0.019107363250876103,0.11714900018571359,0.05857452880835952
2013-11-29 09:00:00,4.585259297202941e-08,2.3476113365989004e-06,0.11973771306386534,0.059868879458229156
2013-11-29 10:00:00,3.831219164432556e-08,7.161949737494911e-07,0.11350362539170979,0.056751831851950714
2013-11-29 11:00:00,3.9475702665533665e-08,6.705188185058353e-07,0.12250135190808162,0.06125069569189214
2013-11-29 12:00:00,4.6032983898870606e-08,8.692609323835164e-07,0.12506593280907477,0.06253298942102933
2013-11-29 13:00:00,7.360261569957042e-08,0.021977817464961323,0.1304399901348033,0.0652200318687095
2013-11-29 14:00:00,2.0626999830606495e-07,0.08614907246291448,0.13127445675749966,0.06563733151374898
2013-11-29 15:00:00,0.34136561080189415,0.3413759307427499,0.12100945951242746,0.2311875351571608
2013-11-29 16:00:00,0.3413662624793802,0.3413763342158949,0.11130634331552865,0.2263363028974544
2013-11-29 17:00:00,0.34136672796482215,0.3413765642130829,0.11564760409237701,0.22850716602859958
2013-11-29 18:00:00,0.34136679002964365,0.3413765478604279,0.11909536026849818,0.23023107514907093
2013-11-29 19:00:00,0.3413662314470625,0.34137633421589486,0.12387132125284933,0.23261877634995592
2013-11-29 20:00:00,0.34136726647157495,0.34137682424529586,0.12763385520828444,0.2345005608399297
2013-11-29 21:00:00,0.3413705574527086,0.34137836562413254,0.110413515914969,0.2258920366838388
2013-11-29 22:00:00,0.28442028985507245,0.3440434997528424,0.09756916762879274,0.1909947287419326
2013-11-29 23:00:00,0.26108998732572875,0.34536447275300775,0.08586047968517826,0.17347523350545352
2013-11-30 00:00:00,0.2408874801901744,0.34601449275362317,0.0680533558239347,0.15447041800705455
2013-11-30 01:00:00,0.25717852684144815,0.3429374560787069,0.052828418325740145,0.15500347258359415
2013-11-30 02:00:00,0.25798525798525795,0.34232365145228216,0.054447029825463795,0.15621614390536087
2013-11-30 03:00:00,0.3413722205009088,0.34137898175449616,0.06424712144938606,0.20280967097514743
2013-11-30 04:00:00,0.34137137473117535,0.3413786517719827,0.08666987134155259,0.21402062303636396
2013-11-30 05:00:00,0.34137234533440314,0.34137904314421147,0.1185431171844562,0.22995773125942967
2013-11-30 06:00:00,0.3413670554576184,0.3413764504368256,0.12605362084751798,0.2337103381525682
2013-11-30 07:00:00,3.9000253631649456e-07,0.13298341386794654,0.12435386782477566,0.06217712891365599
2013-11-30 08:00:00,2.1165261465763032e-07,9.11668854457743e-05,0.11714900018571359,0.05857460591916412
2013-11-30 09:00:00,1.9782890687857047e-07,2.5578656194846024e-05,0.11973771306386534,0.05986895544638611
2013-11-30 10:00:00,1.4493526377871772e-07,5.7326011917478946e-05,0.11350362539170979,0.05675188516348678
2013-11-30 11:00:00,1.668942795576352e-07,4.551992836846694e-05,0.12250135190808162,0.06125075940118059
2013-11-30 12:00:00,2.3704678268385895e-07,9.570734182053035e-05,0.12506593280907477,0.06253308492792872
2013-11-30 13:00:00,3.8492248366870137e-07,0.13192255514628984,0.1304399901348033,0.06522018752864349
2013-11-30 14:00:00,8.628253426758783e-07,0.19984112285094377,0.13127445675749966,0.06563765979142117
2013-11-30 15:00:00,0.34136570389852555,0.3413760350772818,0.12100945951242746,0.2311875817054765
2013-11-30 16:00:00,0.3413662004147505,0.3413762650740215,0.11130634331552865,0.22633627186513958
2013-11-30 17:00:00,0.3413663245440325,0.34137633545963597,0.11564760409237701,0.22850696431820475
2013-11-30 18:00:00,0.3413662314470626,0.34137630026682514,0.11909536026849818,0.2302307958577804
2013-11-30 19:00:00,0.34136564183409895,0.34137598353185455,0.12387132125284933,0.23261848154347414
2013-11-30 20:00:00,0.34136992144379136,0.3413779271289152,0.12763385520828444,0.2345018883260379
2013-11-30 21:00:00,0.3413691788399633,0.3413775424889913,0.110413515914969,0.22589134737746616
2013-11-30 22:00:00,0.34137205608308563,0.34137859580208413,0.09756916762879274,0.2194706118559392
2013-11-30 23:00:00,0.34137089514997954,0.3413781986414914,0.08586047968517826,0.21361568741757891
2013-12-01 00:00:00,0.3413706277175827,0.3413781018881437,0.06977273032191321,0.20557167901974796
2013-12-01 01:00:00,0.3413704480372871,0.3413778918375135,0.06606573109056009,0.2037180895639236
2013-12-01 02:00:00,0.3413697946228223,0.3413775937904269,0.06557871419340137,0.20347425440811184
2013-12-01 03:00:00,0.3127253992787222,0.33580315951349093,0.07021014518542085,0.19146777223207154
2013-12-01 04:00:00,0.28852166145600716,0.3297110397629044,0.09548453203002846,0.1920030967430178
2013-12-01 05:00:00,0.3233724653148346,0.33672801338473846,0.0996393988892666,0.2115059321020506
2013-12-01 06:00:00,0.341362154484634,0.34137339632764135,0.09170752001060238,0.21653483724761818
2013-12-01 07:00:00,1.8610657740554075e-07,4.595721461797917e-05,0.08920051701543323,0.044600351561005315
2013-12-01 08:00:00,4.11146955968669e-08,3.485292121865975e-07,0.10001606407074311,0.05000805259271935
2013-12-01 09:00:00,3.0837304545994114e-08,2.90279659731561e-07,0.10576805388968268,0.05288404236349361
2013-12-01 10:00:00,2.510578825999113e-08,2.0964526900787544e-07,0.0952499809446291,0.047625003025208675
2013-12-01 11:00:00,3.2562001812361944e-08,3.0651463586869564e-07,0.10004416247642728,0.05002209751921455
2013-12-01 12:00:00,4.00577074003323e-08,3.294326781059275e-07,0.10528939977828855,0.052644719917997976
2013-12-01 13:00:00,5.7837019410516834e-08,5.833232950502854e-07,0.11805101688914545,0.05902553736308243
2013-12-01 14:00:00,1.5480186084220884e-07,3.629899661086192e-06,0.10808997771610629,0.054045066258983566
2013-12-01 15:00:00,0.3413585644488204,0.34137186603072067,0.10253290260750524,0.22194573352816283
2013-12-01 16:00:00,0.3413610491291589,0.34137327619875585,0.09706880242416832,0.2192149257766636
2013-12-01 17:00:00,0.34136256967319106,0.34137412081350843,0.09837245175285461,0.21986751071302285
2013-12-01 18:00:00,0.3413634075297729,0.34137459591114344,0.09382030460296216,0.21759185606636752
2013-12-01 19:00:00,0.3413636247525211,0.34137473668106705,0.11401951733737349,0.22769157104494728
2013-12-01 20:00:00,0.3413649058241453,0.3413753825830674,0.11539645618178031,0.2283806810029628
2013-12-01 21:00:00,0.34136747895980973,0.34137656490622464,0.11479110377156498,0.22807929136568736
2013-12-01 22:00:00,0.3413691697224609,0.34137739513222276,0.09765560394472844,0.21951238683359467
2013-12-01 23:00:00,0.34137165365499705,0.34137847670009824,0.08844139689236827,0.21490652527368265
2013-12-02 00:00:00,0.3413714290601348,0.34137831628968834,0.06977273032191321,0.205572079691024
2013-12-02 01:00:00,0.3413710839260313,0.3413781502258098,0.06606573109056009,0.2037184075082957
2013-12-02 02:00:00,0.3413708693339715,0.341378034453419,0.06557871419340137,0.20347479176368644
2013-12-02 03:00:00,0.3413707312258794,0.34137794429356977,0.07021014518542085,0.20579043820565013
2013-12-02 04:00:00,0.3413706285967242,0.34137789345339553,0.09548453203002846,0.21842758031337633
2013-12-02 05:00:00,0.3413631344396024,0.341374067458498,0.0996393988892666,0.2205012666644345
2013-12-02 06:00:00,0.3413582252976086,0.3413716573654953,0.09170752001060238,0.2165328726541055
2013-12-02 07:00:00,2.4306297591561895e-07,0.09714185225244844,0.08920051701543323,0.04460038003920457
2013-12-02 08:00:00,9.374193819331537e-08,1.699994209740652e-06,0.10001606407074311,0.05000807890634065
2013-12-02 09:00:00,5.153840140277515e-08,4.918514715198352e-07,0.10576805388968268,0.05288405271404204
2013-12-02 10:00:00,3.613985161254e-08,3.109298897909006e-07,0.0952499809446291,0.04762500854224035
2013-12-02 11:00:00,3.5056266446976055e-08,3.016072156190916e-07,0.10004416247642728,0.05002209876634686
2013-12-02 12:00:00,4.429507694516799e-08,4.2272554669257545e-07,0.10528939977828855,0.052644722036682745
2013-12-02 13:00:00,6.857875493778823e-08,1.190881649576463e-06,0.11805101688914545,0.05902554273395019
2013-12-02 14:00:00,1.690517393930693e-07,0.07397273585545797,0.10808997771610629,0.054045073383922844
2013-12-02 15:00:00,0.3413561046726994,0.3413720694459629,0.10253290260750524,0.22194450364010232
2013-12-02 16:00:00,0.3413572838288067,0.3413726538365567,0.09706880242416832,0.2192130431264875
2013-12-02 17:00:00,0.34135883755105845,0.34137328088094937,0.09837245175285461,0.21986564465195652
2013-12-02 18:00:00,0.34136008316643324,0.3413736816680182,0.09382030460296216,0.2175901938846977
2013-12-02 19:00:00,0.3413602383218277,0.3413738551413334,0.11401951733737349,0.2276898778296006
2013-12-02 20:00:00,0.3413702635038209,0.34137841433645677,0.11539645618178031,0.2283833598428006
2013-12-02 21:00:00,0.3413694588383184,0.34137795931276926,0.11479110377156498,0.22808028130494168
2013-12-02 22:00:00,0.3413684679797009,0.34137739871079076,0.09765560394472844,0.21951203596221466
2013-12-02 23:00:00,0.341372035418568,0.34137888783830656,0.08844139689236827,0.21490671615546814
2013-12-03 00:00:00,0.34137182407599914,0.3413787865174702,0.06977273032191321,0.20557227719895618
2013-12-03 01:00:00,0.3413723773902307,0.3413790053459196,0.06606573109056009,0.20371905424039538
2013-12-03 02:00:00,0.3413720544770602,0.34137877783549114,0.06557871419340137,0.2034753843352308
2013-12-03 03:00:00,0.3413717332665661,0.34137857323406207,0.07021014518542085,0.20579093922599348
2013-12-03 04:00:00,0.3413698379077839,0.3413776263528807,0.09548453203002846,0.21842718496890617
2013-12-03 05:00:00,0.34135986775212707,0.34137260506207173,0.0996393988892666,0.22049963332069683
2013-12-03 06:00:00,0.3413578463625616,0.3413715242501869,0.09170752001060238,0.216532683186582
2013-12-03 07:00:00,2.0538110357839148e-07,0.08586970502597893,0.08920051701543323,0.04460036119826841
2013-12-03 08:00:00,4.577583504261935e-08,5.659284447818701e-07,0.10001606407074311,0.05000805492328907
2013-12-03 09:00:00,2.695558452861584e-08,2.291845299296375e-07,0.10576805388968268,0.0528840404226336
2013-12-03 10:00:00,2.079596947492735e-08,1.4602911570344264e-07,0.0952499809446291,0.047625000870299285
2013-12-03 11:00:00,2.0952327274513938e-08,1.4712704287738125e-07,0.10004416247642728,0.05002209171437728
2013-12-03 12:00:00,2.9182087430082568e-08,2.74698643514616e-07,0.10528939977828855,0.05264471448018799
2013-12-03 13:00:00,6.406762876384107e-08,7.660154311498399e-07,0.11805101688914545,0.0590255404783871
2013-12-03 14:00:00,1.6907161330631921e-07,0.07397957317171594,0.10808997771610629,0.0540450733938598
2013-12-03 15:00:00,0.34136063039768566,0.34137335442343425,0.10253290260750524,0.22194676650259546
2013-12-03 16:00:00,0.3413630818831452,0.34137471056789237,0.09706880242416832,0.21921594215365675
2013-12-03 17:00:00,0.34136435418694616,0.34137544836584216,0.09837245175285461,0.2198684029699004
2013-12-03 18:00:00,0.3413649127623425,0.3413758166441019,0.09382030460296216,0.21759260868265232
2013-12-03 19:00:00,0.34136491276234254,0.3413758166441019,0.11401951733737349,0.227692215049858
2013-12-03 20:00:00,0.34136444728271864,0.3413756030014145,0.11539645618178031,0.22838045173224947
2013-12-03 21:00:00,0.3413682795921304,0.34137744403689013,0.11479110377156498,0.2280796916818477
2013-12-03 22:00:00,0.34136706932161975,0.3413767741265724,0.09765560394472844,0.2195113366331741
2013-12-03 23:00:00,0.3413737907629399,0.3413798459467124,0.08844139689236827,0.21490759382765406
2013-12-04 00:00:00,0.3413725356683145,0.3413792227143219,0.06977273032191321,0.20557263299511386
2013-12-04 01:00:00,0.34137216325856024,0.3413790115480955,0.06606573109056009,0.20371894717456016
2013-12-04 02:00:00,0.341371821883666,0.3413788355764398,0.06557871419340137,0.2034752680385337
2013-12-04 03:00:00,0.34137149147065593,0.3413786192549326,0.07021014518542085,0.2057908183280384
2013-12-04 04:00:00,0.341370067146821,0.3413779704887473,0.09548453203002846,0.21842729958842472
2013-12-04 05:00:00,0.3413612951909771,0.34137353392392605,0.0996393988892666,0.22050034704012184
2013-12-04 06:00:00,0.3413589324428115,0.3413722934989337,0.09170752001060238,0.21653322622670695
2013-12-04 07:00:00,2.1094996252825502e-07,0.087600456279355,0.08920051701543323,0.04460036398269788
2013-12-04 08:00:00,4.469970844423596e-08,4.702153935528331e-07,0.10001606407074311,0.05000805438522578
2013-12-04 09:00:00,3.040637650905516e-08,2.539076834904077e-07,0.10576805388968268,0.052884042148029595
2013-12-04 10:00:00,2.8399052005565193e-08,2.407386615252362e-07,0.0952499809446291,0.04762500467184055
2013-12-04 11:00:00,2.9113195330156128e-08,2.467924259478146e-07,0.10004416247642728,0.0500220957948113
2013-12-04 12:00:00,3.48706381560997e-08,3.0001018711061826e-07,0.10528939977828855,0.05264471732446335
2013-12-04 13:00:00,7.387834025216304e-08,1.3249722583057113e-06,0.11805101688914545,0.05902554538374285
2013-12-04 14:00:00,2.3846555807367236e-07,0.08873023719360178,0.10808997771610629,0.054045108090832183
2013-12-04 15:00:00,0.3413633388964396,0.34137470789346397,0.10253290260750524,0.22194812075197243
2013-12-04 16:00:00,0.3413646710772299,0.341375460801832,0.09706880242416832,0.2192167367506991
2013-12-04 17:00:00,0.34136569513623893,0.34137604148040535,0.09837245175285461,0.21986907344454676
2013-12-04 18:00:00,0.3413667524246299,0.34137664348872954,0.09382030460296216,0.21759352851379601
2013-12-04 19:00:00,0.3413668787451142,0.34137673271465685,0.11401951733737349,0.22769319804124383
2013-12-04 20:00:00,0.34137097253658627,0.3413787106331165,0.11539645618178031,0.22838371435918328
2013-12-04 21:00:00,0.3413687184331353,0.3413776450624273,0.11479110377156498,0.22807991110235015
2013-12-04 22:00:00,0.3413701656735321,0.3413782518747917,0.09765560394472844,0.21951288480913028
2013-12-04 23:00:00,0.3413705158058993,0.34137842144164166,0.08844139689236827,0.2149059563491338
2013-12-05 00:00:00,0.3413703361823217,0.3413783069730808,0.06977273032191321,0.20557153325211747
2013-12-05 01:00:00,0.3413703737911985,0.3413783320341982,0.06606573109056009,0.2037180524408793
2013-12-05 02:00:00,0.3413734360485663,0.3413796374389356,0.06557871419340137,0.20347607512098384
2013-12-05 03:00:00,0.34136925878973856,0.34137768344386793,0.07021014518542085,0.2057897019875797
2013-12-05 04:00:00,0.3413662223219365,0.3413760837661835,0.09548453203002846,0.21842537717598248
2013-12-05 05:00:00,0.3413648879341323,0.34137532712072427,0.0996393988892666,0.22050214341169944
2013-12-05 06:00:00,0.3413598367209803,0.34137268931271514,0.09170752001060238,0.21653367836579135
2013-12-05 07:00:00,2.2364378495039841e-07,0.0914592785590853,0.08920051701543323,0.04460037032960909
2013-12-05 08:00:00,4.2564617523214566e-08,3.9313242037106863e-07,0.10001606407074311,0.050008053317680316
2013-12-05 09:00:00,3.274682210375126e-08,2.734515203786452e-07,0.10576805388968268,0.05288404331825239
2013-12-05 10:00:00,2.563694607981099e-08,2.3354253944270755e-07,0.0952499809446291,0.04762500329078759
2013-12-05 11:00:00,3.628274080452938e-08,2.9379691021409886e-07,0.10004416247642728,0.05002209937958404
2013-12-05 12:00:00,4.26247094033796e-08,3.451505790858218e-07,0.10528939977828855,0.052644721201498976
2013-12-05 13:00:00,5.942348439023588e-08,6.25101083517352e-07,0.11805101688914545,0.05902553815631492
2013-12-05 14:00:00,1.6149772270266802e-07,0.07135066580450791,0.10808997771610629,0.0540450696069145
2013-12-05 15:00:00,0.34135850457557027,0.3413718509208379,0.10253290260750524,0.22194570359153776
2013-12-05 16:00:00,0.3413595906608763,0.34137244918419357,0.09706880242416832,0.2192141965425223
2013-12-05 17:00:00,0.3413601824419695,0.34137275080300616,0.09837245175285461,0.21986631709741206
2013-12-05 18:00:00,0.34136015141074894,0.3413728023479765,0.09382030460296216,0.21759022800685554
2013-12-05 19:00:00,0.34135993638132806,0.34137266406594824,0.11401951733737349,0.22768972685935077
2013-12-05 20:00:00,0.34136451700173664,0.34137484362250436,0.11539645618178031,0.22838048659175847
2013-12-05 21:00:00,0.03980099502487562,0.34086629001883234,0.11479110377156498,0.0772960493982203
2013-12-05 22:00:00,0.03846153846153846,0.336,0.09765560394472844,0.06805857120313345
2013-12-05 23:00:00,0.035242290748898675,0.3193916349809886,0.08844139689236827,0.06184184382063347
2013-12-06 00:00:00,0.0311284046692607,0.30673758865248224,0.06977273032191321,0.050450567495586955
2013-12-06 01:00:00,0.029411764705882353,0.29827586206896556,0.06606573109056009,0.04773874789822122
2013-12-06 02:00:00,0.027874564459930314,0.2902684563758389,0.06557871419340137,0.04672663932666585
2013-12-06 03:00:00,0.026143790849673203,0.28175895765472314,0.07021014518542085,0.04817696801754703
2013-12-06 04:00:00,0.02622950819672131,0.2809917355371901,0.09548453203002846,0.06085702011337489
2013-12-06 05:00:00,0.024242424242424246,0.2698412698412698,0.0996393988892666,0.06194091156584542
2013-12-06 06:00:00,0.30785683730215313,0.328249760459917,0.09170752001060238,0.19978217865637776
2013-12-06 07:00:00,2.3717393031592753e-07,6.34159402307364e-06,0.08920051701543323,0.04460037709468177
2013-12-06 08:00:00,4.4385692254347535e-08,3.931047561334493e-07,0.10001606407074311,0.050008054228217684
2013-12-06 09:00:00,3.3786557097012164e-08,2.735842898940857e-07,0.10576805388968268,0.052884043838119885
2013-12-06 10:00:00,3.00754163621844e-08,2.3592314426098666e-07,0.0952499809446291,0.04762500551002273
2013-12-06 11:00:00,3.04550091043727e-08,2.4660726776124693e-07,0.10004416247642728,0.05002209646571819
2013-12-06 12:00:00,3.50800870201316e-08,2.9293536436665435e-07,0.10528939977828855,0.05264471742918778
2013-12-06 13:00:00,5.847383182002081e-08,6.975488229481893e-07,0.11805101688914545,0.05902553768148863
2013-12-06 14:00:00,1.6451015784420626e-07,2.794300183363851e-06,0.10808997771610629,0.054045071113132066
2013-12-06 15:00:00,0.34135747837033364,0.341371456352556,0.10253290260750524,0.22194519048891945
2013-12-06 16:00:00,0.3413585976683257,0.3413720231512534,0.09706880242416832,0.21921370004624702
2013-12-06 17:00:00,0.3413592182879928,0.3413723411219361,0.09837245175285461,0.21986583502042373
2013-12-06 18:00:00,0.3413591273836373,0.34137230717305245,0.09382030460296216,0.2175897159932997
2013-12-06 19:00:00,0.3413587261693312,0.34137213245627346,0.11401951733737349,0.22768912175335235
2013-12-06 20:00:00,0.32635161670375706,0.3381784333381069,0.11539645618178031,0.22087403644276868
2013-12-06 21:00:00,0.03493449781659389,0.3266998341625208,0.11479110377156498,0.07486280079407943
2013-12-06 22:00:00,0.037914691943127965,0.3333333333333333,0.09765560394472844,0.0677851479439282
2013-12-06 23:00:00,0.034334763948497854,0.31894934333958724,0.08844139689236827,0.06138808042043306
2013-12-07 00:00:00,0.03225806451612904,0.3090909090909091,0.06977273032191321,0.05101539741902113
2013-12-07 01:00:00,0.030075187969924814,0.3,0.06606573109056009,0.04807045953024245
2013-12-07 02:00:00,0.02877697841726619,0.29432013769363163,0.06557871419340137,0.04717784630533378
2013-12-07 03:00:00,0.027118644067796613,0.2854757929883139,0.07021014518542085,0.04866439462660873
2013-12-07 04:00:00,0.025641025641025644,0.2771474878444084,0.09548453203002846,0.060562778835527055
2013-12-07 05:00:00,0.022222222222222223,0.26284875183553597,0.0996393988892666,0.06093081055574441
2013-12-07 06:00:00,0.3413573262500544,0.3413705873556247,0.09170752001060238,0.2165324231303284
2013-12-07 07:00:00,2.4736937783688013e-07,6.342959037963403e-06,0.08920051701543323,0.04460038219240554
2013-12-07 08:00:00,3.764540041815633e-08,3.1912000306240894e-07,0.10001606407074311,0.050008050858071765
2013-12-07 09:00:00,2.4828501594367195e-08,2.1109942692537004e-07,0.10576805388968268,0.05288403935909213
2013-12-07 10:00:00,2.3656666484336855e-08,1.939526811129687e-07,0.0952499809446291,0.04762500230064779
2013-12-07 11:00:00,2.487134043159068e-08,2.0013520605862288e-07,0.10004416247642728,0.050022093673883855
2013-12-07 12:00:00,2.9043040583763262e-08,2.42523180123033e-07,0.10528939977828855,0.05264471441066457
2013-12-07 13:00:00,5.406196073757309e-08,5.608838073241548e-07,0.11805101688914545,0.059025535475553094
2013-12-07 14:00:00,2.431060919847544e-07,0.0971525885840392,0.10808997771610629,0.054045110411099134
2013-12-07 15:00:00,0.3413603664403262,0.34137285513613747,0.10253290260750524,0.22194663452391572
2013-12-07 16:00:00,0.34136238348339815,0.3413739988836351,0.09706880242416832,0.21921559295378323
2013-12-07 17:00:00,0.3413632545607267,0.3413744928206768,0.09837245175285461,0.21986785315679064
2013-12-07 18:00:00,0.34136356487882746,0.3413746687830463,0.09382030460296216,0.2175919347408948
2013-12-07 19:00:00,0.3413633166243017,0.34137456320560283,0.11401951733737349,0.22769141698083759
2013-12-07 20:00:00,0.3413715093512001,0.3413785540221679,0.11539645618178031,0.2283839827664902
2013-12-07 21:00:00,0.3413711190626841,0.34137837413896005,0.11479110377156498,0.22808111141712453
2013-12-07 22:00:00,0.3413721394824303,0.34137854379463034,0.09765560394472844,0.21951387171357936
2013-12-07 23:00:00,0.341369609713459,0.34137761142513573,0.08844139689236827,0.21490550330291364
2013-12-08 00:00:00,0.3413675844901808,0.34137652879502434,0.06977273032191321,0.205570157406047
2013-12-08 01:00:00,0.32946979038224417,0.3395590317578045,0.06606573109056009,0.19776776073640212
2013-12-08 02:00:00,0.030303030303030304,0.32561403508771936,0.06557871419340137,0.04794087224821584
2013-12-08 03:00:00,0.03125,0.3192534381139489,0.07021014518542085,0.05073007259271042
2013-12-08 04:00:00,0.023316062176165803,0.31313131313131315,0.09548453203002846,0.05940029710309713
2013-12-08 05:00:00,0.02064220183486239,0.3036303630363037,0.0996393988892666,0.06014080036206449
2013-12-08 06:00:00,0.016483516483516487,0.2944812362030905,0.09170752001060238,0.05409551824705944
2013-12-08 07:00:00,3.6072082120259274e-07,1.1014071328038689e-05,0.08920051701543323,0.044600438868127215
2013-12-08 08:00:00,7.267723696029376e-08,6.510269613767883e-07,0.10001606407074311,0.050008068373990036
2013-12-08 09:00:00,9.610622182453894e-08,7.003920108676326e-07,0.10576805388968268,0.05288407499795225
2013-12-08 10:00:00,9.9437254744226e-08,7.246675255587216e-07,0.0952499809446291,0.04762504019094192
2013-12-08 11:00:00,6.68145629288618e-08,5.706135903038803e-07,0.10004416247642728,0.0500221146454951
2013-12-08 12:00:00,3.94964670459598e-08,3.3731004890560957e-07,0.10528939977828855,0.052644719637377796
2013-12-08 13:00:00,7.426719849704579e-08,6.878209882959254e-07,0.11805101688914545,0.059025545578171974
2013-12-08 14:00:00,2.1665961304213958e-07,3.3922629021018832e-06,0.10808997771610629,0.054045097187859666
2013-12-08 15:00:00,0.013657056145675268,0.28678117998506353,0.10253290260750524,0.05809497937659025
2013-12-08 16:00:00,0.24283559577677227,0.30418025496590567,0.09706880242416832,0.1699521991004703
2013-12-08 17:00:00,0.24847560975609753,0.30771513353115726,0.09837245175285461,0.17342403075447607
2013-12-08 18:00:00,0.01878914405010439,0.2792534099066762,0.09382030460296216,0.05630472432653327
2013-12-08 19:00:00,0.029304029304029304,0.3035143769968051,0.11401951733737349,0.0716617733207014
2013-12-08 20:00:00,0.03187250996015936,0.3101045296167247,0.11539645618178031,0.07363448307096984
2013-12-08 21:00:00,0.0365296803652968,0.3260437375745527,0.11479110377156498,0.07566039206843089
2013-12-08 22:00:00,0.03846153846153846,0.334020618556701,0.09765560394472844,0.06805857120313345
2013-12-08 23:00:00,0.028880866425992777,0.30559757942511345,0.08844139689236827,0.05866113165918052
2013-12-09 00:00:00,0.02952029520295203,0.30941704035874434,0.06977273032191321,0.04964651276243262
2013-12-09 01:00:00,0.0311284046692607,0.3171471927162367,0.06606573109056009,0.048597067879910395
2013-12-09 02:00:00,0.03292181069958847,0.3245341614906832,0.06557871419340137,0.04925026244649493
2013-12-09 03:00:00,0.034934497816593885,0.33121019108280253,0.07021014518542085,0.052572321501007366
2013-12-09 04:00:00,0.04938271604938272,0.3701149425287356,0.09548453203002846,0.07243362403970559
2013-12-09 05:00:00,0.3413600679624568,0.3413748650905208,0.0996393988892666,0.2204997334258617
2013-12-09 06:00:00,0.3413626470645452,0.3413741382210211,0.09170752001060238,0.2165350835375738
2013-12-09 07:00:00,5.578900464549462e-07,0.15397726665070202,0.08920051701543323,0.04460053745273984
2013-12-09 08:00:00,2.239929723947079e-07,0.09156164928119863,0.10001606407074311,0.05000814403185775
2013-12-09 09:00:00,1.8586751400775032e-07,0.07961130036600027,0.10576805388968268,0.05288411987859834
2013-12-09 10:00:00,2.409146856051307e-07,9.657804523842406e-05,0.0952499809446291,0.04762511092965735
2013-12-09 11:00:00,2.559910582892209e-07,7.594565235858204e-05,0.10004416247642728,0.05002220923374279
2013-12-09 12:00:00,2.0508438835199062e-07,6.331841998040848e-05,0.10528939977828855,0.05264480243133845
2013-12-09 13:00:00,2.256893285584493e-07,0.09207212823498008,0.11805101688914545,0.059025621289237
2013-12-09 14:00:00,5.208249241809117e-07,0.14818789907004995,0.10808997771610629,0.05404524927051523
2013-12-09 15:00:00,0.34136309758593464,0.3413754098145181,0.10253290260750524,0.22194800009671994
2013-12-09 16:00:00,0.34136465136472777,0.3413762242154024,0.09706880242416832,0.21921672689444804
2013-12-09 17:00:00,0.34136511684416443,0.3413764366145318,0.09837245175285461,0.21986878429850953
2013-12-09 18:00:00,0.3413652409722286,0.3413764554545797,0.09382030460296216,0.21759277278759537
2013-12-09 19:00:00,0.3413645272370923,0.3413761022852463,0.11401951733737349,0.2276920222872329
2013-12-09 20:00:00,0.3413636583461722,0.34137562718686165,0.11539645618178031,0.22838005726397625
2013-12-09 21:00:00,0.34137051396023477,0.3413786594453008,0.11479110377156498,0.22808080886589988
2013-12-09 22:00:00,0.34137184804718124,0.3413790901182321,0.09765560394472844,0.21951372599595484
2013-12-09 23:00:00,0.34137445387575316,0.3413800713879816,0.08844139689236827,0.21490792538406073
2013-12-10 00:00:00,0.3413740705140738,0.34137992805112144,0.06977273032191321,0.20557340041799352
2013-12-10 01:00:00,0.3413738272221057,0.34137976144111537,0.06606573109056009,0.20371977915633288
2013-12-10 02:00:00,0.34137356976840305,0.3413796442671646,0.06557871419340137,0.20347614198090222
2013-12-10 03:00:00,0.34137347883230407,0.3413795587418078,0.07021014518542085,0.20579181200886246
2013-12-10 04:00:00,0.3413721610661329,0.34137892356224503,0.09548453203002846,0.2184283465480807
2013-12-10 05:00:00,0.34136346959338704,0.3413746826488521,0.0996393988892666,0.22050143424132682
2013-12-10 06:00:00,0.3413603887152157,0.3413730677231036,0.09170752001060238,0.21653395436290904
2013-12-10 07:00:00,3.8244361968353174e-07,0.12300083190777218,0.08920051701543323,0.04460044972952646
2013-12-10 08:00:00,1.1460349850863921e-07,0.019433651931694898,0.10001606407074311,0.05000808933712081
2013-12-10 09:00:00,6.161889925582856e-08,6.481953619657217e-07,0.10576805388968268,0.05288405775429097
2013-12-10 10:00:00,4.266709811636283e-08,4.2107051769988545e-07,0.0952499809446291,0.04762501180586361
2013-12-10 11:00:00,4.235577961166852e-08,4.17998153787898e-07,0.10004416247642728,0.05002210241610344
2013-12-10 12:00:00,5.053942971509667e-08,5.042413438505362e-07,0.10528939977828855,0.05264472515885913
2013-12-10 13:00:00,9.587201826971269e-08,7.738756215941638e-06,0.11805101688914545,0.05902555638058186
2013-12-10 14:00:00,3.1513891417878677e-07,0.10821587960285724,0.10808997771610629,0.05404514642751023
2013-12-10 15:00:00,0.3413616701369525,0.341374684642404,0.10253290260750524,0.22194728637222888
2013-12-10 16:00:00,0.3413611050053625,0.34137478791932385,0.09706880242416832,0.2192149537147654
2013-12-10 17:00:00,0.3413624105121605,0.3413754778978863,0.09837245175285461,0.21986743113250756
2013-12-10 18:00:00,0.3413629070166895,0.341375657590249,0.09382030460296216,0.2175916058098258
2013-12-10 19:00:00,0.34136499271619053,0.34137656992233495,0.11401951733737349,0.227692255026782
2013-12-10 20:00:00,0.3413652431626665,0.3413765937374907,0.11539645618178031,0.22838084967222338
2013-12-10 21:00:00,0.34137169541410645,0.34137934696022704,0.11479110377156498,0.22808139959283572
2013-12-10 22:00:00,0.34137325552167186,0.34137991077117086,0.09765560394472844,0.21951442973320015
2013-12-10 23:00:00,0.3413726304627843,0.3413796405965802,0.08844139689236827,0.2149070136775763
2013-12-11 00:00:00,0.3413740015263754,0.34138007679693716,0.06977273032191321,0.20557336592414432
2013-12-11 01:00:00,0.3413737974440504,0.34137998490183225,0.06606573109056009,0.20371976426730523
2013-12-11 02:00:00,0.3413737087270149,0.34137993708767395,0.06557871419340137,0.20347621146020814
2013-12-11 03:00:00,0.3413736733070858,0.3413798969159848,0.07021014518542085,0.20579190924625332
2013-12-11 04:00:00,0.3413700616152097,0.34137837647535957,0.09548453203002846,0.21842729682261908
2013-12-11 05:00:00,0.3413684657883553,0.34137754961605177,0.0996393988892666,0.22050393233881094
2013-12-11 06:00:00,0.3413622396505178,0.3413745712296521,0.09170752001060238,0.2165348798305601
2013-12-11 07:00:00,6.15785197866255e-07,0.1623567469020971,0.08920051701543323,0.044600566400315546
2013-12-11 08:00:00,1.380280094718501e-07,4.901937388604899e-05,0.10001606407074311,0.05000810104937629
2013-12-11 09:00:00,1.026800110369603e-07,4.80673266833154e-06,0.10576805388968268,0.052884078284846855
2013-12-11 10:00:00,7.590387256529199e-08,1.397311552405788e-06,0.0952499809446291,0.04762502842425083
2013-12-11 11:00:00,8.29833441640428e-08,1.9318544637439734e-06,0.10004416247642728,0.050022122729885724
2013-12-11 12:00:00,9.264064468501117e-08,3.930443926216238e-06,0.10528939977828855,0.05264474620946662
2013-12-11 13:00:00,1.2755655219741672e-07,0.05893366774198653,0.11805101688914545,0.05902557222284882
2013-12-11 14:00:00,3.4319149766401567e-07,0.11461478055502655,0.10808997771610629,0.05404516045380198
2013-12-11 15:00:00,0.3413607946932214,0.3413746974521004,0.10253290260750524,0.22194684865036332
2013-12-11 16:00:00,0.34136194285096133,0.34137524541754094,0.09706880242416832,0.21921537263756483
2013-12-11 17:00:00,0.34136274966912894,0.34137570416061247,0.09837245175285461,0.21986760071099176
2013-12-11 18:00:00,0.34136293585847843,0.3413757921414292,0.09382030460296216,0.2175916202307203
2013-12-11 19:00:00,0.3413636828079076,0.3413761490399444,0.11401951733737349,0.22769160007264053
2013-12-11 20:00:00,0.341368601229585,0.3413781948290169,0.11539645618178031,0.22838252870568265
2013-12-11 21:00:00,0.3413696629186927,0.3413784761939224,0.11479110377156498,0.22808038334512884
2013-12-11 22:00:00,0.3413712299149933,0.34137913579968177,0.09765560394472844,0.21951341692986087
2013-12-11 23:00:00,0.3413735056494933,0.3413799505894666,0.08844139689236827,0.2149074512709308
2013-12-12 00:00:00,0.3413746983622877,0.3413802571728111,0.06977273032191321,0.20557371434210045
2013-12-12 01:00:00,0.3413744731081388,0.34138012168318294,0.06606573109056009,0.20372010209934943
2013-12-12 02:00:00,0.34137442871017937,0.3413801278423136,0.06557871419340137,0.20347657145179038
2013-12-12 03:00:00,0.34137436869227106,0.3413800654006565,0.07021014518542085,0.20579225693884595
2013-12-12 04:00:00,0.3413710101460416,0.34137873445047484,0.09548453203002846,0.21842777108803502
2013-12-12 05:00:00,0.34136800248938964,0.3413773045086708,0.0996393988892666,0.22050370068932812
2013-12-12 06:00:00,0.34135903467960027,0.34137315751881386,0.09170752001060238,0.21653327734510133
2013-12-12 07:00:00,3.967210214138106e-07,0.12589911817085414,0.08920051701543323,0.04460045686822732
2013-12-12 08:00:00,1.0078656748880211e-07,0.048321880049798836,0.10001606407074311,0.0500080824286553
2013-12-12 09:00:00,7.872232683884925e-08,5.7701526298994484e-06,0.10576805388968268,0.05288406630600476
2013-12-12 10:00:00,7.017233952334455e-08,5.616966605778117e-06,0.0952499809446291,0.04762502555848431
2013-12-12 11:00:00,5.2443329475951635e-08,7.564180729855456e-07,0.10004416247642728,0.050022107459878375
2013-12-12 12:00:00,5.91914596562652e-08,1.1033836532863007e-06,0.10528939977828855,0.0526447294848741
2013-12-12 13:00:00,7.909153702977883e-08,0.03911751091205003,0.11805101688914545,0.05902554799034124
2013-12-12 14:00:00,2.151991316112482e-07,0.08215680846940605,0.10808997771610629,0.05404509645761895
2013-12-12 15:00:00,0.3413627850801718,0.3413755205517694,0.10253290260750524,0.22194784384383853
2013-12-12 16:00:00,0.34136380912486547,0.34137610122607437,0.09706880242416832,0.2192163057745169
2013-12-12 17:00:00,0.34136480433408356,0.34137661524856816,0.09837245175285461,0.21986862804346907
2013-12-12 18:00:00,0.3413653318778734,0.34137684648800926,0.09382030460296216,0.21759281824041776
2013-12-12 19:00:00,0.3413652720042588,0.34137674464156165,0.11401951733737349,0.22769239467081615
2013-12-12 20:00:00,0.3413664844486197,0.34137719574464953,0.11539645618178031,0.2283814703152
2013-12-12 21:00:00,0.3413670474121278,0.34137741560865537,0.11479110377156498,0.2280790755918464
2013-12-12 22:00:00,0.34137132301471435,0.3413791533963839,0.09765560394472844,0.2195134634797214
2013-12-12 23:00:00,0.34137235116044395,0.3413794470312936,0.08844139689236827,0.21490687402640613
2013-12-13 00:00:00,0.34137444671509276,0.34138024144899914,0.06977273032191321,0.205573588518503
2013-12-13 01:00:00,0.3413742941344338,0.34138001202146706,0.06606573109056009,0.20372001261249695
2013-12-13 02:00:00,0.3413741128584543,0.3413799269828722,0.06557871419340137,0.20347641352592785
2013-12-13 03:00:00,0.3413740185348061,0.3413799193287451,0.07021014518542085,0.20579208186011347
2013-12-13 04:00:00,0.341372582727429,0.3413792936364766,0.09548453203002846,0.21842855737872874
2013-12-13 05:00:00,0.3413657349307473,0.3413760011282263,0.0996393988892666,0.22050256691000694
2013-12-13 06:00:00,0.34135850934369133,0.34137263958648045,0.09170752001060238,0.21653301467714686
2013-12-13 07:00:00,4.5246671960225645e-07,0.13651578885768298,0.08920051701543323,0.04460048474107642
2013-12-13 08:00:00,1.1610721458882507e-07,0.05447456674393189,0.10001606407074311,0.05000809008897885
2013-12-13 09:00:00,9.228617685040014e-08,1.2960633389656626e-06,0.10576805388968268,0.052884073087929764
2013-12-13 10:00:00,8.570628503257793e-08,9.596718637913327e-07,0.0952499809446291,0.04762503332545706
2013-12-13 11:00:00,8.596647573942237e-08,1.0196876062208578e-06,0.10004416247642728,0.05002212422145151
2013-12-13 12:00:00,9.82670072797673e-08,1.2401872977480641e-06,0.10528939977828855,0.052644749022647916
2013-12-13 13:00:00,1.5310735979933546e-07,7.009782229216885e-05,0.11805101688914545,0.059025584998252625
2013-12-13 14:00:00,4.1792921340665103e-07,0.13006595737368482,0.10808997771610629,0.054045197822659846
2013-12-13 15:00:00,0.3413601098194944,0.3413744436470497,0.10253290260750524,0.22194650621349982
2013-12-13 16:00:00,0.3413629690798572,0.34137574308383717,0.09706880242416832,0.21921588575201276
2013-12-13 17:00:00,0.34136365177619116,0.3413761302000335,0.09837245175285461,0.2198680517645229
2013-12-13 18:00:00,0.3413635897127752,0.3413760950076157,0.09382030460296216,0.21759194715786867
2013-12-13 19:00:00,0.3413658305817662,0.34137704502291316,0.11401951733737349,0.22769267395956985
2013-12-13 20:00:00,0.3413664844486197,0.34137721334102944,0.11539645618178031,0.2283814703152
2013-12-13 21:00:00,0.3413682310292096,0.3413778491190283,0.11479110377156498,0.2280796674003873
2013-12-13 22:00:00,0.3413720145168982,0.3413794649829666,0.09765560394472844,0.21951380923081332
2013-12-13 23:00:00,0.34137360313687154,0.3413799392141134,0.08844139689236827,0.2149075000146199
2013-12-14 00:00:00,0.3413716041642065,0.3413790737656274,0.06977273032191321,0.20557216724305985
2013-12-14 01:00:00,0.34137347766022863,0.3413797630742155,0.06606573109056009,0.20371960437539435
2013-12-14 02:00:00,0.3413730654428702,0.3413795243554846,0.06557871419340137,0.2034758898181358
2013-12-14 03:00:00,0.34137363037508994,0.3413797497929101,0.07021014518542085,0.2057918877802554
2013-12-14 04:00:00,0.341368786720325,0.3413774283830353,0.09548453203002846,0.21842665937517675
2013-12-14 05:00:00,0.34136766296487336,0.34137685658476286,0.0996393988892666,0.22050353092706998
2013-12-14 06:00:00,0.34136714417360536,0.34137646430206536,0.09170752001060238,0.21653733209210388
2013-12-14 07:00:00,5.192828772702615e-07,0.15682541809948197,0.08920051701543323,0.04460051814915525
2013-12-14 08:00:00,1.465324822053803e-07,4.0416093945690126e-06,0.10001606407074311,0.050008105301612656
2013-12-14 09:00:00,1.0490056947072433e-07,1.1262455636021186e-06,0.10576805388968268,0.05288407939512607
2013-12-14 10:00:00,9.44568267598781e-08,1.055092699932435e-06,0.0952499809446291,0.04762503770072793
2013-12-14 11:00:00,9.443398790386954e-08,1.1060431123315818e-06,0.10004416247642728,0.05002212845520759
2013-12-14 12:00:00,1.2651962524191149e-07,1.6807906102872669e-06,0.10528939977828855,0.0526447631489569
2013-12-14 13:00:00,1.7697620535009247e-07,2.586203755003276e-06,0.11805101688914545,0.059025596932675395
2013-12-14 14:00:00,5.435746862921771e-07,0.15178275968733151,0.10808997771610629,0.05404526064539629
2013-12-14 15:00:00,0.3413592230538531,0.34137319768364566,0.10253290260750524,0.22194606283067916
2013-12-14 16:00:00,0.3413606837034994,0.34137390774019205,0.09706880242416832,0.21921474306383387
2013-12-14 17:00:00,0.3413614905170041,0.34137436523798415,0.09837245175285461,0.21986697113492937
2013-12-14 18:00:00,0.3413613353602647,0.34137424330878324,0.09382030460296216,0.21759081998161342
2013-12-14 19:00:00,0.34136628693949306,0.3413764977423621,0.11401951733737349,0.22769290213843327
2013-12-14 20:00:00,0.3413666348676322,0.341376579321955,0.11539645618178031,0.22838154552470624
2013-12-14 21:00:00,0.34136577034415977,0.34137607648853274,0.11479110377156498,0.22807843705786238
2013-12-14 22:00:00,0.26724137931034486,0.3411131059245961,0.09765560394472844,0.18244849162753665
2013-12-14 23:00:00,0.04054054054054054,0.3409363745498199,0.08844139689236827,0.0644909687164544
2013-12-15 00:00:00,0.045454545454545456,0.3575757575757576,0.06977273032191321,0.05761363788822933
2013-12-15 01:00:00,0.030303030303030304,0.3126436781609196,0.06606573109056009,0.0481843806967952
2013-12-15 02:00:00,0.02830188679245283,0.30424528301886794,0.06557871419340137,0.046940300492927106
2013-12-15 03:00:00,0.02535211267605634,0.2935483870967742,0.07021014518542085,0.04778112893073859
2013-12-15 04:00:00,0.028880866425992777,0.30387596899224806,0.09548453203002846,0.06218269922801062
2013-12-15 05:00:00,0.029197080291970802,0.30033557046979864,0.0996393988892666,0.0644182395906187
2013-12-15 06:00:00,0.027118644067796613,0.2885572139303482,0.09170752001060238,0.0594130820391995
2013-12-15 07:00:00,3.530196350844858e-07,5.862231987546877e-06,0.08920051701543323,0.044600435017534155
2013-12-15 08:00:00,8.814208904331253e-08,8.475474096832291e-07,0.10001606407074311,0.050008076106416076
2013-12-15 09:00:00,1.0145704748679353e-07,1.2900752489339791e-06,0.10576805388968268,0.05288407767336508
2013-12-15 10:00:00,7.865426684397136e-08,9.468154808118375e-07,0.0952499809446291,0.04762502979944797
2013-12-15 11:00:00,7.545152510059897e-08,8.918967684640815e-07,0.10004416247642728,0.05002211896397619
2013-12-15 12:00:00,9.325082360584452e-08,1.2476700867220967e-06,0.10528939977828855,0.05264474651455608
2013-12-15 13:00:00,1.1895368457997143e-07,1.704443416259961e-06,0.11805101688914545,0.059025567921415015
2013-12-15 14:00:00,2.804186201328792e-07,4.949318315221179e-06,0.10808997771610629,0.05404512906736321
2013-12-15 15:00:00,0.3413593690656505,0.34137264541857554,0.10253290260750524,0.22194613583657788
2013-12-15 16:00:00,0.3413622283253924,0.3413741497889021,0.09706880242416832,0.21921551537478037
2013-12-15 17:00:00,0.34136340533984044,0.3413748159578204,0.09837245175285461,0.2198679285463475
2013-12-15 18:00:00,0.34136396391302404,0.3413751502866561,0.09382030460296216,0.2175921342579931
2013-12-15 19:00:00,0.34136393726129316,0.34137510247202946,0.11401951733737349,0.22769172729933332
2013-12-15 20:00:00,0.3413634119096413,0.34137482341882597,0.11539645618178031,0.2283799340457108
2013-12-15 21:00:00,0.3413689813320727,0.34137745681169146,0.11479110377156498,0.22808004255181885
2013-12-15 22:00:00,0.04938271604938271,0.3690909090909091,0.09765560394472844,0.07351915999705558
2013-12-15 23:00:00,0.04477611940298508,0.34932349323493234,0.08844139689236827,0.06660875814767667
2013-12-16 00:00:00,0.03982300884955753,0.34144144144144145,0.06977273032191321,0.05479786958573537
2013-12-16 01:00:00,0.041474654377880185,0.34332988624612204,0.06606573109056009,0.05377019273422014
2013-12-16 02:00:00,0.04186046511627907,0.3436532507739937,0.06557871419340137,0.05371958965484022
2013-12-16 03:00:00,0.045000000000000005,0.34920634920634924,0.07021014518542085,0.05760507259271043
2013-12-16 04:00:00,0.3081056874160322,0.3403846153846154,0.09548453203002846,0.20179510972303033
2013-12-16 05:00:00,0.3413653289562557,0.34137558093179815,0.0996393988892666,0.22050236392276115
2013-12-16 06:00:00,0.3413619490413377,0.3413739914234103,0.09170752001060238,0.21653473452597005
2013-12-16 07:00:00,4.1378184097242045e-07,0.13782703253643258,0.08920051701543323,0.0446004653986371
2013-12-16 08:00:00,8.268791197507943e-08,1.4358888233811476e-06,0.10001606407074311,0.05000807337932754
2013-12-16 09:00:00,7.427497412445588e-08,3.1512539826321555e-06,0.10576805388968268,0.0528840640823284
2013-12-16 10:00:00,6.546685608022407e-08,2.280580529338865e-06,0.0952499809446291,0.047625023205742585
2013-12-16 11:00:00,6.335810055455727e-08,1.4963560043844514e-06,0.10004416247642728,0.05002211291726392
2013-12-16 12:00:00,7.023489702331083e-08,1.6350714581322005e-06,0.10528939977828855,0.05264473500659279
2013-12-16 13:00:00,8.837766045618804e-08,1.5011467587155325e-06,0.11805101688914545,0.05902555263340295
2013-12-16 14:00:00,2.466274653223972e-07,0.09815669423988369,0.10808997771610629,0.05404511217178581
2013-12-16 15:00:00,0.3413617077366762,0.34137441926969986,0.10253290260750524,0.22194730517209071
2013-12-16 16:00:00,0.34136341447229074,0.34137530280771444,0.09706880242416832,0.21921610844822953
2013-12-16 17:00:00,0.341364345426183,0.34137584829077955,0.09837245175285461,0.2198683985895188
2013-12-16 18:00:00,0.3413645936814118,0.34137597146461623,0.09382030460296216,0.21759244914218698
2013-12-16 19:00:00,0.3413640971713152,0.3413757238733945,0.11401951733737349,0.22769180725434435
2013-12-16 20:00:00,0.34136979800886075,0.3413783201330664,0.11539645618178031,0.22838312709532052
2013-12-16 21:00:00,0.3413710214507438,0.3413788679382609,0.11479110377156498,0.22808106261115438
2013-12-16 22:00:00,0.3413723288966117,0.34137935389258517,0.09765560394472844,0.21951396642067006
2013-12-16 23:00:00,0.3413721824982759,0.34137925826521603,0.08844139689236827,0.21490678969532206
2013-12-17 00:00:00,0.34137286237130776,0.34137950391212213,0.06977273032191321,0.2055727963466105
2013-12-17 01:00:00,0.34137341711333546,0.3413796416737124,0.06606573109056009,0.20371957410194777
2013-12-17 02:00:00,0.34137337258638584,0.34137962638782876,0.06557871419340137,0.2034760433898936
2013-12-17 03:00:00,0.3413739439548834,0.34137986366942497,0.07021014518542085,0.20579204457015213
2013-12-17 04:00:00,0.3413739500096616,0.34137984907820146,0.09548453203002846,0.218429241019845
2013-12-17 05:00:00,0.34136579918580834,0.34137602121198296,0.0996393988892666,0.22050259903753747
2013-12-17 06:00:00,0.34135957096111597,0.34137309191704346,0.09170752001060238,0.21653354548585918
2013-12-17 07:00:00,5.611836980400715e-07,0.15447486382906855,0.08920051701543323,0.044600539099565635
2013-12-17 08:00:00,1.1054778960063188e-07,0.05229453434404791,0.10001606407074311,0.050008087309266355
2013-12-17 09:00:00,8.276117686848694e-08,9.502549392641808e-07,0.10576805388968268,0.05288406832542977
2013-12-17 10:00:00,7.732057232030408e-08,9.318089037495697e-07,0.0952499809446291,0.04762502913260071
2013-12-17 11:00:00,7.809628664945249e-08,1.4302607984227111e-06,0.10004416247642728,0.05002212028635696
2013-12-17 12:00:00,8.932698414995393e-08,1.084977276634308e-06,0.10528939977828855,0.052644744552636354
2013-12-17 13:00:00,1.4093160551602547e-07,3.1382378435513067e-06,0.11805101688914545,0.05902557891037548
2013-12-17 14:00:00,3.7456975513288857e-07,0.12136902546012103,0.10808997771610629,0.05404517614293071
2013-12-17 15:00:00,0.341358551708189,0.34137534427728855,0.10253290260750524,0.22194572715784713
2013-12-17 16:00:00,0.34135988384650456,0.3413759638677737,0.09706880242416832,0.21921434313533644
2013-12-17 17:00:00,0.34136053549830714,0.34137628184024704,0.09837245175285461,0.21986649362558086
2013-12-17 18:00:00,0.3413605665294074,0.3413763509807883,0.09382030460296216,0.21759043556618476
2013-12-17 19:00:00,0.3413650416378762,0.34137766517148455,0.11401951733737349,0.22769227948762483
2013-12-17 20:00:00,0.341364234809304,0.34137730951416206,0.11539645618178031,0.22838034549554215
2013-12-17 21:00:00,0.34136607007634806,0.3413778585501123,0.11479110377156498,0.22807858692395652
2013-12-17 22:00:00,0.3413737414324681,0.3413805750020425,0.09765560394472844,0.21951467268859828
2013-12-17 23:00:00,0.34137505296605836,0.34138075756376124,0.08844139689236827,0.2149082249292133
2013-12-18 00:00:00,0.3413743172513655,0.341380534130105,0.06977273032191321,0.20557352378663937
2013-12-18 01:00:00,0.341373849549638,0.34138028403949733,0.06606573109056009,0.20371979032009904
2013-12-18 02:00:00,0.3413736611536912,0.3413801596165936,0.06557871419340137,0.2034761876735463
2013-12-18 03:00:00,0.3413734417242671,0.34138006789896214,0.07021014518542085,0.20579179345484397
2013-12-18 04:00:00,0.34137128978933445,0.341379220050616,0.09548453203002846,0.21842791090968144
2013-12-18 05:00:00,0.34136568418340774,0.34137657595766197,0.0996393988892666,0.22050254153633717
2013-12-18 06:00:00,0.3413633213771808,0.3413753870579841,0.09170752001060238,0.2165354206938916
2013-12-18 07:00:00,7.135177143972676e-07,0.17492244071664748,0.08920051701543323,0.044600615266573815
2013-12-18 08:00:00,1.4791302365791568e-07,0.06652576384897896,0.10001606407074311,0.050008105991883385
2013-12-18 09:00:00,1.141436234114222e-07,1.7221712159877275e-06,0.10576805388968268,0.052884084016653045
2013-12-18 10:00:00,1.0746229601389435e-07,1.6111678815518322e-06,0.0952499809446291,0.04762504420346256
2013-12-18 11:00:00,1.1098003598166981e-07,1.653377565500948e-06,0.10004416247642728,0.05002213672823163
2013-12-18 12:00:00,1.3260294086470743e-07,1.975514392490569e-06,0.10528939977828855,0.05264476619061471
2013-12-18 13:00:00,2.1929347929377368e-07,9.445716375944912e-05,0.11805101688914545,0.05902561809131237
2013-12-18 14:00:00,5.149080026744321e-07,0.14723132143825687,0.10808997771610629,0.054045246312054485
2013-12-18 15:00:00,0.3413626631436763,0.3413753495645437,0.10253290260750524,0.22194778287559078
2013-12-18 16:00:00,0.34136365615617736,0.34137596418737753,0.09706880242416832,0.21921622929017284
2013-12-18 17:00:00,0.34136415266459436,0.34137624572704706,0.09837245175285461,0.2198683022087245
2013-12-18 18:00:00,0.34136409060096323,0.341376210534563,0.09382030460296216,0.2175921976019627
2013-12-18 19:00:00,0.34136343893419907,0.34137589255887246,0.11401951733737349,0.22769147813578627
2013-12-18 20:00:00,0.34136713831832627,0.34137749985902344,0.11539645618178031,0.22838179725005328
2013-12-18 21:00:00,0.3413693858145171,0.3413783718585505,0.11479110377156498,0.22808024479304104
2013-12-18 22:00:00,0.34137014375533287,0.3413785714620761,0.09765560394472844,0.21951287385003065
2013-12-18 23:00:00,0.3413743829259027,0.3413801446580345,0.08844139689236827,0.2149078899091355
2013-12-19 00:00:00,0.287321063394683,0.35019455252918297,0.06977273032191321,0.1785468968582981
2013-12-19 01:00:00,0.27427184466019416,0.3504330446369087,0.06606573109056009,0.17016878787537712
2013-12-19 02:00:00,0.2725090036014406,0.34874504623513874,0.06557871419340137,0.169043858897421
2013-12-19 03:00:00,0.27272727272727276,0.34914361001317523,0.07021014518542085,0.1714687089563468
2013-12-19 04:00:00,0.3336988304093567,0.3418928833455612,0.09548453203002846,0.21459168121969258
2013-12-19 05:00:00,0.34136415010449156,0.34137522067175763,0.0996393988892666,0.22050177449687908
2013-12-19 06:00:00,0.34136075452268544,0.34137361214780737,0.09170752001060238,0.21653413726664392
2013-12-19 07:00:00,5.180623473529293e-07,0.14774171184243867,0.08920051701543323,0.04460051753889029
2013-12-19 08:00:00,8.02562070618703e-08,1.1974801308498522e-05,0.10001606407074311,0.05000807216347508
2013-12-19 09:00:00,5.5071854106728135e-08,9.406546175394743e-07,0.10576805388968268,0.05288405448076839
2013-12-19 10:00:00,5.214157744422623e-08,8.757606593616848e-07,0.0952499809446291,0.04762501654310327
2013-12-19 11:00:00,5.168787365204246e-08,7.994738932069936e-07,0.10004416247642728,0.05002210708215046
2013-12-19 12:00:00,5.973608508007496e-08,9.239582946992643e-07,0.10528939977828855,0.052644729757186814
2013-12-19 13:00:00,9.660505264390373e-08,0.008344719454276388,0.11805101688914545,0.05902555674709904
2013-12-19 14:00:00,2.440726409970426e-07,0.0902648358451501,0.10808997771610629,0.054045110894373645
2013-12-19 15:00:00,0.341361672326393,0.3413746695332462,0.10253290260750524,0.2219472874669491
2013-12-19 16:00:00,0.3413633790607443,0.34137565491753996,0.09706880242416832,0.21921609074245632
2013-12-19 17:00:00,0.3413643410458085,0.34137620040057726,0.09837245175285461,0.21986839639933153
2013-12-19 18:00:00,0.3413646823966507,0.34137639395949343,0.09382030460296216,0.21759249349980642
2013-12-19 19:00:00,0.3413644962051976,0.3413762883818756,0.11401951733737349,0.22769200677128554
2013-12-19 20:00:00,0.3413671405092949,0.3413774332050766,0.11539645618178031,0.2283817983455376
2013-12-19 21:00:00,0.3413672357975085,0.34137742058427933,0.11479110377156498,0.22807916978453674
2013-12-19 22:00:00,0.34137122991499325,0.3413791521521965,0.09765560394472844,0.21951341692986084
2013-12-19 23:00:00,0.3413728232423121,0.3413796669033675,0.08844139689236827,0.2149071100673402
2013-12-20 00:00:00,0.3413739566677806,0.3413801114630827,0.06977273032191321,0.2055733434948469
2013-12-20 01:00:00,0.34137375730417324,0.34137994064427774,0.06606573109056009,0.20371974419736666
2013-12-20 02:00:00,0.341373502451342,0.3413798263506812,0.06557871419340137,0.2034761083223717
2013-12-20 03:00:00,0.3413733560511445,0.34137971312481,0.07021014518542085,0.20579175061828267
2013-12-20 04:00:00,0.34137162389432824,0.34137897671564615,0.09548453203002846,0.21842807796217834
2013-12-20 05:00:00,0.3413665728028671,0.3413765101800299,0.0996393988892666,0.22050298584606684
2013-12-20 06:00:00,0.3413602536451307,0.34137346143313174,0.09170752001060238,0.21653388682786653
2013-12-20 07:00:00,1.0198149015557378e-06,0.204935111214092,0.08920051701543323,0.04460076841516739
2013-12-20 08:00:00,1.853770580689721e-07,0.07944920233613773,0.10001606407074311,0.050008124723900586
2013-12-20 09:00:00,1.2118660592309233e-07,1.966428217504348e-06,0.10576805388968268,0.052884087538144296
2013-12-20 10:00:00,1.0103540323469391e-07,1.4476989974924129e-06,0.0952499809446291,0.04762504099001617
2013-12-20 11:00:00,9.736922828837518e-08,1.469083674580374e-06,0.10004416247642728,0.050022129922827785
2013-12-20 12:00:00,9.640236960880594e-08,1.4544960366080738e-06,0.10528939977828855,0.05264474809032908
2013-12-20 13:00:00,1.635547676496448e-07,6.773513624860579e-06,0.11805101688914545,0.059025590221956546
2013-12-20 14:00:00,5.065562819741492e-07,0.14586256637139883,0.10808997771610629,0.05404524213619413
2013-12-20 15:00:00,0.3413631172945282,0.34137469794561787,0.10253290260750524,0.2219480099510167
2013-12-20 16:00:00,0.3413639241208258,0.34137519063988814,0.09706880242416832,0.21921636327249705
2013-12-20 17:00:00,0.3413642034077405,0.3413753490062057,0.09837245175285461,0.21986832758029756
2013-12-20 18:00:00,0.3413637689616262,0.34137513660759966,0.09382030460296216,0.21759203678229416
2013-12-20 19:00:00,0.34136268285117843,0.34137455468917444,0.11401951733737349,0.22769110009427596
2013-12-20 20:00:00,0.34136331443439405,0.3413747656561003,0.11539645618178031,0.22837988530808717
2013-12-20 21:00:00,0.3413670726262844,0.34137634803678996,0.11479110377156498,0.2280790881989247
2013-12-20 22:00:00,0.045454545454545456,0.3580508474576271,0.09765560394472844,0.07155507469963696
2013-12-20 23:00:00,0.03940886699507389,0.34141414141414145,0.08844139689236827,0.06392513194372108
2013-12-21 00:00:00,0.03508771929824562,0.3231357552581262,0.06977273032191321,0.05243022481007942
2013-12-21 01:00:00,0.03125,0.30505415162454874,0.06606573109056009,0.048657865545280045
2013-12-21 02:00:00,0.028368794326241138,0.2918825561312608,0.06557871419340137,0.046973754259821254
2013-12-21 03:00:00,0.025316455696202535,0.2768729641693811,0.07021014518542085,0.04776330044081169
2013-12-21 04:00:00,0.022222222222222223,0.2583586626139818,0.09548453203002846,0.058853377126125345
2013-12-21 05:00:00,0.025157232704402517,0.2663139329805997,0.0996393988892666,0.06239831579683455
2013-12-21 06:00:00,0.015779092702169626,0.2109181141439206,0.09170752001060238,0.053743306356386
2013-12-21 07:00:00,7.791120829668667e-07,1.2642181103014775e-05,0.08920051701543323,0.044600648063758096
2013-12-21 08:00:00,3.405201047326335e-07,2.714251487636003e-06,0.10001606407074311,0.05000820229542392
2013-12-21 09:00:00,2.7188815173969e-07,1.8575958746510815e-06,0.10576805388968268,0.05288416288891721
2013-12-21 10:00:00,1.568394037044291e-07,1.0417938523328057e-06,0.0952499809446291,0.0476250688920164
2013-12-21 11:00:00,1.4962176739366138e-07,7.666857221197009e-07,0.10004416247642728,0.050022156049097335
2013-12-21 12:00:00,1.6610490679293075e-07,1.1348629878338586e-06,0.10528939977828855,0.05264478294159767
2013-12-21 13:00:00,4.111045552622959e-07,1.4008736111369729e-05,0.11805101688914545,0.05902571399685035
2013-12-21 14:00:00,7.676321015684738e-07,1.1217532799810964e-05,0.10808997771610629,0.05404537267410393
2013-12-21 15:00:00,0.31322929846759456,0.33125584294172633,0.10253290260750524,0.2078811005375499
2013-12-21 16:00:00,0.3182453909726637,0.3335441259134345,0.09706880242416832,0.207657096698416
2013-12-21 17:00:00,0.3181634576545039,0.33370411568409347,0.09837245175285461,0.20826795470367926
2013-12-21 18:00:00,0.31775700934579443,0.33369164619164615,0.09382030460296216,0.2057886569743783
2013-12-21 19:00:00,0.3170176437108708,0.33341182010831166,0.11401951733737349,0.21551858052412215
2013-12-21 20:00:00,0.02290076335877863,0.27771911298838436,0.11539645618178031,0.06914860977027946
2013-12-21 21:00:00,0.03319502074688797,0.3107344632768361,0.11479110377156498,0.07399306225922647
2013-12-21 22:00:00,0.03125,0.30330882352941174,0.09765560394472844,0.06445280197236422
2013-12-21 23:00:00,0.02952029520295203,0.2991150442477876,0.08844139689236827,0.05898084604766015
2013-12-22 00:00:00,0.027874564459930314,0.2903780068728522,0.06977273032191321,0.048823647390921765
2013-12-22 01:00:00,0.026402640264026403,0.2816666666666667,0.06606573109056009,0.046234185677293246
2013-12-22 02:00:00,0.02476780185758514,0.27375201288244766,0.06557871419340137,0.045173258025493254
2013-12-22 03:00:00,0.023054755043227668,0.2631578947368421,0.07021014518542085,0.04663245011432426
2013-12-22 04:00:00,0.020942408376963352,0.25073313782991197,0.09548453203002846,0.058213470203495904
2013-12-22 05:00:00,0.01847575057736721,0.23328785811732602,0.0996393988892666,0.0590575747333169
2013-12-22 06:00:00,0.015414258188824664,0.20828258221680876,0.09170752001060238,0.05356088909971352
2013-12-22 07:00:00,5.450133695185877e-07,9.050487966109181e-06,0.08920051701543323,0.044600531014401375
2013-12-22 08:00:00,7.120996700272549e-08,6.270718711397577e-07,0.10001606407074311,0.05000806764035506
2013-12-22 09:00:00,4.252092941269529e-08,2.5823280061412927e-07,0.10576805388968268,0.052884048205306046
2013-12-22 10:00:00,3.829835652943511e-08,2.3258878006407141e-07,0.0952499809446291,0.04762500962149281
2013-12-22 11:00:00,4.1007586331708094e-08,2.4904211592470005e-07,0.10004416247642728,0.0500221017420068
2013-12-22 12:00:00,4.934884872652027e-08,2.996992564789243e-07,0.10528939977828855,0.05264472456356864
2013-12-22 13:00:00,1.1448778101352955e-07,1.1422665272091672e-06,0.11805101688914545,0.05902556568846323
2013-12-22 14:00:00,2.666228605306815e-07,4.756446053337623e-06,0.10808997771610629,0.05404512216948341
2013-12-22 15:00:00,0.015151515151515154,0.20195838433292534,0.10253290260750524,0.058842208879510194
2013-12-22 16:00:00,0.017467248908296946,0.21763085399449036,0.09706880242416832,0.05726802566623263
2013-12-22 17:00:00,0.019559902200488994,0.23546511627906974,0.09837245175285461,0.0589661769766718
2013-12-22 18:00:00,0.021164021164021163,0.24736048265460028,0.09382030460296216,0.05749216288349166
2013-12-22 19:00:00,0.0223463687150838,0.2542901716068643,0.11401951733737349,0.06818294302622864
2013-12-22 20:00:00,0.023255813953488372,0.26134585289514867,0.11539645618178031,0.06932613506763434
2013-12-22 21:00:00,0.023598820058997053,0.2626582278481013,0.11479110377156498,0.06919496191528102
2013-12-22 22:00:00,0.023880597014925373,0.266347687400319,0.09765560394472844,0.060768100479826906
2013-12-22 23:00:00,0.023738872403560835,0.26582278481012656,0.08844139689236827,0.05609013464796455
2013-12-23 00:00:00,0.023598820058997053,0.2665615141955836,0.06977273032191321,0.04668577519045513
2013-12-23 01:00:00,0.02346041055718475,0.2648902821316615,0.06606573109056009,0.04476307082387242
2013-12-23 02:00:00,0.023121387283236997,0.26283048211508553,0.06557871419340137,0.044350050738319186
2013-12-23 03:00:00,0.022598870056497175,0.25960061443932414,0.07021014518542085,0.04640450762095901
2013-12-23 04:00:00,0.021798365122615806,0.2552552552552553,0.09548453203002846,0.058641448576322135
2013-12-23 05:00:00,0.020618556701030927,0.24927113702623907,0.0996393988892666,0.06012897779514876
2013-12-23 06:00:00,0.018912529550827426,0.23504867872044508,0.09170752001060238,0.0553100247807149
2013-12-23 07:00:00,9.278845785815013e-07,1.5056136938647121e-05,0.08920051701543323,0.0446007224500059
2013-12-23 08:00:00,1.4477729756297202e-07,1.2717612480217047e-06,0.10001606407074311,0.05000810442402034
2013-12-23 09:00:00,1.0534241836196308e-07,1.07958105777472e-06,0.10576805388968268,0.05288407961605052
2013-12-23 10:00:00,7.270860568981609e-08,6.308064103777494e-07,0.0952499809446291,0.04762502682661739
2013-12-23 11:00:00,7.141485613257886e-08,6.350715621483315e-07,0.10004416247642728,0.0500221169456417
2013-12-23 12:00:00,9.120159619209625e-08,1.021204285790147e-06,0.10528939977828855,0.05264474548994237
2013-12-23 13:00:00,1.513837916704702e-07,3.8817397344583574e-06,0.11805101688914545,0.05902558413646856
2013-12-23 14:00:00,3.361523065762821e-07,7.031685227291287e-06,0.10808997771610629,0.05404515693420643
2013-12-23 15:00:00,0.02255639097744361,0.2727272727272727,0.10253290260750524,0.06254464679247443
2013-12-23 16:00:00,0.3198334595003785,0.3343566843427295,0.09706880242416832,0.2084511309622734
2013-12-23 17:00:00,0.24879807692307693,0.31157894736842107,0.09837245175285461,0.17358526433796578
2013-12-23 18:00:00,0.022959183673469396,0.2890695573622403,0.09382030460296216,0.05838974413821578
2013-12-23 19:00:00,0.030201342281879196,0.30440414507772023,0.11401951733737349,0.07211042980962634
2013-12-23 20:00:00,0.03361344537815126,0.32013769363166955,0.11539645618178031,0.07450495077996579
2013-12-23 21:00:00,0.039603960396039604,0.33671399594320484,0.11479110377156498,0.0771975320838023
2013-12-23 22:00:00,0.03791469194312796,0.33333333333333326,0.09765560394472844,0.0677851479439282
2013-12-23 23:00:00,0.32455177460665935,0.3367771367234671,0.08844139689236827,0.2064965857495138
2013-12-24 00:00:00,0.3251645940014631,0.33713748657357684,0.06977273032191321,0.19746866216168815
2013-12-24 01:00:00,0.3249751737835154,0.3371377802077638,0.06606573109056009,0.19552045243703775
2013-12-24 02:00:00,0.34136329478275795,0.34137190289777264,0.06557871419340137,0.20347100448807967
2013-12-24 03:00:00,0.3245245739688812,0.3369594778351917,0.07021014518542085,0.197367359577151
2013-12-24 04:00:00,0.3235957873620863,0.33650662251655633,0.09548453203002846,0.20954015969605738
2013-12-24 05:00:00,0.3224091021518674,0.33578681932801746,0.0996393988892666,0.211024250520567
2013-12-24 06:00:00,0.3219929762949956,0.3348694316436252,0.09170752001060238,0.206850248152799
2013-12-24 07:00:00,6.317633779405075e-07,1.4440801028568704e-05,0.08920051701543323,0.04460057438940559
2013-12-24 08:00:00,4.0571623749918545e-08,3.2339277084566126e-07,0.10001606407074311,0.05000805232118343
2013-12-24 09:00:00,4.1413385506910324e-08,3.1438315905251404e-07,0.10576805388968268,0.052884047651534094
2013-12-24 10:00:00,3.916122790312051e-08,2.97286237445788e-07,0.0952499809446291,0.0476250100529285
2013-12-24 11:00:00,3.4880231791697155e-08,2.5816803959106184e-07,0.10004416247642728,0.05002209867832953
2013-12-24 12:00:00,5.318643438718282e-08,4.0375635858729493e-07,0.10528939977828855,0.052644726482361466
2013-12-24 13:00:00,8.779926746144515e-08,8.109258145624836e-07,0.11805101688914545,0.05902555234420646
2013-12-24 14:00:00,2.5012985647830234e-07,4.129928303969939e-06,0.10808997771610629,0.054045113922981385
2013-12-24 15:00:00,0.014625228519195616,0.21011235955056182,0.10253290260750524,0.05857906556335043
2013-12-24 16:00:00,0.01691331923890063,0.2282208588957055,0.09706880242416832,0.056991060831534476
2013-12-24 17:00:00,0.01990049751243781,0.25,0.09837245175285461,0.05913647463264621
2013-12-24 18:00:00,0.019047619047619046,0.2521525215252152,0.09382030460296216,0.056433961825290604
2013-12-24 19:00:00,0.021621621621621623,0.2648648648648648,0.11401951733737349,0.06782056947949755
2013-12-24 20:00:00,0.019313304721030045,0.25762045231071784,0.11539645618178031,0.06735488045140517
2013-12-24 21:00:00,0.025806451612903226,0.28325508607198746,0.11479110377156498,0.07029877769223411
2013-12-24 22:00:00,0.023121387283236993,0.2782258064516129,0.09765560394472844,0.06038849561398272
2013-12-24 23:00:00,0.02097902097902098,0.26841574167507565,0.08844139689236827,0.05471020893569462
2013-12-25 00:00:00,0.020881670533642694,0.26814516129032256,0.06977273032191321,0.04532720042777795
2013-12-25 01:00:00,0.020408163265306124,0.26626626626626626,0.06606573109056009,0.04323694717793311
2013-12-25 02:00:00,0.02031602708803612,0.2626158599382081,0.06557871419340137,0.04294737064071875
2013-12-25 03:00:00,0.019313304721030045,0.2570281124497992,0.07021014518542085,0.044761724953225446
2013-12-25 04:00:00,0.017821782178217824,0.24634858812074,0.09548453203002846,0.05665315710412314
2013-12-25 05:00:00,0.015358361774744032,0.23350694444444448,0.0996393988892666,0.057498880332005314
2013-12-25 06:00:00,0.013353115727002969,0.21812349639133927,0.09170752001060238,0.052530317868802676
2013-12-25 07:00:00,9.899358175112717e-07,1.662664998365516e-05,0.08920051701543323,0.04460075347562537
2013-12-25 08:00:00,1.3391677748558997e-07,9.911935754797212e-07,0.10001606407074311,0.0500080989937603
2013-12-25 09:00:00,1.068308043633119e-07,7.704401575306825e-07,0.10576805388968268,0.05288408036024352
2013-12-25 10:00:00,1.5074184016518595e-07,1.0871169772197498e-06,0.0952499809446291,0.04762506584323463
2013-12-25 11:00:00,2.106815770232358e-07,1.5193895092951653e-06,0.10004416247642728,0.05002218657900215
2013-12-25 12:00:00,1.9811173759545645e-07,1.4287386339611849e-06,0.10528939977828855,0.052644798945013074
2013-12-25 13:00:00,2.5551475907545305e-07,2.036688914098572e-06,0.11805101688914545,0.05902563620195226
2013-12-25 14:00:00,7.204165324890875e-07,9.219024410023456e-06,0.10808997771610629,0.05404534906631939
2013-12-25 15:00:00,0.015625000000000003,0.24586288416075652,0.10253290260750524,0.05907895130375262
2013-12-25 16:00:00,0.3413622752939581,0.3413733738592298,0.09706880242416832,0.2192155388590632
2013-12-25 17:00:00,0.3413630489810927,0.34137391790405835,0.09837245175285461,0.21986775036697365
2013-12-25 18:00:00,0.34136485324222715,0.34137490952969046,0.09382030460296216,0.21759257892259465
2013-12-25 19:00:00,0.3413658484790138,0.3413754575134998,0.11401951733737349,0.22769268290819364
2013-12-25 20:00:00,0.34136622306366526,0.341375687514375,0.11539645618178031,0.22838133962272278
2013-12-25 21:00:00,0.34136616318868374,0.3413756372115296,0.11479110377156498,0.22807863348012436
2013-12-25 22:00:00,0.327940261356565,0.3387635471338013,0.09765560394472844,0.21279793265064673
2013-12-25 23:00:00,0.26864640883977897,0.3272373540856031,0.08844139689236827,0.17854390286607363
2013-12-26 00:00:00,0.028753993610223644,0.32070175438596493,0.06977273032191321,0.049263361966068425
2013-12-26 01:00:00,0.03333333333333333,0.32151029748283755,0.06606573109056009,0.049699532211946715
2013-12-26 02:00:00,0.028662420382165606,0.3190661478599222,0.06557871419340137,0.047120567287783494
2013-12-26 03:00:00,0.027272727272727275,0.31868131868131866,0.07021014518542085,0.048741436229074064
2013-12-26 04:00:00,0.29082292115467473,0.33008091385054733,0.09548453203002846,0.19315372659235158
2013-12-26 05:00:00,0.25349922239502337,0.3216845878136201,0.0996393988892666,0.17656931064214498
2013-12-26 06:00:00,0.3127843494085532,0.3346529753804281,0.09170752001060238,0.2022459347095778
2013-12-26 07:00:00,1.9915496336212524e-06,0.22092129537474384,0.08920051701543323,0.04460125428253343
2013-12-26 08:00:00,6.087959652791486e-07,0.00014372470477277407,0.10001606407074311,0.05000833643335419
2013-12-26 09:00:00,3.7235937278111635e-07,5.7947067544479935e-06,0.10576805388968268,0.05288421312452773
2013-12-26 10:00:00,4.3707122288649163e-07,7.216488731141791e-06,0.0952499809446291,0.04762520900792599
2013-12-26 11:00:00,5.222560390261049e-07,8.622961171450089e-06,0.10004416247642728,0.05002234236623315
2013-12-26 12:00:00,4.915858325454647e-07,8.11656923440554e-06,0.10528939977828855,0.052644945682060545
2013-12-26 13:00:00,5.334649569203709e-07,9.263603272370387e-06,0.11805101688914545,0.05902577517705118
2013-12-26 14:00:00,1.6668555769653896e-06,0.24976318214372228,0.10808997771610629,0.05404582228584163
2013-12-26 15:00:00,0.3413673963202562,0.341376164553446,0.10253290260750524,0.22195014946388072
2013-12-26 16:00:00,0.34136855769887725,0.3413767256503367,0.09706880242416832,0.21921868006152279
2013-12-26 17:00:00,0.34136905965695524,0.3413770408159571,0.09837245175285461,0.21987075570490494
2013-12-26 18:00:00,0.3413691284412069,0.34137715227405024,0.09382030460296216,0.21759471652208454
2013-12-26 19:00:00,0.3413685158278402,0.3413768182026971,0.11401951733737349,0.22769401658260685
2013-12-26 20:00:00,0.34136824094412455,0.3413766650753569,0.11539645618178031,0.22838234856295242
2013-12-26 21:00:00,0.32562004602403477,0.337617823479006,0.11479110377156498,0.22020557489779988
2013-12-26 22:00:00,0.3234826398091705,0.3366695677400638,0.09765560394472844,0.21056912187694948
2013-12-26 23:00:00,0.023017902813299233,0.30454845088991433,0.08844139689236827,0.055729649852833754
2013-12-27 00:00:00,0.026392961876832845,0.29511918274687854,0.06977273032191321,0.04808284609937303
2013-12-27 01:00:00,0.03347280334728033,0.31702898550724634,0.06606573109056009,0.04976926721892021
2013-12-27 02:00:00,0.030075187969924814,0.30464716006884685,0.06557871419340137,0.04782695108166309
2013-12-27 03:00:00,0.02693602693602694,0.2892156862745098,0.07021014518542085,0.04857308606072389
2013-12-27 04:00:00,0.021739130434782608,0.26,0.09548453203002846,0.058611831232405535
2013-12-27 05:00:00,0.01904761904761905,0.24069148936170212,0.0996393988892666,0.05934350896844282
2013-12-27 06:00:00,0.016666666666666666,0.22125,0.09170752001060238,0.05418709333863452
2013-12-27 07:00:00,7.818560147645691e-07,1.3057631339739684e-05,0.08920051701543323,0.044600649435724
2013-12-27 08:00:00,2.431175843058847e-07,2.4519915220152054e-06,0.10001606407074311,0.050008153594163704
2013-12-27 09:00:00,3.071268792325923e-07,3.147523371235344e-06,0.10576805388968268,0.052884180508280955
2013-12-27 10:00:00,2.0746463281249568e-07,2.1261586416208682e-06,0.0952499809446291,0.04762509420463095
2013-12-27 11:00:00,1.4645617789504686e-07,1.2600376124933324e-06,0.10004416247642728,0.050022154466302586
2013-12-27 12:00:00,1.4401736734236253e-07,1.468123776391067e-06,0.10528939977828855,0.052644771897827944
2013-12-27 13:00:00,1.7741918600432299e-07,2.5926798009131686e-06,0.11805101688914545,0.05902559715416573
2013-12-27 14:00:00,4.811223108069372e-07,1.6232241825990856e-05,0.10808997771610629,0.05404522941920855
2013-12-27 15:00:00,0.3151939655172414,0.33216234397189626,0.10253290260750524,0.20886343406237332
2013-12-27 16:00:00,0.3179190751445086,0.33355124573254885,0.09706880242416832,0.20749393878433847
2013-12-27 17:00:00,0.3181508250375017,0.3338103487233562,0.09837245175285461,0.20826163839517814
2013-12-27 18:00:00,0.3173968888254603,0.33362238864800947,0.09382030460296216,0.20560859671421122
2013-12-27 19:00:00,0.03686635944700461,0.32684824902723736,0.11401951733737349,0.07544293839218905
2013-12-27 20:00:00,0.038834951456310676,0.3347193347193347,0.11539645618178031,0.07711570381904549
2013-12-27 21:00:00,0.03636363636363636,0.3262135922330097,0.11479110377156498,0.07557737006760068
2013-12-27 22:00:00,0.03686635944700461,0.32755298651252407,0.09765560394472844,0.06726098169586653
2013-12-27 23:00:00,0.0326530612244898,0.31666666666666665,0.08844139689236827,0.06054722905842903
2013-12-28 00:00:00,0.3198071514664524,0.3348356113779091,0.06977273032191321,0.1947899408941828
2013-12-28 01:00:00,0.26640738940204184,0.3182197496522948,0.06606573109056009,0.16623656024630096
2013-12-28 02:00:00,0.26524685382381413,0.3174515235457064,0.06557871419340137,0.16541278400860776
2013-12-28 03:00:00,0.26288167938931306,0.31561643835616443,0.07021014518542085,0.16654591228736695
2013-12-28 04:00:00,0.016949152542372885,0.29452369995398064,0.09548453203002846,0.05621684228620068
2013-12-28 05:00:00,0.02313624678663239,0.2705314009661835,0.0996393988892666,0.061387822837949496
2013-12-28 06:00:00,0.01673640167364017,0.2420937840785169,0.09170752001060238,0.054221960842121275
2013-12-28 07:00:00,6.098418100836733e-07,1.1168613718680214e-05,0.08920051701543323,0.044600563428621655
2013-12-28 08:00:00,4.121859732824762e-08,3.2072726299309357e-07,0.10001606407074311,0.05000805264467022
2013-12-28 09:00:00,2.5299260098682466e-08,2.176627704603965e-07,0.10576805388968268,0.05288403959447139
2013-12-28 10:00:00,2.3167670306876566e-08,1.9346112194740921e-07,0.0952499809446291,0.0476250020561497
2013-12-28 11:00:00,2.2608831056135444e-08,1.8879452436380466e-07,0.10004416247642728,0.05002209254262917
2013-12-28 12:00:00,2.5247355282727586e-08,2.1721618837887392e-07,0.10528939977828855,0.05264471251282191
2013-12-28 13:00:00,4.625861426469256e-08,3.5116507749690894e-07,0.11805101688914545,0.05902553157387985
2013-12-28 14:00:00,2.276354242263561e-07,3.1320998764008584e-06,0.10808997771610629,0.05404510267576526
2013-12-28 15:00:00,0.34135902461187956,0.34137159009184365,0.10253290260750524,0.2219459636096924
2013-12-28 16:00:00,0.34136234355207357,0.34137338342533047,0.09706880242416832,0.21921557298812094
2013-12-28 17:00:00,0.34136403029222856,0.34137432850451277,0.09837245175285461,0.2198682410225416
2013-12-28 18:00:00,0.34136486162282037,0.3413747622157433,0.09382030460296216,0.21759258311289126
2013-12-28 19:00:00,0.34136488827538863,0.34137484398376183,0.11401951733737349,0.22769220280638106
2013-12-28 20:00:00,0.3413660955528027,0.3413735492827825,0.11539645618178031,0.22838127586729148
2013-12-28 21:00:00,0.3413652573565682,0.3413750259012915,0.11479110377156498,0.2280781805640666
2013-12-28 22:00:00,0.26326530612244897,0.3171663727219282,0.09765560394472844,0.1804604550335887
2013-12-28 23:00:00,0.029304029304029307,0.3081664098613251,0.08844139689236827,0.05887271309819879
2013-12-29 00:00:00,0.032520325203252036,0.31272727272727274,0.06977273032191321,0.05114652776258262
2013-12-29 01:00:00,0.028070175438596492,0.29478827361563514,0.06606573109056009,0.04706795326457829
2013-12-29 02:00:00,0.027874564459930314,0.2936241610738255,0.06557871419340137,0.04672663932666585
2013-12-29 03:00:00,0.01918465227817746,0.25456760048721067,0.07021014518542085,0.044697398731799155
2013-12-29 04:00:00,0.01724137931034483,0.23958333333333334,0.09548453203002846,0.05636295567018665
2013-12-29 05:00:00,0.01886792452830189,0.23822341857335133,0.0996393988892666,0.05925366170878424
2013-12-29 06:00:00,0.014598540145985401,0.20681818181818182,0.09170752001060238,0.05315303007829389
2013-12-29 07:00:00,6.845889779120788e-07,9.744245389721418e-06,0.08920051701543323,0.04460060080220557
2013-12-29 08:00:00,1.3731453200790756e-07,1.1883372826437294e-06,0.10001606407074311,0.05000810069263756
2013-12-29 09:00:00,1.234804533992332e-07,1.0311201674707879e-06,0.10576805388968268,0.05288408868506804
2013-12-29 10:00:00,1.831894296401688e-07,1.5644843963541256e-06,0.0952499809446291,0.04762508206702937
2013-12-29 11:00:00,2.5553698823799016e-07,1.8622726756722553e-06,0.10004416247642728,0.05002220900670776
2013-12-29 12:00:00,2.849161947504761e-07,2.0763787262887284e-06,0.10528939977828855,0.05264484234724165
2013-12-29 13:00:00,5.185872921566957e-07,4.6585144850274696e-06,0.11805101688914545,0.0590257677382188
2013-12-29 14:00:00,1.4702839081469534e-06,2.4694203447310804e-05,0.10808997771610629,0.05404572400000722
2013-12-29 15:00:00,0.014586709886547814,0.23032786885245904,0.10253290260750524,0.05855980624702652
2013-12-29 16:00:00,0.01657458563535912,0.2485156912637829,0.09706880242416832,0.05682169402976372
2013-12-29 17:00:00,0.018218623481781382,0.2588652482269504,0.09837245175285461,0.058295537617318
2013-12-29 18:00:00,0.0206896551724138,0.26578411405295316,0.09382030460296216,0.057254979887687976
2013-12-29 19:00:00,0.023622047244094488,0.27476415094339623,0.11401951733737349,0.06882078229073399
2013-12-29 20:00:00,0.022922636103151865,0.2793733681462141,0.11539645618178031,0.06915954614246608
2013-12-29 21:00:00,0.020979020979020983,0.26645768025078376,0.11479110377156498,0.06788506237529299
2013-12-29 22:00:00,0.028469750889679717,0.2959183673469387,0.09765560394472844,0.06306267741720407
2013-12-29 23:00:00,0.027777777777777783,0.29173693086003377,0.08844139689236827,0.05810958733507303
2013-12-30 00:00:00,0.033613445378151266,0.30971659919028344,0.06977273032191321,0.05169308785003224
2013-12-30 01:00:00,0.030075187969924814,0.2990990990990991,0.06606573109056009,0.04807045953024245
2013-12-30 02:00:00,0.030188679245283016,0.3021582733812949,0.06557871419340137,0.04788369671934219
2013-12-30 03:00:00,0.03088803088803089,0.30363636363636365,0.07021014518542085,0.050549088036725864
2013-12-30 04:00:00,0.03292181069958847,0.31119544592030357,0.09548453203002846,0.06420317136480846
2013-12-30 05:00:00,0.03125000000000001,0.3072824156305506,0.0996393988892666,0.0654446994446333
2013-12-30 06:00:00,0.03292181069958847,0.31636363636363635,0.09170752001060238,0.06231466535509543
2013-12-30 07:00:00,9.546093971033095e-07,1.585198054644947e-05,0.08920051701543323,0.044600735812415165
2013-12-30 08:00:00,2.0932677786988935e-07,8.831246875502914e-05,0.10001606407074311,0.05000813669876049
2013-12-30 09:00:00,1.9288489623821302e-07,9.472787182369061e-05,0.10576805388968268,0.052884123387289456
2013-12-30 10:00:00,1.8564454848698356e-07,9.112601668283953e-05,0.0952499809446291,0.04762508329458879
2013-12-30 11:00:00,1.990707113765328e-07,9.818446038288918e-05,0.10004416247642728,0.050022180773569326
2013-12-30 12:00:00,2.512553555079027e-07,0.00012344759930116837,0.10528939977828855,0.05264482551682203
2013-12-30 13:00:00,3.806910778193474e-07,0.00015630893179727762,0.11805101688914545,0.05902569879011163
2013-12-30 14:00:00,9.367045816927127e-07,2.2358741343493316e-05,0.10808997771610629,0.05404545721034399
2013-12-30 15:00:00,0.3264663429996064,0.33834316122537034,0.10253290260750524,0.21449962280355583
2013-12-30 16:00:00,0.3260811532301121,0.3382577687213449,0.09706880242416832,0.21157497782714021
2013-12-30 17:00:00,0.32730947568660085,0.33828207847295866,0.09837245175285461,0.21284096371972772
2013-12-30 18:00:00,0.3258734303120726,0.3377510588878262,0.09382030460296216,0.20984686745751738
2013-12-30 19:00:00,0.2401639344262295,0.31571359923113884,0.11401951733737349,0.1770917258818015
2013-12-30 20:00:00,0.029702970297029705,0.30778032036613273,0.11539645618178031,0.07254971323940501
2013-12-30 21:00:00,0.028753993610223644,0.3017241379310345,0.11479110377156498,0.07177254869089432
2013-12-30 22:00:00,0.029520295202952036,0.3072100313479624,0.09765560394472844,0.06358794957384024
2013-12-30 23:00:00,0.03319502074688797,0.31675874769797424,0.08844139689236827,0.060818208819628114
2013-12-31 00:00:00,0.0311284046692607,0.30892857142857144,0.06977273032191321,0.050450567495586955
2013-12-31 01:00:00,0.03065134099616858,0.3021582733812949,0.06606573109056009,0.048358536043364334
2013-12-31 02:00:00,0.02777777777777778,0.29173693086003377,0.06557871419340137,0.046678245985589575
2013-12-31 03:00:00,0.026143790849673203,0.2826797385620915,0.07021014518542085,0.04817696801754703
2013-12-31 04:00:00,0.024464831804281346,0.2751572327044025,0.09548453203002846,0.0599746819171549
2013-12-31 05:00:00,0.0226628895184136,0.26212121212121214,0.0996393988892666,0.061151144203840095
2013-12-31 06:00:00,0.020460358056265986,0.25,0.09170752001060238,0.056083939033434185
2013-12-31 07:00:00,1.0303300842732733e-06,1.7109467841777507e-05,0.08920051701543323,0.044600773672758755
2013-12-31 08:00:00,4.301677734973098e-07,5.265674074857802e-06,0.10001606407074311,0.0500082471192583
2013-12-31 09:00:00,4.375748526482311e-07,5.457181294680672e-06,0.10576805388968268,0.05288424573226766
2013-12-31 10:00:00,3.5513644494416085e-07,3.7358206350093994e-06,0.0952499809446291,0.04762516804053702
2013-12-31 11:00:00,3.2877045345570854e-07,3.24454210080393e-06,0.10004416247642728,0.05002224562344037
2013-12-31 12:00:00,3.340348064268296e-07,4.020994809330402e-06,0.10528939977828855,0.05264486690654749
2013-12-31 13:00:00,4.6046555024107966e-07,6.029792154375262e-06,0.11805101688914545,0.059025738677347846
2013-12-31 14:00:00,8.27780307106494e-07,1.4609992150663896e-05,0.10808997771610629,0.0540454027482067
2013-12-31 15:00:00,0.017408123791102518,0.2409046214355949,0.10253290260750524,0.059970513199303875
2013-12-31 16:00:00,0.019607843137254905,0.25717852684144815,0.09706880242416832,0.05833832278071161
2013-12-31 17:00:00,0.021126760563380288,0.263041065482797,0.09837245175285461,0.059749606158117446
2013-12-31 18:00:00,0.023316062176165803,0.27175208581644816,0.09382030460296216,0.05856818338956398
2013-12-31 19:00:00,0.026143790849673203,0.28939393939393937,0.11401951733737349,0.07008165409352335
2013-12-31 20:00:00,0.032128514056224904,0.3103448275862069,0.11539645618178031,0.0737624851190026
2013-12-31 21:00:00,0.030769230769230774,0.3075601374570447,0.11479110377156498,0.07278016727039788
2013-12-31 22:00:00,0.03375527426160338,0.31675874769797424,0.09765560394472844,0.06570543910316591
2013-12-31 23:00:00,0.032520325203252036,0.31448763250883394,0.08844139689236827,0.060480861047810155
